epoch_ms,acc_x,acc_y,acc_z,gyro_x,gyro_y,gyro_z,participant,label,category
1788982904880,0.5562029001098125,-5.597644065967202,-8.70262375946045,-8.554131477844908,7.1069373361242665,-9.620224969540931,user,squat,medium
1788982904896,0.3365349708557129,-5.587468124389648,-8.116942178344726,-7.1123938034974605,-6.575598137568757,-7.886894566694593,user,squat,medium
1788982904913,0.4860229370117187,-5.367651068988442,-7.344512283214926,-0.9521269829176024,-46.02082425011626,-3.5761833159206566,user,squat,medium
1788982904930,0.6606498744688928,-5.578041539874673,-7.304409405407309,-1.146973496917849,-66.52770908208167,-4.724877273457408,user,squat,medium
1788982904947,0.3280056274414062,-6.183924197497964,-8.39571644962728,-2.2510657855658875,-64.95877364859473,-9.096351167748248,user,squat,medium
1788982904963,-1.409586227416992,-6.0821706269413225,-8.871714251708983,-6.041180231244864,-52.244663376561135,-22.281033299065395,user,squat,medium
1788982904980,-1.2379520420350134,-6.024260874286294,-8.818293042644857,-11.450893252022771,-33.356495811848305,-27.22768852242041,user,squat,medium
1788982904997,-0.9009681583680212,-5.804892147174478,-9.052475892528893,-11.23482192517671,-30.06673178301708,-23.8658540450145,user,squat,medium
1788982905014,-0.951395957769826,-5.984457271686196,-9.260173471069336,1.3212341409247936,-28.19836085631677,-28.1331445025742,user,squat,medium
1788982905030,-0.9644144292969256,-6.221034323230385,-9.239822756958008,9.075140015280772,-33.6801579860477,-38.71744981968879,user,squat,medium
1788982905047,-0.450558751855418,-6.299893340411782,-8.924535741314292,10.311521222042618,-38.114928097150695,-43.49882129531866,user,squat,medium
1788982905063,-0.0085293799469247,-5.665130625262856,-8.406490941619873,4.336257012043431,-41.40371540893061,-36.62500429198246,user,squat,medium
1788982905080,0.2103903612883761,-5.4697039147526025,-8.278999118694662,-1.555390528032579,-50.11394829893522,-24.070315757818832,user,squat,medium
1788982905097,0.3990834161620586,-5.478831808581948,-8.846425496673584,-5.375251728207431,-57.98153733594077,-9.66400733589436,user,squat,medium
1788982905113,-1.0122984990326689,-5.724685807037353,-10.594790674480794,-0.1227538006096955,-44.86361944998686,-4.603573540684804,user,squat,medium
1788982905130,-1.9933227206132371,-5.854271971893311,-10.74457791584432,3.723606545853035,-13.28009219005941,-13.31088439038512,user,squat,medium
1788982905147,-2.7880476871214803,-6.145467333331704,-9.607481764873862,6.2467236752589965,8.718320687755552,-25.025575769853063,user,squat,medium
1788982905163,-2.2263082870041018,-6.177639418140053,-9.11143310841024,12.155948920607448,9.33907816160393,-33.156999646570576,user,squat,medium
1788982905180,-0.7408558492798358,-6.007651100268959,-8.614337573242187,23.425399051102477,-14.169705546433352,-36.28157555032504,user,squat,medium
1788982905197,-0.4963480412689968,-5.955277938953041,-9.7222538069576,31.62902485753619,-14.806960488448247,-38.231082294175934,user,squat,medium
1788982905213,-0.743100340270996,-6.022914135852456,-10.524611222839354,38.37181151183488,6.260928334298508,-40.917972845726815,user,squat,medium
1788982905230,-1.6347907845428211,-6.405387266540527,-12.14892682712972,46.54097047616941,55.06259793752788,-47.67689240684506,user,squat,medium
1788982905247,-3.378966949694976,-7.721749851337075,-13.097629819488525,62.4045014650634,64.98472836744078,-63.64913951675814,user,squat,medium
1788982905263,-4.239981575598195,-8.658780526080728,-14.055908449444171,97.50047911887928,55.033265690137256,-91.74943251697188,user,squat,medium
1788982905280,-6.39087241897583,-9.78659914561808,-15.994613243755698,161.87948582015582,23.313349797768414,-166.46209196074915,user,squat,medium
1788982905297,-8.325387506512552,-8.246229652515053,-15.139284700664875,198.2879594550705,28.216706744427427,-242.4133310784274,user,squat,medium
1788982905313,-7.83532376967743,-7.155969486999512,-13.512274450463057,234.85154668603624,117.86604733691712,-309.2990786768011,user,squat,medium
1788982905330,-2.178873440606892,-5.211128966411948,-10.373027161186933,335.76767363524465,192.09281395332889,-314.0641464908822,user,squat,medium
1788982905346,5.625177092798054,0.0261859961360692,-6.075286128124595,374.46982041609806,41.59583155481015,-246.22233633324677,user,squat,medium
1788982905363,5.739799497278034,-0.0830500391304493,-3.6712083861202,319.5077799386257,-297.5917519488058,-212.3255964637125,user,squat,medium
1788982905380,4.90661731954366,-2.600253225055337,-5.362412291552126,283.0111832030395,-511.8555785140495,-254.1787963766379,user,squat,medium
1788982905397,3.2058363152101634,-2.309507360950112,-1.1996437925592065,235.51639729984527,-555.0129757282322,-306.10724931538414,user,squat,medium
1788982905414,6.456563034765422,-3.131016636547446,-3.3342239179313182,227.54838057637843,-549.0527340924256,-261.3432003631177,user,squat,medium
1788982905430,14.542980310986936,-2.965219340625405,-12.505213961681722,104.84585579760775,-3.425595147081624,-142.1676554981474,user,squat,medium
1788982905447,7.749731790979206,-0.993594858008623,-4.388421420940756,48.06062267970014,176.8781714261536,-61.310250518514,user,squat,medium
1788982905463,3.147178959058225,-3.5404262894779444,-4.276043288256227,-37.348922381733765,290.6507771104554,-46.435314279898485,user,squat,medium
1788982905480,1.1219833375126125,-5.9055982545048,-2.994248158971965,-57.543489983711176,172.84046411716557,-24.4631814086888,user,squat,medium
1788982905497,7.778312865558266,-3.5101994935184715,-8.282740058788656,-20.68020941989095,28.991222875550196,60.49840740357711,user,squat,medium
1788982905513,9.092878630065917,-2.7201123611450195,-2.3168381422296167,42.28699888749125,-28.78185025673262,111.79429603272096,user,squat,medium
1788982905530,6.768408677783608,-5.208136798858642,-9.96870723261088,215.5097760132591,-55.17006413392886,84.46520652188252,user,squat,medium
1788982905547,0.7984665459230542,-4.54584134913981,-9.589974165233969,339.374559932145,1.6715991531277643,-15.01040450306625,user,squat,medium
1788982905563,0.9270052475526928,-4.332157681927085,-8.623015385216474,417.4934552055752,-15.421158419372476,-106.2410721997446,user,squat,medium
1788982905580,3.246687673297524,-3.39647433013916,-2.834883526445925,443.3969749536052,-140.11454161477658,-170.5676093878171,user,squat,medium
1788982905597,7.702446600452065,-3.023128508758545,-1.782183349322155,449.2821118292983,-182.6832994659092,-171.7608980773317,user,squat,medium
1788982905613,5.822250693732499,-3.5458138277351856,-0.8072938311043195,439.416914441212,-195.6021924696381,-177.38213010387383,user,squat,medium
1788982905630,6.166266375732421,-2.7994197066158053,-2.184258859972283,423.74447165472753,-139.50123160844447,-184.3562313596988,user,squat,medium
1788982905647,6.927922363391518,-2.485929511260986,-0.2787738328911364,403.67641964674624,-109.57307753349778,-177.841050514207,user,squat,medium
1788982905663,8.63139684459269,-2.314444232830405,0.9207206143252552,364.7794485500074,-119.89517359592288,-152.98454412442655,user,squat,medium
1788982905680,10.716596852985024,-2.63018074580729,3.688119335041195,282.7791480165558,-134.73907345494985,-91.85054663744474,user,squat,medium
1788982905697,9.443629173278808,-3.009061989483237,4.922628250885009,216.6592422090589,-113.6370742406012,-54.66694556947655,user,squat,medium
1788982905713,8.169314755138755,-4.167407264709472,4.642506656646728,147.56314977262065,-78.3092526455984,-48.95653517803613,user,squat,medium
1788982905730,8.05678844615519,-4.169502775683998,4.50678593455851,67.68466799540097,-24.996538928144044,-34.167222190855895,user,squat,medium
1788982905747,9.221269447657466,-4.571579016986489,3.490596967425942,34.033152407637715,-15.773987208875118,-16.22599376022093,user,squat,medium
1788982905763,9.182812583491206,-5.773767525592446,2.9712054292976853,27.70399176419125,-35.242232494513374,-11.889642406189587,user,squat,medium
1788982905780,8.35696147929728,-5.175815076446533,2.6535245042547584,36.68786935310325,-67.87035351817694,-11.760037859141304,user,squat,medium
1788982905797,7.165996960017084,-5.804742801831663,1.6891100018925964,69.59113088710244,-93.28827413697574,-28.518582322721773,user,squat,medium
1788982905813,6.832604378840327,-6.018126024793088,1.4619608500376342,97.66064705491608,-100.71794218025134,-43.94743495019427,user,squat,medium
1788982905830,6.710498340606689,-5.676950826916098,1.3037934644721447,90.5769144327233,-64.90644756936327,-38.95132574215378,user,squat,medium
1788982905847,7.473052153888345,-4.9720086601257325,1.7636298208259045,68.14080851874193,-27.91818820411014,-29.77966576239061,user,squat,medium
1788982905863,7.178415712085366,-5.068375569207966,1.896807288172096,38.718173819740805,6.876625918632375,-23.333256384104416,user,squat,medium
1788982905880,7.597849915423989,-4.073733832494915,1.6720510228030383,7.672834730559101,25.754488435434943,-7.929813767891662,user,squat,medium
1788982905897,6.763470052337646,-3.6266169647216793,1.9818010087162252,-21.429327492585024,14.880854597531323,5.675292546935982,user,squat,medium
1788982905914,6.038476446643472,-3.413981929779053,2.043152426257729,-35.99704352988065,-4.130588063303299,0.0502726702358999,user,squat,medium
1788982905930,4.926966572350263,-2.506578623796999,1.2999021561220288,-41.48319490520746,-13.436553040924183,-9.56278222484748,user,squat,medium
1788982905947,4.7078977049678565,-2.005442581066489,0.1050461823612451,-38.6277728509811,-3.344286227324265,-22.091280398638688,user,squat,medium
1788982905963,4.765658989062905,-2.0316297462463377,0.0076322484441101,-33.76299452030162,-0.7411520444094288,-27.070177529970746,user,squat,medium
1788982905980,3.0787954509228466,-3.177854667828977,1.2994539739631117,-35.791065515080575,-10.686829871651064,-42.39234089506035,user,squat,medium
1788982905997,0.855927678027749,-4.198382540948689,3.6667207193121314,-74.2605350716683,-29.756139175794505,-80.13987311675606,user,squat,medium
1788982906013,0.919375191065669,-3.529053831592202,3.98185765896067,-126.4863881072552,-21.110588177229918,-88.77338249181392,user,squat,medium
1788982906030,2.5272312434643505,-0.2859577530458569,2.78161443920359,-177.2360460179056,-8.138879028196582,-80.37732464325155,user,squat,medium
1788982906047,3.904493994903565,1.8044798637390136,0.3010715894170105,-203.74190648846076,-23.46502780866689,-60.78040542383943,user,squat,medium
1788982906063,3.783289289423823,4.5072342628479,-0.1125263820488005,-182.16419142860988,-43.22506731338455,-76.90708311088649,user,squat,medium
1788982906080,5.032012754711508,6.706010089276731,-3.23067528065145,-123.48211574044676,-39.777054631673295,-69.04109575324131,user,squat,medium
1788982906097,9.472210540118812,5.47149898147583,-4.878933486065268,-31.168868182963266,-26.28699730388582,-8.828515544729953,user,squat,medium
1788982906113,10.148273233905432,5.774216438403725,-4.735879498479515,16.023821868335844,-1.5373274524422456,50.20139179578431,user,squat,medium
1788982906130,8.359654371643066,2.436848669488728,-3.178900815881044,39.77705121657871,22.3303899535552,82.65413405212945,user,squat,medium
1788982906147,5.095310045623779,-1.1712129401057958,-0.0034412995602935,24.2004940407574,29.45859564498124,81.26646500902547,user,squat,medium
1788982906163,4.832396775817871,-2.662950796508789,1.114351381329447,-4.082296064550371,36.10443800929534,71.2903726695749,user,squat,medium
1788982906180,5.551706490656733,-5.003283211572468,0.8737346259403973,-17.128591306207067,37.23319165643707,59.54104710837311,user,squat,medium
1788982906197,6.472573966106772,-6.299143983349204,-0.0068826721858233,-5.174605529828197,22.849540679536823,43.744185595967615,user,squat,medium
1788982906213,6.879141673609614,-6.672490973773599,0.072275401007384,6.58393737165852,17.777346579236973,33.11953264387847,user,squat,medium
1788982906230,6.916699543109536,-7.523479441833496,0.8563762255128472,13.65724242942282,15.97531898749229,16.77519390345602,user,squat,medium
1788982906247,7.62912417460978,-7.443273686218261,1.6976391261111945,14.178283410257242,14.528949591113928,-2.3500454719231274,user,squat,medium
1788982906263,8.225280387988686,-7.1854480949401855,1.783830239746347,13.665344741325749,13.583897296794284,-7.816430066348511,user,squat,medium
1788982906280,10.16234033770263,-6.676531481336057,1.861193976868689,15.426520117870936,12.269301886299331,-2.1539874531188503,user,squat,medium
1788982906297,10.76971937136352,-6.698228933881222,2.0210062070317565,17.630256747913457,9.811346469122585,1.3187654544266572,user,squat,medium
1788982906313,10.92459195316732,-7.217170390154421,2.41305658275187,16.38318714887419,13.511726102929345,-1.1325593431698886,user,squat,medium
1788982906330,10.946887956127524,-7.517344007818401,3.0214832257695496,8.862394990560508,17.747087133666525,-2.3267865433651185,user,squat,medium
1788982906347,11.077671806335449,-7.7359645469114175,3.155109898187965,3.919310248594118,16.278673301741946,-0.7652934547525446,user,squat,medium
1788982906363,10.783635668513178,-8.030302590289711,3.552846941242367,-4.937687184974788,14.540263799474054,-6.254536984782669,user,squat,medium
1788982906380,10.6541979722172,-8.044966198675334,3.851672359167784,-12.731544329890053,15.27792935247731,-15.008519370855328,user,squat,medium
1788982906397,11.181669940948488,-7.908646049389243,3.333178354401141,-12.8707802974417,14.117819160629704,-19.046600632700443,user,squat,medium
1788982906413,12.14997545939982,-7.290942313329875,2.6536744341194627,-5.827724439964095,4.413129510491455,-20.29723900558104,user,squat,medium
1788982906430,12.613102673992517,-7.369950968115031,2.5589536848090586,5.533635277323564,-10.126007307769548,-23.943468899647943,user,squat,medium
1788982906447,12.87766312648356,-7.4134958030700675,2.381184211542457,17.460560697984487,-18.93063426587738,-25.747255265103902,user,squat,medium
1788982906463,14.458286304041742,-7.525425607465207,2.268956154853105,22.422244045060825,-18.538654832052227,-15.813148098481388,user,squat,medium
1788982906480,15.918597925567626,-7.742847292162478,2.759766910663247,22.078427690168013,-18.91017101912402,-1.6463310817367138,user,squat,medium
1788982906497,16.191388446265456,-7.965957836151123,3.038242198999226,18.351878186556352,-15.27655306935955,9.365259130466235,user,squat,medium
1788982906513,16.37708871253133,-8.71504368057251,3.4702459610536693,10.036961277786444,-0.1945669831723782,15.680388004036557,user,squat,medium
1788982906530,17.21236523219645,-9.568576280157268,3.218556388312578,16.824002435264934,5.060700172587187,13.87693802539722,user,squat,medium
1788982906547,17.757945104548334,-10.053701683807372,2.97928512924835,36.064314063016106,-3.0826103677202634,7.632416232371905,user,squat,medium
1788982906563,17.962049627032876,-10.753856031799316,3.500323411670327,51.71403281013201,-5.161232873206958,-5.100981213217337,user,squat,medium
1788982906580,18.53979983062744,-10.478372326494751,4.505290143042803,48.9264755154989,1.2610645499269184,-8.958659676722668,user,squat,medium
1788982906597,18.592623073798418,-10.20004696802348,4.647146445276588,45.49621791053509,8.524592617231896,-11.321830851239856,user,squat,medium
1788982906613,18.071135440173745,-9.456498299463092,4.031985525567829,51.749256095681766,18.582590023888333,-11.49539961842822,user,squat,medium
1788982906630,16.756269231414795,-8.681075359997152,3.740043145154417,59.0057651831192,23.846994185168803,-11.964386020050684,user,squat,medium
1788982906647,16.051028958460687,-8.283489415851236,3.900754077722877,58.9622637082954,24.851617681882008,-12.232315558170066,user,squat,medium
1788982906663,14.165443759918212,-7.442076293127238,4.077326011767983,54.68420887260376,21.271179584995256,-17.262413495067833,user,squat,medium
1788982906680,12.782941354259847,-6.736534699138999,3.575741202356666,51.24426264430229,18.63655364097331,-20.47862663182178,user,squat,medium
1788982906697,12.485762242236731,-6.361692793981731,3.393333255634457,46.36426665215202,17.63663102195637,-18.442490891180324,user,squat,medium
1788982906713,11.667094327545165,-5.613205207714438,2.7955300057008863,43.56787450782749,16.432381586371203,-13.769778333735244,user,squat,medium
1788982906730,10.07375429175496,-4.917091659545898,2.6846494180977345,33.9335067778364,18.38928371754593,-8.955008940611297,user,squat,medium
1788982906747,9.222167273280023,-4.462642549188435,2.801067473822832,19.994695776295327,18.39871279369513,-8.19286313584907,user,squat,medium
1788982906763,7.866299776569009,-3.697694534246623,2.765303502002358,2.8267809366023817,17.12690937212395,-5.385319000157206,user,squat,medium
1788982906780,7.545029010340571,-3.021183219909668,1.8041817575752732,0.4307499887925267,16.939096245421524,-0.4981953320820523,user,squat,medium
1788982906797,7.545178647944331,-2.945017971856892,1.132907467108965,8.493201921580162,18.33179230775464,7.035608389961354,user,squat,medium
1788982906813,7.081601351496577,-2.8393741158634422,0.949601402503252,27.92722625192936,-9.59834616608209,10.424616348093336,user,squat,medium
1788982906830,4.897190442767739,-3.4608182074949143,2.940678773608804,46.90437752114912,-72.86157572586629,-8.412279547841145,user,squat,medium
1788982906847,3.302203224292397,-3.98036055227071,3.1082731820806857,48.558447847545686,-64.53151116506459,-36.617419366909154,user,squat,medium
1788982906863,4.304624362835288,-3.1702216887325045,2.712780410821736,49.96611909963405,-70.78097033108617,-50.60742263627947,user,squat,medium
1788982906880,6.653486998096108,-3.3753751357480883,2.939032321576029,52.23470154565667,-107.65361679180576,-37.71264703050987,user,squat,medium
1788982906897,5.743840004840493,-2.8948893745973705,2.670732974817604,47.20540444843908,-124.95571539349868,-37.08199858896967,user,squat,medium
1788982906914,4.884770521655678,-2.221819140625,2.2866133920967577,32.51702458171872,-124.40528410866568,-44.62749981037951,user,squat,medium
1788982906930,5.387554039332271,-1.791162409265339,-0.1227018121697008,12.000048145254611,-74.3343967373528,-44.930582624609656,user,squat,medium
1788982906947,5.98819821178019,-1.2152069801330565,-1.130062452941388,-12.301983487704195,13.095790634364016,-30.19120173535681,user,squat,medium
1788982906963,6.785168089404702,-1.3736726179927587,-1.7178386682488025,-29.721199343095304,83.92827852103865,-13.571855673287551,user,squat,medium
1788982906980,6.46644116244018,-1.2722189071655272,-0.7015005019038916,-49.8954778681432,135.1240092561934,9.019882931121725,user,squat,medium
1788982906996,5.478683340021967,-1.4390651276186108,0.3684089495003223,-42.09683617571434,90.22886165299778,-1.4236500527647846,user,squat,medium
1788982907013,3.417424179187417,-1.6853680388852952,1.2717704327456651,-7.163639005292773,16.775357827996103,-34.07782525990418,user,squat,medium
1788982907030,3.7011364913940423,-1.4525320735655725,0.6769613961920142,36.284133456169215,-35.179910433431594,-75.11492343494518,user,squat,medium
1788982907047,4.834193011584878,-1.34060329208374,0.7263416593022645,52.450866787603815,-45.074197597192935,-85.71347823421571,user,squat,medium
1788982907063,6.642413815417886,-1.082627917071432,1.9238912560611965,42.889329364732575,-32.45483570932576,-77.04878221540758,user,squat,medium
1788982907080,7.0652890991210935,-1.1991956104002892,2.8935429284244774,5.483535412874697,0.1561173937351434,-52.32331300485383,user,squat,medium
1788982907097,7.213580548968911,-0.8819637442991137,3.089568481610715,-26.71273665523105,17.65816490086213,-31.78057650993502,user,squat,medium
1788982907113,7.055563239398598,-0.716913759613037,2.9336458062320947,-55.29995384137499,23.04795255228381,-25.560294204500437,user,squat,medium
1788982907130,6.322489787623286,0.1622073086060583,2.342578294294327,-67.30609793046384,-2.2917425502810755,-31.861589383680545,user,squat,medium
1788982907147,6.542903639873862,0.2913448529116809,1.6364377114996314,-53.28893441385897,-9.11036073950959,-36.98999252575501,user,squat,medium
1788982907163,6.217592658343911,-0.4188355067931115,-0.7324753397516905,-32.30018998123291,5.10433440921299,-58.59622021029607,user,squat,medium
1788982907180,6.328923620063066,-0.0463875841002911,0.0149643448978662,-0.7056369817160666,0.8304458821933558,-71.6889688491585,user,squat,medium
1788982907197,7.1860466453552245,0.0418989674441516,0.6434416961669921,23.667083587336084,-21.3478365055976,-61.57144378256446,user,squat,medium
1788982907213,8.33152191761434,0.0794580059878528,1.0868179161071776,43.09250358687836,-53.66059232735604,-35.31317425432771,user,squat,medium
1788982907230,8.954612899670005,0.0799069918643683,0.9555866143926978,55.97114970092297,-81.28739953883156,6.421944067566034,user,squat,medium
1788982907247,8.808418129840494,-0.0405514983579516,0.9518456742987036,54.13748638049009,-70.48273012097756,24.95723801965979,user,squat,medium
1788982907263,7.80105895037353,-0.5153517612181604,0.967557622693479,41.76317118947546,-45.23337515580008,25.12249273908096,user,squat,medium
1788982907280,8.013692816272377,-0.4144957970883697,1.7603376474127173,1.651235584447606,4.55064555103273,22.937873808525303,user,squat,medium
1788982907297,8.479665483424068,-0.1307831926207989,1.8237835530154407,-15.32314861987738,14.11357932070242,29.98286047510391,user,squat,medium
1788982907313,9.166799606323242,-0.4626793246947228,1.720832589367777,-9.152583261411316,-3.655991088164494,33.65548392767103,user,squat,medium
1788982907330,9.051877342113851,-0.5071216930113732,1.1222824665896594,5.817914580768664,-17.829527516948577,36.86857566797428,user,squat,medium
1788982907347,9.005938597759604,-0.5517136989317835,0.9380791608832776,12.544018924906414,-18.62652521572444,33.84945446991022,user,squat,medium
1788982907363,9.133132899042964,-1.049558152770996,0.8643076030340046,11.629060444069848,-17.59711325496597,25.904552814142004,user,squat,medium
1788982907380,9.274988178363442,-1.1782461997434497,0.9524437863223254,8.511125191735923,-20.035314911289397,19.36962418421244,user,squat,medium
1788982907397,9.922320452228188,-1.2791019446775316,0.9799777630012482,5.943413757238948,-27.331994048782967,13.64702702774542,user,squat,medium
1788982907414,10.61798508758545,-1.423053319494426,0.6989574663575738,0.8241451927665777,-25.953388666707596,15.552238287281485,user,squat,medium
1788982907430,10.684275130572914,-1.4300862868711353,0.7882915541935711,-9.624081465101051,-21.091298015466503,18.05583900490778,user,squat,medium
1788982907447,10.714801201739906,-1.4631561973020433,0.6756148769538849,-23.390045991958488,-9.2740453691953,20.28989825977057,user,squat,medium
1788982907463,11.087547303661704,-1.398363114874065,0.12988595152013,-31.381427085028644,3.6866436964990417,23.25078697251839,user,squat,medium
1788982907480,11.455208065143228,-1.4267946979798376,0.0594069324102252,-35.762378720566524,9.260097269136487,27.589639029559603,user,squat,medium
1788982907497,11.81718259768188,-1.63269574849233,0.0652430912178009,-35.46153962347873,7.118418030345412,30.844577631360227,user,squat,medium
1788982907513,11.476008861109614,-1.9354127670288084,-0.0439927979182451,-31.665344388447732,5.761352930478142,24.934724008608136,user,squat,medium
1788982907530,11.187207116809487,-2.147299467822164,-0.3537430760923772,-23.95640698548324,10.034271890800753,15.205170762343748,user,squat,medium
1788982907547,11.110891354370116,-2.1417628764830527,-0.6301236571714282,-7.693577161294784,15.835112279304854,5.740213494996953,user,squat,medium
1788982907563,11.08320898219645,-1.874809391375631,-0.3191767165586352,2.698604325977453,14.988781831701282,0.6603190500990022,user,squat,medium
1788982907580,10.816105859485267,-1.7395368514463303,0.0167597038820385,6.442207958172993,13.556433106141665,-4.526479914862401,user,squat,medium
1788982907597,10.604219597083327,-1.1734579425536096,0.5177462551392614,1.949652525700987,14.104968159706326,-7.762630373803613,user,squat,medium
1788982907613,10.540922306171058,-0.6654382777892053,0.4950022161506116,-4.215339184958933,19.07695570091927,-5.768785030068763,user,squat,medium
1788982907630,10.536132733806967,-0.3896558817990124,0.3722987234804779,-8.331778938283374,25.291082298364383,-0.2418380820878017,user,squat,medium
1788982907647,10.4752325671643,-0.1939303344726562,0.1773216564338654,-9.3767808058224,26.046537079060936,10.15835422990508,user,squat,medium
1788982907663,9.870994754138588,-0.1931821464538574,0.2259535123296082,-10.2457114956159,24.279990612507177,18.40062012402085,user,squat,medium
1788982907680,9.427018230217694,-0.20605054198578,0.1626569520696997,-12.14160552335042,26.923033057133868,25.57117640339556,user,squat,medium
1788982907697,8.560019707599281,-0.5032309691831469,-0.0386059172481298,-12.425074595605228,36.710098203757056,33.80204271178658,user,squat,medium
1788982907713,7.715763762664794,-0.7579143169127405,0.2452566170841455,-13.531218609046917,41.14256654110976,35.91575744856833,user,squat,medium
1788982907730,7.327005852618813,-0.8569741183407604,0.5264253822878003,-17.917066636446044,43.06899066066059,36.62437591457881,user,squat,medium
1788982907747,7.161657469508051,-0.6943186275757849,0.5120611952401697,-21.540552000576803,46.496628888077694,41.93416156025214,user,squat,medium
1788982907763,7.248296473041177,-0.4390367294311523,0.1378171098455786,-18.791064472830048,52.43523931478283,49.08605605526708,user,squat,medium
1788982907780,6.979547336688637,-0.1879448303222656,-0.1241983343377709,-10.343092917707356,63.35611757117543,58.26568686579164,user,squat,medium
1788982907797,5.934626196068525,-0.1345239135190844,-0.2822168129518628,-0.7237014446885751,73.90306346107734,61.44016754671681,user,squat,medium
1788982907813,5.215170350757241,-0.6148609138488769,0.4279645696662366,2.274309559641676,67.26984328634941,59.24706893630658,user,squat,medium
1788982907830,4.7910956281363966,-0.8120823988214134,0.7252937576845288,6.1386436156063615,55.57567833288465,57.8648230634036,user,squat,medium
1788982907847,3.703083533808589,-1.5652093353271483,1.041928096283972,4.223517482716377,46.15359629739214,46.3287838194138,user,squat,medium
1788982907863,3.418471642413736,-2.3133970618650315,1.9997578134283425,-7.0085604139612805,45.8689174278806,37.650485478873584,user,squat,medium
1788982907879,3.861099674335122,-2.4953566802978515,2.1815672097355128,-21.73870603368263,54.55445576894103,38.08127575511004,user,squat,medium
1788982907897,4.678568734630942,-2.8037591971248386,2.0151699020937084,-31.77648522662218,62.92968154053485,43.56768667762532,user,squat,medium
1788982907913,4.41131655883789,-2.9456156454890965,1.8234841316774488,-27.03191993288221,56.07047089673871,40.2719291577974,user,squat,medium
1788982907930,3.914818989562988,-2.957287086321413,1.803882190106809,-14.363814400003236,42.03621483173588,29.73042351356941,user,squat,medium
1788982907947,3.378516648644209,-2.9616265768304464,1.9244892219543457,2.5016953082912745,23.97066500537564,10.566983103605788,user,squat,medium
1788982907963,4.312105658501387,-2.609380242101848,2.302772791998088,8.404075636874312,17.82613120538379,6.0608959991709295,user,squat,medium
1788982907980,4.8525984368473285,-2.583193953704834,2.4586963441595437,7.034103187023012,14.386540146919163,7.878912636875787,user,squat,medium
1788982907997,5.323207531628013,-2.544735920494795,3.044676031439006,-4.33788473150001,13.487671884219852,13.762275370931984,user,squat,medium
1788982908013,4.857685530853272,-2.361879645483196,3.308936331939697,-25.07255210341712,17.6090182746893,14.894433013601311,user,squat,medium
1788982908030,4.900482470050454,-2.3918074584960936,3.030162645179033,-33.267392579030904,18.926783746732784,14.431388876556758,user,squat,medium
1788982908047,5.410298955103754,-2.486079441125691,2.48009510601908,-34.9722282864336,15.309775109482494,14.37057628728155,user,squat,medium
1788982908063,6.129008365961909,-2.722357509723305,2.3844766772165893,-32.49690967461303,0.6055160134372,17.91056088126161,user,squat,medium
1788982908080,6.446838051825761,-2.966565786798298,2.5365081903755664,-32.74512899433505,-10.145585191251742,24.634446694579573,user,squat,medium
1788982908097,6.834847773852944,-3.641730070440471,2.6927289719179277,-37.13309523415053,-12.161100590788928,34.37456624348997,user,squat,medium
1788982908113,6.635681292292476,-4.8505035103946925,2.950704493060708,-49.41360119200962,1.7546512652273576,43.85517958507491,user,squat,medium
1788982908130,6.533477639880776,-5.48406854019165,3.299061126874387,-56.664014335612826,7.12058789606736,43.50381757869653,user,squat,medium
1788982908147,7.196821721869707,-6.712294284112751,3.495086680060625,-53.75571978702139,0.4842769540183002,39.85528420333204,user,squat,medium
1788982908163,8.818295965254306,-7.6952639954715965,3.5016707346260545,-40.17478337723231,-15.28086291872583,41.99638116849637,user,squat,medium
1788982908180,9.191191120257972,-8.314165124621987,3.6504105127632616,-32.20625438957772,-21.38674467820458,44.67076905877154,user,squat,medium
1788982908197,8.782830099597573,-9.238924931335449,4.357297968402505,-37.92942698948232,-10.602656327867118,43.87076266166629,user,squat,medium
1788982908213,8.495227209693192,-9.885359379577636,5.064335353906452,-56.101971729190815,5.994853192538783,30.51154102252499,user,squat,medium
1788982908230,8.97481689878702,-9.954193846350908,4.8805818377941845,-54.94384485352345,5.973719733473118,20.321144667676087,user,squat,medium
1788982908247,9.950453490778804,-9.970653398242591,4.022708870917558,-39.93042994458052,1.671600967396763,11.09595991048212,user,squat,medium
1788982908263,10.747722643610835,-9.958083839526772,4.199280658832192,-22.54027483656052,1.1149808908455088,1.517282341332139,user,squat,medium
1788982908280,11.028591256824136,-9.784952547454834,4.591630163629353,-18.475788063384137,-0.6890887673784479,-1.4182946508469658,user,squat,medium
1788982908297,11.237935433527827,-9.60269394607544,4.638317972785234,-14.658489251365095,-7.99090639492284,-5.147814112808822,user,squat,medium
1788982908313,11.700763372913002,-9.370007472229004,4.533570919501036,-13.42355519093365,-10.881269135622048,-8.950535166704938,user,squat,medium
1788982908330,12.125884974238277,-9.459640981402991,4.408773888617754,-14.07817247381872,-8.611325774407302,-10.209812021338312,user,squat,medium
1788982908347,12.726678199768063,-9.909450449261069,4.131345625116676,-15.390665039822954,-0.7650894562119434,-10.422020022435085,user,squat,medium
1788982908363,13.351415779986976,-9.881169526672362,4.149750904248655,-17.49799696482533,-2.284653027366014,-6.596987301841475,user,squat,medium
1788982908380,13.684059004101156,-9.956436656841635,4.21155138073191,-18.97406060862032,-10.594281662171037,-2.2935376093723194,user,squat,medium
1788982908397,14.532057642695309,-10.31033075877726,3.7143062079600986,-18.097870281512748,-13.064477632114093,3.528097290059886,user,squat,medium
1788982908414,15.1368916680485,-11.411363662719726,3.230826671820879,-13.631756432308563,-9.322361273610325,13.38944181112402,user,squat,medium
1788982908430,15.01493760550618,-12.07321078414917,3.298162716729939,-11.360135405878934,-4.426396299180558,16.63678695011488,user,squat,medium
1788982908447,14.096910321918129,-13.090895542797446,3.760244221661985,-8.743349062195417,-3.054718009584047,11.13255777160234,user,squat,medium
1788982908463,13.169307400733231,-13.684359448352454,4.079869997162372,-5.686283175084179,-0.6046022621922992,-7.787755224665505,user,squat,medium
1788982908480,13.600412752643226,-13.677176258850096,3.7493209688484663,5.463268107173153,-1.4072298511132508,-13.4204918510909,user,squat,medium
1788982908497,13.555073727747796,-13.223625266376136,3.4388227949164807,17.190039103075087,0.3898181058396683,-17.956799554395303,user,squat,medium
1788982908513,13.073387943157552,-12.787131791687012,3.788675658637285,22.647252674435848,2.6752337665151966,-26.272136519799165,user,squat,medium
1788982908530,12.19501579360962,-11.502342741283774,4.226664194189757,25.35741368048896,1.3316551953292348,-38.97761855536374,user,squat,medium
1788982908546,12.154614225116372,-9.567529109191891,3.873070536505431,27.336618086851065,-0.1832638205088004,-42.56820460580984,user,squat,medium
1788982908562,12.305448929706214,-8.694842604064942,3.540726295337826,28.24833222783188,-0.4038867213847343,-38.95007581753566,user,squat,medium
1788982908580,11.545139680480956,-7.318176649475097,3.2327712300173936,24.216714032488888,3.741708681587685,-32.73612680500897,user,squat,medium
1788982908597,9.944617624232173,-6.423045088306069,2.840122157751769,24.310244935435747,5.921732602379212,-31.596820515599585,user,squat,medium
1788982908613,9.299826851543784,-6.14845833184123,2.4212870893500744,32.998153352138175,4.875437267766115,-32.74640282461526,user,squat,medium
1788982908630,7.963115306201577,-5.812373735101521,1.6481088600710034,51.91046905066158,-1.5228329372498324,-39.7776010468069,user,squat,medium
1788982908647,6.527043222919106,-5.584924577386677,1.7185887559637427,58.65067730854858,-0.278570225794322,-48.5436843936547,user,squat,medium
1788982908663,6.366930986896157,-5.480477529962361,1.9249393038094045,54.5744818835875,4.231194615343472,-52.937073803671176,user,squat,medium
1788982908680,6.236448165461421,-5.046977684131265,2.1495456393137573,43.29339994093594,8.15306959997093,-54.88191552831895,user,squat,medium
1788982908697,6.0344362313419575,-4.887014501190185,2.2150866174995896,33.87145792432142,7.180577020660759,-55.45604415447729,user,squat,medium
1788982908713,5.929390633502602,-4.667495844213664,2.262521153369546,25.673017939015036,4.964146057158948,-56.47186745388203,user,squat,medium
1788982908730,6.455964192089438,-4.04500282805115,2.062904882214964,15.988543941272727,2.9556527324187707,-50.33464537139668,user,squat,medium
1788982908746,7.085191484943032,-3.2658407020568845,1.7681182182863353,9.99087543013543,6.708333045691023,-40.37412586325372,user,squat,medium
1788982908763,6.980145302581787,-3.145531484112144,1.80014095775187,9.360734130141102,5.663550597979084,-35.17117120638856,user,squat,medium
1788982908780,6.547096999910473,-3.2815535272344944,2.04869018664062,17.914216740014858,-4.202658938764804,-33.10204735960323,user,squat,medium
1788982908797,6.518513879504799,-3.443909450531005,2.338089020051062,27.022383281253585,-9.451947891412036,-32.13689040346166,user,squat,medium
1788982908813,6.646453446197509,-3.4389714096069333,2.449120122040808,33.40123013581731,-12.702878025943509,-28.4033245880251,user,squat,medium
1788982908830,6.62071577835083,-3.198054283031821,3.0585937898933886,26.04400990906803,-13.254654004269344,-23.968675712779877,user,squat,medium
1788982908847,6.4609028175354,-3.007715543310344,3.529503621186316,8.413631071523161,-11.887727391901045,-21.59523620261922,user,squat,medium
1788982908863,6.506393233600258,-3.040935383605957,3.5890593874827026,-9.956706555038796,-11.177261359720074,-17.932405533774602,user,squat,medium
1788982908880,6.885275646319985,-3.3487399345397946,2.6761197824224827,-15.54787721149643,-9.602722609792776,-10.439801566165563,user,squat,medium
1788982908896,5.856367482867837,-3.679289401245117,1.8936641678407784,-8.58496892817387,-8.616955557830686,-12.034023213733548,user,squat,medium
1788982908913,4.936244688305258,-3.8325177229732272,2.021005768640339,-2.1383143034077867,-10.293102763172032,-24.850750247857416,user,squat,medium
1788982908930,4.266169836756586,-3.223194277246296,2.1481986086189746,9.200845378086626,-20.7332680369109,-41.48161030132002,user,squat,medium
1788982908947,5.021988204303383,-2.249352167455852,1.9449901581913231,16.624671902074574,-23.357020319774183,-46.33577793312389,user,squat,medium
1788982908963,5.596296158489585,-1.7531535811275245,1.913715899005532,20.301238081340085,-23.676370937060007,-43.81499758218772,user,squat,medium
1788982908980,6.099380120417475,-1.241094285583496,2.27898128978312,16.473794730856284,-21.61650711924193,-39.9524368140863,user,squat,medium
1788982908997,5.862653431269526,-1.0740987197875975,2.48967103587687,7.120572101254904,-19.8130793387174,-37.780498129724776,user,squat,medium
1788982909013,5.758952818298339,-1.0987887782774866,2.236932830865681,4.390469504146291,-20.3876502196245,-37.67901176394214,user,squat,medium
1788982909030,5.647923469874263,-1.0007765862062572,1.5670064478769898,7.072175088343487,-20.649208898795557,-38.623531303506525,user,squat,medium
1788982909047,5.710621625849604,-0.8945338875368237,1.1338050004705786,11.489565783103384,-20.054919261754623,-38.51850006954465,user,squat,medium
1788982909063,5.875370874023437,-0.8777735991328954,0.9938941332161426,13.990044250505337,-19.33188568150083,-36.98735607273539,user,squat,medium
1788982909080,5.973382335442304,-0.9035111208491028,1.253365007483214,10.291367895122848,-19.048301349803776,-35.57870127340654,user,squat,medium
1788982909097,6.525695315441489,-0.6530179182857274,1.5387245023749767,-7.118345886472303,-19.05087974621545,-30.003781344531657,user,squat,medium
1788982909113,6.851759161165356,-0.3645176411502063,1.582868033875525,-26.7608775360486,-13.440406121389715,-21.851730296520707,user,squat,medium
1788982909130,7.21402946178019,0.0366616513125598,0.9011180882327258,-34.779330083894095,-4.7321757574723895,-13.039810403926593,user,squat,medium
1788982909147,7.295281511577963,0.1159695813052356,0.08125365723297,-16.234014109853817,0.561593948370904,-4.569484066537271,user,squat,medium
1788982909163,7.224953006854653,0.1734302750185131,0.3591309796757996,-2.188330924926144,-4.447931031859962,-0.8379270204077824,user,squat,medium
1788982909180,7.933188954493403,0.2472013214111328,1.7633301072269678,3.7064640516967726,-14.295455305468812,5.051014964344109,user,squat,medium
1788982909197,8.735394979205727,-0.1348233348570764,2.1342823114693164,12.037755058341316,-27.26109156255636,12.596076919212958,user,squat,medium
1788982909213,9.049783000183105,-0.3393777930662036,2.3057668592475355,14.974966066557638,-32.597057323318346,17.800391637496595,user,squat,medium
1788982909230,9.993996864429116,-0.5582978996276855,2.833688033051044,9.879292337212224,-32.053483548412046,25.37280038914171,user,squat,medium
1788982909247,10.25257064372599,-1.0932521869383751,2.6452942899174987,-0.1194592882120089,-23.73401602610762,32.79360626196922,user,squat,medium
1788982909263,10.237606298828124,-1.1387415800899263,2.4609400314331054,-6.98025098739887,-14.27266040288754,37.42112772654456,user,squat,medium
1788982909280,9.964369787928462,-1.470788007354736,1.898603231678158,-7.549109268838905,-7.29361665142447,38.21230268905298,user,squat,medium
1788982909297,9.367913130298255,-1.9143135726377367,1.508796397101134,-0.6514165922069781,-7.67817849981099,32.37318079779825,user,squat,medium
1788982909313,9.115474492755531,-2.109740575408936,1.5128366124026476,4.397014959805279,-11.7616899111468,23.19787008192372,user,squat,medium
1788982909330,9.360878993877767,-2.5658354071468112,1.3111258531868455,8.861639400883575,-15.469997687032652,17.83875168742268,user,squat,medium
1788982909347,9.981726580920816,-2.7751787070676683,0.956633346966654,13.399480481656648,-16.08276298577847,18.19167268447912,user,squat,medium
1788982909364,10.043677717921137,-2.9415760147094723,0.8768775270760059,14.032853314902038,-16.94609889686808,19.831071764538503,user,squat,medium
1788982909380,9.56378933814168,-3.157652714538574,0.9698021867498756,11.30181839697172,-13.078319010467125,18.64112474507534,user,squat,medium
1788982909397,8.945187484198808,-3.3851021645143624,0.709881815149635,9.007289769839511,-4.283174489361384,11.142252371355529,user,squat,medium
1788982909413,8.953117692676186,-3.429095327758789,0.6947685633003712,9.568828649810234,-3.335954463753907,5.77309616009551,user,squat,medium
1788982909430,9.45455330287516,-3.330932475170493,0.7314296300910413,11.467626361715656,-4.953215193165989,3.604866695340125,user,squat,medium
1788982909446,9.617658290973305,-3.392284184972941,0.735918319812417,13.580689669205317,-6.117468748518852,1.6731118265855107,user,squat,medium
1788982909463,9.4796924203068,-3.409941422216594,0.913537863214314,14.464964378969247,-4.136042823129201,-2.954945380952851,user,squat,medium
1788982909480,9.414599478149414,-3.162141258129477,1.1713643312752249,16.937561160405565,-5.743536808914987,-7.621814071232753,user,squat,medium
1788982909496,9.37120515758097,-2.989609685516357,1.2367558179877698,19.281465225047796,-8.786734423803338,-12.897875657879142,user,squat,medium
1788982909513,9.692626145935058,-2.3973440498352048,1.5517426816411315,17.28065693034094,-9.550298346591989,-14.11996810889732,user,squat,medium
1788982909530,10.206633068415522,-1.987337307794392,1.375470022803545,14.81087589438996,-9.155205200278957,-10.90172469841259,user,squat,medium
1788982909547,10.186131547656654,-1.6876128952026366,1.618031555584818,7.017287688173264,-8.178127002714767,-9.25006542879303,user,squat,medium
1788982909563,10.31706445094645,-1.555931511633098,1.5752359315618871,2.5370112282816484,-6.766731163094632,-7.276145027527577,user,squat,medium
1788982909580,10.78213929247558,-1.4579191734313963,1.157298104260862,0.8732691939377788,-5.374686956940435,-1.9763856726690048,user,squat,medium
1788982909596,10.926541333669425,-1.3597570514954629,1.1073197291269898,-1.2013768074306463,-2.8439560876006134,4.425896841597501,user,squat,medium
1788982909613,10.707470128199455,-1.5631142627440393,0.9041117170907556,-3.760404190006479,3.666849808284345,9.135021137507922,user,squat,medium
1788982909630,10.306439596557617,-1.8716665633052587,0.8315361640930176,-5.161801059568539,8.180920550085302,8.685049982534773,user,squat,medium
1788982909647,10.270226711925863,-1.951273768505454,0.8144783540472388,-5.347417853565982,10.829811344188816,7.770241765859946,user,squat,medium
1788982909663,10.408791717529295,-2.188748645672202,0.6983589890077709,-2.8003901528665103,9.948709257294356,6.138523660409063,user,squat,medium
1788982909680,10.299855541992187,-2.4443299651548265,0.7371148361206055,-4.144238623246393,11.78670804030291,4.388648404958837,user,squat,medium
1788982909697,10.185233137512206,-2.396894552502036,0.7999635064825416,-7.827161147308247,17.222666916740238,3.081779005632226,user,squat,medium
1788982909713,10.320206840625405,-2.315940901128948,0.8055005362130702,-11.695741873389387,21.85189763615537,5.648503691237545,user,squat,medium
1788982909730,9.82505600978434,-1.9975120803281663,0.8381205109193921,-15.033773995311448,26.053795862601365,7.580311280514817,user,squat,medium
1788982909747,9.590722937774656,-1.835154695726931,0.9237136586613952,-22.074425199314387,30.95230337494967,10.514030354517972,user,squat,medium
1788982909763,9.191190535736084,-1.6048630080625417,1.3301292443424462,-42.41147567002014,39.03962984283829,18.14707154919893,user,squat,medium
1788982909780,8.521862118640541,-1.4335282440185546,1.6171338760927318,-61.34732478532883,47.2636420563972,25.298450364931533,user,squat,medium
1788982909797,8.207175991499424,-1.4923361145570873,1.4324819498360155,-74.20751231314148,59.39483324881064,32.65417819534716,user,squat,medium
1788982909813,8.038831933704017,-1.663670878601074,1.258603054267168,-75.2224032917245,68.46309782491815,45.26689430915192,user,squat,medium
1788982909830,7.5363494448006145,-1.5813704887941478,1.4362230360604822,-57.44891918446318,56.47042286887257,48.97593974546813,user,squat,medium
1788982909847,7.5397905251652,-1.5634136840820312,1.5694002111457288,-28.82077891990711,27.954779235041197,48.3095830749471,user,squat,medium
1788982909863,7.379825588658451,-1.5399197035089134,2.330605970819294,-7.062488172553116,0.2686596746694865,44.27082391682686,user,squat,medium
1788982909880,7.977181825476884,-1.2378022583007813,3.4561807569526133,-16.741246155733766,-1.378150000556804,47.6391214607349,user,squat,medium
1788982909897,8.386589724841713,-1.1357491202756762,3.7535105294927953,-41.12911106844484,8.599816051882184,56.776189947446525,user,squat,medium
1788982909913,8.409483693695067,-1.02486765588969,2.9689602807193998,-64.53965275055523,22.596958576482457,65.96262021128985,user,squat,medium
1788982909930,7.942166041675209,-0.8084916808530688,1.2390003820441662,-63.50571237437705,23.916402567514474,69.8123265633733,user,squat,medium
1788982909946,7.567325013300776,-0.788890031543374,0.3461132388010621,-46.57824623356476,19.2506918077423,71.35843550465407,user,squat,medium
1788982909963,6.33251609159708,-1.132907467108965,-1.2105667531117796,-7.847976148803861,16.458182625960927,67.44708669531124,user,squat,medium
1788982909980,5.085583601379394,-2.266860059356689,-1.9409489199765029,23.145270795125448,19.27030128084941,58.22517018363513,user,squat,medium
1788982909997,4.84496867262125,-2.8637653375372287,-1.6798308630242942,46.21486992443633,13.517723009020616,48.03788156485858,user,squat,medium
1788982910013,5.200206005859375,-3.4275989517211918,-0.2898474539607763,62.27585485204621,-10.434032617637843,38.42328381742009,user,squat,medium
1788982910030,5.737107481715083,-3.5606273659855123,0.602143178834021,64.14006619354198,-22.403582260701057,36.39598121892276,user,squat,medium
1788982910047,5.801748588451742,-3.8434406835258006,0.7706339516237377,58.36318098600441,-16.717092899281308,37.26881792314786,user,squat,medium
1788982910063,4.421043003082275,-4.878334935650229,0.9903022462040184,47.01941156715047,12.698614280354128,25.69118282711268,user,squat,medium
1788982910080,2.4946102458447217,-5.878364210620522,1.6216235887274144,36.63777674573038,35.59241970835451,4.310050429971738,user,squat,medium
1788982910097,2.028188665881753,-5.982063070026039,2.369213057111204,20.78564705010844,40.36733665521872,-22.21260846396021,user,squat,medium
1788982910113,2.3216280068546533,-5.720645299474895,3.3420074114143845,5.40190995653799,27.69251192374375,-46.20871592399414,user,squat,medium
1788982910130,3.703532446619868,-4.521300782123208,2.666393338178098,-12.631002237760171,13.55671143635034,-60.454004343782856,user,squat,medium
1788982910146,4.497358765521645,-3.7473745109558094,2.213290673993528,-26.8562901561118,22.385265400894376,-55.41965632167405,user,squat,medium
1788982910163,6.126911685943603,-2.5622443969175217,1.20009416667521,-36.41316938996909,39.519781896206425,-40.80621387543248,user,squat,medium
1788982910180,7.338528532630205,-1.8432360031127928,0.4240741380989551,-33.15503938227878,49.21001715851364,-14.707222651093138,user,squat,medium
1788982910196,7.389705177637934,-1.7450740273073315,0.2871557306587696,-19.410168187125635,41.95205324078299,2.1258154841134864,user,squat,medium
1788982910213,6.598119915661216,-1.7827821189329027,0.4164420357853174,8.723626037193359,31.391686029162003,12.278817193586804,user,squat,medium
1788982910230,6.248866917529702,-1.9566613067626952,0.8366247194036841,23.755093989886284,25.41528587332648,17.741836425742076,user,squat,medium
1788982910247,6.813149152263999,-2.3543974730342625,2.094028334753215,26.882586384416346,26.624505979080123,34.75617574260775,user,squat,medium
1788982910263,7.217022213855385,-3.425055112457275,3.2392060853704807,21.175399842264166,32.66772587556588,48.20011221802472,user,squat,medium
1788982910280,7.186796586939692,-4.049942330279946,3.820548468238115,7.955411609353576,39.87217526114948,57.2687251337799,user,squat,medium
1788982910296,6.826019739753008,-5.449802113452553,5.049672037781774,-20.318883875060813,50.430916887748005,64.42868266711004,user,squat,medium
1788982910313,6.762422004589438,-6.423642469677329,6.26592531209737,-41.23848630271883,52.84246202328816,69.60017405756354,user,squat,medium
1788982910330,6.771400845336913,-6.76137454136312,6.534674448449909,-45.45173971865997,44.460443628564754,68.7369132785548,user,squat,medium
1788982910347,6.421548712268471,-7.914034756690263,5.752672130593657,-24.81758797188971,27.416966724699805,55.963779926808535,user,squat,medium
1788982910363,6.529586477661132,-8.960299128612876,5.527015116992592,-4.1034303773896825,16.26764596132696,47.84967911737346,user,squat,medium
1788982910380,6.61996875937581,-9.138518683734535,5.663335850800573,12.322069366505913,10.803827597038795,43.12864211777689,user,squat,medium
1788982910396,7.219415830993652,-9.56318903416097,6.3588508485540745,16.880588844991195,4.752304751843241,31.96853307061001,user,squat,medium
1788982910413,7.463923675537109,-9.933541518944502,7.271340371759235,10.050175986283127,9.758209304927178,22.30793399911149,user,squat,medium
1788982910430,7.67341748984456,-9.99235085078776,7.354240773285925,3.3696597397606274,17.991537896513986,14.53873212955268,user,squat,medium
1788982910446,8.760683149719238,-9.976188820537924,7.152828266364335,6.9118692678628175,10.260924034444807,10.846468468027188,user,squat,medium
1788982910463,9.986365346637369,-9.899275092205404,6.895600933240353,14.58921918035012,-0.6596134061803752,12.249676191492943,user,squat,medium
1788982910480,10.358663704791663,-9.961375282287596,6.974160675214231,18.81517504060019,-3.3793043937555085,12.160982770025743,user,squat,medium
1788982910496,11.22446629562378,-10.633995726665852,7.236025605010986,16.624620675655798,3.709087698111704,17.15192323241183,user,squat,medium
1788982910513,12.524668019214271,-11.423634530749917,7.947852270618081,14.537448053988715,2.345470952726512,22.405662053303324,user,squat,medium
1788982910530,12.94065997314453,-11.901875143322348,8.261043190765381,17.76121879505928,-0.1825460770167805,27.2316534472336,user,squat,medium
1788982910546,13.184719489398598,-12.872275588226318,8.204780913056434,24.125643705190523,4.456249775382215,33.35123315109281,user,squat,medium
1788982910563,13.29739718955159,-13.904026866149902,8.680927183698117,29.309086219144245,4.299728733475379,34.352931619293955,user,squat,medium
1788982910580,12.9794166970402,-14.226046989440915,8.748414035254717,34.4822271002823,3.5451968820904245,30.72741256633783,user,squat,medium
1788982910596,11.6569189704895,-14.3849615401119,9.223512550409138,41.42282627822831,-1.6324780707177529,12.17808727125475,user,squat,medium
1788982910613,10.410587953296304,-13.890111153522133,9.959880367554725,40.036113461608124,-6.011646920160552,-8.943874024716884,user,squat,medium
1788982910630,10.22668275375366,-13.40079560470581,9.972748616956174,35.09836480493081,-8.500315563600731,-26.936613180751145,user,squat,medium
1788982910646,11.135282283782958,-12.212073895916342,9.40711789022237,25.771429012123868,-8.592786079678948,-33.19521113988221,user,squat,medium
1788982910663,11.379939765930176,-10.819096857994792,8.520664141027629,17.818909987883792,-4.549475454250542,-30.76847907872253,user,squat,medium
1788982910679,11.060763926154374,-10.37437565318644,8.052450124689937,11.631394661218698,-2.06358968601032,-29.58949280532995,user,squat,medium
1788982910696,10.190472791731358,-9.37868762229085,7.089232869288325,8.034084289534722,-3.479387155663705,-29.56325121853876,user,squat,medium
1788982910713,9.741258951678873,-8.419509413146972,6.200534556037187,11.461893271681076,-8.407186788041253,-28.300945175008486,user,squat,medium
1788982910730,9.478795179206132,-7.994389565387368,5.688474675971269,17.9022946448186,-11.728137460622758,-25.935409901264823,user,squat,medium
1788982910746,8.770410763007401,-7.334936645618081,5.258416787287593,22.056830632012435,-16.30985653039764,-25.54813476023052,user,squat,medium
1788982910763,7.933038732367754,-7.186345920562744,5.253029541291296,21.362234544367983,-18.177962787267607,-26.340645024721685,user,squat,medium
1788982910780,7.5540066820442675,-7.050475560870766,5.246295849122107,16.486150543064838,-13.797682217815684,-26.023901832151516,user,squat,medium
1788982910796,7.071124965667724,-6.728603906139731,5.0140565345212815,13.18588168329013,-6.601390212535194,-25.500584690776183,user,squat,medium
1788982910813,5.989096037402748,-6.4279819601863615,4.73363683411926,16.395949357338356,-5.904702379457431,-29.34217165548379,user,squat,medium
1788982910829,5.358970334404707,-6.187813606151938,4.710142853546143,21.01007340585672,-11.073153908843446,-37.65332683756831,user,squat,medium
1788982910846,4.37944374923706,-5.768828315624594,4.756531387494504,23.6267410750034,-24.151436207043783,-52.745695318222005,user,squat,medium
1788982910863,4.135384817504883,-4.769847672924399,4.250456427057087,22.98189779282062,-30.397589561507083,-61.410920676690814,user,squat,medium
1788982910879,4.189703267669677,-4.33185869898051,3.672705931201577,23.451867741683568,-33.900534039618165,-67.3381998195629,user,squat,medium
1788982910896,4.298938718414306,-3.456479009246826,2.528577105115354,27.76301996654579,-29.125900545604505,-70.48122747936016,user,squat,medium
1788982910913,4.388421420940756,-2.985569177953898,2.0244477257877587,31.339397515970973,-26.478602893124894,-72.33712648063602,user,squat,medium
1788982910929,4.32288015049398,-2.8043574552789328,2.1411644721984864,31.730934695047367,-26.90386583877552,-72.60586027353017,user,squat,medium
1788982910946,4.1126416552990674,-2.440589609582722,2.7163728823557496,26.24187878177601,-33.589203771965224,-71.59614657833802,user,squat,medium
1788982910963,4.349666450610757,-2.125901728875935,3.14044555914998,19.091316173649226,-38.45510225366859,-66.4210829989486,user,squat,medium
1788982910979,4.421193225207925,-1.96638775100708,3.2330706513553857,10.339607813683356,-39.04486859793169,-58.99097099337696,user,squat,medium
1788982910996,4.236239977917075,-2.010829534801841,3.241300135040283,0.5063134921582885,-32.28523186695058,-51.662157523385766,user,squat,medium
1788982911013,4.047248268890381,-1.926882839092612,3.3023525696352123,-2.6526851776308686,-31.3862662740556,-46.53210147553215,user,squat,medium
1788982911029,3.946842021289468,-1.9461866744995115,3.3607118196234107,-2.1555684284682965,-39.33718020384072,-44.935602813649616,user,squat,medium
1788982911046,3.765183139368892,-1.6150389496400952,3.33841669344604,-1.065874818920879,-47.887176855916834,-44.9365180589984,user,squat,medium
1788982911063,4.03527667606771,-1.121982168468833,3.030461335864663,-0.7676368499680937,-49.44234262803704,-44.20110134577937,user,squat,medium
1788982911079,4.46818118635416,-0.922515827178955,2.7989725473701954,-1.3807807973260229,-50.02632721716771,-39.10619003630006,user,squat,medium
1788982911096,5.254823731231689,-0.3687064711421728,2.458995034845173,-5.685715415609422,-50.66450252717327,-30.52870870300382,user,squat,medium
1788982911113,5.542875533947348,0.0254386849001049,2.200571185413003,-20.15265073104104,-46.907761879882855,-17.079523227209695,user,squat,medium
1788982911130,5.57340277415812,0.1234508769713342,2.0051450594246387,-32.372033326017686,-39.12719286799785,-8.62555732731667,user,squat,medium
1788982911146,5.888241461512446,0.1777697655275464,0.9615724108040332,-31.93929303077319,-31.10903231073937,-1.5744647917851915,user,squat,medium
1788982911163,6.516569759699702,-0.1611599915102124,-0.0544672109857201,-10.152718470066176,-30.519498192908056,10.488791951761128,user,squat,medium
1788982911179,6.665607644000649,-0.4152440581724047,-0.0386053327262401,8.923223801534997,-32.37460147714561,18.439642702296428,user,squat,medium
1788982911196,6.469432745471597,-1.250671092224121,0.6464347405031323,22.244437145492466,-33.732234763374464,20.445396053962373,user,squat,medium
1788982911213,6.605452158245444,-2.048238643480837,1.4166197793155908,26.017860529830635,-30.57340546093238,18.533048954290937,user,squat,medium
1788982911229,6.962489818903803,-2.2361843505859373,1.775151770184934,19.79428095057423,-24.1303189696774,18.751898460581906,user,squat,medium
1788982911246,7.7389575912475586,-2.653373697607219,2.058714737048745,12.09957936938733,-17.99776702903704,20.05779135630061,user,squat,medium
1788982911263,8.437765785327553,-2.763357628631592,2.035221340997517,5.954234484431541,-11.203982767300456,22.068296812081595,user,squat,medium
1788982911279,8.794051750835775,-2.770390303747356,2.0480907594427467,5.739589386461543,-9.578036598585056,23.526793209331316,user,squat,medium
1788982911296,9.15572700816691,-2.8477532371520997,2.0418059800848365,9.043121795999046,-12.73406381592014,21.82959536096799,user,squat,medium
1788982911313,9.175330703303215,-2.7647043670654297,2.176031202918291,11.13239384706226,-16.372503025464994,17.07137481152987,user,squat,medium
1788982911329,9.32721287111938,-2.761562269647419,2.208952060267329,10.262214086424295,-14.377450872681168,13.020053227978684,user,squat,medium
1788982911346,9.60658627733886,-2.639906605529785,2.001852447620034,11.17610961907128,-10.86608306377617,9.878629808862732,user,squat,medium
1788982911363,10.00357484011352,-2.530522101703286,1.9726739916697145,11.407100640385588,-6.523348471078629,8.586042975420854,user,squat,medium
1788982911379,10.141687425774336,-2.503586456243694,1.992874191394448,10.766094216969062,-5.1841152875869705,8.820219426209325,user,squat,medium
1788982911396,9.954942618891597,-2.496553781127929,1.985691878674924,8.603250783261055,-3.9723415448573896,8.268025098796828,user,squat,medium
1788982911413,9.510668573328852,-2.4756048088625078,2.006641435462236,4.649174018017925,-1.7191021583098511,5.422365092441709,user,squat,medium
1788982911429,9.46652548021972,-2.5184005790159105,1.906832569232583,3.196799818142064,-0.685404894177431,4.8660308166185375,user,squat,medium
1788982911446,9.485229011645911,-2.71996272354126,1.705719922040403,2.75945768294427,1.4980317733215756,5.651250281057537,user,squat,medium
1788982911463,9.223961755481362,-2.9415757224485275,1.5258552300602195,5.566783039139282,5.337245994344541,6.081160743551534,user,squat,medium
1788982911479,9.05861220332682,-3.039738575036824,1.6656167519718408,6.548487409205684,5.018504971442141,4.587737320207308,user,squat,medium
1788982911496,8.910320753479004,-3.168725604955852,2.1100407273992894,6.138194530668433,2.69469937876291,1.8025503146595991,user,squat,medium
1788982911513,9.214534001922608,-3.124432289721072,2.289904834857583,4.240555816487797,0.5891346584865707,-1.4587544503342995,user,squat,medium
1788982911529,9.515307339045403,-3.1016885429933665,2.35873842484802,3.8660749004293926,-0.2203899007117865,-1.459181657322543,user,squat,medium
1788982911546,9.782408708190918,-3.058891603796184,2.466477207294106,3.474240394680689,-1.022887956162346,-2.25408430229221,user,squat,medium
1788982911563,9.897180750274655,-2.95908332208842,2.6189579255253075,0.8451969563664677,-1.507980157291111,-2.1113077354295564,user,squat,medium
1788982911579,10.046370025745034,-2.7457000991269944,2.9013240838199854,-7.934057022913532,-0.7365770449651368,-1.4483605032431273,user,squat,medium
1788982911596,10.203339872089028,-2.3707085563659667,2.698564838464558,-14.679669667981308,2.8914158704918584,0.5589969823824182,user,squat,medium
1788982911612,10.272922526881098,-2.316689381408691,2.375946749280393,-17.28902732716879,5.678297403283964,3.281053616648756,user,squat,medium
1788982911629,10.173861264148352,-2.1589710547849537,1.916110685187578,-17.092601331922978,6.994171766701002,6.107129122775922,user,squat,medium
1788982911646,9.91468951895833,-2.257732165527344,1.6928516726389526,-16.069522664072398,7.228069887280796,6.475401823765608,user,squat,medium
1788982911663,9.814581962043048,-2.3790879699155685,1.5424650040775536,-14.880909239044684,8.901440620724532,7.489073613581786,user,squat,medium
1788982911679,9.86994729091227,-2.4019825232908127,1.4200620287239551,-13.587303853642828,11.924931432310103,13.393679943504011,user,squat,medium
1788982911696,9.592816695183515,-2.483085520006716,1.4879966240480542,-15.27661454106208,14.42599473465974,17.707757196878298,user,squat,medium
1788982911713,9.299676629418132,-2.4862276174247264,1.636137851770222,-19.640121873459748,18.482273328001064,19.984614417080387,user,squat,medium
1788982911729,8.581268247333169,-2.4000375267028806,1.7699138695314525,-24.44780323777251,22.96722142384156,19.1953211716883,user,squat,medium
1788982911746,8.123228126746415,-2.118120281219482,1.9066829316288232,-26.121150065554158,23.05071877889767,18.66281401078472,user,squat,medium
1788982911762,7.914035341212153,-1.9059344513490797,1.920749158643186,-26.25644928282294,21.83089992709946,18.860887789167798,user,squat,medium
1788982911779,7.763947655597328,-1.4233525947019456,1.8224366684511304,-27.65940087419482,23.36948199991487,25.106795256820977,user,squat,medium
1788982911796,7.567326182344555,-1.0326496880680325,1.8055282037481664,-31.09962714025226,25.583236809922507,32.79475714884436,user,squat,medium
1788982911812,7.253235098487138,-0.8945333030149341,1.7616843858465552,-35.26124091097352,27.87120162526233,40.37411220287538,user,squat,medium
1788982911829,6.28762422594726,-0.856526228442788,1.534384865735471,-36.4972148677061,29.41144684914064,44.78208065167525,user,squat,medium
1788982911846,5.00463141131103,-1.34045423900187,1.066468078778684,-31.87526683749349,30.03246472395113,43.0185599589238,user,squat,medium
1788982911863,4.536562648662924,-1.6316475546136495,0.8601181154549121,-20.679586165129187,25.29332943060132,39.7507686486525,user,squat,medium
1788982911879,3.8805525628238913,-2.4808418327331543,0.8049018396675586,-4.370122797495647,11.124368374787496,35.110874296395686,user,squat,medium
1788982911896,3.31985987701416,-3.252372733196616,1.1662754837036131,-2.481186598091253,6.99541144603536,30.714592301265714,user,squat,medium
1788982911913,3.2028432708740238,-3.544016422924399,1.435772808074951,-13.861387392204392,13.831871583479828,27.779140920534317,user,squat,medium
1788982911929,3.0316590212166306,-3.7032311255857344,1.7742542368233205,-37.00101645107541,31.897570820228168,23.474311743296223,user,squat,medium
1788982911946,3.192670251905918,-3.302951704572141,1.4363728197947143,-45.47717192803452,40.04623921705267,19.999456418146828,user,squat,medium
1788982911962,3.49149596209228,-2.8416189721807834,1.2267305369272827,-39.44870011751411,36.33186964827844,16.930227244784263,user,squat,medium
1788982911979,4.308514940533041,-2.203563060705364,0.8200146531254052,-15.756302141566662,22.25839805215597,14.288137611546787,user,squat,medium
1788982911996,4.764012390899658,-1.9252374099731444,0.8261497948795556,2.350372894116465,18.759087234683346,13.918584250087726,user,squat,medium
1788982912012,4.842724108564854,-1.9443924845591187,1.157148758918047,13.77954550424836,21.455869607699693,12.0015431029092,user,squat,medium
1788982912029,5.268891419550776,-1.977161950738728,2.080861979188025,17.322635272979838,25.524867720822872,15.566306769424418,user,squat,medium
1788982912046,6.197839325603843,-1.731007215771079,2.858677366748452,13.863637939535913,24.28184671641413,24.11871106318296,user,squat,medium
1788982912062,6.663213442340493,-1.5818191093444822,3.049615825928748,10.970403104290714,22.019380704793253,36.356793008559805,user,squat,medium
1788982912079,7.4057152321964494,-1.6647183418273923,2.7259496889963746,14.459302152147307,17.96260180009523,56.80618813828122,user,squat,medium
1788982912096,7.051075864851474,-2.7702421274483204,2.7919404567763206,12.144213801839715,21.31962270168357,68.49886069541233,user,squat,medium
1788982912113,6.704513420978188,-3.3897406379699704,3.210774940656125,2.373864689436489,27.33234580352522,74.65174098656995,user,squat,medium
1788982912129,5.717953283911943,-5.557241328430176,3.570803599824011,-12.09821077023239,30.70398843257927,66.81133951755562,user,squat,medium
1788982912146,5.03051754771769,-7.185448679462075,3.5697561365976926,-23.17747513706206,37.23885046816442,58.16134889603053,user,squat,medium
1788982912162,5.258115758514404,-7.783400544086098,3.772215522223711,-32.40163878097511,37.49835667548989,53.38928696823938,user,squat,medium
1788982912179,5.633856950598955,-8.641422564044595,4.15932829541117,-37.36925926998748,32.689995707354704,47.87910357231788,user,squat,medium
1788982912196,5.460874711608886,-9.177722566875817,3.897611249652505,-35.06022502860546,29.077932127063505,34.528890952691825,user,squat,medium
1788982912212,5.588965669471025,-9.281122735595703,3.765032917243242,-26.762890734306456,28.32964562990088,26.04848709806897,user,squat,medium
1788982912229,5.926996431842446,-9.362525592041017,3.9052430597051977,-16.632962044179678,27.96990639650548,19.14264675280916,user,squat,medium
1788982912246,6.120179162818193,-9.411158982306718,4.792295359314978,-11.505101048370577,31.68737516361561,11.19908039902368,user,squat,medium
1788982912262,6.27535335791707,-9.34052944881022,5.260810696686804,-11.6853531556618,32.93854970634606,5.247023464276904,user,squat,medium
1788982912279,7.287951022559404,-9.253291310340163,5.895723341700434,-10.913309553018577,29.433487869592277,4.871518019842997,user,squat,medium
1788982912296,8.289474920001625,-9.101857470813393,6.681470399042964,-14.3292929163907,21.27801831190173,11.969413039279813,user,squat,medium
1788982912312,8.454674834552407,-9.025990621185302,6.824074158643186,-19.44011515154156,20.38665301200568,17.734958425247875,user,squat,medium
1788982912329,9.012673458972571,-8.922740090069174,6.640617871911823,-25.27375410844006,24.191799209943973,26.679068945264767,user,squat,medium
1788982912346,9.126099347144365,-9.30835794852376,6.307974940058589,-30.889574917612272,27.04666118865839,38.228678067588085,user,squat,medium
1788982912362,8.601020995551346,-9.70489701396525,6.23659780306518,-32.36294917442157,26.49787939450996,36.4174280129166,user,squat,medium
1788982912379,7.602337874493003,-10.81415881707072,6.136788644574582,-27.804791695962297,24.234462279047165,26.44561307943373,user,squat,medium
1788982912396,8.686611951336264,-11.421088353398442,6.064512220653891,-15.032081815944576,19.104802382165413,23.94307104112879,user,squat,medium
1788982912412,9.081206896972656,-11.783661436352132,6.060473466657101,-3.3350138186391494,13.997549774629537,26.89726104584812,user,squat,medium
1788982912429,8.48475257743001,-12.57659226771891,6.552632422205805,3.146909555123352,8.256013357367715,26.485371610592377,user,squat,medium
1788982912446,8.032248463660478,-13.36757722571492,7.668928361731767,-3.378361187319812,3.317746246643711,18.15485967240004,user,squat,medium
1788982912462,8.063522722846269,-13.679869735717771,7.81093473996073,-10.794376322774792,4.643323107220163,10.01858380005088,user,squat,medium
1788982912479,8.939798776897787,-13.896992729729414,7.406613350079954,-10.016503153674964,5.137456130932498,2.9601316289670065,user,squat,medium
1788982912496,9.898826179394126,-14.105289443206786,6.69688190318644,9.542491440370664,-1.879183756486673,-1.347352037258982,user,squat,medium
1788982912512,10.03544706519246,-14.155269571906327,6.869564866968989,20.52276502178569,-3.6214841187039433,-3.961130216221637,user,squat,medium
1788982912529,9.466074813842772,-14.23038589542806,7.958776107953488,21.09374322318937,-2.8347255138241643,-12.010866311126266,user,squat,medium
1788982912546,9.654767832183838,-14.2119810546875,8.555380649621783,15.628572481445548,-7.41210250427762,-24.561853736533383,user,squat,medium
1788982912562,9.895984818488358,-14.027628111377355,8.322845274683832,15.3887645396864,-9.608269577172472,-29.69126262396314,user,squat,medium
1788982912579,10.232968117633462,-13.417555600848791,7.677457120624184,12.460588164194707,-4.983113492484073,-30.36947991797789,user,squat,medium
1788982912596,10.40594860305786,-12.93467446899414,7.663091910663247,6.27038601186486,-0.2721801836193784,-25.728311735440872,user,squat,medium
1788982912612,10.273819183459878,-12.093711135864256,7.11796212016642,3.827732352863056,-1.0291759990669889,-21.137342028208856,user,squat,medium
1788982912629,9.233986890411376,-11.143661405071615,6.3997013298586,8.87623636891354,-5.4200680144464695,-22.932870694958268,user,squat,medium
1788982912646,8.738388315802812,-10.644471527972817,5.9792205400764935,20.031372184591003,-9.7295165339976,-27.11576221249141,user,squat,medium
1788982912662,7.9940897056579585,-9.66688789356649,5.568614370837808,34.5441359349193,-15.057109336610797,-33.13297787125964,user,squat,medium
1788982912679,8.10167914276123,-8.32478822544515,5.8479877770572894,37.36128843922607,-18.87575369589633,-30.39052714590529,user,squat,medium
1788982912696,8.258948848834633,-7.652616693878174,5.942708964759111,30.10768559728048,-18.643689481108684,-22.44736548082813,user,squat,medium
1788982912713,7.567475235426426,-6.397607864710689,6.114493810658156,11.909926360477233,-13.467295722378411,-13.204715929926442,user,squat,medium
1788982912730,6.79923343963623,-5.523871558269858,5.462521309772134,3.0943237152600123,-10.83507485871796,-7.238485925765065,user,squat,medium
1788982912746,6.159084939795732,-5.010915021625161,4.2308556545302265,5.942691037847396,-12.470294716778945,0.6438513572883956,user,squat,medium
1788982912763,5.550507636260986,-4.95465011356771,3.69664794780314,15.968157534147531,-16.015246565832893,0.8268042707878283,user,squat,medium
1788982912780,4.052186309814453,-5.071666719707847,3.193117118890583,25.22438037847733,-18.61747350752688,-5.33195515905872,user,squat,medium
1788982912796,3.6733038970947263,-5.274126397594809,3.029862493188679,32.58858105855836,-22.60638594508437,-15.444150543666032,user,squat,medium
1788982912813,3.948038537597656,-5.303006455120444,2.929605590930581,31.310294079917547,-21.262597452303133,-18.143982596146795,user,squat,medium
1788982912830,4.505589418250322,-5.072565714374185,2.982128974372148,27.79348944043322,-20.73010736687248,-19.593007228565,user,squat,medium
1788982912847,4.736178627556562,-5.071666135185956,2.8049565902158617,27.13127357209651,-22.477956190573327,-21.41284624611778,user,squat,medium
1788982912863,5.129278950721025,-5.060295430865883,2.7187667917549607,26.60650330797526,-26.57562231519034,-22.404261864523477,user,squat,medium
1788982912880,5.06927251804769,-5.173569927868247,2.772486106982827,25.43360273313316,-28.22492004690437,-23.40180074752008,user,squat,medium
1788982912896,4.60255400096476,-5.340865353393554,2.9322990677982568,21.00259434871555,-28.13184335153731,-29.860132221002534,user,squat,medium
1788982912913,4.249110565406084,-5.197213253784179,3.393632384711504,10.821873810599616,-28.84712295953585,-40.10331569285188,user,squat,medium
1788982912930,4.698172429767251,-4.921581956702471,3.2142174823254344,3.783558531292822,-31.37872233011732,-44.040708013499966,user,squat,medium
1788982912947,4.720467848205566,-4.707448792156577,3.2064345733642576,-5.327738797906706,-34.48959345930216,-45.17112481170458,user,squat,medium
1788982912963,4.460848943769932,-4.35999202979207,3.0300132998362184,-21.094947044030587,-30.90900680580096,-43.489866917316775,user,squat,medium
1788982912980,3.898808935004472,-3.5992326987117527,2.424279695294797,-24.367417033883346,-18.305871739854435,-42.80681726446424,user,squat,medium
1788982912997,3.8558635272473096,-3.461717494422197,1.6332959063425658,-6.728725429231742,-13.610704935512938,-43.51700667398382,user,squat,medium
1788982913013,3.946842021289468,-3.1566046667903658,1.108964281463623,21.040920247695784,-20.512241407822,-43.8399209424691,user,squat,medium
1788982913030,4.115782875934243,-2.7193644653871654,2.5941180833011863,24.35496047638453,-27.344742596868794,-44.73506504452346,user,squat,medium
1788982913047,3.924547187373042,-2.7249013489872214,3.1601980151072144,10.93009559667753,-27.19079696316588,-49.268405030633495,user,squat,medium
1788982913063,4.521300197601319,-2.4892209540218118,3.6001316933780907,-19.78369757245529,-20.90573714364289,-48.55036090356839,user,squat,medium
1788982913080,5.59943913269043,-2.050932997131348,2.878279308319092,-39.34528422329094,-14.830563914672522,-40.61163544635716,user,squat,medium
1788982913097,5.797410266986489,-1.9391537071228029,2.232892907825112,-48.5526592622241,-7.019375591625172,-33.82969814773596,user,squat,medium
1788982913113,5.77750788116455,-2.0311802489131687,1.1145008728027344,-43.63400781446614,-0.4178056597374419,-30.20574662319435,user,squat,medium
1788982913130,5.806238885608315,-2.2327426856994625,0.3669125734627246,-27.797182865226905,-0.8878762471689386,-31.085478403386578,user,squat,medium
1788982913147,5.87911415220499,-2.393005728369951,0.1834574557751417,-7.763276680453825,-6.5330635613993255,-32.306760623214466,user,squat,medium
1788982913163,5.852178799006342,-2.498649292102456,0.6462856874212622,8.827707021086953,-11.006092550251322,-35.0021786659441,user,squat,medium
1788982913180,6.44130087596476,-2.6735753586366773,1.4627087457954884,11.261749945979483,-9.801415374069386,-34.33147458001636,user,squat,medium
1788982913196,6.907122736468911,-2.66220260848999,1.8376999962955711,8.790283560850806,-5.872994933782939,-28.48272041448462,user,squat,medium
1788982913213,7.678805612623691,-2.774581033435464,2.263420732557773,7.537159852885968,-3.8162093968464217,-19.7443830035927,user,squat,medium
1788982913230,8.036437732043861,-2.837278604888916,2.5236393564522266,8.608977896880111,-2.933436048039423,-13.469380637622558,user,squat,medium
1788982913246,8.072201119342445,-2.803759781646729,2.7599171327888965,8.206268235868865,-3.690501045832807,-7.869450263554381,user,squat,medium
1788982913263,7.839965311872959,-2.870798304913938,3.1601988918900488,7.769191624275057,-5.966234273029607,-6.182744866416664,user,squat,medium
1788982913279,7.734616931694745,-2.8600226438775658,3.5862153962284324,4.638703338020296,-6.687384855506593,-7.420744401124979,user,squat,medium
1788982913296,8.238299444037676,-2.861968517248332,3.7591970506966113,1.0323356018883545,-8.754369572421233,-3.477908846595221,user,squat,medium
1788982913313,8.91181654499471,-2.8800740827813742,3.564218960736692,-0.433142102466765,-10.958945461958017,5.357430057115574,user,squat,medium
1788982913329,8.777441392296552,-3.0087627142757176,3.4630630638122555,-1.6234517622861693,-9.572337659496329,8.968554913282723,user,squat,medium
1788982913347,8.715195071741938,-3.105579412952065,3.4463048212349414,-3.223320375472165,-7.953623807338325,12.150195340005356,user,squat,medium
1788982913363,8.41367530016601,-3.276764831653237,3.340061830304563,-4.792007787714878,-6.081752408688386,13.39925679296133,user,squat,medium
1788982913379,8.41427268153727,-3.4684497252866624,3.060239803534746,-2.402885949776462,-8.038737355906793,13.23266847910472,user,squat,medium
1788982913396,8.45901374053955,-3.532793894903361,2.829947239087522,2.600489298880454,-10.361531013371804,12.371036700213024,user,squat,medium
1788982913413,8.488045189234613,-3.6121024094179273,2.707394041608274,3.823608626151661,-9.048944532266482,11.75041753769534,user,squat,medium
1788982913429,8.8414880402714,-3.7333082839414473,2.8058552926212545,0.3269075279113552,-5.143695081852481,13.615912100981426,user,squat,medium
1788982913446,8.920046613201498,-3.7973528860896826,2.6795605705261227,-1.3868833579060176,-2.32202462085315,15.959770061846758,user,squat,medium
1788982913463,8.774897553032636,-3.910927827343345,2.5107690612241624,-1.0615792702631757,1.7787023890073823,17.07012659445905,user,squat,medium
1788982913479,8.656833483666182,-4.119222787255048,2.4902687095090745,0.8514894282219007,4.953442296955892,15.372307198881252,user,squat,medium
1788982913496,8.742127502331137,-4.2229225234434,2.534861884473264,3.5607374834429075,3.775502750053615,13.718095999833048,user,squat,medium
1788982913513,8.861241373011469,-4.248810705676674,2.6164143785223364,6.395685832188744,3.075388936776856,12.529818961621958,user,squat,medium
1788982913529,8.977208762359618,-4.283825028173625,2.7136779441833494,8.026143340850936,4.96176189425179,11.486066164927395,user,squat,medium
1788982913546,9.061903646087648,-4.305522480718791,2.876783224542439,5.8940020343489605,5.001755213163154,11.091366608265286,user,squat,medium
1788982913563,9.040956135126947,-4.417900905664265,3.1416429522410034,0.5255425023842842,7.122272818358238,9.720363226736136,user,squat,medium
1788982913579,9.029283232989906,-4.383633309881389,3.0380925613954664,-6.7187102374743874,10.572029759628782,7.1157615136451,user,squat,medium
1788982913596,9.131785576087236,-4.363282888031006,2.9146424150764942,-9.113377975575442,11.44924461511186,6.648227380994911,user,squat,medium
1788982913613,9.191041482654214,-4.067150070190429,2.7076936090767383,-9.33101256196779,11.4424707750025,7.664412253538829,user,squat,medium
1788982913629,8.974066372680664,-3.853167712292075,2.6559181213930247,-10.734586554327793,11.54282589070385,9.786876462647369,user,squat,medium
1788982913646,8.730904682049156,-3.696796124102175,2.697817234967649,-12.529065933265963,12.743005387317334,11.438137019974128,user,squat,medium
1788982913663,8.368183715057372,-3.459022556249797,2.486379008594155,-13.333308755203918,14.017789332687576,13.631156229435248,user,squat,medium
1788982913679,7.841459934344887,-3.264943168695271,2.343774372211098,-13.818670535361486,17.55399427073568,16.9839722958158,user,squat,medium
1788982913696,7.587227399122715,-3.2634467926576733,2.343924302075803,-15.281692786709986,18.36102722494958,19.88619480623509,user,squat,medium
1788982913713,6.990320659637451,-3.089866587774456,2.495208211737871,-19.5587726128976,19.06372220940237,22.41776685605988,user,squat,medium
1788982913729,6.723516812133789,-2.8760347442626952,2.59845757381022,-28.89789858582572,22.84882692476856,27.18007527371625,user,squat,medium
1788982913746,6.785915692901611,-2.742407779583335,2.486379593116045,-34.35306822307736,24.516475667235117,33.779626030930594,user,squat,medium
1788982913763,6.6896987136840815,-2.5088228955924508,2.364124794061482,-38.77924595620448,26.21859978953731,41.972236449780375,user,squat,medium
1788982913779,6.178088330951333,-2.6518770293086766,2.020407510486245,-39.258018311360274,27.02364515870274,50.30098619916685,user,squat,medium
1788982913796,5.732466962432861,-2.7748797241210936,1.8701713563114404,-34.75755202572551,27.490946211147502,52.76506914980274,user,squat,medium
1788982913813,4.853647069117427,-2.832341148486733,1.6852204471081491,-27.870180511981413,29.52034055507816,52.92534295377168,user,squat,medium
1788982913829,4.510377821570635,-2.9400802231937644,1.6557415469065309,-19.947374518178187,30.34382572745533,51.59061129182988,user,squat,medium
1788982913846,3.904643632507324,-3.2661393927425144,1.714697301483154,-13.61350360552535,32.74223640922155,47.52128020698466,user,squat,medium
1788982913863,3.1759108402848244,-3.70876917822957,2.079515240754187,-15.684356343944334,38.87288443463076,40.56432272597648,user,squat,medium
1788982913879,2.986468464881181,-3.95163100913167,2.263868768586218,-23.170385400703587,43.96352346078423,32.22447733428332,user,squat,medium
1788982913896,3.489848779407144,-4.087500784301757,2.5206460198551417,-35.0193531766121,46.656305050494254,27.841510792940287,user,squat,medium
1788982913913,4.540155704718828,-3.927240079718828,2.315643087226152,-38.472693405875965,46.79830126824423,31.625234102546838,user,squat,medium
1788982913929,4.672732868084311,-3.848378724449873,2.026692289844155,-33.751533462874335,45.94420660310165,36.83995717535193,user,squat,medium
1788982913946,3.699191202545166,-4.208706658825278,1.7066171631410716,-20.29559292999107,43.82762318686849,31.69346427726068,user,squat,medium
1788982913963,2.732232422527671,-4.531624023216962,2.0250462762027976,-11.4341345291205,40.11808256183745,18.196084986682944,user,squat,medium
1788982913979,2.750788654437661,-4.694430905151367,2.285864619556069,-4.985464358219027,33.40046173953568,2.279641162619105,user,squat,medium
1788982913996,3.994276557159424,-4.508281141552329,2.7814646554693576,-6.763157266611422,24.741696032474408,-5.360062668153791,user,squat,medium
1788982914013,5.668571121105551,-4.323178841179609,3.018340982221067,-15.268826417860977,22.02518807313506,3.809943552056581,user,squat,medium
1788982914029,5.898416234046221,-4.354903766742348,3.083733199585974,-27.7842686850537,25.51743818255319,13.648993268452736,user,squat,medium
1788982914046,5.359271363177895,-4.625597022899985,2.970307603675127,-44.79244204864615,39.06792048638048,18.65036599102237,user,squat,medium
1788982914063,5.649269039264321,-5.106682503509521,2.9164377740606664,-53.02896375366994,43.80059612832275,19.864423578255675,user,squat,medium
1788982914079,6.013186522564292,-5.495290775951743,2.8848633628845213,-56.29848651689584,38.39840485336832,21.836406767117783,user,squat,medium
1788982914096,6.082769177356362,-6.336254693603515,3.206436034668982,-67.10839810493782,35.32690634965402,26.24562001789388,user,squat,medium
1788982914113,5.791126656672359,-7.16943862490356,3.4654593112990257,-79.03629213180042,44.70351640074717,30.19091145231708,user,squat,medium
1788982914129,5.553052060046792,-7.777713730621337,3.1775551003605127,-81.01055148120344,53.92049468565337,30.416072053401138,user,squat,medium
1788982914146,5.182249493408203,-8.71444454563558,2.42592483215332,-58.97000231262502,47.63629376241851,24.83554112412309,user,squat,medium
1788982914163,5.081394332996011,-9.290699542236329,2.3370412645637986,-34.445607041047275,35.815941064037766,19.22642926826312,user,squat,medium
1788982914179,5.034857038226724,-9.56393839122355,2.803461967743933,-17.987405632066128,26.239305508006204,12.738471849255738,user,squat,medium
1788982914196,4.707599598804116,-9.848847804260254,3.724182143677771,-9.530954397088866,26.25474685817231,4.451428515601832,user,squat,medium
1788982914213,4.770895136150718,-9.786447754448652,4.083311808179318,-9.331027076119778,34.70356621052573,-0.871130277510507,user,squat,medium
1788982914229,5.301811107856035,-9.60703519015014,4.397849759021401,-8.87606561418429,32.572717944211,-0.3668097064859812,user,squat,medium
1788982914246,6.1746466660648585,-9.22515885631144,5.0369528414621945,-6.92826599073908,23.85709603495125,3.0400354507460468,user,squat,medium
1788982914263,6.414665967017412,-9.078814448878168,5.257817067828774,-2.507735970281916,13.228017974053586,7.724401805019052,user,squat,medium
1788982914279,6.313060280498862,-9.159465610173344,5.266046259252727,-4.746263022635541,11.046527270137798,9.924637109338294,user,squat,medium
1788982914296,5.797110991778969,-9.47400560684204,5.568764300702512,-10.347971380322036,12.208771042327388,8.557949553590944,user,squat,medium
1788982914313,5.436185676032305,-9.959731022211908,5.343410069440305,-9.461911429863791,11.811993400610298,2.786658270983611,user,squat,medium
1788982914329,5.548562931933999,-10.212319297358391,5.124042219111323,-3.892606770260307,6.9980555830178,0.3003853163948139,user,squat,medium
1788982914346,6.4644947045475245,-10.808923839026688,4.904373340009153,3.289628705708296,-1.7671571281542393,2.022263199550334,user,squat,medium
1788982914363,6.528240908271074,-11.397299481531975,4.673632447272539,11.458381700674044,-11.257317153208149,2.429776831425625,user,squat,medium
1788982914379,6.489484184375405,-11.666645414733884,4.730644082044065,14.335573275332528,-15.302422410840975,1.5830851308479823,user,squat,medium
1788982914396,5.955128885871171,-12.38535599463582,4.77837847764343,14.031716942178878,-12.67372592479225,-3.1981927498459237,user,squat,medium
1788982914413,5.519981565093993,-13.051541437530515,4.951209909985959,6.259977230456584,-0.2199238203422125,-15.388911388753554,user,squat,medium
1788982914430,5.841252915844321,-13.026999701470135,5.339518907220661,5.0970265336879,0.4244204044639083,-19.88391181550501,user,squat,medium
1788982914446,7.592462377166748,-12.76917527923584,5.538088299670815,18.54919039884697,-11.434726194257353,-18.300462230031787,user,squat,medium
1788982914463,8.826074782562255,-12.976572413524984,5.316623769323527,47.41841755808427,-28.1704766090302,-12.251913932219772,user,squat,medium
1788982914480,9.046191697692873,-13.344232005962729,5.624578542383015,62.84763047803549,-33.748272047545655,-9.409966133678552,user,squat,medium
1788982914496,9.279926803809404,-14.393791327777503,6.943635188569128,65.04418516416574,-33.41634875954513,-7.960967968243382,user,squat,medium
1788982914513,9.408315283313392,-15.063568657684325,8.776546197022498,46.46346148946811,-23.948832305693696,-4.8759734376159605,user,squat,medium
1788982914530,9.53176572189331,-15.203928730010986,9.207202636121211,30.635952918256773,-21.04063850239252,-3.683941076021832,user,squat,medium
1788982914546,9.46787046508789,-14.903606059265137,9.114427321790158,26.76484075331449,-27.05731628376361,-5.332271482194656,user,squat,medium
1788982914563,9.719262223926188,-14.049026873236894,8.061128813447057,41.07851985726255,-43.84948320730712,-8.339568769031773,user,squat,medium
1788982914580,9.796025145611166,-13.528435896191,7.643040764020383,50.24243440250692,-48.85461509524119,-10.695508480765213,user,squat,medium
1788982914596,9.79258406524658,-12.69899465855062,7.227197570911049,57.26504024672269,-46.74707143437455,-13.760579776470529,user,squat,medium
1788982914613,9.845556946021318,-11.935395135608315,7.126192772895097,56.16273650714183,-40.74024107823933,-15.065138223980147,user,squat,medium
1788982914630,9.794978851428628,-11.674727014380691,7.036559848242998,48.45545884014565,-35.23097975785578,-13.584318207201886,user,squat,medium
1788982914646,9.278729702979328,-10.877756552234292,6.708255822376906,38.37270626661615,-31.180008221499552,-12.434062270779318,user,squat,medium
1788982914663,8.741829980689287,-9.99758816691935,5.549611271943151,33.07662198041786,-29.305756501923863,-12.012911952782686,user,squat,medium
1788982914680,8.47083628028035,-9.424027816230058,4.840927580536902,35.40891984611295,-25.20116798058304,-11.72962900318276,user,squat,medium
1788982914696,7.71860804618001,-8.607904325324297,3.8298268764540553,44.0648902982564,-17.835606385309887,-14.47967148379958,user,squat,medium
1788982914713,7.333290047454834,-7.966256526836752,3.580678220367431,63.04205864294907,-15.92542616315264,-16.96383519059531,user,squat,medium
1788982914730,7.038205277362465,-7.662193500518798,3.8030405763372777,74.51369603325482,-19.837779010303453,-19.128979544279964,user,squat,medium
1788982914746,6.320543914252519,-7.146991230773925,4.711042140473425,74.9681221791141,-21.93030991537441,-22.711120065817344,user,squat,medium
1788982914763,5.888688620758057,-6.663212273296714,5.329643409894406,60.65619843378275,-22.02056574261425,-26.826805937012143,user,squat,medium
1788982914780,5.770026585498452,-6.285377908325195,5.275624234937131,49.54601123925949,-20.324240450917397,-27.919516675903708,user,squat,medium
1788982914796,5.242703085327149,-5.550656689342856,4.255395052503049,45.25619823291168,-16.687960434923912,-29.500618383849744,user,squat,medium
1788982914813,4.625298332214356,-4.975749015697836,3.44735228446126,48.26911420411478,-16.280811150952157,-32.04084769844753,user,squat,medium
1788982914830,4.202424217554927,-4.764013559943438,3.2621018077895045,52.56394398440796,-18.93838823813264,-38.11675858784826,user,squat,medium
1788982914846,3.1747131549328564,-4.237738107520341,2.9478634244158863,55.78618476310445,-23.85674086511441,-47.27645207618556,user,squat,medium
1788982914863,2.8856133044689893,-3.369689199066162,2.8187255878493187,53.84633932183454,-24.188281662521412,-60.34916777021233,user,squat,medium
1788982914880,3.3906396326363084,-2.8435642610296608,2.658013924628496,50.04896587917172,-21.631946761860743,-61.03851144238504,user,squat,medium
1788982914896,4.984728440967202,-2.4563015579774974,2.421437457606196,47.1136784229804,-21.780370187619702,-52.57861864583974,user,squat,medium
1788982914913,4.467281022644043,-2.58214619821757,2.358887770190835,41.43525722251773,-23.300792494979348,-46.278691212040926,user,squat,medium
1788982914930,3.861996915435791,-2.577358087158203,2.456900985175371,30.04543866827957,-19.76649061838874,-49.28099648436841,user,squat,medium
1788982914946,3.4290947432368992,-2.5887299605220555,2.277933242034912,18.874471327879657,-16.02062704735157,-52.84529655179372,user,squat,medium
1788982914963,3.7075726619213816,-2.1935382180362937,1.8423399310559037,15.937740994226171,-15.998751658987311,-54.48860250005835,user,squat,medium
1788982914980,4.1003696182250975,-2.0636519011899828,1.6862667412906884,22.99899204876587,-19.20978921989768,-50.93048716892649,user,squat,medium
1788982914996,4.863373513361811,-1.9312234986454249,2.028938022944331,32.304598868342154,-25.27081371200237,-45.04589670836698,user,squat,medium
1788982915013,4.93475065035522,-1.891718586730957,2.4848838016003367,38.31642550785524,-33.0875229623332,-41.40666263555747,user,squat,medium
1788982915030,4.739920152172446,-1.7874208846494557,3.2939734483465557,35.04828585793628,-40.97631632161706,-39.75852432845505,user,squat,medium
1788982915046,4.933404496443272,-1.624914739227295,3.9932305552378295,20.47600896182237,-41.40054620115573,-37.44383127534568,user,squat,medium
1788982915063,5.538984956249594,-1.5002663230344653,3.7472245810911056,-3.81952502680164,-36.08386889460985,-29.977106040728174,user,squat,medium
1788982915080,5.744139280048012,-1.492036547088623,3.3083386583074925,-13.525724575633284,-32.85236296430425,-24.02918948127889,user,squat,medium
1788982915096,5.715260976088047,-1.4963766221195458,1.9952704388812184,-9.984132325877336,-30.766430021971527,-20.09634435907075,user,squat,medium
1788982915113,5.661989404627681,-1.6069582267761229,1.5363307391062375,2.232145948121541,-31.75851158382129,-19.77758796824272,user,squat,medium
1788982915130,5.175366748157144,-1.8432362953737376,1.4288903550848364,17.792861353936658,-31.37342210332139,-25.92023151338177,user,squat,medium
1788982915146,5.942110998865962,-1.7736545173645015,1.8990519983589649,24.51188407256557,-30.790680608619656,-25.917275749018444,user,squat,medium
1788982915163,6.437259491619467,-1.7844275480523704,2.1058502899721265,27.616567050362377,-26.930069859526277,-22.276120685504864,user,squat,medium
1788982915180,6.662015172466635,-1.8755571410030123,2.5993551071718333,25.315211649154744,-19.205554502612276,-21.24466137554268,user,squat,medium
1788982915196,6.866420723724365,-1.7727563994809985,3.19491335465759,20.906906813538257,-17.307257102063552,-21.040450672190342,user,squat,medium
1788982915213,7.028329195514321,-1.673995873260498,3.352930079706013,15.979828619891792,-17.693792875120206,-21.12307717812728,user,squat,medium
1788982915230,7.554453256767988,-1.218797990362346,3.408445630700886,15.628512717290308,-22.221378426854503,-17.841622074421377,user,squat,medium
1788982915246,8.335412495312093,-0.9208698135375976,3.271527515521645,19.674580177822463,-27.328507237211674,-11.923428790692702,user,squat,medium
1788982915263,8.499566115680336,-0.8113346491940319,3.335871977399289,21.487822940184305,-29.747341892143528,-6.00907919591945,user,squat,medium
1788982915280,8.677785670801997,-0.6781576202392577,3.61270242113769,18.48830780013277,-30.66314731643718,-0.1887112432174294,user,squat,medium
1788982915296,9.049334671893716,-0.5541076083309948,3.770120011249184,14.60365307761365,-32.9989900503115,7.290206679481341,user,squat,medium
1788982915313,9.208698719897866,-0.5014356101989745,3.6997903374820944,10.687498376416078,-33.86727443345479,15.71519464804694,user,squat,medium
1788982915330,9.003096652331948,-0.772130181530863,3.3381168337166307,4.53989355261866,-32.30620737789169,22.644807466712983,user,squat,medium
1788982915346,9.005043110224603,-1.0604819901064038,3.4452579425305125,-5.649297273841737,-31.73097909127697,25.50706824784582,user,squat,medium
1788982915363,9.219622264972328,-1.1860270628780123,3.4048546204715966,-13.37749581026567,-33.48228057560326,30.62735712518631,user,squat,medium
1788982915380,9.298332813593746,-1.6527473335266112,2.602348443768918,-16.58621622950011,-28.066650903456832,36.95238550418492,user,squat,medium
1788982915397,9.299530498945712,-2.018910549926758,1.9898823161020875,-15.914827417108071,-20.1756428553346,39.41453892638029,user,squat,medium
1788982915414,9.347264310023188,-2.261922018432617,1.901296854676306,-13.607621958876324,-17.582243933142852,40.78775528920052,user,squat,medium
1788982915431,9.395596671515705,-2.8829180740356444,2.001853032141924,-12.806132556947531,-19.187287161677077,38.4139879299597,user,squat,medium
1788982915447,9.099611737713218,-3.369090648651123,1.990030492401123,-12.426443194760168,-13.758733917847332,33.21392927330263,user,squat,medium
1788982915464,9.211242559161782,-3.5812761862605806,1.8170502992376685,-6.825581780530754,-9.393299618330076,29.97155992712212,user,squat,medium
1788982915481,9.547029341998696,-3.954472954559326,1.719037668775022,4.367406089753274,-0.3879387632812834,26.67297129388324,user,squat,medium
1788982915497,9.258827317157388,-4.190451747949421,2.1007634882271287,8.18141317747919,11.651726426830534,22.42942940406768,user,squat,medium
1788982915514,9.105150082617998,-4.254945262908936,2.6262907526314256,5.549164993062057,21.501869224212435,16.71585151239966,user,squat,medium
1788982915530,9.016713089752196,-4.292354663848877,3.462614735522866,3.346351078887724,19.296283320452137,7.553927113524703,user,squat,medium
1788982915547,9.06474734508097,-4.081216004943848,3.684228318952024,2.580994017998534,12.482030689320316,3.953573038791841,user,squat,medium
1788982915563,9.05277750582397,-3.967042513275146,3.81456267182678,-0.6944297085051334,9.552415705234694,3.539479159981478,user,squat,medium
1788982915580,8.884434032550454,-3.8027404243469234,3.7422871246889233,-3.3033010368793687,8.903214762361443,1.7294205464333303,user,squat,medium
1788982915597,8.590096865954994,-3.732111475372314,3.582624678260088,-3.6292415060537855,10.601644606096311,0.65804112864995,user,squat,medium
1788982915614,8.449137074169515,-3.5660134429380297,3.545513968005776,-6.99667332348452,20.42987615662081,2.478994534254502,user,squat,medium
1788982915630,8.558973413416743,-3.576787934930622,3.511396594348549,-15.293444127176992,36.795195530626245,12.143787768790238,user,squat,medium
1788982915647,8.655338276672362,-3.7467753760188818,3.378667455291748,-20.615464349201105,45.39730994116414,19.782333242168583,user,squat,medium
1788982915663,8.530841543909906,-3.85945336843282,3.4352316385567185,-21.86055319338107,44.698240079613335,23.84100240171941,user,squat,medium
1788982915681,7.879017219322919,-4.282477997478843,3.460818499755859,-17.149997119065887,32.943921650128274,16.35998328871636,user,squat,medium
1788982915697,7.073070839038491,-4.558709890802204,3.448548508508503,-9.932442308012323,24.18176736960052,2.9928311596184427,user,squat,medium
1788982915714,7.35364251513183,-4.589385599572957,3.4247575908154246,-3.3093952731663125,17.173954007579706,-4.051648151970877,user,squat,medium
1788982915731,8.10826261280477,-4.461444571575522,3.605517770330608,0.805956238924275,14.518291080914125,-4.4869420841913135,user,squat,medium
1788982915747,8.170065281245112,-4.322432114465534,3.976171868409216,0.1668827190222223,15.539107248602134,-4.362498171947797,user,squat,medium
1788982915763,8.150760861316323,-4.2390836769104006,4.160076191169023,-1.0443890715044288,15.433749873107397,-5.118805018743308,user,squat,medium
1788982915780,8.065317789569496,-4.117577650396526,4.433763368445635,-1.316446498481732,12.296098425960585,-7.309695770504326,user,squat,medium
1788982915797,8.154204279768466,-3.847034031842649,4.673633324055373,-1.3261341613240432,4.699422012194417,-8.756970166947715,user,squat,medium
1788982915813,8.233511625239252,-3.693504973602295,4.699071424433589,-1.5257496414688392,2.690724208665962,-8.73122889151323,user,squat,medium
1788982915830,8.174704046961665,-3.4168253365114327,4.740670970539749,-3.179652201343924,4.672347569211309,-9.125059306603458,user,squat,medium
1788982915847,8.407837095531821,-3.0982460013240574,4.908562023870647,-9.60593536002362,8.59880347633773,-9.144585109893232,user,squat,medium
1788982915863,8.559123635542392,-2.898032348798216,4.925922323994338,-15.242091349902251,9.819015917786862,-7.21271049938473,user,squat,medium
1788982915880,8.749910995814204,-2.645593126733601,4.75922486436218,-20.26383938053968,10.6472352650325,-3.7993930442230273,user,squat,medium
1788982915897,8.898649020385742,-2.693027370342612,4.591630455890297,-25.876545623450365,10.882552357412363,3.237558118240469,user,squat,medium
1788982915914,8.769959512108564,-2.7970255049556494,4.4381022744327785,-27.150592762163893,11.144957980040498,8.019281562056012,user,squat,medium
1788982915930,8.28797737492025,-3.270029970440268,4.0334816093444825,-24.3147204168894,9.714085429115247,10.2605159306419,user,squat,medium
1788982915947,7.654263292041421,-3.822043382970989,3.8151615145027633,-15.088345499232558,1.5713010268173009,10.549933243890145,user,squat,medium
1788982915963,7.3944924119144675,-4.121169245147705,3.751714585986733,-8.780744347901237,-5.487340255129217,9.981838236089857,user,squat,medium
1788982915980,7.031022087860107,-4.628590067236125,3.720888947351277,-6.777355095461764,-9.726885203619853,8.661811117657452,user,squat,medium
1788982915997,6.9434835051387545,-5.132419586834311,3.721038584955037,-9.920477524133757,-12.418799359305275,5.65989004347078,user,squat,medium
1788982916013,7.027730645099282,-5.223698817388713,3.6942543306648727,-15.86214275294518,-12.182684842339814,5.77466667671779,user,squat,medium
1788982916030,7.131878417316079,-5.141098860113322,3.542222525244951,-23.31928010951528,-9.094792177070191,6.452075873976368,user,squat,medium
1788982916047,7.421129074427485,-4.693084458978474,3.377621745631098,-29.966840266405644,-2.7386830222534413,7.100185694129709,user,squat,medium
1788982916063,7.743148028674721,-4.430619517461955,3.248034119470417,-29.7636797046382,2.274128773072082,9.492022318819794,user,squat,medium
1788982916080,8.346787291285395,-3.9600098381593822,2.972252600263059,-25.48245736871897,8.079798745649617,12.771533379933183,user,squat,medium
1788982916097,8.828021824976801,-3.7412402459844953,2.9047660409674045,-15.82452890118592,14.987542152366924,18.29878712613784,user,squat,medium
1788982916113,8.990527093616127,-3.850175836999714,2.996045563782751,-7.6873531514136095,15.465645148984065,21.31853157896366,user,squat,medium
1788982916130,9.011027445331216,-4.226214258465171,3.32614524089396,-1.704676798782784,13.409621605026825,21.550416501285596,user,squat,medium
1788982916147,8.881590918079018,-4.470722395269572,3.530700429755449,0.3634650749072171,12.094031548233987,19.401189903461653,user,squat,medium
1788982916163,8.51557733928263,-4.921730133001506,3.6839284592226154,0.7837881662819111,15.222138659789351,13.506176574228707,user,squat,medium
1788982916180,8.431481005969642,-5.222800991766155,3.738695822198689,1.105454271057222,15.606681725155656,9.011205175781225,user,squat,medium
1788982916197,8.418761225128174,-5.254823731231689,3.787627318628132,1.6422279523145344,13.87598350646071,5.67885406370132,user,squat,medium
1788982916213,8.179490112194419,-5.222501716558635,3.8572085121154784,2.4091887202765028,10.934822941356824,-1.3442145258307132,user,squat,medium
1788982916230,7.825448126220703,-5.065981075286865,3.793163909967244,3.012235300163625,10.804017134788264,-7.397944375901829,user,squat,medium
1788982916247,7.711424272155761,-4.845414662823081,3.761141755023599,3.405938502980562,10.858177973585526,-12.736715636865398,user,squat,medium
1788982916263,7.997681008148193,-4.346672821752727,3.8766619851261375,2.055308295085091,10.61490968723812,-14.178524174425483,user,squat,medium
1788982916280,8.391078268432617,-3.845985399572551,3.946392816217244,1.220095474459595,7.949763042909976,-12.085911307084489,user,squat,medium
1788982916297,8.449437518420815,-3.661332888793945,3.914670521003008,-0.270398331339225,6.109324601707258,-7.543888442992077,user,squat,medium
1788982916313,8.401852760425209,-3.379266005706787,3.9619557115301487,-6.10275993614123,8.68944435549203,-1.6095600112880095,user,squat,medium
1788982916330,8.016986012598872,-3.274221284650266,3.6375419711008665,-9.192855764305005,14.105597390883611,1.5883843971485605,user,squat,medium
1788982916347,7.860911653789877,-3.2252883269160986,3.5613752617433665,-10.60974179535736,18.1496311625904,3.548045284417732,user,squat,medium
1788982916363,7.964011378258466,-3.2466859197318554,3.539228311865032,-7.98588193701465,14.864788285056164,5.727957574305012,user,squat,medium
1788982916380,7.746890137812494,-3.3596637718752023,3.569906358723342,-4.517650614699691,9.602704680546204,6.145636021769162,user,squat,medium
1788982916397,7.680002713453769,-3.4247561295107003,3.605519231635332,-3.315624405689364,6.74548073703943,6.422216848246012,user,squat,medium
1788982916414,7.406163560485839,-3.780743696594238,3.8037881798341866,-6.419798107506181,3.375558248439168,3.7687233604155534,user,squat,medium
1788982916430,6.907872093531489,-3.9405575341925023,4.230555502539873,-11.660012300067406,-0.2707340511451869,-0.2362746795654148,user,squat,medium
1788982916447,6.774694626185298,-4.052186894336343,4.266468527442217,-16.63307303475369,-4.937283350040111,-4.231826834728521,user,squat,medium
1788982916463,6.781426564788818,-3.92963282007426,4.222923107965291,-24.652891620433195,-2.3568959382172388,-3.077844603226888,user,squat,medium
1788982916480,7.616106872126459,-3.381660791888833,3.709368020905554,-31.14795414372468,5.867701537176179,6.440677568912087,user,squat,medium
1788982916496,7.772476999011635,-3.1563059761047363,3.52037514283508,-37.251271167170096,13.423594464521376,18.517093632389788,user,squat,medium
1788982916513,7.553705068749189,-2.9516008573785424,3.160795104217529,-43.567427130436855,16.134134546073426,29.97809983325241,user,squat,medium
1788982916530,6.400598863220215,-3.266888165283203,2.570625564032793,-41.732411432548304,8.070095608159969,29.893736751719,user,squat,medium
1788982916547,5.485564331707358,-3.292026405932009,2.2685066575199366,-35.64347195730577,2.927868376648805,22.363410503097622,user,squat,medium
1788982916563,4.732739885279536,-2.869151999011636,1.909825905829668,-29.070128635936765,0.415423577903547,12.884109411606982,user,squat,medium
1788982916580,5.006278009474277,-2.076822056147456,2.0825079928293824,-25.731470697932004,-4.496627292434392,10.43098123062614,user,squat,medium
1788982916596,5.094412804523111,-1.631798069000244,2.0828060989931223,-27.854334473106984,-0.8551476348526771,12.657757796286406,user,squat,medium
1788982916613,5.10129554977417,-1.0356406865775585,2.0225024369388818,-38.555827053358776,13.44860747103561,19.06799449272821,user,squat,medium
1788982916630,4.841825698420405,-0.7214034722477197,1.6796835635080931,-44.81165195568681,19.99336901204905,22.86126640679444,user,squat,medium
1788982916647,4.787506079211831,-0.7731774986267089,1.5068506698608397,-45.7653273638336,17.02981652552493,27.55135411171439,user,squat,medium
1788982916663,4.387824039569497,-1.5064011725276707,1.0648220651373266,-42.15095517960293,11.91823357805526,28.252020529983685,user,squat,medium
1788982916680,4.014477633666992,-2.054523715099692,0.8162742975533008,-38.58688392351482,8.014238321127603,28.111511585925477,user,squat,medium
1788982916697,4.061463256725669,-2.3202795148551463,0.794127055414021,-34.322923183175504,4.071168832618773,30.03869727156876,user,squat,medium
1788982916713,3.739744162207842,-2.853889547950029,0.5740116015881299,-31.45261131655852,6.983563629146326,32.36961202395692,user,squat,medium
1788982916730,2.9837749880135056,-3.3095354668766257,0.6992573991522193,-29.93346796212096,14.193431916062684,27.81883968753772,user,squat,medium
1788982916746,2.8570319376289843,-3.470246253314614,0.6567603196844458,-25.345901396642905,19.951160150525663,21.944193982409757,user,squat,medium
1788982916763,3.583520750316977,-3.458273491448164,1.176001927947998,-21.267767905504837,21.482884713414386,20.032804816769413,user,squat,medium
1788982916780,4.159027558898925,-3.2945711219787595,1.695993477796018,-12.799382622500266,15.153133258604711,17.801441779081486,user,squat,medium
1788982916797,4.60285386069417,-3.2713778779178857,1.8884277284920212,-7.458898691602316,13.679316747046654,18.412571247521083,user,squat,medium
1788982916813,5.640290198516845,-3.4717414603084324,2.068141613824665,-4.311732790941677,16.084043646247846,23.610536451197547,user,squat,medium
1788982916830,6.110750824737549,-4.161571398162842,2.625392927008867,-9.053858853374306,24.21993788177713,33.51640420069665,user,squat,medium
1788982916846,6.014685821211338,-4.697873739081621,2.9285590044870973,-17.545376279550414,30.83153880023467,37.64267515755768,user,squat,medium
1788982916863,5.94974134761393,-5.987599076843261,3.5649677332773804,-23.99137413893912,29.32423216362875,39.41236692622422,user,squat,medium
1788982916880,5.999868775829673,-7.217170682415365,3.6156940041691055,-28.885006603767323,29.49143519451066,38.92034058898401,user,squat,medium
1788982916897,6.24407851420939,-7.807043285480141,3.5573362154856323,-28.699686496111955,30.63696037115935,39.73163387369272,user,squat,medium
1788982916914,6.424541464343666,-9.087491676330568,3.361160440173745,-22.54916774285988,33.70989662969394,39.53199768953699,user,squat,medium
1788982916930,5.726480873760581,-10.188075082939864,3.8745670586735006,-14.375758693314298,30.059081971146664,33.0374610908116,user,squat,medium
1788982916946,5.424962271228432,-10.270077658843991,4.579361049164832,-16.443036681476425,29.90324095994907,24.94672294343256,user,squat,medium
1788982916963,6.034287178260088,-10.352977475848794,5.126734819196164,-16.443086200347906,29.427139208758742,21.339635155951708,user,squat,medium
1788982916980,6.3622922211796045,-10.50830072402954,5.069124634009599,-4.552730039390053,21.20281792913989,17.026995657397713,user,squat,medium
1788982916996,6.674436847144365,-10.525659855109453,5.432893941010534,-0.5319476723610224,14.68746803646617,16.901904157843514,user,squat,medium
1788982917013,7.400926244354247,-10.660481582531332,6.66171735856384,-4.863719651358135,10.250853774287272,18.121217575643144,user,squat,medium
1788982917030,7.539041168102622,-11.322477757042646,6.795792067010701,-11.68182450918184,5.503649893093561,18.463196609649216,user,squat,medium
1788982917046,7.720553335028886,-11.57372104732096,6.828863438746333,-18.713528165372065,4.368816950703705,19.8676064464089,user,squat,medium
1788982917063,7.925854958343505,-12.099546417888998,6.360346640069783,-20.71070621453505,0.8213925731702096,20.46416370625428,user,squat,medium
1788982917080,8.016384539574384,-12.89681498619914,5.665579538074136,-16.801961414813302,-2.2115851577290986,19.253242883397306,user,squat,medium
1788982917096,8.19759743129313,-13.322386084857582,5.423765754920244,-12.11888746039731,0.3304376151343411,18.758843055420517,user,squat,medium
1788982917113,8.316259466552735,-14.17995860748291,5.31737341864705,-3.931771501847983,3.9304835843026127,12.476569953078892,user,squat,medium
1788982917130,9.211093506079912,-14.801104885211586,5.973234743665159,13.660807788169569,-0.4443554321345012,2.2529180474914305,user,squat,medium
1788982917146,9.949404858508704,-15.13120485458374,6.385934962573647,31.43374291897636,-9.811297804024749,-2.0444192660007983,user,squat,medium
1788982917163,10.957812085723877,-16.025438590130207,7.199215339007973,46.37030795447289,-14.5791566041554,-5.042375201930866,user,squat,medium
1788982917180,11.170746980395911,-16.38232485961914,7.987954856164753,46.36831012414066,-14.228661178027965,-6.159990091196767,user,squat,medium
1788982917196,11.501745359912514,-16.488417920684814,10.091111669269203,21.18067274830341,-7.449910162654579,-5.3436548462201285,user,squat,medium
1788982917213,11.01258061774373,-16.11851493323445,10.465057502369582,3.79100941390366,0.85054872974629,-7.321478700596244,user,squat,medium
1788982917230,10.88463929748535,-15.867571502685546,9.890896263177693,4.501145035683532,4.075659681998057,-8.521845173638258,user,squat,medium
1788982917246,10.256460052379966,-15.307028454479576,8.420557168634236,26.6964176257566,-3.3254818627655736,-13.480400294074729,user,squat,medium
1788982917263,9.247005361938475,-14.268393846783042,8.237101758685707,40.39079835501772,-10.610516168054511,-19.07486737058054,user,squat,medium
1788982917280,8.935459870910645,-13.526041694530845,8.275858482581377,46.19522630038337,-17.453640008807973,-23.663154521016036,user,squat,medium
1788982917296,8.75275352576375,-12.14234452612996,8.203583812226354,39.94285747377536,-23.311500524050636,-26.81533804939569,user,squat,medium
1788982917313,8.65040023574829,-10.946738318523764,7.700351966260373,28.348148612362444,-25.36869886054512,-25.7762272200158,user,squat,medium
1788982917330,8.476222064971923,-10.40056106480062,7.1152683510378,16.553723312071067,-26.092316421972946,-23.19806986495694,user,squat,medium
1788982917346,7.9869065161556,-9.459041846466064,5.638794991523027,2.916246809776028,-23.383748557543736,-20.91394532347796,user,squat,medium
1788982917363,7.688679356384277,-8.711900706371665,4.169802635413408,-2.562308754863494,-20.10202878400749,-18.57780547637474,user,squat,medium
1788982917380,7.644985176086426,-8.283638468933106,3.355175812806189,0.8163533876666212,-17.978159263477224,-14.884781956304083,user,squat,medium
1788982917397,6.978350235858559,-7.479037073516845,1.9638447885259984,16.705075181436673,-11.65496649781806,-13.966883932803473,user,squat,medium
1788982917413,6.458658253479004,-6.977151965984702,1.4016554344177246,35.009586006098985,-9.506039574543951,-13.69931810225739,user,squat,medium
1788982917430,6.205770703124999,-6.919541488537192,1.466448809106648,54.4966552930898,-11.391726738337535,-15.192628827480313,user,squat,medium
1788982917446,5.19047956161499,-6.913855844116211,2.3795380517706275,71.33069810643464,-16.118238988327516,-23.48771940463696,user,squat,medium
1788982917464,4.652981288909912,-6.777834677776694,3.445107135882973,69.78351682545419,-16.822629567241762,-29.828692860252964,user,squat,medium
1788982917480,4.486135945239663,-6.572532469940185,4.106206653815508,52.49997243264163,-14.73815828539142,-34.947632775232385,user,squat,medium
1788982917496,4.279634883007407,-5.870282610973716,4.928913907025755,14.925213261095973,-8.475922396753678,-38.16126068538548,user,squat,medium
1788982917513,4.083161293792724,-4.696675469207763,4.4020401964485645,-6.0127461537301015,-4.000721834632439,-39.51711470733554,user,squat,medium
1788982917530,3.99622243053019,-4.228309184917808,3.5350393357425927,-8.988680065672167,-7.311948879156784,-40.46502202072825,user,squat,medium
1788982917546,3.6231758843570954,-3.559878593444824,2.429815702112019,-1.1501545508020763,-20.55568994867974,-46.18070873330251,user,squat,medium
1788982917563,3.398571010157465,-3.1588503998905417,2.016367879706621,4.39654794562078,-28.21983838616188,-49.33594194114658,user,squat,medium
1788982917580,3.600131108856201,-3.3023522773742675,1.7390885231569408,3.309191007821447,-27.54863398887743,-46.44980111112808,user,squat,medium
1788982917596,3.143438311225176,-3.681684187427163,1.9069830836191768,-3.675990735827937,-21.8785866003372,-47.008773547518174,user,squat,medium
1788982917613,2.3141467111885548,-4.351013189044594,1.7244246225103734,-6.387515218394116,-17.185973432971636,-53.30898101907295,user,squat,medium
1788982917630,2.1154262198299167,-4.346372669762372,1.7060189049869774,-6.497711356028986,-14.780010269530672,-61.284241158154586,user,squat,medium
1788982917646,2.2471078956604003,-3.6733038970947263,1.3825026979193091,2.402088525190863,-16.92285234802794,-71.4621997385249,user,squat,medium
1788982917663,2.651580092188716,-2.6559187059149143,1.050158749012649,14.848732217864756,-20.612361735770627,-77.65722229686149,user,squat,medium
1788982917679,3.1986551715344187,-2.0085858475282787,1.0111024576485157,27.92931458226809,-23.17571636335078,-76.65009724336477,user,squat,medium
1788982917696,4.297592564502359,-0.8325836273193359,1.248576750293374,38.58607113100359,-21.583650494239585,-67.1620219201116,user,squat,medium
1788982917713,5.174018840679526,-0.2582739195674657,1.849221215002239,39.83581133400833,-19.14552738509161,-56.76806202233421,user,squat,medium
1788982917730,5.374086070472002,-0.1996165634155273,2.1498443299993872,36.71939067612286,-17.0739873588874,-47.06868113672836,user,squat,medium
1788982917746,5.469404639545083,-0.3779842948362231,2.4775509744942186,30.74305369953716,-13.711090787065556,-39.28203325648204,user,squat,medium
1788982917763,5.77825548466146,-0.66723378290385,2.724003815625608,21.636316375382258,-11.039511812086548,-28.859000658502502,user,squat,medium
1788982917780,5.864448497992754,-0.8882494004398583,2.6800109446421265,19.228372457081992,-12.75697995435918,-23.369497367840506,user,squat,medium
1788982917796,6.289419877192378,-1.3346180801942944,2.4907199604079127,19.14154196971091,-13.507665555467772,-17.775420465891028,user,squat,medium
1788982917813,6.771701874110102,-1.6717513092041014,2.513613637000322,19.515134534290397,-12.951155402273471,-11.449000435849031,user,squat,medium
1788982917829,7.069480121070146,-1.815103841345012,2.535460727149248,20.155280353871497,-13.356045601177245,-5.727897383262951,user,squat,medium
1788982917846,7.318477093726396,-2.1637597503662107,2.8488018694221973,20.51785411577245,-15.525212936283037,-2.400496664227427,user,squat,medium
1788982917862,7.447016379877924,-2.508525081689656,3.1818951753914355,19.631891495509883,-19.93808375335968,0.4944648214956089,user,squat,medium
1788982917880,7.569119495502114,-2.697366860851645,3.3698391289308667,17.103097625129994,-21.110646233837866,1.6706274519966242,user,squat,medium
1788982917897,7.866597882732749,-2.972849397112429,3.547757947540283,13.73982027026192,-21.321501003705325,2.6530350113824204,user,squat,medium
1788982917913,8.119935514941812,-3.191321175384521,3.64517261210978,8.702293648868118,-22.08092753940424,3.753507833378882,user,squat,medium
1788982917930,8.091504370227456,-3.2260368071958423,3.717298229382932,3.88520924850236,-23.039467749787367,4.087968109769243,user,squat,medium
1788982917946,8.03853207397461,-3.2221459372371437,3.73465589915812,-2.962474383852321,-22.075135538988068,3.371110941515844,user,squat,medium
1788982917963,8.22857416883707,-3.1877304574161767,3.471893143738806,-8.791392612817287,-20.117632351166385,1.6990986686649994,user,squat,medium
1788982917979,8.460809976306557,-3.0294129958555103,3.2600054200321438,-9.4534257735937,-17.005219306776418,3.752107644599029,user,squat,medium
1788982917997,9.08464914638102,-2.8983301627010105,2.954894930487871,-7.9681183225307395,-15.569409382854897,6.828422712338656,user,squat,medium
1788982918013,9.358485376739502,-2.890549007305503,2.8146836189821363,-4.488872466405488,-12.58407798438854,11.661658375657378,user,squat,medium
1788982918029,9.29563699863851,-2.96895911167562,2.767698288184404,-2.2605328546423484,-8.77936123459431,13.26154908023647,user,squat,medium
1788982918046,8.98962809894979,-3.246387229046225,2.781315017865598,0.5201782959257384,-7.404964956594957,10.471915408095674,user,squat,medium
1788982918063,9.153630912670492,-3.422959893743694,2.915090158843994,2.8491521540117004,-6.2460410832288185,7.752599387233803,user,squat,medium
1788982918079,9.267356076049804,-3.499873622076213,2.939930585590005,2.37493959045712,-3.736931818036907,6.39533023546508,user,squat,medium
1788982918096,9.39739173823893,-3.5706522086545824,3.029264819556474,0.4437583508710804,0.0828195254820557,6.537060075837429,user,squat,medium
1788982918113,9.241020442309974,-3.505560143280029,2.959084198871255,-1.3565390685794725,5.576767921932194,6.595982410259837,user,squat,medium
1788982918129,9.121461165949702,-3.524564118957519,2.949956597302854,-1.2494311369448,8.25471391387812,4.430360797106927,user,squat,medium
1788982918146,9.004592443847656,-3.449595387212932,2.9715047045052048,-0.9691680914533726,8.823830034959323,1.3430260729151309,user,squat,medium
1788982918163,9.025693099543451,-3.422512149976194,3.0249250367864966,-0.0456146579797764,7.555259854186502,-0.8143682038565275,user,squat,medium
1788982918179,9.125350574603676,-3.33257907333374,3.0521593729317185,0.233547833260993,7.508986176333312,-1.857061627538648,user,squat,medium
1788982918196,9.113380735346674,-3.2541695534855126,3.186234373639524,-1.4034122022540367,8.825780053967362,-1.4339496578680464,user,squat,medium
1788982918213,9.101558780127764,-3.2448911452695723,3.2420489075809718,-5.473886063124762,11.192035058894811,-0.7315749452543073,user,squat,medium
1788982918229,9.003695787268876,-3.186084736035764,3.2426480425179003,-9.793165359325656,13.927346529019204,-0.1846000563064635,user,squat,medium
1788982918246,8.901940463146566,-2.953396800884604,3.257312527686357,-13.028241771019884,14.192377505609564,0.6282311949042525,user,squat,medium
1788982918262,8.852860498157144,-2.7977739852353927,3.232173410254717,-15.952437853772748,14.786715807748331,2.373474087993329,user,squat,medium
1788982918279,8.751406202808022,-2.559550920049846,3.0315090913519263,-18.694367777202885,15.801591418405724,4.90001356906029,user,squat,medium
1788982918296,8.66267110377848,-2.2930466400146483,2.8485028864756226,-20.559038448920337,18.061021410940526,9.31244298516182,user,squat,medium
1788982918313,8.667308115929364,-2.163609528240561,2.78355870513916,-20.16152485432018,17.793855146460892,14.348340606438574,user,squat,medium
1788982918330,8.470237145343422,-1.9840449882507325,2.670882758551836,-17.20685673635895,12.464709329585164,21.461234721292737,user,squat,medium
1788982918346,8.451830551037192,-1.76557320997864,2.852392587390542,-13.760471347217454,-0.2837247241010074,31.533371473304747,user,squat,medium
1788982918363,8.697087752643228,-1.499668064880371,3.0964518113836643,-9.146537690222209,-20.473474961640296,43.24899688114169,user,squat,medium
1788982918379,8.198944169726968,-1.5693988959714769,3.208230809131265,-11.190681827665502,-22.826029460866344,48.72682567096484,user,squat,medium
1788982918396,6.931663888007402,-1.5634133918210864,3.075352909253537,-26.46307958068875,-8.256552942312146,53.76627242928907,user,squat,medium
1788982918412,6.798783942303061,-1.6346408912107349,3.167828656116128,-41.06034130878656,-1.5787419843095003,63.35746311844192,user,squat,medium
1788982918430,6.414068001124263,-1.8873796807438132,3.00666954138875,-55.26330987647788,-0.0895088820210766,72.98432788562975,user,squat,medium
1788982918446,4.393212162348628,-2.4206875160217285,2.524686235156655,-61.87160327582984,-3.488838643371122,67.41368024008071,user,squat,medium
1788982918463,3.0219319924503565,-2.952649197387695,2.3371906099066138,-63.76268458152044,-10.631269697847594,46.52406575797363,user,squat,medium
1788982918480,0.5690723916202783,-4.038868563079833,1.9870386171087624,-68.1355287825135,-21.72945624999914,8.013865222044192,user,squat,medium
1788982918496,0.8093903832584619,-4.645349771118164,1.4112325333192943,-72.8206628927379,-19.794764186458007,-7.675435325085584,user,squat,medium
1788982918513,1.618780181995034,-4.611531088146567,0.8129819780096411,-75.59152037485033,-9.12503625471501,-13.579192150229792,user,squat,medium
1788982918530,2.6625036372631787,-4.010288365283608,-0.1602604123219847,-65.39803677449659,3.966392023203485,-22.518495070844644,user,squat,medium
1788982918546,3.6707606423527,-2.9339444969177246,-1.1487667150199412,-40.51346513741656,6.712758581386368,-24.726620097428896,user,squat,medium
1788982918563,4.305522772979736,-2.432059389385581,-1.8026839202329517,-1.1704408529672488,7.047474989870604,-22.04805383892897,user,squat,medium
1788982918580,4.770297754779458,-1.7708114028930664,-2.692279182323813,42.57879481411794,11.156621381821942,-21.00294951855239,user,squat,medium
1788982918597,4.39246163624227,-1.3218980070918798,-1.6234177786678077,80.09281994356384,15.17369042045916,-23.954795060839118,user,squat,medium
1788982918613,4.539855844989419,-1.0232213499873877,-0.5419868162959813,109.06653021408212,9.389536184097398,-23.95071914545191,user,squat,medium
1788982918630,5.710770094409584,-0.2289455337524414,1.6910554368719457,128.6756276607844,-3.7083517452286343,-7.893534364341492,user,squat,medium
1788982918646,7.861661010852456,0.1399111595153808,4.078972317670286,121.40273294952809,-12.594221669079657,20.23068734985573,user,squat,medium
1788982918663,8.56705267497599,-0.2962824554443359,5.103540990613401,87.66521844992519,-7.952344854416241,53.01932294165647,user,squat,medium
1788982918680,7.859566084399819,-2.0905869621276856,6.407183794568478,18.187373080396597,18.514078103871228,78.2585111702544,user,squat,medium
1788982918696,6.906523017010092,-3.873667479485273,6.548591037860512,-32.4339831417897,35.33885918070154,84.5503311695084,user,squat,medium
1788982918713,6.922983153423666,-4.855290160149336,6.08082301172465,-64.05393750810812,31.551044587782155,84.90110236452357,user,squat,medium
1788982918730,6.60096419917643,-6.481103894042969,4.5706811913639305,-68.9234320844095,5.061846790594103,75.24152782140054,user,squat,medium
1788982918746,5.853524368396401,-8.084021905517577,2.658762112647295,-58.64700949696429,3.4379550147149964,60.41343302011298,user,squat,medium
1788982918763,5.79651244136393,-8.442703241729737,2.171093161994219,-47.65051763136506,5.57018746155371,47.0652762874271,user,squat,medium
1788982918780,6.653337945014238,-8.972720218768716,2.439393093274534,-27.036403952072327,-21.68692295449017,32.32567683212081,user,squat,medium
1788982918797,6.305880598127842,-9.393052832251788,2.6894384059399363,-6.518789319807645,-55.52637461236092,15.214471772446013,user,squat,medium
1788982918813,6.131700673785805,-9.515755082812904,2.8995290170967576,-1.1979477323021823,-57.56684923067262,-1.009351908609556,user,squat,medium
1788982918830,7.026233684539794,-9.228001386260988,3.25536723883748,-10.438645556648542,-39.010126840718414,-2.2851563269304798,user,squat,medium
1788982918846,8.354566693115235,-9.201215670666098,3.332429727990925,-13.1821985037802,-29.786724762897823,-5.485450854050063,user,squat,medium
1788982918863,7.859715722003578,-8.634239374542236,3.387796518164873,-12.755639529734566,-31.65574455756928,-4.936348041010643,user,squat,medium
1788982918880,8.55523013523519,-7.737759321373701,3.789871882684529,-18.897311480464182,-25.02260122246952,0.6280965121115563,user,squat,medium
1788982918896,8.867824258533119,-7.788187778362631,2.9981400518439707,-21.92990693421338,-4.381689722855064,4.290871258782342,user,squat,medium
1788982918913,9.087042763519287,-7.778461334118247,2.698414908599853,-23.358507593465955,19.909379883372697,8.316486998505361,user,squat,medium
1788982918929,9.705645201984048,-8.109760157886146,3.0120564951241016,-18.174395720973568,17.50749263531894,15.128105737938494,user,squat,medium
1788982918947,9.191041482654214,-8.961796673694252,3.5314487639047205,1.8655457897048613,-18.33709424209786,15.526053049550947,user,squat,medium
1788982918963,8.759935546222328,-9.490465743255614,3.7825396401003,6.996298516853815,-30.97518450866921,7.316748794596011,user,squat,medium
1788982918979,8.783129959326981,-9.937433850207924,4.4086245432749385,-4.294789652931814,-21.56574003068852,2.448856324541821,user,squat,medium
1788982918996,10.314969524493812,-10.673201363372804,4.661062304034829,-25.75217983149548,-11.169075377999814,6.1718652288424805,user,squat,medium
1788982919013,10.84678098373413,-11.143511767467857,4.582652784186601,-30.507579512806384,-10.453584887910653,10.176856358593,user,squat,medium
1788982919030,10.631452471923827,-11.68924010837972,4.090943179840594,-34.70948798453613,3.4755624631719098,15.407247031580454,user,squat,medium
1788982919046,10.05564638813436,-12.790123959240317,3.749170016070455,-21.33453641973629,5.868988174061081,9.013081770255685,user,squat,medium
1788982919063,9.994296724158524,-12.932879402270911,3.809325501825661,-10.811113701335907,13.04727238559483,2.146321419549157,user,squat,medium
1788982919079,10.66182890548706,-12.579883125957846,4.190451747949421,-0.9684022564926849,14.96818539625911,-3.1088163094617216,user,squat,medium
1788982919096,11.697022432819008,-12.38550504771769,4.5283340417608615,13.612753138490296,4.544878736939124,-6.743827831260287,user,squat,medium
1788982919113,11.96996142207682,-12.410492773979902,4.767155511230975,16.9299916032579,-1.548411141917884,-8.329396056036686,user,squat,medium
1788982919130,12.556689881896972,-12.120196991729737,5.361217236548661,11.580280940564908,1.973906100556879,-7.475324442782551,user,squat,medium
1788982919146,13.683610675811767,-12.11151801071167,4.901081020465493,3.945936460412944,13.961138036164195,0.8630373037568352,user,squat,medium
1788982919163,13.992762549701332,-12.18708500061035,4.557213807025551,4.747159911850929,19.81437878220699,10.518020038766906,user,squat,medium
1788982919180,13.339893099975583,-12.116305829510091,4.613028487097472,7.222400830269685,20.199092602302542,14.214362177000542,user,squat,medium
1788982919196,11.85429155437052,-12.101193016052246,4.611682771576941,15.460981837328235,14.014268370170434,3.846302783442675,user,squat,medium
1788982919213,11.780670437842607,-11.8301999001652,4.450372996332496,24.15076855605241,13.863719048032303,-0.5954901495092675,user,squat,medium
1788982919230,12.552500613513589,-11.155184085083008,3.9333755137339232,35.83840214112335,11.241232911486414,0.6218090028154423,user,squat,medium
1788982919246,11.873295530048011,-10.645070078387857,4.319140963965654,41.09433516028571,4.8139062279675855,1.9263229473737504,user,squat,medium
1788982919263,11.179725821143387,-10.453833220782876,4.848708443671464,34.00717719822416,-2.649106158505782,-2.3404616493005417,user,squat,medium
1788982919280,9.995343602862954,-10.38080948562622,5.215917954254151,20.055870365596547,-3.951684064599509,-6.7807633598576,user,squat,medium
1788982919296,9.271097016143798,-9.96526527546346,4.688147294837236,2.333260922368056,-3.83739365544404,-13.580618805992678,user,squat,medium
1788982919313,9.087192985644936,-9.658808047485351,4.110695197406411,-2.9196755647393746,-3.0716451393380426,-15.223941829730236,user,squat,medium
1788982919330,8.22273654872477,-9.160963155254722,3.143438018964231,-3.243581064427951,-1.587758047457329,-18.61294167701258,user,squat,medium
1788982919346,7.61625534068644,-8.749012001147866,2.8511963633432984,-1.0885671619428945,-2.4396865821376674,-26.25887741507288,user,squat,medium
1788982919363,6.646901774486899,-7.996034409984945,2.289305992181599,6.734641653713442,-7.876521216892637,-38.02691427950591,user,squat,medium
1788982919379,6.5219555443912745,-6.955904010772705,1.7105086176216602,14.327151652085902,-7.740574839199995,-41.74316556539649,user,squat,medium
1788982919397,6.55592503401041,-6.095488958197832,1.4835092495009303,23.584566364425868,-5.349704259390644,-40.938528300033965,user,squat,medium
1788982919413,6.375758436474204,-5.734411666759848,1.601422804480791,27.45597564259704,-2.719284004350136,-40.20299888869364,user,squat,medium
1788982919430,5.7151095849186175,-5.067478035846352,1.8619418726265429,27.502243344034703,-0.1095653123021025,-41.22373650920619,user,squat,medium
1788982919446,5.562179953876138,-4.88417138671875,1.9482830622568723,25.4945228978878,0.8032611956881761,-41.02636453276033,user,squat,medium
1788982919463,5.239710333251953,-4.336646225517988,2.0943279022216794,19.70121279294364,-2.405799025457472,-40.32813136938285,user,squat,medium
1788982919480,4.447080530658364,-4.049941745758057,2.0739783571541306,14.29914104629968,-4.857826905651707,-45.16688667932459,user,squat,medium
1788982919496,4.195987462505698,-3.836108440941572,1.9197014031559227,11.823457873132163,-5.826558612050139,-50.475695607946605,user,squat,medium
1788982919513,4.659416874915361,-3.381511154285073,1.379061617554724,17.180263394825506,-9.32609738708632,-50.96365798263066,user,squat,medium
1788982919529,4.74949812785685,-3.26299700306356,1.079336620441079,22.909849542360742,-11.746699353465914,-50.11383560081392,user,squat,medium
1788982919546,4.533720703235268,-3.150021489007771,1.1249766741096974,25.128477692341185,-11.500026217817258,-50.497579534047325,user,squat,medium
1788982919563,4.1883582828015085,-3.101240214703977,1.4924866289436816,22.01859352549141,-9.568673263006616,-52.68513544594609,user,squat,medium
1788982919580,3.998617801234126,-3.0205852540165186,1.6168357699289917,19.2105371256118,-9.41969488437759,-54.42621213708487,user,squat,medium
1788982919596,3.9270881040275096,-2.9743457731500267,1.6594810256958006,16.10297522307983,-9.85614738743599,-57.87880446063461,user,squat,medium
1788982919613,3.936066944774985,-2.8232123778745533,1.7473182991027831,8.53438113208617,-9.980426094478958,-61.016286006825815,user,squat,medium
1788982919630,4.314201753997803,-2.5809488051265475,1.4671972893863916,3.8320840371380007,-7.65713041810995,-60.95909000271613,user,squat,medium
1788982919646,4.394706200298667,-2.4380446012750268,1.1933601822450757,2.928092492230946,-4.361719957269238,-61.310059273217234,user,squat,medium
1788982919663,4.400393013763427,-2.2553373793452978,0.8185185693487524,3.763312569932435,2.960606327114322,-62.041285665380464,user,squat,medium
1788982919679,4.057274572864174,-2.090287686920166,0.8095406053841113,8.274442915295703,3.0903647668623435,-68.02937398243317,user,squat,medium
1788982919696,4.248062517657876,-1.979256292669475,0.7920318367004394,15.39753791767528,-3.8037332025537474,-72.09124650070473,user,squat,medium
1788982919713,4.897938046264648,-1.5414166640684008,0.9103954735353588,21.56931221962444,-7.2923248918976915,-74.23445740941719,user,squat,medium
1788982919729,5.824944755122065,-1.1300637681156396,1.3192068683117628,19.291707093708222,-4.252547494236224,-69.30242562107517,user,squat,medium
1788982919746,6.378751773071289,-0.9006684447690844,1.6020204781129956,13.751424761661772,-1.707030546003794,-60.852764447906544,user,squat,medium
1788982919763,6.8191346564143895,-0.6078276542112231,1.882441347558796,8.017725986472541,-3.0757641702943834,-52.144082010843526,user,squat,medium
1788982919779,7.155220714458823,-0.2621644972652197,2.0313304710388183,5.579547382037566,-5.645328080160313,-46.56415555330703,user,squat,medium
1788982919796,7.433696879577636,-0.0998082817077636,2.101212108777464,5.2718913292712735,-10.724644360217193,-40.44275901912859,user,squat,medium
1788982919813,8.016386293140053,0.0199018013000488,2.062605607007444,6.362084289680043,-14.887321079128036,-29.191962135256865,user,squat,medium
1788982919829,8.17799432067871,0.0010479016177356,2.2343895761236547,5.12749643446215,-15.300176986151332,-22.997320359966512,user,squat,medium
1788982919846,8.323591709136963,-0.0121202075131237,2.43250888671875,0.0307403235715402,-17.351079595778355,-17.53528467505172,user,squat,medium
1788982919863,9.036165978240966,0.1782186783388256,2.6449948685795066,-9.802529548677745,-18.47071494037811,-6.86075597409585,user,squat,medium
1788982919879,9.956738270136713,0.068534168652445,2.55042419526428,-17.804168732107613,-17.0807748593751,3.0978346459368105,user,squat,medium
1788982919896,10.243293112292886,-0.096366616821289,2.551921155823767,-24.43975215228836,-12.90200536100606,12.291419746379123,user,squat,medium
1788982919913,10.39368007311523,-0.6049851242616773,2.2293021898567678,-25.375424889330283,-9.147024341200572,20.28568574059997,user,squat,medium
1788982919929,10.19615726710856,-1.47961647984609,1.8475766626656052,-19.901176826179512,-9.094723875178492,21.22199197768741,user,squat,medium
1788982919946,9.957186013904211,-1.902193072863668,1.8336600732550024,-14.030999772316026,-6.460095796722433,18.603995836747156,user,squat,medium
1788982919963,9.916634223285318,-2.644246388299763,1.9506763871341943,-9.992136453810945,-3.783751911023698,15.242398708414903,user,squat,medium
1788982919979,9.897928938293456,-3.2245401388973,1.9294281396612525,-4.94353126558338,1.0462619307191874,14.06532147289534,user,squat,medium
1788982919996,9.535207971301674,-3.430591411535442,1.9408000130251049,-3.009560000443096,6.161992190397227,9.177386239608571,user,squat,medium
1788982920013,8.967932399970293,-3.5711014137268062,2.173486779132485,-4.419768881251531,9.68428616754013,1.6183072424589746,user,squat,medium
1788982920029,8.838495288196206,-3.252074042510986,2.2272066788822413,-5.014676650412349,9.844186872425652,-6.920719058593039,user,squat,medium
1788982920046,8.853608686175942,-2.899228572845459,2.11018978048116,-3.4173867538031493,10.36516723533119,-10.942279800383186,user,squat,medium
1788982920063,9.30132556566894,-2.121412308502197,2.0036489756479856,-1.3348430794026327,11.161510943494024,-11.6079568670818,user,squat,medium
1788982920080,9.834035435053703,-1.4532804077148436,2.133833983179927,-0.2624213373993111,10.27251059659809,-5.379551332289953,user,squat,medium
1788982920096,9.906758141437171,-1.341351480102539,2.163461059680581,-0.4199023944105035,9.535231803056588,0.5615711632867197,user,squat,medium
1788982920113,9.427618534198404,-1.1905167755126953,2.2605764490425586,-2.7077155848868384,11.005808243627122,3.3966637464179192,user,squat,medium
1788982920130,9.203759509930014,-1.230469431194663,2.3968954292848705,-7.15120806100335,10.293002017881774,6.203880459916445,user,squat,medium
1788982920146,9.26990166887939,-1.2750620216369628,2.2860151339426635,-9.07291508115864,9.59616392064227,11.092063287560627,user,squat,medium
1788982920163,9.085695440563558,-1.307383451788127,2.1300921663030983,-11.996310324231322,11.734648338449071,16.416603849388476,user,squat,medium
1788982920180,8.853159773364663,-1.60561178060323,2.010232153430581,-15.415491069908658,13.838823862281256,22.83377831047973,user,squat,medium
1788982920196,8.655935658043623,-1.674743476757407,1.9532196418762209,-15.805038956389287,14.204580492335438,26.36041842236887,user,squat,medium
1788982920213,8.445846215930581,-1.7580922065734863,1.913118225373328,-16.047140134162266,14.1031291312723,29.502278119818055,user,squat,medium
1788982920230,8.129212461853028,-1.8752584503173828,1.9620491372808813,-16.60005760785314,16.649088120810077,31.47809475235184,user,squat,medium
1788982920246,8.062624312701821,-1.8611925155639648,2.0263933068975803,-16.669484773219025,18.51313212267118,33.53639957949186,user,squat,medium
1788982920263,8.189216556438803,-1.8879773543760177,2.092084214948118,-15.0551268742042,19.16790479235987,37.08936153289494,user,squat,medium
1788982920280,8.176797804370523,-1.8064251525878905,2.4081188340887425,-14.487698663621636,19.08875485271047,43.081448925706695,user,squat,medium
1788982920297,8.106319662043452,-1.857302230127156,2.5007448030769823,-15.535244776626492,18.571301428737595,47.17418706883754,user,squat,medium
1788982920313,7.77532128252685,-2.032527864129841,2.653823487201333,-17.570063998305425,16.628145053267524,49.763713273769895,user,squat,medium
1788982920330,7.564331676703691,-2.082656461389363,2.7606644440248607,-20.311604600952872,15.6069446874387,53.36632045715521,user,squat,medium
1788982920346,7.498789821735024,-2.265812303869426,2.70021114436686,-22.946447403480963,14.9462075550573,56.18060769710517,user,squat,medium
1788982920363,7.373544900953769,-2.49894885957092,2.615218446736037,-26.02949234198717,15.201380007354391,60.896504979351306,user,squat,medium
1788982920380,6.737282887157797,-3.081486589702964,2.369362694714963,-29.820735689869903,15.535478710605563,63.89400862869227,user,squat,medium
1788982920396,6.334908539691567,-3.3906384635925293,2.2203239336311817,-32.27731909279712,17.543450166204472,62.85453579928637,user,squat,medium
1788982920413,5.539733728790283,-3.957315484508872,1.8204916718631985,-33.34111422583744,20.533264730087296,57.609906743200376,user,squat,medium
1788982920430,5.249136333245039,-4.307466892784833,1.403450793401897,-29.91803514969132,23.5519658715174,49.05194609055204,user,squat,medium
1788982920446,5.169231021881103,-4.324825731603801,1.2460326187685131,-25.31932683812968,28.172844977124896,43.89810732400844,user,squat,medium
1788982920463,5.096657368579507,-4.153939880371094,1.1523603555977344,-17.31608853666038,30.35209708654021,37.911764120288666,user,squat,medium
1788982920480,5.263952209582924,-3.682731066131592,1.4676467867195606,-0.3389122523883137,23.84131659042123,31.46072899638708,user,squat,medium
1788982920496,5.2720314711421725,-3.5148370901912447,1.7227783166080712,11.137418304970453,22.59054673639911,28.48476093349916,user,squat,medium
1788982920513,5.08259026478231,-3.3910873764038083,2.389413841357827,18.60852254461958,23.109753811441383,24.582540671982063,user,squat,medium
1788982920530,5.001638659235835,-3.336320597949624,2.8675059853702782,19.822131046914954,20.96806091227197,21.00127270711116,user,squat,medium
1788982920546,5.018996621271968,-3.323002851215005,3.471444523188472,17.00554715585658,15.515751416735275,19.144122073669884,user,squat,medium
1788982920563,4.665701069751382,-3.1842882080078123,3.4853602358162403,11.849483455190851,14.065060218159587,17.876051350480118,user,squat,medium
1788982920580,4.7376755881160495,-2.9692583868831397,3.403208899091184,6.749665081679709,11.150839626689526,18.72691875123987,user,squat,medium
1788982920596,5.095012523981929,-2.560748313140869,2.846258614680171,2.2027067655817283,9.193779547390248,23.889076688192542,user,squat,medium
1788982920613,5.093813669586181,-2.086546746826172,2.331354158838093,-1.5307707910041506,12.00554217866824,28.1387247671261,user,squat,medium
1788982920629,5.270834370312095,-1.95366797016561,2.175283014899492,-6.232964686062829,14.57792887765209,34.78309010303219,user,squat,medium
1788982920646,5.794567152515054,-2.04300220413208,1.6457158274546264,-6.12761414075726,14.10953841003471,50.7290683053974,user,squat,medium
1788982920663,5.802348892432451,-2.4268238268196582,1.2692270318731664,-4.64194468966829,14.433309867260824,62.68757182502541,user,squat,medium
1788982920680,5.5482642412483685,-2.7673990129768846,1.2354089334234597,-4.948198419220614,19.21760637140276,70.55706989990398,user,squat,medium
1788982920696,4.733635957336426,-3.8901287849426263,1.400608555713296,-4.372678142018877,22.711803084734346,70.70989538258301,user,squat,medium
1788982920713,4.754136893573403,-4.991012635803222,1.55129362269938,0.3568501967786184,21.307423983825927,71.2220844382531,user,squat,medium
1788982920729,4.86456944514811,-5.610063402557373,1.7491154116526244,3.851738333361536,22.17056864961878,70.10430349001301,user,squat,medium
1788982920746,5.057750422558188,-6.685956604546308,2.6981156333923337,7.412316801462829,20.54615158950382,66.02536915919475,user,squat,medium
1788982920763,5.231631071692705,-7.784598229438066,3.4840134973824024,9.860296727356772,18.80609430409866,63.61438751426112,user,squat,medium
1788982920779,5.18344717876017,-8.275558038330077,3.9986166321903465,7.701911699629492,18.563786513103288,59.10322515238612,user,squat,medium
1788982920796,5.018247848731279,-8.988283114081622,5.192575949372351,-8.221900831331732,23.379430170441,52.9162724625539,user,squat,medium
1788982920813,5.512948597717285,-9.349656173595786,5.769577088165283,-22.71602414164141,26.87598671413082,49.60774590407265,user,squat,medium
1788982920829,5.991041326251626,-9.464578437805176,5.888240876990556,-32.9661914819171,26.185953192851944,50.778856969352205,user,squat,medium
1788982920846,6.486939176067709,-9.603890462383628,6.178836226709187,-36.49514873548217,15.022113154850944,47.96455265392933,user,squat,medium
1788982920863,6.356157079425453,-10.21545993347168,6.324882527978718,-36.898300651242174,9.338869840834244,41.83602881735198,user,squat,medium
1788982920879,6.5684928391605615,-10.510545288085936,6.404939522773027,-40.675197186773296,10.5043323396702,37.90661757274906,user,squat,medium
1788982920896,7.392248432379961,-11.375002894049882,6.331018254254758,-47.859408721846144,17.882717615110053,36.83615275998423,user,squat,medium
1788982920913,7.353790399169921,-12.148327692192792,6.050298109601438,-49.78594553951828,21.72674807999323,35.41754979012926,user,squat,medium
1788982920930,6.944381915283203,-12.517633298271894,6.023662323871255,-48.56435596117775,19.60609728610933,26.131934934253604,user,squat,medium
1788982920946,6.450279132190347,-12.773216663581133,5.925201949641108,-35.22057054956068,9.023026525687222,7.292530651346437,user,squat,medium
1788982920963,7.641693148803711,-12.850577551159262,5.002983936364949,-16.59612854153309,5.410317492519453,1.0898904043728783,user,squat,medium
1788982920979,8.558224056354165,-12.999916464233396,4.942381583625078,-0.7463833289834239,4.051382628366893,4.987997077740633,user,squat,medium
1788982920996,9.452907289233805,-13.555820746722816,6.012589141193032,7.726724069336856,4.227791900476336,12.918664192391722,user,squat,medium
1788982921013,8.50360574645996,-14.48566823196411,6.58869450019002,11.89922430782147,5.206307425973988,10.85566019510273,user,squat,medium
1788982921029,7.901913526263833,-15.159486946216225,6.855797622901201,14.437279914715894,2.934075311057054,-1.3104620788300374,user,squat,medium
1788982921046,7.598896794128417,-15.797390297478437,7.854927318683266,15.14235863518902,-5.223898578181356,-14.544898082825908,user,squat,medium
1788982921063,8.844331739264726,-16.153230857306717,7.818566550013423,14.19488162371402,-7.602328395304353,-12.535050886526188,user,squat,medium
1788982921079,9.087491676330568,-16.078409717339277,7.883358463397622,8.349046510278813,-5.09856161870386,-9.18738136768524,user,squat,medium
1788982921097,8.45317670494914,-15.834800282940268,7.941417269134521,3.5652940733929523,-2.2677980414851264,-10.88546628686702,user,squat,medium
1788982921113,7.90939599097371,-15.373918801447749,7.41214964915812,5.494491036303398,-4.781871360099756,-20.21355040522817,user,squat,medium
1788982921130,7.724293106079101,-15.011194327324628,7.022193761499226,14.251693429682891,-9.437373121496876,-28.702275137807387,user,squat,medium
1788982921146,7.471106865039467,-13.97540517218709,6.5002595531508325,26.430851333090043,-16.234026062684865,-38.62603798293192,user,squat,medium
1788982921163,7.851634122356772,-12.63494917961955,6.443844422967731,37.91165825235653,-27.42064478156785,-45.57204325560599,user,squat,medium
1788982921179,8.154201357159018,-11.96517126519084,6.4282824044376605,39.04725916414119,-32.37442047713261,-45.22969368383744,user,squat,medium
1788982921196,8.007258399310707,-10.739940319171549,6.123471774622797,34.47634630740692,-30.66837241115224,-46.34495087717922,user,squat,medium
1788982921213,8.193856491199135,-9.392902610126136,5.714810017450153,26.93743451099884,-27.45561535011832,-41.20620682870135,user,squat,medium
1788982921229,8.367586333686113,-8.79674698126912,5.311986464911699,29.194513210911868,-26.54420856765016,-32.21847701309746,user,squat,medium
1788982921246,7.831283992767333,-7.873182521820068,4.327670599640905,38.02429490195921,-29.03024033118389,-25.96840654514516,user,squat,medium
1788982921263,6.99720340488851,-7.280316582158208,4.624401091113686,41.7817253983558,-36.08338395117878,-25.264809975721928,user,squat,medium
1788982921279,6.83724256003499,-6.979547336688637,4.702064176508784,35.336540331478325,-35.58715021740985,-23.101407320275623,user,squat,medium
1788982921296,7.236924599677324,-6.715736241260171,4.652982165692746,25.545629788352414,-33.095715774242635,-15.08138382892102,user,squat,medium
1788982921313,6.918794469562172,-6.751798319244385,4.329016753552854,14.17746378755684,-30.71186705578688,-4.546827475286693,user,squat,medium
1788982921330,6.522855123579502,-6.751052469313144,4.164864886750281,8.73428796248775,-30.97733943335235,-1.715925159850443,user,squat,medium
1788982921346,5.775712814441323,-6.887819485583901,3.7862808724552393,5.099777819262946,-30.759545191288154,-3.0050907088483805,user,squat,medium
1788982921363,5.3966807641178365,-6.757185272979736,3.2695819344118235,6.225672178463372,-30.208225981863063,-5.351650436417274,user,squat,medium
1788982921379,5.251833317244053,-6.905028979060053,3.101391021351516,7.875580358334467,-27.50704155192664,-13.158915242673274,user,squat,medium
1788982921396,4.669591062927246,-6.849062761688232,3.012055326080322,10.18691466591949,-29.341679881863545,-21.840998361787324,user,squat,medium
1788982921413,4.738873857989907,-6.779032947650552,2.877681050164997,11.496945802501582,-29.62983531766263,-30.13431650485436,user,squat,medium
1788982921429,4.799327449908852,-6.576572685241699,2.795530590222776,8.507932078298941,-22.234388229676085,-31.56151868287437,user,squat,medium
1788982921446,4.930559628406167,-5.777208605957031,2.7599171327888965,-2.159925875715353,-8.644873956063112,-27.59278774676698,user,squat,medium
1788982921463,4.169502191162109,-5.143194078826904,2.871546492932737,-19.587660897992173,-5.295402121054927,-29.28161519830245,user,squat,medium
1788982921479,3.554491639709473,-4.666298451122641,2.6770173157840964,-23.869137658457984,-10.89137696182002,-39.29077589861966,user,squat,medium
1788982921496,3.004722498974204,-3.715500532311201,1.600374756732583,-25.51602774848958,-4.566610264443988,-44.54346799302085,user,squat,medium
1788982921512,3.476680670276284,-3.3038480688899754,1.0742483573913573,-10.967473806910425,-9.822393446331434,-46.49778319004742,user,squat,medium
1788982921529,4.267515406146646,-2.737619960784912,0.5442322571352124,16.5352203296095,-25.28131342030397,-38.58317171570092,user,squat,medium
1788982921546,4.4850890665352345,-2.467225395312905,1.0516539560064673,29.081002297095424,-31.117792028349907,-30.725568415261925,user,squat,medium
1788982921562,4.34083841651082,-2.674323838916421,1.5170271959602832,30.506735984443885,-29.78908800835065,-28.126264794532705,user,squat,medium
1788982921579,4.09154275316894,-3.1141093408882616,2.3787898637518285,19.89059515560787,-19.24164522218662,-25.40062999491493,user,squat,medium
1788982921596,4.466982916480303,-3.665672379302978,2.694674260766804,11.278736626445308,-16.621888599987795,-22.960126564841207,user,squat,medium
1788982921612,4.656722229003906,-3.9285850645869966,2.681954772186279,4.624378296896664,-16.568833398062427,-18.041973720892653,user,squat,medium
1788982921629,4.257938014984131,-4.423286982616782,2.494609369061887,-2.194475320414805,-14.365737098254597,-24.436991048316383,user,squat,medium
1788982921646,2.997241787829995,-4.301781832885742,1.9753662994936108,-1.568565856219828,-12.442622205356637,-40.43948052832698,user,squat,medium
1788982921662,3.047967766460776,-4.133738219341636,1.701230501666665,4.43178403777523,-14.288036866256531,-55.9433337555281,user,squat,medium
1788982921679,4.2015240538448095,-3.92020535877645,1.377114575140178,18.06276310917888,-24.983293483796096,-68.80891030259589,user,squat,medium
1788982921696,5.050568986621498,-3.5339912879943847,1.517026319177449,23.09049609307653,-28.05746771411775,-73.68260544523683,user,squat,medium
1788982921712,5.271433505249023,-3.3846532517030834,1.773954377093911,19.810909046108623,-23.93783911622456,-78.68715335199688,user,squat,medium
1788982921729,6.067656363898515,-2.925116462817788,2.030883311793208,13.808847869561362,-20.714268158187217,-79.91216827020618,user,squat,medium
1788982921746,7.09222503684163,-2.234837904413044,1.7600380799442528,13.772836550936116,-19.92520543167962,-74.15287079978138,user,squat,medium
1788982921762,7.55221103079915,-1.9415484933048488,1.523611250525713,17.418676270446678,-17.717191395669378,-64.5897248673606,user,squat,medium
1788982921779,7.924657272991538,-1.4802145918697118,1.172411209979653,27.10904984408458,-13.238833578604302,-49.23509078295675,user,squat,medium
1788982921796,8.313716211810707,-1.3875894996643066,1.2333145914927124,37.89718849659986,-17.331994339690045,-38.18961621572478,user,squat,medium
1788982921812,8.284387241473793,-1.4263459312990308,1.3994123316660525,47.62031794994985,-22.196207472215715,-30.55706081824854,user,squat,medium
1788982921829,8.276756892725825,-1.6418240807130933,2.0289371461614967,48.06092320802362,-23.48344712131112,-23.519165595575704,user,squat,medium
1788982921846,8.516474580383301,-1.919850163976848,2.864363887952268,36.66817108753693,-18.16369281454416,-17.59107195264509,user,squat,medium
1788982921862,8.642468858227133,-2.000953745214641,3.139246997015178,21.30208789853685,-12.69093800150068,-10.039912773281538,user,squat,medium
1788982921879,8.980351736560463,-2.316689381408691,3.302502791760862,0.9654917421326132,-9.253535164891398,0.7861051478752793,user,squat,medium
1788982921896,8.896705485102533,-2.6511297180727125,2.9601328311413524,-6.343111304826217,-12.006147504183431,4.039951879904053,user,squat,medium
1788982921913,8.75799259546101,-2.7608143738895654,2.6470900872930883,-5.622621543151428,-16.513700111082084,3.513142377428732,user,squat,medium
1788982921929,8.750060633417963,-3.014300182397664,2.226908280457556,0.828118441872821,-20.319054629790063,-0.4872805297058132,user,squat,medium
1788982921946,9.108143419215082,-3.026869741113484,2.1407164361700413,3.855375409094568,-19.478649371291475,-1.4629819105437143,user,squat,medium
1788982921962,9.328408802905678,-2.997989391326904,2.2091005288273093,4.049262281516427,-17.477412482214202,-0.287198062056944,user,squat,medium
1788982921979,9.551220363947747,-3.0850787689760324,2.404827391327917,-1.5358967412545397,-13.141078203655786,-1.290265102732604,user,squat,medium
1788982921996,9.63307271772623,-3.254019623620808,2.3883663781315088,-6.836494715277143,-9.473902680725397,-2.4180575074703525,user,squat,medium
1788982922012,9.753527481621504,-3.302202055248618,2.2526447792604563,-10.44878411869778,-6.9016064817480505,-2.112927557479907,user,squat,medium
1788982922029,9.897180750274655,-3.450643142700195,2.015768452508748,-10.869195068716758,-3.504468037182816,-1.0286025833418253,user,squat,medium
1788982922046,9.569025485229492,-3.6068645087644455,1.792958645032346,-8.19718152295181,-0.2234431153327012,-0.3725757735276472,user,squat,medium
1788982922062,9.389610582843424,-3.66462433155477,1.7570456201300024,-3.9511320999372073,2.037590784378078,-0.3291235240906277,user,squat,medium
1788982922079,9.252692175403237,-3.4617163253784176,1.8258792101204395,0.1290857194756279,2.5813733069408813,-1.1604058109726192,user,squat,medium
1788982922096,9.061007574030755,-3.3825580329895018,1.9861413760080933,1.2981028515268993,7.130375557147988,-3.384442403558651,user,squat,medium
1788982922112,9.012524990412592,-3.176357707269489,2.1426620172798634,-2.9405140450102603,16.085513844466693,-1.534039463408825,user,squat,medium
1788982922129,9.609878304621576,-2.80914673538208,2.3976447863474486,-8.299484950113907,18.37155596155516,2.399805747904197,user,squat,medium
1788982922146,10.267383597454428,-2.4414865584224463,2.295890046747029,-11.938569612535328,15.337649111485316,12.569244521058565,user,squat,medium
1788982922162,10.292374830847978,-2.4072198394224045,2.0087354851320383,-10.044322514164426,14.98026800090086,18.29527982399904,user,squat,medium
1788982922179,9.371204573059082,-2.68779005421102,1.8694237528145312,-7.965416128940353,13.003666750386175,16.420015528878896,user,squat,medium
1788982922196,9.444676636505127,-3.001730331420898,2.066945097516477,-18.54679983263747,16.24095358205055,11.993468965536598,user,squat,medium
1788982922212,10.114005638122558,-3.2517747673034667,2.0479402450561524,-39.40180062357821,21.01036881153832,22.98525312325039,user,squat,medium
1788982922229,10.66871165073812,-3.626915363146365,1.3682871255621314,-49.70558836393308,27.18627367038804,37.03548500072188,user,squat,medium
1788982922246,10.036793219104409,-3.61030617365092,0.8918404106691479,-56.70129009300817,37.27868754649853,44.74144102611366,user,squat,medium
1788982922262,8.501662795698643,-3.200001325446367,0.4611851406142115,-63.431338444504775,52.52447573628905,44.8475275243023,user,squat,medium
1788982922279,7.908648387476801,-2.567482882092893,0.1785191225901246,-51.73154883025851,54.92781098444685,43.647507683360665,user,squat,medium
1788982922296,7.872434918323159,-2.255637239074707,-0.2042541600883007,-27.02840750810153,52.861265534073205,42.673935934161634,user,squat,medium
1788982922312,7.323864631983637,-1.8582000557497145,0.1065434351816773,0.7688182592510944,51.98375015026664,41.29980432599262,user,squat,medium
1788982922329,7.082498008075356,-1.5855600494384765,1.44594845739156,7.635868892997347,52.07214304341037,42.69864072838957,user,squat,medium
1788982922346,7.011419561767577,-1.6409262550905346,2.2275062463507056,-2.7963765629554813,56.90337489998134,46.40213322091056,user,squat,medium
1788982922362,6.686556908527017,-1.9853914344236252,3.740641111047566,-31.956877352791388,69.01861077049362,55.14534567932258,user,squat,medium
1788982922379,6.108955173492431,-2.2830203360408543,4.170400893567503,-50.594588710829015,77.08363667074215,60.40696483096898,user,squat,medium
1788982922396,5.839909100019932,-2.395549567633867,4.078523989380896,-55.53424299028477,69.21954810568623,63.59804970176645,user,squat,medium
1788982922415,5.264850035205483,-2.562543964385986,3.8673853304758663,-52.3857511791515,47.30963313517348,64.25478605084152,user,squat,medium
1788982922429,4.218283465465903,-2.9574364316642283,3.252224264636636,-46.12903835223136,43.3703488521253,63.156655556843546,user,squat,medium
1788982922446,3.793312670788169,-3.208977828106284,2.76754777379781,-36.95082139086499,39.08949705396855,57.40197529429768,user,squat,medium
1788982922462,2.4190438404679298,-3.947590793830156,2.560450499238074,-23.841062165874646,29.483515590168032,43.02365869513921,user,squat,medium
1788982922480,2.1306904244571925,-4.1189246810913085,2.3804361696541307,-17.907862956539454,26.62655845092571,33.51397265335212,user,squat,medium
1788982922496,2.2441163126289845,-4.02809582465291,2.3111539591133594,-13.996117996224772,19.773409600017963,24.98422921971239,user,squat,medium
1788982922512,2.907908138385415,-3.7065234451293945,2.3657719767466188,-6.8339047929212375,6.1953551031718,20.323294469717347,user,squat,medium
1788982922529,3.463213870459795,-3.402160559082031,2.2620725328192117,-6.200207098803448,-0.3243135234502048,19.87520503186054,user,squat,medium
1788982922545,3.6830303413391112,-3.046022477611899,2.4200892578676343,-11.907976341469194,-0.2906482947635789,24.03058454741687,user,squat,medium
1788982922562,3.943399771881104,-2.5649375815242528,2.3665184111997486,-24.070950965411644,7.848035059185452,31.280415417393325,user,squat,medium
1788982922579,3.802441149139404,-2.754378787884116,2.1962319871649143,-31.35243293200194,13.713056173999226,31.76482609370897,user,squat,medium
1788982922595,3.3601129769474265,-3.0627824737548828,1.988534700885415,-29.71121702162333,13.709896357734449,26.004896830785952,user,squat,medium
1788982922612,3.2637463601261376,-3.958513754382729,1.3392580149546265,-18.13515969928643,6.05649991866638,18.46675855330138,user,squat,medium
1788982922629,3.9571664314270016,-4.481346372875571,1.2508218988716602,-7.529400757988834,0.0907713064189786,16.940832821018002,user,squat,medium
1788982922646,4.282927494812012,-4.822669747051596,1.3509288712650536,-1.2541993560374094,0.961760644576788,17.97240482910149,user,squat,medium
1788982922662,4.840027709087729,-5.524769383892417,1.989731509454548,-3.103954495433142,4.027584968638099,18.281013266370177,user,squat,medium
1788982922679,5.289839515033364,-6.22477467880249,3.238307967486977,-12.830812591739726,4.128266225872318,18.127919698766217,user,squat,medium
1788982922695,5.548562347412109,-6.444442681121826,3.710564537213743,-23.914145189993786,5.4458997898874575,17.705865234478203,user,squat,medium
1788982922712,6.255301919013261,-7.11212625361979,3.832220201331377,-27.950018593189693,4.625541563489682,18.15934198404286,user,squat,medium
1788982922729,6.482001719665527,-8.096890154919027,3.445107135882973,-25.529515664553063,3.338692515837436,18.023706379957456,user,squat,medium
1788982922745,6.461949696239829,-8.612690975078939,3.562273087365925,-23.71498882662726,0.0743169004607418,15.093213716563485,user,squat,medium
1788982922762,6.383391123309731,-9.47984205791056,3.865588802447915,-22.545728742612777,-0.497154902172389,11.531346904029997,user,squat,medium
1788982922779,6.600066958075762,-9.942371891131996,3.869330911585688,-20.81515688241748,6.08009352649372,9.882619493111669,user,squat,medium
1788982922795,6.782325559455156,-10.13226201030314,3.7903216722786426,-16.89312224211817,10.871031535829845,10.120470585673608,user,squat,medium
1788982922812,6.425738565173745,-10.536732453265785,3.907637845887244,-14.27611818615486,14.98895087888324,5.654970172834255,user,squat,medium
1788982922829,5.833621982574463,-10.65569376373291,4.361038616235554,-10.02969907915143,13.190638910047046,-6.022853979928073,user,squat,medium
1788982922845,5.561132490649819,-10.650307394519448,4.625000226050615,-7.316368011549782,9.805472506436374,-15.519899049108766,user,squat,medium
1788982922862,6.621614773017168,-10.4381212723881,4.935797236798703,-5.6051046692512845,7.275147819908756,-15.022639079417036,user,squat,medium
1788982922879,7.478438523101806,-9.974243531689048,5.053112825885415,-9.539010605214896,15.096118254508031,-7.954613330994332,user,squat,medium
1788982922896,7.639148725017905,-9.842711493462325,5.173420874786377,-10.796610648407032,17.271390071184523,-3.449918517933097,user,squat,medium
1788982922912,7.492953955188393,-10.044124877166748,5.054310218976438,-6.393504867409394,11.496199604334755,-4.481626489469751,user,squat,medium
1788982922929,7.461230783191323,-10.606163716888426,5.029320739148557,1.078225721930966,6.026314751403155,-7.80136779168134,user,squat,medium
1788982922946,7.41828479091227,-10.927884564971924,5.002236917389929,4.4294498206263775,6.478273918311599,-9.584663589627262,user,squat,medium
1788982922963,7.408259071460366,-11.4341091630131,5.482573625458777,2.428286996412916,9.37701047093324,-11.949578169930096,user,squat,medium
1788982922980,8.168118823352456,-11.348815144348144,5.727828781238198,2.047611525664133,8.585143097997705,-9.976789018745926,user,squat,medium
1788982922996,8.514829151263832,-11.269656851959228,5.63999121557027,3.039782947190168,7.041820873898304,-8.773857809670572,user,squat,medium
1788982923013,8.944289658576249,-11.386076076728106,5.753417396003008,3.7797733258321657,4.066052167156788,-8.35067124152763,user,squat,medium
1788982923030,9.207201759338378,-11.684302067455649,5.906795647595822,7.774527709564129,-1.9681350175950412,-9.506192400026633,user,squat,medium
1788982923046,9.508123565021156,-12.057349198150634,5.9373217187628144,10.5197975954984,-3.791895630948469,-9.054562362858816,user,squat,medium
1788982923063,10.260650489807128,-12.420519077953696,6.048501873834431,13.512993956794029,-5.085135174342907,-4.485251612371735,user,squat,medium
1788982923080,11.208754931750892,-13.127109011951088,6.39715836737752,7.269652078947834,-9.515285943132858,4.407195783650006,user,squat,medium
1788982923096,11.02529922954142,-13.538911112976074,6.975209015223384,-6.77119810681182,-9.403626864355136,3.194955880509572,user,squat,medium
1788982923113,10.413580705371498,-14.107684229388832,7.021895655335485,-13.765735715520242,-7.741914410050964,-0.6399437953920608,user,squat,medium
1788982923130,10.703428743854165,-14.142250515857338,5.974731704224646,-1.061131786150834,-10.439305523677094,-1.8726769340851777,user,squat,medium
1788982923146,10.670358833423256,-14.080299963378906,5.564874307526647,19.638057448783112,-15.244705604807075,-5.284307332521888,user,squat,medium
1788982923163,10.081685084754229,-13.581558414569496,5.475690587946772,35.05376708474521,-15.438220231919168,-9.881043426960687,user,squat,medium
1788982923180,9.57037339270711,-12.61579790442586,6.36812837998718,37.89360947747477,-13.32265536764599,-15.648987916874717,user,squat,medium
1788982923196,9.658509941321611,-12.032061027637123,6.83021017718017,30.43318850746119,-12.496970020582427,-15.937980050847123,user,squat,medium
1788982923213,9.795129073554277,-10.749966038623452,7.13382458294779,18.9949746478589,-12.967963644047227,-13.94695173325808,user,squat,medium
1788982923230,9.32107656032145,-9.796923555755615,6.67114423533976,5.068294916057418,-10.258638482393794,-12.994527103503057,user,squat,medium
1788982923246,9.02075447409749,-9.39754137584269,6.073192662976682,1.2985748816315708,-8.092159680500048,-12.885506185292249,user,squat,medium
1788982923263,8.680927475959063,-8.588001939502359,4.739323063062131,4.699121056984113,-9.587942934202514,-9.16832599367455,user,squat,medium
1788982923280,8.029254542541503,-8.200139516991376,3.9721310685858127,11.92969292793525,-10.532881676627207,-8.127047433006828,user,squat,medium
1788982923296,7.450606513324379,-8.104222982025146,3.819500420489907,18.851188920546377,-14.53199244038917,-11.675808820070351,user,squat,medium
1788982923313,6.265775382232666,-8.035240046691895,3.6768957841068506,23.915611973118043,-17.559794808888313,-18.325421448806303,user,squat,medium
1788982923330,5.704784005737304,-7.649174444469809,3.5845699671089646,26.135688123202527,-20.407970032405288,-25.85981507507842,user,squat,medium
1788982923346,5.469404055023193,-7.302314478954672,3.6417309472233055,22.134071533788816,-21.219509203924108,-31.65087804778565,user,squat,medium
1788982923363,4.961534612384439,-6.48634121017456,3.7485730730906126,15.099552132113256,-22.197416415698807,-36.86432046012136,user,squat,medium
1788982923380,5.211130135455727,-5.505317079925537,3.231873550525308,8.747856133273979,-25.16593274220224,-38.08573928373264,user,squat,medium
1788982923396,5.248838227081299,-5.02468051212728,2.858677074487507,7.900660812966755,-26.075992269856616,-37.449657426707695,user,squat,medium
1788982923413,5.145438642883301,-4.587140743255615,2.1823159822762013,8.894175860768577,-26.681964945472853,-37.200358937096816,user,squat,medium
1788982923430,4.688595623126626,-4.422839238849282,1.8755591868296264,10.620635947083532,-26.6599973495548,-39.13282094387394,user,squat,medium
1788982923446,4.333356536322832,-4.404733088794351,1.7350491846382616,11.089181801504528,-25.818500968336306,-43.9550130450784,user,squat,medium
1788982923463,3.9526778878360975,-4.579659447589516,1.6332953218206765,10.926791492666537,-26.76390330985091,-49.65161962420623,user,squat,medium
1788982923480,3.769223354670405,-4.64116050273478,1.6300032945379614,7.63520977974244,-25.426258572228104,-55.67976700074106,user,squat,medium
1788982923496,3.610755963245034,-4.544344388580322,1.8953107660040256,1.839845922292219,-26.72043257087837,-61.790419647355066,user,squat,medium
1788982923513,3.885641410395503,-4.105606934356689,1.8757082399114968,-3.233136851413355,-24.982029898799645,-62.80827492803788,user,squat,medium
1788982923530,4.199280658832192,-3.614047990527749,1.8795982330873608,-7.447791096464583,-25.892203832122615,-59.14691787250669,user,squat,medium
1788982923546,4.660913250952959,-3.1302696175724267,1.7494143945991991,-10.940532125729309,-27.693833565348147,-56.44427348963517,user,squat,medium
1788982923563,4.498855726081133,-2.6584619606569406,1.7037749254524708,-13.607286425833346,-24.300110642254744,-53.15389474377864,user,squat,medium
1788982923580,4.624102984949946,-2.50568255174011,1.5478519578129053,-12.518711366484224,-20.99409759338805,-48.84787028343581,user,squat,medium
1788982923596,4.622755077472329,-2.277933242034912,1.2470806665167211,-5.864019638326719,-15.393607143807936,-49.33948680932581,user,squat,medium
1788982923613,4.305225251337886,-2.484284082141518,1.0229235360845923,3.585641420373832,-14.097159545937709,-53.39685823293434,user,squat,medium
1788982923630,4.516662016406655,-2.6605565948486327,0.9946417367130518,17.003400768909902,-18.895368291645312,-53.818922942506106,user,squat,medium
1788982923646,4.93504875651896,-2.938134349822998,0.9124909845098852,33.01370569287829,-22.589465858962956,-52.79900494469396,user,squat,medium
1788982923663,4.711339369854331,-3.027018501934409,1.1417352089479564,39.16218392711583,-21.437957436601334,-52.5322075104295,user,squat,medium
1788982923680,4.716277995300293,-2.849698526000976,1.3661921991094943,41.727063394428185,-17.758609662796335,-52.96024522043045,user,squat,medium
1788982923696,5.110124168395996,-2.2991814895078537,1.6581348717838524,42.50868292228776,-13.963903409004406,-50.8695106551112,user,squat,medium
1788982923712,6.1548933333247895,-1.4779703200742602,2.1487962822511792,40.36868220248522,-12.388692739217507,-44.40622217183861,user,squat,medium
1788982923730,6.79908438655436,-1.1333555031374096,2.370409573419392,37.449906728612405,-13.25200815973961,-33.825921053124944,user,squat,medium
1788982923746,7.866148969921469,-0.8517369483396411,2.7989725473701954,32.920528252220976,-16.105468242126886,-19.859259955243143,user,squat,medium
1788982923763,8.04406924983561,-1.029356491741538,3.1382004105716943,30.213123227497963,-19.52691831815596,-13.937070157076365,user,squat,medium
1788982923780,8.033745424219966,-1.2389993591308592,3.2635970147833224,29.017198084963752,-25.414005212857106,-10.037249853278878,user,squat,medium
1788982923796,8.341847496795653,-1.7841285651057956,3.3170173470646143,25.13153420199476,-30.07750299133819,-2.389153854450151,user,squat,medium
1788982923813,8.686763927027583,-2.435501638793945,3.208829944068193,18.61564984701849,-31.02733300298226,2.640020939692607,user,squat,medium
1788982923830,8.602516787067055,-2.705747151184082,3.2145161730110643,10.044511198140247,-31.402122558213783,2.7175149853551024,user,squat,medium
1788982923846,8.201189902827144,-3.110966074426472,2.9578879748240112,1.7756449188584496,-29.89253805351966,-1.5364342984865609,user,squat,medium
1788982923862,8.22812584054768,-3.257162890082597,2.08714705080688,3.239515821211324,-28.99596985702335,-4.964859385040391,user,squat,medium
1788982923880,8.362049157825112,-3.1715687194272872,1.6069593958199024,9.03736053143414,-26.316676183376817,-8.218807609411364,user,squat,medium
1788982923896,8.601019826507567,-2.8567312011167405,1.080384668189287,17.353190124231887,-23.577994014897023,-11.474356659369056,user,squat,medium
1788982923912,9.1033532623291,-2.466775897979736,1.0682634377628564,21.60506655238216,-22.025748148647,-13.1958990094816,user,squat,medium
1788982923930,9.36626653213501,-2.283170265905559,1.1715141150094568,22.023024610715456,-20.671627287198827,-11.290756051837237,user,squat,medium
1788982923946,10.044423567852377,-2.1297914297908545,1.473632144739479,17.553208798981128,-19.510887864173935,-7.362180651633997,user,squat,medium
1788982923963,10.08048623035848,-2.021903302001953,1.644667633575946,11.8482198701944,-15.419613089072762,-4.5893599170220085,user,squat,medium
1788982923980,10.02975966720581,-2.0489874160215256,1.6249154698796568,7.544991518543034,-12.237891553853736,-3.194769757854689,user,squat,medium
1788982923996,9.684245855602622,-2.122309549602866,1.4640551919683813,3.7456783021559312,-8.709413267304209,-3.976919052261768,user,squat,medium
1788982924013,9.664045948138831,-2.1357775184631347,1.297059626172483,1.4043084511391897,-5.613832370350091,-3.6707515538477145,user,squat,medium
1788982924030,9.716419109454751,-2.196829368536174,1.2027879358038305,1.0304740551744087,-3.4417775727726765,-2.7042272792116657,user,squat,medium
1788982924046,9.68544412547648,-2.264465857696533,0.9982334775947034,3.015155206033806,-1.41714803284005,-1.487557251342538,user,squat,medium
1788982924063,9.675119130817055,-2.392256079046428,0.9314953985787928,5.034932430169667,-0.6567680987825361,0.00961022957466,user,squat,medium
1788982924080,9.611671033257243,-2.506878191265464,0.9909006504885852,6.372458066368822,0.4076106952666987,0.6181107221841448,user,squat,medium
1788982924096,9.356391034808754,-2.622698281097412,1.139790066229552,6.228034570142549,2.237370402506366,0.2967100076106859,user,squat,medium
1788982924113,9.351303356280924,-2.498798345184326,1.470639246533811,4.339926958061843,4.098011902943747,0.142077446308293,user,squat,medium
1788982924130,9.4220813583374,-2.373401448711753,1.5556332593388855,2.5954317572434715,5.040661251336016,1.4234839937905888,user,squat,medium
1788982924146,9.641749945178628,-2.071134073638916,1.6632231348335742,-0.6979155595810729,7.861346244104161,3.686439644597588,user,squat,medium
1788982924163,9.62080068065226,-1.6823752868101,1.8100176241219044,-9.854672066575269,13.543377199543183,8.121054795783786,user,squat,medium
1788982924180,9.618557285639644,-1.4984712563112377,1.89755576845184,-22.937677440586665,18.825275182835348,14.08048193153183,user,squat,medium
1788982924196,9.661650577434896,-1.0295067138671874,1.9069827913582325,-37.2267849389956,27.114397882204702,23.363350197587494,user,squat,medium
1788982924213,9.8377763751477,-0.6896797157287597,1.4151234032779931,-49.99471710168889,44.36254994228555,39.81651263450846,user,squat,medium
1788982924230,10.00357367106974,-0.7161652793332934,1.0540481576666236,-54.02270163639344,59.2850789390377,55.10018788362505,user,squat,medium
1788982924246,10.09425288990438,-0.9696513801023364,0.7987658211305737,-50.12240065803311,62.49235818835727,67.81358098579578,user,squat,medium
1788982924263,9.0467908326298,-1.789066898290813,1.0992390062630175,-40.68684948949733,52.98443092028146,70.80514237055884,user,squat,medium
1788982924280,8.244283194622398,-2.1151266523614525,1.3395564133793114,-37.09557358994507,45.80215574383831,64.06461309378085,user,squat,medium
1788982924297,7.488464242553711,-2.892943501226604,1.5924439637333154,-37.0365061140028,39.66051111386537,59.95525710039936,user,squat,medium
1788982924313,7.607277084460854,-3.462164945928752,1.6425728532537818,-33.247178634182255,33.172750062796624,57.87213819600468,user,squat,medium
1788982924330,7.518091903576255,-3.5751410445064304,1.509095526178181,-26.45636721228192,29.15884937816065,56.15379578951829,user,squat,medium
1788982924346,7.163902033564448,-3.661034198108315,1.4660004808172582,-19.31211740649552,20.41895297659067,51.44546635687253,user,squat,medium
1788982924363,6.835745599475502,-3.315071765954792,1.9490312502756717,-11.62734692036182,-1.297000309584471,43.13881568454563,user,squat,medium
1788982924380,6.814945388031005,-3.0883705039978024,2.0202575806215406,-4.810566265463449,-14.488268984417331,42.97283867261974,user,squat,medium
1788982924397,6.954557856860757,-2.2949925133854148,1.6132435906559228,10.147273955524028,-21.918292197529773,49.17753619391564,user,squat,medium
1788982924413,6.565501256129145,-1.6576859589725732,0.8046025644600391,40.51069549570812,-19.15947975401866,63.697845595729504,user,squat,medium
1788982924430,6.300341084179282,-1.4080886823356151,0.5892734681278466,57.60705855431648,-12.443253144081217,72.09944272770875,user,squat,medium
1788982924446,4.97949112483561,-1.78757081451416,1.3503303208500146,59.48170642486404,-6.561807131860855,70.21669425280557,user,squat,medium
1788982924463,3.0202848097652195,-2.6375112348258494,2.6337717560365794,38.07200377331175,9.276687798630448,58.30949569912811,user,squat,medium
1788982924480,2.4507664279431105,-3.0805899331241844,2.970307311414182,13.598807599752424,19.81518986717093,49.1288471904172,user,squat,medium
1788982924496,2.0708342139095066,-3.831320622143149,2.923769432123005,-9.787132594741244,29.38512330007941,41.17326482633438,user,squat,medium
1788982924513,2.0694880599975587,-4.084806722912192,2.207005310113728,-29.583697389819196,41.46441188498993,28.975189006473588,user,squat,medium
1788982924530,2.3660692061275244,-4.044703260582685,1.737143234308064,-28.21048102699896,44.00195352014931,22.175039008430552,user,squat,medium
1788982924546,3.0478210514664648,-4.00864293616414,0.7742267154186964,-13.686949483444144,38.72342623521254,14.199738741987543,user,squat,medium
1788982924563,3.331830885314941,-3.879205239868164,0.5538090637758374,7.914472309242166,33.24398893583986,7.007924352594823,user,squat,medium
1788982924580,3.457079313227534,-3.94519659217,0.7646499087780714,14.287633031321857,30.5671831585985,1.4785176026977318,user,squat,medium
1788982924596,3.306393077197671,-4.140622718158364,1.6588830598026514,9.896962036595047,33.30154352488097,-6.832365012150223,user,squat,medium
1788982924613,3.281852510181069,-4.208856880950927,2.0971721857368943,-1.7096923987893948,36.59709955412837,-14.07523207738103,user,squat,medium
1788982924630,4.269310472869873,-4.388122145733237,2.714726284192502,-16.398341631095153,31.801497379362768,-14.704343726357978,user,squat,medium
1788982924646,5.249736052703857,-4.4825434737056495,2.846556428582966,-24.635346572002724,24.75984384509913,-12.953822591144364,user,squat,medium
1788982924663,5.681440539550781,-4.4660833372920745,2.7642563310369845,-30.48102373731337,19.65346635555066,-7.550452254784459,user,squat,medium
1788982924680,6.484097815161943,-4.541052945819497,2.410663550135493,-32.06619794555203,16.205697853102237,2.855492703995588,user,squat,medium
1788982924696,6.677429014697671,-4.885368487548828,2.331504673224688,-30.49956428581537,13.724892038057211,9.238457522298594,user,squat,medium
1788982924713,6.756736360168457,-5.22265164642334,2.6099793770387767,-29.789142649864008,9.712281405400718,11.926166842776231,user,squat,medium
1788982924730,6.810756119647622,-5.978321545410156,3.325846257947385,-32.1653757073952,7.767852907197734,13.92279506171104,user,squat,medium
1788982924746,7.457789118304849,-6.961441186633706,3.8582565598636864,-33.387518531058504,8.618626392856399,18.25647239668232,user,squat,medium
1788982924763,7.999775934600829,-7.532457698059082,4.034230089624226,-34.35557490250275,8.431875360569911,26.51920153755145,user,squat,medium
1788982924780,8.40200239802897,-8.766818291473388,4.608390452033281,-39.34325224201287,8.683781274896443,29.99443081555791,user,squat,medium
1788982924796,7.654113654437661,-9.62708487548828,5.02737486577779,-37.604620758596944,11.46370327181113,25.185487573795985,user,squat,medium
1788982924813,7.439683552771807,-9.961974417224528,4.934750358094274,-27.07577486999557,7.246250997077724,17.74729545443621,user,squat,medium
1788982924830,7.781305033111572,-10.14423184956014,5.079898249219358,-11.910705002042617,5.820334175282142,15.311284581289067,user,squat,medium
1788982924846,9.00803410873413,-10.06746775883138,5.294328935407102,-3.1672054622420447,4.112280595006727,21.44965242800769,user,squat,medium
1788982924863,9.185055393981932,-10.20917456959188,5.540782068799436,-4.941927024902073,6.813752319775115,26.955739417974478,user,squat,medium
1788982924880,8.346188156348466,-10.159496054187416,6.357355349299311,-19.140780403618457,12.80917369867548,25.04004381806244,user,squat,medium
1788982924896,7.408408124542236,-10.126424974712728,6.310368557196855,-26.36023229971399,15.364425160579058,20.09787432144483,user,squat,medium
1788982924913,7.209987492913007,-9.992798010033368,5.965452711486816,-26.45792108031809,12.86567216971618,15.726063186563724,user,squat,medium
1788982924930,7.5523600838810205,-9.698611650085448,5.399074965777993,-20.08637740552441,5.581921299660968,13.913488928966895,user,squat,medium
1788982924946,8.522609722137451,-9.451559381756184,4.948367087775469,-14.642988137043751,2.866707234282514,18.361145045712764,user,squat,medium
1788982924963,8.934411823162437,-9.529220713585614,4.712237779998779,-8.178541082933199,1.1986642618347991,22.464519500928617,user,squat,medium
1788982924980,9.038709817504882,-10.351479930767416,4.539556862042844,-1.729627266377429,1.5048166057666312,24.808237442915964,user,squat,medium
1788982924996,8.683021233367919,-11.24302135848999,4.584448143170774,3.5891290857187697,0.8787942300069373,21.44968657895354,user,squat,medium
1788982925013,8.517821903339028,-11.81658229370117,4.742315522876382,7.841084487931318,1.1154619922951716,16.07161099441113,user,squat,medium
1788982925030,8.778041111755371,-12.52616381072998,5.25347816184163,10.876913182478871,-2.424801892388917,9.866065675884494,user,squat,medium
1788982925046,9.636661097607016,-13.334355339592694,5.732916752026975,9.579277985466709,-5.060294203218394,10.373818523688657,user,squat,medium
1788982925063,10.00402199935913,-13.728801232147216,6.015582477790117,4.8255440165396415,-4.297621620116431,9.529957189470045,user,squat,medium
1788982925080,9.969157606726885,-14.666581263953448,6.451926022614538,-0.9765105448111364,-3.4412815302842046,4.276695201159981,user,squat,medium
1788982925096,9.618256841388344,-15.198243085590004,7.072023668073117,-6.675759446652409,-4.781415444972658,-1.115882795981068,user,squat,medium
1788982925113,9.630676177978517,-15.353865608978271,7.427561737823486,-10.240484693353546,-9.64124231539071,-8.731420990583636,user,squat,medium
1788982925130,10.039784802135824,-14.88864112984538,7.486967574255168,-2.9654854300592386,-20.861918065022675,-12.215443283372842,user,squat,medium
1788982925146,10.944195648303626,-14.642039527893065,7.38671125651896,-0.6082347488919824,-29.63602005395608,-9.895875182743367,user,squat,medium
1788982925163,11.071537249103187,-14.409054363361,7.84250827435404,-4.395629712064236,-31.46128224170985,-8.380883729547534,user,squat,medium
1788982925180,10.491990809741615,-14.514997202301023,7.696910009112954,-9.424645063978558,-35.61332008721475,-16.35236933533909,user,squat,medium
1788982925196,9.489268642425536,-14.226495902252196,7.274483053699135,-13.897286012708332,-41.01488639986013,-28.57775737414347,user,squat,medium
1788982925213,9.3481592130363,-13.695281239861249,6.87914021230489,-17.28714561005245,-41.87998108466101,-37.68961563262859,user,squat,medium
1788982925230,10.183885230034589,-11.637315275353192,5.2447980117797846,-13.447973970990091,-45.93837703664504,-38.742485878091465,user,squat,medium
1788982925246,10.717644900733232,-8.996063684955239,3.1914721281625327,7.3587194532720925,-59.02373541082551,-36.95929765562497,user,squat,medium
1788982925263,10.66781499415934,-7.906252432250976,2.048539526123553,27.34095184187944,-63.0127161502747,-32.92142642209684,user,squat,medium
1788982925280,10.573392497143148,-6.00136456734538,0.264709505572915,45.98630447405102,-53.61719330536978,-19.892432476494605,user,squat,medium
1788982925296,10.550050784522297,-4.770148117175698,-0.644338937267661,63.66818208416414,-31.155248785758257,5.011979152577017,user,squat,medium
1788982925313,10.191817776599526,-4.586243502154946,-0.6738178374692797,68.20752580655461,-19.76279207095317,16.352878184432257,user,squat,medium
1788982925330,7.612813091278076,-5.413289953613281,0.5243310403570532,62.25546673737372,-14.278440450472663,12.623062142850031,user,squat,medium
1788982925346,6.252307997894286,-6.420500664520263,1.3362643860965966,40.13629526125929,-5.290634649014258,9.178117069849764,user,squat,medium
1788982925363,5.77092441112101,-7.147889056396484,1.4238023842960594,24.97007365265754,0.2289267567202298,2.4375397683041675,user,squat,medium
1788982925380,4.146907497516274,-8.104222982025146,0.8337818971931934,21.021220274582177,5.366194897367993,-12.950200883336963,user,squat,medium
1788982925396,2.7633582131534813,-8.505102122497558,0.214281633105874,35.60955323788749,3.734214683407712,-41.79477447476511,user,squat,medium
1788982925413,2.378639933887124,-8.255954927715658,0.1547261590704322,49.977740666506826,1.1938769395568551,-62.76467783056568,user,squat,medium
1788982925430,2.6536726805537936,-7.083245027050376,0.7630027260929345,58.41448253686037,-5.136404708687139,-78.84312755188328,user,squat,medium
1788982925446,3.132364544025063,-5.996128420257568,1.7907140809759496,60.01112804781006,-10.200442709344346,-93.1998641683591,user,squat,medium
1788982925463,3.2595565072208643,-5.27367806930542,2.1709429398685693,61.49812853201354,-11.529671800136052,-98.9554938271996,user,squat,medium
1788982925480,3.6900627241939294,-4.493466434258222,2.105551307025552,66.81707004626927,-9.089608063490152,-97.81616363212812,user,squat,medium
1788982925496,4.391563810619712,-3.577236555480957,2.2059581391483545,72.04602381821007,-10.857508615046866,-88.58261530829546,user,squat,medium
1788982925513,4.381539260211587,-3.4023101966857907,2.4566011254459617,70.08656548873849,-20.643543256879028,-84.98695101220146,user,squat,medium
1788982925530,2.9319992080688477,-3.036595893096924,3.182044228473305,57.26778256767444,-22.797786628648343,-91.12395794372796,user,squat,medium
1788982925546,2.2973872995674607,-2.156278162439168,3.3267437913089988,35.030537611377994,-21.090760138069367,-102.57821250259602,user,squat,medium
1788982925563,2.6114754608154294,-1.5937898253843188,2.9846722291141745,32.34631424869801,-27.54283515827209,-103.06334034877452,user,squat,medium
1788982925580,3.913023922839761,-0.8415618835449218,1.9286796593815088,36.45585807228167,-30.475163435005506,-97.79490808343104,user,squat,medium
1788982925596,4.614675815913081,-0.3450640220090746,1.4848554034128785,35.52503989219233,-21.939243802808782,-86.2017069862774,user,squat,medium
1788982925613,5.27322974101603,-0.0531213493347167,1.4233534714847802,32.855187247526054,-18.1121163485741,-70.40315158695775,user,squat,medium
1788982925630,5.9187646100699896,0.0233440507084131,1.2642878219053149,33.79923208894312,-21.898764686692708,-56.37745033389035,user,squat,medium
1788982925646,5.208137383380532,-0.1060927688047289,1.527501535962522,31.32507119418687,-27.31103732086208,-47.07948649599532,user,squat,medium
1788982925663,4.8157887553662055,-0.3598787293031811,1.653646620453894,24.675798367362123,-28.66920677694077,-47.16341244542185,user,squat,medium
1788982925680,4.973505620685219,-0.5265744353696704,1.607857221442461,22.038119328781185,-25.830446969194657,-41.95462822210008,user,squat,medium
1788982925696,5.597493259319663,-0.5237314670287072,1.259500295367837,27.62746973982501,-22.48455586085885,-27.624322730164927,user,squat,medium
1788982925713,6.372768022486567,-0.7722798191346227,0.850092103742063,31.532589416644782,-15.7422626877277,-15.088372819989235,user,squat,medium
1788982925730,6.610989334106445,-0.9032122840330004,1.6708540681034325,30.92749954297877,-22.46655831239587,-9.233740422903054,user,squat,medium
1788982925746,6.904279621997476,-0.924610461370647,2.026093739429116,24.34270882456082,-13.482302501758577,-8.73782514670417,user,squat,medium
1788982925763,7.015009695214033,-1.1056713773980735,2.077418560735881,11.458283516704723,-3.715674988679358,1.143098004894101,user,squat,medium
1788982925780,8.961347760882973,-0.1990180130004882,2.495656540027261,4.943329775002865,4.16266690051391,23.814605428124604,user,squat,medium
1788982925796,9.86366192703247,-0.2696468158446252,2.1419138292610644,6.185143970362631,9.312813522924293,47.174415880174735,user,squat,medium
1788982925813,9.310600174492595,-0.1289873221799731,2.201319081170857,-0.0406062883687323,6.427765096286178,53.325551057999405,user,squat,medium
1788982925830,8.49776929539144,-0.9106944564819336,3.0859774713814256,-3.119174718224869,-4.285753312659887,51.51328672023617,user,squat,medium
1788982925846,8.767267788806556,-1.2509700751706958,3.030012423053384,-3.8633389827799793,-14.038165494529016,54.53504095622527,user,squat,medium
1788982925863,9.330054816547037,-1.839345425415039,2.7446538049444555,-6.370017554401013,-15.71105384586262,57.408709860819314,user,squat,medium
1788982925880,9.305514834052325,-1.981201581518352,2.0588649591743944,-12.118720974536291,-0.998605993332716,61.37067037191193,user,squat,medium
1788982925896,9.062203505817056,-2.1339818672180173,1.7958023440256714,-21.985791542002424,7.679560759344271,62.33639081866004,user,squat,medium
1788982925913,8.857050351062416,-2.887407202148437,2.346018936267495,-21.865834637156784,-8.29001403905604,46.43844933672752,user,squat,medium
1788982925930,7.644087934985756,-3.8090254959657783,1.998859403283894,-15.393825709861378,-18.244878150566223,25.61905944457193,user,squat,medium
1788982925946,7.08010322189331,-4.215141075786948,2.0763716820314526,-8.433314822937492,-21.398118650719944,1.7016926464457232,user,squat,medium
1788982925963,7.508964594268798,-4.620958549444377,2.038663882666826,-17.427147412564786,-5.756329753230421,-8.605690014568395,user,squat,medium
1788982925980,9.648782912555337,-3.979462434387207,2.892196482251584,-35.158395337546054,0.4136836939341921,1.2409897701826047,user,squat,medium
1788982925996,10.592249173304438,-3.638438627679646,3.237111743439734,-58.59781164437268,7.656289451068392,17.963501677518376,user,squat,medium
1788982926013,11.25514200439453,-2.9753938208982347,3.3852518021181224,-92.69106971670652,27.220615861534863,36.55989892881389,user,squat,medium
1788982926030,10.707021215388178,-1.8611928078249096,2.7023066553413866,-111.38474422970864,42.10369368564103,49.91746766217605,user,squat,medium
1788982926046,11.07602813078165,-1.7275670121893285,2.651579799927771,-124.52011324899196,50.565478444586425,66.79046645945206,user,squat,medium
1788982926063,11.08201129684448,-1.1324570929929614,2.477251114764809,-110.78108528067374,40.3943329779132,85.22732585966172,user,squat,medium
1788982926080,10.223389557427168,-1.8056760877862568,1.4010568840026854,-77.96187605460074,20.03274676016147,87.53361436499739,user,squat,medium
1788982926096,9.566331423839928,-2.49969587854594,1.0522525064215065,-52.13150763258153,24.71798844586529,84.80199631966669,user,squat,medium
1788982926113,8.677932970318198,-3.310432123455405,1.5893009895324706,-49.948316211562414,48.405174987476016,88.85802902619788,user,squat,medium
1788982926130,8.673445595771074,-4.354603907012939,3.565266131702065,-67.44753065760729,51.16906226154045,92.77979387402496,user,squat,medium
1788982926146,8.030301421245932,-4.631134198760986,4.563647931726277,-92.6782016403102,46.77072779456489,89.59159817324642,user,squat,medium
1788982926163,7.566126743426919,-5.640290198516845,4.627393843188882,-108.53030572272276,37.17215708601383,83.9902215066215,user,squat,medium
1788982926180,6.240635095757246,-6.539611028069257,2.7702415429264304,-103.26101968373302,29.33072767352943,71.52011291249744,user,squat,medium
1788982926196,5.750722750091552,-6.902932299041748,1.9009971410773692,-92.49673034425214,30.207959604485435,56.72019264153618,user,squat,medium
1788982926213,4.791695932117104,-7.499088512420654,0.9243122090764344,-73.85308013673118,27.57814894382835,37.865561305648114,user,squat,medium
1788982926230,5.976076981353759,-7.521683206066489,0.5886749177128077,-57.33010121366164,14.951968819622206,33.64176207762848,user,squat,medium
1788982926246,6.14801117259562,-7.453299405670165,0.4155445024237036,-42.7094085216161,15.293937608344526,29.638400374881822,user,squat,medium
1788982926263,5.374683451843262,-7.623736636352539,-0.0127181734062731,-22.362493550201552,11.43509758579347,17.171196318702314,user,squat,medium
1788982926280,6.067505557250977,-7.515697701916098,0.330999256299436,-8.92323916946063,1.1628656395691757,11.797585970329802,user,squat,medium
1788982926296,6.373065544128417,-7.456741070556641,0.6738192987740039,2.4534696904393414,-9.249839178776774,4.328255445430761,user,squat,medium
1788982926313,6.337153103747964,-7.097012271118164,0.872388398963213,9.17744344244287,-7.933453404945632,1.3503568936069643,user,squat,medium
1788982926330,7.801507278662919,-6.646005117908119,1.3389585936166346,6.95049526827971,2.617396364953763,14.271670879231534,user,squat,medium
1788982926346,8.239944873157143,-6.461202092742919,1.7993927697330712,-1.387392847329418,10.23463463632943,23.0107160684762,user,squat,medium
1788982926363,6.995707613372803,-6.534523934063315,2.2065569818243382,-8.14262624072998,16.885130920789255,19.92952381878236,user,squat,medium
1788982926379,6.293758198657631,-7.1788646248966455,1.854609191650897,-6.112389222210479,16.132893159191777,11.000811960249257,user,squat,medium
1788982926396,6.330718102264404,-7.15028267353475,1.6560397992007434,3.826019682928676,5.827841406953632,3.695531907043344,user,squat,medium
1788982926413,5.961412496185303,-7.357381701660156,1.7559978646427392,9.04143303172676,-0.7365410797502884,-1.286898566523728,user,squat,medium
1788982926430,6.477364122992753,-7.454647313147783,1.9753673224069177,8.414984302752469,-2.281094712251849,0.8352432363116435,user,squat,medium
1788982926446,6.698678138953447,-7.406912333026528,2.037616273310036,2.442223997414327,2.167000671035017,4.416756340940732,user,squat,medium
1788982926463,6.552182340350747,-7.494449746704101,2.0787664682134985,-3.225485331995648,6.757515957243816,4.320458357606368,user,squat,medium
1788982926480,6.23719576895833,-7.296030868640542,2.0570696001902222,-8.611418835734744,11.643959647970584,-0.951125079543726,user,squat,medium
1788982926496,5.922357666125893,-7.343166129302978,1.968782244928181,-7.225104731407365,7.770453501724217,-7.584505016665204,user,squat,medium
1788982926513,6.164471893531084,-7.266402623096108,1.8008894380316138,-0.7665821193498557,-0.589036314434693,-9.407605449546669,user,squat,medium
1788982926530,6.797288150787353,-7.089829081615806,1.6635212409973144,4.923057773546267,0.4967564566838539,-4.364046063568451,user,squat,medium
1788982926546,7.030573759570718,-6.953509809112548,1.6181822161018848,6.834030297647237,6.261526402737707,-1.1474397640504077,user,squat,medium
1788982926563,6.643459525078534,-7.035211356243491,1.7645270619265734,5.284714155664326,11.593771417949329,-1.5926607358992229,user,squat,medium
1788982926580,6.594828472900391,-6.963385306438803,2.288109037481993,-0.4295926986150327,9.649960198092584,-2.940148203002842,user,squat,medium
1788982926596,6.659771192932128,-6.9620385680049655,2.587534759388119,-4.692464183864289,-0.4962815984539794,-3.6249961165977993,user,squat,medium
1788982926613,6.731149498969316,-6.894702230834961,2.961927167212218,-13.882594275803635,-5.419526295067922,-1.1843852177663587,user,squat,medium
1788982926630,7.377582193645835,-6.599765344780683,3.492991607477516,-31.62865602732101,-6.796023710010701,9.627722809702314,user,squat,medium
1788982926646,7.198465397423505,-6.964431600621342,2.782511388043314,-37.570961586367126,0.9772384935662716,11.719485318491644,user,squat,medium
1788982926663,6.529436840057373,-7.418582897076011,1.972223909814656,-42.96964214408817,11.923603814290184,10.471987978855603,user,squat,medium
1788982926680,6.148310447803139,-6.997952761951089,1.7859256776556371,-37.34534336260868,10.650109067125785,5.834771060753432,user,squat,medium
1788982926696,6.321739846038818,-7.14459644459188,1.2196971311591565,-19.20057358716004,-0.7226435124191636,4.232672497525133,user,squat,medium
1788982926713,6.455517032843828,-7.024588255420327,0.5355542990304529,-0.605983347786817,-6.85568370486347,2.501649844844612,user,squat,medium
1788982926730,6.301089856719971,-7.083095389446616,0.5318127744145691,14.306191509070423,-5.526785878246511,1.8382807417552285,user,squat,medium
1788982926746,6.340445715552568,-7.289596451678872,0.6432935198679566,19.255877628869637,-4.165820313476341,2.991141328129099,user,squat,medium
1788982926763,6.302286957550049,-7.31623077610433,1.0399817845217882,21.817155878942103,-4.326114181125962,1.9192571166773724,user,squat,medium
1788982926780,6.225822142028808,-7.369502347564697,1.2367550873354076,22.551462686421004,-7.041434114436552,-1.287955324854376,user,squat,medium
1788982926796,6.028750586920976,-7.477242006793618,1.6442190130256116,20.59744289507603,-5.797585376477768,-7.590723903904501,user,squat,medium
1788982926813,6.420651471167802,-7.175273322406411,1.9644433389410376,18.908890358654645,-3.3164899187232515,-7.3443589805421405,user,squat,medium
1788982926830,6.576572685241699,-7.084442127880454,2.0126262089602647,14.92896303495031,8.785557069945158,-7.091656495403655,user,squat,medium
1788982926846,5.682788447028398,-7.50761844035685,1.612795846888423,8.21562388748449,21.457056353067983,-17.038670158236556,user,squat,medium
1788982926863,6.047305065265298,-7.572561160388588,2.206108653534949,6.740069092782664,11.909677912346174,-17.392246853453315,user,squat,medium
1788982926879,6.519111845397949,-7.459883460235595,2.369213203241676,8.386662923359012,-3.579054983579824,-14.884647060067977,user,squat,medium
1788982926896,6.545149372974038,-7.442974411010741,2.336741550964862,6.581912220569611,-2.002337830194115,-13.444451300925657,user,squat,medium
1788982926913,6.38354076091349,-7.173626724243164,2.1972800349131227,3.0872538291388145,2.093931734181044,-11.591764196106991,user,squat,medium
1788982926929,6.688651250457763,-7.136366960906982,2.350508356641233,-1.3205563513713758,1.9110015524049424,-7.80243842383374,user,squat,medium
1788982926946,6.781576202392578,-6.740126586151122,2.571223091534525,-4.836223871080603,-0.3886598284863958,-6.574837425249947,user,squat,medium
1788982926963,6.555324145507812,-6.659620970806479,2.220174003766477,-4.302334450643739,-0.8868592960345472,-7.515129931491739,user,squat,medium
1788982926980,6.430377330890297,-6.717082395172119,2.01711548320353,-2.206653334261526,2.5013104698202264,-9.19312043413534,user,squat,medium
1788982926996,6.467936369433999,-6.615328824615478,1.593341789355874,3.999949169482581,4.696666030864317,-8.12940640959142,user,squat,medium
1788982927013,6.921786637115478,-6.5960255737304685,1.461211785236001,10.294859829336016,1.766102077370884,-4.51385943282351,user,squat,medium
1788982927029,6.963237422400713,-6.62011839697957,1.4642049757026134,16.641733714621264,-4.379369592971375,-3.609828400885316,user,squat,medium
1788982927046,6.404639078521728,-6.809258574566245,1.4689927945010364,29.91087028125197,-17.65552161765333,-10.777049840397762,user,squat,medium
1788982927063,5.434238633617759,-7.162702594646811,1.16627650661692,42.78742635741057,-20.648259502500924,-26.25072899939305,user,squat,medium
1788982927080,5.1990094895511865,-7.230489013671875,1.0076602082401511,45.16012479204628,-10.716966373816453,-34.10055954455657,user,squat,medium
1788982927096,6.647051412090659,-6.647350687298179,1.566107891602069,38.89486056828528,-4.872932295888012,-25.40828492942721,user,squat,medium
1788982927113,7.191434183612466,-6.469881073760986,1.8083710259586567,30.44230681000316,1.795677436807274,-19.09411484366164,user,squat,medium
1788982927130,6.870460939025879,-6.5004065604060886,1.9153622049078345,24.88654214665557,5.572390197561039,-21.61463223231476,user,squat,medium
1788982927146,6.095039460864663,-6.738330934906005,1.86882505626902,25.3424863020579,7.5721551808721745,-31.704949240350054,user,squat,medium
1788982927163,6.468685141974687,-6.388927714648842,1.8137579796940089,32.21182782394045,5.3912322364311445,-34.425604832062895,user,squat,medium
1788982927180,6.834099001312255,-6.133495155987143,1.8103157302856443,44.405265945354806,-5.215476101161084,-31.472862827447607,user,squat,medium
1788982927196,7.363218152728677,-5.7143608123779295,2.145654477094113,55.60128471208303,-22.3826630988206,-22.098694568982737,user,squat,medium
1788982927213,7.803004823744296,-5.386356353980302,3.0074180216684936,45.44787383158975,-20.023753108571853,-14.463933020404577,user,squat,medium
1788982927230,7.8348758797794575,-5.0381478964656585,3.6812352746158834,31.046512174171653,-19.8981049486003,-6.685234626578509,user,squat,medium
1788982927246,7.460482595172524,-5.180604064288735,4.189254647119343,14.82657849929182,-23.51059541571463,-3.5621101380226685,user,squat,medium
1788982927263,7.477392228919268,-5.20993245010376,3.8970132837593554,3.4175508917866413,-16.714178116053006,0.1027457219314952,user,squat,medium
1788982927280,7.488164967346191,-4.965274383434653,3.766080088208616,-5.443541240189687,-10.761100494912135,7.795976211105262,user,squat,medium
1788982927296,7.618501073786616,-5.020641465869546,3.8031905062019824,-13.337327467756824,-9.86413273234938,17.040816545183233,user,squat,medium
1788982927313,7.470060570856928,-5.276222493091225,3.5495544755682347,-13.96907300843246,-14.787216119105036,20.40679182477346,user,squat,medium
1788982927330,7.346906484875083,-5.504867582592368,3.495235148620605,-12.439050870194366,-22.55212179967591,20.510738766204597,user,squat,medium
1788982927346,7.027280563244223,-6.084263799828291,3.393632092450559,-12.412873316426646,-35.663433185155135,12.758270006338666,user,squat,medium
1788982927363,7.127989008662104,-6.432472841864824,2.9638730405829845,-11.760178731792935,-44.66453309605932,12.745788689404115,user,squat,medium
1788982927380,7.600693029895424,-6.341492009735107,2.583494544086605,-17.610650689900933,-42.53030047101085,16.177634313349948,user,squat,medium
1788982927396,8.265382681274414,-6.526293865856528,1.752705691229552,-26.5922589484612,-35.20326626529845,21.79589179250856,user,squat,medium
1788982927413,8.205826914978028,-6.5864481825679535,0.9346377882577478,-40.82577212212081,-17.006568269137496,24.74078420222021,user,squat,medium
1788982927430,7.883058603668212,-6.689698129162192,0.4303580406740308,-49.95135223064848,6.313406385239008,21.91431190479095,user,squat,medium
1788982927446,7.573757676696776,-6.345382587432861,-0.5442309419609606,-49.27580212550462,30.622716011645288,23.24674008543516,user,squat,medium
1788982927463,7.921815912085771,-6.35810295279622,-1.3985127524778247,-29.12327775296322,49.03946050474925,28.126186247357246,user,squat,medium
1788982927479,7.872733609008788,-6.510881192669272,-1.5111889913260936,-3.808858405752196,50.133079658800426,26.36203376210758,user,squat,medium
1788982927496,7.306804191589355,-6.7462617279052735,-0.9080005412228404,24.299962085640296,44.118575585132696,18.054857165214592,user,squat,medium
1788982927513,6.762872086444497,-7.043741284179687,0.1020532841555774,56.49067779485624,31.651130764784934,1.3111430700346287,user,squat,medium
1788982927529,6.715736241260171,-6.996904714202881,0.7410067289926111,66.25560117573754,28.1262425964179,-7.762064321876148,user,squat,medium
1788982927546,7.04164694224894,-6.779032363128661,2.276886655591428,58.96586321798799,30.31279617805596,-10.459726935521786,user,squat,medium
1788982927563,7.683293571692705,-6.426037840381264,3.678691727612912,31.61418627156434,34.33888192017124,-4.093732789428734,user,squat,medium
1788982927580,7.885753249579667,-6.336404915729164,4.033483362910151,7.987670592803547,37.260133337618186,2.570124839151517,user,squat,medium
1788982927596,7.376684952545165,-6.195146433258056,4.141669596862792,-12.672927646433005,45.10922622235135,4.811590366952128,user,squat,medium
1788982927613,6.501604245758056,-6.113593939208984,3.525461944580078,-24.378961761127957,54.07508918732744,1.205461580719431,user,squat,medium
1788982927629,6.4269350814819335,-6.193799110302328,3.2851448297247288,-20.63455472793129,45.45636034163349,-2.356226579678577,user,squat,medium
1788982927646,6.6524389503479,-6.195744983673095,3.288436564746499,-9.825716333362644,28.51731873772532,-3.2076060311826704,user,squat,medium
1788982927663,6.782027453291416,-6.431725238367915,3.577536999732256,2.739024531711942,9.285656690784322,-0.7736826879614657,user,squat,medium
1788982927679,6.540062278968096,-6.5970736214786765,3.895217047992349,-3.181003298139117,9.820691875454454,0.787653252939345,user,squat,medium
1788982927696,6.130951316723227,-6.834847189331055,5.068525206811726,-25.945831062390976,20.309866317809103,2.338415367313888,user,squat,medium
1788982927713,6.083218674689531,-7.196372224536538,6.4092790132820605,-85.63695279475489,52.89726063099917,6.189938336273157,user,squat,medium
1788982927730,6.143222184753418,-7.286901805767417,7.215676059943437,-141.52829515032084,71.6721802441786,9.170398956087649,user,squat,medium
1788982927746,6.295552680858969,-7.147289921459556,7.800310177832841,-182.34092940357317,64.24023091772021,8.068165225945794,user,squat,medium
1788982927763,6.031293257141113,-6.755987587627768,5.628469266211241,-194.35627034237945,32.33739743673655,0.4681843880035154,user,squat,medium
1788982927780,5.756408979034424,-6.675781832012534,3.822493757086992,-179.33081039483517,23.42331242831104,-6.672813500686018,user,squat,medium
1788982927796,5.532402070727944,-6.651691346850991,0.997933910126239,-159.81092204888245,24.119310412282623,-8.426967015877612,user,squat,medium
1788982927813,5.868936457061767,-6.255001474761962,-0.5829872274652124,-129.27343313770058,29.268210952056304,-4.969107335817316,user,squat,medium
1788982927830,6.347028601074219,-6.11613719395101,-1.762131398961693,-90.35203045430062,20.739818188324943,0.7660485641818012,user,squat,medium
1788982927846,6.924182592341303,-5.80339577113688,-3.797052734099328,-21.925274358408817,-26.096653592095905,-2.312564595409271,user,squat,medium
1788982927863,7.047033895984292,-4.575469010162354,-6.189907801952213,157.16526193425634,-165.24937821323505,-27.31115001898338,user,squat,medium
1788982927879,7.515849093085527,-3.8817496636539697,-8.243535006603597,330.85977290524033,-232.61812946895543,-35.866043916694395,user,squat,medium
1788982927896,8.22228763591349,-2.826355059814453,-8.830862162969261,460.5882878869605,-216.23208217836628,-36.4593824498934,user,squat,medium
1788982927913,8.29276694728434,-2.0860978340148923,-6.347776204571128,496.2173413149284,-180.1855812487056,-38.98423700866948,user,squat,medium
1788982927930,9.55810252467692,-1.90279176940918,2.220921899524331,366.0433887162967,-69.05131371623965,-10.835886797455544,user,squat,medium
1788982927946,10.956465347290038,-5.154565952190756,12.090868898175655,139.45791454872824,77.07194338688309,37.3198735871937,user,squat,medium
1788982927962,11.142166782599688,-7.106140749469399,17.26369093028605,-142.4346749135599,215.791275429712,88.3178703458766,user,squat,medium
1788982927979,8.092850524139404,-8.55448253173828,20.671089682282503,-375.6105986112736,255.3026630234285,74.73286997353135,user,squat,medium
1788982927996,4.307916974639892,-9.118017162975669,13.740772824969888,-407.7802978284134,193.7486020723017,35.00337394904886,user,squat,medium
1788982928013,4.681262796020508,-8.383746025848389,9.455750988227129,-355.6744512165436,113.71503401978774,7.175415958969168,user,squat,medium
1788982928029,5.887641157531738,-6.868664703258872,1.252617403986305,-205.1429285513921,31.44720863692504,-15.8090226642227,user,squat,medium
1788982928046,6.777985484424233,-6.06496230250895,-5.631459972459822,-52.83646170210231,-35.37363508886066,-23.87254421530653,user,squat,medium
1788982928063,7.043891506305337,-5.341164628601074,-6.570287321361899,103.08064121794216,-97.05922840792896,-30.742076982485845,user,squat,medium
1788982928079,6.569689939990639,-3.6782419380187994,-7.264156451604514,280.2699550815465,-147.30062462168203,-48.25409461812992,user,squat,medium
1788982928096,6.326378611755371,-4.084507447704673,-5.146484937065839,316.5134523272488,-98.07303338643396,-45.214848267676416,user,squat,medium
1788982928113,7.139809794837236,-4.800974048072099,-0.8277937626942992,170.9166457147831,5.847778729140899,-6.285540494085826,user,squat,medium
1788982928130,9.70295230963826,-7.053169037738442,14.678551687732336,-187.2573951907967,178.46668218180184,58.17207229302745,user,squat,medium
1788982928146,5.531206138941645,-7.9384256861031055,16.907853585328162,-344.4176984077156,201.34662744842896,43.84118794256013,user,squat,medium
1788982928162,3.999515042334795,-8.205978306147456,12.254722658814488,-371.4057155921603,161.90195714252516,16.799707452387196,user,squat,medium
1788982928180,4.797532383185625,-6.1197302500069135,2.571672442737221,-262.1862915935074,77.61346810503838,-1.6010330537177777,user,squat,medium
1788982928196,5.885546815600991,-5.661390269690751,-4.282776980425417,-123.74853409921228,-0.0224455290670758,-6.5634105187685154,user,squat,medium
1788982928213,5.881206740570068,-5.416432927814125,-6.121673346898705,30.651402806159343,-74.29329265892767,-15.903434661572492,user,squat,medium
1788982928229,5.208884986877441,-4.559457786560058,-8.152555197387189,218.91588206931772,-144.8036850460438,-30.587779594040672,user,squat,medium
1788982928246,5.737554640960693,-3.9772178703308105,-6.441598105345666,312.3920615405497,-172.63240289466864,-36.37089051900672,user,squat,medium
1788982928263,6.126463942176104,-3.9806601197391744,-4.666447650334984,332.2285154941542,-148.9888151580774,-34.3062745970736,user,squat,medium
1788982928279,6.877644128528237,-4.473117473712564,1.704373621997982,197.6091206138413,-44.65224900083705,1.9552308692621831,user,squat,medium
1788982928296,7.789984598651528,-6.140977620697021,9.835680279651283,44.38405820798192,33.03149492057159,36.88489298990144,user,squat,medium
1788982928313,7.124246899524331,-6.878990282440185,11.030386908069252,-56.63524899392331,54.40306121089311,50.8596478619497,user,squat,medium
1788982928329,4.759523262786865,-7.957427908214926,8.234258936475216,-87.13336527963465,32.01118418688216,42.340069457342246,user,squat,medium
1788982928346,3.786281456977129,-8.292766362762451,4.964527218329161,-60.59426910857824,-14.311432825484763,25.79126217392629,user,squat,medium
1788982928363,4.013430170440674,-8.5294930519104,3.730316408649087,-35.334112199228386,-35.78704253365944,16.548569934342293,user,squat,medium
1788982928379,4.907365799823404,-8.923639669257401,3.372533482581377,-47.994038580576266,-35.56572049888893,2.5881240951617928,user,squat,medium
1788982928396,6.943335036578774,-9.113380735346674,4.282480189435929,-85.02670271317093,-23.145726710252543,-0.2681921802373108,user,squat,medium
1788982928413,7.827393415069579,-8.58770207977295,3.8572092427678406,-118.2355195898798,3.4783617735145573,-3.457670142310827,user,squat,medium
1788982928430,9.77388053382039,-8.142082464820145,1.3112750523991883,-119.26189211645764,53.305111716908144,5.304732159461165,user,squat,medium
1788982928445,11.724106254577636,-7.754070404705405,-1.8104640527151523,-72.16481446825495,72.58168140386833,22.45843380237813,user,squat,medium
1788982928463,11.673678382110594,-7.6475284308284515,-2.7058963503964244,-0.990819791122313,66.36402359862232,34.04217850262589,user,squat,medium
1788982928480,9.618256256866454,-7.812878567504883,-2.0766700804561373,78.6343764802802,38.80176167480342,25.77881586171124,user,squat,medium
1788982928496,7.28420949794352,-7.546824661585688,0.6031909343212842,104.14947703058994,31.423524955978017,16.139282801160324,user,squat,medium
1788982928513,6.579716243964433,-7.285407767817378,1.8582012247934936,97.03559595340072,41.499792264890594,13.236958691677131,user,squat,medium
1788982928529,5.556942053222656,-6.596773761749267,4.088848691779375,67.80656638151818,58.087548702048544,17.88559483229792,user,squat,medium
1788982928545,4.074034569007158,-6.5616100939095015,5.2887929285898805,12.732111235591164,64.24151499328418,25.58027933801189,user,squat,medium
1788982928563,3.0356986519962548,-6.464195429340005,5.386805266791582,-31.013508700102157,58.10035530674232,26.885441403489413,user,squat,medium
1788982928580,1.1727110697090626,-6.768110571619868,4.371364195416867,-59.56125763812717,44.75556927241184,25.639751502662484,user,squat,medium
1788982928596,0.4388882608711719,-7.363368959376215,1.5577286241829391,-48.6135879647152,0.2798636395075403,21.13288874487001,user,squat,medium
1788982928613,0.041000118908286,-7.8612103444755075,0.2922429707951843,-14.078642903097805,-48.64621919347493,4.6541805466795445,user,squat,medium
1788982928629,-0.0779600225150585,-8.525304368048905,-0.6453858159720898,18.771226188385747,-93.26483975793344,-13.968805777281185,user,squat,medium
1788982928645,1.9554653749763964,-8.08192814810872,0.4418810129463672,35.1449671856378,-132.3433709431895,-25.479827745888517,user,squat,medium
1788982928663,3.38375454929769,-7.912835902294516,1.0957964645937084,26.29538989882847,-138.55505916310094,-27.11094351403197,user,squat,medium
1788982928680,5.645826789855957,-7.68074797886312,1.5474028988711537,9.379843291891504,-119.98038703600794,-33.055212752464456,user,squat,medium
1788982928696,8.082675167083739,-7.98705615375936,1.0800846623294056,-20.83226821383565,-69.17407270619229,-34.833059767,user,squat,medium
1788982928713,9.585486206164957,-8.006958539581298,0.8212120462164282,-31.175254409837223,-23.169745070468892,-26.01250395397405,user,squat,medium
1788982928730,11.859230179816484,-8.49088771918416,-0.4270651366084814,-17.599370632486657,19.81838298060791,-9.690619460448024,user,squat,medium
1788982928746,12.300810163989665,-8.9496766123116,-0.251539789006859,27.56856789597012,34.84468816406195,9.440814683064916,user,squat,medium
1788982928763,11.207557246398926,-9.093925508770344,0.4269163757875561,67.00648485233206,22.6249196633972,9.691046347271149,user,squat,medium
1788982928780,7.787739450073242,-9.383772962731122,1.5726922384284436,97.55864500985112,11.879102570526612,-2.629354318643163,user,squat,medium
1788982928796,4.74949812785685,-9.178920252227783,2.772636036847532,111.81324980766772,5.4759295703470645,-23.456343223137218,user,squat,medium
1788982928813,3.818603179389238,-9.083452630072832,3.2948715662300585,107.32414895681188,2.281962573163264,-35.86233170888049,user,squat,medium
1788982928830,2.4129063606262204,-8.572288822063804,3.621979075787961,98.09088750092435,1.2988080685587031,-45.18195749172822,user,squat,medium
1788982928846,2.193388580432534,-7.944111330524087,3.833417302161455,79.33135630394497,-9.019323709383428,-48.84223879246513,user,squat,medium
1788982928863,2.589029235729575,-7.574654917797446,4.1373306908756495,60.92478879270433,-26.744246025419613,-43.41359760994983,user,squat,medium
1788982928879,2.963274051776528,-7.106440024676918,4.35086384370178,41.83804030806255,-45.18424902019476,-41.07569557404075,user,squat,medium
1788982928896,3.052757338824868,-6.6419643180847165,4.135535039630532,8.206994797241826,-53.457435180683184,-41.031292514246495,user,squat,medium
1788982928913,3.5396781014591454,-6.152499716186523,4.073435726331174,-23.6990813160503,-46.67881393890403,-37.64698842201854,user,squat,medium
1788982928929,5.459380089136958,-5.189284214350581,3.511098488184809,-53.67451566797912,-36.87418666837744,-26.84251366455588,user,squat,medium
1788982928946,7.626281060138345,-4.30911465999186,2.266711298535764,-78.01118319021906,-19.273142639544133,-2.203633536874734,user,squat,medium
1788982928963,8.510639882880449,-4.112790123859048,1.4282926814526318,-77.89994672939623,-6.231278909998306,16.02914600079387,user,squat,medium
1788982928979,9.279926219287514,-4.402487940216064,-0.0746687258847057,-60.60978046818334,2.765299842562158,25.32442045170321,user,squat,medium
1788982928996,9.123704560962318,-4.720917930060625,-0.4997881352528929,-31.29532913544605,6.008448684081694,24.074306295841414,user,squat,medium
1788982929013,8.7210291847229,-5.612307966613769,-0.6238385855525732,14.32413441602005,5.592823989123602,14.698336574982951,user,squat,medium
1788982929029,8.879495991626381,-6.597970278057455,-0.0623985885068774,41.57592155337956,7.635289180691541,13.094165049341552,user,squat,medium
1788982929046,9.126847535163163,-7.049877010455727,0.5580002318553626,57.10969442423991,7.632924227691425,14.928232204709118,user,squat,medium
1788982929063,8.760234236907959,-7.965957251629232,1.884535981750488,63.4200822927526,1.4298220891752431,12.250608512314653,user,squat,medium
1788982929079,7.153276594653725,-9.009231794086098,2.7344778633669016,57.33531264799836,0.3615843182862306,1.6917029611760506,user,squat,medium
1788982929096,6.168062611499429,-9.312696269989011,3.036746115222573,41.48253920704714,6.253291329032787,-13.469921076340636,user,squat,medium
1788982929113,4.904523269873857,-9.421184117236733,3.7825405168831354,8.630053299337831,15.80965787181551,-32.853705096476155,user,squat,medium
1788982929129,5.280411176952719,-8.396763912853599,4.228011371015012,-12.705502526132086,20.60044476321625,-37.7440727308811,user,squat,medium
1788982929146,5.845443937793374,-7.7215996292114255,3.927390009583533,-20.749286538061877,12.770490922311112,-36.82461998557066,user,squat,medium
1788982929163,6.74790832606852,-6.591237170410156,3.406350996509194,-16.034850916298122,-11.542520239738492,-29.717982323996228,user,squat,medium
1788982929179,6.960243501281738,-5.22250142429769,3.141642367719113,-17.74383937871618,-16.714663059484078,-17.57125928141018,user,squat,medium
1788982929196,6.882731807056069,-4.913650579181313,3.0596409608587622,-24.34105591878168,-1.787149732185101,-5.928529494377021,user,squat,medium
1788982929213,6.3434378831058735,-5.308993128314614,2.433556642206013,-26.021569322549954,5.1430995747342205,-2.1801833630199647,user,squat,medium
1788982929229,5.672313230243325,-6.0624184632450335,2.657864579285681,-22.362847012491105,-16.68290438739081,-6.631736743017561,user,squat,medium
1788982929246,5.549012429267168,-6.4003001725345845,3.037344957898557,-25.714072498568687,-3.715098264581315,-5.824185121313559,user,squat,medium
1788982929263,5.689971052008867,-7.147740003314614,1.8851355550788345,-18.9348211718386,19.035131037536697,-4.245515387598872,user,squat,medium
1788982929279,5.936423600879311,-7.688679356384277,1.4679454774051903,-9.868400746806993,29.57167625687997,-4.036739983446855,user,squat,medium
1788982929296,5.939267299872636,-7.648278372412919,1.4778221437752246,1.470114549027912,30.741441774893037,-5.289863691411693,user,squat,medium
1788982929313,6.015132395935058,-7.971344205364584,1.7360963556036353,10.891283046718932,27.35428949378118,-17.767628927595336,user,squat,medium
1788982929329,5.613056154632568,-7.9165774269104,2.7120322228029368,12.28087051920604,22.48339302115265,-28.880177660024124,user,squat,medium
1788982929346,5.906495495605468,-7.745840336498618,2.9622268808111545,16.356663816779736,13.718382867778187,-37.61370832528765,user,squat,medium
1788982929363,7.012766300201416,-7.282861590465902,2.941127686420083,26.376158593311164,8.193105607564606,-40.26041687395134,user,squat,medium
1788982929379,7.822455958667397,-6.425738565173745,2.6699849329292773,39.30691563562839,-1.881581793215582,-42.02715117070728,user,squat,medium
1788982929396,7.819762481799721,-6.151452252960205,2.753781698773801,60.3829293952797,-14.501531504238203,-45.9091404119028,user,squat,medium
1788982929413,8.079382555279135,-5.465812752532958,2.1567276597723364,109.86704204518595,-46.576685535339415,-57.5270633787573,user,squat,medium
1788982929429,7.506420170482992,-4.739621461486816,1.4047987008795142,163.3979188349197,-84.71192661508172,-67.95815559995745,user,squat,medium
1788982929446,7.60967128612101,-4.499602745056152,0.8330334169134497,205.751689651737,-102.21955243908948,-69.57095450829422,user,squat,medium
1788982929463,8.359506487604975,-4.263325553241372,2.3442241618052124,194.97124691486903,-96.66386973801194,-59.28814569397504,user,squat,medium
1788982929479,8.50241039919555,-4.229058541980385,5.708525530353188,139.15126637575136,-76.31896284221338,-44.60865190336487,user,squat,medium
1788982929496,8.34992851192057,-4.676025187627971,7.255330024939775,42.12724417789923,-38.02344795850213,-23.724236902763455,user,squat,medium
1788982929513,7.991396228790283,-5.60527441471517,10.225935442517695,-150.92174503281268,52.24415452746797,17.815172166860503,user,squat,medium
1788982929529,7.987206960406899,-4.820575697381794,12.231228678241372,-297.69221037111834,114.64281276569642,45.14678884769183,user,squat,medium
1788982929546,7.408109433856606,-4.075978688812255,11.048642695727944,-391.4683307695622,154.58946099446115,59.863718905142846,user,squat,medium
1788982929563,6.81823916887939,-2.328960249438882,6.156242117585242,-430.56725689968,189.29486794096815,66.716181322039,user,squat,medium
1788982929580,6.403741252899169,-0.847846662902832,1.3236949735112489,-393.106237453288,168.6625466848955,48.25993442987028,user,squat,medium
1788982929596,5.832573934826255,-0.8581704885184764,-0.6139622114434838,-276.56247375855025,49.78785116229672,8.362618096159627,user,squat,medium
1788982929613,5.325302458080649,-1.7395371437072753,-6.045059478295594,-90.65848055179158,-73.56572724815958,-15.497060604071535,user,squat,medium
1788982929629,8.515727561408282,-2.5879835260689257,-10.142735181261598,141.00328582957866,-114.89838478405996,4.930071950937047,user,squat,medium
1788982929646,10.299556851306557,-2.923170589447021,-8.942342323900759,229.71715688315425,-82.29622530943162,27.938909290504668,user,squat,medium
1788982929663,11.405828240424396,-5.2552732285648585,-2.5930687203787266,238.79223798805344,-35.82506278167431,36.39243293564893,user,squat,medium
1788982929679,10.650008119311927,-8.320598957061767,4.41116750575602,165.2762481774299,21.517331064946053,31.800896322715808,user,squat,medium
1788982929696,10.317962276569007,-9.846901930889487,6.690597416089474,90.82620950723958,49.77178314227426,22.670963676139547,user,squat,medium
1788982929713,8.584560274615884,-12.000486908721925,8.256555231696368,29.02637785920825,63.7294147300733,3.036625051916095,user,squat,medium
1788982929729,6.166416597858071,-11.706748292541503,7.091776416291296,-14.221927465279975,55.02123772700887,-31.107697008756627,user,squat,medium
1788982929746,5.291633997234702,-10.707616843193769,6.123619658660888,-17.574293592948955,32.23731125973377,-51.92362399500303,user,squat,medium
1788982929763,4.435109522357583,-8.194005544281005,3.7738606590822337,-6.067063659991451,10.445910316604497,-63.3561244013646,user,squat,medium
1788982929779,4.244770490375161,-5.542727065387368,2.6641490663826466,11.389428379681826,-16.197884116691743,-63.25352812984183,user,squat,medium
1788982929795,4.230854777747393,-4.416554459491372,2.616713653729856,19.298547528161997,-36.24844913285048,-57.81697075807848,user,squat,medium
1788982929813,4.582803590834141,-2.683452317267656,2.327913662995398,22.981301858815534,-48.023428884574834,-44.771709009420576,user,squat,medium
1788982929829,5.604378342658281,-1.6539444343566894,2.614768657141924,12.68520064259787,-50.82132025542218,-23.67597649363544,user,squat,medium
1788982929846,6.369027082392573,-1.4875480034977198,2.931701394166052,-2.595373914078938,-48.66425089288377,-6.635580431972985,user,squat,medium
1788982929863,8.109311245074867,-1.885284169769287,3.2520755038157105,-18.702026126809763,-44.78530450096349,7.923503526872215,user,squat,medium
1788982929879,9.23847660304606,-2.991704611968994,2.8468559960514304,-30.35496576599162,-34.93731235939649,15.838085119141102,user,squat,medium
1788982929896,10.033950104632972,-3.663427815246582,2.3576909616217017,-23.52338836003006,-27.76822286314605,20.38886599329676,user,squat,medium
1788982929912,11.763610581970214,-5.593453628540039,1.0166386105962095,-4.680493850457019,-17.7865195232923,26.59382135423384,user,squat,medium
1788982929929,11.667096081110834,-7.917176561847329,0.5572516054451465,21.66011104690329,-2.567223075971319,28.89140990611421,user,squat,medium
1788982929946,10.96768816757202,-9.192686327251792,0.5351055323496461,36.143715012117504,8.922008027862734,18.16430582402217,user,squat,medium
1788982929962,7.981818837627768,-10.972326348766684,1.2140106099553405,41.83580000601479,14.957263923776258,-8.169682327579693,user,squat,medium
1788982929979,6.6139820861816405,-11.289707706341147,1.6970403565004466,37.3654514395252,17.356217605581495,-35.64213665532304,user,squat,medium
1788982929996,5.253179471156001,-10.121338465228677,2.7407635195076465,19.284011178060915,19.296298688377767,-55.80652506645274,user,squat,medium
1788982930012,5.2735290162235495,-7.503876915740967,3.1040833291754124,8.07781884456396,19.053729642646644,-57.2069768085884,user,squat,medium
1788982930029,5.146636328235268,-6.216545195117592,3.0412355355963108,4.76019703542919,13.372786394832945,-51.33277848085107,user,squat,medium
1788982930046,4.502446444049477,-3.9459436111450192,2.8441633959665893,6.555961770591793,1.319707593645296,-38.40475692929643,user,squat,medium
1788982930062,4.143914745441079,-2.217330012512207,3.082236531287432,8.293429133641045,-7.951144448669611,-25.7525401239742,user,squat,medium
1788982930079,4.411916862818599,-1.5987287430912256,3.2492315125614404,11.607263602881044,-13.155445506574909,-5.097576363916086,user,squat,medium
1788982930096,6.00136515186727,-1.17510293328166,3.538031211034953,11.375406855089436,-17.88920970991615,21.308165059350877,user,squat,medium
1788982930112,8.013094265857339,-2.178274597930908,4.173244300299882,9.620905427136996,-19.566821990834462,32.9737525013283,user,squat,medium
1788982930129,8.95611161379516,-2.9873657059818504,4.378995713208616,11.253839733146965,-21.85793210828708,38.85882790531888,user,squat,medium
1788982930146,10.894517132899164,-5.142296837726235,3.990536201587319,23.960102117824214,-19.62538232523086,40.825789197593735,user,squat,medium
1788982930162,12.016797992053627,-7.48861388015747,3.200599875861406,35.410716185864665,-13.285133723440524,37.7858666584124,user,squat,medium
1788982930179,11.974299159020184,-8.69005361622274,2.878279892840981,44.94355998403268,-3.654912345162455,25.47912082130942,user,squat,medium
1788982930196,10.3489360915035,-10.594490814751389,2.6119249581485984,47.10079668620576,6.38801296842988,-6.570405059365432,user,squat,medium
1788982930212,7.921964965167641,-11.225065430560708,2.719066359223425,41.13689748409865,11.539364692341946,-40.12754920402709,user,squat,medium
1788982930229,7.025037168231606,-10.934918116870522,2.7220588190376755,34.906296470375466,15.687339429064336,-71.40004501707779,user,squat,medium
1788982930246,6.617874417445063,-9.029881783404946,2.3626292948067187,36.635177858751184,13.17607438541564,-94.7647083185332,user,squat,medium
1788982930262,7.43100515627563,-6.60784752894938,2.05826611649841,40.61421725786342,5.395187769734228,-101.07102880939516,user,squat,medium
1788982930279,7.456743408644199,-5.445163639996945,2.129794060139358,40.85760763384224,-0.007767992819354,-101.57315016622864,user,squat,medium
1788982930296,7.65456373629272,-3.381361808942258,2.299781793488562,36.109314764362736,0.0913452023918183,-93.51166913415936,user,squat,medium
1788982930312,7.830237114062905,-1.950226889801025,2.398841010394692,29.174012398118077,2.249517680501822,-84.97403512448096,user,squat,medium
1788982930329,8.1408836104244,-1.4344254851192235,2.4974524835333227,24.32461906854404,3.745316302129921,-71.39800962070512,user,squat,medium
1788982930346,9.034072805354,-0.8245037812381982,2.5306726160898805,18.233357328983704,0.8931871994962995,-47.35491728937067,user,squat,medium
1788982930362,8.975563333240151,-0.7077858657836914,2.9278099396854635,6.961193478954065,0.1169262752057127,-31.96765539130167,user,squat,medium
1788982930379,8.29950063945353,-0.7647975005552172,3.145682583020627,-10.598702502111328,3.088396818607733,-24.40705091408963,user,squat,medium
1788982930396,7.0006462388187645,-1.0019733947753906,3.3520334231272337,-37.27941154655055,9.605442732629731,-16.683438849693363,user,squat,medium
1788982930412,6.418855235400796,-0.9293991569519042,3.154810769110918,-53.06580237895841,11.944599815798805,-10.32722126562354,user,squat,medium
1788982930429,6.076334760394692,-0.7465422974184155,2.9566902894720437,-60.74659598744787,13.728337868493483,-3.036813522448505,user,squat,medium
1788982930446,5.467161244532465,-0.2226607543945312,2.320731350275874,-53.36951698568678,13.55047291231718,7.164786477073336,user,squat,medium
1788982930462,4.859332129016519,0.280271231842041,1.7245745523750782,-37.77322397825871,8.177987837610429,13.660411637197706,user,squat,medium
1788982930479,4.683656413158774,0.5119108269840479,1.7871224862247703,-23.660733218955265,-1.4368643343746437,20.70420387444521,user,squat,medium
1788982930496,4.675876426807045,1.0431237358093262,2.0551240190804005,-13.255680240192138,-9.88940613982572,35.56012998905327,user,squat,medium
1788982930512,5.169081968799233,1.0857704528808594,2.0940297960579395,-13.62773515843472,-6.053590684966777,53.41651551736564,user,squat,medium
1788982930529,5.204846525141597,0.9286503844112156,2.016816500256956,-17.456124490118565,3.7140681866771126,67.73673452744397,user,squat,medium
1788982930546,4.180428074324131,0.0317222952142357,1.664120668195188,-17.70897809319244,9.34280659111711,74.9809219536187,user,squat,medium
1788982930562,2.716073899409175,-0.6054346215948462,1.303495504438877,-10.844842883004723,12.22106965170164,67.74951381138106,user,squat,medium
1788982930579,2.035669377025962,-0.6365574896112084,1.2102698159918188,0.2341075085665373,8.77913327703076,57.45341344893705,user,squat,medium
1788982930596,3.0660762546032667,-0.3269587487369775,0.911743381012976,11.482169542005906,4.240483245727866,55.94433779333609,user,squat,medium
1788982930612,4.805761866870522,0.7263409286499023,1.4233534714847802,13.175346116495389,2.4640855119568337,68.30206245485677,user,squat,medium
1788982930629,5.406555676922202,1.1077680574163793,1.6738471124395726,6.858259966841034,0.633395351525311,80.02491420283557,user,squat,medium
1788982930646,5.866542255401611,1.0767927811771631,1.936012194226682,-3.659520588418098,-2.269200151255683,91.66623398269196,user,squat,medium
1788982930662,5.2920840790897605,0.0785591574519872,1.8151053026497364,-14.507538655613232,-0.1439910998950866,95.66985181753248,user,squat,medium
1788982930679,4.371963622614741,-0.975487538909912,1.4836577180609103,-12.287138071543174,2.9492440939865947,83.05740208110535,user,squat,medium
1788982930696,3.733609020453691,-3.863195185309648,1.131560436414182,-5.223172443695219,0.4818368689373131,69.04139628156479,user,squat,medium
1788982930712,3.445557802259922,-6.670246994239092,1.016489995905757,4.806582984516862,-0.8495667833313949,35.77783885375285,user,squat,medium
1788982930729,2.724901933509112,-7.929744951519369,1.4760262002691626,1.968284641426547,-6.835123554801262,-6.646089104897873,user,squat,medium
1788982930746,4.695478368377685,-9.619751463860272,2.73193490088582,-7.605688848375999,-23.182042826069505,-32.57885145408567,user,squat,medium
1788982930762,8.812159069934486,-9.541492166137695,2.0947779840767384,-18.460561864176885,-25.530506041982715,-32.760141750130735,user,squat,medium
1788982930779,10.442611569544672,-9.492112925940752,1.3649959750622511,-28.500344010090547,-9.76839909339519,-18.564216815021,user,squat,medium
1788982930796,11.019762638202309,-9.44856721420288,0.863559195819497,-35.50236024905331,6.842379350133931,-4.666389509820943,user,squat,medium
1788982930812,8.559720432391762,-10.109217234802246,0.9485539392769337,-33.04553095931597,23.21857409284532,-8.926252990431896,user,squat,medium
1788982930829,7.147590365710854,-10.463559080505371,1.2045835870489476,-21.21998560961872,38.30985145077911,-24.986749559516124,user,squat,medium
1788982930846,6.630294338557124,-10.104429416003825,1.5267539324656128,3.8557139303453054,44.71820813765186,-33.654216927579995,user,squat,medium
1788982930862,7.388057994952797,-8.946683275714516,2.463335109876096,42.72604003224508,31.5671160228992,-41.12386548316226,user,squat,medium
1788982930879,7.699453848376869,-8.338705691638589,3.530999412702024,53.98875218112389,19.554735971098125,-40.08717254074856,user,squat,medium
1788982930896,9.0590611161381,-7.079653724560141,5.743091816821695,41.46889931927463,23.10222182033415,-30.180372470427752,user,squat,medium
1788982930912,10.46939728513956,-6.486940345111489,7.228544893866777,4.159319254046958,35.170648696917056,-7.235675302921606,user,squat,medium
1788982930929,10.639982399860024,-6.406734004974365,7.807791181237995,-25.716975328965944,39.20638891142415,3.4849518388465617,user,squat,medium
1788982930945,10.3788665348649,-6.916100408172607,8.147768401502072,-39.6854686250926,31.11211272605504,5.761571923418406,user,squat,medium
1788982930962,10.447548441424964,-7.996334269714355,6.967876188117265,-34.521200159686394,15.645577944931585,6.287910996614643,user,squat,medium
1788982930979,10.779742752727866,-8.433275488170981,6.377255689294636,-22.41829619572056,7.344853315483321,7.360812052479055,user,squat,medium
1788982930996,11.878832121387124,-9.677812023162842,5.734712403272092,-12.174232483241925,2.548588612368232,11.17335790660941,user,squat,medium
1788982931012,12.246342660742997,-10.345345958057043,5.698500979945063,-8.049868002932975,2.596024703040793,9.98053452373203,user,squat,medium
1788982931029,12.178106744384763,-11.694327786907554,6.14801117259562,-5.211296452275859,2.798756456994408,-2.0649538028536183,user,squat,medium
1788982931045,12.841150966644287,-12.897414121136068,6.658275401416421,-3.0711140921300744,3.777760554461128,-13.430645781065769,user,squat,medium
1788982931062,13.280038642993569,-13.183072891235351,6.840384657453,8.571401611161285,4.820054678881067,-21.889163148266963,user,squat,medium
1788982931079,14.40920517000854,-13.555820746722816,6.738630794635415,33.69449113802097,4.732218873041526,-31.85519632661741,user,squat,medium
1788982931095,15.113398564258215,-13.43910283126831,7.460482595172524,53.72346763376059,7.370387123921767,-38.82150433659935,user,squat,medium
1788982931112,15.203331933161616,-13.277046475440264,7.900418611530959,68.94064416111793,15.001760898671598,-44.87334563936495,user,squat,medium
1788982931129,15.62860258756876,-12.567614303754269,9.410411378809808,78.26958290689898,14.740963785593,-49.67694938074322,user,squat,medium
1788982931145,15.990722666057945,-11.550376119829714,10.735600828662514,78.67524833227354,7.13311403611834,-49.274620502778205,user,squat,medium
1788982931162,16.094273056903482,-10.98160446472168,10.96155419486165,75.1018914340088,3.589211474875633,-46.02977862811815,user,squat,medium
1788982931179,15.386637997767329,-10.099192099872232,10.380212396515905,65.48811330927072,6.471142347044459,-43.86571515186965,user,squat,medium
1788982931195,13.928419549128412,-9.309404827228189,9.48687619433105,60.41220358606238,6.501995592185876,-42.56107388831634,user,squat,medium
1788982931212,13.02864863772094,-8.792406906238197,8.99142579602152,55.05130080464068,4.475027672957872,-39.90754198067181,user,squat,medium
1788982931229,10.983101425281166,-7.385064658355712,8.159290496991574,45.07894457866609,-3.562063180472125,-40.28295649821239,user,squat,medium
1788982931245,9.089139443537592,-5.51249997716695,7.641843955451249,33.86640358433561,-16.63475326128951,-40.98680066199303,user,squat,medium
1788982931262,8.435221946063637,-4.59357486795634,7.339277012909949,19.29191029183604,-26.591633986152143,-39.564447918283726,user,squat,medium
1788982931279,8.072049728173017,-2.8637644607543944,6.207715991973877,-0.4793284819646259,-28.05696398766646,-23.340226592152412,user,squat,medium
1788982931295,8.265980647167563,-1.67264913482666,4.739472700665891,-13.221515633963731,-22.08781749272949,-5.7873085030978375,user,squat,medium
1788982931312,7.942764007568359,-1.333121119634807,4.1823713173463934,-21.0203716235778,-23.81817078687135,8.849157230175377,user,squat,medium
1788982931329,6.463747685572504,-1.0917562492921948,3.145682583020627,-20.937658032728947,-45.34883608862456,16.09117436374134,user,squat,medium
1788982931345,4.566788860100507,-1.587355116161704,2.353350886590779,-17.532202552188753,-59.65679832423731,12.321612597605167,user,squat,medium
1788982931362,4.263923519134521,-1.5327376830503343,1.779042347882688,-17.78612337232044,-52.20761643050298,20.2859282123155,user,squat,medium
1788982931379,4.568137352100014,-1.3673881308957934,0.7233487610965966,-11.720818059153444,-21.196361692826937,35.81357098839577,user,squat,medium
1788982931395,4.610185518756508,-1.8417393348142503,0.2296945985540747,-6.441857484091207,-8.77859113076539,40.17348222619543,user,squat,medium
1788982931412,3.8763615408748384,-2.1475980123773217,0.5603928260803223,2.462650105014073,-18.76459065960708,28.716802950172006,user,squat,medium
1788982931429,1.961300657001137,-3.807080207116902,1.122881163135171,11.431470755344192,-28.73365644194901,1.6078995282677562,user,squat,medium
1788982931445,2.078915229034424,-4.459200592041015,1.5249576966986058,9.414390388713429,-27.91219642066075,-10.984631242105497,user,squat,medium
1788982931462,2.62434371021688,-4.556015244890749,1.535731604169309,5.966906192889207,-22.041051187482413,-18.470463930926112,user,squat,medium
1788982931479,3.5274060643851755,-4.045900945934653,1.2048825699955223,1.9757681808793537,-16.054088144095463,-26.332829580763896,user,squat,medium
1788982931495,4.147507216975093,-3.145382723291218,1.1438313044443726,-0.1425635503379142,-16.701243445312294,-29.30125882235541,user,squat,medium
1788982931512,4.732739885279536,-2.6855466591984034,1.0455188142523169,0.423462230308976,-21.740121590388117,-27.63581281589618,user,squat,medium
1788982931529,5.386805266791582,-2.13862063293457,0.6973121103033423,1.7678052490734502,-22.32864142512768,-23.038588362931726,user,squat,medium
1788982931545,4.926520582148433,-1.7308584549501538,0.3244160785168409,-0.3086441623596965,-15.667972427672764,-21.545486812252136,user,squat,medium
1788982931562,4.641459777942299,-1.5533873801082372,0.31573622071594,-1.6594624405811806,-8.596599032783109,-24.399167168240144,user,squat,medium
1788982931579,4.317344143676758,-1.5925927245542406,0.1083387941658496,3.810004596872288,-2.523295568098028,-29.946622906462405,user,squat,medium
1788982931595,4.919486445727944,-1.3145660567685962,0.1250979135259985,15.871074932832263,-0.967409958072329,-30.121137654850816,user,squat,medium
1788982931612,5.178509137836098,-1.0787374855041505,0.2829658777534961,23.49045318785226,-5.8090507027732805,-28.52606479495752,user,squat,medium
1788982931629,5.72004879488647,-0.9258081467226148,0.7047948672741651,28.216542819887348,-8.481168835809893,-25.485812699148735,user,squat,medium
1788982931645,6.322040874812006,-0.9612719665527344,1.3043915764957663,25.079093717094697,-7.708122902905973,-18.01849494562073,user,squat,medium
1788982931662,6.468384113201498,-0.987757530157268,1.535731896430254,15.750095207158411,-4.020417538877817,-11.601376833590136,user,squat,medium
1788982931679,6.747607297295332,-1.2045818334832787,2.026692289844155,1.0333751780243716,0.6927782434690184,-6.230116070292111,user,squat,medium
1788982931695,6.975656758990883,-1.1972504676818847,2.307113451550901,-7.886726373286282,-1.807398041423016,-0.9729477473853284,user,squat,medium
1788982931712,7.282862174987793,-1.23211602935791,2.1903964128792284,-7.878742735920183,-6.439883986307896,2.541701647250743,user,squat,medium
1788982931729,7.827394584113359,-1.1918635139465332,2.296189906476438,-6.466286936318227,-10.80927723422282,7.705146647975139,user,squat,medium
1788982931745,8.06277511934936,-1.1350012245178225,2.570176358960569,-5.132262625842349,-15.184273798578094,13.699789385310122,user,squat,medium
1788982931762,8.004116009631753,-1.3340195297792554,2.752584890204668,-2.3100773393343284,-13.684678445545115,12.42786643542847,user,squat,medium
1788982931778,8.01728645685017,-1.8086703011661769,3.0168451907053586,0.1857721274402083,-9.610032619751982,9.398859392314469,user,squat,medium
1788982931795,8.660427708765864,-2.2007202384948727,3.659688336457312,-1.3628536851888549,-9.117730513624034,6.310354144453659,user,squat,medium
1788982931812,9.324367418560383,-2.4399901823848484,3.889081613977253,-4.617927183225587,-11.80634398039305,6.934431090238663,user,squat,medium
1788982931829,10.076448353144526,-2.913145162256062,4.156634818543494,-11.214226343508184,-9.838511838999016,7.505236402478975,user,squat,medium
1788982931845,10.483761910578608,-3.1501708343505856,4.275147508460283,-21.30540737047348,-3.6965005132450166,4.528793641443744,user,squat,medium
1788982931862,10.623821538653967,-3.3433526885434985,4.165463144904375,-21.31600611651805,-2.412465503530816,1.7213402192017937,user,squat,medium
1788982931878,10.7959047829777,-3.348141091863811,3.740492057965696,-16.965740813373746,-0.5632680917694977,1.3928184721296413,user,squat,medium
1788982931895,10.78887181560099,-3.2149636245176194,3.5100501481756567,-10.8033938800265,1.246228311832593,2.439833644648234,user,squat,medium
1788982931912,10.750115091705322,-3.213766523687541,3.4419644539430734,-8.376424469793163,-0.0683793983389512,3.137439711282541,user,squat,medium
1788982931929,9.780763279071447,-2.963423104858398,3.470246837836504,-11.04849948726064,-0.0048773353666642,-0.8669753880610236,user,squat,medium
1788982931946,9.311199893951416,-2.843712437328696,3.226635649871826,-16.47806189154025,2.959258218526891,-4.347570366629911,user,squat,medium
1788982931962,9.468619237628578,-2.7727847976684568,2.873491489520669,-18.33117588318204,5.678948405689231,-1.6524955409060618,user,squat,medium
1788982931978,9.458593518176674,-2.5803508392333985,2.407221008466184,-17.124906419149845,8.396448023118701,3.726136277166879,user,squat,medium
1788982931995,9.49375835506022,-2.564339615631104,2.0968723260074853,-11.92794098441314,10.313465264635132,8.439181101660886,user,squat,medium
1788982932012,9.07791486968994,-2.8606217788144943,1.7284642532899974,-3.442970721443313,12.366703798958298,6.323504393040049,user,squat,medium
1788982932028,8.404545652770995,-3.0719097830623388,1.9373580558776853,4.214724041046809,10.709055307210283,1.3480797725707057,user,squat,medium
1788982932046,8.710705943629145,-3.2094276177003978,1.9505270417913796,16.36821708176081,8.629139761536342,-2.109982465287162,user,squat,medium
1788982932063,8.878897441211342,-3.204488992254436,2.156727367511392,20.0287767127064,9.63251162608414,-1.6056717126595683,user,squat,medium
1788982932080,8.998755992779135,-3.0128029295772314,2.885462205560505,16.04127470921252,10.91769794956031,-1.417881744567297,user,squat,medium
1788982932096,8.87440714405477,-2.670133109228313,3.652504270172119,3.70653064604118,9.960811498729973,-2.7291950357226478,user,squat,medium
1788982932113,9.022100043487548,-2.506429570715129,3.8215959314644334,-6.7273973843249975,9.357908993145656,-1.4011209939526148,user,squat,medium
1788982932129,9.298929025921224,-1.9205983519956469,3.850924025018513,-15.011847380528415,10.785526958931394,4.100894242773492,user,squat,medium
1788982932147,9.6404026222229,-1.5141823279231783,3.390340357428789,-19.14579717756383,12.297717180793876,15.035232240699246,user,squat,medium
1788982932163,9.39828839481771,-1.4416083823606372,3.1563071451485154,-17.935593524569704,11.899325053111728,20.63314770896227,user,squat,medium
1788982932180,8.746768606135248,-1.4413093994140624,2.788946827918291,-14.128404246295933,11.67923245239182,24.517944157906665,user,squat,medium
1788982932196,8.254459136199952,-1.489642053167522,2.6900363718330857,-9.921192132675667,10.53649570047179,28.24412312375586,user,squat,medium
1788982932213,8.118289501300454,-1.4915876342773438,2.78954537833333,-8.929013240630228,7.165371312021018,30.95073584653515,user,squat,medium
1788982932230,7.670572037285566,-1.645563851763308,2.966416149194538,-12.526204937777374,5.671869341501336,32.35572966446887,user,squat,medium
1788982932246,7.260415949901938,-1.4772221320554613,3.40275910949707,-27.637909683971376,6.184849845341497,36.742852375921856,user,squat,medium
1788982932263,7.1037465478092425,-1.347785604803264,3.49822906973958,-38.61391781224973,-2.1994508997817475,39.67322551100535,user,squat,medium
1788982932279,6.547993656489252,-1.147721005359292,3.161095256207884,-45.72976256882534,-10.017703559421594,44.131095321881325,user,squat,medium
1788982932296,5.986850888824463,-1.1590922942012547,2.583643158777058,-59.92150913571032,-11.377636911853443,55.60468956138428,user,squat,medium
1788982932313,5.714362565943598,-1.3675383530214429,2.364573999133706,-72.77214122887413,-12.497267133811324,66.91783582709446,user,squat,medium
1788982932329,5.345205428424477,-2.623895674188435,1.3750208177313208,-85.59565064084383,-8.457697744500791,80.28689976882976,user,squat,medium
1788982932346,4.854395257136225,-3.385551369586586,0.804751909802854,-98.12883603195296,4.479342218079204,86.4327313047639,user,squat,medium
1788982932363,3.757401983973384,-4.418799023547768,0.635661125293374,-105.4639674269264,-13.807589407206788,90.42008645919064,user,squat,medium
1788982932379,3.253869693756103,-4.068645861706138,1.7495638860724865,-109.39823152093462,-24.4832024006934,83.4555747889604,user,squat,medium
1788982932396,2.9566899972110985,-3.2607536080509423,1.7809877828620373,-99.70206082423869,-34.47834413773914,82.78157855185272,user,squat,medium
1788982932413,4.200778203913569,-1.2892781785160303,0.8960314326182007,-60.23142896929966,-49.19166102511923,97.28286929192268,user,squat,medium
1788982932430,5.169679350170493,-0.2862561514705419,0.1334780577279627,-36.78093068054468,-40.45786398247808,108.32925910450344,user,squat,medium
1788982932446,4.18147378398478,-0.1758241844177246,0.7710828644350171,-42.66858106585234,-10.94668868749243,106.19352042274298,user,squat,medium
1788982932463,2.2302000154793262,-0.8506909464180469,2.1556807810679075,-64.28005775077057,23.956823627022608,94.31793881473352,user,squat,medium
1788982932480,1.588254110828042,-1.9228432083129885,1.7986453123666346,-66.80560215865282,24.471823305536155,78.13777391629607,user,squat,medium
1788982932496,1.861941288104653,-2.7708406778633594,1.0670667753241956,-53.59428826598814,8.075831259515486,61.63638522119294,user,squat,medium
1788982932513,2.6695348510742187,-4.408323806762695,-0.8019066033743322,-24.71357785120876,-11.493265184312593,46.01765845743597,user,squat,medium
1788982932529,2.096423997718096,-5.384111205402016,-2.46438111179769,-2.249068809007305,-10.253824052802582,25.83939110191279,user,squat,medium
1788982932548,0.4263181176334619,-6.784419316864013,-3.630656303240359,15.621621056417766,16.589925022219425,-21.15727081265966,user,squat,medium
1788982932564,0.0508767852783203,-7.643937128338218,-3.983202936089784,17.339637321371292,41.81774098584927,-47.93684257646658,user,squat,medium
1788982932579,0.6163572898864745,-8.812906673431396,-4.754584345079958,28.393805011869397,83.09545989516066,-87.42859337631927,user,squat,medium
1788982932596,4.905120651245117,-8.053195974621175,-3.3918342492483555,61.17372869738378,52.88211468651467,-83.85238145898147,user,squat,medium
1788982932613,8.168118823352456,-7.559392466735839,-1.7100578051142394,92.73996021078548,-3.713822726753815,-64.59460162242799,user,squat,medium
1788982932630,11.494862030139563,-6.872706087604165,1.710059412549436,81.01512087775818,-2.186301931855827,-21.60142435400725,user,squat,medium
1788982932647,12.10478431854248,-6.5943789755672215,5.369297521021217,36.71178184538746,36.1844639207058,14.34506382318426,user,squat,medium
1788982932663,12.138753223639728,-7.480683671680092,7.031471731323748,-15.436473411038936,59.32491943246639,43.45115682019573,user,squat,medium
1788982932680,11.159673797717687,-9.681852238464357,9.039159607098997,-63.57184226592111,44.44564943882251,62.11126095342724,user,squat,medium
1788982932696,9.501838201141355,-11.744307331085205,8.166323756629229,-65.99261840212453,18.897043395539256,57.949968201596974,user,squat,medium
1788982932713,8.678532689777017,-12.713510675159096,6.8999402776189145,-50.87986180679835,5.135342187384379,42.68147987809992,user,squat,medium
1788982932730,7.552957465252279,-13.848810005840658,5.113266996466368,-26.469918307595226,-4.906659343122713,15.943671305973036,user,squat,medium
1788982932746,7.895029611968994,-14.138807681927084,3.828328892981261,-12.17897092697862,-11.689356500289072,1.0341747370440864,user,squat,medium
1788982932763,8.67658681640625,-13.766060410961508,3.451542137366533,-1.97143570651145,-27.715372566895784,-0.0996142736301361,user,squat,medium
1788982932780,9.19343509979248,-13.018920439910888,3.185037418939918,-2.0489564326003906,-24.289342849028216,-3.462744545977323,user,squat,medium
1788982932796,9.345617127338052,-12.85192545863688,2.764705243848264,-15.500936736425516,14.34067713418982,-11.291957311357512,user,squat,medium
1788982932813,9.947909066992995,-12.618640434375404,2.713230054285377,-13.770914706458404,21.19017012634432,-8.851087612389552,user,squat,medium
1788982932829,11.314548133087158,-12.882151670074462,2.9842237546943124,-0.007961842792746,3.865063178658584,-6.488060725618581,user,squat,medium
1788982932846,11.230452968817948,-13.311463124305009,3.240403186200559,12.917534649857732,-1.9601671750413985,-5.769217039533766,user,squat,medium
1788982932863,11.502044635120033,-13.862277974700929,3.6698628167301415,13.943520416973795,-0.0457841253784507,-6.006033358436448,user,squat,medium
1788982932879,12.346000720325112,-14.83103182144165,4.185962912097573,14.133538841004489,4.034174820526692,-2.7924462159749623,user,squat,medium
1788982932896,12.290484584808349,-15.831657893261312,4.853047495789081,10.745577182475987,6.980188661922694,0.8751641445456342,user,squat,medium
1788982932913,11.8677589387089,-15.979201155090331,5.046678555054218,9.729818769868372,4.887575794581697,-2.076682945205823,user,squat,medium
1788982932929,11.490372902026772,-15.537770808520913,5.062091812763363,12.526029060406248,-3.8277118622955455,-7.198939984244338,user,squat,medium
1788982932946,11.244818178778884,-14.48596809169352,4.327969874848425,21.59911916516237,-7.604445753947056,-12.430368845985631,user,squat,medium
1788982932963,11.265168308368324,-13.826066259112954,3.837905845752358,26.906736225774218,0.109146262854245,-10.849116020104212,user,squat,medium
1788982932980,11.35794303817749,-11.77947216796875,2.8217164402283728,32.1343290825229,10.776156793163782,-4.657401834646852,user,squat,medium
1788982932996,10.659435288348794,-10.156951630401611,2.005294843158871,34.17874471998571,32.73881789954196,4.678657383343932,user,squat,medium
1788982933013,9.839121360015868,-9.58264192264974,1.7072165903389454,38.7284703299146,46.154743769172704,7.724096154053694,user,squat,medium
1788982933029,8.182633086395263,-8.839391944774984,1.6596315400823949,47.95067029444128,52.178229541599,3.193655156359508,user,squat,medium
1788982933047,7.433996154785156,-8.39511848373413,2.169297510749101,65.657099019526,44.71282253349131,-5.20513049900263,user,squat,medium
1788982933063,7.754371433478593,-8.186823523822426,2.523639648713172,75.11994362398515,37.03307394394486,-3.7902444327166185,user,squat,medium
1788982933080,8.434772448730468,-7.928847710418701,3.560477728381753,78.08363783693456,23.464433582209097,3.363751412685155,user,squat,medium
1788982933096,7.805995237731933,-8.298900919994711,4.9076650750309225,60.37830535721161,18.04851191947565,7.88823242999827,user,squat,medium
1788982933113,7.370698863872885,-8.387934709709882,5.447557841657102,35.4165833183617,20.481290405598084,7.77421778973054,user,squat,medium
1788982933129,6.2104094688415525,-8.536825294494628,5.4207732951059935,15.745539470982015,23.677301550334423,2.958138494389832,user,squat,medium
1788982933146,5.3467000508964055,-8.42085498253703,4.601655590820312,8.001218273022268,15.548401428515229,-8.649195758260438,user,squat,medium
1788982933163,4.9542012007564304,-8.253411088451742,4.247015346692503,15.779736520608976,3.726120909241246,-19.538751620893,user,squat,medium
1788982933180,4.367922238269448,-7.89772308883667,3.4826661744266745,30.31276202711011,-5.713034891629003,-30.997068434769933,user,squat,medium
1788982933196,4.113088230022788,-7.655309586223959,3.4029096238836645,44.0348442960975,-12.468862084600532,-44.256084368597975,user,squat,medium
1788982933213,3.5157360848575827,-7.08668727645874,3.4891008836492894,54.57360420427916,-15.739271064871236,-62.65747801154233,user,squat,medium
1788982933230,3.2293297112613915,-6.555174507904052,3.6391882770031687,53.24446988236218,-13.967704409277518,-75.85754941283317,user,squat,medium
1788982933246,3.133262369647622,-6.282236103168129,3.5573356309637427,41.07914140447702,-1.1597204441780906,-88.77803385063869,user,squat,medium
1788982933263,3.5693057624816893,-5.077502586254477,2.3048683029726145,32.84625677518626,21.798161122860297,-89.9787879369161,user,squat,medium
1788982933280,4.617817621070146,-3.013552286639809,-0.477491840031743,49.85063426114748,40.519390326521545,-79.71974818090858,user,squat,medium
1788982933295,3.904794439154863,-4.082563327899575,-1.3850441990956663,88.39945012532323,22.832299574524416,-85.5019745963771,user,squat,medium
1788982933313,3.2163118242561817,-3.107674339404702,0.3336933176890015,123.97189494545005,-19.1414770829138,-101.7513702922418,user,squat,medium
1788982933330,4.121021945631504,-1.524658713752031,2.1399697094559667,127.94214730619504,-26.57092997523054,-94.7561227707465,user,squat,medium
1788982933346,4.614225734058023,-1.3919289901733398,2.767996978870034,111.90419377646644,-19.795614545009677,-82.80965062934148,user,squat,medium
1788982933363,4.832846857672929,-0.758363668115437,3.7711683512583374,75.07923569653187,0.4045479957541826,-62.587010949875314,user,squat,medium
1788982933379,3.8130654190063473,-0.798765236608684,4.556315981402993,46.728971433074015,3.4944946803341272,-55.21302943890282,user,squat,medium
1788982933396,3.3918349799007177,-0.8776239615291357,4.529230406078696,31.96318844758448,-13.866169378397048,-56.725844623074366,user,squat,medium
1788982933413,3.225437964519858,-1.3247411215633154,3.072060589709878,39.34598090258629,-38.461730952258094,-59.03054510942801,user,squat,medium
1788982933430,3.3453000232189893,-1.5649100601196289,2.020857592341304,45.0735897103568,-42.8666838725394,-57.71714071316958,user,squat,medium
1788982933446,3.3967753589123486,-1.5102923347473145,2.026843096491694,45.43867356677774,-41.47807226332996,-56.36016312510105,user,squat,medium
1788982933463,3.892822846332192,-1.445349614715576,2.022203746253252,43.54199150596773,-34.59605903298973,-54.27688371126088,user,squat,medium
1788982933480,4.848709028193355,-0.8575736916691065,1.8849872326493264,38.1016946056338,-21.60007026900429,-47.54546932193026,user,squat,medium
1788982933496,5.223701447737216,-0.3223195446290076,2.5816996234938503,25.54035858986046,-16.564509888317808,-40.83694972669754,user,squat,medium
1788982933513,6.028002983424067,0.6087254798337817,2.6669927653759715,21.136611197967664,-22.319514584849248,-32.083823248705244,user,squat,medium
1788982933529,6.965480817413329,1.3274353290833532,2.777574077771604,22.535775449444778,-29.24692466750796,-23.490458310494137,user,squat,medium
1788982933546,7.6684800334423775,1.4799160473145545,3.011757219916582,22.074517406868186,-30.792610137060187,-8.807338543208328,user,squat,medium
1788982933563,9.004293753162026,1.353771547345072,3.550302079065144,14.015216058917773,-24.38600539370953,16.171058548726517,user,squat,medium
1788982933580,9.06040668552816,1.1228810170046986,3.841497148242593,6.279931628116776,-20.04619369508993,30.716880414637668,user,squat,medium
1788982933596,9.042751786372063,0.6868367473877967,3.850176713782549,-3.2671516203668416,-16.88712704357419,39.01369561455975,user,squat,medium
1788982933613,8.668059811079502,-0.3404256946839392,3.7811943629711866,-12.83224010127626,-9.023057261538488,41.15754856105418,user,squat,medium
1788982933630,8.935460455432533,-1.501912482806295,3.364901380267739,-11.559462523974709,-5.326896123317856,40.4784262669744,user,squat,medium
1788982933646,9.100810007587077,-2.014571205548197,3.368043769946694,-7.856550597533165,-5.419379446000767,36.97445726048782,user,squat,medium
1788982933663,9.51844680611491,-2.855832790972292,3.8377559158876537,-10.31370688257702,-3.779737467339023,30.373366295615632,user,squat,medium
1788982933679,9.47415582896769,-3.2213977492183443,4.062212321527302,-13.053551036989363,3.224522488766088,24.026612792414507,user,squat,medium
1788982933696,9.533861232867835,-3.258657804815471,4.077176958686113,-12.544969174974693,7.606080730479628,19.019028866568394,user,squat,medium
1788982933713,9.649531100574135,-2.9970912734434005,4.415357943183183,-9.287849181507896,4.095877895714941,14.046887646099124,user,squat,medium
1788982933729,9.2889044755131,-2.872293511907756,4.569035762244463,-6.13119913629787,1.627179231303998,8.725981598683367,user,squat,medium
1788982933746,9.034369157952067,-2.7871494231075045,4.572327205005288,-6.662815384401589,1.523434740948734,4.6022937339890735,user,squat,medium
1788982933763,9.162309893688558,-2.2970859785333277,4.824317221997678,-14.310258886721169,-2.31364333841131,4.802632146968834,user,squat,medium
1788982933779,8.949078061896563,-1.9707278260380028,4.51935666231811,-19.130253374560173,-1.295017313569346,7.439605114744323,user,squat,medium
1788982933796,8.768165614429115,-1.73654439163208,4.286070469012857,-22.480643870011725,-1.0320388088245764,11.375170359789424,user,squat,medium
1788982933813,8.962843552398681,-1.1381430296748876,4.337396459363401,-25.73683410397776,-11.812192329869877,17.612580218341463,user,squat,medium
1788982933830,9.743801037377118,-0.2314887884944677,4.670489180810749,-34.41582741626602,-36.690464824987856,33.750389406188354,user,squat,medium
1788982933846,9.520393848529457,0.1806125877380371,4.570082348687946,-57.38029627387206,-29.37176686515745,50.05725772882411,user,squat,medium
1788982933863,9.503484214782716,0.9786299285888672,5.047426889203488,-102.0561469933861,-3.1644008158141084,69.44517657472844,user,squat,medium
1788982933879,9.9669124581486,1.7559972801208494,6.3491244043096895,-183.1141068176186,31.23294901775632,100.959457669303,user,squat,medium
1788982933896,10.183439239832758,2.3738506537839767,6.849513428065181,-238.61749442832783,38.09457413342405,126.80171062047802,user,squat,medium
1788982933913,10.308234663280844,3.1444851899296045,6.05852730102539,-270.85549553716777,20.60268335771672,156.76243103738733,user,squat,medium
1788982933930,9.534757889446617,3.377770214191079,5.170578344836831,-299.4597813660476,21.77393444187426,199.77688605261997,user,squat,medium
1788982933946,8.066963803210854,3.5667613386958834,4.664055932892858,-309.00956061826264,22.000664278920127,217.02864616012985,user,squat,medium
1788982933963,6.830059370532632,1.0115496168941258,2.535909786091,-296.3981900517244,3.5002480474928053,225.02728945183503,user,squat,medium
1788982933979,4.740968784442543,-0.8575731071472168,2.48353589412272,-289.6974739476184,-14.654278439741786,227.16795269998707,user,squat,medium
1788982933996,3.782240072631836,-2.055721984973549,2.376396027417853,-302.7693631887556,-12.135802423876846,224.67978308724312,user,squat,medium
1788982934013,2.717718159484863,-4.508132088470458,1.9066831690908408,-322.31987810294663,-12.03973325187968,221.70822732655904,user,squat,medium
1788982934029,1.0895111007139089,-5.804292427715659,0.726791010504961,-341.54385533329776,-33.04698920470376,211.19002287268452,user,squat,medium
1788982934046,-0.056861997167766,-6.638373015594482,-0.5452788435786963,-348.8135808367791,-44.40833270029214,192.4806594151589,user,squat,medium
1788982934063,-2.590675833892822,-7.6231380859375,-4.93564555336833,-342.8408536151698,-32.749773522970656,161.4247728063514,user,squat,medium
1788982934079,-2.3708579017087814,-8.985738690295815,-10.260350337816774,-288.4573574811542,-7.490606137276807,120.4095414819382,user,squat,medium
1788982934096,-1.0790361761897802,-8.707412747302651,-9.567977437481284,-247.8829465657736,-30.201843170083688,99.39304940580897,user,squat,medium
1788982934113,-0.2594716049194335,-7.971494427490234,-8.293513673998415,-212.57228923615503,-58.293786264037074,82.64423710802211,user,squat,medium
1788982934129,0.9748892807558178,-7.733421584430337,-8.84178614643514,-172.89748253635685,-73.61480215734612,81.92075615037767,user,squat,medium
1788982934146,1.788469078528136,-7.662193500518798,-8.764124230083823,-155.738408095884,-69.06615571730609,90.85714343399056,user,squat,medium
1788982934163,0.2289456798829138,-7.655160533142089,-8.137591583141685,-152.35194566387833,-59.15747051477436,87.65339539247191,user,squat,medium
1788982934179,-0.1337757255002856,-7.410054138183593,-7.470807005310058,-162.93623902816185,-36.62454666930806,77.80434457158356,user,squat,medium
1788982934196,-0.583586362402141,-7.1505831177860495,-7.576151293835044,-156.23810473556213,-40.46617632269798,58.65897598839015,user,squat,medium
1788982934213,-1.014542661230266,-7.147440728107094,-8.595033737835287,-137.62664520959945,-50.7465604198618,40.66699412958011,user,squat,medium
1788982934229,1.6391305307801811,-6.364536785236001,-8.919448647308348,-114.22830224534668,-49.337154299724254,53.93065800713835,user,squat,medium
1788982934246,3.0837320305421945,-5.812673302569985,-8.69559020756185,-106.79276706957404,-49.45040566635224,89.55707839718119,user,squat,medium
1788982934263,4.517559403637796,-4.658219189563393,-7.5816884696960445,-115.51340233768458,-35.99415777495632,134.08168140771446,user,squat,medium
1788982934279,1.9758150479081085,-5.467459350696206,-7.899518155559897,-132.21191712242347,49.78565525647856,159.08879346869367,user,squat,medium
1788982934296,2.1438581317292527,-8.998008973804115,-9.09811536167562,-102.88040739223406,125.12668868880245,150.5508794212593,user,squat,medium
1788982934313,-4.098723586317431,-4.024652990722656,-7.528716173443198,-126.47980380489533,31.95020767306687,96.21215517725314,user,squat,medium
1788982934329,-1.1894692940200675,-5.357026799121499,-7.682993127441406,-99.25632267900365,34.103786808939404,90.29755969566978,user,squat,medium
1788982934346,-2.072031716598384,-4.919187170520424,-10.351330293163656,-41.44192007205307,16.139112046431073,55.41548307609117,user,squat,medium
1788982934363,-2.4057236277815885,-3.1675290886476635,-9.725247143554688,-16.44621271944048,-11.350550942926114,27.060816755713244,user,squat,medium
1788982934379,-1.892017729507736,-3.0772979058414696,-9.042301119995116,-3.048018020895088,-24.84713024759731,14.52035550559076,user,squat,medium
1788982934396,-1.417217640177463,-3.3741786194399,-9.252541953277587,9.147064468561949,-32.429833801868924,9.823614342645572,user,squat,medium
1788982934413,-0.8487443789275363,-3.664774845941365,-9.572616787719726,23.26242902995868,-19.94567209352756,15.204757535898963,user,squat,medium
1788982934429,-0.2264015300917439,-3.308338366046548,-9.330952057647703,26.93538716179513,8.35095810947277,31.68046301217556,user,squat,medium
1788982934446,0.2913445241181179,-2.5846906220033765,-6.3144070189327,-3.541290013885177,1.4645752656110316,59.29834316640587,user,squat,medium
1788982934463,-1.008856541885249,-3.829825415149331,-6.688651250457763,-34.56522072888713,-3.950346628182656,58.149997121629966,user,squat,medium
1788982934479,-1.496376001065038,-4.226664048059284,-7.492354235729575,-57.07004859120257,28.607256961168755,48.01146922333814,user,squat,medium
1788982934496,-0.4534018845931626,-3.289484027972817,-7.966107473754882,-76.01792225454507,86.1189114331585,53.21478588022931,user,squat,medium
1788982934513,0.902614089810988,-2.572569976098835,-8.984092092132569,-75.54651625840913,102.12036443196256,64.12408355088415,user,squat,medium
1788982934529,0.9433155134670668,-2.5537156380251047,-9.903165669903158,-65.5287734253998,65.73063966631953,65.3225973351138,user,squat,medium
1788982934546,0.6679823453819844,-2.619256908471882,-10.7382937210083,-41.01018039952199,23.981036647630305,64.38268817323917,user,squat,medium
1788982934563,-0.0405516947207739,-2.819771589770913,-9.459041846466064,-35.36908276777885,12.28547833557486,59.97634872455636,user,squat,medium
1788982934579,-0.4061164406209834,-3.152415982928872,-9.163507579040528,-38.08027513239664,4.330481233326538,50.52463391334975,user,squat,medium
1788982934596,-0.1806125123895122,-3.402609764154255,-9.562440846142172,-37.77174865739799,-1.2628536326026387,41.08662729180735,user,squat,medium
1788982934613,0.0489315101291751,-3.080889208331704,-9.496151972198486,-42.74952905280075,-4.988630150899328,37.725340937082336,user,squat,medium
1788982934629,0.2106898282921407,-3.1105171616151925,-9.433004903411865,-56.94021694036439,-6.658384299177543,37.66485619688729,user,squat,medium
1788982934646,-0.1328781190734356,-3.1242838211610917,-9.801861012157795,-75.40442100291618,2.6261977040295594,38.806512071371166,user,squat,medium
1788982934663,-0.8617629417861812,-3.274669612939656,-11.240776794433591,-75.1248750205659,4.282670336023273,33.50517878479573,user,squat,medium
1788982934679,-0.977881667504832,-3.266439836993813,-11.962628594970704,-58.29511815092523,-2.4471308480027467,24.74458520249332,user,squat,medium
1788982934696,-0.8505401032378896,-3.272724324090779,-12.228534032329916,-36.13562806814021,-11.65421261568842,13.03746935658857,user,squat,medium
1788982934713,-0.2434603447845205,-3.428197794397175,-11.19812949284017,-33.40293426801522,-14.103102664289263,7.820218260016929,user,squat,medium
1788982934729,0.1614590109894052,-3.460220387732237,-10.80248766849935,-38.22239087845709,-7.916259257483771,7.538510522794338,user,squat,medium
1788982934746,0.607977693673782,-3.3309334980838,-10.44455452030599,-44.72607651557572,7.362056000681644,8.926517660262235,user,squat,medium
1788982934763,0.8420108328888193,-3.2692828053347767,-10.643872393035888,-41.53420958811829,12.541570302088964,8.82658943138401,user,squat,medium
1788982934779,1.01963068681797,-3.141043232782185,-10.52805230320394,-35.24376245688745,8.889537308548492,9.675449610301426,user,squat,medium
1788982934796,1.2137105675628408,-3.0989952122561637,-10.283095545849203,-23.88917914103009,-5.410632961881743,9.779113098882002,user,squat,medium
1788982934813,1.3087305920807644,-3.0687681240357456,-10.034846761211751,-16.877388901365045,-17.473661000812573,8.329291895651844,user,squat,medium
1788982934830,1.4097358284881338,-3.007716127832233,-9.941623118591307,-13.943277091484614,-25.42420610038252,9.276419713705526,user,squat,medium
1788982934846,1.66756141976621,-2.742857715307921,-9.673622170257568,-20.591787498443257,-28.184562166646053,14.987461897644176,user,squat,medium
1788982934863,1.532139351831004,-2.495057697351277,-9.600150106811522,-31.26971251096392,-24.968357567628573,20.110988284651256,user,squat,medium
1788982934879,1.332373223876953,-2.344821543176472,-9.826701438903807,-38.048719658431175,-21.82943826661708,25.14383195759537,user,squat,medium
1788982934896,0.9255085792541504,-2.0857989971987902,-10.65554412612915,-36.79938926677664,-20.79647973013208,27.53125286498704,user,squat,medium
1788982934913,0.5989993278503417,-1.97731173447296,-11.380388678741454,-23.175523410506727,-24.15980489632434,29.15567334019659,user,squat,medium
1788982934929,0.5059245921812952,-1.9036900334231557,-11.521197663879391,-7.315661086970686,-29.95204266156881,30.10238878557913,user,squat,medium
1788982934946,0.459537008081004,-1.790264729773253,-11.220426080322264,6.4952823700054,-34.439299361348766,32.09232000403274,user,squat,medium
1788982934963,0.634014527130127,-1.8011881287172435,-10.289380325207114,11.474036494251711,-35.97467807544344,37.87577926864645,user,squat,medium
1788982934979,0.6456862602233886,-1.7943049450747668,-9.849595992279053,4.112003118571694,-30.50775368263022,43.41267553441188,user,squat,medium
1788982934996,0.5520131202697753,-1.6864163788944482,-9.32766003036499,-9.877712855966658,-22.688296988705744,49.601141111145246,user,squat,medium
1788982935013,0.1690906383790075,-1.5625161507204175,-9.63980348728597,-20.965489346049456,-15.664084342487737,54.6312885669145,user,squat,medium
1788982935029,-0.1351227561950683,-1.6000752623293548,-10.03664299697876,-17.501241304681084,-14.88077434280858,52.046082456632185,user,squat,medium
1788982935046,-0.7920318367004394,-1.7944545096132902,-10.946738903045654,-5.903473372293652,-13.24230502224996,47.7950068681621,user,squat,medium
1788982935063,-1.1540053463257849,-1.8779522925112395,-10.711358367809652,10.955592692849187,-12.650958342967655,41.47233490442714,user,squat,medium
1788982935079,-1.1953050327025354,-2.0406082216676324,-10.190918781933188,15.929411578533342,-15.945522287238113,35.86809638853998,user,squat,medium
1788982935096,-1.1519104198731482,-2.520645800659433,-9.195679079326986,12.56205916205171,-18.944144380055665,29.907864998017168,user,squat,medium
1788982935113,-1.0937013920105991,-2.5628436049196868,-8.789413569641113,0.3067620183565348,-15.84580494045051,25.44634615857711,user,squat,medium
1788982935129,-1.175852290344238,-2.4604914108827707,-8.876652292633056,-6.315277430184769,-12.970103200804736,24.380046053658692,user,squat,medium
1788982935146,-1.3736733486451207,-2.222268345697224,-9.344418857464191,-6.670019099541836,-9.670919487334414,24.22240016497292,user,squat,medium
1788982935163,-1.5059529903687536,-2.106748261725157,-9.549422959136962,0.932269381844554,-8.413272486591735,25.15752307178666,user,squat,medium
1788982935179,-1.69180274810791,-2.1016605101320893,-9.480289801678062,5.805413200153425,-4.2153396118457565,23.94591752246539,user,squat,medium
1788982935196,-2.257283398846537,-2.553715711090341,-8.474127138519286,-2.574793913779455,2.1390987079452803,16.607572523487445,user,squat,medium
1788982935213,-3.061136606243997,-3.14179149386622,-7.280617610931396,-33.400881796169635,3.7731826201699263,-3.716236771738592,user,squat,medium
1788982935229,-3.6306573261536657,-3.225887754113972,-7.076661557006836,-62.092402801128834,-2.1879994473079867,-25.02872107196585,user,squat,medium
1788982935246,-3.648613838604837,-2.282422735473886,-8.366836976623535,-76.60217663614796,-12.411659250301676,-41.077338234536136,user,squat,medium
1788982935263,-3.1353565654478963,-0.5437834539217874,-10.334271606335044,-73.92740625527927,-16.173146879065246,-43.55708963912804,user,squat,medium
1788982935279,-3.115604694012552,0.2264013656949624,-10.986243230438232,-64.88056798259808,-7.361262844964276,-36.55605011721659,user,squat,medium
1788982935296,-3.237559341076761,0.869543750121817,-11.607687614330649,-57.027277946619954,2.0039964989453702,-32.193983954733795,user,squat,medium
1788982935313,-3.329586467389017,0.808342024983,-11.418097354888916,-48.70472317881068,13.165130714817986,-27.58134717990721,user,squat,medium
1788982935329,-3.3713350665770467,0.6904275977868819,-11.25663779591024,-38.65673285306195,9.262894231601608,-25.801562099194676,user,squat,medium
1788982935346,-2.9718026645384725,0.7811079673989908,-10.878204296001792,-23.71255727928273,-6.971481024504573,-22.90540650430565,user,squat,medium
1788982935363,-2.8027124645508823,0.8300394135960842,-10.93626427078247,-2.869458733300972,-24.32861814430308,-14.3958018834337,user,squat,medium
1788982935379,-3.712209820202738,1.036988226445706,-11.020809516906738,22.70606572583153,-26.981035023565617,-9.242452329189405,user,squat,medium
1788982935396,-5.231630194909871,0.7444467864438891,-10.06223102722168,27.552428158961373,-24.752146221904525,-19.153604083785154,user,squat,medium
1788982935413,-6.135141608019918,0.3229176292531657,-9.303568376159667,18.717923392102968,-13.536147444306724,-40.13324899688946,user,squat,medium
1788982935429,-6.036979339953511,0.36017743825512,-9.00758461140096,7.549451632071053,-9.903975787099004,-54.4186203818224,user,squat,medium
1788982935446,-5.264550029345601,0.7273880630826577,-8.751405618286132,-3.738876714403068,-7.7084917331211535,-60.464434042645465,user,squat,medium
1788982935463,-4.985326552990824,0.8481456641157157,-8.794052335357666,-11.27696846122392,-8.124809692280001,-61.91918237358814,user,squat,medium
1788982935479,-4.756979569653422,1.073200565371476,-9.04634075077474,-13.945748766190512,-16.548412839991382,-64.19264498977275,user,squat,medium
1788982935496,-4.602852691650391,1.020378509510588,-9.37808790283203,-10.510281434437282,-24.153415254355792,-65.01099044479948,user,squat,medium
1788982935513,-4.642506656646728,0.9406216301740148,-9.612121115112304,-3.92281755073292,-26.251299320188743,-68.03382043558285,user,squat,medium
1788982935529,-4.652232954760641,0.6721717872953042,-9.668833182415366,1.097266688511375,-16.915690894683184,-72.72129730069256,user,squat,medium
1788982935546,-4.2854714802064,0.4047693163113668,-9.023147506713867,-1.7842316405839191,-8.996039594502856,-73.49672184697494,user,squat,medium
1788982935573,-3.5733461239136752,0.1871962404446676,-8.372972118377685,-7.188017657987841,-15.327567752270378,-69.24878131533389,user,squat,medium
1788982935579,-3.39183571055308,0.0634460882658138,-8.381651099395752,-6.127541143110506,-19.36866283508676,-67.21386305591199,user,squat,medium
1788982935596,-3.788524851989746,0.1271915613370016,-8.755745108795166,-1.1527629360130809,-21.176140917789112,-66.87543401272703,user,squat,medium
