epoch_ms,acc_x,acc_y,acc_z,gyro_x,gyro_y,gyro_z,participant,label,category
1788983092225,1.0925039806532673,-0.9901518779478966,-14.818462262725827,9.390577787945826,-37.00321577198815,-56.17474397970272,user,ohp,medium
1788983092242,2.240972571243159,-0.767790398760885,-14.105887993621826,29.976009795366387,-61.23577413580418,-44.11865071721356,user,ohp,medium
1788983092259,2.929903952822648,0.1542765156067907,-12.286294731903077,45.39381629940368,-95.95822923447956,-31.21565497877785,user,ohp,medium
1788983092276,0.8993217794004827,-1.678933768054098,-14.639944601440428,71.03036785844002,-56.487378813487126,-41.987286771616496,user,ohp,medium
1788983092292,-0.757615407031402,-2.681056800433248,-16.68833375930786,127.74232329183717,7.433546736950521,-60.661450849254486,user,ohp,medium
1788983092309,-2.3232735821045933,-1.7369933044433592,-18.654422235107425,162.48402586359364,-47.89612440372955,-108.10774240934158,user,ohp,medium
1788983092326,-1.025766066034138,1.9850924514770507,-12.623877165985109,103.86378387798663,-208.20357729960983,-108.76018939961789,user,ohp,medium
1788983092342,0.8728357043392956,0.7555202613830566,-11.176582262420654,85.26681801344273,-280.0343135551811,-95.91555421254536,user,ohp,medium
1788983092359,2.2297496413633224,-5.183595939581096,-14.07715698917806,103.4533509805714,-294.2266543485239,-117.58331848641365,user,ohp,medium
1788983092376,-0.3772369836002588,-1.788917552947998,-12.714707191467284,103.74919379428134,-371.4376535567193,-129.33840189708573,user,ohp,medium
1788983092392,-0.4475663651064038,-0.914884017126262,-11.219078757366535,92.15299424408208,-439.87311643625554,-104.0504256272464,user,ohp,medium
1788983092409,-1.2286746567323803,-1.905185971069336,-9.62828197631836,42.83241681347344,-322.872249161504,-95.94466447878791,user,ohp,medium
1788983092426,-4.352958477893472,-3.0433295852661133,-6.361842723846436,7.091446040199855,-197.86650946252408,-92.27127946012835,user,ohp,medium
1788983092442,-5.9944829911381,-2.274341939544678,-2.995595189666748,-37.84742715340173,-112.89142248891092,-100.55351903636164,user,ohp,medium
1788983092459,-5.288792051807046,-3.346495370483398,-3.6127006675720215,-60.21593127007289,-12.18214867248997,-78.52834462360491,user,ohp,medium
1788983092476,-5.757905939593911,-4.8403275688171385,-6.743717888641357,-30.49027181344957,41.487607207411294,-20.14131261701882,user,ohp,medium
1788983092492,-5.542427790179849,-5.878363918359577,-8.825625285229087,11.92161196037348,32.681697027513145,6.604613208049794,user,ohp,medium
1788983092509,-6.847267110443115,-7.88425570449829,-6.35316257378459,-6.293909610253206,-23.79345574735966,-31.848618854446688,user,ohp,medium
1788983092526,-7.0006462388187645,-4.400094030816852,-7.398681680297851,-22.896522135742757,-49.2949164098969,-59.68275304308336,user,ohp,medium
1788983092542,-6.919542657580971,-4.023905094964802,-9.220968418884278,3.4769820753022147,-29.61323112779033,-57.33312698746396,user,ohp,medium
1788983092559,-6.714838415637612,-5.754913187518715,-8.286032670593261,9.389681325617262,-67.3211858183404,-63.719210427453305,user,ohp,medium
1788983092576,-5.423615532794594,-6.819135240936279,-6.297797829437256,-15.422894994968953,-107.49965749772451,-59.95083796800636,user,ohp,medium
1788983092592,-5.234024688830972,-6.426186893463134,-6.099976332744956,-34.284271142662405,-106.18686781849138,-46.58066070543636,user,ohp,medium
1788983092609,-4.711041263690591,-6.1273605987548825,-7.208641339001059,-37.365328496120135,-111.00865352344024,-42.951747048462735,user,ohp,medium
1788983092626,-5.8029468583256,-6.176890645599365,-7.8154218222469085,-27.31947772712892,-142.45452344328794,-51.25395809782913,user,ohp,medium
1788983092642,-5.238662870025634,-6.4646437576293945,-7.745690698894858,-19.84317315220047,-135.49431479223483,-48.29763024389958,user,ohp,medium
1788983092659,-3.5336925973087547,-7.516745749664306,-8.559120712932943,-14.91065471288009,-102.30014184110648,-41.65425016278126,user,ohp,medium
1788983092676,-3.041235243335366,-6.978948201751709,-7.842207537841796,-12.240860124821753,-75.76625710438678,-31.08868859229648,user,ohp,medium
1788983092692,-2.4331080216556784,-6.847117472839355,-6.919542073059081,-9.259165802088429,-85.15689294894055,-27.01144131820322,user,ohp,medium
1788983092709,-2.96207695094645,-6.9158017174869775,-5.896319554027914,-9.777667660098896,-92.68923922600897,-31.32771789249025,user,ohp,medium
1788983092726,-3.28783801433146,-5.989095452880859,-5.623979115185141,-16.23701085535216,-76.09020614653132,-33.32521013035506,user,ohp,medium
1788983092742,-2.8520933121830225,-5.744288917651772,-5.151722837719321,-22.903499173979924,-75.64086849160368,-35.87368689837564,user,ohp,medium
1788983092759,-3.117999334064126,-6.304681743732094,-3.20493761280477,-49.28339729586167,-80.04972144990106,-42.16400425601224,user,ohp,medium
1788983092776,-2.351705165210366,-5.481076372638344,-3.4639603049129244,-112.58133190059236,-58.69790806665922,-28.752217481018523,user,ohp,medium
1788983092792,-2.62359669124186,-5.393388736835122,-3.4338831465572115,-162.31327113434332,-43.96487242314531,0.1762165327088017,user,ohp,medium
1788983092809,-1.705719629779458,-4.63158340383321,-4.083609622082114,-215.2310633139876,-19.76285695775029,41.20960826290802,user,ohp,medium
1788983092826,-3.451691190448403,-4.379444041498005,-3.8328169981807463,-285.46267469994046,-16.365245949471856,48.9680884430172,user,ohp,medium
1788983092842,-4.861875968280434,-3.62287631688863,-4.104409249004721,-335.96859047986976,-37.89426859072968,40.68845458395229,user,ohp,medium
1788983092859,-7.003638990893959,-0.419434203338623,-5.7146600875854485,-377.5253192016816,-46.080663537434745,40.61606140893932,user,ohp,medium
1788983092875,-6.830209008136391,0.1777694732666015,-7.656805962261557,-374.6706279776964,23.580027703722397,49.32402326104491,user,ohp,medium
1788983092892,-5.457283993640542,-1.114949931744486,-15.957503702545164,-223.63158127607795,132.87310675483738,60.34838912864695,user,ohp,medium
1788983092909,-2.9170360322147606,1.0456674289427697,-18.20176789921224,-97.29175536803288,99.87190713832938,72.87259282099751,user,ohp,medium
1788983092926,-6.963087200275063,-0.0944214010376483,-15.029899612316488,3.1797040680929336,50.739586796719216,60.29932787983875,user,ohp,medium
1788983092942,-9.459640981402991,-0.5636849994935095,-14.216319960674642,42.34870964664231,45.62476548580932,20.90080233196756,user,ohp,medium
1788983092959,-12.203545721545815,-1.1578958509583026,-13.688847407421468,72.6343285019908,36.6917762213085,-32.55785203748247,user,ohp,medium
1788983092976,-12.058397245898842,-1.2717700674194845,-14.35952314747274,109.5680163633228,39.21091732684387,-81.89831897895418,user,ohp,medium
1788983092991,-10.385149560657142,-1.4131776760376988,-14.426711016082765,166.51894645540034,55.35578722274526,-114.11524212401548,user,ohp,medium
1788983093009,-8.125771381488441,-1.5483005783632398,-11.95095686187744,202.08053127474685,69.3956235523,-107.59694671226218,user,ohp,medium
1788983093026,-7.067832938385009,-1.2669815910339357,-10.19630573566854,220.63305992855064,55.07544893845126,-91.21231327083125,user,ohp,medium
1788983093042,-5.765836732593178,-2.728342721612752,-6.332513168987632,220.45805682163655,18.071200100351135,-69.54598333668865,user,ohp,medium
1788983093058,-3.173514885058999,-1.7283146156862377,-2.9412761549800632,201.83080589831283,-3.84519458524984,-48.24958669327771,user,ohp,medium
1788983093076,-2.3150433677673337,-1.0977414611816405,-2.0045441709220406,174.00395952152056,-13.402448198851015,-25.40941532573485,user,ohp,medium
1788983093092,-1.006014194598794,-0.6844426918581128,-1.1724106254577635,105.16098706553382,-45.63193376934325,15.564472863632268,user,ohp,medium
1788983093109,-0.965163128772378,-1.1743562065675854,0.2225111167907714,44.27669446441849,-26.363845469784923,41.566034854555966,user,ohp,medium
1788983093126,-1.265785074725747,-1.3557169823244213,0.1590653573185205,-9.401713557613885,0.0922999481119524,60.28901429419203,user,ohp,medium
1788983093142,-1.507150529590249,-1.7839798042848705,-1.1106097105830908,-70.38820713305375,25.84786565912548,87.34185680404929,user,ohp,medium
1788983093159,-0.8470984748840331,-2.89533770288676,-1.1040256560176611,-98.8780736329575,7.240450458925091,98.53769798585908,user,ohp,medium
1788983093176,-1.427393686786294,-3.551499179895222,-1.1139023223876952,-118.3326448798774,-20.7677297563682,101.10020737752944,user,ohp,medium
1788983093192,-3.5842701073795555,-5.200954486139119,-3.3967736053466795,-117.05755784486271,-16.048610332381113,100.0579205101855,user,ohp,medium
1788983093209,-6.658125763812661,-8.066364668273925,-5.704334508404135,-104.09736268722274,0.0812956062245627,84.24944084600182,user,ohp,medium
1788983093226,-7.00333971568644,-9.23847601852417,-6.97191464985311,-80.47244185763316,6.637722550051431,54.69672177916322,user,ohp,medium
1788983093242,-8.23470697250366,-11.30691603077352,-8.40843506142497,-38.08886751037251,-0.4472767520672833,2.731852619640017,user,ohp,medium
1788983093259,-11.582698719024656,-14.88175896911621,-9.210044289287923,0.648633236759345,-44.64673020798769,-49.11391639689156,user,ohp,medium
1788983093276,-13.530831266894936,-16.761356909942627,-10.625616020855308,39.14162847280867,-93.84291964852665,-110.66935704623069,user,ohp,medium
1788983093292,-16.837822894507646,-18.28766076055318,-14.085238004302978,79.38328623220458,-110.93783812212554,-168.21589329431168,user,ohp,medium
1788983093309,-20.02435449752808,-17.509394706615804,-17.785026588219402,110.22576358039504,-83.88498195188994,-196.88113173134468,user,ohp,medium
1788983093326,-21.853674788013095,-17.034895034137367,-19.27437024296224,152.6854911218067,-45.3010418399074,-231.9974838394547,user,ohp,medium
1788983093342,-23.120656963568923,-15.09918240737915,-19.928885706329343,223.61191033126832,-24.387045290010665,-285.9172920910965,user,ohp,medium
1788983093359,-20.682460678863524,-11.362133475604653,-17.336862549480795,285.52149628907256,-50.91736296043631,-315.09900211240915,user,ohp,medium
1788983093376,-19.4470526222229,-9.769390236663815,-16.023493009020388,342.80066478209346,-96.24748774582962,-337.7018192836522,user,ohp,medium
1788983093392,-17.007661282514036,-6.733993197962642,-12.776507229559122,384.6870730747634,-151.6452533112138,-358.7089403402402,user,ohp,medium
1788983093409,-15.069105833545326,-4.454711463928223,-9.73691829212606,383.008239897531,-173.2680476195867,-363.2502784778683,user,ohp,medium
1788983093425,-13.90492527629435,-3.741241122767329,-8.32658343829885,359.176562411576,-183.67041206513775,-354.85471923311536,user,ohp,medium
1788983093442,-11.22192289475128,-2.904167198291421,-6.294055647234246,314.3009628097849,-183.64907455417065,-330.4755611040487,user,ohp,medium
1788983093459,-8.414572029810026,-2.561945998492837,-5.479728355562873,283.3670360587971,-177.6082913276713,-302.23567952776745,user,ohp,medium
1788983093476,-6.801028999549802,-2.6693857979923483,-5.05535607476756,257.2553048241084,-182.70809305259635,-272.76204722132843,user,ohp,medium
1788983093492,-4.491373334436491,-2.68165491245687,-3.99861444023326,230.9452522166792,-201.17622788901548,-237.85464426030745,user,ohp,medium
1788983093509,-2.954145865686238,-2.429067221832275,-2.821416434368491,209.78171982809795,-209.5203694696966,-216.8103669746346,user,ohp,medium
1788983093526,-2.482937197577208,-2.56000070964396,-2.461836980272829,182.55864851355648,-201.3258090318388,-202.5772362915685,user,ohp,medium
1788983093542,-1.3403043091371654,-2.4591437956660984,-1.7986425358876583,140.09954251935923,-166.37482946391307,-181.8354954049922,user,ohp,medium
1788983093559,0.4203323212221264,-1.8863333865612744,-1.7196347578853368,114.40083282378122,-139.70706618927198,-159.4085419444987,user,ohp,medium
1788983093576,1.4145248528629542,-2.024897223120928,-1.7516572050899266,97.22584404254224,-117.66145585051858,-136.40450580103072,user,ohp,medium
1788983093592,1.9234417587280277,-2.4907179145812988,-1.5643112174436449,90.22245493555631,-106.09041188703246,-123.10652363798776,user,ohp,medium
1788983093609,2.199523137664795,-3.105130500140786,-0.7112263616263866,82.01597581759682,-106.28531816518796,-118.39324231819374,user,ohp,medium
1788983093626,2.3232740204960107,-3.0433307543098924,-0.608724895311892,83.17532529712561,-108.53502538343923,-114.86204817767548,user,ohp,medium
1788983093642,3.6144951497733593,-3.308935747417808,-1.133354626354575,94.95320787924724,-119.97063352587315,-107.77385544195468,user,ohp,medium
1788983093659,3.5667619232177734,-3.4317888046264646,-0.7520774274528026,112.77005685754897,-141.41201800989057,-103.7407311898997,user,ohp,medium
1788983093676,3.37088688441813,-3.5051118149906397,-0.2269987835988402,111.99254227338056,-148.5598109763089,-103.39139433461024,user,ohp,medium
1788983093692,3.445855908423662,-3.904344941821694,0.8649065187752246,96.75967680149972,-144.08901503242868,-102.904067167519,user,ohp,medium
1788983093709,4.023457643458247,-3.9848505571663377,0.8569768948197364,70.31228958042907,-112.9656803055673,-88.1222605582366,user,ohp,medium
1788983093749,2.4250270065307618,-4.503941651043296,0.4192851502567529,21.23382528042445,-55.27343221682784,-41.31121074190654,user,ohp,medium
1788983093758,1.1206377681225537,-5.154866396442055,-0.9196712514027952,30.752718417212726,-54.51657895489872,-53.04741892480732,user,ohp,medium
1788983093776,0.7454945419311523,-5.635651432800293,-2.364872105297446,71.62118605183528,-71.3382044843325,-82.78209081604047,user,ohp,medium
1788983093792,3.1031869648575783,-3.388843396869301,-2.037315098406374,111.6291488887792,-100.10304757003178,-105.65532883690264,user,ohp,medium
1788983093809,6.673089524188637,-2.2330422531679277,-0.4876677816092967,138.42631009724622,-131.06145371900485,-112.33215976948112,user,ohp,medium
1788983093826,7.379228791809082,-1.789515811102092,-0.2656064544126391,129.6519075799893,-110.78103746934956,-111.74793270863488,user,ohp,medium
1788983093842,9.087043932563066,-1.326537941852212,0.2389721299871802,103.24884828663204,-70.65502164279113,-104.76147564060142,user,ohp,medium
1788983093859,11.34462529144287,-0.8613134627193212,1.2162550278812647,65.01848316231899,-41.13617689914121,-85.36559620921946,user,ohp,medium
1788983093876,11.85563770828247,-0.1879445380613207,2.121412600763142,42.69302289779724,-52.72921065666018,-75.02156157918029,user,ohp,medium
1788983093892,11.12795062572062,-0.9569321837827562,0.7823071460217237,44.579329901258,-59.13398149421869,-76.78201551699439,user,ohp,medium
1788983093909,11.863270979639887,-0.2241574226930737,-1.581070044542849,80.83649094039482,-65.43081485232348,-74.02302207347027,user,ohp,medium
1788983093926,12.057799864527585,0.2702455123901367,-2.2927457573719323,122.16879330645835,-70.33519803490529,-57.693405805803785,user,ohp,medium
1788983093942,12.943954338514803,0.8852557715818286,-1.4308331597156825,150.94491303447734,-67.12663471002176,-33.01951476876739,user,ohp,medium
1788983093959,11.73323531745076,0.5421366000302136,1.2873331819280982,124.39771625906532,-40.585663652038185,-20.945734731422487,user,ohp,medium
1788983093976,10.99985966785848,-0.0737710463926196,2.517952981378883,104.1436303886604,-32.047165623429784,-16.82032267084959,user,ohp,medium
1788983093992,9.523386600604653,-0.3947441448487341,3.943699923871457,74.39455021337311,-27.19853385994821,-11.67637401822417,user,ohp,medium
1788983094009,8.674342252349852,-0.7237969432555139,4.233996436773985,28.583209572648432,-18.661671661646032,-9.92500679332712,user,ohp,medium
1788983094026,8.155251158472895,-0.9820714473448692,3.646071314515173,13.918062594389866,-13.483281780130826,-12.746844807404528,user,ohp,medium
1788983094042,7.393594586291909,-1.2065279991149902,2.6020493146918717,13.817226804125674,-10.243988580397763,-13.734456864216169,user,ohp,medium
1788983094059,8.073997939631342,-0.4417304985597729,2.3205818588025866,26.293053974132327,-22.30199173453358,-3.1161308017325706,user,ohp,medium
1788983094076,7.765144756427407,-1.376216895648092,1.98539231120646,50.08692124038948,-46.0271250996256,-0.0219392746453817,user,ohp,medium
1788983094092,7.586927539393305,-1.0283096130371092,2.532318337470293,55.97431207850869,-55.36241933642934,-0.3276643715683308,user,ohp,medium
1788983094109,7.785494886016846,-0.9720457278929652,2.4016839787356554,47.76700650765963,-37.83016385027452,4.177584887434865,user,ohp,medium
1788983094126,7.690176316943764,-1.8836381561279296,2.7421104040719566,7.276527518121098,20.62967455776932,-6.1794296633482695,user,ohp,medium
1788983094142,9.791837630793452,-0.8098387115478515,3.3291387236215173,-11.102571533598692,16.98957988112438,3.839420940967064,user,ohp,medium
1788983094159,11.30557046138346,-1.4426558455869554,3.277662365014851,-10.077407950503968,-7.979335200695193,14.754007739360434,user,ohp,medium
1788983094175,11.47855153132975,-2.6110262557432056,1.6165360563300548,8.085368764917764,-22.14604314785656,13.184259513362251,user,ohp,medium
1788983094192,11.503691817805173,-3.4901477623537183,1.0866687168948352,16.672175867752014,-2.6998013166294976,14.315931358826862,user,ohp,medium
1788983094209,11.82855505556762,-3.615544220434874,2.066048148676753,-8.680072482177128,30.937864355044265,21.54568318019077,user,ohp,medium
1788983094226,11.591229816004631,-3.593696691894531,3.999515188465267,-58.55648899989411,57.71684701503527,28.541031446976312,user,ohp,medium
1788983094242,9.562293546625972,-3.984700042779744,4.556615402740985,-93.73946960335762,71.05641819993444,19.363994400789057,user,ohp,medium
1788983094259,8.121731166186928,-3.7306150993347167,4.4554608209908,-115.91306402677871,73.81234488852122,-0.413997669192601,user,ohp,medium
1788983094276,8.52335966372192,-3.659836951147765,4.015077499256283,-158.89728862474485,116.42624345987844,7.045933928439121,user,ohp,medium
1788983094292,11.03158517794311,-2.481291037805378,6.274006327222288,-224.57048640014457,166.71707658284407,35.116010598651535,user,ohp,medium
1788983094309,11.1260076749593,-1.8456307892948387,6.8610355235546825,-279.3139744845549,186.6895196028235,56.54048011918939,user,ohp,medium
1788983094325,10.420464035144448,-1.5891516441896556,4.528183819635212,-282.4956678452436,157.75780816551162,78.22461977159278,user,ohp,medium
1788983094342,10.907684657508137,-2.5335145615175363,2.9396327716872093,-274.7221749093387,147.9778378778888,99.18136818305192,user,ohp,medium
1788983094359,10.543915058246254,-2.9668650620058177,3.9118268220096826,-306.97848092515426,174.14201130502485,114.8608597247599,user,ohp,medium
1788983094375,9.336189958301183,-3.021632424981892,6.440552687945962,-376.4049496117461,223.92215118374864,118.4424060198395,user,ohp,medium
1788983094392,8.182932361602782,-2.575861126598716,6.3374520866945385,-461.6666381531221,286.57443825152177,96.48909885752964,user,ohp,medium
1788983094409,8.88727773154378,-2.4176959329903123,4.256142948260903,-455.9363006847782,278.6567463618596,77.86527668916925,user,ohp,medium
1788983094426,9.63920552139282,-2.9451679017215966,-0.5279211738035082,-341.72996432780224,173.7099881796432,60.06038054191502,user,ohp,medium
1788983094442,8.40170253829956,-4.811597733417153,-2.730286403026432,-226.4794286505148,83.52906079424058,42.15131717962894,user,ohp,medium
1788983094459,7.306354694256186,-5.377227291107177,-3.15899872232005,-123.75125251450194,25.51828854110485,24.947549396322128,user,ohp,medium
1788983094476,5.997175883483886,-6.432023344531655,-2.134280850164592,-48.11064015499214,4.984166195389902,11.67925550428027,user,ohp,medium
1788983094492,6.530035974994301,-6.437110438537597,0.2328366959720849,-34.40636077407638,12.12426111172682,14.546807120698928,user,ohp,medium
1788983094509,6.971167046356201,-6.328923035541177,1.125874207471311,-38.27200878768265,16.824120256028117,27.225639465669406,user,ohp,medium
1788983094526,6.921038449096679,-6.640468526569008,1.8565541882388288,-39.97021579649584,-5.6029612705123695,33.15987515621115,user,ohp,medium
1788983094542,5.889735499462485,-7.26550421295166,1.3156139583863318,-35.52146087306725,-26.153924728286466,29.54962157605,user,ohp,medium
1788983094559,5.581931533050537,-7.434743758282065,0.9021662821114064,-32.03051020713871,-33.202020838484714,23.84790430787571,user,ohp,medium
1788983094576,5.294776971435547,-7.615955480957031,-0.0722746703550219,-23.83838131662542,-26.157133209649075,16.10126255314545,user,ohp,medium
1788983094592,5.875519927105307,-7.563432682037353,-0.9088977823235094,-8.130103088886761,-27.76088553243016,13.020226544028873,user,ohp,medium
1788983094609,6.200981715282797,-7.477241422271728,-1.112105648229271,9.487069577897888,-31.823521324341478,11.11757745920521,user,ohp,medium
1788983094626,6.503849394336342,-7.497143808093667,-0.6798033416196704,16.41973890621751,-28.619807433768653,10.022166234270552,user,ohp,medium
1788983094642,7.008726669421792,-7.463924260058999,0.1946793992742896,11.099944472089176,-23.55785690967653,12.76513178513359,user,ohp,medium
1788983094659,7.1302312346309416,-7.475744461712241,0.2968821018379181,8.653042862310448,-23.12352005771354,16.544502556691548,user,ohp,medium
1788983094675,6.887371157294512,-7.6858379954785105,-0.3573334287345409,13.36817516336954,-21.792254716775528,17.353529926143096,user,ohp,medium
1788983094692,6.258444308692217,-7.970298495703935,-0.4566925784353166,17.315695800783104,-7.965633841220147,14.9750429061858,user,ohp,medium
1788983094709,6.329221726226806,-7.838766457477211,-0.0089772333122789,16.771888091897736,-1.3836033730005304,15.27605446555014,user,ohp,medium
1788983094726,6.511030830273032,-7.791330168041586,0.3535943883366882,18.53301480334509,-1.688177196182149,16.958012454327875,user,ohp,medium
1788983094741,6.46748687210083,-7.673267267718911,0.7239478960335254,19.729984964822314,-1.9221661369335632,19.362947674298752,user,ohp,medium
1788983094759,6.283433788520098,-7.659801052424311,0.9847656548649072,19.133227921943718,-3.396151909116991,16.686637085772222,user,ohp,medium
1788983094776,5.4810769571602345,-7.767240851923823,1.2752123898930847,14.780307382759569,1.0316129892185084,11.475607437760816,user,ohp,medium
1788983094792,5.944502862438559,-7.679401240429281,1.979256731060892,-0.2334243562474038,9.879576643836426,14.10881184866175,user,ohp,medium
1788983094809,5.722890740314126,-7.563133991351723,2.8929452547922727,-33.3507345472834,17.186340555639525,6.183442826372475,user,ohp,medium
1788983094826,5.210532169562578,-7.427862766596674,3.9245457260683176,-60.61355756279436,7.677432301644166,-0.025741695651202,user,ohp,medium
1788983094842,5.883900217437744,-7.40571464767456,2.7750300923772158,-92.57585808578672,26.36682684735764,5.877607445906814,user,ohp,medium
1788983094859,5.800702294269204,-7.284659579798578,2.106000950489193,-112.09332854477329,64.3365365850174,13.208117364133107,user,ohp,medium
1788983094876,6.66545683735311,-7.25248574142456,0.9427179996650664,-109.45718971385016,64.90346277669596,24.342862503817145,user,ohp,medium
1788983094892,7.518541400909424,-7.948000739178061,-0.2464518912833183,-73.74439133646877,26.288243813409345,33.87096956579576,user,ohp,medium
1788983094909,5.231031936755776,-8.436119771686196,-0.533906385692954,-44.65277834049773,6.830420542670885,3.114881517444693,user,ohp,medium
1788983094926,2.261473105621338,-8.600421860614418,-0.0124189347313717,-24.55588073610421,-6.770037401539741,-39.736466232530496,user,ohp,medium
1788983094942,2.796876451873779,-8.37611509257853,0.8617640560310333,-23.072973242760863,-11.325886276059553,-86.40383277438558,user,ohp,medium
1788983094959,4.07971962890625,-8.256704284778237,1.1127063175361602,-32.1330313465806,-11.698072675443656,-94.53051479227182,user,ohp,medium
1788983094976,6.8439750831604,-7.355586050415039,0.7803606150638311,-42.488998317099785,-10.155738267452966,-79.62030062659319,user,ohp,medium
1788983094992,8.422652387347817,-6.44818362121582,-0.1250957946341484,-53.16128842355519,1.453290085554878,-34.71208004132615,user,ohp,medium
1788983095009,7.691821746063232,-6.327277021899819,-0.9255073031812164,-48.805103053947775,19.963756726902464,-23.5833744964157,user,ohp,medium
1788983095026,5.146038362342119,-6.699726186701655,-1.0069106456815964,-34.15892009591975,15.02640080610242,-38.19058268749234,user,ohp,medium
1788983095042,5.661539322772621,-6.440851378631591,0.426318172432389,-33.67905149540216,-9.813573110792008,-59.8208867888577,user,ohp,medium
1788983095059,5.53524518519938,-6.544701044684648,0.4924581394246779,-47.25277181033312,-0.7212803027103643,-70.19748776085949,user,ohp,medium
1788983095075,7.031471585193276,-6.002713643866777,0.3087033994697034,-56.76274130497077,3.4755584077470902,-66.49394062682514,user,ohp,medium
1788983095092,7.499986338043213,-6.568492254638672,-0.2323865775844082,-64.28407390200253,14.536607940720804,-48.18336459417985,user,ohp,medium
1788983095109,6.929269101825356,-6.732794928088784,-0.1473923821162432,-65.30676495661771,14.981661359491545,-50.11022926093215,user,ohp,medium
1788983095126,6.21804157115519,-6.649596420398354,-0.2139807504631578,-67.55283851423056,16.550630943924343,-56.28543061029736,user,ohp,medium
1788983095142,8.405593700519203,-5.867141390338539,-1.2753604200616475,-65.49050387548021,37.61089087225502,-33.276811409896354,user,ohp,medium
1788983095159,9.050830463409424,-5.793668742370605,-1.8704688779532908,-53.3239596239228,41.76539441605029,-7.571940029913319,user,ohp,medium
1788983095176,7.665485527801513,-6.685658498382568,-1.2044319766838103,-45.43215756630955,36.28489160716708,-3.5744772627320347,user,ohp,medium
1788983095192,6.801328950610756,-6.931513665881752,-1.00107483850047,-41.58587313900026,29.65525045156425,-12.264753834085749,user,ohp,medium
1788983095209,7.533954658618569,-7.126341825976968,-1.5138832719113675,-24.90752790288044,19.355282494502703,-9.956307842745996,user,ohp,medium
1788983095225,8.462754680633545,-6.681767920684814,-2.286611346270144,-10.57067738217312,22.741434152901157,3.769959197768504,user,ohp,medium
1788983095242,8.487444300732015,-6.788758807373046,-2.053475959612429,-2.41128473457805,20.66857077754525,12.235448053678162,user,ohp,medium
1788983095259,6.976404362487792,-7.227945174407958,-1.427990848961845,0.8344207321251859,14.217201828147974,5.558739637617945,user,ohp,medium
1788983095276,7.451504338946938,-7.184850129047036,-1.0220240299616008,2.64595936228911,4.1974880586762815,5.591088267300772,user,ohp,medium
1788983095292,7.5915651360660785,-7.138612694007158,-1.1670230141352862,6.354089553256543,1.4406213653049738,9.4668974679579,user,ohp,medium
1788983095309,7.542184142303467,-7.117960951122641,-1.3488320451162754,16.99695819297529,-3.85816041872864,8.156731435139703,user,ohp,medium
1788983095328,7.879168610492348,-6.878242678943276,-0.6871352188777178,12.14678024542035,0.4794795999000125,15.538460088178276,user,ohp,medium
1788983095342,7.914034172168374,-6.66500909358561,-0.3037636780451983,6.576054906469501,3.3232733637861323,20.392255474672385,user,ohp,medium
1788983095358,6.88273063801229,-7.059902145385742,-0.6712736694118008,11.140278446685391,-10.897217627334028,11.249147393187164,user,ohp,medium
1788983095376,6.510432864379882,-7.076063591113686,-1.2623421677302569,23.490420744453704,-23.44667338281977,-0.0683983747922605,user,ohp,medium
1788983095392,6.873752966308594,-7.00992318572998,-1.308130909154564,26.95445534241051,-17.46147423578598,4.881476435652876,user,ohp,medium
1788983095409,8.469488957324623,-6.533627277484536,-0.7661438736628741,22.69915869703336,-6.920342117528219,19.750721419142472,user,ohp,medium
1788983095426,7.54607472000122,-6.886772022357583,-1.0091547211142256,18.056428108723694,5.69622152721337,21.010940839881307,user,ohp,medium
1788983095442,7.18844143153727,-6.822278215137124,-0.8758283468166366,13.916892070720854,8.820347492256264,20.780519285589047,user,ohp,medium
1788983095459,6.667253073120117,-6.705560299682617,-0.5163987860530614,15.032705070706342,-11.571942133361969,18.191978335444475,user,ohp,medium
1788983095476,6.60784752894938,-6.910414763751626,-1.065867738265358,17.606550868851635,-6.905605984393916,13.008926849820734,user,ohp,medium
1788983095492,7.212682138824462,-7.245602996173501,-0.9425661701042204,18.41900528571924,-3.774609275932813,9.159332342084936,user,ohp,medium
1788983095508,7.231686114501953,-6.890811653137207,-0.8571230618247762,28.35463387697937,-16.674484471691475,9.112275753798132,user,ohp,medium
1788983095526,6.592135580554604,-6.927024537768959,-1.3612520392935723,32.78464505377816,-13.266978226852984,7.316073459641825,user,ohp,medium
1788983095542,6.76107643519938,-7.004387178912759,-1.279849328978732,39.48163187459732,-18.53449695439498,6.69496935369307,user,ohp,medium
1788983095559,6.838887989154458,-6.906225495368242,-1.1168945995388553,52.97718408957208,-40.27121198793455,6.251326368985939,user,ohp,medium
1788983095576,6.880486658477783,-6.975207261657714,-1.5658071733561345,65.1745461546646,-53.12455566619886,10.45751907687258,user,ohp,medium
1788983095591,6.846220231738686,-7.016956737628579,-1.593040614452213,83.774182623174,-74.29409179106057,14.244857264097355,user,ohp,medium
1788983095609,5.951237139129638,-7.199514029693603,-1.9931723706234248,132.4474903468972,-127.9203863234994,-0.275716540742579,user,ohp,medium
1788983095626,4.905120066723227,-7.886799543762207,-4.014626485819463,206.44692094697425,-205.95573472300197,-7.534414116839623,user,ohp,medium
1788983095642,5.378125116729736,-8.461558164325355,-5.237465230339439,299.63509866166345,-248.1252270360123,-34.55953801149767,user,ohp,medium
1788983095659,3.6462194908142087,-7.454048178210854,-5.729772115592006,399.6401603378623,-249.8416808951932,-84.42572119829067,user,ohp,medium
1788983095676,5.1141649682194,-5.705084449988603,-1.1682201149653644,417.1035880077508,-249.52757415564264,-97.38013801589284,user,ohp,medium
1788983095692,7.1788646248966455,-5.442769146075844,1.3204034576851873,367.8383077886626,-229.2707903605156,-86.66013562299031,user,ohp,medium
1788983095709,7.41828420639038,-5.182098686760663,4.776283112799376,268.0974924710733,-173.25713297729305,-73.48884663886192,user,ohp,medium
1788983095726,5.330689411816,-4.762365792736411,3.5151381189644333,216.61705896074488,-151.86765793096774,-76.82385725584989,user,ohp,medium
1788983095742,5.377376928710937,-4.349665281566978,2.051383444312587,181.24221151330656,-118.67907207458045,-73.02102649204024,user,ohp,medium
1788983095759,7.116765019336342,-3.509600358581543,0.4667202706485986,128.66459007508564,-54.35963828324475,-42.230127317367135,user,ohp,medium
1788983095775,8.368183715057372,-2.6906337532043456,1.3193558483283967,83.48807282903132,-22.66467819455584,-12.345740240848237,user,ohp,medium
1788983095792,8.330175763702393,-2.655020003509521,1.400608994104713,49.6407391328584,-10.011649450496025,8.234170412402014,user,ohp,medium
1788983095809,7.360524091339111,-3.1708202391475435,0.3621238778814673,35.96544707478017,-9.416633252082132,13.463006363579645,user,ohp,medium
1788983095825,7.0474828087955705,-3.882646904754639,-0.0038894086539745,33.89854645456969,-14.846947830944089,1.1358091258326397,user,ohp,medium
1788983095842,7.6955632706791155,-4.208407383617758,0.0909806859992444,39.150272077203326,-24.51786561073121,-6.563189391394136,user,ohp,medium
1788983095858,9.376890802001952,-5.098451850780845,0.4107565374948084,44.88637764030133,-32.90821683624203,-8.368129205046182,user,ohp,medium
1788983095876,10.88493798817098,-6.108955173492431,0.5102658362559974,52.83396185286608,-36.78277824671516,-12.889523190297863,user,ohp,medium
1788983095892,11.895890223693849,-6.973561248016357,0.4014781292788684,56.80257496821029,-31.00422988811469,-14.566037518307098,user,ohp,medium
1788983095909,13.973458714294432,-8.393173194885254,1.4692923619695006,49.39565486996541,-23.42844190037772,-15.791907917709938,user,ohp,medium
1788983095925,15.69189695587158,-9.564237081909178,2.8751376492924985,22.065820868507465,-11.436589128353472,-19.055095680480644,user,ohp,medium
1788983095942,16.385317611694337,-10.076446015056968,2.7714393744088706,5.167276736848773,5.244151369730913,-25.881847557793588,user,ohp,medium
1788983095959,16.93269079720378,-10.73155944431722,2.010980049188435,-2.4632409163772797,11.786124059128872,-42.28366917027086,user,ohp,medium
1788983095976,16.159963380432128,-10.728117779430749,2.1945853890016678,-20.84126015787797,14.511134750211244,-76.55440629309288,user,ohp,medium
1788983095992,15.819090088111162,-10.611101465551554,1.6876134797245264,-28.17553436411059,14.147089936317794,-102.23038511911312,user,ohp,medium
1788983096008,16.79053682719767,-9.66599065246582,-0.3093004885800182,-16.134392385714595,4.686434407487638,-110.09036874047786,user,ohp,medium
1788983096026,17.091906961169837,-9.000552520807087,-1.2792509977594018,4.385019866962267,2.277400006797695,-105.2482700529374,user,ohp,medium
1788983096042,16.301670775714516,-7.806892771093547,-1.321149819073081,15.790922662922164,8.92618127344561,-83.20916888446303,user,ohp,medium
1788983096059,13.973309661212562,-7.263259648895263,0.0625491028934717,7.501223666341592,14.67731837535953,-66.62793527796245,user,ohp,medium
1788983096076,10.193911534008382,-6.646602499279379,0.7715317772462964,-1.0604643486028769,15.591662139170795,-64.57080524335966,user,ohp,medium
1788983096092,8.735245341601967,-6.774842217962443,0.7954736477173865,-3.491906465525516,11.27917802742042,-71.92337411128416,user,ohp,medium
1788983096109,7.816171763831377,-7.362319742584228,1.3626007504887878,-9.97311608451975,5.442582025498123,-70.79282753948532,user,ohp,medium
1788983096126,7.310545131683349,-7.127538342285156,0.8720891237556934,-5.067911144803428,-18.39176819885652,-68.22905456281849,user,ohp,medium
1788983096142,6.987178854480385,-6.925377355083823,-0.3969876859918236,21.78224336699958,-36.70776910925008,-71.86716848460412,user,ohp,medium
1788983096159,6.660370912390947,-5.4415714607238765,-1.643319141576439,45.85475844573116,-32.99898663521692,-63.69965559585956,user,ohp,medium
1788983096176,6.359449106708168,-5.102043445532024,1.007062242347002,26.65818393433016,0.4924918573208272,-33.03943501548173,user,ohp,medium
1788983096192,5.110871187371015,-4.65432744282186,2.3669674701415,2.3141903938751454,7.673155749450093,-28.87563216913148,user,ohp,medium
1788983096209,4.875941318511963,-3.031956835119426,1.4462487555123864,1.8091019601775225,6.399840721638227,-24.698896359587813,user,ohp,medium
1788983096226,6.036531157794594,-1.366041246331483,-0.8912403989493847,50.26909946102665,-19.324222209252078,-21.160371718542844,user,ohp,medium
1788983096242,5.875968255394697,-0.135271663146466,-1.2482758676506578,95.4465592731864,-47.48147044940725,-28.948875702696117,user,ohp,medium
1788983096259,5.871780156055093,0.638354309900105,0.1286892160162329,120.6815196146881,-64.51089082396031,-33.3343352630862,user,ohp,medium
1788983096276,6.29435791811645,0.94511052082479,0.7830551879100501,128.71405430505487,-65.66277490672628,-27.89450110806854,user,ohp,medium
1788983096292,7.561787252917886,1.7730562592104075,0.3625724984318018,128.04291991720942,-44.74159812046457,-2.219191854030377,user,ohp,medium
1788983096308,8.590696000891924,1.95351891708374,0.9183265587955712,117.18443543888488,-26.633105187245167,29.4329585299316,user,ohp,medium
1788983096325,7.689277906799316,1.747168515368551,0.700005221844837,109.86773189429212,-14.114020721677532,44.19026866575573,user,ohp,medium
1788983096342,5.095162161585688,0.4803365619383752,1.1448781831488013,111.5617759028062,-27.236846098550103,30.08061414250513,user,ohp,medium
1788983096359,6.391171109661459,0.4635777348391711,0.725593617413938,120.93903140677592,-35.081572784856334,28.267513106568565,user,ohp,medium
1788983096376,7.243808513972163,0.2765302917480469,0.5144549585089088,117.64816430239374,-22.90125887193216,34.18874753202519,user,ohp,medium
1788983096392,7.605930346027016,0.0537203381411731,2.212991910242662,84.38995832779649,-4.26460192434765,45.74129875833349,user,ohp,medium
1788983096409,6.568642476764321,-0.8723870837889611,3.038691477136686,54.01358333385147,5.973736808946042,45.91591254446487,user,ohp,medium
1788983096425,5.671564457702637,-1.3522745867855843,2.6668419587284324,37.64302349720534,6.793496113130973,35.738189605620924,user,ohp,medium
1788983096442,6.432023344531655,-0.6287772109985351,1.5269029124822466,40.08779408796303,-3.667284379070287,26.705824503791,user,ohp,medium
1788983096459,7.289746089282631,0.4581906349733471,0.1252469666078686,51.02605517579331,-2.8323560785124045,24.040636878327835,user,ohp,medium
1788983096476,7.428758838653564,0.9487027000978588,0.2988267330996692,49.668022323498015,10.183222948673098,22.433826338345877,user,ohp,medium
1788983096492,7.566127327948808,1.1677724442631006,1.9847943453133103,31.285558549838345,24.17163307641951,21.1021187426591,user,ohp,medium
1788983096509,6.784121210700273,1.5194205208376048,1.407042680414021,34.30039038910363,22.961811914018902,11.451265497332535,user,ohp,medium
1788983096525,6.475867162433266,1.7758993736818431,0.8854073088817298,54.22222512242785,10.912840831286784,-2.4614622924287257,user,ohp,medium
1788983096542,6.553527325218916,1.7959508125856518,1.6240173519961536,65.48136508237074,-4.235998799650929,-14.551726564448629,user,ohp,medium
1788983096559,4.960336342510581,0.6851914643988013,3.604770605225116,49.84013284529858,-8.425548897851186,-27.48440459746993,user,ohp,medium
1788983096576,4.305673579627276,0.724844698742777,4.105458465796709,21.47492925057861,-1.446987955385072,-41.62788563258501,user,ohp,medium
1788983096592,5.761647464209795,1.7211312800534069,3.759645817377418,-4.961122844677571,7.0036021235106745,-41.895502689549865,user,ohp,medium
1788983096609,7.355586634936928,2.5525186833255,2.6134222109690306,-15.17935947747027,12.787663725431816,-32.319744812826656,user,ohp,medium
1788983096625,7.522881475940347,2.65112957194224,2.5707743248537183,-25.34873763269575,19.260979780179632,-24.627638703524365,user,ohp,medium
1788983096642,7.709630374476313,1.706317449542135,2.3584392957709728,-31.14773216257666,8.437098747737679,-19.890933249971788,user,ohp,medium
1788983096659,6.669048724365234,0.8580218738280236,1.9529209511905907,-28.469577422974226,-2.765154701042295,-20.444612289755117,user,ohp,medium
1788983096676,6.099978670832514,0.3366843161985278,1.5126872670598328,-26.775775886175687,-3.7003962823928624,-21.287782067320265,user,ohp,medium
1788983096692,5.286846762958168,-0.6708250853940844,1.4562744749642909,-33.9533006660511,7.621160080619724,-20.78039121954211,user,ohp,medium
1788983096709,6.4023962680310005,-1.3507787952698769,1.5216653771549462,-39.8336768998927,12.812299363994406,-16.265298083799767,user,ohp,medium
1788983096726,6.899640856280922,-1.764227202197164,1.553388695282489,-44.181109382078745,12.054381446328415,-10.864004124947549,user,ohp,medium
1788983096742,7.419930804553627,-1.9134156008847056,1.652299443628639,-42.51943364004136,4.271914922514618,-1.5141070504200236,user,ohp,medium
1788983096759,7.51450001656413,-2.3416785689756274,0.645088878852129,-36.99534056387513,4.886708787443928,4.102465186282595,user,ohp,medium
1788983096776,7.501933380457759,-2.2884081665590403,0.5786491982609033,-38.57166284694945,12.200230744543932,4.53181685392512,user,ohp,medium
1788983096792,8.5733374543339,-2.3424269031248985,1.4095873964607717,-55.21314213702413,24.65828063968833,10.399395020809417,user,ohp,medium
1788983096808,10.697743683955071,-3.270629543768614,2.208951037354022,-72.51630283313297,25.04550626185116,19.02923829183027,user,ohp,medium
1788983096826,10.71240758460164,-3.341856750897318,2.142212812207639,-84.57042558604657,24.75622042974444,29.387882696504096,user,ohp,medium
1788983096842,9.858573663982748,-3.401561424145102,0.6513732198186218,-82.80368787419606,24.362263656154564,32.39061144056012,user,ohp,medium
1788983096859,9.61990402407348,-4.259883303833008,-0.7854467592217028,-65.58486293886395,30.767116455983118,23.33185448777727,user,ohp,medium
1788983096876,10.11280970633626,-4.291756113433838,-0.7321751877613365,-50.57655018123101,24.920711875525857,20.78769610685944,user,ohp,medium
1788983096892,11.086500424957276,-3.57558995731771,0.1571194839477539,-36.71731771370976,14.748704097469918,26.589772759603317,user,ohp,medium
1788983096909,10.519523544311523,-3.1588495231077074,0.932392785809934,-21.612178486855434,9.061019452945418,37.07646272064737,user,ohp,medium
1788983096926,10.617837203547358,-3.621678923797607,1.3314764211677017,-17.4911018888582,9.30318380996822,44.458763402028936,user,ohp,medium
1788983096942,11.363329991912842,-4.062211444744468,2.745851051905006,-26.31938264583544,8.332140938309385,55.46189762659599,user,ohp,medium
1788983096959,10.595389809417725,-4.395454972839355,2.7594677815862,-43.30000814895793,9.069805637538993,62.01891679584867,user,ohp,medium
1788983096976,9.64698609226644,-4.5111242560237645,1.8360539826542135,-44.33627761964309,14.253704920393462,53.30078137697436,user,ohp,medium
1788983096992,8.281546465089917,-5.0347076928839085,0.8289933477424085,-36.15226640895836,8.992693655583196,39.42263611564134,user,ohp,medium
1788983097009,9.259276229968666,-4.610185226495564,0.7579153398260474,-19.5031748730537,-11.31089486460502,32.4998773918074,user,ohp,medium
1788983097026,9.56827905077636,-4.521450127466022,0.3999827761545777,-9.935421124264098,-18.992877779783708,32.64079785476311,user,ohp,medium
1788983097042,9.682599841961265,-4.221725130352378,0.1732807835452258,-11.955061104286324,-14.06857861935579,36.74909858391783,user,ohp,medium
1788983097059,9.894038945117591,-4.26182830042094,-0.141257313427329,-25.764923256939436,6.0455357575012165,44.75320261186443,user,ohp,medium
1788983097076,9.85767700740397,-4.253298957006633,-0.3392272786796093,-31.156283559417517,20.09465388725117,48.97230608482968,user,ohp,medium
1788983097092,9.710883687159418,-4.263475483106077,-0.4408315038934349,-24.565262000929224,21.719637853067244,50.50343300616603,user,ohp,medium
1788983097109,9.382429146906732,-4.429423293414712,-0.1527795550473034,0.6019358203733497,6.908162182690793,46.6638797302838,user,ohp,medium
1788983097125,9.611822424426672,-4.619012968334555,-0.2896976702265441,28.76892412372837,-3.52250400545988,46.86141221617515,user,ohp,medium
1788983097142,9.488073295161128,-5.089474763599037,0.6275820098645984,48.98514342537472,-8.53864487767555,47.2534821500068,user,ohp,medium
1788983097159,8.965237754058837,-5.484966365814208,3.167080760358274,47.450348692454085,-16.475348598892463,42.70441223823824,user,ohp,medium
1788983097176,9.060107994842529,-5.522375182232261,3.826833393726498,31.58193753339813,-22.024313808921296,41.163518146388775,user,ohp,medium
1788983097192,9.536404487609865,-5.929688739666342,4.016423799298703,13.666262547995467,-22.88107566293477,44.89523981074943,user,ohp,medium
1788983097209,9.55106955730021,-6.181679341180622,3.1058792726814746,-6.166372476089321,-17.838782423273944,53.58815817120806,user,ohp,medium
1788983097226,9.042151482391358,-6.2011313528865575,2.53112094437927,-18.012609030103476,-11.743367074924594,56.02673719548312,user,ohp,medium
1788983097242,8.000375069537759,-6.113743576812744,1.7910135023139415,-29.8625774287254,-3.0430016738365366,53.02998828204544,user,ohp,medium
1788983097259,7.673416905322671,-5.626673176574707,1.6630732049688697,-39.29353529504434,-3.771210403047085,51.93503724110612,user,ohp,medium
1788983097276,7.806893063354492,-5.602432469287514,1.054197356878966,-35.030230252865344,-2.2162484693849245,55.06342439041745,user,ohp,medium
1788983097292,8.007109346228837,-6.436511888122558,-0.6124653970144689,-19.43648832109228,11.121184652860624,57.87648219631681,user,ohp,medium
1788983097309,9.101108698272704,-7.313686936840415,-1.1073175371699036,16.84631324818878,26.90408611237625,70.7341562145149,user,ohp,medium
1788983097325,9.08419906452596,-7.870937373241782,0.0508776620611548,33.62185207619789,26.874890468769035,73.20760676959746,user,ohp,medium
1788983097342,8.334964167022704,-9.465176403698324,2.9264632012516256,35.59998072776572,17.08533230309879,60.40497041573133,user,ohp,medium
1788983097359,8.056638224029541,-10.19061892220378,3.669563541522622,25.067803414396664,10.984166789241936,37.99324486199233,user,ohp,medium
1788983097376,8.911368216705322,-10.770016893005373,4.173842850714922,9.972077041992264,3.099753715650172,12.891576515917098,user,ohp,medium
1788983097392,10.46954458465576,-11.122712140545248,3.6414321104072034,3.6800768964988975,-4.004570646229741,-4.550523461401316,user,ohp,medium
1788983097409,11.51087208469808,-11.132139894104004,3.2404033323310317,-2.609904287764494,-10.001587728074949,-15.40630958811687,user,ohp,medium
1788983097426,12.73565704051554,-11.093533976855872,2.4477733836069704,-15.504650651786712,-0.578541408609851,-27.983081831414435,user,ohp,medium
1788983097442,13.280936468616128,-10.768820376697182,2.295292226984352,-27.763008013714742,1.1881321101346396,-39.47877685552426,user,ohp,medium
1788983097458,13.440599791827797,-10.478522256359458,2.3895634789615867,-41.12880712502677,1.5861272330712826,-51.33351272618685,user,ohp,medium
1788983097476,13.386430979266764,-9.796175952258706,1.1733090356022118,-48.83093824448334,5.975867827967087,-65.2541998207653,user,ohp,medium
1788983097492,12.810775117602944,-9.1554271484375,-0.7383106217764318,-35.72999337861691,1.817229671846426,-74.79193061928446,user,ohp,medium
1788983097509,11.760468776813148,-8.680028481292725,-1.4679441622309386,-12.85455859816292,-11.872639504024487,-85.08739577413567,user,ohp,medium
1788983097526,10.238505878016351,-8.371775602069496,-0.4707587323844432,-5.552959590032822,-29.22874611903197,-90.03842914874866,user,ohp,medium
1788983097542,9.011475189098714,-7.415739782604574,1.458069103296101,-18.626323725143926,-21.80070878342071,-91.06516367535248,user,ohp,medium
1788983097559,8.729408890533447,-6.8538514572694895,0.6634938657231628,-19.15026582882831,-8.204564103670949,-88.1163865955504,user,ohp,medium
1788983097576,8.356064822718501,-6.165519064496457,-0.4077618857234716,-2.121985455536402,-9.58490776889009,-87.32250004794147,user,ohp,medium
1788983097592,7.696610733905434,-5.916371869714558,0.8566761583074927,-2.643624291366612,-7.657055286029079,-89.0365974918587,user,ohp,medium
1788983097609,7.585280356708169,-5.602730867712199,1.74821692844294,-14.311012768850809,-3.999658886442856,-87.7514290976291,user,ohp,medium
1788983097626,7.71247115086019,-4.724956684057414,1.137995145636797,-10.910005449007585,-8.886701926269291,-86.38805503740285,user,ohp,medium
1788983097642,8.093747765240073,-3.684676062719524,-0.0035899873159825,-0.6419316472447989,-8.444578658652489,-81.85513852302137,user,ohp,medium
1788983097659,8.761431337738037,-3.1139582419797778,-0.1360192666433751,3.9463099863831785,3.175370526507972,-69.37615068297629,user,ohp,medium
1788983097676,9.85618180041015,-2.067692701013386,0.9256597512278704,-2.28820728705536,6.503149894155609,-45.67765164055273,user,ohp,medium
1788983097692,8.73988410731852,-2.4224828750059006,2.187702351489663,-16.257916356854277,8.691951034917425,-38.65930441928447,user,ohp,medium
1788983097709,7.959674225836991,-2.6856954200193286,2.0121775884099304,-23.89498138673002,12.43346036035871,-33.127605927477425,user,ohp,medium
1788983097726,8.20403126373291,-2.347514435522258,0.9403235788092016,-18.5682483341786,7.360320278858814,-27.404737270990896,user,ohp,medium
1788983097742,7.261614219775796,-2.756922919408977,0.8345294276248664,-14.398494685513976,3.613353632270689,-28.228610056603465,user,ohp,medium
1788983097759,7.379080323249101,-3.05814370803833,0.8198652347173542,-9.789226901495498,-1.9581187586206288,-27.275470818306527,user,ohp,medium
1788983097776,7.346608963233232,-4.127902937316894,0.1753765137154609,-4.528607945675684,2.143564797888822,-29.42639471813921,user,ohp,medium
1788983097792,8.183081999206543,-4.612130223083496,-0.3740925480946898,3.5388898427221527,0.6235767411500062,-29.289623595104292,user,ohp,medium
1788983097809,8.598777016016841,-4.6255976074218745,-0.6341631418205798,12.136632291861003,-2.131193617754637,-31.934358219097856,user,ohp,medium
1788983097826,9.082104722595217,-5.038297534069419,-0.7113763645563275,12.841504399111734,5.492173467740647,-34.102991091901096,user,ohp,medium
1788983097842,9.184008515277505,-5.275174445343017,-0.546774927355349,8.384398715649153,16.478154099094045,-36.46060505375483,user,ohp,medium
1788983097859,8.598626209369302,-5.058349265234172,-0.232685597063601,6.498626174490944,26.864964496357715,-35.323979613594666,user,ohp,medium
1788983097876,9.424176869311928,-4.749497397204488,0.0498304910957813,4.598178971900964,36.57500730725796,-20.221673207698608,user,ohp,medium
1788983097892,8.547299342235922,-4.716277556908875,1.1348523175664245,-0.1020776774038364,38.866925094579926,-18.37969242440393,user,ohp,medium
1788983097909,7.938126995417475,-4.658667663983255,1.226132132642716,3.948083701133266,30.651512089186063,-26.99899842108275,user,ohp,medium
1788983097926,8.213756538933515,-3.650408905328065,0.1500869549624622,33.82237960004029,13.190644886462568,-36.3890246712531,user,ohp,medium
1788983097942,8.45841752821207,-2.2993317116335037,-0.0236414262197911,63.08521860831438,-2.482277507367751,-39.005243255461856,user,ohp,medium
1788983097959,8.870217875671386,-2.062754513958841,0.4857249769784509,69.72003021711892,-1.769066592914081,-33.9984208957082,user,ohp,medium
1788983097976,8.817994351959229,-1.99526751627177,3.3482913139894603,34.67562390663121,12.260192121493828,-28.577750543954306,user,ohp,medium
1788983097992,8.958503477367758,-1.898601478112489,4.00430300726369,10.620027206473754,16.139093263410857,-24.231216231644115,user,ohp,medium
1788983098009,9.277082520294188,-1.6177318419858813,2.864065197266638,12.911611168300038,11.643861464001263,-20.47644438638196,user,ohp,medium
1788983098026,9.42312882156372,-0.9970353538513184,0.4384392019294202,40.87141827634401,-1.2981878020047013,-20.034360392352884,user,ohp,medium
1788983098042,9.147796215167642,-0.4724059150695801,0.301969707300514,90.77397905065652,-35.374143937953825,-22.09095084201123,user,ohp,medium
1788983098059,9.77492624348104,-0.3733455291196704,1.0911587217904626,102.43808434158404,-42.22724497753739,-15.103889302236214,user,ohp,medium
1788983098076,9.987713254114984,-0.2365770515441894,2.9200290765509007,84.5593743399695,-24.443336294055324,-3.3018669105970777,user,ohp,medium
1788983098092,10.512639630016684,0.1375173962466418,3.7240316292911766,49.020329144884045,-3.1775194747755875,13.366466762303393,user,ohp,medium
1788983098109,10.927136376953124,0.7457939632691443,3.360412252154946,37.85555507851405,-0.0366258622277752,29.295658067236,user,ohp,medium
1788983098126,11.44054357997477,1.4959272709168492,2.006191938129067,44.193714496192,-10.090612413716896,48.98316950070459,user,ohp,medium
1788983098142,9.972897377777098,1.452382582092285,1.4529820092901586,51.48705879382332,-15.012984607025222,68.15233104787174,user,ohp,medium
1788983098159,9.597010055220126,1.3142667815610765,1.6567884256109595,43.85107122628914,-12.457062079035689,80.97672155424436,user,ohp,medium
1788983098176,7.0027423343151805,0.2715921046935021,2.5255839146487413,16.746327816476256,-2.4349980841592767,79.03033620684417,user,ohp,medium
1788983098192,5.73920123912394,-0.1622070163451135,2.6095310487493872,-17.070736188842474,5.979793906079375,70.52753616193284,user,ohp,medium
1788983098209,5.634753022655844,0.3051116585880518,2.032977215332538,-19.26090464809876,11.64952027572862,68.74562176974656,user,ohp,medium
1788983098226,4.937593764826655,0.7407061386108398,0.6370084482491016,1.0876358016165395,13.304107135181177,67.36895616139547,user,ohp,medium
1788983098242,2.0564719265580176,0.1934814216613769,2.108694135095924,18.30197170183836,12.880727614194178,35.60740172829893,user,ohp,medium
1788983098259,1.509393924602866,0.1349734108522534,3.450194960541278,8.904754116245636,13.716023891193595,-1.49545807266495,user,ohp,medium
1788983098276,3.4421155528515577,1.7630299552366135,3.2811050528146324,10.908452434745053,12.32705796592096,-22.37236317355222,user,ohp,medium
1788983098292,3.277363966590166,3.16992329030782,2.9085075655832884,36.51921490702272,-1.539951952630823,-56.39096386316322,user,ohp,medium
1788983098309,4.180575373840332,3.707720545959472,3.87501597148478,45.91576569539771,-24.74738045741115,-69.51938658006063,user,ohp,medium
1788983098326,6.417957409778237,3.722534960992634,5.23282802639231,38.35993039777364,-41.12903593636396,-73.09589219553274,user,ohp,medium
1788983098342,7.630771357294916,3.31522067290619,4.488081087958068,19.045661481689564,-40.82380161254526,-61.2484099857687,user,ohp,medium
1788983098358,8.092402195850013,3.264044904681295,3.748571757916361,8.09297930320045,-25.89478564362889,-42.87127375966165,user,ohp,medium
1788983098376,9.980228451317547,3.011457067926228,2.2744926000617443,5.033688481967079,-8.903931078450649,-9.141073538886198,user,ohp,medium
1788983098392,8.464101419067383,1.2150574886597691,1.6980886965095996,-0.2476302692669577,19.526351412454844,21.95942871935347,user,ohp,medium
1788983098409,7.176469838714599,0.2335845917299389,1.7621337370492516,-7.307937850566694,23.74277232862358,18.488459771841804,user,ohp,medium
1788983098426,5.546766696166992,-1.2624921706601977,2.3669682007938624,-10.40605445525018,4.557357065665913,-3.211935090455989,user,ohp,medium
1788983098442,5.511902303534746,-1.1553519386291504,2.062755683002621,-5.25009448808247,-13.369797333297418,-21.288779274939085,user,ohp,medium
1788983098458,6.63358402775228,-1.3088796816952526,1.01648897299245,6.9980355193371135,-27.677417205678022,-28.732020611642792,user,ohp,medium
1788983098476,7.16943745585978,-1.557428326062113,1.4130287690863013,10.928365851270224,-45.96679745378146,-28.56042747667185,user,ohp,medium
1788983098492,7.4878662766605615,-1.641224799645692,1.6017217874273657,4.55087905812498,-39.14544313346013,-14.924950298812927,user,ohp,medium
1788983098509,6.982240229034423,-1.9232913904719051,0.7514809228643775,1.0557763842330152,-14.433943367306345,-2.097170951394922,user,ohp,medium
1788983098526,7.185298457336425,-3.16498481099233,1.7287639668889343,-0.5879022362282065,-25.559558251617364,-6.487069494415283,user,ohp,medium
1788983098542,6.826317261394858,-4.100668308910727,2.250550583460182,-11.40482704116562,-40.34979672943013,-22.26097986366224,user,ohp,medium
1788983098559,7.602340212580561,-4.001608507482708,1.5827180309455842,-22.110037805646837,-50.27365861229763,-29.31042493622157,user,ohp,medium
1788983098575,8.736593249079585,-3.2366616615846757,1.9204505410227923,-32.252395732515744,-31.66626987908027,-26.134760925022697,user,ohp,medium
1788983098592,9.881168942150474,-3.0587416739314794,-0.4260174541864543,-25.38891280539377,-22.516864363180304,-12.492608091023728,user,ohp,medium
1788983098609,11.595866243633628,-3.360411229241639,0.6747165398746728,-11.438683435107729,-43.97024095183294,-1.371513618004491,user,ohp,medium
1788983098625,11.32532379412353,-2.871246487072855,0.5615905844975263,-2.2501108397425558,-48.6535377411706,12.385313503125644,user,ohp,medium
1788983098642,11.129895330047606,-2.6433478320248422,0.5828393799597397,2.123668456836575,-41.614139876880365,26.41708167172329,user,ohp,medium
1788983098659,11.559355252838134,-2.874537783703208,0.627281711743772,-15.124089586706528,-19.282354857187187,39.81275261537037,user,ohp,medium
1788983098675,11.35854041954875,-3.897610080608725,0.9127897847933694,-44.09196175303174,-1.6705785734553764,38.915620928267536,user,ohp,medium
1788983098692,10.842890406036377,-3.6893148284360766,0.7146699262090027,-70.07166201596951,14.883426163753835,45.39499450703551,user,ohp,medium
1788983098709,11.105354763031006,-1.880644965661317,-0.3416216264702379,-83.77209258528796,26.68947303091799,65.8335091454091,user,ohp,medium
1788983098725,10.49588255648315,-2.5912742381773888,-1.3917788045803083,-87.38343216552715,27.0459303584172,67.96604446844881,user,ohp,medium
1788983098742,9.872492299219966,-2.5469816535949708,-1.3914790179161354,-86.113105772364,13.976380457070729,63.48577505218978,user,ohp,medium
1788983098759,9.517699202618005,-2.778171459142864,-1.7866728427611291,-71.45810162502289,-2.1594526716719185,59.831856072664735,user,ohp,medium
1788983098775,8.890568589782715,-3.108421942901612,-2.4093141082879157,-51.12010688066438,-10.071873789728963,53.63008528742818,user,ohp,medium
1788983098792,8.926032701873778,-3.380911434826255,-2.4510634929272346,-26.519350094165898,-18.65138027411412,50.57935055879072,user,ohp,medium
1788983098809,8.91256590205729,-3.212120802307129,-2.1405652824626302,-6.13151588632063,-12.23595690277133,52.81591307798432,user,ohp,medium
1788983098825,9.420735788947344,-3.806182089233398,-1.7553973232000133,8.17294459668202,-3.2337880672620334,52.87582749738368,user,ohp,medium
1788983098842,9.83148984222412,-4.151246403503418,-1.572091422991082,27.79878283703998,1.6458507273389915,53.375722212547736,user,ohp,medium
1788983098859,11.165509079742431,-4.736030158996582,-1.460163426960539,66.54382149833374,1.0670407535565414,63.77014314809409,user,ohp,medium
1788983098875,11.75268762141764,-5.489904114477336,-0.6459844211860559,91.85053980725556,-9.100194856703672,67.30592034554542,user,ohp,medium
1788983098892,11.287764755579827,-5.807435986438393,0.2561810024088248,96.7256283084872,-23.97273796778874,60.82939154056676,user,ohp,medium
1788983098909,10.16952177363932,-6.261435891723632,2.543690430029854,67.59935210247833,-35.80368087447759,40.557895517967495,user,ohp,medium
1788983098925,10.453535114619136,-6.0164797188907855,3.397971875220537,31.547537285643354,-44.52540555776075,28.997547630721623,user,ohp,medium
1788983098942,11.38891860667765,-5.94046352391988,2.576611342177819,-4.726588235844496,-38.58167931936727,30.277818779316323,user,ohp,medium
1788983098959,12.810776286646725,-5.605724496570229,-0.4572918321032542,-46.638416785057984,6.263332133999529,49.37657473651898,user,ohp,medium
1788983098975,14.726135861206052,-5.186140071105957,-3.532493624181998,-63.78702737572236,46.00096889019904,65.7415338180457,user,ohp,medium
1788983098992,15.244181829944251,-5.514744248962402,-4.294898156052921,-71.49918521288052,64.12537445663729,68.81160822731805,user,ohp,medium
1788983099009,15.378406760516762,-6.433220153100788,-4.02614808811862,-69.01074922275895,63.34294213626647,50.78151049784476,user,ohp,medium
1788983099025,16.012870200458167,-7.003788336236775,-5.930137725542858,-4.540858316838925,53.84848058613934,11.14729475851029,user,ohp,medium
1788983099042,16.64957820445597,-6.965480525152385,-5.867139600240253,67.61911866993636,23.89865090586161,-21.608030854481942,user,ohp,medium
1788983099059,15.525051612201333,-7.6515695229128,-2.0129245343197137,108.49363443706896,-13.276867486997515,-57.57827613715405,user,ohp,medium
1788983099075,16.398485720825196,-8.646359728185832,2.434604763019457,83.8691632337722,-16.136226291506745,-64.10353151167158,user,ohp,medium
1788983099092,16.97010019814372,-9.1867008231014,3.6243732774481177,23.65142708621112,30.074405500549588,-33.698503874158355,user,ohp,medium
1788983099108,14.290392912623286,-10.355670660455525,5.494843251379952,-38.69372174251216,70.14212907763654,-11.658436233916424,user,ohp,medium
1788983099125,7.882311000171303,-10.69938794403076,4.218135581427813,-61.59582072771223,50.13987228193,-45.02747568817546,user,ohp,medium
1788983099142,7.019500576892495,-10.33083052597046,2.1155773187384006,-24.415921622274187,3.73865985589692,-80.59931262146614,user,ohp,medium
1788983099158,6.632836424255371,-9.157072869817911,-0.9753368053276092,20.063264045373085,-20.77770012500913,-104.9999107143374,user,ohp,medium
1788983099175,8.03868112705648,-7.612363886205852,0.9296990897465496,32.166991047133905,-26.73424833602201,-105.9430368953111,user,ohp,medium
1788983099192,8.815898256462813,-6.8294596510738135,2.0473420599672942,7.925588442116362,-11.389387398546804,-92.6324666936278,user,ohp,medium
1788983099208,8.17200940105021,-5.432293637029827,2.8538887442324308,-22.153913233327703,5.66004158829299,-91.33666369486048,user,ohp,medium
1788983099225,9.104850222888588,-3.5324949119567868,2.0947783494029197,-33.380439039983784,2.5911492286338738,-91.7332313082606,user,ohp,medium
1788983099242,10.264691289630532,-2.6399064593993127,0.9094986708261072,-14.053137269189683,-6.7372653001283735,-83.44212614648465,user,ohp,medium
1788983099258,11.05747072982788,-1.93930319859609,-0.0487814204342663,3.228850053935526,-16.263669083682718,-73.8087043976936,user,ohp,medium
1788983099275,10.698191427722572,-2.2566845561705526,1.1984483722295611,-10.873876309619154,-8.192478937708257,-54.27679150370708,user,ohp,medium
1788983099292,9.419089190784096,-2.642749427740276,1.615487789386138,-38.39667340041372,9.568265159203708,-48.54190171428133,user,ohp,medium
1788983099308,8.463203593444824,-2.482487700244039,0.9124914959665388,-46.84904274358826,10.030697994317544,-48.22695486146287,user,ohp,medium
1788983099325,8.968529781341552,-1.6265607528686523,-2.5686776448354123,1.342937387177627,-7.407732036982458,-44.95633243778061,user,ohp,medium
1788983099342,8.391976678577064,-1.735646712139994,-3.608210516545921,37.86002543732582,-21.80076854757595,-45.7568989103978,user,ohp,medium
1788983099359,7.664589455744624,-1.963544490405172,-1.2985549792967737,67.06204844123012,-32.278043092849146,-43.39185370272709,user,ohp,medium
1788983099375,7.448363118311763,-2.2863131670411674,2.083554213946685,28.22167399950132,-15.256931643421398,-36.378154425189024,user,ohp,medium
1788983099392,7.747488103705644,-2.1610663465637714,2.3832785534732044,0.1174963025167179,-1.1680017283816138,-26.74013595908656,user,ohp,medium
1788983099409,7.750481440302729,-1.725321644415334,0.1026524921577423,-0.6039580899762024,7.208363937751663,-18.979024448599628,user,ohp,medium
1788983099425,7.816021541705727,-1.3780124007627368,-0.8162723247919231,17.427963620170605,6.197621872202598,-15.272634248323255,user,ohp,medium
1788983099442,7.455543385204672,-1.4220057832028716,-0.2087433612663298,33.567511091161265,-4.371832906109089,-21.11650653614573,user,ohp,medium
1788983099458,7.872734193530678,-1.6717508708126845,1.2102696698613464,27.67317224310886,-4.422186768217715,-27.203719681075544,user,ohp,medium
1788983099475,8.385392039489746,-1.3995604348998516,1.5569797055117784,20.563635166231755,-1.245070061159747,-25.6986721295376,user,ohp,medium
1788983099492,9.031677434650064,-1.1148000018797817,1.1647802036445587,15.109097321478348,1.4837470730027285,-15.146455041143732,user,ohp,medium
1788983099508,9.009680706897376,-0.5810426692686975,2.009185713117569,5.825789788881689,3.4958088514191203,-6.316792451520042,user,ohp,medium
1788983099525,8.798840154156089,-0.4846759793821722,1.5822686066776512,3.2710873034326498,3.3994190874177845,-3.184575273631622,user,ohp,medium
1788983099542,8.255806459155679,0.426766957379505,1.3114248361334204,13.397278599422965,-6.353293409331413,-5.019652443222703,user,ohp,medium
1788983099558,9.6411508102417,1.0603324986331164,0.0918782924260944,34.07993578835772,-18.899205150411568,2.651187658655344,user,ohp,medium
1788983099575,8.970327186152339,0.7936781426027417,0.0338190117651596,52.96106825822543,-30.538229986706817,3.2310568453676742,user,ohp,medium
1788983099592,7.527372357618808,0.0694318481445312,0.4397860864937305,59.22816297268399,-32.8605523611191,2.0257401927246943,user,ohp,medium
1788983099608,7.729680059814453,-0.1874958444457501,1.6406278566658496,44.03423299416679,-27.43911190553628,1.715868704068085,user,ohp,medium
1788983099625,8.495226625171304,-0.1152209548950195,1.8893257002450523,21.924294226262923,-18.560251890207805,7.855822328612913,user,ohp,medium
1788983099641,9.242516818347571,0.4936545278687029,1.5530890182161703,-2.5675539132592413,-5.186051219329846,14.94318519634957,user,ohp,medium
1788983099658,8.680328341022133,0.5883755694400519,0.5235821216858924,-7.727063871248064,-4.499928835124447,16.22922785479293,user,ohp,medium
1788983099675,8.58785113285482,0.452055566284433,-0.0564130843564867,-5.996769914374618,-4.6497383623980975,16.18471038933008,user,ohp,medium
1788983099692,9.223363205066322,0.5542578304566442,-0.78006079186704,-3.949985481930292,1.1598182012605864,21.192746815208707,user,ohp,medium
1788983099708,9.31464214335978,0.3456630108155309,-1.210716646443866,0.2247931849314762,5.02275761797412,27.49348874906604,user,ohp,medium
1788983099725,9.011774464306235,0.0134678227297961,-1.261743032793328,8.760177794536682,10.632666471532865,27.7483726258707,user,ohp,medium
1788983099741,8.38883370437622,0.0152636201053857,-1.9683324553340675,37.57736488871401,2.464593293832942,24.955535595009167,user,ohp,medium
1788983099758,9.724946699303388,0.6132149002075195,-2.8779795947201547,61.844186896501405,8.773117587919272,34.4838219494535,user,ohp,medium
1788983099775,9.630228434211014,0.2805706531800329,-2.195631537053734,70.34135886553663,14.57125066019111,41.3624235003033,user,ohp,medium
1788983099791,9.307010625568031,0.0811040196292102,0.0969658613560721,55.75409311928914,22.196072575979606,45.1340846958356,user,ohp,medium
1788983099808,8.411729426795244,-0.0873880683347582,0.1713353485658764,46.83865744095525,29.01204812232956,47.52802843388464,user,ohp,medium
1788983099825,8.048708015552164,0.0139167355410754,0.5847847053412347,40.42387696116809,20.25905824812067,48.06489496302598,user,ohp,medium
1788983099841,6.949917337578535,-0.21876973830536,0.765546711487323,32.34511213540409,9.95779170134318,34.40150792467109,user,ohp,medium
1788983099858,5.927147238489985,-0.3110967243470251,0.5949599893316626,22.18588022619065,14.868683200430365,18.560815380814333,user,ohp,medium
1788983099875,6.1372372651249165,0.1536778190612792,0.3215715027406811,19.011592498109543,18.643902924520244,5.154158504774117,user,ohp,medium
1788983099891,6.688951110187173,1.0639236549928783,-0.5651804987482726,32.156090065218564,18.623511394753173,-8.802644495701237,user,ohp,medium
1788983099908,7.318177233996987,0.8909427311770618,0.2748849356938153,40.03640715974244,13.556322969341297,-14.742949663094183,user,ohp,medium
1788983099925,6.65842503902018,0.4869207626342773,0.8897455572817474,41.66040074812886,6.94777215723499,-31.006989284539376,user,ohp,medium
1788983099941,5.558738288989662,0.662595601709187,3.012654607147723,31.59475096828107,-7.199580314479027,-54.72941447962549,user,ohp,medium
1788983099958,8.178742508697509,2.140865343121439,4.385280930957943,-8.630455426725215,-20.03179394877225,-64.65640117403827,user,ohp,medium
1788983099975,9.59476432211995,2.9017722659789023,4.046650449127704,-41.259055417404326,-13.756037700672469,-47.33135655182871,user,ohp,medium
1788983099991,10.638785883551837,3.115006435858458,2.289456141242012,-59.37800366269573,0.2727731027362737,-23.353250055352337,user,ohp,medium
1788983100008,8.880541701287031,1.2774567347537726,1.0685627860356122,-56.95016852598509,11.132529597072017,-6.38574449185179,user,ohp,medium
1788983100025,7.54592625144124,0.3645174219544976,1.1092639219973237,-45.7032375291836,1.866797848757089,-17.5902267167353,user,ohp,medium
1788983100041,6.406135454559326,0.1149221911441534,1.9692310846742245,-38.33356586757739,-19.73437677645863,-36.61343395152845,user,ohp,medium
1788983100058,7.547872124812007,0.2763807272095233,1.896657285242155,-25.464992575011248,-52.18924322163565,-46.607827782860085,user,ohp,medium
1788983100075,8.084621624976396,0.1696894810549915,1.6564891138708218,-20.912606606400637,-62.69454544816799,-39.87193961962311,user,ohp,medium
1788983100091,8.498519236975907,0.146345649542287,0.4109060655007138,-15.870902470555722,-51.63088208717628,-23.56187647600309,user,ohp,medium
1788983100108,8.677784501758218,-0.9626182665951548,0.0694330354546196,-2.662090561561388,-42.37883419597665,-14.930885733201668,user,ohp,medium
1788983100125,8.430434711787104,-1.116595799255371,0.1665470183108001,11.506122161651492,-50.0525688039589,-18.09691747012353,user,ohp,medium
1788983100141,7.151032030597329,-1.509244542727433,1.1130046862780931,20.01043765478492,-65.69895441875984,-29.29893314294302,user,ohp,medium
1788983100158,7.030873034778237,-1.9111710733609275,2.171840966420528,14.927308421623875,-99.71671158000836,-50.76083210013255,user,ohp,medium
1788983100175,7.480383811950683,-1.848323681640625,1.6270107616584748,11.04014018949019,-105.54675614985614,-51.79064021186288,user,ohp,medium
1788983100192,9.375544648090004,-1.6347906201460398,0.117167485852912,10.741162318951222,-85.0079196929534,-39.61197578962326,user,ohp,medium
1788983100209,10.362703920093178,-1.3560157278089784,0.4164420357853174,-4.356388140848397,-57.22882316864869,-17.906602786637585,user,ohp,medium
1788983100226,11.052233998218178,-1.521065817526332,1.0221749827396125,-29.50629085595544,-62.4734932058697,-8.711182286299243,user,ohp,medium
1788983100242,11.161020536151527,-1.2331630930087178,0.7553712083011865,-52.27865722806029,-64.27800186383038,1.897848102167379,user,ohp,medium
1788983100259,10.56516359798014,-1.2551598024950943,-1.0877151572078465,-63.20880405115659,-43.00433608997725,16.04376602071228,user,ohp,medium
1788983100276,9.7936315284729,-1.5807713310243328,-1.8975540148861705,-56.38452982496507,-23.58370746813774,18.46229160958419,user,ohp,medium
1788983100292,9.613916766357422,-1.9306239344502327,-2.325517123247683,-48.00959433641097,-15.49542648131261,25.31824937578811,user,ohp,medium
1788983100309,9.495403199657796,-1.3305773351698182,-3.0151971312373878,-45.2624785918535,-4.213915517403809,35.43568735747023,user,ohp,medium
1788983100325,9.664345223346352,-1.4001588391844182,-3.2281312952570613,-51.38895678677443,8.307462611064482,28.13141475716689,user,ohp,medium
1788983100342,7.855376231494546,-1.1116575208692812,-3.366546078734845,-51.79417141966377,32.11530700568442,19.345342861713046,user,ohp,medium
1788983100359,7.863307609015703,-1.1614870073180643,-2.775178560937196,-59.4160478163727,46.78183709724991,4.475362779114026,user,ohp,medium
1788983100375,8.082077201190591,-1.2297214806378818,-2.417244535961002,-64.00371512714102,41.80929204184597,-4.024094741972222,user,ohp,medium
1788983100392,9.644891750335692,-1.0464154708310962,-3.1485242361873387,-59.010894655185886,35.945728318646346,-4.5965119788566575,user,ohp,medium
1788983100409,10.864738665229082,-1.0387840078382753,-4.310010805113986,-29.06631397528531,25.719867914079444,3.1203868633591347,user,ohp,medium
1788983100425,11.004798293304445,-0.9795273888852448,-4.552873293603211,3.901839905357695,21.276829858986147,7.820704057221646,user,ohp,medium
1788983100442,10.069413632202147,-0.7688379167861304,-3.671656933605298,29.014035707378035,19.99425181399928,8.706355050103337,user,ohp,medium
1788983100459,9.745748664313554,-0.4284123499663546,-1.475276039488986,35.397660279266184,19.041146726648183,15.399933606526664,user,ohp,medium
1788983100475,9.680206809344886,-0.4315546300474554,-0.4433754892878234,19.1160807320324,19.750659947439942,14.9508537912402,user,ohp,medium
1788983100492,10.06791784068644,-0.527472260992229,0.0562646157965064,1.1727331284857283,22.987438783784796,16.43860559625238,user,ohp,medium
1788983100509,10.852915540966393,-0.5512646399900317,-0.2204153866205364,-14.33717836978748,6.9178273272531845,20.47865566012575,user,ohp,medium
1788983100525,10.889726976013185,-0.2783255046017467,-0.7439970699150115,-11.721669271478756,-6.040363596752225,33.31316167665916,user,ohp,medium
1788983100542,10.66751571895182,-0.0924757468625903,-2.0415051705073566,-5.347308143652439,-6.19723553962767,46.05901525286039,user,ohp,medium
1788983100559,9.988608741649983,-0.4694131629943847,-2.2952903272882104,1.5010804922906342,3.3123164596969623,54.33674007405229,user,ohp,medium
1788983100575,10.159347001105546,-1.0244188161436467,-2.16301083169505,9.2212369078537,-4.784068119691562,49.79619765346247,user,ohp,medium
1788983100592,10.646267763739823,-2.18111778546758,-2.277483817766979,24.381765553782245,-17.400632618206796,35.711377698034035,user,ohp,medium
1788983100609,10.765978431269524,-2.6648963776186108,-1.46061191964671,35.721199510060515,-29.72283175830694,13.37132046548233,user,ohp,medium
1788983100626,11.223569054523107,-2.66160427727066,-0.9611215252313764,36.45205024181939,-56.12182025891887,-4.804781095236448,user,ohp,medium
1788983100642,12.741045163294672,-2.823511580016836,-1.8154030434872956,44.73872944101317,-90.01907239264084,-22.59217573651616,user,ohp,medium
1788983100659,13.737031884875892,-3.113359837695211,-2.4022815062373875,59.5986051125088,-87.97171635874035,-29.54671533055816,user,ohp,medium
1788983100675,14.406510524097085,-3.4747347969055173,-2.642000947460532,58.559781151074056,-42.98814171145515,-22.34519951122308,user,ohp,medium
1788983100692,14.31927180110514,-3.159896986334026,-1.3105258414670824,35.606052765937854,-14.070851364802111,-15.766834293266822,user,ohp,medium
1788983100709,14.374038579559326,-2.996941781970113,-0.4541493967585265,1.821618068388159,-6.28649159792775,-10.446733354399482,user,ohp,medium
1788983100725,14.774768082427975,-2.371157176916301,0.3947447293706238,-21.82545285123637,-9.904897862636956,-1.0966941265598575,user,ohp,medium
1788983100742,13.838933923992514,-2.016516275201365,-0.9546868890739976,-20.375120237592117,24.612023183534426,13.098526978900251,user,ohp,medium
1788983100759,12.778753254920243,-1.2578535510741171,-1.363197985729575,-38.205288084775376,12.451501451277652,34.04418999333645,user,ohp,medium
1788983100775,10.685771506610513,0.5104139394897967,-0.6007946868345141,-68.32347509790475,24.75228624078251,48.16976910263694,user,ohp,medium
1788983100792,9.46173532333374,0.1719338259156793,-1.81674927046448,-81.91262822526537,58.02969699977853,54.589948846963,user,ohp,medium
1788983100809,8.72641847654581,0.0620994594298303,-1.822285861803591,-108.89948427755112,77.94419952502874,55.70735413479874,user,ohp,medium
1788983100825,7.904158674842119,0.2355294421873986,-1.0497069135919213,-130.4111377477496,107.75883585596982,61.84879727419116,user,ohp,medium
1788983100842,7.683141596001386,0.405817765918374,-2.144904316313937,-126.8661739458646,117.38804337804297,63.935303952414166,user,ohp,medium
1788983100859,7.415141816711425,0.8460514500491321,-2.4058728087276218,-110.34482060781752,106.99975595237127,61.42851524399277,user,ohp,medium
1788983100875,6.592583908843994,0.5177464012697339,-2.4732096208216623,-81.34156976913893,90.44208649850724,53.723016841275374,user,ohp,medium
1788983100892,6.5505357421875,-0.2546829093381762,-2.229300180562772,-41.29133830651639,56.59182606627496,43.09644460602946,user,ohp,medium
1788983100909,7.023989120483398,-0.311993965447694,-1.8683740245658904,-23.17357339149869,39.75446378099348,39.04290150345072,user,ohp,medium
1788983100925,7.965059426006674,-1.1318585425779222,-1.319204530224204,-15.402944012403346,38.35639235978357,38.672128099451164,user,ohp,medium
1788983100942,9.457397586390377,-1.662773199108988,-0.7158656159667065,-22.15707561091342,50.58515963467981,52.46023780714508,user,ohp,medium
1788983100959,9.728391286799312,-1.76692067906484,-0.2117362275059567,-32.06731468148133,59.73328278256312,60.62736137510695,user,ohp,medium
1788983100976,10.059090391108391,-2.827552452905476,0.0805062546654604,-38.259762258500814,64.00905633507196,61.12282329749968,user,ohp,medium
1788983100992,9.637709145355224,-3.982753877148032,0.0950204629093408,-45.53910466833361,75.21700061209103,51.59364048072678,user,ohp,medium
1788983101009,9.017162587085366,-4.356399558258056,0.2418152079259976,-52.98594039208803,72.19619918749115,34.95711990798953,user,ohp,medium
1788983101028,8.565256439208984,-4.914248252813517,1.4882962645817548,-59.530917937833976,43.97971783930633,13.544925091163838,user,ohp,medium
1788983101044,8.91810307791829,-5.0344072486326095,1.3108262126531451,-59.97994823424895,28.567438665854876,4.709949041252699,user,ohp,medium
1788983101059,9.349209598872063,-4.72136596608907,0.5322621256172657,-61.54285261069878,15.488712405358488,-6.8331120640906935,user,ohp,medium
1788983101076,9.666440149798987,-4.585494729614258,0.2965824613042175,-65.45493908047196,17.686409440627422,-9.20839956730866,user,ohp,medium
1788983101092,10.585964978468418,-4.303278501184284,-0.3172305509269237,-66.52736074243401,26.579179136200622,-6.057673857429975,user,ohp,medium
1788983101109,10.969334181213378,-4.374356070709228,-0.4731529340445995,-63.413709726256975,33.919218022092736,-2.216960303162487,user,ohp,medium
1788983101125,11.489326023322343,-4.353257460840046,-0.0257366449333727,-57.75306067801468,30.969710112049444,0.1635759069479444,user,ohp,medium
1788983101142,11.811944112506508,-4.4982557143613695,-0.2561787739191204,-47.78045856522997,25.76959169123713,-1.6046813352299163,user,ohp,medium
1788983101159,11.881974511066078,-4.5678374923706055,-0.777815022234246,-30.596057783314727,27.707714217288903,-7.096634849534948,user,ohp,medium
1788983101176,11.65751752090454,-4.793640636444091,-1.1285665152952074,-4.547309857396825,31.424033805071183,-19.017864319314903,user,ohp,medium
1788983101192,11.68325577327311,-4.51681136174947,-0.381425375200808,10.55890811245954,32.44631163324158,-25.218953793181758,user,ohp,medium
1788983101209,11.55486670924723,-4.283226770019531,0.1904894733037799,23.734644403511265,22.957437177855518,-30.368400748089037,user,ohp,medium
1788983101225,10.63594160003662,-3.871723067419231,1.322797074823454,34.07443407098127,8.198690140984738,-40.282519366105504,user,ohp,medium
1788983101242,9.45425344314575,-3.409342871801555,1.8161527658760543,34.759638648516955,7.11857341714903,-48.558625432464105,user,ohp,medium
1788983101259,9.445573877605796,-2.9174840682432053,2.0664961116399616,22.77901556126185,21.785130829471203,-43.59398973611904,user,ohp,medium
1788983101275,9.847651287952065,-2.0781668948851526,3.564967441016436,-6.953657218978602,30.48628981316345,-25.19024650810019,user,ohp,medium
1788983101292,8.599075122180581,-1.722777878216654,4.130148378156125,-25.39937494765493,28.868689281840165,-14.907558929638784,user,ohp,medium
1788983101308,7.521983650317788,-1.75569800491333,4.081964485223591,-40.35939997540317,27.208683521054848,-12.957379412154648,user,ohp,medium
1788983101325,6.528090686145425,-1.5762826641358434,2.935590948950499,-49.48812538604364,40.66113724236682,-15.703923128369128,user,ohp,medium
1788983101342,6.023511517223716,-1.651998707116395,2.073978064893186,-44.97484908062051,37.1182532330841,-20.83519324234771,user,ohp,medium
1788983101359,5.968297579523921,-1.2792523129336535,1.620725763104856,-34.797057839884864,22.48273390789775,-18.836985542167337,user,ohp,medium
1788983101375,6.247818285259604,-0.9778814483091236,1.359757928278297,-23.812073135489825,-6.331234032746387,-19.107894750312138,user,ohp,medium
1788983101392,5.902157758662105,-1.454627292279154,1.5116399499639868,-30.51929670232754,1.7527326224008186,-21.175768672479347,user,ohp,medium
1788983101409,6.024412265455722,-1.436371650750935,1.7241259318247435,-50.2916356701931,32.0701457948923,-17.31743237637958,user,ohp,medium
1788983101426,7.441328981891274,-1.5432126075744628,1.667562479212135,-75.11792188799082,50.58749214428138,-3.3968212676556524,user,ohp,medium
1788983101442,8.792406321716308,-1.5593734687805174,1.526903131677955,-89.65362312109932,42.30530379446688,8.842702701409715,user,ohp,medium
1788983101459,8.705766733661294,-1.8014871116638185,1.4592670809090136,-96.25420182178374,20.714845309172084,12.23417336962431,user,ohp,medium
1788983101475,8.149863035693764,-2.5043350826539097,0.6208471486516296,-94.42250218073724,11.421866655597508,8.767186422398762,user,ohp,medium
1788983101492,9.27079890998006,-3.624671968133747,0.3371338135316968,-95.03038901686836,9.515616353533956,14.21673396018983,user,ohp,medium
1788983101509,9.829993466186522,-3.924844709014893,0.756867876599729,-110.70703919988163,18.53205174667212,20.482724745323782,user,ohp,medium
1788983101525,9.124753193232417,-4.117578234918415,1.2789534761175512,-131.41296257445038,31.75992543297949,19.734018191527205,user,ohp,medium
1788983101542,7.947701463970541,-4.295796036474407,0.3040636108398437,-133.37322686624404,50.09171603318683,-0.2779551352430507,user,ohp,medium
1788983101559,8.387187106212973,-4.084507739965617,-0.3904029007740318,-101.27781278651727,44.29141693717445,-16.56411373734595,user,ohp,medium
1788983101575,10.632051606860756,-3.5143890541628,-1.5231598534964024,-23.075415035389145,11.693032849609832,-33.56635337409695,user,ohp,medium
1788983101592,12.333131301879884,-3.107673462621868,-1.915809218022972,38.890062360393344,2.700482841442618,-44.316780844657295,user,ohp,medium
1788983101609,12.637493018883466,-2.94666340097636,-1.3202511166676878,87.36063299407765,1.3509648871648017,-58.01195216831484,user,ohp,medium
1788983101625,12.9731313331604,-2.532616443634033,1.2834424580998718,119.16344176976106,2.330903439887344,-74.33395960524594,user,ohp,medium
1788983101642,13.646501134601234,-1.689109125109762,3.52396673758626,118.51006587375764,6.03673292432154,-75.4403819488963,user,ohp,medium
1788983101659,13.888463970836996,-1.1320083263121543,4.857536623901874,92.42186464075962,12.451661960723149,-66.48901606043356,user,ohp,medium
1788983101675,13.590535501751305,-0.2430113223753869,6.718878192547709,39.37422373480429,19.971780491629936,-43.80581780794322,user,ohp,medium
1788983101692,12.620734776306152,0.0330699104309082,6.671293726813047,3.517844108898639,17.672672222659234,-25.570382393904545,user,ohp,medium
1788983101709,11.487528618511558,0.0966661842897534,6.142624657251686,-20.95259907153835,11.22987686821762,-15.100716679366744,user,ohp,medium
1788983101725,9.086744072833657,-0.0263362182617187,4.528782808441669,-31.892765782147062,2.17810954683322,-11.882285438679837,user,ohp,medium
1788983101742,8.141483329883217,0.1141734916687011,2.862268523108214,-29.93345088664804,-12.99668715082807,-7.079760867190432,user,ohp,medium
1788983101759,7.780705898174643,0.0785600342348217,2.2194255234867333,-24.347472881506903,-23.217465894652484,-2.944534251667048,user,ohp,medium
1788983101775,7.01007223881185,-0.0697311233520507,1.814206600244343,-23.398329303874423,-31.88235998894655,1.5641027544840476,user,ohp,medium
1788983101792,6.819136994501948,-0.2798226112917065,1.773655978669226,-29.825260690195037,-31.99379111016072,8.460620211691909,user,ohp,medium
1788983101809,6.723368928095698,-0.4144963085450232,1.5725424546942115,-34.385122300852224,-29.239138251854147,12.438815228668,user,ohp,medium
1788983101825,7.344513452258705,-0.3924994346618652,1.2328642173767088,-36.48233188550464,-30.327494745149828,16.586807040863317,user,ohp,medium
1788983101842,8.296058974567055,-0.5594948543272912,0.2501943657472729,-32.3603468723478,-26.72776819404696,22.62076007819266,user,ohp,medium
1788983101859,8.895656852832436,-0.6932710182189941,-0.2109887290403246,-24.256112271168814,-19.955792726330227,26.736959921122505,user,ohp,medium
1788983101875,9.874138312861325,-1.5074493664063513,-1.014691714312136,-12.169237053637705,-5.758574324146417,28.29147853281885,user,ohp,medium
1788983101892,10.432734318652749,-2.43400540888682,-0.7320261346794664,4.629929533144591,9.18141861253982,20.935139400472504,user,ohp,medium
1788983101908,11.073631591033935,-2.860771854809672,-0.8090893544852733,23.52926744535815,14.28443138014841,16.805516528276293,user,ohp,medium
1788983101925,11.675922946166992,-3.416525915173441,-0.374691829162091,39.40731258623841,19.447227086014838,11.243314411635977,user,ohp,medium
1788983101942,11.03921552669108,-3.439719597625732,0.6245883810065687,54.49254010411486,18.10163542329272,-0.1529323778075886,user,ohp,medium
1788983101959,10.798148177990315,-3.0247745223999023,1.0048176782906055,58.662541347136894,16.916469536248567,-6.99942119396498,user,ohp,medium
1788983101975,10.976218680030106,-1.953668846948445,1.3667916263073685,59.293958184958726,14.915843949102008,-7.224808471952115,user,ohp,medium
1788983101992,11.367668897899984,-0.8056487125121057,1.4152726024903357,55.07430488176528,19.246088260241716,5.402728725464746,user,ohp,medium
1788983102009,11.269207354626058,-0.639401334735006,1.5695491180971264,49.06014573265063,25.502864266411677,16.546466236077926,user,ohp,medium
1788983102025,10.29132619857788,-1.0238204849243164,2.1446067216068503,39.72890521311929,34.21114713740825,21.82562531351292,user,ohp,medium
1788983102042,9.625440615412591,-1.634342200525105,3.320310543391108,29.24548349759309,28.1377446349802,20.16043031650569,user,ohp,medium
1788983102059,9.726595635554194,-1.910872492273152,3.212720521765948,35.922795958508026,12.115300757309408,15.900560859479208,user,ohp,medium
1788983102076,10.013599975043537,-2.31279894984141,2.611177208521217,54.70941568573569,-7.98257697923001,12.437674587076607,user,ohp,medium
1788983102091,10.159346416583656,-2.310554239654541,2.338388149128109,71.89073946742984,-12.644929847251476,9.356222790194307,user,ohp,medium
1788983102109,9.957485873633622,-2.1344309261597694,2.559852387214452,82.6230771819734,-9.286168101198426,7.340526390644118,user,ohp,medium
1788983102125,9.807998491999506,-1.5780783153809606,3.2941241088636217,80.47079578204318,-10.086156569057108,7.7487796039404735,user,ohp,medium
1788983102142,9.025541708374025,-1.287481796618551,3.5669118530824777,72.39912410773223,-14.84949890659909,6.179305866169563,user,ohp,medium
1788983102159,8.386890169093013,-1.1074677592955529,3.5254635520152746,68.25240697959077,-21.80359283079775,3.303989178438248,user,ohp,medium
1788983102176,8.128762379997967,-0.4917088736936449,2.8866603293038904,71.17880152948273,-31.815943229457343,4.89243120530793,user,ohp,medium
1788983102192,7.948601043158769,-0.3579331481933593,2.347216913880408,73.10215547900164,-31.04039915486449,7.018865461871537,user,ohp,medium
1788983102209,7.657555319324135,0.0252889011658728,2.5231901513800024,60.3695149037498,-22.634864418828737,15.877042810619562,user,ohp,medium
1788983102225,8.103774069213866,0.0582093201234936,2.330905246026814,47.60640826970512,-17.296378318263013,27.44834632129413,user,ohp,medium
1788983102241,7.956682642805576,-0.0951696621216833,2.142212812207639,38.288582241703686,-15.986377063758544,34.71717536244698,user,ohp,medium
1788983102259,7.86495303813517,-0.8641570155821741,1.545607832147926,33.11940628537882,-8.676634335703671,37.74842697647698,user,ohp,medium
1788983102275,8.202235612487792,-1.8420387561522424,0.8831620141729712,36.712591222804114,-2.433603871794948,35.017857365183865,user,ohp,medium
1788983102292,8.425494332775473,-2.37355152470693,0.9780328394785522,43.72652272677396,-1.4267221437874094,27.89810403285572,user,ohp,medium
1788983102309,9.089586602783202,-3.566312718145549,1.3233959905646742,48.91593994870416,-0.0501525916416293,18.057906844679003,user,ohp,medium
1788983102326,9.615711833080647,-4.338741882622987,1.885733374841511,50.60150769245824,0.5694798820153598,8.173642983524655,user,ohp,medium
1788983102342,9.91483681847453,-4.592826387676596,1.9886849230110644,55.17676113441006,0.1813196711945797,-4.576353102408189,user,ohp,medium
1788983102360,10.747872281214594,-5.050269273022562,1.835306233026832,66.3411151441461,-0.5347620304641849,-21.653236461503678,user,ohp,medium
1788983102376,11.72096444942057,-4.801571283312887,2.003798174860328,70.18194225030854,3.896163591270591,-30.47649190679907,user,ohp,medium
1788983102393,11.538256350708007,-4.360589118902385,2.488174367578328,63.62920902476005,5.506469480560307,-39.08453833663112,user,ohp,medium
1788983102410,10.655994792506098,-3.0904655765809115,3.580529459546506,38.51815514499157,5.1568291087395925,-46.65555372968555,user,ohp,medium
1788983102426,9.80081471797526,-1.543960649462789,3.710864396943152,14.417456998197226,7.834202218568884,-45.42783747165952,user,ohp,medium
1788983102443,9.435399689593911,-0.7818561873838304,3.2731738214239474,-5.2188719858390495,14.52501369460471,-37.60415972082797,user,ohp,medium
1788983102459,8.896703731536865,0.6747163206789643,1.9443913155153392,-7.549607872648316,19.78360194980691,-15.936991380964765,user,ohp,medium
1788983102476,7.844301295250654,1.5566802841737866,0.799962629699707,11.209590352609036,16.49410600590061,0.3956028758602725,user,ohp,medium
1788983102492,6.984935459467768,1.7084123029295355,1.213861410742998,32.32908168142206,0.0901446899234828,6.983066305997385,user,ohp,medium
1788983102510,5.10099685908854,1.473631194891408,3.2444439860239624,44.19366668486781,-32.760643769034736,2.5242716448191054,user,ohp,medium
1788983102526,5.590012548175454,1.0034699900086967,4.515465207837522,38.14089989146967,-47.45063214530464,4.77379380763257,user,ohp,medium
1788983102543,6.51252662178874,0.8132805956300347,4.478804287177324,27.57778011361317,-50.61684829733409,18.823050248713216,user,ohp,medium
1788983102560,8.068910261103511,0.2388217617310583,3.9342736316174265,12.012847919759215,-42.44335216287659,40.49869485333641,user,ohp,medium
1788983102576,9.078515173670649,-0.6513723430357873,3.3512843583256005,-0.8000653074868449,-40.50133813654521,55.603559165076646,user,ohp,medium
1788983102593,9.448569552290438,-1.0767926350466903,2.781914445063472,-14.999267879624544,-35.54824545989745,71.11720005335839,user,ohp,medium
1788983102609,8.756495050379634,-1.7610852509096264,1.732356438422948,-40.78230479824285,-9.337982770015788,78.11409365044364,user,ohp,medium
1788983102626,8.22991915370524,-2.2227169662475585,0.5889747774422168,-45.65095243108715,6.838038764916388,70.88570445181914,user,ohp,medium
1788983102642,8.699334654787183,-2.6038443814150987,-0.3284527866870164,-21.86706919384926,5.349072893779241,57.483746319041074,user,ohp,medium
1788983102659,10.14393491244018,-3.122487877655029,-1.609351697783917,40.09514678660455,-12.725330565292634,31.125035443964705,user,ohp,medium
1788983102676,11.765106958007811,-3.3025016227170823,-0.042047436004132,75.56794256183545,-32.889877778320546,11.697102788581512,user,ohp,medium
1788983102692,12.802246358710526,-3.2709283805847167,1.2665334088750182,83.518351057622,-39.64448407497794,-2.462565794866506,user,ohp,medium
1788983102709,15.286380803248283,-3.038391836602986,3.719991560120136,49.71947072342113,-24.78536996957476,-11.460096078155717,user,ohp,medium
1788983102726,18.49371203319132,-2.6301803074158725,4.344130443793535,16.172981246977876,-6.15114627688207,-6.416399234620454,user,ohp,medium
1788983102742,19.550901703754068,-2.1437081653319296,4.055179938672483,-3.4617902404842256,1.56636941679314,0.9547127431269812,user,ohp,medium
1788983102759,19.440770180952548,-1.588403163909912,3.5504525934517384,-6.880458081643575,-11.896759463304742,3.160493520722038,user,ohp,medium
1788983102776,17.407044923731682,-1.4909890838623046,2.5055330602668224,-5.303259826808204,-13.201805415566367,-2.8670372177967907,user,ohp,medium
1788983102792,16.942418410491943,-1.632396619415283,1.583316216034442,4.339592705679336,-23.09786245209639,-7.659684908859535,user,ohp,medium
1788983102809,15.685313485828042,-2.300378590337932,0.0413010015510022,18.763771036906675,-35.82280881924821,-10.25933601546278,user,ohp,medium
1788983102826,15.094394588580728,-3.144035254205018,-0.2151787280760705,14.102783352945568,-8.3686150022509,4.900838741289392,user,ohp,medium
1788983102842,15.139284116142989,-3.762337686809897,0.7221515141360462,-12.65238585250419,25.22547662383912,28.63747371805689,user,ohp,medium
1788983102859,12.682834381866456,-5.588664786828309,1.47931778916046,-34.832578238663515,44.51460019849379,35.51264309884876,user,ohp,medium
1788983102876,8.409334056091309,-6.531531328118592,0.5874776707522571,-20.55721137331736,18.612858007195246,3.317431204168244,user,ohp,medium
1788983102892,7.353042211151123,-6.385784302056581,-0.6419445894770324,20.407616570115746,-12.222422029157302,-30.713086244553725,user,ohp,medium
1788983102909,8.4916335691154,-5.40640647770986,-1.7649750979550185,60.039794351756605,-28.23595250996123,-44.05223054262977,user,ohp,medium
1788983102926,10.918010236689447,-4.935646722412109,1.643171842060238,48.44817444339583,-3.767767133931752,-20.889334444351107,user,ohp,medium
1788983102942,11.02619647064209,-5.086780409948528,3.729269529944658,3.814255535856975,16.965979869994694,2.004919001370145,user,ohp,medium
1788983102959,7.349152217975258,-5.090970555114746,3.878906841443479,-11.831577260508016,12.749753614217306,-2.8488629381890327,user,ohp,medium
1788983102976,5.3034571214973925,-4.742165446881205,-0.2721893399342894,38.70874815868619,-23.818836730315425,-28.758753972054222,user,ohp,medium
1788983102992,5.051617618891597,-4.017021326800435,-1.01873192961365,79.59970077605644,-40.010974950367896,-38.81431214740332,user,ohp,medium
1788983103009,6.4023962680310005,-3.0837317382812497,0.922665903174132,84.60096336182569,-33.43783994976857,-27.911528769669378,user,ohp,medium
1788983103025,6.07812982711792,-2.9544442641109225,3.232771960669756,52.68455487986663,-10.71795077483058,-10.844532963171131,user,ohp,medium
1788983103042,5.579986828723549,-2.728791196032613,3.273623026496172,32.915043610317454,-3.5311990497167183,-10.127743883366024,user,ohp,medium
1788983103059,4.7951375970035786,-1.918204588726908,1.9442421163029968,40.93805360188665,-12.72152956501952,-19.152198772363423,user,ohp,medium
1788983103076,6.261735166931152,-0.7615051810115575,-0.5732603448294102,90.36391498345644,-33.05183863901447,-22.18798904709689,user,ohp,medium
1788983103092,6.408082496973872,-0.5406408815797418,-0.142304630523175,105.89079960853884,-38.182816762406034,-21.28471531238293,user,ohp,medium
1788983103109,7.56492964259684,-0.5620386935912073,3.2381581837527453,72.69082099661597,-20.092002066305916,-8.854147537137719,user,ohp,medium
1788983103126,8.058433875274657,-0.7118259349547326,3.5669130221262573,20.181323865176758,6.131085584402919,6.868170571326723,user,ohp,medium
1788983103142,8.058583512878418,-0.6377550288327037,2.185907284766436,6.170590117901804,16.142699603292623,10.000985817654342,user,ohp,medium
1788983103159,8.456921736696362,0.0339674437925219,0.3925004575751721,8.522878239750222,17.4324971582322,10.78608361934875,user,ohp,medium
1788983103176,8.751853362053632,0.1711858570925891,-0.3030152708306908,18.463379317209515,19.747519767969028,10.601628384397031,user,ohp,medium
1788983103193,8.755894161877036,0.1327290659915656,-0.1283877488516271,28.43550160920503,7.938147452452723,5.865728039392869,user,ohp,medium
1788983103209,7.760954903522133,-0.6259340965270995,0.0764658384345471,37.832151435323,-2.516550542849229,-3.645116146345364,user,ohp,medium
1788983103225,8.228122917938231,-0.8065463920041919,-0.3134900492243468,43.64885323062716,1.580910889536097,-4.767256889710045,user,ohp,medium
1788983103242,9.109488988605142,-0.5256769020080566,0.5499187783390284,41.26555092730501,13.763623479519415,4.323049987509565,user,ohp,medium
1788983103259,9.865459331843256,-0.2840121719360351,0.3265104204475879,47.565242719577455,19.48811089083924,13.581693707013308,user,ohp,medium
1788983103275,9.565285129657386,-0.3420715621948242,0.4685163602851331,58.49657458049475,14.747922040809952,14.053068967297984,user,ohp,medium
1788983103293,9.51246422457397,-0.2045546774048358,1.360056765094399,74.366423494371,-4.724610042306131,15.497750453177709,user,ohp,medium
1788983103309,9.798719207000731,-0.3892071881834417,1.8573025223881008,79.52527903485998,-8.042704842040925,19.078615436887585,user,ohp,medium
1788983103326,9.957485289111732,-0.500088652569428,2.3608339358225465,70.01316827591752,-2.219333153568832,26.98056715560747,user,ohp,medium
1788983103342,9.336039151653647,-0.9234129952143876,3.960907809912413,44.60785277123197,3.626994373816851,33.02933999588845,user,ohp,medium
1788983103359,9.0274869972229,-0.9886553557798266,4.339341309820861,28.17480524141669,3.401984463781359,34.67881018987902,user,ohp,medium
1788983103375,9.254037160271404,-0.7263406363889574,3.983802947809547,18.976212118208878,-5.356789299994063,36.13755076639157,user,ohp,medium
1788983103392,10.54645831298828,0.4953009068362414,3.216311970386654,12.69146648738771,-12.919611027365416,47.38230293284783,user,ohp,medium
1788983103409,10.13136418468058,0.593612666375935,2.1826145268313586,7.772678435846348,-11.204302078644156,59.00353171126061,user,ohp,medium
1788983103426,9.964816947174072,0.2941876751221716,1.9981119459174568,-1.4207002648169853,-1.5745341608939496,71.10972099621722,user,ohp,medium
1788983103442,7.93573104019165,-1.0947484168455004,2.0781682100594043,-17.79737098633616,9.894400715656293,68.02580179349725,user,ohp,medium
1788983103459,6.810756119647622,-1.7726067618772388,2.229750518146157,-29.24665829013033,11.888205505142944,60.42819988909855,user,ohp,medium
1788983103476,6.324583545032144,-2.130390564727783,1.7123042688667771,-32.75527865544169,4.484076819834493,43.29527824295769,user,ohp,medium
1788983103492,5.844096614837646,-2.486078856603801,0.7912845254644751,-28.841798827077824,1.0600995738125158,20.616015886976584,user,ohp,medium
1788983103509,6.595728052088618,-1.454777368274331,-0.5755049088858067,-21.918683225859755,8.420665312594627,8.203548113031909,user,ohp,medium
1788983103525,7.3214715993672606,-0.7618053330019116,-1.114648756840825,-4.1448166280049055,13.961165356920878,2.1945664607515423,user,ohp,medium
1788983103542,7.834726242175698,0.1231517478942871,-0.7758699525810777,21.842774210971527,1.5898526743767014,-4.981215553668456,user,ohp,medium
1788983103559,7.2174722957104445,-0.508020249286294,1.4481943366222083,22.333900670788587,-6.236673478782146,-16.153347868208673,user,ohp,medium
1788983103575,6.896946794891357,-0.7237970893859863,2.695722016254068,2.795631218562304,-6.676737017477367,-31.71897503381068,user,ohp,medium
1788983103592,7.3835676977962255,-0.0429457000181078,3.8640925725407897,-32.84391743539553,1.5443318114360938,-39.55018989839133,user,ohp,medium
1788983103609,9.465475678905843,1.1715129459656777,2.418892741559446,-47.12901219766708,9.03412131422026,-30.53613311863162,user,ohp,medium
1788983103625,9.90181893146932,1.142333905493468,1.8164508720397947,-45.365751052104095,13.368524356790855,-20.826431817189874,user,ohp,medium
1788983103642,8.37611450805664,-0.1978209121704101,1.3745716126590966,-22.823041253104464,-0.4217859524762667,-19.20555962525415,user,ohp,medium
1788983103659,5.228038600158691,-2.062005595287681,2.587982941547036,-15.46829696992932,-11.634024284049152,-33.361577472590795,user,ohp,medium
1788983103675,3.491044711193442,-2.5831933691829443,3.566613162396848,-28.001560908213904,-17.308583866309828,-59.47385853750769,user,ohp,medium
1788983103692,2.7156238175541163,-1.82273535913676,4.35086384370178,-50.30297719930991,-20.13019477659733,-89.51668465842972,user,ohp,medium
1788983103708,6.031144204059243,0.2492963939942419,3.000533522851765,-49.37672500068072,-25.95350307237619,-86.9137132261162,user,ohp,medium
1788983103725,6.9241808387756345,0.7049431897036731,2.1172227478578685,-36.952416240036186,-25.1596779964698,-75.84910046882986,user,ohp,medium
1788983103742,6.411223133087158,0.4294602881167084,0.946309667481482,-22.20085883104049,-21.63875816801054,-72.5161389085929,user,ohp,medium
1788983103759,6.976255309405922,0.5318121898926794,1.9904804281257087,-17.457825207221898,-27.888941334084148,-77.14255388252269,user,ohp,medium
1788983103775,8.21615249415934,0.8922889581542461,2.2670108660042283,-21.040817794858235,-33.05208794091918,-68.3292466077534,user,ohp,medium
1788983103792,9.527873975151778,1.211166837896779,1.980005649732053,-24.67596058435491,-28.941727909729696,-53.82753239595491,user,ohp,medium
1788983103808,9.987113534656167,0.7743744898589328,1.280001450800523,-26.51879343374854,-14.9296716670767,-34.550962708994724,user,ohp,medium
1788983103825,10.15081707316935,0.9063550390381364,1.3741232113044708,-31.95045014478241,-7.546951782834828,-21.344373599688403,user,ohp,medium
1788983103842,10.143782352226973,0.6658875193940476,1.5906483124881985,-38.91801149447704,-3.665224650148705,-12.512810083041334,user,ohp,medium
1788983103858,9.835679695129397,0.3196259946960956,0.8228580598577857,-39.90396637664131,-5.909241467047728,-2.2013302690205587,user,ohp,medium
1788983103876,9.584589549586177,-0.3495535154480487,0.4118036353949457,-37.85361188969518,-7.4726265180603955,0.2403048647016925,user,ohp,medium
1788983103892,8.805873706054687,-0.9724943119106814,-0.7146686110347509,-32.14011766784449,-2.889633618005308,1.2825029129060015,user,ohp,medium
1788983103909,8.958504646411537,-1.2648867011139169,-0.966957684038952,-26.28786473791041,4.352330154707763,3.208651477012505,user,ohp,medium
1788983103925,8.919151125666499,-1.1442784636899828,-0.7065884726926684,-25.85622751821687,9.26501415156525,5.988069107145669,user,ohp,medium
1788983103942,9.449466793391109,-0.7152676729064434,-0.3923494317319244,-28.41195453204141,14.320550274253083,10.26706010564042,user,ohp,medium
1788983103959,10.21381450435221,-0.9460085291104392,-0.8523348411675542,-23.874770856975957,20.872042112919928,18.13537655779258,user,ohp,medium
1788983103975,10.509947906714675,-1.0078088959958404,-0.6880323869131505,-19.333603474077087,23.575854458139517,23.23094185788492,user,ohp,medium
1788983103992,9.50109001312256,-1.9418468917295333,-0.4831791649531572,-15.633319462918704,22.990917057619622,17.213347123617755,user,ohp,medium
1788983104008,10.026318586841224,-1.9515731898434456,-0.4004292047478258,-9.43464104582887,26.47100943031513,13.845852126937196,user,ohp,medium
1788983104025,10.264392014423011,-1.6163851035520431,-0.4653725093014538,-1.5101195006052055,28.38163702986302,20.09270728333772,user,ohp,medium
1788983104042,10.813561435699462,-1.7456718470700083,0.2382242342293262,2.4621017688897684,33.55510063743935,28.225480122416307,user,ohp,medium
1788983104058,10.287585843005775,-2.4675238668028263,0.7456450563177466,-0.5058817494975496,40.78934330818255,30.476181133191837,user,ohp,medium
1788983104075,10.040384521594644,-2.562094759313762,0.4376914523020386,-2.0954813333489906,52.073416873690576,28.54928402304098,user,ohp,medium
1788983104092,10.333075674548745,-2.033874091107025,-0.5250773286797106,8.71035839473061,53.864446153324245,26.477940364775403,user,ohp,medium
1788983104108,11.201573495814204,-1.986439409106597,-0.0369591729544103,42.75239090206298,36.44873760007194,28.607181829087885,user,ohp,medium
1788983104125,11.02559792022705,-2.20221661453247,0.8729869493782519,55.89538241246002,27.37446245749481,25.417051477226927,user,ohp,medium
1788983104142,10.24658455505371,-2.54817853522934,3.027469460572302,49.510282519711154,25.689301109996343,18.221139828105844,user,ohp,medium
1788983104159,10.53388875427246,-2.250249846947938,3.373281086078286,29.27957638683521,35.69835252728682,17.779837890736736,user,ohp,medium
1788983104176,10.722281328362223,-2.2290010149531065,3.409643023791909,19.576087142443587,41.03654834481282,22.060431849252325,user,ohp,medium
1788983104192,10.99986025238037,-2.69272853352651,3.657293550275266,16.656932593071836,38.92763864611217,23.164091381383415,user,ohp,medium
1788983104209,10.609455159649253,-2.9498056445248424,3.558832299262285,13.8896635215946,39.90605641452733,20.386362728965956,user,ohp,medium
1788983104225,10.332625592693686,-2.8327893306456504,3.780145146179199,5.541030237760571,35.694920357228895,14.952312036628,user,ohp,medium
1788983104242,10.682179619598388,-2.1048025344848638,3.9466932604685434,-7.921915507890188,33.80358974963359,13.056529853241138,user,ohp,medium
1788983104259,12.467206594848632,-2.209099652044475,2.405874270032346,-1.741469533737762,42.20369448527919,16.232656609756276,user,ohp,medium
1788983104275,13.220183601489662,-2.2924480895996093,2.09058783891052,18.92746164300791,38.849904263168256,17.69626369605246,user,ohp,medium
1788983104292,14.130728420367836,-2.738367856542766,2.1344313645511863,43.853697434025015,30.80714819470856,14.61333145566756,user,ohp,medium
1788983104309,15.525798631176352,-3.418171490423381,3.843591782434285,50.66425664036315,15.716591421732208,9.669645657054208,user,ohp,medium
1788983104325,15.654339086371658,-3.677643241473287,4.418948953412473,41.49039733968724,10.316860722426275,5.110747103069986,user,ohp,medium
1788983104342,14.352791793391107,-4.066252098437398,4.753688857544958,28.41314810759887,13.020456209139716,-4.937910873670106,user,ohp,medium
1788983104359,12.47483869716227,-3.282749751281738,5.739950011664629,2.559932489362565,10.04728510871692,-21.50831863033622,user,ohp,medium
1788983104375,11.570129744830728,-2.619256470080465,6.064364628876746,-15.864596498404508,-3.768633287295875,-29.68876960491609,user,ohp,medium
1788983104392,9.926360083007811,-0.9914981779903173,5.724537046216428,-28.430341401287084,-15.712576978047531,-29.63003339314856,user,ohp,medium
1788983104409,8.435819911956786,0.5204397320069373,4.198083850263059,-31.95312074874788,-17.045730866291056,-17.284727723086267,user,ohp,medium
1788983104425,7.753023526000976,1.1673229469299315,3.3931831796392795,-23.574010307063613,-10.977223048176972,-1.4519923496125755,user,ohp,medium
1788983104442,6.522104012951255,1.7030258606508373,2.5857389620125293,-10.682617352480458,-5.174921852964133,12.19446862620538,user,ohp,medium
1788983104459,5.814018287438154,1.7004821675173938,2.684797886657715,2.0901029862644287,-6.636026955589975,19.0418502361327,user,ohp,medium
1788983104475,4.714783372828364,1.3364135853089392,3.91003146302551,5.333157272352642,-17.19584647141689,19.12732834604812,user,ohp,medium
1788983104492,4.950760120391846,0.9243119168154896,4.903325584521889,3.067296016384037,-29.035673746668635,17.993928462723492,user,ohp,medium
1788983104509,5.897070080134272,0.7457939632691443,4.727950605176389,0.4412696273726835,-33.47777606584564,27.177862292425168,user,ohp,medium
1788983104525,7.4628779658764595,0.5521627578735351,4.069994061444699,-5.871389412441164,-32.933447555036054,49.97190085476647,user,ohp,medium
1788983104542,7.382520819091797,0.0228949917666614,3.737649235755205,-17.03611566748697,-33.806557466827954,62.72370352573478,user,ohp,medium
1788983104559,6.929716261070967,-0.3402756186887621,3.4982281929567454,-33.2107703108115,-32.96283785903462,70.40718822875722,user,ohp,medium
1788983104576,6.16716420135498,-0.954987187194824,2.6758202149540185,-51.67838605285372,-21.577887522127384,73.53760052915746,user,ohp,medium
1788983104592,6.488285914501548,-1.3958188372187317,1.32130062572062,-53.32050013310818,-11.45879236579789,78.47189994030393,user,ohp,medium
1788983104609,6.656330112567543,-1.6033666320249438,0.7516305604681373,-45.59904299339505,-7.040865501188148,81.09737684593264,user,ohp,medium
1788983104625,6.734440941730141,-2.567930625860393,0.1744790534190833,-21.966719946292457,-12.31184030445017,81.184892059768,user,ohp,medium
1788983104642,7.863605715179442,-3.621828269140422,0.1442510884158313,-3.643217353756101,-17.277837769761014,82.18132103702449,user,ohp,medium
1788983104659,8.4789155418396,-4.2118490485042335,0.6444898900456726,2.418977448574189,-15.575857081431389,81.58427371110616,user,ohp,medium
1788983104676,9.541643557307124,-5.193173623004555,1.218350831116736,-4.189094609959982,-4.953943462086241,78.46302752457208,user,ohp,medium
1788983104692,10.408193751636146,-6.115239660589396,1.8001413961432873,-14.442313764134196,-0.7007221269997135,68.14963995333875,user,ohp,medium
1788983104709,11.238981143188475,-6.659621263067424,1.897854605267942,-15.031972532917855,1.0442462778620931,60.019139859706485,user,ohp,medium
1788983104725,12.683731622967125,-7.670273346599936,1.792360094617307,-9.47201840228812,3.473861319181754,45.201365474254814,user,ohp,medium
1788983104742,13.299641169086096,-9.152883309173584,2.9314016805671157,-3.766536846107504,-7.6769738251961295,9.5753847776398,user,ohp,medium
1788983104759,13.863476244574784,-9.577854103851315,3.058294076294452,3.449577221918008,-14.971568047445556,-17.971294923361363,user,ohp,medium
1788983104775,15.952267555457352,-10.3164664850533,2.7223583865061403,16.105461411937714,-22.11109477742089,-39.74848736546972,user,ohp,medium
1788983104792,16.808343702045082,-10.349983846990764,2.5176541445627807,29.5656793507887,-27.575635434213783,-58.476951447009306,user,ohp,medium
1788983104809,17.220595884925125,-10.201244653375449,3.372982103131711,26.06501274076582,-30.226537719027867,-82.41094516673115,user,ohp,medium
1788983104825,16.70105354014933,-9.500341825103758,5.246444171551615,0.1292027131455908,-29.29704118054293,-102.33376003220128,user,ohp,medium
1788983104842,15.8895699840039,-8.780584951019286,5.749527402827144,-26.808407114935424,-26.767383291233035,-114.22142424485249,user,ohp,medium
1788983104859,16.086491901507973,-6.7700538146421305,4.131045911517739,-30.47586694449001,-30.90023342781208,-111.08739194419212,user,ohp,medium
1788983104874,16.219520900294185,-5.715258638000488,2.1465523027166724,-22.892509399605373,-34.51786019718225,-96.2422489907362,user,ohp,medium
1788983104892,15.667657417628169,-5.354183100128173,2.24381674516052,-31.898127480645524,-24.537206998913398,-81.68939032243266,user,ohp,medium
1788983104909,13.2468190949589,-5.299116315814107,2.859425993158668,-45.441094868838505,-16.54608033038982,-73.4476674283559,user,ohp,medium
1788983104925,11.073183262744545,-4.929511726788431,2.367268206653744,-37.12515513924039,-32.68014657457155,-75.79962257848229,user,ohp,medium
1788983104942,10.59224800426066,-4.727351031848043,1.3190557694032787,-13.295706856275704,-36.94586950371673,-72.9506277322649,user,ohp,medium
1788983104959,10.632051606860756,-3.3852516559876498,-0.8273448498830199,16.30935280394635,-33.234867218203306,-59.15780519404369,user,ohp,medium
1788983104975,10.339359284862876,-2.5559596175596115,-0.0733218413203954,27.252972175180503,-36.19716124237286,-45.35937507051389,user,ohp,medium
1788983104992,9.572766425323486,-2.218227692004293,0.2742867506049573,30.356967011418437,-34.655857339173195,-33.60659343359208,user,ohp,medium
1788983105009,8.085069953265785,-2.381482317706197,0.7472907776981592,14.770796344340324,-12.080823669926476,-11.598582432445957,user,ohp,medium
1788983105028,7.458088978034257,-2.542193250274658,1.2840410085149108,2.239642934509276,1.5153479036931443,3.860281619352752,user,ohp,medium
1788983105043,4.801870704650879,-3.4111386691771446,0.5225350968509912,1.8982771234246203,5.863179951945631,3.261568794494002,user,ohp,medium
1788983105059,3.679739483100176,-4.201823621313274,0.2537863988898694,11.672462027377046,-3.4667764920217463,-11.563321580855764,user,ohp,medium
1788983105075,4.3807904876708985,-3.5537434516906736,-0.6168057643063366,28.11870548266879,-4.801689580863371,-13.126664796959767,user,ohp,medium
1788983105092,4.965724465289712,-3.3047461137082426,-0.0347154856808483,42.926748556100485,1.2645467724648614,-8.618191822070457,user,ohp,medium
1788983105109,5.274725532531738,-3.561973227636516,0.7573169355414807,40.28568515878581,2.25807889573961,-9.9443831862288,user,ohp,medium
1788983105125,5.196316012683511,-3.529202592413127,1.8664304892826824,31.341767591612964,-0.2188021351938098,-16.87556353330936,user,ohp,medium
1788983105142,5.766583751568198,-2.8178254972044376,1.750760767706856,27.67947480016549,-9.62392266320285,-19.00105180867292,user,ohp,medium
1788983105159,7.032667516979575,-2.074425516399741,1.1553531076729298,24.78192926178037,-15.96715861898142,-18.27392182246441,user,ohp,medium
1788983105175,8.06950764247477,-0.7893383598327637,0.3190278826724738,19.56518274543366,-9.14028977467894,-16.591328626093862,user,ohp,medium
1788983105192,9.468768290710448,0.1565213719241321,0.0462384579531848,13.46700458556504,-2.7760970909794787,-2.53428278115164,user,ohp,medium
1788983105209,11.507581226459145,2.0304325723510237,-0.675762541796267,24.3288196348836,0.8238597655644652,29.00469542368804,user,ohp,medium
1788983105225,9.765500828009843,2.319532715075836,-0.4263168755244463,35.40795678943998,-1.3714682612795337,38.68842151571623,user,ohp,medium
1788983105242,9.113978116717934,2.3303064764160664,0.3275582490000873,39.49545276238284,-13.51242875864021,38.03292143088094,user,ohp,medium
1788983105259,9.221119810053706,3.699939244433492,1.9093763354312627,34.75279138387401,-36.41152672947371,36.10400087718847,user,ohp,medium
1788983105275,12.703186849543451,6.776638745990395,-0.3725965373832732,46.1262038237258,-32.3014911322698,72.40253237212806,user,ohp,medium
1788983105292,13.46379303588867,7.695862545886635,-1.787120294267684,64.30151820514274,-13.695276337816036,131.8013271306573,user,ohp,medium
1788983105309,7.735215482109784,4.421043149212748,-0.3911515271842479,44.31146354238844,24.274806498927138,165.54222940408852,user,ohp,medium
1788983105325,-1.4659996040344236,-1.8396444083616137,4.413262286078185,-20.89351793521774,49.67796707892955,123.82090678365772,user,ohp,medium
1788983105342,-5.058650001746416,-4.109347582189739,5.8488862602669744,-89.33916804190109,58.20597052187822,40.25241872243326,user,ohp,medium
1788983105359,-3.161841982921958,-3.894917188262939,3.753510894818976,-107.9047013758846,39.23066681882896,-37.50472924198551,user,ohp,medium
1788983105375,1.9527724826306103,-0.3942950859069824,-1.36903319468908,-63.17724857719113,18.20221678901032,-64.60323498153889,user,ohp,medium
1788983105392,3.179800248938798,0.8309379059389234,-2.317586330248415,-16.420013821331604,0.2575866573644264,-85.372849870118,user,ohp,medium
1788983105409,6.8578913803100585,2.8399722278870643,-0.8453017276603728,12.600774381814634,-6.799711585275685,-79.71715270902396,user,ohp,medium
1788983105425,8.291867952618002,3.1506201855532825,0.3862153128910809,20.4811725848349,-4.89749792501161,-70.64131345312691,user,ohp,medium
1788983105442,7.549666607013345,3.0769981922425327,1.6374850285954772,10.80378832345107,-1.223852718833337,-68.40633895291535,user,ohp,medium
1788983105459,8.221538863372801,3.2022448665894565,3.247137170630693,-19.57608884999088,7.344865268314368,-59.604909377112726,user,ohp,medium
1788983105475,8.857798539081216,3.529052954809368,3.930831309143826,-53.13870440306454,24.943801330015084,-44.19253970365476,user,ohp,medium
1788983105492,8.689755510059,3.2809541000366207,3.537882377148792,-82.68877677159976,57.06120691132199,-31.961586768224112,user,ohp,medium
1788983105509,7.004386594390868,2.315492280578613,2.185906992505491,-111.49983291722336,132.46691540489672,-35.41785031845274,user,ohp,medium
1788983105525,6.997503849139809,2.277185346277058,1.1641811417728662,-111.9611917050902,174.92364449326277,-36.91689925635212,user,ohp,medium
1788983105542,8.17096252234578,2.413954116113484,1.631350325232744,-96.40723221013788,159.34895537417947,-26.654538320860667,user,ohp,medium
1788983105558,9.220520675116775,1.907729956463724,3.9185610987007617,-65.6505830190578,56.42973884708139,-8.671551821187537,user,ohp,medium
1788983105575,7.505074601092934,0.3389294647768139,3.813815068329871,-36.44485463752879,-11.343389489581355,-14.00736987910872,user,ohp,medium
1788983105592,6.066310209986567,-0.3869629894532263,2.101960881318152,2.657603767606924,-44.08154571454747,-29.966567058838844,user,ohp,medium
1788983105608,6.647203387781977,-1.0009260776795446,0.5867300672553479,29.80175800926102,-51.69298216711003,-39.12664645286425,user,ohp,medium
1788983105625,9.41040904072225,-0.7646475706905126,1.4794669883728029,33.78371731424343,-38.3687754927488,-27.23460579650234,user,ohp,medium
1788983105642,10.287734311565757,-0.7523777986388653,1.7161948465645311,24.693538076183938,-20.991596036604538,-8.29808134623947,user,ohp,medium
1788983105659,11.07662434310913,-1.099686603900045,2.5496764456368983,12.739720920100204,-16.025526000533763,11.095150533065471,user,ohp,medium
1788983105675,10.287286567798256,-2.1058496323850004,2.723854178021848,7.648306667475939,-20.302349694627505,22.4790097472528,user,ohp,medium
1788983105692,10.138846064868568,-2.4142528067991136,2.562245127569884,6.99534997433283,-25.22703902961176,28.46649871520584,user,ohp,medium
1788983105709,9.65985609523356,-3.489398843682557,1.7191871602483093,9.391121641758488,-21.41385540656765,27.062660906789148,user,ohp,medium
1788983105725,10.142587004962564,-3.621229572594911,0.94152009511739,13.864238996182872,-6.87651322051107,27.786512402196053,user,ohp,medium
1788983105742,10.57848134471476,-3.574692277825624,0.9620213236153126,19.375713297857505,-1.436663484124363,35.26152094872949,user,ohp,medium
1788983105758,10.320506115832924,-3.891176248168945,1.4692929464913904,21.18843867338972,-1.5064034508098956,38.12045713528382,user,ohp,medium
1788983105775,9.797971603503823,-4.272153879602254,1.95336986400187,14.450950538339676,0.2609757118532221,37.68342748124056,user,ohp,medium
1788983105792,10.011953961402178,-4.529530265808106,1.9039897470220923,8.791285891111507,1.509456225203774,38.71550321577533,user,ohp,medium
1788983105809,10.106674564582107,-4.377498168127239,2.0458463415168224,5.2895759696929066,-4.016240024426708,39.91307443389952,user,ohp,medium
1788983105825,8.722676951929927,-4.385279615783691,2.1051034171275798,1.2769629891588867,-15.426064202743838,30.404774920513937,user,ohp,medium
1788983105842,8.071153656116127,-4.124909746850282,2.1077960172124204,-5.477553447822235,-18.32877336414149,18.30948320237808,user,ohp,medium
1788983105858,8.545355222430825,-3.734954443713277,1.7782938676029445,-10.385665486804044,-14.50122756082014,15.449834968602776,user,ohp,medium
1788983105875,9.885509017181397,-3.290530614416301,1.6687600184336304,-22.072688623717912,-5.283371169718773,20.96557813850867,user,ohp,medium
1788983105892,9.925763286158444,-3.0599397976748643,1.5500963757388293,-35.76018281474836,6.9567982522231615,24.21032951316222,user,ohp,medium
1788983105908,9.401731228747964,-2.3244700984127817,1.665018639948219,-51.734574604060825,20.667609428419567,24.283024924045957,user,ohp,medium
1788983105925,8.296357665252685,-1.7619826381407675,2.264167167010904,-71.39272305428753,34.11318514923734,16.974616644200175,user,ohp,medium
1788983105942,7.18844143153727,-1.7010801334105432,2.857480996570736,-78.18338591957341,20.596874281827624,-2.848931666967556,user,ohp,medium
1788983105958,7.508965178790688,-2.139219037219137,2.9474129041694104,-73.91228421645685,-2.99130674677306,-12.725421919072785,user,ohp,medium
1788983105975,10.797849487304688,-2.250998473358154,1.1369473901495335,-58.47251865423797,-4.425981792075303,5.777693731180575,user,ohp,medium
1788983105992,11.885414422386884,-2.458994304192811,-0.092175887133181,-41.560154061680585,16.950357519815583,28.054416327106047,user,ohp,medium
1788983106008,11.450270024219154,-3.0508111731931566,-0.7139195462331175,-21.836094285963256,23.77046191551881,38.83951554544067,user,ohp,medium
1788983106025,10.373476658520104,-3.469497188512981,-0.2890986814200878,0.5263639927145369,7.300276939638879,31.403847180979213,user,ohp,medium
1788983106042,9.904963659235834,-4.172495235498249,0.3495544652961194,24.841179445282936,-8.66772008506316,18.24225023528306,user,ohp,medium
1788983106058,10.851567633488774,-4.391264827673137,1.2264299465455115,29.36247439279165,-8.206147000011098,14.846360434675468,user,ohp,medium
1788983106075,11.220875577655434,-4.648043247985839,1.5497981234446168,26.344978779750058,-1.6560311242968957,17.213244670780206,user,ohp,medium
1788983106092,12.426205306896566,-4.3177930564880365,2.4156005681462585,11.153085905152814,6.85607302564616,33.50740884155974,user,ohp,medium
1788983106108,12.741492907062172,-4.158877921295166,3.1591492367066443,0.634369560616537,2.4983438198429138,43.55498252576909,user,ohp,medium
1788983106125,12.12363865661621,-4.2872664007991546,3.2000011793158945,-7.1885982240672925,-6.634148226681399,41.448186770616566,user,ohp,medium
1788983106141,10.846032211193442,-4.187907324163615,3.053356181500852,-19.140917007401857,-15.7032913358709,32.41214361191859,user,ohp,medium
1788983106158,11.367968173107505,-3.7500674033015966,2.221969362750649,-24.671594385927985,-18.28123353997091,29.12661430037277,user,ohp,medium
1788983106175,11.725302770885824,-3.547757655279338,1.5189719002872704,-23.86843756406806,-18.01901916263953,28.568008986650568,user,ohp,medium
1788983106191,11.207257386669516,-3.522618537847697,0.6512231438234448,-21.98154999452785,-12.537895660315495,25.30270898787904,user,ohp,medium
1788983106208,11.290606116485597,-3.1910216079160567,0.809988933673501,-22.48692252140626,-11.097722953061629,22.23451288062844,user,ohp,medium
1788983106225,11.653327083477375,-3.1928169669002293,0.4288618107669055,-16.686795887670424,-10.058920335968036,18.350112582655903,user,ohp,medium
1788983106242,12.702138217273356,-3.802441441400349,-0.042047436004132,11.708846445085705,-9.654642292768628,3.080744445416381,user,ohp,medium
1788983106258,14.656255684772132,-5.660790842492878,-0.3251620745785534,51.1161624464187,-16.488558184747266,-18.789597689705783,user,ohp,medium
1788983106275,15.203479817199709,-6.503100037273764,0.392649802917987,77.24976736192437,-26.45078182508814,-51.85795514122793,user,ohp,medium
1788983106292,17.38400014823079,-6.159084063012898,3.264046658246964,59.02023835397046,-24.79615313072692,-77.44979628195736,user,ohp,medium
1788983106308,19.59010617141724,-3.939658831787109,4.9239760122321545,18.540543379357736,-20.165045816837324,-74.77856393907874,user,ohp,medium
1788983106325,19.25342390104532,-3.15376272136271,4.904223848535866,-19.862318172444017,-23.098302999297857,-61.28598285639294,user,ohp,medium
1788983106341,18.12006810564697,-3.613897476141154,2.3011285319224,-57.73448256347224,-7.364770147103077,-35.21033551108941,user,ohp,medium
1788983106358,14.708181102320552,-4.414907861328125,-0.8159732687801122,-64.08541101980354,4.277323578563622,-26.67931653962218,user,ohp,medium
1788983106375,13.410523217993974,-4.41849916381836,-3.16408567019552,-30.925225089985155,-1.9065792183607708,-28.39175595511839,user,ohp,medium
1788983106391,7.922863959833979,-6.3311668689452105,-4.881776600536703,21.424759803577576,-18.01998051176521,-66.9877086623037,user,ohp,medium
1788983106408,6.274304725646973,-6.62879577056244,-2.944718112127483,47.09510030843797,-26.656718858753194,-89.95792853919089,user,ohp,medium
1788983106425,8.136994201770424,-5.527612790624797,-2.385072597283125,63.80185571641046,-28.29917444846616,-84.83269801998588,user,ohp,medium
1788983106441,10.532543769404292,-3.3056444507874545,-0.1524800606440752,54.04010495839863,-9.832703616883569,-60.37611286648804,user,ohp,medium
1788983106458,9.667338559943436,-1.5641614337094127,2.9824278111882507,30.847214084379853,-11.644188459307776,-53.69454178262559,user,ohp,medium
1788983106475,9.178920252227783,-1.248875294848531,3.970185633606464,5.003365430259985,-22.916358712639763,-45.87189197526413,user,ohp,medium
1788983106491,9.65237363052368,-0.931344007409364,4.411167724951729,-15.981162214327236,-36.51989109575055,-31.751186205936456,user,ohp,medium
1788983106508,8.300099189868568,-1.55219064460434,2.6051921427622435,-18.51751539657104,-28.506079661446066,-21.385202762999448,user,ohp,medium
1788983106525,8.808119439154863,-1.507299582672119,0.9952410177804528,0.5105902577957743,-22.839042678782512,-4.267892794867127,user,ohp,medium
1788983106541,6.9078709244877095,-1.8168995656553653,0.8397669629521668,7.769826831867868,-17.28739832705174,-6.538729630202674,user,ohp,medium
1788983106558,4.765208907207846,-3.007565832641348,2.8037610968209803,-7.192693776248362,-18.77168722615472,-31.95004033343221,user,ohp,medium
1788983106574,6.404789300647377,-2.552667663342133,2.386869709832966,-11.122899030342296,-20.71774813956934,-26.701168022324342,user,ohp,medium
1788983106591,9.23144305114746,-1.498470671789348,0.1925837421692907,-4.2421306019783085,-9.495745625691097,-10.110291896262996,user,ohp,medium
1788983106608,8.880992367663978,-1.3745709550719707,-0.3205229435358196,8.162541364802445,7.320860568476358,5.326890573789155,user,ohp,medium
1788983106625,7.432052619501948,-1.8561047639708963,0.2389716185305267,9.200977713001796,6.410903493659532,-6.409208326084899,user,ohp,medium
1788983106641,5.174768197742104,-2.796876013482362,1.4911395617162808,9.462181222336008,-3.29963023708731,-25.318023979545497,user,ohp,medium
1788983106658,7.655610030475258,-2.062305308886617,0.113725674835965,23.43219508932664,-8.333512098785265,-25.91944604162721,user,ohp,medium
1788983106675,8.95132087238729,-1.7230768611632286,-0.528519614620693,31.19407158100061,-1.105841030518974,-11.878760207294464,user,ohp,medium
1788983106691,8.91840118408203,-1.2729668029233812,0.6091749771669507,22.27493394013657,8.969430885043778,-4.270171089842149,user,ohp,medium
1788983106708,6.775888804405927,-1.5934906232420354,2.314445182678476,-2.326002352271036,8.454950300907154,-18.892410819734696,user,ohp,medium
1788983106724,7.396437700763344,-1.2508202914364634,1.972972609290108,-6.205061228869211,-0.8772341187509712,-24.031371726718717,user,ohp,medium
1788983106741,9.27738121097982,-0.3052602367458865,-0.1183628331173211,5.184763728671299,-4.0135540525356,-20.350536679221943,user,ohp,medium
1788983106758,10.15021793823242,0.0511760604858398,-0.8629596955563873,23.80410742737029,-2.8054015907265955,-11.208313107234243,user,ohp,medium
1788983106774,9.521741756007074,-0.0104743034696206,-0.4326015087518841,22.39426759022045,-2.158297089041717,-18.087160544894164,user,ohp,medium
1788983106791,8.619725111499429,-0.5591954695219173,1.103727622919157,12.294145845631606,-1.060506290233249,-23.89699287744059,user,ohp,medium
1788983106808,10.710612517878412,-0.1102828043730929,0.603788681018725,3.8929726122677257,8.008485594299161,-9.622782875385104,user,ohp,medium
1788983106825,10.575040848872066,-0.1765721532408148,0.0100269615609198,10.047452448351583,16.916230479627615,-2.6926680378150656,user,ohp,medium
1788983106841,10.491693872621656,-0.0460883454253897,-0.6768096396964043,27.21705904052458,14.073603931037628,-0.3426553828164658,user,ohp,medium
1788983106858,9.328858884760736,-0.3173811201124452,0.4481661576304585,41.65958454052304,0.1437965062048073,-9.213456468615409,user,ohp,medium
1788983106875,9.652522683605552,-0.3142387852324173,1.2823957985911518,35.991302755883254,-0.244270990134075,-5.56170095150997,user,ohp,medium
1788983106892,10.985644095501303,-0.1147716950238682,1.3415011177062988,29.497247685494344,6.576335371112295,6.5647466745249,user,ohp,medium
1788983106909,10.145728225597738,-0.1240492995222099,1.4456494013797492,22.880191153437256,9.821683106657751,14.671439290031442,user,ohp,medium
1788983106926,9.55047100688517,-0.2705446414671838,1.5186735018625854,18.08304194082465,7.210447145448517,8.285773345355107,user,ohp,medium
1788983106942,9.433753091430663,-0.4605840329159051,1.4212587642278522,19.96369525519993,0.5326052381511948,4.823622598948752,user,ohp,medium
1788983106959,10.662877537757158,-0.233733644811809,0.4477173178844154,31.72510512859076,0.5594362489234147,13.939735638399965,user,ohp,medium
1788983106975,10.54002564959228,-0.2097914820797741,0.4957498196475207,37.31858951162974,4.462842188591747,21.938849359384218,user,ohp,medium
1788983106992,10.551398107478022,0.0172086166933178,1.2497740703191609,35.85210691569298,6.327497065496744,31.081219780439078,user,ohp,medium
1788983107009,10.353875301471351,-0.2099411196835339,1.7432786683231591,26.25236482969927,5.322909854163507,36.95529174967676,user,ohp,medium
1788983107025,10.025870258551835,-0.2844607924863696,1.7573456990551202,18.70487943833553,5.576633025696086,35.26580689243367,user,ohp,medium
1788983107042,10.47089249213338,0.6251861277040094,0.991051018744707,19.282052621316414,2.394587910265131,37.63635723257541,user,ohp,medium
1788983107059,11.12630461207926,1.5478513002257792,0.209792504993081,34.59495937253336,-12.606905330368368,48.10585560747855,user,ohp,medium
1788983107075,12.0537578956604,1.8709190328735856,-0.3329433761045337,49.33055633698602,-11.912701124827551,70.24115999041256,user,ohp,medium
1788983107092,10.428093214848635,1.6148896773625163,-0.1619078872680664,52.137337199038136,-2.940798351634462,85.26702291911784,user,ohp,medium
1788983107109,8.140884779468179,0.6456866986148059,1.2337633581735192,40.621296748938136,1.0948347142800274,94.09813649705332,user,ohp,medium
1788983107125,7.013814347949624,-0.1686411410458385,1.9804541241519151,20.91683107840229,4.007783396460586,92.10878925977376,user,ohp,medium
1788983107142,5.753566449084878,-1.3325227153502404,2.1327852047793567,1.1499414275556308,10.78006622268997,85.31482741311875,user,ohp,medium
1788983107159,5.703736542510986,-1.5529386134274303,1.3588598834600298,-13.397300797537769,10.610067083116585,71.56114185884171,user,ohp,medium
1788983107175,5.4882589776188135,-1.6428708132870495,0.1521817352846264,-7.831783477829053,14.801404129558444,58.39771442244799,user,ohp,medium
1788983107192,5.00463024226725,-1.9595044212341308,-0.860115996563062,4.609175149577862,14.903949174662433,39.57234020186968,user,ohp,medium
1788983107209,4.9542012007564304,-1.574486282238364,-0.1702870816219598,11.199905998139604,13.94476948781826,10.260625213668622,user,ohp,medium
1788983107225,5.614851805877685,-1.4312830954402684,0.0197531135443598,16.41265941514279,14.681664083218951,-6.00344300919372,user,ohp,medium
1788983107242,7.297975572967529,-0.8351268820613622,-0.0520729362603277,31.248873603806206,6.844388279523561,-16.55823635956515,user,ohp,medium
1788983107259,9.196130330225824,-0.368258435113728,-0.167144107421115,55.1035005253725,-2.280133149682758,-17.791030863239094,user,ohp,medium
1788983107275,9.363724446436764,-0.4302081108093261,0.2424136487431824,61.59957733175574,-5.911446337489172,-17.740320123746333,user,ohp,medium
1788983107292,9.67137819072306,-0.2264016944885253,2.1030077600225807,50.84238797391708,-5.530409293601202,-13.496485389570108,user,ohp,medium
1788983107309,10.20842755061686,-0.2467521163389086,2.747197205816954,27.5468427717676,-3.6016372965231787,-5.3854325520521575,user,ohp,medium
1788983107325,10.940156017524004,-0.9856630420960484,2.901773435022682,2.804888472765198,-7.365314854689386,7.234584180201696,user,ohp,medium
1788983107342,10.072705659484862,-1.515678996221721,1.686266595160216,-2.98069391346333,-8.068651876924157,12.379507842331131,user,ohp,medium
1788983107359,9.864560337176918,-1.763030393628031,1.131709781756997,-0.1318388193196719,-3.9214327298787,15.408334739205776,user,ohp,medium
1788983107376,9.758466107067465,-2.372952974291891,0.0989111867375671,15.134140210070202,1.9305907483879508,15.984679761749794,user,ohp,medium
1788983107392,9.18759864872396,-2.80435789367035,0.5770036230109632,24.96858467141848,4.076413137240873,11.60185921570027,user,ohp,medium
1788983107409,9.060107994842529,-3.0783447845458984,1.4984718408331277,28.564455580734872,2.3435949985822853,8.362631756537969,user,ohp,medium
1788983107425,9.026290480914712,-3.45393516998291,3.0620348702579734,24.05535081334733,4.246604375884666,4.756665827628294,user,ohp,medium
1788983107442,8.515428870722651,-3.936068113818764,4.299987496814876,11.816919674549167,5.419657776209445,-1.1834832059090938,user,ohp,medium
1788983107459,8.085667919158935,-3.867533214513957,4.957644326947629,-7.1527854078148,6.8650735074249445,-10.456308425842192,user,ohp,medium
1788983107475,7.383868142047524,-3.132363667242229,5.153220382800698,-33.050291601167466,1.605294878316454,-28.391860115503235,user,ohp,medium
1788983107492,8.572140938025713,-1.523759572955221,4.341885149084776,-47.38424270657212,-2.274142646893833,-32.94153449901335,user,ohp,medium
1788983107509,9.183858293151856,-0.9642647186279296,3.08522826044932,-45.39730311097497,-1.9444001102292472,-26.97588335338413,user,ohp,medium
1788983107525,8.741379314312338,-1.0395317026667297,1.384298203033954,-30.4519544522058,-1.1332611451071075,-20.086128103619703,user,ohp,medium
1788983107541,5.9211599807739255,-1.823932313836366,2.1796217747561637,-28.07798389483717,-8.258989612298548,-37.9704081245024,user,ohp,medium
1788983107559,4.983081258282065,-1.4266447681151329,3.102736956067756,-50.672405056042976,-17.852972141274645,-62.92405346465876,user,ohp,medium
1788983107575,8.488193073272704,0.7891887222290038,2.2788317252445967,-76.16954562393018,-16.167720293769673,-57.26903932248173,user,ohp,medium
1788983107592,11.483638625335692,2.631677121844888,-1.1267702795282006,-67.22166996213332,-14.556599904421432,-29.669429924281197,user,ohp,medium
1788983107609,11.354352904731035,2.414701865740865,-2.1763279939077798,-48.392795269605365,-20.60515247110168,-8.461375801368842,user,ohp,medium
1788983107625,7.990050074878335,1.278054773712158,-1.0069106319818646,-44.55615165430956,-34.26504074505424,-10.59486393579778,user,ohp,medium
1788983107642,6.682068949458003,-0.0158612937375903,0.6805529909431934,-58.89026668425429,-38.76570852126951,-16.68696322730509,user,ohp,medium
1788983107659,6.407782052722573,-0.4833291678830981,1.0045176358981058,-75.04783048672816,-31.35626125303173,-16.881864382818694,user,ohp,medium
1788983107675,6.308572321429848,-0.873733822222799,0.3761905067546293,-80.46336453622621,-13.117169126466155,-11.567779133062846,user,ohp,medium
1788983107692,6.211307878986001,-1.4791677131652832,0.0683846406465396,-73.38764372592983,-7.856252630530624,-17.324942169372008,user,ohp,medium
1788983107709,6.534825547358393,-1.4698901817321777,0.0357645563423633,-62.73414005478656,-10.74754939959883,-28.293310731063706,user,ohp,medium
1788983107725,9.371203988537191,-0.2504926180414855,-0.7983155383461155,-28.444061543782347,-16.859980456717974,-19.08081646534762,user,ohp,medium
1788983107742,10.618735029169915,-0.3511993098936974,-1.4984705073925666,-1.0161047245428771,-9.861245269877758,-3.7312187916830144,user,ohp,medium
1788983107759,10.13226084125936,-0.6862377585813403,-1.0781383140346037,21.44168330479357,-1.4739881200609557,5.585994226840412,user,ohp,medium
1788983107776,9.32032954134643,-2.325667491503805,1.1109097529755905,28.24289881234713,-12.542592269143528,2.9951361350199104,user,ohp,medium
1788983107792,8.611194599041342,-3.1405935893185437,2.511668238553591,18.49612324409056,-13.029473766391424,-3.1245210487976967,user,ohp,medium
1788983107809,8.519467916980386,-3.4495958256043493,2.4494191597863098,6.406631637220512,-5.0919277974724855,-4.615838852886856,user,ohp,medium
1788983107825,8.911368801227212,-2.857329897662252,1.644368157439027,6.162054515873403,0.8173556112056148,4.112800543157293,user,ohp,medium
1788983107842,8.671050809589028,-2.988262800952047,1.3106769586418754,8.987094608011077,-3.4115776779140536,6.599646379862725,user,ohp,medium
1788983107859,8.362497486114501,-3.031807197515666,1.541418180172052,2.529282228905544,-7.7174153752717745,5.841802313617138,user,ohp,medium
1788983107875,8.61837954210937,-3.560027938787639,1.7021290579415858,-19.86082577611037,-8.251707776869669,8.990162216722059,user,ohp,medium
1788983107892,8.795100383105874,-3.287837137548625,0.5979523578143678,-35.49822456951087,4.241471915610225,15.628688594661435,user,ohp,medium
1788983107909,8.858096060723065,-2.974794978222251,-0.4747993860773742,-36.99767307347669,21.83053792707345,24.218226919390045,user,ohp,medium
1788983107925,8.978406447711587,-2.79807311431244,-1.8362028348066843,-19.718003105470817,25.86348288666272,24.54534858440405,user,ohp,medium
1788983107942,9.483582998004556,-3.3198597308836875,-2.078016782357357,-3.030682787338184,20.31727195041669,20.599529517867467,user,ohp,medium
1788983107959,10.11265948421061,-3.4373255420960485,-1.9162589528181588,9.811731521037045,16.16591712382879,20.04782952539615,user,ohp,medium
1788983107976,10.64911029368937,-3.3520316695615646,-1.3350657874291765,20.98603113997827,16.442326341802744,20.67215321176492,user,ohp,medium
1788983107992,10.37273197763264,-3.124134329687804,-0.5743077715231105,31.280579341933407,17.445640149742594,20.151006362998363,user,ohp,medium
1788983108009,9.949105583301186,-2.929903989355266,-0.0038891163930296,32.04251084951042,9.060965665205703,13.724965462590788,user,ohp,medium
1788983108025,8.780884810748695,-2.801664855194092,1.6596320880716666,21.101058355790457,-1.5274016934743362,5.592376611732965,user,ohp,medium
1788983108042,9.9278570435673,-2.676417888586223,1.5828675954841076,-9.53589177008514,6.712524220520472,9.93076464279744,user,ohp,medium
1788983108059,10.70582294551432,-2.6666915904723107,1.1038774431860074,-33.04365265729421,21.53003863189686,19.68234268781418,user,ohp,medium
1788983108075,11.127200684136152,-2.8194709993891416,-0.1547248438961803,-47.24898788553293,35.94967275289203,25.04737431858916,user,ohp,medium
1788983108092,11.246463023376464,-3.0491651595517992,-1.0537472750239074,-39.92442279320549,36.18619195856581,23.36774200922381,user,ohp,medium
1788983108109,11.18496313727498,-3.126228379357606,-1.545306657244265,-24.908460223702143,36.68149337151304,19.992375219524817,user,ohp,medium
1788983108125,11.212046374511718,-2.7341780036374925,-0.1758230153739452,-17.535238571274824,29.93700600011103,19.236377438789248,user,ohp,medium
1788983108142,11.5605529381901,-2.742857130786031,-0.138263976830244,-11.970246322358554,28.92972043716881,18.547226719460596,user,ohp,medium
1788983108159,12.074857382312416,-3.0403366870604454,-0.2066491654660552,-8.797157292476777,37.911887063693726,15.926792200986643,user,ohp,medium
1788983108175,13.047352169147134,-3.690662005261332,0.5240313998233527,-3.301929876403489,35.26662993022866,14.043775641158534,user,ohp,medium
1788983108192,13.09344172014892,-3.910030586242676,2.035072360980883,-10.942627286257212,27.00911393124354,10.564295424167389,user,ohp,medium
1788983108209,12.5079074385494,-3.882347337286174,2.1585237494088707,-20.859771678076,24.716694125017572,3.362055604780288,user,ohp,medium
1788983108225,12.183942610931396,-3.523066866137087,1.8891751858584585,-26.849022834834905,23.03149521147867,0.1736877085294574,user,ohp,medium
1788983108242,12.4751373878479,-3.1118639000490305,0.9715976918645204,-23.10479338655666,21.73136528787216,6.946798855278263,user,ohp,medium
1788983108259,12.080844640028475,-2.9153894340515136,0.9901524624697864,-23.49953904699567,21.891109752180416,12.884512392768013,user,ohp,medium
1788983108275,10.626067271754144,-2.7627596627384423,1.3072352754890917,-32.5482556216986,25.81282337358873,14.50684197631789,user,ohp,medium
1788983108292,9.18729878899455,-2.3778905768245457,1.2014407589785754,-46.07234095193108,35.377046768351086,11.816024919767898,user,ohp,medium
1788983108309,9.088390086475014,-2.110638108770549,0.840515297101438,-44.5399026342741,36.6496612748862,12.797745084646754,user,ohp,medium
1788983108325,8.397363047790527,-1.6795324645996093,0.408811102515459,-31.695646522700496,31.599409157295018,12.56429604900489,user,ohp,medium
1788983108342,7.8062950974613425,-1.5490484741210937,0.7564183792665601,-10.02623446569494,17.04683906448389,13.676898006306825,user,ohp,medium
1788983108359,7.729381369128823,-1.4546274384096265,1.4299373799197377,-8.791738391144019,9.98440041080226,18.77565385851521,user,ohp,medium
1788983108375,7.950545162963866,-1.4541779410764577,2.37759334744364,-21.39115356531382,17.116332824194185,26.984238382286357,user,ohp,medium
1788983108392,8.312071367213129,-1.6009727226257324,2.0129256302982568,-29.22547787351412,27.95567740491705,38.05321733799963,user,ohp,medium
1788983108409,8.78522430125773,-2.003946789550781,1.7280153404787182,-19.263413035071448,22.35730431397964,42.18247308752795,user,ohp,medium
1788983108425,9.92710768650472,-3.363404419708252,1.4226052834659817,-1.2875271573707807,10.114389155991356,42.637688120236376,user,ohp,medium
1788983108442,10.2711257065922,-4.098125054168701,1.3781637919321656,16.415990839910467,-1.210201838725126,39.223884440983134,user,ohp,medium
1788983108459,10.50306282337606,-5.531354022979736,1.7736548096254467,29.38433782832486,-9.272882529489104,25.364450482881367,user,ohp,medium
1788983108475,10.512191301727292,-6.3522653326839205,2.235287401746213,31.28888485196414,-14.356717833455594,11.136787366245873,user,ohp,medium
1788983108492,10.437971050262451,-6.414065955297649,2.493711689569801,26.62212224305979,-14.891400409609824,-3.565544015627893,user,ohp,medium
1788983108509,11.104756212615966,-5.865345154571533,2.24710906470418,16.62604818519233,-7.500292199293532,-10.60447828082822,user,ohp,medium
1788983108525,11.802817387720944,-5.156811100769042,1.974320443702489,8.50384591762798,0.105399423846817,-7.6222332740930625,user,ohp,medium
1788983108542,11.90621580287516,-4.982333654785156,2.0385143911935386,0.0043647143282096,2.473823013835745,-3.028879190510477,user,ohp,medium
1788983108559,11.090541224780678,-4.8650177734375,2.1902463368840515,-9.530100623442616,2.144668086883191,-9.147078128940286,user,ohp,medium
1788983108575,10.069712907409668,-4.891353991699218,2.021903886523843,-14.35483953143384,0.272029252446977,-19.47363601244069,user,ohp,medium
1788983108592,10.063279074969888,-4.709244735662639,1.6039664976142345,-12.138043579698255,0.7963212432437672,-28.41009842813446,user,ohp,medium
1788983108609,10.2533182472229,-4.269010905401409,0.8990236001715064,-2.102496577956828,-0.757065638123618,-36.444144297855104,user,ohp,medium
1788983108625,10.116998390197754,-3.748870302471518,0.8126825566716491,5.329930007969811,-2.866409907610207,-40.58863478432714,user,ohp,medium
1788983108642,10.045022702789304,-3.4581244383662937,1.0627274309456347,9.109532579072726,-4.634140344767904,-42.34867549569646,user,ohp,medium
1788983108659,9.560197451129556,-2.915539363916218,1.3832507398076357,7.786018649069029,-2.543617728756343,-43.10258836118789,user,ohp,medium
1788983108676,9.03990691833496,-2.323871694128216,1.4920378622628747,1.7862146365990443,0.3574995449974456,-38.96511930918262,user,ohp,medium
1788983108692,8.70112913698852,-1.9678847115665676,1.548301162885129,-2.882942380496223,0.6857809814686048,-34.72175158919089,user,ohp,medium
1788983108709,7.743595772442221,-1.3081313475459813,1.6157877221807837,-6.747535770205957,-0.3751473664305834,-28.99671434764288,user,ohp,medium
1788983108725,7.194575988769531,-0.5288189994260668,1.691953847016394,-10.427728353033922,0.0332197722866941,-15.740054829078494,user,ohp,medium
1788983108742,7.10524292384684,-0.1192611701965331,1.5231623377144337,-7.135580161295538,0.2870721571245483,-3.2730168318731785,user,ohp,medium
1788983108759,6.964433938708901,0.2039563461855053,1.1620866537116468,-0.8931228996685663,-1.5760198337601332,9.369737173240823,user,ohp,medium
1788983108775,6.774692872619629,0.2352303131103515,1.0393836724981664,8.921131202328032,-0.4498926611585452,23.09575533873744,user,ohp,medium
1788983108792,6.704362614330649,-0.0481833084106445,1.2372040001466869,12.827801332089397,-2.567307386118886,29.42794175598622,user,ohp,medium
1788983108809,6.661866119384765,-0.6220429343074559,1.980902890832722,14.129437312407896,-8.62696946892757,33.63222713354714,user,ohp,medium
1788983108825,7.0567597557067865,-1.255159928075969,2.181268519049883,14.630681843706684,-11.660124144415065,37.49882454344804,user,ohp,medium
1788983108842,7.478439107623696,-1.6593313880920408,2.13054122524485,13.115772352780889,-14.778338580731312,42.13156768764385,user,ohp,medium
1788983108859,8.408737259241938,-2.02369895324707,2.436101212122291,6.437084035635014,-15.601962064439176,50.37040482679628,user,ohp,medium
1788983108875,8.925882479748129,-2.460042205810547,2.5288766725838183,-9.907617131700269,-9.68845855934936,60.533261858911686,user,ohp,medium
1788983108893,9.088390670996905,-2.726846345575153,2.389115296802669,-22.73717552995365,-4.817305100853313,64.46947938702253,user,ohp,medium
1788983108909,8.93171951533854,-3.27855960611552,2.110638985553384,-30.09072282247675,-3.396391392624765,64.43497327133562,user,ohp,medium
1788983108925,8.934412992206216,-4.033182334136963,1.5182232738770545,-26.647969386426407,-8.962864511930457,58.34134487122788,user,ohp,medium
1788983108942,9.106944564819337,-4.349066731151938,1.286435502436012,-19.785639053726868,-12.6806952790666,55.37530790339316,user,ohp,medium
1788983108959,9.76759633898437,-5.096657660840451,0.9585790742069482,-16.141342103195083,-12.181805455484175,50.83202999204076,user,ohp,medium
1788983108975,9.743355047175289,-5.520879975238442,1.0847245970897377,-16.474853410177637,-7.030255229199357,43.08559826562748,user,ohp,medium
1788983108992,9.982174909210205,-5.651512434276938,1.048810987665504,-16.1703789449041,-2.763771587735368,39.56882265444712,user,ohp,medium
1788983109009,10.547357892176509,-5.71047111146301,0.9109950468637048,-12.773620002724623,1.822821889229374,34.73892951495348,user,ohp,medium
1788983109028,10.583120110431311,-5.980716039331257,0.9407723454900084,-3.273570077195949,-3.211777355774844,26.415544879160045,user,ohp,medium
1788983109043,9.834782454028725,-6.238391993005574,1.4004587719790638,-1.966450095304164,-7.9540737460499,20.2458640301915,user,ohp,medium
1788983109059,9.217527338519693,-7.0470333114624015,2.3032227277226744,-11.202673932300751,-4.908043310203286,17.912336730445812,user,ohp,medium
1788983109075,8.71429783064127,-8.116793417523802,2.566734547943622,-30.6596809954334,15.98321127107824,14.57814744370553,user,ohp,medium
1788983109092,8.900894753485918,-8.21675046005249,1.8757078015200792,-26.269115868638725,20.9449577974044,7.929053055572851,user,ohp,medium
1788983109109,10.643724508997796,-7.780557429614663,0.4944032273441552,-0.3945457973645072,16.827644633639842,-0.5444127675962956,user,ohp,medium
1788983109125,12.964901849475504,-7.688978923852741,0.0918789500132203,39.472848251324685,-6.161304902611994,-25.028622034222888,user,ohp,medium
1788983109142,14.32495978361368,-8.023120569831132,0.6195007024787366,54.56246758083745,-22.40995482719668,-52.14312919945431,user,ohp,medium
1788983109159,17.13440345611572,-8.731653162328898,1.1909664189763367,56.35751642679767,-23.63754643427036,-74.02245516776915,user,ohp,medium
1788983109175,18.890549204796557,-8.626457926885783,1.5824178058899938,44.47691462974824,-18.966082947669747,-89.37792253525174,user,ohp,medium
1788983109192,18.17962270289957,-8.116942470605672,2.55192071743235,20.361818444183516,-19.561450047052247,-101.64142473717207,user,ohp,medium
1788983109209,15.132252902331947,-6.878391732025146,2.98946019404307,-11.149112442603158,-30.992495623120607,-118.44013839703506,user,ohp,medium
1788983109225,14.627674317932128,-4.557212930242717,1.7477681617621332,-43.57164135715475,-40.13650016693439,-108.5502498750992,user,ohp,medium
1788983109242,13.872003249901532,-3.941453898510337,-0.903361848571524,-45.27820851751204,-8.702608691343585,-89.38895329076132,user,ohp,medium
1788983109259,12.16209493626058,-2.48652776941508,-3.171567550383508,-32.37194453355848,7.715312530781057,-68.8566055135701,user,ohp,medium
1788983109275,8.597728383746743,-2.299780332183838,-2.405273966051638,-8.482170312296946,-7.016641808409875,-65.53115716142014,user,ohp,medium
1788983109292,6.906374548450112,-2.742408217974752,-1.4305345420952886,3.137046548518442,-21.862880580340757,-79.67394493233446,user,ohp,medium
1788983109309,7.1022501717716455,-2.1829135097779333,-1.6511001508414744,20.42935706224389,-27.304365933590265,-83.60848906409865,user,ohp,medium
1788983109325,8.711304494044183,-1.0945993637636304,-0.9491505899958312,36.94094152223057,-23.162756079400683,-64.0163168261597,user,ohp,medium
1788983109342,9.279777166205644,-0.6599018325805663,-0.3128906220264733,36.75488716923942,-13.270383076154236,-33.35951817055604,user,ohp,medium
1788983109359,9.05816329051554,-0.9542391453064978,1.4894935115423054,26.538592444605115,-3.6468224129773983,-6.221948017818422,user,ohp,medium
1788983109375,6.58809536525309,-1.9520226871766149,2.509722547845915,8.892023497406377,2.422816441774559,-0.3029289748912618,user,ohp,medium
1788983109392,6.270415901514888,-2.311003006335348,3.0005337420474736,2.2299447062180926,-9.133457877961634,-6.916545813010161,user,ohp,medium
1788983109409,8.990228987452387,-1.676090799713135,1.981502391095832,15.953153316088308,-22.288023997680902,2.599308956814512,user,ohp,medium
1788983109425,9.79423007888794,-1.837998686981201,-0.3357858329888433,66.70314932110263,-32.317839190048225,19.78796473313926,user,ohp,medium
1788983109442,8.828020655933022,-2.073977334240824,0.3257613556459546,91.75755361189502,-42.93621178319554,18.596902685294094,user,ohp,medium
1788983109459,7.527072497889399,-2.189946184893697,2.661155327926762,92.77752625122054,-42.37070285576975,15.695525410784596,user,ohp,medium
1788983109475,7.8263465363651505,-2.2086507392331955,3.6516074674628674,68.84672222984109,-26.475725675937028,22.57221792376138,user,ohp,medium
1788983109492,7.417386380767822,-2.5987559722349047,4.386177989395521,42.23961786521887,-22.444659018369517,24.994734050655868,user,ohp,medium
1788983109509,7.160310731074214,-2.626140238244832,3.6381394620699807,25.56163292157776,-16.4041165560384,30.162876940868763,user,ohp,medium
1788983109525,6.493375931116939,-2.718915552575886,2.9035685748111453,10.0620152654357,-8.54130779767821,30.014074439610862,user,ohp,medium
1788983109542,6.227319687110185,-2.5433907894961534,3.0434804649788885,-3.35408434713206,-10.193713265464591,25.113234417661005,user,ohp,medium
1788983109559,6.642862143707275,-2.5502733886167404,2.6972181365633383,-14.339980454894478,-17.28295187390206,21.572117719826014,user,ohp,medium
1788983109575,6.640767217254639,-2.484582626696676,2.255338840650022,-20.321134422392333,-22.793662901936948,17.879186407309156,user,ohp,medium
1788983109592,6.924182007819414,-2.368014787237346,1.2572561514365486,-22.959901168598595,-22.398710628275545,14.59407544485,user,ohp,medium
1788983109609,7.435643921992182,-2.099714855957031,0.3549411085042171,-24.57588977527776,-18.65671635940319,11.29214258023875,user,ohp,medium
1788983109625,8.076988938140868,-1.895010321752727,0.1485908711858093,-22.922575892331768,-19.92488612033592,10.121003340428867,user,ohp,medium
1788983109642,8.70247470637858,-1.833060353796184,-1.0549440790264637,-5.951676578587371,-20.1696749775473,6.873840055224656,user,ohp,medium
1788983109659,8.79719472503662,-1.7405843146726487,-2.025793304310972,18.84731449573969,-24.4513139550059,8.451664126142731,user,ohp,medium
1788983109675,8.997558307427168,-1.8740609110958872,-2.020256667306088,41.43462884511409,-26.571278314878214,10.804996413160517,user,ohp,medium
1788983109692,8.71444454563558,-2.306962498772889,-0.9677055615304968,51.70932339469929,-25.93025652353605,5.474528954680389,user,ohp,medium
1788983109709,8.844631598994136,-1.9517234119690956,-0.3113948670433834,54.49183317953576,-27.27032256321963,3.855244354839868,user,ohp,medium
1788983109725,8.817695076751708,-1.7880194350644945,-0.0751170541740954,55.30006312440171,-34.684899303524084,-0.8439275550370503,user,ohp,medium
1788983109742,9.502587558203937,-1.2469300059996544,0.0652430546851828,56.88728638939137,-40.02157881905434,10.001155718609946,user,ohp,medium
1788983109759,10.130915271869302,-0.9653115973323584,-0.0974133128626272,53.42173036679694,-33.9104787950497,30.039595441444614,user,ohp,medium
1788983109775,9.696068395343422,-1.224035306493938,0.4825817105166614,32.963128142074346,-19.38641620428692,47.729717089885945,user,ohp,medium
1788983109792,7.946954444995522,-2.100163184246421,1.0616794197300448,-3.1946086080789597,-2.8113769390332988,54.8156900141265,user,ohp,medium
1788983109809,6.512828235083818,-3.0544030602052805,0.9276038710329682,-25.16071447767635,1.749788917590249,49.901375736491495,user,ohp,medium
1788983109825,5.666178088489175,-3.61973363494873,0.5319625946814194,-40.11999159971047,-0.1753908802320236,30.15568475167274,user,ohp,medium
1788983109842,5.051166367992758,-3.259854613384604,-0.3232163108056411,-48.75144167273357,-0.5645585706358069,1.906399499008235,user,ohp,medium
1788983109859,6.405238797980546,-2.2583310082033274,-2.309356262041628,-37.586350002567166,-1.1865352332510315,-12.063125796013326,user,ohp,medium
1788983109875,7.182455927386879,-1.8273741248533129,-3.1166513535212723,-11.604295031913026,-0.2385219452044812,-17.992721226787694,user,ohp,medium
1788983109892,8.12771667033732,-1.6430205970212817,-3.515435604073666,21.59418435348704,-2.4419661577731597,-23.872525432286317,user,ohp,medium
1788983109909,8.157344331359862,-1.6455644362851976,-1.7672192236199975,30.4740023028466,-3.25935602664633,-28.835183788866665,user,ohp,medium
1788983109925,8.06367119140625,-1.7790411788389089,-0.8183671051140874,21.935285708184765,-3.3599689819888487,-37.885508873119136,user,ohp,medium
1788983109942,8.299502393019198,-1.3444941620424389,0.5753574267065152,0.3776891572971802,-8.122927121390017,-46.81452296752301,user,ohp,medium
1788983109958,10.200049013850093,-0.8382701485231518,-0.6148604754574597,-5.686817210499909,-3.958528767921508,-38.48548976528598,user,ohp,medium
1788983109975,10.915914141193031,-0.660200815527141,-1.142781649260968,-6.470935733822066,0.9199042848475978,-20.93673937228558,user,ohp,medium
1788983109992,11.112089039722084,-1.0004767264768482,-1.0890620052395388,-11.942402202433351,7.617565693569005,-4.259293586702081,user,ohp,medium
1788983110008,10.090063621520995,-1.5497963698789476,-0.874631063323468,-13.146382699319949,9.591533052385005,-3.504375402742197,user,ohp,medium
1788983110025,9.809942611804605,-1.679382973126322,-1.19335894013606,-3.713284849356677,11.29616726920718,-5.199130604703598,user,ohp,medium
1788983110042,9.681103465923666,-2.069188200268149,-1.793106894396618,19.04894680268034,11.917157823260984,-3.515565173593382,user,ohp,medium
1788983110058,9.579500117492676,-2.425176059612632,-0.8234550393702462,28.087254169088176,6.73321414417691,-1.1760080974710438,user,ohp,medium
1788983110075,9.413402961841223,-2.6455925422117117,-0.0115216205654665,22.156590667482348,-0.6695874567201509,-1.7422006841440705,user,ohp,medium
1788983110092,8.872463024249672,-2.9704557799741624,0.8194161757756024,6.859643507034785,1.0576868094882088,-6.129981228191492,user,ohp,medium
1788983110108,8.955361672210692,-2.7102358409054577,0.2790749712621793,-6.876018031796244,8.609602859189167,-12.974057880334172,user,ohp,medium
1788983110125,9.42298035300374,-2.439691637829691,-0.1222530089562758,-4.881648471042595,6.070661889023578,-11.775480063081057,user,ohp,medium
1788983110142,10.351330877685546,-2.0217536643981933,-0.8834594262169674,1.0444027318827689,7.397420158883031,-4.913945447419824,user,ohp,medium
1788983110158,9.975890714374184,-2.1805187235958874,-0.7838009099771268,4.635636156196137,12.070837933359917,-0.3210546160816096,user,ohp,medium
1788983110175,9.5440365899235,-2.2358852215088905,-0.4758468858363106,6.184143774536048,11.363547085369357,-1.743539934829922,user,ohp,medium
1788983110192,9.363124726977944,-2.3527521900452677,-0.2274480800026096,9.874625610461813,9.563251800352916,-2.55866719681882,user,ohp,medium
1788983110208,8.994417671313881,-2.501192108453065,0.2561806553489528,9.991529420748458,5.486527462617985,-8.484370486983337,user,ohp,medium
1788983110225,8.762927713775634,-2.3383868339538574,0.4794394121692515,4.31768487391652,2.923400365714558,-15.26898692730647,user,ohp,medium
1788983110242,9.589976503321529,-1.7984946518495677,0.5844852292043157,0.8588903117135797,0.776135793090558,-16.203942494485542,user,ohp,medium
1788983110258,10.627561894226073,-1.4474441027767957,0.0501293096455745,2.3809411923034456,0.0563368410172932,-5.258151123095324,user,ohp,medium
1788983110275,10.761787409320473,-1.4866495933532713,0.217574062247388,-3.132105120097349,0.7653822472117547,5.976559384620551,user,ohp,medium
1788983110292,9.981725996398923,-2.0473416946411134,0.5102649412068538,-18.52730988784084,9.237149541072537,10.336874884241706,user,ohp,medium
1788983110308,9.366866251593828,-2.060210820825398,0.0782613252828828,-32.98710552115568,14.601107124600528,7.29766866114958,user,ohp,medium
1788983110325,9.59611164507568,-1.9867386112488803,-0.5605416690996382,-26.306876569465143,11.24730324211126,7.48172262248756,user,ohp,medium
1788983110342,10.043376689147948,-2.0201075046263632,-1.817647452280065,-7.601426810333911,6.626437369995277,9.625854752964315,user,ohp,medium
1788983110358,9.219773071619867,-2.2586301372803748,-1.6901560860125813,12.502944728558896,4.9974107859642025,6.58780923514427,user,ohp,medium
1788983110375,8.940098636627196,-2.4651297382079065,-1.1831837657434865,15.45751893141904,9.111089008429843,1.213557062433189,user,ohp,medium
1788983110392,9.268404708319904,-2.5802012016296385,-0.3863638316834112,15.253362869580066,9.156724917369283,-1.994357181035778,user,ohp,medium
1788983110408,9.399936746546626,-2.3325509674072262,-0.0882851727235203,16.844767917889065,9.960217272272182,-2.072678533361491,user,ohp,medium
1788983110425,9.26945158702433,-2.24067347869873,0.1092360900654457,16.969654511768162,9.927260755753224,-2.311353944378886,user,ohp,medium
1788983110442,9.208398860168456,-2.0389619888305663,0.8318368184068705,10.266331836720166,9.406264171148406,-3.859418881083215,user,ohp,medium
1788983110458,9.214085673633218,-1.6026188823975622,1.094749732019752,-4.142863193902282,13.461760707829765,-5.162275330829032,user,ohp,medium
1788983110475,9.421782667651772,-1.3798084903992711,0.8821143865498714,-8.901072644282998,16.690979378537058,-0.4569685236952669,user,ohp,medium
1788983110492,8.879346354022621,-0.9344869816102088,0.4789908098852262,-8.610442972457077,24.29476089658733,6.665685344513463,user,ohp,medium
1788983110508,7.884556733271479,-0.9582795067384838,0.8240553616172633,-10.97440132627611,32.159692990005745,12.664935471330445,user,ohp,medium
1788983110525,7.464372003826498,-1.372625447027385,1.306635848291218,-21.907495375999275,39.774503556018296,2.432141144095507,user,ohp,medium
1788983110542,8.040328309741616,-1.658732837677002,1.2084745666055008,-23.745919338283663,41.13963297486124,-8.919467197491489,user,ohp,medium
1788983110558,8.576029762157797,-1.420808901568502,0.5437840384436771,-5.580118129720085,32.58703743580593,-18.889101593081826,user,ohp,medium
1788983110575,9.292495193481445,-0.9504974745601416,-0.375439724919945,35.55843268704453,21.35042002465116,-21.789203329763826,user,ohp,medium
1788983110592,9.555109188079834,-1.626710390472412,-0.4230248482417315,61.35169610639763,22.029709658365608,-19.802755507786923,user,ohp,medium
1788983110608,9.07821472941935,-2.0777181282043458,0.3161843298096209,69.61431254914547,27.5537207722618,-19.42843211296625,user,ohp,medium
1788983110625,7.294683545684814,-2.5677808421261608,3.0340524191591887,38.69994062975146,24.069902531374048,-39.07904344944384,user,ohp,medium
1788983110642,7.068281851196288,-1.6068085891723631,5.426757484082132,-5.198004050377368,11.87058447085796,-59.47553193385434,user,ohp,medium
1788983110658,8.596233176752925,-1.07888712310791,4.845565688666328,-36.41696697514762,7.963402930682491,-57.38147789659848,user,ohp,medium
1788983110675,11.30003503908813,-0.3324947555541992,1.6820769614506512,-41.47663450850967,18.9698976083212,-21.191703503812988,user,ohp,medium
1788983110692,10.429742735621332,-0.9983822384156286,0.3758908296883106,-34.52115917855137,27.917781807854524,4.783651905039014,user,ohp,medium
1788983110708,8.621969675555825,-1.6713023963928222,1.3008010046578944,-37.37331640235447,22.868439812970248,3.946301448646716,user,ohp,medium
1788983110725,5.440973494830727,-2.354547256768494,2.8395236073367296,-51.30449466749805,18.09377046046345,-22.575409329651063,user,ohp,medium
1788983110742,5.580734432220459,-2.230647613116353,2.914940959631652,-57.73478992198489,9.240309357337312,-42.29871266191782,user,ohp,medium
1788983110758,6.23106004268229,-1.5249565276548265,2.4150023830574003,-51.14003395756789,1.488371964844473,-49.07574929980953,user,ohp,medium
1788983110775,7.256825816455483,-0.959925081988424,0.2298442361578345,-17.117470050690994,-2.2131334762365755,-50.30499552020965,user,ohp,medium
1788983110792,7.236325464740395,-0.3366844623290002,-0.2178707436390221,11.111902425778576,-7.211415324763366,-49.88921799976888,user,ohp,medium
1788983110808,7.867797321650386,-0.6446387969970703,0.1038492276616394,27.47767344604288,-11.964415048354656,-48.10410366395644,user,ohp,medium
1788983110825,8.277803186908363,0.0276829566955566,1.095049080292508,17.73503184978145,0.2072670929439954,-47.20345442943105,user,ohp,medium
1788983110842,9.599401918792724,0.6272813464175909,1.7191869410526006,-1.0448345279043605,11.219951749579948,-38.70411729042892,user,ohp,medium
1788983110858,10.1699706864506,0.7990651694033294,2.019210701917112,-24.487553231194696,22.64556561771085,-21.011459934258227,user,ohp,medium
1788983110875,10.535085270580648,-0.1442503577634692,1.7964003099188208,-55.41216701924913,41.15169850403007,1.0457675957780077,user,ohp,medium
1788983110892,9.030182227656244,-0.9247600989744068,1.259501026020199,-69.23840625798464,54.29196818404285,6.199000289754472,user,ohp,medium
1788983110908,8.90553351920247,-1.4191628879271447,0.6799547327890991,-67.98539439436746,52.675856633958624,5.975595474173932,user,ohp,medium
1788983110925,9.46113618839681,-1.471535830047354,-0.3766371180109679,-46.63425036966428,38.05711396092112,3.042607230411968,user,ohp,medium
1788983110942,10.506505657306311,-1.053598441137746,-0.7013499875172973,-25.563302902829825,25.267489117423867,2.0433121350250216,user,ohp,medium
1788983110958,10.951228031158449,-0.7217016514766961,-0.954986748803407,-1.8848660469893004,18.015581869939727,7.328681135076023,user,ohp,medium
1788983110975,10.36734385485351,-0.9234135797362774,-1.027112073815614,20.68063289161949,18.59929154395631,9.55514521958176,user,ohp,medium
1788983110992,9.572017652782796,-1.155351427172497,0.5796969537481665,21.077048533310567,17.428607365499875,5.662543998850153,user,ohp,medium
1788983111008,9.55106897277832,-1.5234602977477014,1.2496243596501648,16.799645980684666,14.234797249223574,-1.0342522170024837,user,ohp,medium
1788983111025,9.357138053783771,-1.5737381672848014,1.848175066950172,9.877210837062664,9.937670817821967,-12.371154520976209,user,ohp,medium
1788983111041,10.206631899371745,-0.724245783001557,1.9894331110298635,7.689671146863183,11.896879845388863,-13.331327146570969,user,ohp,medium
1788983111058,10.988788823267816,-0.1752253417417407,1.7938560322634876,11.82521493929615,10.539778460141628,-3.802686902950266,user,ohp,medium
1788983111075,12.032360302844642,0.0641949704043567,1.9707284105598928,18.0851029504067,8.326827051135115,9.828310097699957,user,ohp,medium
1788983111091,11.341335017725823,-0.2087443111144006,2.656218857905269,23.149782135072243,5.802848037233263,23.56825758023517,user,ohp,medium
1788983111108,10.715548805236816,-0.4929062667846679,3.359514864923805,17.38083189980293,2.886210839457485,24.99424398458292,user,ohp,medium
1788983111125,10.34803826588094,-1.178844823223725,3.8881845190070567,4.597224026077631,7.791285578692755,23.474917922585067,user,ohp,medium
1788983111141,11.255890192413329,-1.2478277585569768,3.896115165875852,-7.8954826758022385,8.861735023531956,27.5858807179688,user,ohp,medium
1788983111158,11.594819949451088,-1.2985550523620095,3.731514094001055,-9.79289812817438,1.2904309482633882,32.0352503584227,user,ohp,medium
1788983111175,11.298237634277344,-1.147570856298879,3.1233865800604224,-9.432991555144312,-2.616022643156944,37.85867647496474,user,ohp,medium
1788983111191,10.837951780590414,-1.309777799578756,2.914791322027892,-9.53108331690945,-9.974179032709332,44.08726258288277,user,ohp,medium
1788983111208,10.482114727893473,-1.313967798614502,2.85673237016052,-11.843399464187662,-15.25496967158231,47.56304339866471,user,ohp,medium
1788983111225,9.932196534076333,-1.4425065002441406,2.902671114514768,-16.213298146101167,-22.108062173429406,51.87782416152351,user,ohp,medium
1788983111241,9.73572352938354,-1.8784009861268105,3.07849515280202,-34.57753214486607,-27.233383192640908,53.877525965584816,user,ohp,medium
1788983111258,9.66599299055338,-2.235884929247945,2.5377060218580065,-54.00760350323313,-17.669188826182527,55.18619704074843,user,ohp,medium
1788983111275,9.870995923182369,-2.162562941797077,1.0040690518803894,-69.84425086755394,0.9572002126453352,60.475150609453216,user,ohp,medium
1788983111291,9.781659935650229,-2.008884830474853,-0.1074387765862047,-70.12947956729367,18.15127211553849,64.40983134500081,user,ohp,medium
1788983111308,9.814431739917396,-2.1818659004211423,-0.6260831496089696,-50.06445333311472,11.043318788775183,64.84255114967779,user,ohp,medium
1788983111325,9.560945639148354,-2.596511700439453,0.0043402211613953,-36.003033605782754,1.2210821166295447,64.15230589253464,user,ohp,medium
1788983111341,8.985888327899575,-2.9273601500913498,1.2099702485233546,-30.07353465143041,-7.586856309286981,57.357401479774175,user,ohp,medium
1788983111358,8.977807897296547,-3.117400199127197,1.1727106313176452,-25.997318735901825,-2.381136706468437,53.12182700562544,user,ohp,medium
1788983111375,9.097067898449302,-3.6070144386291503,0.3926499490484595,-12.63003747353991,3.346009355985812,50.049365445238166,user,ohp,medium
1788983111392,9.170691937586664,-3.990685254669189,1.0143947771921753,8.380088012509228,4.11546858580183,44.526658897473446,user,ohp,medium
1788983111408,9.030778439983726,-4.038270012664794,1.923741764587909,16.252672479119,-6.161855159727003,37.27248573473215,user,ohp,medium
1788983111425,9.125799487414955,-4.046799648340047,3.07984262188822,17.336632038136486,-14.484080370908822,30.766880814456748,user,ohp,medium
1788983111441,9.344420611029864,-4.185962035314739,2.859426431550085,12.697623902924477,-11.026758141358842,27.834094915048944,user,ohp,medium
1788983111458,9.68454571533203,-3.98709365991801,2.904466765759885,3.74311057791483,-5.786280132740927,33.87491058494686,user,ohp,medium
1788983111475,10.001329107013344,-3.6734532424375415,2.622250537329912,-4.901537981905673,-3.709778827878345,41.87404565027227,user,ohp,medium
1788983111491,9.515904720416664,-3.428945397894084,1.8556573855295777,-10.494484060660689,-1.5353341044216595,49.021258050611166,user,ohp,medium
1788983111508,9.510218491473792,-3.4769793609619137,1.3440459798835218,-7.300313651905667,1.8240310461558775,51.87787197284769,user,ohp,medium
1788983111524,8.56196324288249,-4.358643537792563,0.6389534448370338,-3.280534095385012,11.367327595074958,45.881133221211165,user,ohp,medium
1788983111541,8.300248827472329,-4.541650911712647,1.1616377409003675,-6.0366834054500575,9.55998526238236,40.14817637532053,user,ohp,medium
1788983111558,9.175328949737548,-4.5039422355651855,1.842787820953876,1.5390362803952182,-17.638642512666937,42.701676747475645,user,ohp,medium
1788983111574,8.789563207244873,-4.76610702509135,1.6217729340702294,17.82736746962356,-45.14808658363413,36.937512767267215,user,ohp,medium
1788983111591,8.576032100245357,-5.077653392902016,1.102531618067622,38.8918723605234,-62.76747137793622,28.733530083449367,user,ohp,medium
1788983111608,9.07746654140055,-5.537190181787312,1.307833533643186,51.693890582269646,-65.45655783530526,23.204363884277107,user,ohp,medium
1788983111625,10.186430822864176,-5.904999411828816,1.775600244604796,44.91713398213391,-36.20965365836481,31.665412690339437,user,ohp,medium
1788983111641,10.574289738243818,-6.5219543753474944,1.848623541370034,31.707206617870742,-12.356839298249508,40.77480183543959,user,ohp,medium
1788983111658,11.18660798187256,-7.405863993017375,3.111414841107279,0.7356191109340424,2.2895114263000087,48.49401525801037,user,ohp,medium
1788983111674,9.506926464191078,-8.316857724706828,3.815909848652035,-24.626767854405188,10.948068385704772,35.28706244113075,user,ohp,medium
1788983111691,9.71671780014038,-8.67015239944458,3.503615146692097,-36.758722320458375,0.8257307037885198,17.47700096331671,user,ohp,medium
1788983111708,11.177032344275712,-9.709086282348633,1.7551001120854168,-27.75414584326665,-15.15223679627615,-15.830138194041792,user,ohp,medium
1788983111724,12.90250296870768,-11.353454202325642,0.0541696893438696,-6.758107622380668,-33.68865132628061,-43.58439332033517,user,ohp,medium
1788983111741,13.435662919947504,-11.69806960378438,0.500687860571593,4.829554191356085,-47.597675872851255,-71.76148496757652,user,ohp,medium
1788983111758,14.424914195793866,-11.86685965178162,0.9467573381837456,10.289020871369305,-48.2993787723271,-105.25025763798588,user,ohp,medium
1788983111774,16.42167896488607,-10.644021738378704,0.9925467371951788,12.432652690489356,-50.107712336223,-111.81623460033502,user,ohp,medium
1788983111791,16.711977085223793,-9.859173091180622,0.8267484183598309,12.00320369265116,-51.75849392653421,-107.9947642502804,user,ohp,medium
1788983111808,15.888072438922524,-9.099163409423827,1.4478946960885075,-8.637178894189447,-50.97810383272523,-99.90560046150505,user,ohp,medium
1788983111824,13.928867292895912,-7.836222033691405,1.9756663418861105,-27.10586185328948,-51.40849454289525,-92.25044738315982,user,ohp,medium
1788983111841,13.097331128802894,-7.138461887359619,1.505056278991047,-34.90006733785241,-51.78627230588865,-80.55419239180904,user,ohp,medium
1788983111858,12.374430695995688,-5.903053538458049,-0.9501985418459168,-20.24442456782392,-47.26374450923475,-56.10881899383375,user,ohp,medium
1788983111874,10.494235373798013,-5.201403398950398,-2.701556142934761,3.230760372469013,-45.51689630824731,-49.01175042728651,user,ohp,medium
1788983111891,8.189368532130121,-5.309441456604004,-2.9272095443732105,20.358799500570367,-45.94738605616029,-65.52381470806237,user,ohp,medium
1788983111908,6.700920949444174,-3.731661978039145,-0.5611398085227236,24.065753191453265,-72.1602928830244,-71.62242914626422,user,ohp,medium
1788983111924,5.979668283843994,-2.8927940097533167,-0.6818979392787441,26.537786482283053,-81.36749033703913,-79.66464904487408,user,ohp,medium
1788983111942,6.078429686847329,-2.100163622637838,-1.0459661196283996,25.08386801932453,-71.90505554393019,-73.90210723459353,user,ohp,medium
1788983111959,7.7421017344921825,-1.1109095703125,-1.999456930785626,27.058656708388227,-46.17578416691093,-45.80535227236987,user,ohp,medium
1788983111975,7.343467158076167,-0.6745661716185509,-1.7519562611017374,23.2053218183082,-29.91578118726521,-37.31796796441527,user,ohp,medium
1788983111992,7.211485622516274,-0.6154593181334436,-0.899620616216585,11.336166564534066,-28.42763493882847,-32.39716500706875,user,ohp,medium
1788983112009,7.69272074072957,-0.079756842803955,-0.7435483762994408,9.383073117595274,-26.87715809157348,-24.459182332929757,user,ohp,medium
1788983112026,8.16452752086222,0.3820252407900988,-2.739564372850954,26.45392200455905,-21.33684160858117,-13.894810069134204,user,ohp,medium
1788983112042,8.190265188708901,0.6331167015075683,-3.106924909276888,40.93878443212784,-11.1445814658625,-1.3841897020520937,user,ohp,medium
1788983112059,8.011597305297851,0.5138556774415075,-1.7586897340752183,40.97499468001266,-12.727400966384794,12.12556140899006,user,ohp,medium
1788983112075,7.265953125762939,0.0258875977113842,-0.785297121617943,27.10596601367432,-6.448643703918437,15.469867913438422,user,ohp,medium
1788983112092,7.554454425811767,-0.1328776076167822,-0.950646673772484,14.604973011670756,4.020817958717909,23.02493481478087,user,ohp,medium
1788983112109,8.624663152423501,-0.0396539649963378,-3.047817836596072,26.277698001330847,19.106549203045645,42.22508663775967,user,ohp,medium
1788983112125,7.258472999140619,-0.954688058117777,-3.822790840337425,39.767768989496666,27.07152307723724,46.99789305617034,user,ohp,medium
1788983112142,6.780528739166259,-1.280898034314066,-2.9643204190243035,41.3096705342487,27.67506932815083,48.368879362226565,user,ohp,medium
1788983112159,6.497115117645263,-2.0970210868284105,-1.4582176449213176,24.97795398341244,27.88822587176859,42.76179948764468,user,ohp,medium
1788983112175,6.700322983551025,-2.2948419989988205,-1.059732779174298,4.012618316619308,36.22398681033808,40.327738633505575,user,ohp,medium
1788983112192,6.789657217517495,-2.3714567443847656,-1.5990267031244934,-11.909223704766369,50.62809078870793,36.988448903002585,user,ohp,medium
1788983112209,6.525546846881508,-1.9859902770996087,-2.4337052568964657,-12.59802181557912,55.65019911182407,43.12389172120915,user,ohp,medium
1788983112225,6.242431331524252,-1.2716203567504882,-1.981051615121029,1.8149114629534413,42.86577545737978,59.91307385208536,user,ohp,medium
1788983112242,4.260633245417475,-1.6223711922243236,-2.330006452289876,29.306364388759995,54.89565103873984,55.35890861919596,user,ohp,medium
1788983112259,0.652121846228838,-2.43250888671875,-1.8267749511004772,64.79249952343994,72.41240199547873,18.25380179271685,user,ohp,medium
1788983112276,-0.3187280960083007,-1.694196365246177,2.803013054932654,58.36615894848253,57.4045434454256,-30.175427413468665,user,ohp,medium
1788983112292,-0.141257313427329,-0.5841849128171801,4.42313913511131,38.06187118767804,40.692334131400855,-69.05645684868468,user,ohp,medium
1788983112309,1.9874860686153173,1.5717936821535228,4.418799060080387,17.658660089576955,33.32072611116495,-99.3432504965704,user,ohp,medium
1788983112325,3.638138475689292,4.06490594452545,4.93190625724215,-5.645356681577463,21.066699089170704,-120.35230449669348,user,ohp,medium
1788983112342,5.238512063378096,5.342661004638671,5.207538650302403,-32.1058813446298,12.598971211873751,-121.7688447494191,user,ohp,medium
1788983112359,7.478886851391196,6.181081375287473,2.128744989477843,-38.85036871603182,29.764721308486628,-99.10512278134706,user,ohp,medium
1788983112375,8.16572579073608,5.294178274890035,0.0746700410589575,-29.018932953012936,47.62978800723408,-75.75795842454521,user,ohp,medium
1788983112392,7.769933744269609,4.8241668537415565,0.6079786069892347,-30.326138952599575,37.65768449825877,-68.66866602836802,user,ohp,medium
1788983112409,8.798392410388589,4.134337281213328,2.586337074036151,-40.70971354774395,12.68077041114747,-57.35227883789667,user,ohp,medium
1788983112425,9.977088399726153,2.993351064001769,1.3139689676582813,-42.92859953736557,-2.0759760206267264,-33.53798759847388,user,ohp,medium
1788983112442,10.1008375289917,2.145803530175984,0.6673849548775702,-36.25055966130402,0.1164373163704618,-15.210670772172902,user,ohp,medium
1788983112459,9.021203971430658,0.4553470821104943,0.5180466993905604,-32.17396467027649,1.6339904240103815,-2.522781382919573,user,ohp,medium
1788983112476,7.428009481590986,-0.8686462167602031,1.2844899943914263,-36.7132537511536,-0.7217432614700442,-3.654351415876868,user,ohp,medium
1788983112492,6.7072057288020845,-1.4359223726134749,1.4912894550483673,-44.98786742117856,-0.5011296987433662,-17.61007524646336,user,ohp,medium
1788983112509,6.761675570136308,-1.393574930749461,2.144308177051693,-57.18095037275607,-2.7912927677788764,-31.16521744685189,user,ohp,medium
1788983112525,9.104401310077307,-1.1492165776792913,1.1201879054632038,-58.36021668390462,-5.134377423164114,-34.000312858108295,user,ohp,medium
1788983112542,10.1000893409729,-0.8957304769102483,0.6043871583685279,-45.95753571726693,-5.027046976772888,-24.137461640001938,user,ohp,medium
1788983112559,11.795483391571045,-0.7923308927122503,0.1373687084909528,-30.564539875389706,-0.406851450371343,-8.212142198555076,user,ohp,medium
1788983112575,11.442937197113036,-1.4793169854428618,0.7709342497445643,-21.67850474633813,10.750951687579144,-0.1540653887970174,user,ohp,medium
1788983112592,11.52284426204264,-1.9753657880369573,1.323545628168434,-24.07017232384626,15.361979952856194,0.5418965899390864,user,ohp,medium
1788983112609,11.141568816706538,-2.4621370591979472,1.839794922748208,-27.97197252872941,16.85903618306522,-3.5511634792172537,user,ohp,medium
1788983112625,12.363507735443116,-1.9219449442990124,1.6608290793038905,-26.466904486623957,10.982547180634995,-3.5926974326732783,user,ohp,medium
1788983112642,12.847735021209717,-1.6792330432616174,0.8916916498482227,-10.160081413991447,6.336825396355689,2.8198395434149446,user,ohp,medium
1788983112659,13.36787533187866,-1.5177738496091215,-0.1647502710871398,12.68641470872284,5.539109247056506,11.603077550693472,user,ohp,medium
1788983112675,13.153892973980309,-1.5996257649961858,-0.0261852654837071,28.49808663256986,6.018702932459998,27.299577970982085,user,ohp,medium
1788983112692,12.4163303940922,-2.0899880463864653,1.8887268575690688,14.507205683891192,5.933713181070237,33.73170883880837,user,ohp,medium
1788983112709,10.68038513739705,-2.5605983832761643,3.298462503394112,-0.3197975411092099,9.073896067078184,28.93479868281672,user,ohp,medium
1788983112725,10.45173829433024,-2.9056628436766565,2.7600662589360025,1.1801868925826222,10.461269704500562,26.315870221054755,user,ohp,medium
1788983112742,10.702532087275385,-2.8413188201904296,1.1341044948738068,19.806783611849937,12.296908657150876,25.998710386945213,user,ohp,medium
1788983112758,9.932943553051352,-2.7554266164366155,0.3393788890447467,30.23440951204631,20.571384015845137,20.415259551796986,user,ohp,medium
1788983112775,9.319580184283852,-2.7465977786190807,0.573562104254961,24.128442375202933,33.55637446771956,10.857185888608582,user,ohp,medium
1788983112792,9.293092574852704,-2.204161391924694,2.5064307397589087,-2.0675691249754986,24.70579485064953,19.559426603510637,user,ohp,medium
1788983112809,11.045350668445227,-1.6865652127806097,3.039439884351194,-15.931853371161624,20.134086276876943,20.85010354530585,user,ohp,medium
1788983112825,10.433482506671549,-1.9205983519956469,2.4489696076542136,-26.616000686016164,15.306209750735746,12.60256816024541,user,ohp,medium
1788983112842,10.592248588782548,-1.5179239986695348,1.9491808878794312,-26.996782024697083,5.972077499864553,11.358677160491135,user,ohp,medium
1788983112858,11.24242397711873,-0.8828618621826171,0.5660799318060279,-17.219622359917704,0.3120738511379685,13.40282129793443,user,ohp,medium
1788983112875,11.339687835040689,-0.827196235192567,0.098911478998512,-6.422725697339178,-1.4448114729173651,16.209020740133447,user,ohp,medium
1788983112892,11.599010386878252,-0.6706760323122143,-0.0016457213804125,-2.3522443659490486,-5.354934903634405,22.605149680844598,user,ohp,medium
1788983112908,11.012729086303713,-0.9889546309873462,1.0983410345099869,-12.869118000152447,-7.293558594816525,20.805835381747706,user,ohp,medium
1788983112924,10.6166389336735,-1.279999624169618,1.0711068444952367,-19.666300281001117,-1.4113469610788876,16.314943313782006,user,ohp,medium
1788983112941,10.16518052956462,-1.435622732079774,0.0332201325565576,-16.106226393124757,4.05035383112316,16.085633372777167,user,ohp,medium
1788983112959,10.770616612464188,-1.4879960395261644,-1.1861764082208277,7.287524976458465,8.544751920567188,23.760320792148637,user,ohp,medium
1788983112975,10.728868305537103,-1.496226253863424,-1.1553516463682054,19.75390599484299,11.900576685277132,27.575363934194275,user,ohp,medium
1788983112992,9.858724470630287,-1.7715594447813927,0.5116116979070008,11.752175457632973,21.334664485783232,32.014486583345864,user,ohp,medium
1788983113009,10.070012182617187,-2.120215207672119,2.246660005762428,-1.9351618524899816,25.651333795947536,37.66518063087287,user,ohp,medium
1788983113024,10.006715476226804,-2.198176399230957,2.5549134695075453,-13.796927481912396,30.65358505159916,39.32056918377925,user,ohp,medium
1788983113042,9.274688903155925,-2.373551670837402,2.5507231782108546,-20.122459587362293,33.90572156829279,36.33721427130397,user,ohp,medium
1788983113059,8.582165488433837,-2.5655364242002365,2.406173691370338,-22.22919728590688,34.513594744045584,27.66143968566207,user,ohp,medium
1788983113076,8.481159521374106,-2.79373376993388,2.3101059113651514,-23.996196252493142,33.98039261139395,17.633226172655117,user,ohp,medium
1788983113092,9.67915817707479,-2.683002089282125,2.4594443860478696,-28.28454930590587,15.092880744841446,22.40517540232496,user,ohp,medium
1788983113109,9.923219446894526,-2.631377408245951,2.131887963678688,-31.450186599403164,8.62180840723598,24.453137615514294,user,ohp,medium
1788983113125,9.30761034502685,-2.7289412720277904,1.646913074415177,-31.36900980111756,9.57874864580603,19.88058209828463,user,ohp,medium
1788983113142,9.037512716674804,-2.484882048034668,1.0383359170109032,-22.45519287761697,3.5704662341419446,12.678737576095743,user,ohp,medium
1788983113158,8.914809881591797,-2.3377876990169284,0.5695211583010852,-7.828035411522009,-4.826048596764576,9.494557172775515,user,ohp,medium
1788983113175,9.335442939326166,-2.1467010635375976,0.3389299031682312,6.996140141842435,-12.540855693547051,12.524815848054924,user,ohp,medium
1788983113192,9.44183527559936,-2.1031571053653955,0.524780099298805,16.484316637272688,-11.052782015870235,16.402654895556015,user,ohp,medium
1788983113209,9.03975786525309,-2.0834043571472165,0.8294421144232154,16.665439593683086,-2.076080821341804,18.28837791784274,user,ohp,medium
1788983113225,8.81709652633667,-2.123057737621665,1.020679264289141,16.098941996374936,4.510558743907102,19.81308104626469,user,ohp,medium
1788983113242,9.121908909717202,-1.958157390539348,1.7190378149054943,15.136984983859511,3.485673277577644,26.81618840794736,user,ohp,medium
1788983113259,9.169942580524086,-2.0239982284545897,1.7408840282715856,18.92332084082359,2.9436017174019296,31.982828656542853,user,ohp,medium
1788983113275,8.981249562183022,-2.1136311531066894,1.7537535928472876,26.287975728484422,4.963025052361419,35.80587678029575,user,ohp,medium
1788983113292,8.923189587402343,-2.314295179748535,2.2004224245920776,34.86863139219743,5.738570407614742,39.690574191497184,user,ohp,medium
1788983113309,8.143876947021484,-2.9224224014282223,3.258958687458187,37.42003831137194,-2.765126099625146,34.29626836993953,user,ohp,medium
1788983113325,8.124725087305903,-3.35816710357666,3.8569099675603207,33.73661291463244,-12.597355872135044,28.5816693649906,user,ohp,medium
1788983113342,9.134028971099854,-3.834612941686809,3.959860931207984,24.01193813098273,-13.79397257132272,31.78184009493147,user,ohp,medium
1788983113359,9.865306771630047,-4.007145098821819,3.37522681331858,16.31837036119806,-8.91536225380031,37.303955831332985,user,ohp,medium
1788983113375,9.930849795642494,-4.1289504005432125,3.347992038781941,5.384401193487486,-7.154059238095008,41.18946945014024,user,ohp,medium
1788983113392,9.571420271411538,-4.260181994518637,3.511097173010558,-12.567774322839718,-9.235137196588322,40.82204966902315,user,ohp,medium
1788983113409,9.313294820404051,-4.482394420623779,2.962824700573832,-21.49131999703935,-11.857572960489083,39.7543681583451,user,ohp,medium
1788983113425,9.302223391291498,-4.493019567273557,2.6862957240000367,-27.738251993068037,-16.761717940223587,37.946997651122174,user,ohp,medium
1788983113442,9.029733314844965,-4.46563530126363,2.2364852332286533,-32.53515190377593,-20.99468669720397,35.34125657710022,user,ohp,medium
1788983113459,9.207201174816488,-4.229955490820109,1.4407123103037476,-36.279140587885934,-23.771846736373032,35.47867656810629,user,ohp,medium
1788983113475,9.185653359875085,-4.186261602783203,1.0763438683658837,-33.990368102676754,-24.22583575012544,34.11982750820518,user,ohp,medium
1788983113492,9.247004777416588,-4.380490627941489,0.2428625615544617,-25.846716479797628,-24.70589730348708,30.584811876846302,user,ohp,medium
1788983113509,8.905382712554932,-4.645948029272258,-0.1276395608328282,-6.656247303740975,-24.26198281876044,18.35622730951036,user,ohp,medium
1788983113525,9.33349589691162,-4.6179660896301264,0.0751189538702368,10.941148550301904,-35.03828987608596,9.629360347555826,user,ohp,medium
1788983113542,8.988131722912192,-4.647593458391726,1.2695260148197411,17.427284016348185,-47.505714205866205,-6.684476475580638,user,ohp,medium
1788983113558,9.323619815063475,-4.269759385681152,1.8610433894168583,9.242630767881472,-52.2276562055278,-21.63216703546148,user,ohp,medium
1788983113575,10.39472578277588,-3.902398776189983,1.644818001832068,2.8340725904281934,-44.6889783430988,-11.545430754098565,user,ohp,medium
1788983113592,12.552949526324868,-3.6640263656616208,0.3838211842961609,4.988565264102213,-31.28404907803177,10.788124992136938,user,ohp,medium
1788983113608,12.134861476898193,-4.827757717840373,0.395492698193714,8.533674207507074,-11.063673606275469,34.03819650233977,user,ohp,medium
1788983113625,11.393556787872312,-5.775711937658488,0.9394251686647532,4.297178084707203,2.986054544744732,35.83955985818767,user,ohp,medium
1788983113642,10.075398551830649,-7.928398213085532,1.8787013573128728,-0.5966293503576315,6.335830323170983,22.93435796865004,user,ohp,medium
1788983113658,9.821164847564695,-9.295637290899457,1.9577092814456671,5.629928991789696,-4.814446666685663,-9.048715720929286,user,ohp,medium
1788983113675,10.67993680910766,-9.538051378034057,1.9737210165046155,11.684729900900034,-12.695872813176017,-25.948803902227223,user,ohp,medium
1788983113692,13.047203700587152,-9.729886201532183,1.937957483075559,11.178875845685136,-16.510940714657398,-34.09670048767551,user,ohp,medium
1788983113709,13.750499269214272,-9.715071786499022,1.8599963645819573,-1.0121452425366797,-10.081948318754732,-42.09884083623573,user,ohp,medium
1788983113725,13.803620618548988,-9.679308106939494,2.1869546018622814,-26.76618800812828,1.1808999002989482,-53.241433863276114,user,ohp,medium
1788983113742,14.504074241748452,-8.644115748651325,1.3085812102053314,-48.41380493149233,12.451580852226757,-59.7310083295695,user,ohp,medium
1788983113759,14.519186470684408,-6.708253192028403,-0.3236659908019006,-52.43291705046502,14.824677999155265,-62.873619347827386,user,ohp,medium
1788983113775,13.485639541515708,-5.8874912276670335,-0.5582968767143786,-38.8263435256263,-4.889946297110514,-70.33303969512757,user,ohp,medium
1788983113792,11.262623300060628,-4.792442951092124,-1.4532797501277177,-14.638621938616824,-27.20414656789867,-76.99627172106852,user,ohp,medium
1788983113808,10.235212681689855,-4.014776908874511,-0.8004103369345889,5.771250301472314,-43.21814491666074,-72.06644608382842,user,ohp,medium
1788983113825,9.68529448787272,-4.027496105194092,0.0692835987802594,2.438105179901398,-43.55847616752956,-60.01945404840831,user,ohp,medium
1788983113842,8.709955417522787,-4.078372598211467,1.5081984677406026,-12.682851911297032,-34.894688563881026,-45.90700939288176,user,ohp,medium
1788983113858,8.010698895153403,-4.638914769634604,1.8049299273277637,-36.73349160166435,-20.085868556431244,-37.23664090196792,user,ohp,medium
1788983113875,7.610269836536049,-4.62859035949707,1.4134776179654989,-39.966995362302185,-15.051798864531111,-40.579717972365685,user,ohp,medium
1788983113892,7.4607818703800435,-3.874715819494426,0.0170594494470162,-25.00098367374643,-23.610971875757137,-46.30323549682337,user,ohp,medium
1788983113909,7.60323628463745,-3.604470307104289,-0.6491269524289062,1.2980343361917877,-37.808969773279976,-60.37219233790445,user,ohp,medium
1788983113925,8.233958784484862,-3.4822165309630333,-0.9985308713723904,18.791213029444496,-40.7650073441698,-64.78431695681427,user,ohp,medium
1788983113942,9.739463884955644,-2.522590870312601,-1.5128351876305417,31.927835388440496,-36.34280478113962,-61.56903955597661,user,ohp,medium
1788983113959,10.773309504809976,-2.2750898353025315,-0.7428003709437325,34.42199507708654,-28.201273931997783,-46.46875488607487,user,ohp,medium
1788983113975,10.352078481182456,-2.28272135309428,-0.3449137998834252,27.07600538888006,-18.12068994352976,-38.138253193166285,user,ohp,medium
1788983113992,10.8970598031193,-2.90656037703827,-0.4994896637629717,18.544219728678492,-4.373501606700687,-27.92517036498919,user,ohp,medium
1788983114009,11.83543780081868,-3.1274259185791013,-0.946456565138884,14.612686002790992,11.454714742863391,-15.667571154059027,user,ohp,medium
1788983114025,12.609961453357338,-3.107075058337301,-2.248304137973953,23.06931396891303,28.93103524858404,-4.610684194497611,user,ohp,medium
1788983114042,13.506739028167724,-3.0775963042661547,-3.494336409682594,56.54273066652091,8.410646278855864,6.089886310216225,user,ohp,medium
1788983114058,13.371765909576416,-2.6593589094966648,-4.377348457458242,110.76978814778654,-17.131721240394224,18.290165719857992,user,ohp,medium
1788983114075,11.943176875525712,-2.937236378069967,-3.8236885563621295,148.22065110288275,-19.9076484304181,28.10895026498672,user,ohp,medium
1788983114092,11.443687138697504,-3.072209935052693,-0.2802702545945066,137.69220136525325,-12.531052664540791,40.42910888607232,user,ohp,medium
1788983114109,11.36946571818888,-2.6527755855835973,0.6441906787702347,109.64142040633293,-3.5122693938754392,56.73150684989631,user,ohp,medium
1788983114125,9.542239769634604,-1.9271819681696596,1.8146558464157627,76.7670027611987,-6.183565769777535,73.68890970984076,user,ohp,medium
1788983114142,6.977302772632241,-0.1150711711607873,-0.5584465554173337,86.53628380277047,1.9851202039569824,98.2935460437878,user,ohp,medium
1788983114159,4.612580889460444,0.2572267486020922,-1.421705950872926,104.95482463562614,24.77879249740404,109.74937837635414,user,ohp,medium
1788983114175,-1.0913076287418604,-0.3425198904842138,0.6212960614629089,102.16818941653098,10.13204690254313,94.32416794725656,user,ohp,medium
1788983114192,-3.3731314484745263,-1.7898150863096116,5.263503735163063,66.28438359289997,-19.95645696222701,68.66965640579768,user,ohp,medium
1788983114208,-5.272629437035322,-2.6720789825990794,5.063288365604169,5.893716447064289,6.170632379697293,18.82451703183748,user,ohp,medium
1788983114225,-6.742370565685629,-1.6183301001399757,4.523246765091828,-84.10283766565666,60.84743007016476,-65.82329801259992,user,ohp,medium
1788983114242,-0.9216180015563964,3.0606878395631907,1.6870150754399598,-109.05253515647276,71.10780854324962,-93.14642476829292,user,ohp,medium
1788983114258,1.7226275099605322,5.095759542956948,0.0641955914588645,-98.79959475939404,59.04879537489028,-114.0303018914972,user,ohp,medium
1788983114275,4.591329427117109,8.403348844201862,-1.7413323565609753,-57.41572446509692,24.8417565962678,-131.51075722298663,user,ohp,medium
1788983114292,9.786000595203042,9.929502911078185,-4.028243854821473,-6.90564483109482,6.038050723944529,-98.91654808855218,user,ohp,medium
1788983114309,10.524462169757484,8.55343492238149,-4.810548662755638,36.12653708635492,10.791774020701016,-64.01931527920533,user,ohp,medium
1788983114325,7.341821144434809,5.461772537231445,-2.421583953404799,46.50371862443617,18.67097437929559,-70.23978029220021,user,ohp,medium
1788983114342,9.20525822405517,4.881927114923298,1.5086472709540275,26.248714093587896,9.604549685395757,-66.1584007536591,user,ohp,medium
1788983114358,11.219380370661616,5.334880287634581,1.6711534894414246,9.929333718166324,4.753630662315869,-31.84314445782692,user,ohp,medium
1788983114375,10.411036866107583,3.5458128048218787,1.1255747861333192,-12.468733164779948,15.14701170156109,1.082474633203243,user,ohp,medium
1788983114392,7.212233226013183,0.4644754143312573,1.827823987512663,-32.55589518828526,17.770656408944944,1.2031897957684616,user,ohp,medium
1788983114409,6.2427329448193305,-0.4032733421325683,2.0008054958503694,-50.67306758439246,12.963572686184555,-10.737269964897962,user,ohp,medium
1788983114425,5.86085602645874,-0.948402986498922,1.3337202545717357,-59.9254774756181,8.675703722429258,-26.520596603689427,user,ohp,medium
1788983114442,8.343044597625733,0.3275571530215442,0.3384811364874243,-54.14888255112025,6.2569284047658185,-16.428262982301685,user,ohp,medium
1788983114459,8.996512597766518,0.3709520581118762,0.3607777239695191,-50.25263529003233,5.824183413766266,-2.3724709039589835,user,ohp,medium
1788983114475,8.040778391596675,-1.2113159640438853,1.833510800977424,-64.21819672745775,7.157451707678388,-0.217156313067888,user,ohp,medium
1788983114492,6.853402836719155,-2.456899816131592,2.501342768970132,-78.03300564461725,10.1073754054874,-7.970693303847834,user,ohp,medium
1788983114508,7.006483274409175,-2.561945267840475,1.927632707611844,-77.35951484150814,13.990416495815102,-14.537374629455138,user,ohp,medium
1788983114525,8.469937870135903,-1.842936581774801,0.6334162689760326,-62.99040875244543,11.865940795995996,-17.39045563634348,user,ohp,medium
1788983114542,10.86518816256225,-1.4609118524413556,0.2374761923409998,-35.73048856733173,-0.1543759489608414,-7.002976307427971,user,ohp,medium
1788983114558,11.040412042999266,-1.5803226602416485,0.0950211935617029,-18.280311464432955,1.541477966301792,4.951769754382885,user,ohp,medium
1788983114575,11.519551650238036,-1.754051406750083,0.959327554486692,-11.433710203618311,3.982574875781361,21.014875028843235,user,ohp,medium
1788983114592,11.334002775141595,-1.395071379852295,1.7483668583076446,-18.661521397484293,2.18271330777722,34.194184362604524,user,ohp,medium
1788983114608,11.887362633845209,-1.8116627609804272,1.2560586304813623,-22.26633473197153,10.387318392583188,40.83090500928208,user,ohp,medium
1788983114625,11.935694410815834,-1.9764131781980396,0.0122706488344818,-7.318374379618474,12.125372725014238,49.6154093763214,user,ohp,medium
1788983114642,11.953052372851968,-2.708290698187053,0.414197837055102,29.20191713597216,-8.104962870099238,56.670441543621806,user,ohp,medium
1788983114658,11.807755428645017,-3.125031716918945,1.3961192814700305,33.14907321203877,-19.96958970845365,59.54957118445728,user,ohp,medium
1788983114675,11.137378963801265,-4.831649172320962,3.134160341400653,10.620034036662924,-17.207541462823244,56.57402659329791,user,ohp,medium
1788983114692,10.225785512652992,-5.28175806151703,3.245190858868509,-28.794035314211925,-1.655090906068961,51.19182045185493,user,ohp,medium
1788983114709,10.336816030120849,-5.461622461236268,2.6562182003181425,-39.8494853727267,-5.076111213788852,50.17375343530785,user,ohp,medium
1788983114725,10.479420081982015,-5.481673754009604,1.2889787571780382,-37.36583393011872,-7.7134128844181475,48.67184606324082,user,ohp,medium
1788983114742,9.718662504467368,-5.241056779424846,0.9548385725043712,-34.56538806852179,-7.912199563795845,41.02408324957754,user,ohp,medium
1788983114758,9.258377235302328,-4.841374739782512,1.1944082299932837,-34.69185243609916,-10.234637197650368,34.87651001540504,user,ohp,medium
1788983114775,8.715195656263829,-4.393509976251423,0.7568682419259101,-34.21852374171186,-6.730168306693908,28.954913589922405,user,ohp,medium
1788983114792,8.769511768341063,-4.121467935833334,0.7556707027044147,-34.62308267644089,-1.3152055384869057,23.888782990058235,user,ohp,medium
1788983114808,8.923039365276694,-4.194042173656821,0.7199075346015393,-32.79365748838799,-2.8620957893756978,19.51216510954873,user,ohp,medium
1788983114825,9.03332286376953,-4.244171063177287,0.1307834848817438,-26.95378427632456,-6.35873664321309,13.640745815029948,user,ohp,medium
1788983114842,9.299081001612544,-4.601955158288777,-0.8674484218103811,-9.394477825961904,-5.748314526239411,3.748487644338922,user,ohp,medium
1788983114858,9.783756031146645,-4.651783895818889,-0.799812224910967,-0.3000594683466367,-5.090195063857418,-0.0672743017456909,user,ohp,medium
1788983114875,10.659285650745034,-4.517558965246379,0.2301440958872437,-0.8852866449781518,-4.013762373305285,-2.4029647103953287,user,ohp,medium
1788983114892,10.909928052520751,-4.084956360515952,0.445023658353649,-13.079375982241183,12.275626641470764,-2.74367717119719,user,ohp,medium
1788983114909,11.193790002331138,-3.863941912023723,0.2988269157627597,-21.42524645455594,24.521354129849797,-0.1783849310072957,user,ohp,medium
1788983114925,11.297341562220453,-3.426102867944538,0.1086377771124243,-24.100773278875213,25.89681591735967,1.0081014503829149,user,ohp,medium
1788983114942,11.397747809821366,-3.275567438562214,-0.6748650084346532,-15.203662998084468,19.170440500089235,2.225900380455799,user,ohp,medium
1788983114959,11.141567647662756,-3.106476361791789,-0.8782230234008281,-7.794161088333331,17.5747392627923,2.9312027896242405,user,ohp,medium
1788983114975,10.75729828120768,-2.790741017858684,-0.8996199586294591,-4.064214846270054,16.54352754718753,5.478233905418298,user,ohp,medium
1788983114992,10.318261551776528,-2.5794533058717843,-0.9165297385066749,-4.472616616180858,25.2695091458709,4.926125382257249,user,ohp,medium
1788983115008,9.667636666107176,-2.2644652731746437,-1.0310024323176592,-3.4467900778498195,34.16129700175091,5.6113393513030365,user,ohp,medium
1788983115025,9.310901787787676,-2.149544178009033,-1.2514184034600853,5.032072715341548,37.51372118602783,7.039626675627437,user,ohp,medium
1788983115042,9.494506543079018,-2.1329344039916998,-0.9911986835870892,11.79244283788478,42.955220199655685,12.239804860594983,user,ohp,medium
1788983115058,8.41531897571981,-2.826504112896323,0.8183688586797565,12.38396624831186,31.21825386575704,4.851428725946697,user,ohp,medium
1788983115075,8.163328666466475,-3.2398037590026854,2.0355212007269263,18.31752575012577,14.241183476097536,-1.33765402241121,user,ohp,medium
1788983115092,8.470985333362222,-3.407846495763957,1.5605713002629578,31.49109260234237,9.854631939213894,-3.11408217186839,user,ohp,medium
1788983115108,9.345764426854252,-3.4413647344842557,1.8074729080751537,36.866314875359,12.20185974466098,2.569081100868974,user,ohp,medium
1788983115125,9.4026302234143,-3.8729207527711984,4.112939761462807,22.783545684228866,-1.021313917723775,4.336113151184037,user,ohp,medium
1788983115142,9.109788848334553,-4.241478463092446,5.231630633301288,-3.407390771952836,-9.827852475025566,0.7825687640716523,user,ohp,medium
1788983115158,9.395146589660644,-4.668991927990317,4.844668082239479,-21.563127483330987,-24.981428842152685,-5.230510201297928,user,ohp,medium
1788983115175,10.197352614372967,-4.700715099987387,3.003825988525897,-17.203320405916177,-39.66211620832032,-9.926593104761857,user,ohp,medium
1788983115192,10.096200516840817,-4.76910065394938,2.750490036817268,-14.727016539307836,-60.65630088662029,-19.492374636428615,user,ohp,medium
1788983115208,9.712528531756996,-4.474762610571086,3.44331141157262,-33.33139145155393,-73.14107389689238,-32.35590041919812,user,ohp,medium
1788983115225,10.166977934375405,-3.787776956231892,2.01816331175603,-54.04887833638751,-54.9780675163598,-32.05955900167878,user,ohp,medium
1788983115242,10.90962936183512,-3.1726164749145505,0.948852812625654,-64.08418158575293,-38.80928854326878,-18.387384924956663,user,ohp,medium
1788983115258,11.832742570385337,-2.241272029113769,-0.7538734074914828,-70.8819546779648,-10.765188363130388,3.421860527709508,user,ohp,medium
1788983115275,10.271873310089113,-1.931821464538574,-0.2873034503000788,-73.22734601629881,-14.156485715294792,10.317330297931711,user,ohp,medium
1788983115292,9.34696328125,-2.0130746833801267,-0.2401674224526621,-75.27762537116406,-12.656867310373364,9.666329600212164,user,ohp,medium
1788983115309,9.80679963760376,-1.88019619898051,-1.2518675628665368,-74.02177897904133,5.842364096676371,21.99327742933276,user,ohp,medium
1788983115325,10.75699900600016,-1.6843208679199215,-1.8685242055923443,-72.38081920075659,23.00528777563333,37.705086011098665,user,ohp,medium
1788983115341,10.474933291956782,-1.8315642700195311,-1.2205932123492005,-81.94042026499814,41.29006447623618,50.49205391100879,user,ohp,medium
1788983115358,10.690260634723304,-2.078466608484089,0.706140390998451,-107.25133231007035,55.2537817625857,64.81901431779792,user,ohp,medium
1788983115375,9.556307457953691,-2.973149841363728,0.5292688346859533,-108.37448178699807,42.8893464402055,59.89564320932349,user,ohp,medium
1788983115392,9.185055978503822,-3.227832750701904,0.1635548690238036,-103.51492513593908,47.80823011439524,52.69569150330834,user,ohp,medium
1788983115408,11.08964339915812,-3.392134547369182,-0.4531016230049542,-104.28903828590082,63.291367377843706,70.07349933685624,user,ohp,medium
1788983115426,11.413608811298012,-3.366546809387206,0.387711835059151,-107.00623780189362,68.90813246066867,80.6192499436534,user,ohp,medium
1788983115442,10.3942768699646,-4.0191161071226,0.2208656146060675,-96.74789472518144,52.4833511672964,72.17564714827859,user,ohp,medium
1788983115458,9.106345429882406,-5.205443029730022,-0.4682153863108717,-67.73231539505097,35.52870428868205,53.597471134141365,user,ohp,medium
1788983115474,9.982025271606444,-5.760298972210288,-1.4870978120448066,-44.813379993546825,36.93273504994279,43.844790867347314,user,ohp,medium
1788983115491,10.989236567035316,-5.979818213708699,-1.6798313744809477,-23.670223766806995,41.56373308080567,45.79543142260043,user,ohp,medium
1788983115508,12.744634127697347,-6.604404987280071,-0.8839087043544277,-24.63548659088071,59.28815935435338,49.79310016267387,user,ohp,medium
1788983115525,9.85094331523478,-8.200739236450195,1.5291478783974424,-36.59952085618914,57.187722505318135,25.387084022243496,user,ohp,medium
1788983115541,10.230725307142734,-8.474127723041176,1.5228621857240796,-37.61973596723018,50.25443162978405,9.789952609094811,user,ohp,medium
1788983115558,13.660266040581464,-7.978526225823163,0.1791162117004394,-24.491917722074334,35.17299828199154,12.669025047095989,user,ohp,medium
1788983115575,15.25121362827718,-7.1775173019409175,-1.3937239838313311,-11.698329661311176,58.459315898572335,39.62126484689448,user,ohp,medium
1788983115591,16.648380519104002,-6.48020606842041,-1.23480884863846,-16.76724014816754,82.55106649755396,86.44968383428387,user,ohp,medium
1788983115608,13.986626823425292,-5.921458671459555,0.5464778441049158,-35.252887589618595,90.03948782807001,101.88127366006626,user,ohp,medium
1788983115625,6.207417885810137,-7.467066649737954,1.7120042630068957,-59.87574003808207,86.30153020099714,40.78800459110523,user,ohp,medium
1788983115641,5.608717248645425,-8.264485440173745,0.6349133756659925,-42.31023519104762,75.21404997036959,2.856483508312063,user,ohp,medium
1788983115658,11.474061234173178,-7.345260471233725,-2.627036602562666,9.390764764374357,55.96459613441435,13.762579314350049,user,ohp,medium
1788983115675,13.183970716857909,-6.639419894298911,-1.416916862566024,45.35939214598682,76.93482733929508,64.72336434866106,user,ohp,medium
1788983115691,12.643330054473877,-6.570736234173178,0.7760220744028687,13.357776200358195,117.77021978286186,94.90245957371404,user,ohp,medium
1788983115708,5.511750912365317,-8.109459713634848,4.497658771381527,-33.08702435852379,127.45656183734216,66.99941560654109,user,ohp,medium
1788983115725,5.419126404681801,-8.6499519074589,2.953547753662616,-41.507151793721285,94.22531461939896,27.779784665863588,user,ohp,medium
1788983115741,7.5068696678161615,-8.0575360496521,-0.0190029527641832,3.1078880440648344,79.4451199347607,35.80517327081124,user,ohp,medium
1788983115758,7.735964254650473,-7.078606261333823,-2.16151430952698,53.9758567839709,69.39005694812643,47.479803883249765,user,ohp,medium
1788983115775,6.074089611816406,-7.064690548706055,0.7293339729860424,85.96818281855467,40.112171033110805,38.40536481613256,user,ohp,medium
1788983115791,4.401292008429765,-7.96760443431437,2.744354821997881,74.90171908000325,19.088275031921278,3.4198912987944285,user,ohp,medium
1788983115808,4.9724581574589015,-8.059780613708496,4.687997364972532,49.661875153245,10.075362308847549,-16.84291693662399,user,ohp,medium
1788983115825,7.382820678821206,-6.69059653930664,4.415208305579424,13.36921847476526,32.79647152632604,-11.732252649597692,user,ohp,medium
1788983115841,8.652795021930336,-6.204274911609292,3.975722371076047,-0.8938390556752126,52.79708907663176,12.959423346263774,user,ohp,medium
1788983115858,9.785850957599282,-4.984728440967202,1.7139502825081347,8.06400222564667,67.46677130049922,47.17740067284203,user,ohp,medium
1788983115875,7.005732748302817,-4.665848953789473,1.7408838821411132,18.462238675618124,78.04360609820911,70.35098260207718,user,ohp,medium
1788983115891,5.735758989715576,-4.685302426800131,3.132064976556599,7.179584935683814,77.53543319377098,71.0829603150491,user,ohp,medium
1788983115908,4.422389741516113,-5.660191999816894,4.809653029090166,-11.000814521570195,63.31898183265807,54.52278418175968,user,ohp,medium
1788983115925,2.91134921875,-6.756886582294106,4.307469815394282,-16.25571020575236,35.40704154409119,10.183226363767684,user,ohp,medium
1788983115941,4.150497630962729,-6.089352647399902,4.116381134088337,-18.886210715515617,24.17958000151882,11.946016226277932,user,ohp,medium
1788983115958,7.664885808342695,-4.476407747429609,4.498406228747964,-27.214637738463807,28.299550108870516,43.03993503593136,user,ohp,medium
1788983115975,5.932832882910967,-4.746355738177895,2.977490793177485,-27.23599744754573,41.0845884803401,64.34119477403135,user,ohp,medium
1788983115991,4.570083225470781,-5.267395043513178,2.454508244819939,-15.040547835420808,36.12040016138567,55.04163267187052,user,ohp,medium
1788983116008,4.62200688945353,-5.956923368072509,4.778977320319414,-14.644277335249594,10.283561842675171,41.47373167811241,user,ohp,medium
1788983116025,4.962730544170737,-6.010942543029785,6.244826409967243,-31.04186081534688,-14.21663577622051,38.35230107647073,user,ohp,medium
1788983116041,5.093663447460532,-5.317222611999512,6.056433543616533,-51.08634525559701,-25.21124250960881,55.61851727935897,user,ohp,medium
1788983116058,4.0161236473083495,-4.282179306793212,2.697219853596389,-39.40978852981255,-23.19567417610556,72.42646535497978,user,ohp,medium
1788983116075,3.329886473248899,-4.606445163184404,1.8255802271738648,-24.2723544610151,-26.863077656599497,87.20224090722505,user,ohp,medium
1788983116091,0.5357023291990161,-4.112341211047768,2.4000392802685497,-28.08354025372698,-30.11643165451268,92.23548926887749,user,ohp,medium
1788983116108,-1.4009069541379808,-5.672911196136474,1.855057958331704,-30.89227625742901,-32.20473125739281,72.0013543810382,user,ohp,medium
1788983116125,-1.6633721879154442,-6.3512172849357125,3.3381153724119064,-55.90400211119258,-33.977199497956974,38.36384068107347,user,ohp,medium
1788983116141,-0.9623188452571628,-5.805639750671387,4.133141130231321,-101.2297965566521,-9.800863836293908,1.478272356217846,user,ohp,medium
1788983116158,0.643591333770752,-4.378994836425781,2.128296515057981,-117.38950503852534,11.606507159430464,-13.1460292370304,user,ohp,medium
1788983116175,1.5414178331121802,-4.1118928827583785,1.1174950861826538,-103.94290478933208,19.95695556603642,-21.134478471399326,user,ohp,medium
1788983116191,3.359364788928628,-3.473089367786049,-0.8813650477536022,-47.24883079118203,9.252415013867516,-16.095562760283073,user,ohp,medium
1788983116208,3.252522370800376,-3.733756319969893,-2.5987553877130147,16.254142677337843,-1.7460890894942176,-11.359509589796232,user,ohp,medium
1788983116224,2.213589072418213,-4.070442097473144,-3.13505685184896,78.04644062671466,13.398125542880049,-12.217016788202884,user,ohp,medium
1788983116241,1.788917552947998,-3.977067648205161,0.2991270312204956,109.94541846591186,46.51674379518338,-8.392109999222097,user,ohp,medium
1788983116258,3.3879444022029634,-3.10917013092041,7.145495439258218,95.14687789316294,61.16728782899646,-2.402938883742529,user,ohp,medium
1788983116275,3.5901053894042967,-3.149722506061196,8.45153302939534,75.1642305705635,59.80351761779836,3.96601849723325,user,ohp,medium
1788983116291,4.677521855926513,-2.814683326721191,7.324611650958657,51.57077300738558,59.04861095978269,19.3627786271168,user,ohp,medium
1788983116308,2.2563865961372853,-2.692581380140781,3.6347000256732094,39.83152197520956,74.71298046266828,10.920786048838805,user,ohp,medium
1788983116325,1.8846859116151928,-3.033603725543618,1.916110685187578,34.29967321924078,92.60719499369876,-0.6876449294209307,user,ohp,medium
1788983116341,1.0706576394230127,-1.5996271532356738,-0.03232055336833,28.34304475350515,123.464206984443,-11.195313549696415,user,ohp,medium
1788983116358,2.6101290146425367,-0.7118272501289844,0.643742140418291,22.068995198924227,138.87815443159923,-10.60091804472335,user,ohp,medium
1788983116375,3.107673170360923,-0.5373480505794287,1.3468889482244848,24.16996138762015,120.37570472478994,-7.518535634566636,user,ohp,medium
1788983116391,2.0721812446042893,-0.8836094656795263,1.3453916954040526,42.27162413166955,92.0200855930228,-16.271639914444123,user,ohp,medium
1788983116408,2.858677074487507,-0.8289940783947706,1.938107412940264,43.90409739991054,89.05382322894548,-7.683578618123532,user,ohp,medium
1788983116424,3.058742258453369,-0.4056669592708349,3.3164182121276853,25.540491778549278,94.67585438762052,10.41423360678127,user,ohp,medium
1788983116442,2.088193052728474,-1.2826941239506005,4.413112794604897,13.29257862963584,89.09645726974469,14.688284244071983,user,ohp,medium
1788983116458,1.5581760756894945,-3.3017537269592285,4.720020104438066,13.126334386558668,74.96325908442506,11.845003704868969,user,ohp,medium
1788983116474,2.189198143005371,-3.803789641138911,6.0727446269482375,-2.2954639361616747,59.07321330117309,20.251466492858203,user,ohp,medium
1788983116491,3.635595220947265,-5.234623239246011,8.488343879920244,-37.68747436832378,38.68467515695648,45.2236216456653,user,ohp,medium
1788983116508,3.078344492284953,-6.696581458935142,8.509591835132241,-65.22539008284618,33.37772062469412,59.08824654753628,user,ohp,medium
1788983116524,2.9731492568418383,-8.007855780681968,7.721151300922036,-81.87787622276834,31.881400347368164,67.93194816411211,user,ohp,medium
1788983116541,2.195781905309856,-9.500790737915038,6.356605992236733,-108.0892462570692,48.95807197059938,63.36268138296781,user,ohp,medium
1788983116558,2.1458030917845665,-9.867401698082684,5.846490816497802,-131.9107467611609,62.97247950587415,61.93450931808565,user,ohp,medium
1788983116574,2.8875566936217245,-9.957486458155511,5.095611366657913,-141.56319741697962,73.10522906412815,75.95767315587638,user,ohp,medium
1788983116591,3.394678678894042,-11.529278094482422,3.167679310773313,-136.37176187414968,74.47354818131348,89.6862645951428,user,ohp,medium
1788983116608,1.9735698445308956,-13.658171698650715,4.5649946701601145,-145.7437103211343,64.23904246480464,79.74083980506558,user,ohp,medium
1788983116624,1.320252577972412,-14.27602594909668,5.508759329333901,-176.5518113272321,60.69282873830152,59.50090608662094,user,ohp,medium
1788983116642,1.520018852056935,-13.799130321392417,5.936722583825886,-216.3137302597046,66.53898572440137,47.89275370537415,user,ohp,medium
1788983116658,3.152115904003754,-12.663830990710856,3.209278418488055,-242.5058938020594,70.40192215290713,61.42421905500483,user,ohp,medium
1788983116675,3.255515451669134,-12.515838816070556,1.0574899686835706,-229.42884093790968,68.81870479386569,74.66820174246968,user,ohp,medium
1788983116691,1.264886405428039,-13.321040515467525,-1.7386388796932994,-203.4507765052781,66.72059362424284,68.57365809701315,user,ohp,medium
1788983116708,-0.8412628275331109,-13.94951669769287,-1.0283080056019127,-188.5587647937376,60.88903958258848,30.97738724467654,user,ohp,medium
1788983116724,-0.9530420627427288,-13.921084968456626,-0.2252037762411171,-205.77115569087152,51.04614959233149,4.026668869515671,user,ohp,medium
1788983116741,0.7809585626906715,-11.679364611053463,1.8157034877385945,-249.49263090784885,47.52424450908445,0.5561037569386832,user,ohp,medium
1788983116758,2.683301236625481,-9.657910806384685,-1.8526622953668237,-267.22259987990805,44.58441156200049,13.814099431259455,user,ohp,medium
1788983116774,0.7296327002042904,-8.14612209559977,-5.25931212869212,-227.52298593304437,44.0616766942519,4.466671790282008,user,ohp,medium
1788983116791,1.4332288044142536,-7.585429994311928,-8.98648541700989,-169.61873218756224,31.61238310162345,9.971832008955788,user,ohp,medium
1788983116808,2.141912386222649,-8.308028813824057,-6.290464417809248,-139.63373727834272,24.038999340474327,27.382341080702425,user,ohp,medium
1788983116824,1.4446012075010686,-8.77849119361043,-4.938040339550375,-152.4416943495723,35.215605002034074,32.84616115253788,user,ohp,medium
1788983116841,0.8889969308715313,-8.8414880402714,-4.5269858420223,-170.70534698261957,51.03645072371007,34.73448306180379,user,ohp,medium
1788983116858,2.2165814956998453,-7.777713146099447,-5.712863559557497,-175.77788259237792,54.32098965782623,47.77924279155771,user,ohp,medium
1788983116874,2.773532839556783,-7.423222831836342,-6.184372233526409,-165.6786692629487,52.80745388869726,60.67435307659664,user,ohp,medium
1788983116891,2.544736687679775,-7.060202005115151,-7.200709961479902,-152.7102573877372,55.17886483267442,72.30757225209737,user,ohp,medium
1788983116908,1.170465044347942,-7.035062887683511,-7.110479655456542,-138.30342133369933,53.61462856933644,68.76184346902534,user,ohp,medium
1788983116924,1.20203843261078,-7.173477671161294,-6.954257412609458,-132.15007658967818,46.03416702465989,66.06695135086179,user,ohp,medium
1788983116941,2.2720970101621,-6.910265126147866,-6.616076428112387,-142.36664622942655,53.17280070740125,75.85955748844916,user,ohp,medium
1788983116958,2.8374278041012584,-6.413169006457925,-7.077708435711264,-170.37697880808204,88.9608165430174,98.6761322599569,user,ohp,medium
1788983116974,3.015347134167328,-5.985504734912515,-8.300696571239829,-184.14482334450847,125.73437061925848,118.47953492816768,user,ohp,medium
1788983116991,2.6264389289304613,-4.650288396564126,-9.323170902252198,-193.73744154319792,148.97477228914386,134.89122274890104,user,ohp,medium
1788983117008,1.596333664648235,-4.9088621758610005,-9.66000514831543,-201.6762796985305,153.24839433206415,133.52146929199,user,ohp,medium
1788983117024,2.7446526724332942,-4.867562197223306,-9.7560724899292,-165.51578291162224,219.08498389278893,160.30568729197984,user,ohp,medium
1788983117041,2.2957399342192337,-6.089353231921792,-15.740828452301024,-36.44157614672718,161.3125254775314,181.7164042266239,user,ohp,medium
1788983117058,-0.9826703996187076,-2.373551670837402,-13.147159281811115,22.023676893781197,26.892087177551836,180.05184614475672,user,ohp,medium
1788983117074,-0.3814266173098236,-2.273444698444009,-3.308936331939697,-59.24435735120609,-89.83846853060737,150.82959212053086,user,ohp,medium
1788983117091,-2.5921725021913646,-7.118111757770181,-8.461108666992187,-65.93669964338964,-25.487399010583477,129.8125399688897,user,ohp,medium
1788983117108,-3.645022682245076,-5.754164707238972,-9.73572177581787,-84.9611602178955,55.20111758899032,101.02230907004544,user,ohp,medium
1788983117124,-3.414132005774229,-5.471499273736774,-10.251073098644614,-100.21060255889196,113.6675778654345,88.16274308944726,user,ohp,medium
1788983117141,-2.7347773577701298,-4.282628219604492,-8.79719472503662,-128.14829607572435,209.3413911926856,79.19590682251444,user,ohp,medium
1788983117158,-3.108721510370076,-2.8713962708070877,-5.895870641216636,-177.80302002090838,264.88973510851184,101.51518235074276,user,ohp,medium
1788983117174,2.28257165726666,-4.978443077087402,-7.345111418151855,-214.68783104853975,120.98006718330936,157.94159489569833,user,ohp,medium
1788983117191,2.369810465881927,-5.445462330682576,-11.31888762359619,-170.6002303712931,94.62211445923086,167.7993883587243,user,ohp,medium
1788983117208,-0.4433765304674394,-5.139902343805134,-11.84276887435913,-115.59532362658972,84.22454480647713,145.36100116156015,user,ohp,medium
1788983117225,-4.484339855603128,-2.7443536529541013,-13.526491191864013,-40.74718738062523,33.211163046688775,75.84992009153027,user,ohp,medium
1788983117241,-3.707720765155181,-0.909198080444336,-13.15748427647054,11.727486031330669,54.31381795919772,39.56408250316313,user,ohp,medium
1788983117257,-1.8962079340394584,-0.6111201198853552,-11.244068821716308,28.480644036976937,42.27907245295945,36.77262517051394,user,ohp,medium
1788983117274,-0.0502785636568441,-0.4438251327514648,-7.983615073394775,11.76548920387262,28.99884878175851,66.07180761536166,user,ohp,medium
1788983117291,-0.3842695856507867,0.2876034744262695,-8.203133438110351,-1.5843718744545894,30.581840744557347,88.76705090645332,user,ohp,medium
1788983117308,-1.2919714361879977,0.3220201232910156,-7.832032180786133,-24.06425567247774,18.66919169992222,93.3425399899315,user,ohp,medium
1788983117324,-4.443189697232284,-0.6286277195252478,-7.7130702857971185,-32.686092254244045,-17.28262231727461,60.27862557646444,user,ohp,medium
1788983117341,-6.3293714003631845,-1.059134959411621,-10.231920069885254,-17.844362687825846,-54.58361726160239,26.858663646848377,user,ohp,medium
1788983117358,-6.075436843440588,-0.314089330291748,-10.971878020477297,-6.409685158666331,-82.70944492402822,12.790440197329426,user,ohp,medium
1788983117374,-2.652775745413801,1.0031703494749962,-12.24574294128418,-34.993241363415144,-132.76402863379226,40.28449670587023,user,ohp,medium
1788983117391,-0.9364324531221762,0.2073977188110351,-15.60271294403076,-63.31022553014211,-131.4959903540011,67.90438152062194,user,ohp,medium
1788983117409,-2.34377415301539,-0.3850175544738769,-18.620753774261477,-58.13797598869075,-73.87689700636702,81.05050808784802,user,ohp,medium
1788983117424,-5.801899322034045,0.1937806968688964,-19.294721541595457,-21.249473243812957,-8.15972476554346,65.036562673052,user,ohp,medium
1788983117441,-5.947346780627593,0.4061164566040038,-13.36248837814331,8.53249258478066,6.841112776929717,55.05491055961703,user,ohp,medium
1788983117458,-4.723461038672179,-0.2641103706359863,-9.858873523712155,21.921758518533554,8.020968618781005,53.21769212572115,user,ohp,medium
1788983117475,-2.3710081968996675,-2.14325925252065,-3.959410995483398,-8.447768356994885,-37.34146723025469,39.95698913516812,user,ohp,medium
1788983117491,-0.243909659454599,-4.72869777028188,-4.342632898712158,-40.427397923685234,-76.57892667221323,32.64690745897568,user,ohp,medium
1788983117508,0.6911757995054125,-5.884947680664062,-6.719476596832275,-61.15437877146513,-83.66336280389054,18.289388785839904,user,ohp,medium
1788983117525,-0.955286900793761,-4.2972926317077125,-11.202619205474852,-65.16371347464096,-54.56124156188143,-2.7757054223192608,user,ohp,medium
1788983117542,-1.7323548309877514,0.127940297345072,-11.594669142803548,-60.12232352749787,-28.665590191775248,7.620939807018991,user,ohp,medium
1788983117558,-1.8942627182558176,1.448492296655476,-10.461164294323323,-46.020619344441165,-8.0875125905435,24.50187443033692,user,ohp,medium
1788983117575,-3.060089289148152,1.8137575047699732,-8.977357815441488,-40.58965931270264,-32.62951096715966,34.08760950589023,user,ohp,medium
1788983117592,-3.9882914914004495,1.4158710798401384,-7.477839972686767,-51.89590367225653,-42.01604528311684,34.80843351994752,user,ohp,medium
1788983117608,-4.066551958166808,0.7823055568528361,-7.557746453094482,-69.61645039835567,-40.29086244217668,27.49200659801615,user,ohp,medium
1788983117625,-3.805883252417296,-0.1825577338813745,-8.295160564422607,-97.12331607291118,-23.8827775462305,11.907931091465944,user,ohp,medium
1788983117642,-3.163788294684142,-0.3019685565230436,-9.990404977416992,-106.44482357287524,-14.22573956461049,1.0704897856439863,user,ohp,medium
1788983117658,-3.008763591058552,-0.227598649188131,-11.036820740509032,-102.0639334090399,-17.585418263559614,-11.449849940627052,user,ohp,medium
1788983117675,-2.418443244226277,0.3543419187683612,-12.093112000927327,-79.14750810205574,-27.94916994218532,-18.925567973060524,user,ohp,medium
1788983117692,-2.3141459805361926,1.3211506227906793,-12.690166624450685,-49.43976423162536,-32.845891360065664,-16.701086350961383,user,ohp,medium
1788983117708,-2.518251525934041,1.737442363385111,-12.3539303442806,-25.021725250708467,-35.96039273479436,-11.269142771982375,user,ohp,medium
1788983117725,-2.7026053460270165,2.1897969126161185,-10.881047410473228,-14.891487494521742,-50.94749433995983,-0.1059143494071059,user,ohp,medium
1788983117742,-2.522441378839314,1.7622822786744683,-9.31509047164917,-16.560818171071418,-76.36458167567989,9.188376867756768,user,ohp,medium
1788983117758,-2.519299281421304,1.3875897188600153,-9.720159465026857,-13.12511775911276,-98.00606338162196,21.353399694676572,user,ohp,medium
1788983117775,-3.001730915942788,1.4466964992798863,-10.517428617858886,2.531424987314224,-109.77874135959604,30.25380041909997,user,ohp,medium
1788983117792,-3.8157594803959127,2.18022017904073,-11.186008846935628,10.596225704763553,-100.16305761207953,23.45513086455954,user,ohp,medium
1788983117808,-3.913921748462319,2.1130327488221226,-11.384279256439209,12.972936021762996,-85.45986648014397,20.571942383809784,user,ohp,medium
1788983117825,-4.285621556201577,1.823483985546976,-11.067646086883544,7.613144853628714,-37.30612783148905,22.90928605175421,user,ohp,medium
1788983117842,-4.697423949487507,1.732654106195271,-9.70489642944336,-6.342859441600573,23.60376090354089,19.14968526274886,user,ohp,medium
1788983117858,-5.075558174188434,1.7482162708558142,-9.138218239483235,-25.39720977768804,69.33568181214396,14.62345550356481,user,ohp,medium
1788983117875,-4.230704555621743,1.514033420971781,-7.958027043151855,-47.308519814338766,90.10575432339748,15.854602224101486,user,ohp,medium
1788983117892,-3.506608191028237,1.715445781762898,-7.102249587249755,-72.47149679217769,97.56747644444796,22.508244664447748,user,ohp,medium
1788983117908,-3.435679674585163,1.8602948360718785,-7.328501059612631,-83.98600044971442,99.1168228953953,26.36925497960757,user,ohp,medium
1788983117925,-3.410391211810708,2.4259249782837924,-8.340051845550537,-83.28417119173893,101.99044057357057,28.853826790206217,user,ohp,medium
1788983117942,-3.1112653496339915,3.1660325664795934,-9.452008294567465,-62.02391649432112,100.40597328991102,34.896201450782186,user,ohp,medium
1788983117958,-3.003975333868712,3.511695577295124,-9.314940834045409,-49.26365121897116,93.8907787840409,38.55637346849237,user,ohp,medium
1788983117975,-2.7629091542117297,3.885789586694538,-8.22902074356079,-46.75525400100023,87.08881878586782,30.15976237460724,user,ohp,medium
1788983117992,-1.0607814114443956,3.983203666742146,-7.424568985748291,-44.46179259092583,51.39152493790235,29.698659718834264,user,ohp,medium
1788983118008,-0.289399564062804,4.049942038019001,-7.146691371044517,-41.212268621589736,8.804806250573545,42.17497353981928,user,ohp,medium
1788983118025,-0.7287354225710034,4.066401882171631,-7.425615864452719,-39.49173372437977,-21.06488567394607,54.95503611847852,user,ohp,medium
1788983118042,-2.6957218701235948,4.576666403253376,-8.339752570343016,-45.67531571585658,-29.7431344956148,63.8408629267604,user,ohp,medium
1788983118058,-3.417723162133992,4.958391930444538,-8.429384910473226,-65.22946770578068,-18.994412864799667,64.80273114681661,user,ohp,medium
1788983118075,-4.453065888678283,5.058649124963582,-8.641271757397055,-100.83529166038132,-9.77436867872978,61.57020751832468,user,ohp,medium
1788983118092,-4.915146662957966,6.200832954461872,-10.352976891326904,-139.7576232495084,-10.612490092724643,50.23819285503234,user,ohp,medium
1788983118108,-4.979341048840433,6.120926474054158,-11.656619110760092,-150.99473243428343,-19.97033249152589,30.498789059344578,user,ohp,medium
1788983118125,-5.076306362207234,5.984008066613971,-14.285303480529784,-139.87575820139296,-25.355559284129303,7.512994643602463,user,ohp,medium
1788983118142,-4.1498998112000525,6.773047443500161,-15.307627589416503,-95.21635457740032,-26.400115481824987,-9.05391520243496,user,ohp,medium
1788983118158,-3.5826236553467807,6.703914286041259,-14.841805144390465,-52.53238168025334,-33.39573524863003,-10.364888905122513,user,ohp,medium
1788983118175,-2.464381988580525,6.110601771655678,-12.223595991405844,-32.35423726813522,-38.22128438781155,0.1510514210834038,user,ohp,medium
1788983118192,-2.65412261627838,5.5798366065979,-9.83837258747518,-44.97112321242827,-33.957436345593536,14.589125265249033,user,ohp,medium
1788983118208,-3.175010968835652,5.499930126190185,-9.412653604778647,-64.75411386030447,-25.281282684452705,21.503110611094087,user,ohp,medium
1788983118225,-3.96973642853424,5.824344451141357,-10.049810521587728,-75.38620488839976,-23.6346914151973,20.875769688659464,user,ohp,medium
1788983118242,-4.451120599829405,6.307973771014809,-11.694776699718831,-56.94780869562685,-43.14428666607081,18.420458408465155,user,ohp,medium
1788983118258,-4.609586529950052,6.585251666259765,-12.129174078911545,-34.40313350969355,-52.36505229087178,19.84610159580712,user,ohp,medium
1788983118275,-4.203170944269001,6.714837831115722,-11.950507364544272,-19.147330555032497,-51.03000644022816,25.179215752590625,user,ohp,medium
1788983118292,-3.969287369592488,6.025307752990722,-11.42737371727824,-5.915295149086475,-40.65922820449381,32.82369324526312,user,ohp,medium
1788983118308,-4.047697620093077,5.755062825122475,-11.018265093120933,-1.684591346867892,-38.521351673523135,33.044318600738286,user,ohp,medium
1788983118325,-4.347870653235167,4.822371640887856,-10.589403720745445,2.815949750682622,-43.60503073691236,26.10185307360157,user,ohp,medium
1788983118342,-4.905270581109821,4.282179891315102,-11.120168301281332,14.327856869117706,-42.0291729067016,9.866813581598612,user,ohp,medium
1788983118359,-4.848408437811583,4.294898503112793,-11.48498477924764,23.91290892575401,-27.58541626510524,2.5048751882367384,user,ohp,medium
1788983118375,-4.387225196893513,4.64160941554606,-12.218657950481772,38.1559024019816,-1.086808494953322,-1.0166147475748066,user,ohp,medium
1788983118392,-4.118176931463927,4.576965386199951,-11.88825812138021,59.12207647449535,22.96294743296842,-5.961803614692384,user,ohp,medium
1788983118408,-4.150648145349323,4.604349652209878,-11.638064632415771,74.54395377127797,32.82608381147263,-12.608101467246769,user,ohp,medium
1788983118425,-3.7943610107973216,4.51366867980957,-10.83376192768514,88.99428446995047,30.86212780243257,-16.960251048828347,user,ohp,medium
1788983118442,-3.705626057898253,4.1940433427006,-10.39457614517212,101.25260255829076,25.07938229258713,-22.23651241850796,user,ohp,medium
1788983118458,-4.0397666809633375,4.106654982104898,-9.865456993755698,109.60517942259683,33.15110860841144,-28.90398769947079,user,ohp,medium
1788983118474,-3.5181298481263217,4.2283100617006415,-9.61436509464681,111.38630834302856,49.672974210646274,-28.05195062881567,user,ohp,medium
1788983118492,-3.3672952896669504,3.947889192254841,-9.333644949993491,111.09217990680033,59.336523923866245,-28.20765162113528,user,ohp,medium
1788983118508,-3.412785267340392,3.582324818530678,-9.172635472869873,118.9358462062379,60.85716308973203,-36.53164243621755,user,ohp,medium
1788983118525,-3.653701663263142,3.727024089105427,-9.331999520874025,133.3546077705666,58.04821364261844,-46.40287429643551,user,ohp,medium
1788983118542,-3.0654762428835034,3.843292507226765,-9.30207141560018,144.55788019819337,57.63842278298518,-42.02184752881677,user,ohp,medium
1788983118558,-1.2192476338259874,3.66103390584737,-8.551040866851807,145.9309941081761,57.18485041077214,-18.615950375341967,user,ohp,medium
1788983118575,-0.9919479675844312,2.5143609482362863,-7.458835997009277,134.86668870940235,49.68905930614165,-5.746513490732643,user,ohp,medium
1788983118592,-1.2859858589723705,1.787421469171345,-7.146093405151367,121.4958420882937,42.60661417460741,-5.570257470992702,user,ohp,medium
1788983118608,-1.9099745205201208,0.8197149395264685,-7.50223031757772,111.13724549494404,33.49815393523437,-13.538669491657751,user,ohp,medium
1788983118625,-1.4016558728091415,0.6159085232056677,-8.128913186645507,107.53950482134238,32.13429834667164,-13.837686635784449,user,ohp,medium
1788983118642,-1.0609309759829193,0.6311715587891638,-8.148066799926758,102.6760208115106,38.89520890793296,-10.593806110250076,user,ohp,medium
1788983118658,-1.0214265755251049,0.6374564112123101,-8.325985326275228,106.76221563341656,37.6938708404815,-15.291570947797116,user,ohp,medium
1788983118675,-0.8340802225526421,0.903063084820658,-8.870815841564536,121.2528102972463,34.37561126243298,-17.259215258988977,user,ohp,medium
1788983118692,-0.7941269823487848,0.9258080371247605,-8.93785348804891,135.3931460302486,31.79539460533936,-20.91654762555173,user,ohp,medium
1788983118708,-0.3576342383120209,0.9527427921017864,-8.26164174118042,142.54544692151916,23.08430623414121,-20.66475953198838,user,ohp,medium
1788983118725,-0.1267433426454663,0.8538322401184588,-7.825747401428222,143.49881838624788,13.829020833274994,-19.544048432594348,user,ohp,medium
1788983118742,-0.0674868515565991,0.5286698002137243,-7.649175028991698,145.71912164012227,-7.036762265044263,-23.913265803138145,user,ohp,medium
1788983118758,0.3208227301999926,-0.0873883605957031,-7.182904255676269,141.93033374524614,-44.04524325910885,-31.211546619992088,user,ohp,medium
1788983118775,0.0531210570737719,-0.4810848960876464,-7.056610118103027,134.72347330288554,-58.935885517720806,-38.635811983634206,user,ohp,medium
1788983118792,-0.1436523918703198,-0.4077624702453613,-7.3475056198120114,124.99593154733172,-57.31003411788014,-46.96425778960261,user,ohp,medium
1788983118809,0.0344163566038012,-0.5521627578735351,-7.473500482177734,101.06183537477231,-44.61620267749231,-55.046994370368985,user,ohp,medium
1788983118825,-0.3688570585940033,-0.3067570877075195,-7.312340782928467,79.91569947800707,-16.435832539449354,-61.95594245170116,user,ohp,medium
1788983118842,-0.5901710014894604,-0.2246057509824633,-7.60368461292684,62.73781469656002,12.099384708995986,-71.90767833657146,user,ohp,medium
1788983118858,-0.1563716612551361,-0.7145198502138257,-6.932410906982422,45.17103260415079,-12.57295331377788,-73.16090876624209,user,ohp,medium
1788983118875,1.1575961373593655,-1.2179004570007324,-8.012644768524169,49.01368678591621,-48.825692659200776,-64.59499094321068,user,ohp,medium
1788983118892,1.022174179022014,-0.98012601236552,-8.950871959576011,62.01975690911658,-65.95529824849959,-63.60468181545053,user,ohp,medium
1788983118908,-0.2356796643130481,-1.6090531532287595,-8.484302495574951,66.25142793015466,-76.02505297203855,-77.68036297776949,user,ohp,medium
1788983118925,0.1047458842404186,-2.459892568206787,-7.64797792816162,50.88788044888395,-54.08342543320944,-83.29624696619152,user,ohp,medium
1788983118942,0.5588960116513073,-2.651428993280232,-7.682394577026367,34.24209813963216,-26.16708991791166,-76.16957294468686,user,ohp,medium
1788983118958,1.3929761611387133,-2.802114060266316,-8.074445098876952,21.888319619904465,-5.247462303931077,-58.72251723823878,user,ohp,medium
1788983118975,0.9220664759762583,-2.245162606811524,-8.105569720458984,23.28473642778794,7.086460855879391,-54.941587476002766,user,ohp,medium
1788983118992,1.0887629126951095,-3.0349498794555663,-8.81021261204183,67.69321256205265,92.61220152236038,-47.35943887460121,user,ohp,medium
1788983119008,0.6956649276182055,-2.7742814659669994,-9.144054690551757,97.24317223246656,114.3806086336488,-37.721461389633774,user,ohp,medium
1788983119025,-0.3030165129397064,-0.2243070602968335,-6.06541063079834,28.180563090887013,-45.79591295093692,-37.78674433772076,user,ohp,medium
1788983119042,0.4305070206906646,-1.2184992996767163,-6.739528035736083,19.234091032964585,-5.8778669930952745,-29.5740838985624,user,ohp,medium
1788983119058,1.1231796346250922,-2.9536969528749584,-8.092102336120606,25.18946615898752,51.17436248833638,-16.33951833441571,user,ohp,medium
1788983119075,1.3983630418088286,-3.4624645133972165,-7.638999087414145,13.429394148900364,42.67945814210559,-5.545507426761515,user,ohp,medium
1788983119092,1.5230112022733315,-3.9158664527893055,-7.592611430248618,12.903561790363176,45.15594471627423,-1.334635825850005,user,ohp,medium
1788983119109,1.199045826666057,-4.227412236078084,-7.352742935943603,14.768571410218192,46.13749071132925,2.477570226369143,user,ohp,medium
1788983119125,1.1189896355893465,-4.542848304803669,-7.325059394726157,15.011447814461969,24.365586543185778,4.175061132536545,user,ohp,medium
1788983119141,1.091157096088957,-4.740070374298096,-7.291540571483969,17.787769447910414,8.979157074421877,3.7409488230425207,user,ohp,medium
1788983119159,0.5954077148328535,-5.223549472045898,-7.96146812351644,21.04472295551619,2.322668366182424,-1.1913545720407106,user,ohp,medium
1788983119175,0.0305257697728928,-5.149627911266684,-8.522609722137451,25.704962733763185,6.990450594263814,-4.995750196222243,user,ohp,medium
1788983119191,-0.3359367172681959,-5.199308180236816,-8.706514337158202,26.89604527217585,19.47276004067963,-8.814996039041558,user,ohp,medium
1788983119208,-0.5553054523715225,-5.556793000140786,-8.974664923095702,29.602811674211477,29.23267006271014,-14.8466490101679,user,ohp,medium
1788983119225,0.2662050230939872,-6.170905725970864,-8.333318153381347,31.60507821430613,26.002736783460936,-23.30952489183321,user,ohp,medium
1788983119242,0.6379047760343178,-6.223577577972412,-7.339873517498374,21.354927949503367,8.477652142160983,-27.54390066778261,user,ohp,medium
1788983119258,0.6417953719983809,-6.190058754730225,-6.010343992614746,-1.8151823226427144,-13.348773157258472,-31.863822855539134,user,ohp,medium
1788983119275,0.097713044727873,-5.608267751312256,-7.128136892700195,-30.656853297117014,-21.394189584399893,-34.93924188783702,user,ohp,medium
1788983119292,-0.278924803935457,-5.18389609157145,-8.31221925125122,-33.7568712557107,-13.92987369901211,-32.945526744583226,user,ohp,medium
1788983119308,-0.4771946289171464,-4.6055461685180665,-10.330979579052329,-17.060871688133684,-1.543551355601714,-29.868239655547335,user,ohp,medium
1788983119325,-0.100706363058649,-4.478204567718506,-10.211718993377684,19.922326506944454,4.757042768693114,-22.75272274805189,user,ohp,medium
1788983119342,0.4557958853239193,-4.5994110267639154,-9.083152185821532,40.77953174143983,-6.918295622098154,-13.917456415101029,user,ohp,medium
1788983119367,1.2168527015134691,-5.320664276885986,-6.534374880981445,41.60599146120054,-38.48627865213512,5.341300992277413,user,ohp,medium
1788983119375,0.6184519240781664,-5.093664031982422,-6.214598737224936,33.884862170567565,-40.17716711325264,10.1971505581644,user,ohp,medium
1788983119392,0.1442503577634692,-5.24734243556559,-6.324133463177085,24.043276746442046,-37.61273502333092,12.881140840638963,user,ohp,medium
1788983119408,-0.6528691780143999,-5.533299311828613,-7.245601827129721,19.10659530682254,-28.67900126821057,11.524754063933642,user,ohp,medium
1788983119425,-1.4860513443323318,-5.539733144268393,-8.037035113415122,17.84787169751194,-10.77950102453615,2.920838191002158,user,ohp,medium
1788983119442,-1.731457028198079,-5.487061292266845,-7.974636232647299,21.977600437640287,-7.568442119284627,-5.594435486880902,user,ohp,medium
