epoch_ms,acc_x,acc_y,acc_z,gyro_x,gyro_y,gyro_z,participant,label,category
1789040428231,1.5644610742431133,-4.383633309881389,-10.11909331665039,-0.7617518415853344,7.968213091405473,-23.03216457001733,user,ohp,medium
1789040428247,2.149394467340037,-4.024054148046672,-8.674192614746094,-6.454504006226308,-9.43105605028826,-16.57676837033069,user,ohp,medium
1789040428263,2.4123077371459454,-4.109646857397258,-8.074145823669433,-17.028505129204284,-26.55824631394183,-14.707579528477272,user,ohp,medium
1789040428280,2.04554597033076,-4.554669090978801,-8.198195397186279,-25.719060244210088,-41.846171648269454,-18.027075370765562,user,ohp,medium
1789040428297,1.4821603921752422,-4.321384066717326,-8.492532563781738,-24.35951792010822,-56.85996563271132,-22.835545621927466,user,ohp,medium
1789040428313,1.3606545848570764,-4.374206140844524,-8.570793030548096,-9.040327394854865,-20.865684914349938,-22.094943087581104,user,ohp,medium
1789040428330,1.5221135593138635,-4.993855458013713,-9.955838106426596,16.924141546233784,-23.330247685775028,-26.952232115835674,user,ohp,medium
1789040428346,-0.22430684110112487,-4.608688558197021,-9.636960957336425,34.47584087340834,-28.973570251640293,-43.355954228449505,user,ohp,medium
1789040428363,-0.09127908442392944,-4.34128616027832,-9.099612322235107,39.17312589016618,-58.1485081403909,-46.9101661064707,user,ohp,medium
1789040428380,1.3756183087004348,-3.672256433868408,-9.286808964538574,36.376491274126124,-49.11034079286106,-23.95315410789102,user,ohp,medium
1789040428397,0.8400653248442337,-3.506757244110107,-9.670479780578614,28.40281403138464,-19.02092424406307,-14.921309807985311,user,ohp,medium
1789040428413,0.1452980036528781,-3.985298008672893,-9.376292251586914,9.850599566282646,4.387694312909151,-20.93259173991209,user,ohp,medium
1789040428430,-0.058358848129399114,-4.26811307977885,-8.123077320098876,-18.79347552960706,30.951821846613182,-34.988470476279886,user,ohp,medium
1789040428447,0.13377579856552183,-4.3768996177121995,-7.189488310241699,-32.49676282554588,37.473952409585436,-43.00358135407396,user,ohp,medium
1789040428463,0.32665881594233215,-4.1295489509582515,-6.993911962127685,-36.59146806315769,11.63637301534999,-48.04963290532559,user,ohp,medium
1789040428480,1.3437455356322228,-3.899705299322307,-7.5165961120605465,-12.43756701159718,-56.86431646321262,-53.9737394253282,user,ohp,medium
1789040428497,1.685068909808248,-3.764283267919719,-7.843703913879394,19.965814321389928,-130.94251280479824,-57.8347565706772,user,ohp,medium
1789040428513,1.5242084857665001,-3.589356909124553,-7.739406504058837,61.608483898433434,-190.92650451103586,-55.42535611453643,user,ohp,medium
1789040428529,1.2578534506094177,-3.5250130317687987,-9.769390236663817,115.90855610192651,-213.490758434225,-45.33637440848387,user,ohp,medium
1789040428547,-0.4279637294160202,-2.6415523269101975,-13.031191307941079,86.9002987345863,-111.97601321558913,-2.9338684843912497,user,ohp,medium
1789040428563,-1.8956093836244194,-2.2852654846191407,-10.664372744750976,25.118147031221536,-12.68675194931311,28.475096215823594,user,ohp,medium
1789040428579,-2.8874073482789098,-4.477306449835003,-8.818892177581787,-32.67991776323436,50.30880676576651,21.293394775270723,user,ohp,medium
1789040428597,-2.0826564248567445,-5.710320304815471,-8.533982180023193,-59.764763124447704,41.13917876728143,7.951659274178301,user,ohp,medium
1789040428613,-1.296161069897562,-5.3028574020385735,-8.872911352539061,-38.973083309754855,1.3795795378057467,6.415795616652554,user,ohp,medium
1789040428630,-1.0609307202545926,-5.414786037389934,-9.78749580219686,5.308040959227212,-47.16806380424663,-5.199028151866047,user,ohp,medium
1789040428647,-1.8014872577942906,-5.255422281646728,-10.173112491607666,43.77831263615558,-82.71329715072011,-16.54438815102295,user,ohp,medium
1789040428663,-2.0352211948670447,-5.494094259643554,-9.967360786437988,43.78393729693709,-77.81846257259798,-22.286572582482275,user,ohp,medium
1789040428680,-2.295590698474273,-6.503249967138469,-9.19942060394287,40.14007577096489,-75.5558599571937,-24.103939071555512,user,ohp,medium
1789040428696,-3.2317234745301304,-8.520963708496094,-8.86108998184204,37.71272216259074,-82.33985655784966,-31.794687680760266,user,ohp,medium
1789040428713,-3.994725762231648,-9.50887087625712,-9.728688808441161,53.64326072233713,-100.66595761047837,-39.83749839073332,user,ohp,medium
1789040428730,-4.755333556012064,-10.977414611816405,-11.826308737945556,71.06145887954192,-119.46771303690679,-53.665950610759914,user,ohp,medium
1789040428747,-5.459079060363769,-12.209978969463705,-12.565368278393148,98.44609831890004,-137.2255765015363,-64.62466128496521,user,ohp,medium
1789040428763,-5.428852556665241,-12.736254421886802,-12.84549045715332,132.46012619686172,-143.21300229023953,-72.21946964199338,user,ohp,medium
1789040428780,-5.506364689282328,-14.25567523498535,-14.451700495910643,181.84261246210735,-150.06948768855682,-91.76399448028234,user,ohp,medium
1789040428797,-7.264008129175007,-15.857545783233642,-12.990489879718423,208.3966667474461,-128.89379756325292,-128.76698827112247,user,ohp,medium
1789040428813,-7.023091733252257,-16.25468398361206,-12.264896554565428,226.2641274274976,-118.08526908851786,-137.27658435425795,user,ohp,medium
1789040428830,-6.343138169506937,-16.03516561889648,-13.091793952941893,276.0552912315418,-128.8265201999283,-148.39309971904723,user,ohp,medium
1789040428847,-8.593388454846293,-16.000599332427978,-11.872995670318604,322.1536586193052,-144.1605544337954,-195.31561139244272,user,ohp,medium
1789040428863,-9.906159591022133,-15.853804843139647,-10.667814117376505,308.1498310470548,-114.81597172153458,-224.2647944536515,user,ohp,medium
1789040428880,-7.054665559906512,-13.392417067939043,-7.142502394922078,307.3848225392567,-121.55302443202504,-224.17113889975226,user,ohp,medium
1789040428897,-5.304653345544636,-11.061810220336913,-8.566303610174357,358.2849221965658,-175.62032378860408,-225.52639869524455,user,ohp,medium
1789040428913,-6.226720369510166,-10.312875182563065,-9.00519070200175,406.84781308216657,-221.89096220761357,-245.31135302250712,user,ohp,medium
1789040428930,-5.167435973424185,-8.670601312255858,-8.114996926028468,420.02857553867375,-235.43252257683753,-248.25267836592474,user,ohp,medium
1789040428947,-2.8360817232545465,-7.146392680358886,-3.533692231982574,370.7358106383654,-224.3143816270258,-229.4007278792859,user,ohp,medium
1789040428963,-2.862417283929139,-7.4076622746109955,-2.740611251555383,339.40130695293476,-228.52505664655524,-224.4909420170706,user,ohp,medium
1789040428980,-3.0336028487607836,-7.086838083106279,-2.576011348724365,320.8207335423989,-240.5196747914197,-224.00725534080698,user,ohp,medium
1789040428996,-1.0148419364377856,-6.107459966498613,-1.9333172560542822,304.7474679346613,-255.5750236467719,-208.49641483008494,user,ohp,medium
1789040429013,-0.21667554250508544,-5.600037683105469,-1.8409908545345066,285.7595420420259,-242.94941896600335,-193.48454695898903,user,ohp,medium
1789040429030,-0.16998890239298342,-5.927445344653726,-0.7647980850771069,255.82927060843647,-236.29670543138423,-185.11548884821573,user,ohp,medium
1789040429047,0.14050970993041992,-5.683236775317788,0.07466974879801273,223.8087700435264,-243.404582772293,-174.21013561180658,user,ohp,medium
1789040429063,0.6289262640804052,-5.222202149090171,-0.5758054992675781,209.7983854896728,-231.10073464294538,-166.036516533944,user,ohp,medium
1789040429080,0.5205892234802246,-4.6363720994144675,-1.5282479704156517,200.08088411219887,-220.80563148812018,-162.0695426640006,user,ohp,medium
1789040429097,2.346765370720625,-4.038119790539145,-0.9500491462707519,182.52266707700883,-210.90790873920633,-146.0215214354354,user,ohp,medium
1789040429113,2.557304894688725,-3.9225989759147164,-0.9751885559633373,167.99821516546336,-194.05063303739968,-137.05585996103983,user,ohp,medium
1789040429130,3.0924101347774267,-3.9410058624818918,-0.19782120443135498,149.3183308043955,-179.19891944196223,-128.91397394206115,user,ohp,medium
1789040429147,2.7181682413399217,-4.110695489667356,0.09891074834614992,133.36351433724428,-162.14608176383976,-132.72662651789727,user,ohp,medium
1789040429163,3.3354216032832857,-3.4712931320190425,0.18689853613972662,116.18476895196181,-150.70343852656072,-130.12508942530945,user,ohp,medium
1789040429180,5.5096577394783495,-2.734179172681272,0.7227505029425024,108.93172960062275,-157.76784854359155,-120.51530013104666,user,ohp,medium
1789040429197,5.992686755371094,-2.5375541922971605,0.6221931564331055,94.62460064808874,-149.96502677539064,-110.58510666281856,user,ohp,medium
1789040429213,6.171502522820234,-1.943343560028076,0.5817912956789135,64.02593373251106,-132.91240766332163,-99.18608101357923,user,ohp,medium
1789040429229,6.304680574688315,-1.4178162956237792,-0.16729440261200068,50.723921757857795,-117.75621789506333,-93.9594085248212,user,ohp,medium
1789040429246,6.4062839231193065,-1.1701657691404224,-0.8869016390927136,53.34286558754539,-116.69738830954962,-97.919367790487,user,ohp,medium
1789040429262,6.284929580035805,-0.8315361640930176,-0.9484031326293945,66.80955000799308,-126.71058223657171,-100.29113048920642,user,ohp,medium
1789040429279,7.82799021191895,-0.2778767379209399,-2.1362265774048863,73.0247899262729,-107.59894112749983,-90.34366347256736,user,ohp,medium
1789040429296,8.372823649817704,0.14469927057474852,-2.412008169677481,70.93695819135093,-82.35027259633392,-76.11788207304821,user,ohp,medium
1789040429312,9.122056793755293,0.30511151245757934,-1.9349640734132378,67.09930029296336,-80.26291897465384,-63.653101026476754,user,ohp,medium
1789040429329,8.01129861461222,0.2258031440734863,-0.9412206007141619,53.8965036461937,-69.6253501348442,-60.6729733783843,user,ohp,medium
1789040429346,7.62328713901937,0.388907839910686,-1.2840394741449503,42.525160753660415,-52.45397452367617,-57.56169243784926,user,ohp,medium
1789040429363,8.002320942908526,0.8593686487944796,-1.7196352876082992,30.74631511486584,-35.02453046000297,-40.91192471321677,user,ohp,medium
1789040429379,7.424120072937011,1.1037268557341768,-2.119167872309964,24.417810169579695,-31.712899580543947,-35.20649352968128,user,ohp,medium
1789040429396,6.79908555559814,1.323394620591495,-2.0729291586284524,13.507775692268138,-24.332501106846234,-31.149142596640267,user,ohp,medium
1789040429413,5.893326801952719,1.68132824370889,-2.3675655342160606,2.6632907538646062,-11.748842325318005,-27.430311206790716,user,ohp,medium
1789040429429,6.360645038494467,2.24261861228398,-3.2680849852687794,7.364100788564416,-1.3672094248886189,-19.714977331668504,user,ohp,medium
1789040429446,6.46659021552205,2.2469582626232176,-3.310432671444677,19.13221705394655,-3.0466899759883432,-12.119802705746093,user,ohp,medium
1789040429463,6.710797031292319,2.361880058758438,-2.415749036706239,38.89962121013678,-13.614256633881345,-3.427474089433612,user,ohp,medium
1789040429479,6.695234720501303,1.9841946458332675,-1.0128964740589725,41.02640551389535,-16.64912397930322,-2.254439472129051,user,ohp,medium
1789040429496,6.697928197368979,1.6898574024622284,0.05476755477231927,27.86897156849832,-10.661286671702507,-0.786747879348348,user,ohp,medium
1789040429513,8.074146992713212,1.5979799545675166,0.9463083066414576,8.746381666186902,0.61773554202747,9.570444843322587,user,ohp,medium
1789040429529,9.234284996575116,1.84488211721885,0.18136121414825318,-10.784995911723426,23.21220323389699,23.763819556550974,user,ohp,medium
1789040429546,9.868451499396562,1.7914611638830509,-0.03321951606862712,-14.795065714008672,19.113377684668365,34.27478059481067,user,ohp,medium
1789040429563,10.658087380871176,1.2856864011017606,0.000599317600019276,-13.779150207050145,2.1514784258159283,38.44026025260216,user,ohp,medium
1789040429579,9.808894564056397,0.7329247640196234,-0.33638524877027376,-15.534665918094333,-3.5339260027428456,33.54546665561505,user,ohp,medium
1789040429596,10.37407637797892,0.5234320822233334,-0.8735839973893714,-11.391801870418405,0.15147275837782898,32.523981129388375,user,ohp,medium
1789040429613,11.118822147369384,-0.05536576726064086,-1.8595464448403916,-1.4169503842409426,0.9201135661126352,32.96171770801074,user,ohp,medium
1789040429629,12.044929277038573,-0.6878839914184063,-1.494879377290624,5.6228315714684065,11.326612837432512,36.32073302483673,user,ohp,medium
1789040429646,11.911005375239252,-0.9063552582338452,-0.821809857987595,0.7671025477480988,11.629010071424718,34.46479987261501,user,ohp,medium
1789040429663,11.822716266411541,-1.374571028137207,0.5184943152938969,-3.9826073191799187,9.146969699687212,29.23053221349993,user,ohp,medium
1789040429679,12.818406050872802,-1.9499274684630332,0.5789486789643997,2.8913590945443826,-1.2462095288123753,25.059643045885792,user,ohp,medium
1789040429696,13.41276778205037,-1.9747676029480992,0.1423053474758053,9.406019991885579,-0.503661244326208,23.888538810795406,user,ohp,medium
1789040429713,14.50407482627034,-1.8379990523073821,1.6232695064706495,2.595793330382659,-0.29783648189563555,26.596649052550223,user,ohp,medium
1789040429729,15.14347572261393,-1.473780905560404,2.15882230766376,-6.830892252610439,-7.894907232364665,27.355167173089527,user,ohp,medium
1789040429746,15.285033480292558,-1.7311574378967285,2.07083471480595,-8.04202950708674,-19.32482668099362,17.184651791367237,user,ohp,medium
1789040429763,15.190610983276366,-1.6775873218812047,0.8572744484276278,-6.69936287287668,-17.915005626863994,3.6980035817492425,user,ohp,medium
1789040429780,16.84275918186605,-1.734449392114207,0.5174473178584594,-13.191185325180646,-28.551437240176828,-2.0828696024899735,user,ohp,medium
1789040429796,17.158495110321045,-1.9518728303771464,0.3242649613420479,-23.902147962716658,-23.37689617025892,-1.2958360824961013,user,ohp,medium
1789040429813,17.169867568206787,-2.3980922378540037,-1.3374604092144406,-32.91859872378045,-10.736960898838019,2.803358083504292,user,ohp,medium
1789040429830,13.606846585083007,-3.712957789025828,-0.9235629981443285,-54.41792028743247,10.405844426933202,-29.345016429273098,user,ohp,medium
1789040429846,12.367549119788407,-4.398897003052011,-1.455524569912441,-40.40054161986874,-14.619883314628893,-57.52866847321225,user,ohp,medium
1789040429863,14.307000933074951,-4.113387943621724,-4.473416054800339,3.1550910545319693,-40.65684105337888,-51.119106257950975,user,ohp,medium
1789040429880,14.402768414959311,-3.914369784490764,-3.507205572399497,9.45296046695649,-20.478353424254976,-18.69714766419508,user,ohp,medium
1789040429896,12.87676588538289,-4.507682956463471,-0.16519929349627344,-30.88313404922495,-9.18919392913623,1.6039275598219822,user,ohp,medium
1789040429913,9.445874321857094,-4.84032734962143,2.06230563768018,-53.84196458567114,-7.8282761756902515,0.9398086300277786,user,ohp,medium
1789040429930,7.9195701789855955,-3.965247081225738,-1.9939205586422233,-6.472260790521049,-25.411529269282973,-9.132492259967725,user,ohp,medium
1789040429946,7.481134338057041,-3.560926348932087,-3.116053095367178,31.677560181778304,-29.454842456032317,-15.08110208361776,user,ohp,medium
1789040429963,8.096590879711508,-2.6807575982909646,-1.2503713786251842,36.638756877876276,-29.5960634473115,-12.148790882357272,user,ohp,medium
1789040429980,8.047659383282065,-2.127697087860107,2.4446298248842355,-3.6557037933325303,-17.047566479630497,-5.209430529971977,user,ohp,medium
1789040429996,8.685714710235596,-1.3313258337158709,2.108095000158995,-15.423526787467178,-10.716315798298009,2.1024455649814646,user,ohp,medium
1789040430013,8.777591614422201,-0.28954876327514645,-0.008828034099936485,-0.6821892090996772,-18.3855083304822,4.209948885043324,user,ohp,medium
1789040430030,6.94677494789958,-0.19138642214350401,-1.2973578054014592,27.372637089439127,-20.12850259723046,-7.450728077807688,user,ohp,medium
1789040430046,8.444647946056723,0.11342530364990233,-1.5936402608457951,37.816257585124376,-30.811861025235867,7.301037651957689,user,ohp,medium
1789040430063,8.789863066974283,-0.03770896840840578,0.7543236720096319,8.939611132901149,-10.249667882692629,27.817562442162927,user,ohp,medium
1789040430080,8.602665255627036,-0.1580173826355487,1.2041337974548338,-21.599754372755182,7.058381948201469,41.40794671112143,user,ohp,medium
1789040430096,6.2313587333679195,-0.8960297521177679,0.3591304682191461,-24.89187823194465,1.438412119273592,29.549317632631933,user,ohp,medium
1789040430113,4.394857591468096,-1.4347254179138689,-1.8082206577025353,-3.0206953432243324,-9.562858210701997,17.7476164733272,user,ohp,medium
1789040430129,5.7625447053104635,-1.07888712310791,-2.6303297258239238,14.255763368654575,-13.274114920762003,19.188144350417907,user,ohp,medium
1789040430146,6.579265577587485,-0.8316855825010686,-1.4915871228206903,0.2461425953687907,2.6051272107703047,23.123806925658684,user,ohp,medium
1789040430163,6.649146338543296,-0.6247368495665491,-1.1640304081905632,-12.727321565435693,12.41518618923434,19.040127320914564,user,ohp,medium
1789040430180,7.318474755638837,-0.48736931011937557,-1.5053538554318249,-8.137053660140896,5.853200191794596,16.017387830137693,user,ohp,medium
1789040430196,7.842655866131186,-0.49215822489634153,-2.580799240588024,9.750745615711645,-1.8156597955543807,7.423228028661924,user,ohp,medium
1789040430213,8.041375188446045,-0.8442552142821251,-2.017712937640026,14.07586045478467,-3.2694516865698433,2.599970417946945,user,ohp,medium
1789040430230,8.121580944061279,-1.2647373192384839,-1.6243156773556022,10.14550152143441,-0.3662524057383905,-3.311874845278439,user,ohp,medium
1789040430246,9.183559017944335,-1.5848121536806226,-0.7073365145809948,2.0358232594869254,-2.0027237358822205,2.1335735117935632,user,ohp,medium
1789040430263,10.528801075744628,-1.7202338928222656,-0.8248018143367022,-4.309956087983827,3.9683300893804763,8.764676327878782,user,ohp,medium
1789040430280,10.301202280426025,-1.6870146370485424,-0.7359174430295825,-9.068939911061694,9.997787581575484,16.3000483787495,user,ohp,medium
1789040430296,9.376590942272543,-1.9916762137815356,-0.6524193678706884,-13.077658189664925,7.198521635157674,13.337996826295486,user,ohp,medium
1789040430313,8.940995877727866,-2.2819734573364254,-0.4430765794064849,-12.33348346638265,2.0882229766953824,11.759644269490382,user,ohp,medium
1789040430330,8.884134172821044,-2.2963388134278357,-0.5898712878905237,-12.980221272286462,3.224374572481875,10.090983805253014,user,ohp,medium
1789040430346,8.294113685718179,-2.6143190136782826,-0.7255925945006311,-13.296540139354446,8.941422840578495,7.115239004173594,user,ohp,medium
1789040430363,7.887848176032304,-2.4111108555115757,-0.7618052599366754,-12.556427671081035,5.359619559631387,2.3694961431320314,user,ohp,medium
1789040430379,8.129661959186196,-2.1395183124266564,-0.6036377282407135,-11.69931491609895,3.208334726989746,0.5325557192797121,user,ohp,medium
1789040430396,8.901043222045898,-1.5194203747071324,-0.927303719042614,-9.088874671928023,5.628495078950817,3.7534190409196713,user,ohp,medium
1789040430413,9.090335959845781,-0.9103954735353589,-1.7462707628112286,-0.3499389791534911,10.115123401327132,4.773297765144098,user,ohp,medium
1789040430430,8.653693432074785,-1.0518031552188098,-1.8303665846675634,6.358793419160566,8.118437979558026,-2.3910720703898667,user,ohp,medium
1789040430446,8.541464060211181,-0.7372643275938928,-0.9087486561764031,10.351863734375298,7.155175547137482,-1.5874148304515359,user,ohp,medium
1789040430463,9.955539415740967,-0.357783656720072,-0.2820665908262133,4.275890519498389,10.198128982763004,8.941805331172015,user,ohp,medium
1789040430480,9.89463691101074,-0.4349962218686938,0.427066378717497,-14.946110224861627,15.285162522808353,14.150796167716173,user,ohp,medium
1789040430496,9.382427393341064,-0.525976469476521,0.9157824272707105,-31.216116016546827,16.938356877443873,21.972604154262424,user,ohp,medium
1789040430513,9.531018118396402,-0.5466264587953686,-0.8032544377867132,-31.301889532143846,16.526988244112342,25.837948224450624,user,ohp,medium
1789040430530,8.971821808624266,-0.7636005458556115,-0.9907502822324633,-32.96918310477356,20.88535244406499,24.486264032988856,user,ohp,medium
1789040430546,8.511237264251708,-0.8738833136960864,-1.6804300710264592,-23.62916579215876,20.613022556572826,22.763548597886363,user,ohp,medium
1789040430563,8.460061788287758,-0.9470566864565014,-2.2122421878539025,-14.485810116316127,18.188843278615437,16.704726841789,user,ohp,medium
1789040430580,8.109609935760497,-0.8628102771483361,-1.6573856608517468,-11.010071989216502,14.469496209483552,14.542765356257572,user,ohp,medium
1789040430596,9.189992850384115,-0.9964368034362793,-1.5001165758328512,-10.905030509970876,17.31999028222375,16.399897206678624,user,ohp,medium
1789040430613,8.67569015982747,-1.56087013707906,-0.8251016375334933,-15.921794210061487,23.633236584904086,13.286996657536646,user,ohp,medium
1789040430630,8.71489345844686,-1.4725833663389085,-0.8420105771604924,-9.548615558735227,24.65174927129451,12.09906454387864,user,ohp,medium
1789040430646,8.6827219581604,-1.5598222354613243,-1.3524242974545806,11.689435901238173,13.018492529753336,-2.0987290882993315,user,ohp,medium
1789040430663,8.515278648597002,-1.7712609002262354,-0.28520872477684167,18.930617190404455,6.558470584451304,-9.771931154969733,user,ohp,medium
1789040430680,9.157073162078857,-1.8215386966980993,0.7074869193697347,10.800440676984117,6.477438927685565,-10.845038397169715,user,ohp,medium
1789040430696,9.611073651885986,-1.4859016975954173,1.707215494360402,-7.430089807456849,10.006412402949916,-12.627858643194674,user,ohp,medium
1789040430713,10.756100011333823,-0.352246480859071,1.4419083151552825,-9.539798638290387,6.11892144437795,-7.576377945326535,user,ohp,medium
1789040430730,11.176282402691244,-0.31693244476318355,0.5081699964879081,-3.170018219519621,1.119650605803682,-2.049948517577335,user,ohp,medium
1789040430746,10.913219495281577,-1.0631748824521898,0.5710177352680824,-7.74501531593415,4.141653396645543,3.3079156834373586,user,ohp,medium
1789040430763,9.905859146770835,-1.663820223943889,0.7606083417696878,-14.706000047231706,8.214007693972137,1.9166665539912335,user,ohp,medium
1789040430780,9.702202952575684,-1.3548188644409178,0.32291836903868243,-6.204623242988684,4.436534434342973,1.1098904789231452,user,ohp,medium
1789040430796,9.860221431189775,-1.3627498035706578,-1.1786949116253294,12.324541041211809,-3.890678949367071,-2.9141522895783614,user,ohp,medium
1789040430813,9.553763034167885,-1.7143978801451623,-1.2722185601056553,22.781937174679328,-0.5299620616641056,-6.342882920375844,user,ohp,medium
1789040430830,9.781659935650229,-1.8038810210630296,-1.295113332676608,28.26420558746299,-0.2931367781381379,-6.8079987391730254,user,ohp,medium
1789040430846,9.052026979717612,-1.8037315295897423,-0.5111618169813417,32.11915240218714,-3.9903109187900467,-12.939407476901051,user,ohp,medium
1789040430863,8.965537029266358,-1.5571287585936486,0.6221933025635779,30.352827916781404,-7.058778952946976,-20.622933161058516,user,ohp,medium
1789040430880,9.443929033008217,-0.892139539746195,0.4899138069704175,33.58887933797965,-9.943314261623692,-19.170216811393917,user,ohp,medium
1789040430896,10.268731504932045,-0.42631738698109983,1.3817541628406382,21.040162096697912,-7.221996995335009,-14.517457797835382,user,ohp,medium
1789040430913,9.826849907463789,0.02289455337524414,2.2207719148606992,3.6229099206931834,-5.498058956371083,-15.379641114502554,user,ohp,medium
1789040430930,10.008061630138755,0.4403834678649902,1.1547535708772019,19.195189690546776,-14.922119185401957,-18.464477270118596,user,ohp,medium
1789040430947,9.691280576545,1.513733707372844,-0.7034457542201503,42.52534175367342,-25.729308943059692,-23.86842390368972,user,ohp,medium
1789040430963,10.845283438652753,2.408267302648723,-0.5536589512480422,58.565006245789114,-27.86497420028657,-16.513346648792535,user,ohp,medium
1789040430980,10.925340725708008,2.5258830437257886,0.452504734824039,41.955898637285706,-19.513616524747356,-7.414898612969094,user,ohp,medium
1789040430997,10.542418097686767,2.2164321868896484,2.4313120781496167,11.186446256606448,-7.1358798358453726,5.579849191021516,user,ohp,medium
1789040431014,8.906730620032548,0.9368805987484753,2.5119664543151856,-21.38869128211803,-4.812768147697132,4.512917720491695,user,ohp,medium
1789040431030,8.014739694976805,0.7079355033874511,1.6784854762973263,-19.647331138128695,-12.196439989554573,-0.5543203305133694,user,ohp,medium
1789040431046,8.579473180609941,0.7592613476075232,-0.991797855056636,-0.4442821410030558,-21.29479837914516,1.45369050539497,user,ohp,medium
1789040431063,5.973531973046064,-0.2539350135803223,-1.5366285530090331,14.435034490026252,-20.100681529193707,-18.552496210405256,user,ohp,medium
1789040431080,5.340266802978515,-0.3769371238708496,-1.2500719572871923,18.3262649771688,-17.22362997341321,-30.787856325397858,user,ohp,medium
1789040431096,8.354566693115235,0.47180751078501343,-1.9815009297911077,30.02670345938622,-16.30613236975269,-25.146770646485766,user,ohp,medium
1789040431114,7.694664860534668,0.35808256660141047,-1.5246573255125433,43.136862250443,-16.496095298496375,-26.202582995933632,user,ohp,medium
1789040431130,6.653636051177978,-0.4450220874510705,-0.2947857140805572,37.14661559361257,-18.858225722938784,-36.49848528289172,user,ohp,medium
1789040431147,6.653936495429277,-0.2807205099795014,0.7474404883671552,33.44657234662243,-19.53931681904682,-36.98473669518869,user,ohp,medium
1789040431163,8.405442893871664,0.02768288363032043,0.29508586607091125,32.068813908004145,-20.0698432250911,-28.512027048665853,user,ohp,medium
1789040431180,8.602517371588945,-0.36257184084467586,0.4167407995361834,27.08926107851176,-18.469989232778797,-27.52555648721925,user,ohp,medium
1789040431197,7.500285613250732,-0.6774094322204589,0.9654621847841888,23.630707707363886,-18.15096304947855,-29.657548810219957,user,ohp,medium
1789040431213,9.791985514831543,-0.0580596825197339,0.0505776562012732,29.576918427067955,-23.938742408742293,-12.845593121103633,user,ohp,medium
1789040431230,9.299676629418133,-0.4064153664853424,0.38980610392466186,16.837980417401365,-21.406709321148526,-12.444843724384183,user,ohp,medium
1789040431247,8.232162548717856,-1.5659571580197662,1.927332628686726,-2.261567841745017,-19.930620064144144,-9.757984762458213,user,ohp,medium
1789040431263,9.105897101593017,-1.7342996083799749,1.646163790417835,-15.312058100212571,-19.194197605569833,-3.0234987089918,user,ohp,medium
1789040431280,9.759065242004393,-1.4556745363097636,-0.1117785593561828,-14.586166085791126,-19.498716467072974,5.6509232857510225,user,ohp,medium
1789040431296,8.620623521643877,-1.8335098511293528,-1.0639232166014612,-10.41978655057649,-19.670625498293024,2.8122206808392067,user,ohp,medium
1789040431313,8.288875785064697,-1.9750666589599102,-1.212812340081483,-8.154709699145378,-22.998809341205572,0.4298446152015298,user,ohp,medium
1789040431330,8.962094779857992,-2.3536498695373536,-1.3863919604428112,-13.378846480174039,-13.216295661890552,5.957739225249403,user,ohp,medium
1789040431347,8.902239738354087,-2.135777664593607,-2.3982411448054015,-16.260851630650087,-2.497621954225008,8.558325213995296,user,ohp,medium
1789040431363,8.37671247394979,-2.281973238140717,-2.5760110564634204,-13.492844044968844,1.2869729515526578,8.38817324893923,user,ohp,medium
1789040431380,8.135496656689048,-3.0220807532712817,-3.15705387186259,-4.957654816126497,3.2183757453998996,-2.345991327763902,user,ohp,medium
1789040431397,9.096169488304852,-2.1760303261354563,-3.5149868739254773,6.224435914223599,4.115697397139026,0.051746687090780195,user,ohp,medium
1789040431413,9.794829213824867,-2.035969236755371,-3.53548693337962,9.502454579003341,8.167997832175638,2.624659630805837,user,ohp,medium
1789040431430,9.373748412322998,-1.8456304239686578,-2.2303480456478892,1.856761312658579,17.308829753119948,6.710813685020207,user,ohp,medium
1789040431447,9.049932053264975,-2.0615571939330546,-1.215206395611167,-2.704441576396875,15.901954218069891,3.6031932989934723,user,ohp,medium
1789040431463,9.596708441925049,-1.8472764376100153,-1.5771800513669847,1.3563798397944464,9.480370016095753,5.929212513294022,user,ohp,medium
1789040431480,10.997616857367753,-1.6253638712342828,-2.299780332183838,-0.8330990905207885,12.6832463547216,10.380613708139174,user,ohp,medium
1789040431497,10.005817650604248,-1.868374974413961,-1.8590974429808556,-5.138458461193197,14.436846197703598,12.643837870757919,user,ohp,medium
1789040431513,9.613318215942382,-2.1583729427613316,-1.938555010577291,-3.5101799963196503,17.86758020836201,14.16537606027321,user,ohp,medium
1789040431530,9.703848966217041,-2.556558533300832,-2.0326769902769475,2.798918033656961,16.80878989643602,9.747981096645082,user,ohp,medium
1789040431547,10.03005894241333,-2.4190412831846624,-1.6816272449217735,6.097547648030864,12.432051633842395,6.6738845597252405,user,ohp,medium
1789040431563,10.537629109844564,-2.0714330565854904,-1.493532703930512,4.001021509182273,12.27272124975257,8.255055423336621,user,ohp,medium
1789040431580,10.360608993640541,-1.8173486976623534,-1.1929106118466704,-8.567204459916313,18.586889627970855,14.36374780565883,user,ohp,medium
1789040431597,10.583270332556962,-1.729511789581552,-0.8343789863035083,-16.907270978983853,21.027548444848193,20.099513566845637,user,ohp,medium
1789040431613,9.975290994915365,-1.9891323745176195,-1.1249749205440283,-22.717989528575085,23.187739203837296,19.9243892240738,user,ohp,medium
1789040431630,9.948206588634848,-2.147598743029684,-1.842337739098817,-12.082982863477845,18.0072968504765,13.728663156252704,user,ohp,medium
1789040431647,10.31062944946289,-2.20909994430542,-2.868552133422345,2.7975400429919106,14.141940827457251,9.360453238611484,user,ohp,medium
1789040431663,10.327090754920244,-2.1721397484377025,-2.397343319182843,5.769760893346429,9.785526646512643,6.545275939635308,user,ohp,medium
1789040431680,10.678737954711913,-1.8749593943055718,-1.2665321667660028,-10.777449406464207,20.425221382701448,15.033130249982175,user,ohp,medium
1789040431697,10.364649208942055,-1.721281063787639,-1.3290810504637658,-24.801649725461488,34.73854360926536,21.652107772743328,user,ohp,medium
1789040431713,10.2655885307312,-1.6277575614377855,-1.8914191288603468,-24.881885665188918,38.294917242158874,24.03766574603888,user,ohp,medium
1789040431730,9.695618313488364,-1.8975541610166429,-2.3407806702878324,-6.303405280746817,34.05975599445492,14.104521636089336,user,ohp,medium
1789040431747,10.514135421532393,-1.99676403843984,-1.8161513045713304,11.987365337739545,23.36729633938047,11.722884191377373,user,ohp,medium
1789040431763,10.893618722754717,-1.9485811684206127,-1.3890853642452508,20.821181109265428,17.281462892663,7.232452307407006,user,ohp,medium
1789040431780,10.879850894165038,-1.8025345748901367,0.5729630241169594,8.313841153975629,17.749952398023343,6.792338396066656,user,ohp,medium
1789040431797,11.69672198856771,-1.5403694931030272,1.8308164107942952,-7.0482011243567415,17.268132070950426,15.94849512707436,user,ohp,medium
1789040431813,12.146681678551435,-1.562964771270752,1.8059767329669556,-14.580857321258733,13.141281401783594,21.812499397475445,user,ohp,medium
1789040431830,11.078419409832359,-1.8486229568481445,1.2448355910036712,-12.5633142093117,3.187335310386542,20.967294223537632,user,ohp,medium
1789040431847,10.728866551971436,-1.9702781825743614,0.8484454507798888,-12.242208233409183,-6.221142482383184,20.84482722417201,user,ohp,medium
1789040431863,11.008987561687826,-1.9874865070067345,0.9554364835985936,-20.498507604948394,-9.304782074234003,24.56401207631111,user,ohp,medium
1789040431881,11.090989553070068,-1.9704276740476487,0.3485061800858937,-34.33637182565126,-6.28697099183012,31.05528213706595,user,ohp,medium
1789040431897,10.734703003039956,-1.7947537117555736,-0.793827268749848,-38.61471694438262,-2.566793200940431,32.249229939835445,user,ohp,medium
1789040431913,10.432733734130858,-1.8677768623903392,-1.4573205682174302,-37.639072232770495,0.5135006120732873,29.64822560200289,user,ohp,medium
1789040431930,10.159345832061767,-1.8356046314515173,-2.0765209908416495,-33.38559241771256,2.0837368230711535,27.59327781283993,user,ohp,medium
1789040431947,10.627711531829833,-1.685817097827047,-2.5073269944788885,-21.467305051917588,7.449273247514475,31.4039632941951,user,ohp,medium
1789040431963,10.810269408416747,-1.674594423675537,-2.4247275121275336,-10.222458970360236,7.864090272603214,33.02615371264064,user,ohp,medium
1789040431980,10.639981815338134,-2.0573674140930174,-1.4007571338711307,-0.820182402387501,9.408723039249612,30.516144570025578,user,ohp,medium
1789040431997,11.100566359710692,-2.436848669488728,-0.5202894733486697,14.202908803536078,4.233120728689415,26.45726196706319,user,ohp,medium
1789040432013,11.734281027111411,-2.5281273155212403,-0.11162914094813167,20.1601536938443,-0.710254242955848,26.975801391114096,user,ohp,medium
1789040432030,12.12468611984253,-2.854936134393513,1.125424691871833,12.48392948190958,0.6328853818542344,25.08761779317887,user,ohp,medium
1789040432047,12.057348029106855,-3.518279339599609,2.037166684645321,-5.9902338502257395,0.5140411041522175,17.660490580274516,user,ohp,medium
1789040432063,12.664279319000244,-3.733608143670857,1.636437273108214,-8.75693943109645,-3.379369707439447,15.975307034661244,user,ohp,medium
1789040432080,13.536966408649086,-3.787178405816853,0.6018426432511769,-7.219550933838498,-6.234237662569391,15.632853302507852,user,ohp,medium
1789040432097,13.641562509155273,-3.7674259498596188,0.41838694104170426,-14.273954723735258,-3.573280698966813,11.735658352672589,user,ohp,medium
1789040432113,13.287817460301518,-3.8073786055415866,-0.07017999963071196,-16.57484567207933,-3.003022442190336,-0.4485673376552983,user,ohp,medium
1789040432130,13.340940563201903,-3.54027577509135,-0.7742243773311376,-8.817521501487171,-10.575836736317417,-9.560444592604043,user,ohp,medium
1789040432147,14.893430702209471,-3.2703298301696777,-2.581697175808437,21.908673583631103,-26.97298052298688,-10.966505627595575,user,ohp,medium
1789040432163,15.18178411822021,-3.5830724220275876,-3.472939109127782,48.73787008685275,-29.487924477277275,-16.59978440028634,user,ohp,medium
1789040432180,13.516914385223387,-4.808455051477253,-3.8444890966001894,61.54007272370659,-20.182488412430242,-30.717942509053607,user,ohp,medium
1789040432197,15.183727068981527,-5.983708206884563,-1.2179002012724056,41.5212697947357,-16.029388472509403,-29.69054545410029,user,ohp,medium
1789040432213,15.803974352043866,-6.346729033605754,0.6697781701570377,-6.886350827350004,0.2961030012286275,-23.76616231143629,user,ohp,medium
1789040432229,14.693215003857016,-7.1972694656372065,2.276287484121881,-45.646939694949765,7.177176440227739,-22.5105327778197,user,ohp,medium
1789040432246,13.657874177008866,-7.420379717364907,1.4770731520388274,-49.85612573324016,0.44109767202424316,-27.271314648196576,user,ohp,medium
1789040432263,10.991928290337324,-7.314135995782166,-1.426494692119956,-23.403872002385885,-20.51980925742237,-44.08702352626182,user,ohp,medium
1789040432279,9.694270990532637,-6.1246669757567345,-0.908748948437348,-16.649839441618777,-31.81801960696503,-55.71162641812459,user,ohp,medium
1789040432296,8.416067163738608,-5.576843416131288,-0.6000462065547705,-22.85193295329362,-22.19414304753908,-60.70627738077728,user,ohp,medium
1789040432313,9.383474272045493,-4.7740379642210895,-0.37678712094090877,-30.479463039088024,-7.81672632580376,-42.39881591439352,user,ohp,medium
1789040432329,8.016684983825684,-4.013579954174906,-1.1019310948912053,-25.851775942425313,-2.8254396582041204,-39.25718502828153,user,ohp,medium
1789040432346,8.265082821545004,-3.210774210003763,-1.1245259346675127,-23.757306971177368,-7.6577374511724345,-39.30521833361965,user,ohp,medium
1789040432363,8.435669689831137,-1.7782932830810545,-0.19168525895960628,-21.896240931794388,-12.280546085220465,-29.79887908452586,user,ohp,medium
1789040432379,10.96798744277954,-0.6527190814696252,-2.091633840832114,-15.933385041082998,-2.009559688024346,-10.009645643748271,user,ohp,medium
1789040432396,9.068039372363685,-0.8807666434690355,-2.226008555138856,-13.106175083223375,10.436806528214515,-6.186856213410189,user,ohp,medium
1789040432413,7.802703210449218,-1.549347310937196,-1.325938368523866,-19.141311450826425,16.08038266485272,-0.12883004094900202,user,ohp,medium
1789040432429,7.247845806664228,-1.221641543225199,-0.3477572066158056,-29.874315108814066,20.610305848830453,7.042801006044201,user,ohp,medium
1789040432447,8.115745077514648,-0.6491282173708081,-0.541687614153698,-35.39884873218176,26.17346248440728,6.33292108947138,user,ohp,medium
1789040432463,6.733242087334394,-0.3924991424009204,-1.1201868094846605,-17.271091250408336,9.777640339342216,-0.5544804130720415,user,ohp,medium
1789040432480,6.5665457967460155,-0.3945943611145019,-2.2839182347286493,12.93488674544415,-5.447258143758644,-6.753938645666021,user,ohp,medium
1789040432496,6.958147405785322,-0.4417297679074108,-2.4329572150081393,27.189629000817806,-10.351149125833386,-1.2870779657111466,user,ohp,medium
1789040432513,7.500434081810712,-0.48123482595235106,-0.6482297341611236,16.174337039528123,0.6830574435370622,4.807756923280459,user,ohp,medium
1789040432530,7.196822306391597,-1.08202980504781,-0.6428429996214806,9.063315250280189,7.673414442864907,7.744417674381774,user,ohp,medium
1789040432546,7.433995570263266,-0.862361072076112,-0.9276035057067871,8.722639074858293,8.818388935511763,11.240351817083482,user,ohp,medium
1789040432563,7.180210778808593,-0.9279029270447791,-1.008257954937592,7.013359048740037,5.302047468230526,6.523067579549012,user,ohp,medium
1789040432580,7.2312354481250045,-0.7450450445979833,-0.8735838923580944,6.526161655243028,2.222047086546854,2.6936500909516665,user,ohp,medium
1789040432596,8.185624669426678,-0.5210381362915039,-1.569548606640473,12.510723460249894,6.981166232747651,10.140667455049334,user,ohp,medium
1789040432613,8.536974347576498,-1.0006265102110803,-1.6497541430599987,-5.131436599839601,32.20656516318496,15.564612882510254,user,ohp,medium
1789040432630,7.734917375946044,-1.8593968643188477,-0.5321112093718722,-17.672482684909767,40.41738145126741,13.538351887861346,user,ohp,medium
1789040432646,7.958774062126874,-1.8734625068113206,-0.881065882143937,-6.770054050125843,34.72389968368486,10.185850010182614,user,ohp,medium
1789040432663,8.12741681060791,-1.887080113275349,-2.576011038197111,26.501477196655266,21.681895935261046,0.8455930006166227,user,ohp,medium
1789040432680,8.69514246379435,-1.7636287979125975,-1.0857701240872963,31.861995779936155,20.49166375540004,2.688554129500602,user,ohp,medium
1789040432696,8.962245001983643,-2.1395183124266564,-0.07242445408925413,23.377225726886376,26.781306631856104,1.0455137048399537,user,ohp,medium
1789040432713,8.65054987335205,-2.3033716346740722,0.6926728513964452,26.385160782637243,19.193222596065812,0.6568648953696797,user,ohp,medium
1789040432730,8.288875785064697,-2.480542557525635,0.7242466386639717,25.992445395929018,18.756134885414603,-2.1030380838919633,user,ohp,medium
1789040432746,8.064121273261309,-2.5091234859742224,1.5994769128437154,13.639582975323751,16.556878859467613,-5.8566101637377255,user,ohp,medium
1789040432763,8.78522313221395,-1.984194625854492,2.7434561013261787,0.31167860730060687,11.414574574884874,-4.959130563874043,user,ohp,medium
1789040432780,9.501838201141357,-1.1798927979066967,1.7368438403695354,-1.744023384157112,6.825995433862363,-3.239478041727477,user,ohp,medium
1789040432797,10.015693732452393,-0.6515222729004919,1.5463557827047072,-3.45267215138567,4.9246278632817235,4.834664453515724,user,ohp,medium
1789040432813,10.578329953545332,-0.00882847249135375,1.0760442278321831,-3.030840948906152,2.0460617130527745,10.94117416351129,user,ohp,medium
1789040432830,9.458593518176674,-0.3486557628907263,0.3863642837745603,2.632595883734569,0.13943037447894283,9.816891728954987,user,ohp,medium
1789040432847,9.466823001861572,-0.40776247024536133,0.07900895617925562,5.804656329816023,2.0339974645444165,12.959828034972096,user,ohp,medium
1789040432863,9.686041506847738,-0.4888661976136267,0.08858522396376356,6.238703325626109,5.387045330469927,16.82901920921031,user,ohp,medium
1789040432880,9.204209007263183,-0.6338648895263671,0.0628477022475563,9.361507649064606,2.953256830123977,14.24633002363714,user,ohp,medium
1789040432897,9.248053409686683,-0.5092169117249549,-0.30256652241619303,20.721393753038832,-0.24319939748632347,14.963028603435749,user,ohp,medium
1789040432913,9.769240599060058,-0.33877968104258177,-0.9581297778031789,35.065900915805734,-1.5256991621020046,18.169664107426044,user,ohp,medium
1789040432930,9.70983388584554,-0.46073403584584594,-0.3788823396544903,37.975353181461486,-0.09405858175099187,22.102434097553317,user,ohp,medium
1789040432947,9.603291327446698,-0.7745242370605468,-0.1744769893261604,31.54025630398812,5.759978354907678,24.847278804211758,user,ohp,medium
1789040432963,8.792705012401939,-1.4095862274169921,0.8134303610979579,16.52524825342128,8.203256122444891,23.6687194176423,user,ohp,medium
1789040432980,8.976908902630209,-1.7449242435730992,1.1412859308104961,3.9481643827428368,10.573149910652663,26.972574126731264,user,ohp,medium
1789040432997,9.089287327575683,-1.8558054156981407,1.0781394830783828,-7.097063017018543,12.673490283265883,30.472144491392356,user,ohp,medium
1789040433013,8.272265426525474,-2.2928965640194714,0.5153521996095777,-12.35131965162649,13.292341280562182,26.635167904374512,user,ohp,medium
1789040433030,8.131458194953202,-2.356942481341958,-0.2668038840362802,-10.58195146317187,14.744836502852399,21.955655039837037,user,ohp,medium
1789040433047,8.386737608879804,-2.31279836531952,-0.33458909748494625,-13.252559697515087,16.712016361180698,21.036255228492667,user,ohp,medium
1789040433063,8.283789275580643,-2.526631085614115,-0.27278832874074577,-11.807630617277951,20.450614318488263,18.19649821312773,user,ohp,medium
1789040433080,7.994988115802407,-2.584241709192097,-0.5964555616516619,1.0396283229312242,16.257527036071586,11.20592510234568,user,ohp,medium
1789040433097,7.821109804755449,-2.571373167529702,-0.405218192590028,8.997178528546955,11.644202973459764,1.5684984081017739,user,ohp,medium
1789040433113,7.679700515636801,-2.4335562038145957,0.38546730753537267,10.46031347801676,9.198219170350757,-7.915601851776158,user,ohp,medium
1789040433130,9.076717184337973,-1.9310734226502477,0.8493432581361383,10.161380003707396,8.564981233341474,-10.19156346342333,user,ohp,medium
1789040433147,9.285161781853438,-1.807472615814209,1.0968435624938457,3.1285818097026805,10.913109769985354,-13.020580860092068,user,ohp,medium
1789040433163,9.78674819869995,-1.2550108749940991,1.6695076949957757,2.594954284331805,12.13153099432465,-10.96774359938264,user,ohp,medium
1789040433180,10.040383352550863,-0.9347856722958385,1.429339048700407,8.12362806955359,9.053641994868158,-9.036070479454654,user,ohp,medium
1789040433197,10.066121604919433,-1.1734579425536096,1.6514006681580096,5.2311714489869505,9.521900981344015,-11.322674379602352,user,ohp,medium
1789040433213,10.177601035198569,-1.2176010356627405,2.2806274495549497,5.085831426751426,5.772190306256837,-11.809780419319214,user,ohp,medium
1789040433230,10.319906980895995,-0.916530176898092,1.8800473650943488,15.109083661100009,-3.9358965092198477,-12.300318629094006,user,ohp,medium
1789040433247,10.583568438720702,-0.8991726532533765,1.9126680704530328,17.713757518064153,-5.195560123314973,-10.010099851328077,user,ohp,medium
1789040433263,10.316314509361982,-0.8131303004391491,2.384176013769582,12.849699772342104,-5.376219480635457,-8.01877868937837,user,ohp,medium
1789040433280,9.843760125732421,-0.8447044193543494,2.8467056277953087,-1.6861240840063254,-5.072440413996793,-6.945306032057792,user,ohp,medium
1789040433297,9.958979911583661,-0.8569744106017053,2.5278283325746655,-6.311474295477541,-5.8645984968588785,-5.9860682886056775,user,ohp,medium
1789040433313,9.319580768805741,-0.8930376576296984,1.4579196118228137,-6.414501295804836,-6.60498545335956,-8.97480795146787,user,ohp,medium
1789040433330,9.15587606124878,-0.6326679348267614,0.9096476508427411,-2.371533673938811,-9.793524798030727,-14.529489176058359,user,ohp,medium
1789040433347,9.405621221923827,-0.39549233286753294,0.7029984123114497,-0.3827859458414642,-9.135062118642942,-16.78204116809896,user,ohp,medium
1789040433363,9.553913256293535,0.8610143336422741,0.5541081928528845,6.856939179010283,-6.454060043930258,-12.441214332613967,user,ohp,medium
1789040433379,10.077343840679525,0.9183259742736816,0.3824734960142523,17.428605657952584,-12.069332730421575,-6.658906381762225,user,ohp,medium
1789040433396,9.10395122822225,0.10729001576527952,1.634791405597329,11.46126147918285,-16.03590788807218,-10.86825591770588,user,ohp,medium
1789040433413,7.557595646446943,-0.8668503463193774,2.385073729794286,0.8092686672283197,-16.086048306769246,-18.51931685896463,user,ohp,medium
1789040433429,7.141005142101645,-0.952144218853861,2.572719832898304,-9.66142723193539,-19.149587932553185,-28.904462397618104,user,ohp,medium
1789040433446,7.013663541302084,-0.6908768165588378,2.6083333633974193,-22.2623783448948,-23.740181979380854,-37.11746776132954,user,ohp,medium
1789040433463,8.753949457550048,0.4809351123534143,1.0784390870794653,-23.084926073808386,-21.258256867085592,-33.58929597951902,user,ohp,medium
1789040433480,9.219922124701737,1.0564413364134728,0.3265096532626077,-15.287353305984634,-19.66539869603067,-22.933215619511355,user,ohp,medium
1789040433496,8.650250598144531,0.8649054958619177,-0.541538579338137,-1.812577886134824,-23.320253411472006,-18.553578795388706,user,ohp,medium
1789040433513,6.288071385192871,-0.689081311444193,0.6081275139406324,-5.699433850557392,-24.103396071516496,-25.408146618096524,user,ohp,medium
1789040433530,5.78454026401937,-1.2710216602049766,1.0682633007655384,-20.2097852634482,-19.62317105148707,-32.78665995958331,user,ohp,medium
1789040433546,5.659293005150556,-1.7952024053711444,1.0591351192418252,-36.31731793025172,-8.14726820804465,-44.36453411223944,user,ohp,medium
1789040433563,5.75281650750041,-1.5792750508848576,-0.3688559466324397,-27.120266722249035,-10.61505824385257,-51.22783945444299,user,ohp,medium
1789040433579,5.94420358723104,-1.3534718337461351,-1.1478697753133718,-3.009887849523257,-19.51466154369037,-58.552110848636126,user,ohp,medium
1789040433596,6.000916239055991,-1.4643535903930662,-1.760186785966251,20.44350409156228,-27.972991934463032,-67.47523390488087,user,ohp,medium
1789040433613,7.299471364483237,-0.9416695865906775,-1.0907082380766049,24.1489944144155,-26.903502131202217,-63.922927649638105,user,ohp,medium
1789040433630,8.094945450592041,-0.7308299836974591,-0.6892304741239175,14.118544014455372,-18.8732777523222,-53.40790606391683,user,ohp,medium
1789040433647,8.903436839184165,-0.3015199907716363,0.37050325489845126,-11.16100636326909,-6.325504357806393,-43.679865704553606,user,ohp,medium
1789040433663,10.131363600158691,-0.3509004091455135,0.04863276921119541,-20.687850694024903,-6.513470309991498,-35.29715063053486,user,ohp,medium
1789040433680,10.61155008610189,0.15831663501018192,-0.3516478573787957,-15.679302003958524,-8.920612107951111,-24.141397536511157,user,ohp,medium
1789040433696,10.321853438788652,0.020051526810420908,-0.9570816387234256,-9.326431212582005,-4.285001564964363,-16.416829245631085,user,ohp,medium
1789040433714,9.292046280670165,-0.35509000175588296,-0.11611834212616086,-17.378052012810734,4.9183218911305095,-17.841313008361436,user,ohp,medium
1789040433730,9.884461553955077,-0.26231483812187795,0.37738660293770954,-26.508251036764626,7.37031113806725,-20.623793764893936,user,ohp,medium
1789040433746,10.671107605963945,-0.050128542460594325,0.14065960326250643,-23.773607217631604,-10.574312750358859,-11.839746166755353,user,ohp,medium
1789040433763,11.49785478221476,0.11342515751942991,-0.46462432128265496,-15.054411411888642,-19.8716379655665,0.6212341997081033,user,ohp,medium
1789040433780,10.438571354243159,0.15547357990425079,-0.7565675784789025,-17.962752064256968,2.7810252859090547,1.977526954590632,user,ohp,medium
1789040433796,9.648481883782148,0.36616303373705594,-0.6878837356900795,-20.451643969505643,4.108356651328554,5.911929573372951,user,ohp,medium
1789040433813,10.587459016418457,-0.32785608116919174,0.21293467547632752,-23.606139516919352,-0.41605734475333017,8.381335375806401,user,ohp,medium
1789040433830,10.470890738567709,-0.12419914718852378,-0.3232168587949127,-21.538738585352164,7.235618100087307,12.444368172463221,user,ohp,medium
1789040433847,10.12552656456828,0.13452414184794761,-1.1978483970424159,-9.945788497650529,1.160182228999007,17.03271081818572,user,ohp,medium
1789040433864,9.41055809380412,-0.228796024012845,-0.9234135066710412,-0.460663069066862,3.779390408351822,14.397850940184703,user,ohp,medium
1789040433880,9.434202004241943,-0.5033809355804696,-1.267131210371386,8.165056581964302,9.61216022367844,16.88077496764608,user,ohp,medium
1789040433897,10.896460083660482,-0.6091746483733878,-0.984914251289051,10.203627285044865,24.959090708472157,31.874559912914396,user,ohp,medium
1789040433914,10.548852514648438,-0.997633758135885,-0.6923729368681087,0.9551227679205934,42.67147706606043,38.33833333961806,user,ohp,medium
1789040433933,10.379462747192383,-1.4112323323898948,-0.1723822860649874,-7.834258567629536,37.59304700304836,42.1428306695852,user,ohp,medium
1789040433947,10.332475370568037,-1.5092448349883778,0.0933739195450209,-8.050795201112805,28.938999249156275,42.938663821107575,user,ohp,medium
1789040433963,10.19017059391439,-1.8149545325348153,-0.35778307219818234,-2.11043966107473,20.97536750713659,37.09745872215599,user,ohp,medium
1789040433980,9.810539993175864,-2.058115419448726,-0.8595186517244204,1.6952794189801985,15.95209805186154,32.56071730183929,user,ohp,medium
1789040433997,10.548702877044677,-2.046892927960306,-0.6042359315958805,2.7523931329083613,7.413280711909447,33.91218975743679,user,ohp,medium
1789040434013,10.599280387115478,-2.02295098442398,-0.4085106765304692,2.2118794961936437,2.1792230811113433,32.42402814107441,user,ohp,medium
1789040434030,9.704297879028319,-2.2076034221373497,-0.6607991102138534,3.835940105811296,0.8602072575629227,20.244665331992163,user,ohp,medium
1789040434047,10.073603485107421,-2.2068554533142595,-0.26021970160668717,-0.6228801685763706,6.953246553854755,18.34615961067376,user,ohp,medium
1789040434064,10.717643731689453,-2.0940288462098686,-0.3755902393065393,-5.212554060856788,11.897007057662154,22.89291750340828,user,ohp,medium
1789040434080,11.383531652942299,-1.80582682136856,-0.20649905293826012,-14.846864161126756,17.464583679405628,28.40840112612571,user,ohp,medium
1789040434097,10.490943931037187,-1.9349640003480015,0.09322419060971587,-23.80892954092432,20.05229134647146,25.86186242428213,user,ohp,medium
1789040434114,10.42495257873535,-1.9698292697630821,0.2549824768066406,-32.470217295336624,18.390101632699036,22.394679109117945,user,ohp,medium
1789040434130,10.040234299468993,-1.5888520767211913,0.07646580190192907,-35.84364089621675,17.929692241126816,20.395586899440055,user,ohp,medium
1789040434147,10.52760455943644,-1.1288662288941442,-0.6844424361297861,-29.950089227466187,17.939804336193017,25.466491801534065,user,ohp,medium
1789040434164,10.842143387061357,-1.0319012077882885,-0.8889963828822597,-21.461075919394535,20.41877539167225,32.57843822764089,user,ohp,medium
1789040434180,10.485107479968667,-1.1792941013611853,-1.0693096954127772,-5.465444803084272,22.728016246276663,32.51591467597859,user,ohp,medium
1789040434197,9.554809912872313,-1.4176666580200195,-0.3728959587212652,7.083917464187207,17.29706304472731,25.428924053551704,user,ohp,medium
1789040434214,9.599849662560224,-1.3866916740417479,0.21009141487441957,17.644145937590675,8.937798571450157,24.84030347352188,user,ohp,medium
1789040434230,10.649408984374999,-1.1760020740784705,0.9320924146238714,26.329651835252548,0.3121978617600865,33.112852718870194,user,ohp,medium
1789040434247,10.925340725708008,-1.4692911929257213,1.4870990176212042,25.50189779464412,1.6464236094556264,37.261116884858666,user,ohp,medium
1789040434263,10.867131697845458,-1.7348986702516673,1.9921257841799407,14.382887703260499,6.204665077897351,42.64032798835059,user,ohp,medium
1789040434279,11.142315251159667,-2.0424037998475133,3.2086795027468353,-1.4493271884540955,7.1904133468392235,46.47291105618482,user,ohp,medium
1789040434297,10.894814654541015,-2.3449707423888144,3.430742291248217,-15.068681384612091,-0.25632157826409313,45.86036261594516,user,ohp,medium
1789040434313,10.821641866302489,-2.3883659397400914,3.2040409562259913,-16.299158746610107,-7.122624573100493,43.094986360641656,user,ohp,medium
1789040434330,11.388318302696943,-2.7795184898376464,2.2774846214845774,-13.769773211093366,-13.025825591600992,45.44172666133673,user,ohp,medium
1789040434347,11.718419441112875,-3.3455975448608397,2.0765218310918656,-17.821742808842057,-16.391603649478935,47.35064159095024,user,ohp,medium
1789040434363,11.181070806011556,-3.366097604314983,1.9835968060918152,-18.609637573001585,-21.928149868049395,39.48499574276355,user,ohp,medium
1789040434380,9.857077872467041,-3.6572923812314864,1.4519342903355135,-22.009265194632466,-27.430546848317082,31.56258760747948,user,ohp,medium
1789040434396,10.913370886451006,-3.867832781982422,0.4236243119722232,-25.12954661694629,-23.773356208179603,32.234609919917034,user,ohp,medium
1789040434413,11.023204887610673,-3.970335125079751,-0.32755613010823725,-28.829624014882274,-10.63660066049479,33.96758600670018,user,ohp,medium
1789040434430,10.621576390075683,-4.05727428060323,-0.7924807495117187,-30.863230877983533,-5.46094328153441,31.99516056308931,user,ohp,medium
1789040434446,10.720338962122797,-4.233547377832234,-1.4541783977341838,-24.737797702005622,-2.892385330467177,27.451377217738326,user,ohp,medium
1789040434463,10.619632270270586,-4.412364606586098,-1.9726718910441732,-11.425234792631972,2.8746750768361573,19.166774396052233,user,ohp,medium
1789040434480,9.941174790301918,-4.826411563928425,-2.253541874230653,6.004956322981702,7.386882030767348,6.788875917044282,user,ohp,medium
1789040434497,10.934019122204184,-4.96078525532186,-0.9997281731318682,21.956025577599508,0.6271424200618702,0.9820680776397053,user,ohp,medium
1789040434513,11.148899305725097,-5.036951087896526,-0.9088981111170723,23.030851466149397,2.376341486784265,-6.0676467873918405,user,ohp,medium
1789040434530,10.300602560967207,-5.243151998138427,0.9385273065095767,21.72810728763806,-3.7713978063624376,-19.64961242131148,user,ohp,medium
1789040434547,11.230153109088539,-5.046378549194336,1.393874717413634,17.459455914886238,-6.2076426134886535,-29.266438517966687,user,ohp,medium
1789040434563,11.998092707061767,-4.916941729681193,1.1794434467040003,14.403931516093307,-6.491098025365121,-29.6886295860381,user,ohp,medium
1789040434580,13.048698323059082,-4.574271909332275,0.8470990594059229,13.799730420793042,-5.822198390038731,-30.780489966378,user,ohp,medium
1789040434597,12.968643374091386,-4.604648635156452,0.8237559220129623,13.267674906148326,-7.980225686608233,-38.75915495476088,user,ohp,medium
1789040434613,13.135787408447264,-4.510227014923095,0.9157821350097656,13.353409148157619,-14.856976256192961,-44.2590862367382,user,ohp,medium
1789040434630,13.291559569439292,-3.942202671051025,0.7475899250415153,13.787384000094596,-16.63245831772839,-46.532791324638325,user,ohp,medium
1789040434647,12.236165550121664,-3.505709488622844,0.06883386398507282,13.958113116135527,-13.862749161170164,-54.31731501605277,user,ohp,medium
1789040434663,11.861173715099692,-3.2182560901917516,0.0766145261902362,11.777702435882249,-12.981902352595931,-55.75961532723309,user,ohp,medium
1789040434680,12.387448583000898,-2.5341126735411583,-0.26201531631918623,11.998741017802201,-11.494415217414092,-50.74080257039148,user,ohp,medium
1789040434697,11.288660243114828,-2.3639750103272497,-0.37095096213333306,15.15245536232959,-15.204747290615208,-47.183438560068325,user,ohp,medium
1789040434713,11.019013281139731,-2.5139114509031173,-0.14305363139272667,13.46743744880369,-15.816052636425933,-44.64793915147077,user,ohp,medium
1789040434730,10.525809492713213,-2.703951938330382,0.5777508155159187,6.806232281498931,-14.470158737833044,-41.711176374418734,user,ohp,medium
1789040434747,10.110563973236083,-2.7763758078977463,0.8479971498899627,4.097660575088314,-16.438509973604,-40.73558630431996,user,ohp,medium
1789040434763,10.135702506145835,-2.640504717553407,0.7894887532050604,9.964995843370252,-26.987030222109595,-39.122538094078486,user,ohp,medium
1789040434780,10.124779545593261,-2.1392193294800816,0.9081509916773531,10.985000072320677,-36.17968620338138,-37.33451409767962,user,ohp,medium
1789040434797,9.856927065819502,-1.8724153358459472,1.2559087919482028,3.36571872060953,-43.59630517024767,-40.146926450702416,user,ohp,medium
1789040434813,9.548674771118163,-1.2961612160280347,1.0094557864200324,-1.3143594488034702,-48.30219281026515,-36.31187426948322,user,ohp,medium
1789040434830,10.412084913855791,-0.8466497082032263,-0.8722375192504376,-1.5498206154861394,-42.46165365475764,-26.02123464328062,user,ohp,medium
1789040434847,10.319756758770346,-0.8336311636108905,-1.1746547511227428,-8.402540551858353,-33.237329501399095,-13.813448855741012,user,ohp,medium
1789040434863,10.01060605392456,-1.3557166900634765,-0.4363428872372955,-33.79389771120134,-18.036982560156666,-3.6372298391749385,user,ohp,medium
1789040434879,8.33870393807292,-2.133981940283254,-0.20395546940267084,-47.974487164077104,-6.127787456807449,-5.615165537898713,user,ohp,medium
1789040434896,8.093000161743163,-2.083254646478221,-1.0770909604061394,-36.979982883526354,-11.41924044786164,-8.640389083099352,user,ohp,medium
1789040434912,7.950545162963866,-1.735945841217041,-3.1313159848202017,-1.608659493534626,-17.661882231317907,-14.51393683531824,user,ohp,medium
1789040434929,7.712920063671469,-1.9126677051268517,-2.9780872977659105,12.248396384797214,-15.804704277119958,-17.901589427786796,user,ohp,medium
1789040434946,8.161983097076416,-1.8469770162720232,-2.4747066909790036,14.096172583602641,-10.182178783503732,-15.687824372495406,user,ohp,medium
1789040434962,8.819342259436846,-1.4829090916506946,-1.5879542510986326,7.509720421669089,1.6990713479083193,-9.431770658830173,user,ohp,medium
1789040434979,9.330951473125815,-1.1035774738587438,-1.4978721944395452,4.31750600833763,7.902714992359636,-4.475349118735686,user,ohp,medium
1789040434996,9.10993848593831,-1.0214265755251049,-1.1453259999815375,1.4649674678797784,7.802298404955755,-4.950716624590234,user,ohp,medium
1789040435012,8.413074996185303,-1.659630517169088,-0.4484635331418365,-0.5115016078022949,4.310847000783691,-7.735366819957861,user,ohp,medium
1789040435029,9.128941292572021,-1.6229693042479454,-1.309927144921571,8.760098393587581,2.6729550446533508,-7.352904400967473,user,ohp,medium
1789040435046,8.866327297973632,-1.6126443095885217,-1.4321811402585356,18.747098545142677,0.17806774075750004,-10.515603005574368,user,ohp,medium
1789040435062,9.022996700066328,-1.624316261877492,-1.1499644734371453,17.92292181611204,1.2120262462854599,-8.131755140892258,user,ohp,medium
1789040435079,9.67197557209432,-1.6756419599670915,-0.06389511067494749,5.3421423862057935,6.642430684823686,-3.737407369957869,user,ohp,medium
1789040435096,9.562590483745932,-1.729960264001414,-0.03651106386072933,-4.06240612680047,12.700339756893204,-1.9132672542186828,user,ohp,medium
1789040435112,9.133430420684814,-1.6337435039795933,-0.5979513531673699,-1.8593271159089764,11.234138052486063,-5.2676835058557225,user,ohp,medium
1789040435129,9.183259158214927,-1.5807718653138727,-0.8105866803709417,3.358088758976391,6.919608725966088,-9.375673461403212,user,ohp,medium
1789040435146,9.805154793006182,-1.069908793817088,-0.9392748004086315,9.390200419994182,6.574867734214389,-4.453484829428829,user,ohp,medium
1789040435162,10.353723910301923,-0.6181529411315918,-0.8807661320123821,11.75325291997454,5.7631915320253455,1.2872835117164818,user,ohp,medium
1789040435179,9.447220475769042,-1.0061631015501915,-0.26261377540268005,6.278003380336717,7.608134056098863,2.06317176381048,user,ohp,medium
1789040435196,8.969127747234701,-1.0441712721008807,-0.11058175078704953,4.3378300899866495,5.711413575474771,0.3245682414814787,user,ohp,medium
1789040435212,9.648632690429688,-0.7145194848876446,-0.7586619934748858,9.69984277714848,2.948973234297321,3.6360883438099,user,ohp,medium
1789040435229,8.955958469060063,-0.7416036719724536,-0.8813649381557479,16.424453444292112,1.7849435810831873,4.10226924523078,user,ohp,medium
1789040435246,8.673145151519774,-0.654215822833404,-0.7218516544066369,18.435688022766993,0.8379010336724247,2.9635166280309826,user,ohp,medium
1789040435262,9.158868228802085,-0.28565796638168395,-0.4566935282833874,16.656285432647977,-0.6505480376044758,5.669113360171236,user,ohp,medium
1789040435279,9.56917512283325,-0.08903452036753297,-0.43275169434491545,8.564758398419801,3.5940421261661246,11.051217048776659,user,ohp,medium
1789040435296,9.674670802527665,-0.046238019561767575,-0.5249285313261672,5.566393291469768,3.6186747765209524,16.4998484874453,user,ohp,medium
1789040435312,9.43644773734212,-0.15158289260864258,-0.9802758691649883,8.287795935123077,3.142946337857452,19.68869988638417,user,ohp,medium
1789040435329,8.784474359673261,-0.4972454650327563,-0.9995789373869076,11.26036427135162,3.2554423282519123,21.847458013194863,user,ohp,medium
1789040435346,8.450483228081465,-0.8035540052551776,-0.9082996702998876,5.819792029016772,7.431792232107474,20.066675724863508,user,ohp,medium
1789040435362,8.278402321845293,-0.9804255798339843,-0.3287534136014059,-1.6952835811267242,9.419691469283006,17.273126646780998,user,ohp,medium
1789040435379,8.712349619182945,-0.8734348392762243,-0.7899364353237673,-0.10963320731729939,7.707768586842778,16.722985644987737,user,ohp,medium
1789040435396,8.934561460766195,-0.7254431760925799,-1.1276689819335937,8.910254126074788,6.320450017820583,17.872719925712445,user,ohp,medium
1789040435412,8.61284002816081,-0.9358332816526294,-1.2270278759060427,16.419911368494052,5.569820338885822,15.983800374894155,user,ohp,medium
1789040435429,8.774300171661377,-0.9665091365538537,-0.42811267290003596,15.68152352298607,5.556681616243656,14.06727576077161,user,ohp,medium
1789040435446,9.306711350360512,-1.011699692889303,-0.2569276195250451,11.411163749168098,7.362004774262869,16.9186483665938,user,ohp,medium
1789040435462,9.072978582331539,-1.2407953026369214,-0.063446124798432,6.530900525866548,9.811757988020076,17.329308367798937,user,ohp,medium
1789040435479,8.987833032226561,-1.6546927685059607,0.006285108151473104,4.889311943291349,7.171082203940795,14.603169841729873,user,ohp,medium
1789040435496,9.184007930755614,-1.584213457135111,-0.06194934690203517,5.65101848151258,5.618674547584807,14.899796419647064,user,ohp,medium
1789040435513,9.373598774719238,-1.9741687602721154,-0.049080805239640174,6.0238955837765005,4.87680373248694,15.503981293248051,user,ohp,medium
1789040435529,9.044395461925864,-2.3051669936582444,0.4804867657977156,-0.6836120228811555,4.165950087070571,13.48676773792847,user,ohp,medium
1789040435546,8.96957666004598,-2.3130979327879846,0.8539819507874548,-13.232363681913007,4.539424404000045,11.971585039435876,user,ohp,medium
1789040435562,9.639953709411621,-1.8215384044371545,0.8236058642840943,-24.17453249172218,7.013392772799064,16.2692988671061,user,ohp,medium
1789040435579,9.67870926426351,-1.5967831619814037,0.21428146870909257,-31.110183197614514,7.7277135929928615,22.12923746740374,user,ohp,medium
1789040435596,9.239822172436117,-1.726368742315471,0.14724385875733567,-34.89910769627403,8.18300546532945,19.66769022449721,user,ohp,medium
1789040435612,8.798540878948568,-1.8680761375978587,-0.4951505020475015,-34.273557990949236,9.696081904236742,15.891719179598628,user,ohp,medium
1789040435629,8.988132307434082,-1.5599718730650842,-1.16762185681127,-21.931293462614892,6.117972048083318,12.801568283034669,user,ohp,medium
1789040435646,9.222614432525635,-1.3851951518736778,-1.6048630080625415,-6.896573486103398,5.573630730669042,12.75045883124911,user,ohp,medium
1789040435663,9.203461403766275,-1.2376526206970213,-1.0898103393888101,-0.9642924036030412,4.814872272848319,11.975862445403598,user,ohp,medium
1789040435679,9.378236371392012,-1.2915220119200645,-0.5475233345698565,-6.490571673912207,8.266951051549844,14.364207135880513,user,ohp,medium
1789040435696,9.613616906628012,-0.9771336986817419,0.24944586720122022,-20.79146807882858,11.586192469291554,19.322203888352334,user,ohp,medium
1789040435713,9.518596443718671,-0.9106940180905163,0.3425207855333574,-30.50533238056945,13.854895297398295,23.673959880282993,user,ohp,medium
1789040435729,9.368660733795165,-0.9178773537233471,0.22011724392417817,-37.381983912411215,16.06441880521511,26.162856908173545,user,ohp,medium
1789040435746,8.391526596722006,-1.3729248683653772,-0.6199480900532099,-32.64280593037909,20.94768133533594,19.41274316844273,user,ohp,medium
1789040435763,7.772476414489746,-1.578526935931295,-1.2514185495905576,-19.05471660498171,17.73395267989259,9.504798187662303,user,ohp,medium
1789040435779,7.621641125378012,-1.5637128131590783,-1.4697398454420967,-2.1228782893269695,13.623005252434485,0.45378426815986583,user,ohp,medium
1789040435796,8.118588776507973,-1.171962004907429,-1.4279907347974135,20.79312098460772,14.48899810711123,-7.15302574509622,user,ohp,medium
1789040435813,8.543558402141928,-1.1813885894224048,-0.7441477943641599,31.406630483065992,16.517752120807195,-12.314863516931547,user,ohp,medium
1789040435829,8.320600126105546,-1.1950059036254883,-0.1417065550321713,35.0142510253021,18.03478323924392,-19.62035530600173,user,ohp,medium
1789040435846,8.181734676250814,-1.2782045574463903,0.9249098461760208,36.953949617504854,17.149939062457943,-32.39070023301933,user,ohp,medium
1789040435863,7.960420075768232,-0.8807669357299804,1.6377836096832528,38.86825698146808,10.413291894449454,-41.164655372885576,user,ohp,medium
1789040435879,8.454523443382978,-0.6268316298887133,1.7962498137985354,35.512223042214806,5.553012950885713,-45.878643617258696,user,ohp,medium
1789040435896,9.77358008956909,0.38531653742045163,2.239476304803416,19.025312640604806,4.020766732299133,-38.0366199783165,user,ohp,medium
1789040435913,11.104606575012207,0.8239045001707971,2.2807770506260914,2.0846832311580235,3.8144335476622184,-23.34746147003075,user,ohp,medium
1789040435929,11.03831711654663,0.6762121852599084,2.010680700915679,-11.22660862269977,6.067398766147605,-14.38660674126357,user,ohp,medium
1789040435946,9.505729947882891,-0.08394684183970093,1.0030214425235986,-17.37968613556966,8.808270010256388,-13.048552192290563,user,ohp,medium
1789040435963,8.017880915611983,-1.2883797683715819,-0.03980276234988123,-12.882402718088125,8.102352884062645,-23.053708694206843,user,ohp,medium
1789040435979,7.332543028479814,-1.4071923180177808,-0.34192214378677305,-3.9740414081870763,8.160319845774898,-36.159178560398416,user,ohp,medium
1789040435996,7.259967621612549,-0.9047089523315429,-0.5351037057187408,11.939708546579427,5.1748134237110595,-45.44422651057296,user,ohp,medium
1789040436013,7.976432468414306,-0.5110124168395995,-0.11641794612724334,20.128154257582793,2.2457188146628257,-46.676215051924835,user,ohp,medium
1789040436029,7.82694567130208,-0.7119760109499097,0.3170824476931244,15.725764365787535,2.4734725397539585,-50.36613595856502,user,ohp,medium
1789040436046,7.397932323235273,-0.7794624971803277,1.588254476154223,-1.1369635345240776,5.674607393584865,-60.20813802422991,user,ohp,medium
1789040436063,8.257301666149496,0.6287774301942437,1.6660652629243209,-9.40814247317016,6.053223562298889,-56.2704110243125,user,ohp,medium
1789040436079,9.290100991821289,1.4238017997741699,1.1969520327245815,-7.1040302368587795,5.980282691491854,-40.987995945097786,user,ohp,medium
1789040436096,8.958803337097168,1.385793702288717,0.519392305313237,-2.0769072742313752,5.022197115575356,-30.225239983085565,user,ohp,medium
1789040436113,7.332691497039795,0.16864143330678344,1.0797858255133033,-2.9121380241034425,2.7012849617832715,-34.16418617176983,user,ohp,medium
1789040436129,6.852354788970947,-0.3697543362272903,1.1279682936737314,-4.228617926479084,2.5244722816259744,-41.12813435139352,user,ohp,medium
1789040436146,6.915501857757568,-0.3886087108336389,0.6605004195282236,0.5281531821119629,3.7254370365505984,-43.07345077418861,user,ohp,medium
1789040436163,7.816320232391357,-0.35688585621368835,0.13766666852422058,6.518738520275694,5.808033004586949,-40.45957494486516,user,ohp,medium
1789040436179,7.926453508758544,-0.26844997987602837,0.2889509435124695,8.11171109699921,4.275931927520232,-37.32031071930058,user,ohp,medium
1789040436196,8.27271609290242,-0.26590589401694015,1.1058218552520498,-0.6101820464965235,-0.49433280674555724,-34.114776583313954,user,ohp,medium
1789040436213,8.649801685333252,-0.0505776927338913,1.315913854648359,-12.634092898359604,3.763553760987501,-30.20922660457647,user,ohp,medium
1789040436229,8.703822029334306,0.06928213747553527,1.207276881253533,-26.617672374815523,14.209954143664945,-24.923425168173644,user,ohp,medium
1789040436246,9.298779972839355,0.7137711872709914,1.1366469458982347,-34.90818160258639,14.979229812147018,-12.900610294868086,user,ohp,medium
1789040436263,9.155726423645019,0.5571006891997531,0.9920980435796082,-35.47083551093911,8.437681021364423,-11.705374147666399,user,ohp,medium
1789040436279,8.693045783776045,0.2588729449065402,0.8318361699528992,-35.91657707126873,6.590650593838996,-17.586458159860747,user,ohp,medium
1789040436296,8.972569996643067,-0.11746566508188842,0.19767120150141418,-33.034343109455484,11.681361763865572,-17.213225887759986,user,ohp,medium
1789040436313,10.84079431053996,0.7112274576049298,-0.6051346888002008,-22.82797094213792,14.074909350942745,-8.311092856608344,user,ohp,medium
1789040436330,11.396401071387528,0.7628524674346671,-0.7661439467281103,-7.043320100421122,13.014146821893915,0.9184204262504125,user,ohp,medium
1789040436346,10.543315923309326,0.7704838025633245,-0.4791390227168798,7.273278909397111,11.36731308092297,6.060099428358977,user,ohp,medium
1789040436363,9.67212520969808,0.3797800191465765,0.8834611432500183,8.01093421711661,9.068789646899955,6.403849188907378,user,ohp,medium
1789040436380,9.76116016845703,0.2838625343322754,1.3573627767700702,1.9126478414383272,7.0329104652391985,9.115243470992503,user,ohp,medium
1789040436396,10.263343966674803,-0.01780687484741211,1.8821422915469854,-10.477966101926658,8.248965455917908,12.928587603482104,user,ohp,medium
1789040436413,9.810990659552813,-0.34955329625234005,0.8869023697450756,-9.685653059147779,14.565586725821877,12.392382748916607,user,ohp,medium
1789040436430,9.42253027114868,-0.5463270374573767,0.4397853558413684,-0.801040370351717,18.580537552042745,6.927183405755633,user,ohp,medium
1789040436446,9.453356786566973,-0.5928641495635733,0.3167828071594238,8.89962805927354,14.879290484211392,4.300291370308259,user,ohp,medium
1789040436463,10.642975736457108,-0.8032547665802762,0.9109944623418151,5.966790933446963,16.187688351808205,5.808471417354299,user,ohp,medium
1789040436480,10.845283438652753,-0.6507739387512207,0.8689460034243762,0.265704363873413,22.103081257977177,11.055705336835004,user,ohp,medium
1789040436496,11.514015058898925,-0.12464827006235718,0.7140712296634912,2.525768523464396,27.661829006444762,18.38835993446068,user,ohp,medium
1789040436513,11.16670501152873,0.2807200715880841,0.9736924721866845,19.616820683106248,20.211685763584754,21.953068105688892,user,ohp,medium
1789040436530,11.261126924023031,0.3889079129759222,1.4335280978880822,30.97282467831097,5.960525942430769,24.87962828766823,user,ohp,medium
1789040436546,11.093235286170243,0.16744449687348678,2.6518787828743458,26.987883995755848,-5.200591411412334,24.376881968525687,user,ohp,medium
1789040436563,11.298387271881102,-0.29314013883061707,3.296218158533424,1.0790435303623693,-7.407766187928308,25.22268307646858,user,ohp,medium
1789040436580,11.21144723957479,-0.33937808076057113,3.173814014136046,-20.120591530624296,-5.196411335640286,26.330596108905304,user,ohp,medium
1789040436596,11.259629963463544,-0.38411974940091603,2.289006863104552,-34.80964246343061,-2.498556196037419,30.83346149848603,user,ohp,medium
1789040436613,11.53017708914876,-0.3060088996887207,1.5872073782540856,-41.355074216756364,-5.061434844809787,38.7753459181884,user,ohp,medium
1789040436630,11.552322285461425,-0.4189851809294894,1.0639243856452405,-39.54638889811821,-4.902191545631878,41.668945314780544,user,ohp,medium
1789040436647,10.687716210937499,-0.9500489270750433,0.7055421785101295,-40.092134673180574,-5.28729297896283,38.64077753116081,user,ohp,medium
1789040436663,10.492139862823485,-1.128267605413869,0.4477164411015808,-46.36060908585147,-2.3651540638106074,34.97032607874975,user,ohp,medium
1789040436680,10.455478065380454,-1.040430551202595,0.3317474443182349,-52.01192468059295,1.4058404412256822,34.02512010517378,user,ohp,medium
1789040436697,10.73215741021037,-0.6280288768492639,-0.20350670272186397,-54.90965634163295,7.684874646518542,37.022029528056954,user,ohp,medium
1789040436713,10.925789638519287,-0.39085320182479916,-0.9753376090452074,-42.62298613804793,14.59022834079999,41.05378774227793,user,ohp,medium
1789040436730,10.915614281463622,-0.425718909631297,-1.2704226713985205,-21.710333427870395,11.11397197309709,43.56329145089441,user,ohp,medium
1789040436746,10.87895306854248,-0.6425442358706146,-0.6968617361873388,-2.1897795653604213,6.401462891566105,44.06791607205871,user,ohp,medium
1789040436763,10.290577426037192,-0.9820715934753418,0.361973363494873,10.019730418057796,7.684147231371935,40.223680701500435,user,ohp,medium
1789040436780,10.274566202434897,-1.0794856735229492,1.2009918461672962,13.51390237195364,3.0395428233521598,38.23222635086191,user,ohp,medium
1789040436796,10.653899281531572,-1.2211926304139196,2.3107044617801904,14.759941466201882,-7.2641862200645315,38.22622261458147,user,ohp,medium
1789040436813,10.945541217693686,-1.617582350512594,3.027767128344625,7.488328269188608,-14.317820759906018,40.990266982996815,user,ohp,medium
1789040436830,10.869674368065596,-1.8930650329038499,3.250727888599038,-4.648850864692819,-13.907287117200523,42.59785445699686,user,ohp,medium
1789040436847,10.602721467480063,-2.2240634124204517,3.6251211001407353,-19.624269004396147,-17.466689085217283,43.635971493852516,user,ohp,medium
1789040436863,10.78931955936849,-2.255787022808939,2.9911065730106086,-32.27392448877963,-22.320754264183606,47.2644855847597,user,ohp,medium
1789040436880,10.779892974853515,-2.473509444018453,2.3707088486269114,-36.89573933030342,-18.56938214558082,49.3501282440527,user,ohp,medium
1789040436896,10.571149686652422,-2.987664688928425,1.2333134955141694,-38.36187700168709,-15.061642874672392,46.54398258959339,user,ohp,medium
1789040436913,10.251523765021561,-3.2104749347962436,1.047314392432198,-34.80917459547247,-16.21311031589899,39.62019592228937,user,ohp,medium
1789040436930,10.371980282482504,-3.493439497375488,0.3577841681767255,-21.980470824638985,-15.875584565231765,27.811401611531576,user,ohp,medium
1789040436946,11.131690981292724,-3.866486043548584,-0.6527186430782079,-7.07580832209511,-12.369708228419457,21.467118929262703,user,ohp,medium
1789040436963,11.424980684661865,-3.9324759345456957,-0.7839513330321759,8.685826062779217,-12.136310419196366,13.69251011120218,user,ohp,medium
1789040436980,12.049717095836996,-4.201823621313274,-0.2723397081904113,21.085663109401246,-10.890255103248846,3.5730879595661715,user,ohp,medium
1789040436997,12.295272988128662,-4.360888978631794,0.6946184142399578,19.649866845858064,-8.245336064147693,-6.31586482645339,user,ohp,medium
1789040437013,12.320112830352782,-4.291905751037597,1.064821115289256,15.438035816811578,-7.733345083963537,-17.497954276143016,user,ohp,medium
1789040437030,12.778454564234613,-3.923498262841999,1.1578962162844837,15.872910546171704,-10.684075597868256,-29.116242658118107,user,ohp,medium
1789040437046,13.365929458507894,-3.228431008855998,1.1502642601013182,19.47482446535627,-16.536919339165543,-33.1227599082613,user,ohp,medium
1789040437063,13.510928881072997,-2.872593371637165,1.1893204053349793,19.760300759453415,-18.644285415113767,-34.281037048090404,user,ohp,medium
1789040437080,13.02954470977783,-2.6349684184752404,1.3313260529115796,10.668199676916208,-17.651864051352792,-35.52724945838884,user,ohp,medium
1789040437096,12.376824897655844,-2.5450360724851486,1.1094133038727565,3.2312175682565814,-14.61521488033119,-35.964716244538984,user,ohp,medium
1789040437113,12.240355987548828,-2.5330653564453125,0.7550717138979584,3.210791460656835,-12.59864592411453,-33.0238621841741,user,ohp,medium
1789040437130,11.879579140362143,-2.675819630432129,0.16160857552792876,7.824760335814988,-10.753306395295505,-32.683964650317584,user,ohp,medium
1789040437146,10.77660211661458,-3.019088293457031,0.6001963921478017,9.908760334612598,-13.618785049301064,-34.55681276601884,user,ohp,medium
1789040437163,10.70028576965332,-3.084928839111328,0.6314705417357385,13.053330763388633,-14.249778415394351,-36.50072900003407,user,ohp,medium
1789040437180,10.557082582855225,-2.98946019404307,0.43634343522656704,22.48059776623483,-17.38529884352012,-34.68714643576102,user,ohp,medium
1789040437197,10.782136954388022,-2.739565395764261,0.5178964041996746,27.02287334732653,-20.341303971011378,-31.40001885994942,user,ohp,medium
1789040437213,10.422858236804604,-2.7371710479736326,0.9488520454406738,21.32663389086659,-20.288149731343047,-29.444552776047693,user,ohp,medium
1789040437230,9.718063954052328,-2.693626651410013,1.6928505583941005,1.88220291354323,-17.490642558636516,-32.79499620546532,user,ohp,medium
1789040437247,9.224559136852621,-2.513013625280559,1.3724765766086056,-6.048521830828982,-20.11847929462347,-35.23328836179524,user,ohp,medium
1789040437263,9.789742119818925,-2.1428107781007886,0.6525696995941922,-2.8133638837515376,-23.808302871067973,-31.075827346089348,user,ohp,medium
1789040437280,10.222643707495926,-1.7464209118716418,-0.5213369639744516,2.853851964490904,-20.40351504151915,-23.655530322355006,user,ohp,medium
1789040437297,10.179697715216875,-1.5897502676699309,-0.777367050137883,4.558777745013276,-18.25042255662498,-18.857143137955337,user,ohp,medium
1789040437313,10.2533182472229,-1.4193125255309045,-0.8334810807658475,2.5788476310518575,-11.493668165473622,-13.575191366923457,user,ohp,medium
1789040437330,10.57264489364624,-1.1502642601013182,-0.7939767396735377,-4.849126952196403,-5.013251275309932,-8.633011625022093,user,ohp,medium
1789040437347,9.149592450934648,-1.4290390428405255,-0.2425623775980668,-10.689047121810379,-5.911215818604685,-15.158783532595606,user,ohp,medium
1789040437363,8.971523702460527,-1.4945808247439563,-0.20664922483155967,-10.461465218665554,-8.631698521154158,-17.614554143011595,user,ohp,medium
1789040437380,9.707290631103515,-1.4538791042603552,-1.0938503080951516,1.3131262794931655,-11.201579394486258,-14.14501612013105,user,ohp,medium
1789040437397,9.8760836017102,-1.1568486069276929,-1.554285625855904,11.013919947040158,-7.869723471121182,-9.739649119631315,user,ohp,medium
1789040437413,9.88939901035726,-1.1578954856321215,-1.4384657460865098,13.916962080159847,-5.66508098723999,-4.8310056065547125,user,ohp,medium
1789040437430,9.323320539855956,-1.329380544866994,-0.6115682929111178,10.252808062163542,-4.414699600226911,-6.407513158510267,user,ohp,medium
1789040437447,9.154230047607422,-1.4507365684509277,-0.5891226797466166,8.168518634099852,-0.6062734173831309,-9.9039424899268,user,ohp,medium
1789040437463,9.305213805279136,-1.4097358650207519,-0.5771521737693343,8.298311011350311,0.9135347065597378,-8.071688749783874,user,ohp,medium
1789040437480,9.979482601386309,-1.118840217181295,-0.6286275185958482,12.106536770830635,4.039201839755822,-1.2175964789970168,user,ohp,medium
1789040437497,9.765049577111006,-1.1311107198853045,-0.8460503358042798,18.82438725824325,5.577747200304445,2.822543444552623,user,ohp,medium
1789040437513,9.594314240264891,-1.1944077185366302,-0.712125000099698,23.00931246460176,5.891169213390698,7.361373835538289,user,ohp,medium
1789040437530,9.584887071228026,-1.2594997839111834,-0.4065647848933935,22.05423003748595,14.90852540140634,15.663556710374351,user,ohp,medium
1789040437547,10.014945544433592,-0.9069538817141205,-0.26111766793690766,16.55526864237078,24.826371595162346,24.95048296257065,user,ohp,medium
1789040437563,9.951049703106284,-0.7848493778504431,-0.10310050078672356,10.00464167640759,26.796519170685016,25.665786476231283,user,ohp,medium
1789040437580,8.63827842079997,-1.366340667669475,0.6566105816159863,3.802429917082744,21.237460648610195,18.220919554505112,user,ohp,medium
1789040437597,9.064297263225912,-1.3151646071836351,0.15233150075254961,7.142231484886661,19.233792212188398,19.89309158974951,user,ohp,medium
1789040437613,9.49929377735555,-1.2556088408872483,-0.19707265108637512,13.989165717423344,22.225783898869164,28.481907621973388,user,ohp,medium
1789040437629,9.670178751805425,-1.2708719495359808,-0.09786273713055997,9.779972848943776,34.30250433265175,40.49995843833286,user,ohp,medium
1789040437646,10.165333089777826,-1.1501147686280309,0.676512154587172,-2.705928636645234,45.89897026022865,54.510134671416814,user,ohp,medium
1789040437662,9.63277227347493,-1.402702897644043,1.0583867713928221,-19.631804410597965,48.74057484176408,53.623272173731095,user,ohp,medium
1789040437680,8.501511989051103,-1.7579425689697266,1.38190414750427,-28.66999566378991,43.20154755697761,45.56677376466133,user,ohp,medium
1789040437697,8.281991870769858,-1.7721578490659593,0.8848076624881476,-28.923938682036397,39.382669263713005,39.22369661078096,user,ohp,medium
1789040437713,9.775375740814209,-1.35826038319692,0.6018425884522497,-24.74043415502525,39.64058062186727,45.01481593254884,user,ohp,medium
1789040437729,10.44380691680908,-1.2291234234131871,0.4234746378358453,-26.48534770493028,52.25266835826839,60.25104527259593,user,ohp,medium
1789040437747,11.1086479593575,-1.16014078034088,0.7254433952882886,-41.606500310293704,79.41820898943085,81.96246811563894,user,ohp,medium
1789040437763,9.843909763336182,-1.3832497168943285,1.7112565133795141,-72.11604008739188,103.89020987988543,91.53544269027537,user,ohp,medium
1789040437780,7.572860435596108,-2.3650223274230955,2.248305581012368,-89.80776683028816,103.98470554705256,72.99027015020766,user,ohp,medium
1789040437797,6.490530478557944,-3.086125939941406,2.078017841803282,-88.4442834870352,93.21525258455914,54.67662736262504,user,ohp,medium
1789040437813,7.24649906823039,-3.009062281744182,1.5554824526913462,-82.46368788750199,90.78249629655151,47.094318251778,user,ohp,medium
1789040437829,7.182306874305009,-2.9662668038517235,1.5661084761239588,-82.25194519304242,107.27318891541441,43.36476858757341,user,ohp,medium
1789040437847,7.183952887946367,-3.1500217812687157,1.6753427578248083,-93.2134630749966,135.81571617381894,43.96479046087527,user,ohp,medium
1789040437863,7.370998723602295,-3.1923683463498946,2.206706034906208,-117.258160500786,175.74796636381328,42.555841963412114,user,ohp,medium
1789040437879,6.734139912956953,-3.1823420423761006,3.7888244194582104,-136.81433081160984,183.62958119427944,31.86645930855876,user,ohp,medium
1789040437897,5.757006944927573,-3.927687531225383,3.615992987115681,-120.22227135527477,153.772665992376,9.473805350529723,user,ohp,medium
1789040437913,5.316027264735102,-4.042460157831013,3.0038258423954245,-98.02738723221076,134.00720502500462,-9.00609448673476,user,ohp,medium
1789040437929,5.742642319488525,-3.84643489690572,3.1004914421632885,-77.24227464440487,124.38077738992368,-17.447229876271916,user,ohp,medium
1789040437947,8.77160786383748,-3.113360568347573,3.849427648980915,-60.458252721446605,89.92409178204265,-0.785685784932411,user,ohp,medium
1789040437963,9.891346052771807,-2.7599165482670065,4.890157183130085,-45.95245405652444,51.84255306464956,14.893128447469838,user,ohp,medium
1789040437980,8.870665619438887,-2.704549173571169,4.434509802898765,-26.61190598760874,22.880059672295733,19.674750932551714,user,ohp,medium
1789040437997,7.740903464618325,-2.660257904163003,3.0994448557198044,7.072855119052726,1.445378912227005,21.23724720519863,user,ohp,medium
1789040438013,7.762301057434081,-2.8453590354919434,3.269431712286174,12.924548400361688,1.0241803560193594,22.029876998000272,user,ohp,medium
1789040438030,6.330418242534995,-3.7128082244873046,4.827159459686279,-3.3295099668285886,15.940104239678998,19.661452554237698,user,ohp,medium
1789040438047,5.598240862816572,-4.211550065557659,5.019892401067913,-16.844755965058017,21.940278576468046,12.305739237974057,user,ohp,medium
1789040438063,5.3477480986446135,-4.715978427831828,4.581005601501465,-10.4693353041367,0.6527905274472086,-2.8329929936525082,user,ohp,medium
1789040438080,5.598241447338461,-4.439299083001911,4.529530265808106,-6.322889676014747,-18.72129409045837,-13.097740653372055,user,ohp,medium
1789040438097,6.158783326500654,-3.979461849865317,4.885817108099162,-11.859706540831068,-21.430727681364875,-13.807180449630232,user,ohp,medium
1789040438113,8.03134888447225,-3.0873233330324292,4.177582329504192,-13.081939864500876,-14.124691184708384,-4.927842747946684,user,ohp,medium
1789040438130,8.213457263725996,-2.899377333666384,2.731933439581096,-1.3208310530420573,-14.7017192261694,3.064268535034429,user,ohp,medium
1789040438146,7.945007987102866,-3.2311241934627293,2.142960707965493,17.676958166363416,-23.123205869011723,2.403326710421339,user,ohp,medium
1789040438163,6.8311062492370604,-4.345326375579834,2.2607246253415942,35.48878524807791,-29.359523751070206,-6.560660940740762,user,ohp,medium
1789040438180,6.728905519434809,-4.501549495209753,3.5163352197945117,32.72845650257105,-21.83028691762145,-8.076836151097124,user,ohp,medium
1789040438197,7.046884842902421,-4.265869977027178,3.878757203839719,26.904261989747383,-6.5782853901203335,-5.979219316415447,user,ohp,medium
1789040438213,7.34166975326538,-4.113687364959716,4.143765107837319,19.27188759228414,1.4469597808547456,-7.608746211803226,user,ohp,medium
1789040438230,6.70346537322998,-3.876062850189209,4.511125132806598,14.356588059861364,0.7250817298702995,-14.371655457170412,user,ohp,medium
1789040438247,6.631189241570234,-3.6209298589959737,4.428075970458984,16.167809086228882,-5.560226484422893,-20.895985341055408,user,ohp,medium
1789040438263,7.01007282333374,-2.9459155052185055,4.307468646350503,14.859756143185155,-12.671113377434718,-26.284505992386055,user,ohp,medium
1789040438280,7.363667650061846,-2.4983500168949364,4.573973218646645,6.08114921760731,-11.263891210284283,-29.270280499374817,user,ohp,medium
1789040438296,7.372196993476152,-2.302025480762124,4.416255476544797,0.9280703096088769,-7.275204168969408,-29.938812585146497,user,ohp,medium
1789040438313,6.769154527714848,-2.201468134252727,3.6556454908072946,-3.959058534469007,0.9880138640339071,-36.32510093081095,user,ohp,medium
1789040438330,6.737582162365317,-1.9442413856506346,3.941603828375041,-5.964948489918352,0.9111553461293403,-39.324902938807625,user,ohp,medium
1789040438347,6.412270596313476,-2.0687401642397045,3.6185374109014865,-5.6879966987922055,3.8725610188199657,-46.2066771125269,user,ohp,medium
1789040438363,6.454768844825029,-1.7064678177982568,3.461866839765012,-2.1865352255046653,2.8206585257851113,-45.79116938455834,user,ohp,medium
1789040438380,6.553527909740805,-1.6932988318845628,2.762310749927163,8.453530475333437,-0.6335688276580588,-43.17902500818949,user,ohp,medium
1789040438397,6.060472005352378,-1.7169415732786057,2.1097408676698803,27.331452756291245,-1.1076597818289013,-46.54119928750661,user,ohp,medium
1789040438413,4.772093406024575,-1.9791072395876048,1.8468284746468067,49.185302119001946,-7.322913040321947,-58.80602313103135,user,ohp,medium
1789040438430,5.4809267350345845,-1.8273752938970922,3.7771535631477833,51.05439704575428,-9.411108482817237,-67.39716484266762,user,ohp,medium
1789040438447,6.685209585571289,-1.4369699089050292,5.035604641723633,33.92562815462879,-11.675212032291622,-61.75686292796279,user,ohp,medium
1789040438463,8.99681011940837,-0.8186673301696776,6.769605194091796,11.24960672340885,-25.216634943958535,-40.13669141223115,user,ohp,medium
1789040438480,7.694663691490888,-1.3835492843627928,4.978143217357993,10.473829568610569,-35.29336670573467,-36.432912051765015,user,ohp,medium
1789040438496,6.765864253997802,-1.952172470910847,4.1817730591923,11.595628375629927,-38.764994766501246,-43.4281800638278,user,ohp,medium
1789040438513,6.7292030410766595,-2.1722890937805173,3.903896029010415,6.765155523830474,-31.600590780021427,-48.48825057835088,user,ohp,medium
1789040438530,8.716388665440679,-1.452232506097108,4.329015876770019,1.9547459258311124,-34.77336732874868,-41.52998170102205,user,ohp,medium
1789040438546,9.049034227642416,-0.9778815944395959,4.129250260272622,7.8191860476786115,-51.583183461107495,-35.56225076279056,user,ohp,medium
1789040438563,8.314611114823817,-1.1972503215514123,2.9753938208982347,7.21598813641269,-47.86696974125735,-30.925047505066733,user,ohp,medium
1789040438580,7.952939949145913,-1.4848539421081541,3.3011545920222995,-6.674526170620399,-31.500415810559435,-26.078165977559973,user,ohp,medium
1789040438597,7.927202865821123,-1.7761986488893626,3.4422646059334276,-13.6721885908741,-30.05870289564773,-25.367377218940717,user,ohp,medium
1789040438613,8.716539472088217,-1.8848354030884802,2.73851837092936,-9.586488957682947,-37.73619410767349,-20.091307094557866,user,ohp,medium
1789040438630,8.596979611206054,-1.9675847057066858,1.8088199387699364,-0.47668711974653505,-42.330309117018295,-18.915785434621775,user,ohp,medium
1789040438646,8.401703707343339,-1.9165587212160229,1.4414604983225463,12.507629384555878,-52.24894590517073,-20.39435405029487,user,ohp,medium
1789040438663,8.51123667972982,-2.353051172991842,0.9917977454587816,27.107762353426033,-50.11627397834761,-18.941629162893808,user,ohp,medium
1789040438680,9.913190804833173,-1.9704278201781211,1.2047329323917626,28.670357663815917,-46.838203233375445,-10.231523485162489,user,ohp,medium
1789040438697,10.11176107406616,-1.9161095161437987,1.8007398004278539,28.79115297438218,-49.84845884589682,-4.0804668545132765,user,ohp,medium
1789040438713,10.013149893188476,-2.002151138305664,1.739088230895996,31.822831475235304,-55.89748611072439,-3.600807001652199,user,ohp,medium
1789040438730,10.625616605377196,-2.35245306096822,1.1771994671694934,44.7378346862319,-62.83291825056328,-2.9877612382635887,user,ohp,medium
1789040438746,11.065551744952797,-2.189347634478658,0.7939774178102612,64.06843799971605,-75.73214030948256,-0.28025042564971875,user,ohp,medium
1789040438763,10.35596847435832,-1.9886840462282298,0.03037643356323242,85.86568216968028,-88.80209660708465,0.11232813049147933,user,ohp,medium
1789040438780,9.909899362072348,-1.992424986322224,-0.1795642477288842,103.0132545715908,-91.18355817442549,0.5026517637112212,user,ohp,medium
1789040438796,9.845407308417558,-2.130840062060952,0.26560718506500125,89.14786127343821,-73.52461633954528,1.3699617776807225,user,ohp,medium
1789040438813,10.510844563293457,-2.288557365771383,1.781585894885659,62.35865723535427,-57.18660918448342,8.065976150316803,user,ohp,medium
1789040438830,10.550350059729814,-2.0536266201294957,1.3210008390564472,42.92048868772617,-49.414564248682595,14.232854060404705,user,ohp,medium
1789040438847,10.075697827038168,-1.9360111713133752,0.5591953599240631,54.108475151990454,-53.52661816678624,14.166388635817665,user,ohp,medium
1789040438863,10.134804680523276,-2.0178632328309116,-1.3021463548522443,76.93632315072333,-52.192029938817015,12.221856831003484,user,ohp,medium
1789040438880,10.268283176642656,-2.2815245445251464,-0.609922653729096,96.6599150584825,-55.84413208802283,9.185963249658815,user,ohp,medium
1789040438896,10.365845725250244,-2.3056164909914134,0.1527806510258466,89.58244571975861,-47.97962346633295,7.547405990414633,user,ohp,medium
1789040438913,10.122983309826255,-2.3264159717835486,1.2746141317389905,73.79316571733183,-42.390756291172906,7.073178272377832,user,ohp,medium
1789040438930,10.39278166297078,-2.0253451130189,0.5270236039092764,63.92186214012758,-38.418301194420565,7.07809302037248,user,ohp,medium
1789040438947,10.752508124321698,-2.087145004980266,-0.34925405757743866,67.20599467798813,-33.64992756878122,9.893008210839257,user,ohp,medium
1789040438963,10.937311734008789,-1.9373580558776855,-0.5461771441252902,65.00158527431236,-28.00251542715041,8.230284034764278,user,ohp,medium
1789040438980,11.426925388988852,-1.5873559929445384,-0.0014964308365248142,53.8692614366891,-20.011038711431876,12.253298753073992,user,ohp,medium
1789040438996,11.756427976989745,-1.443254542132467,-0.12539616582021115,43.61714407740538,-5.004034361911822,20.321667177147592,user,ohp,medium
1789040439013,11.527332805633545,-1.631947414343059,0.2576760267395526,29.696156454503452,4.762673832776966,24.751400023737702,user,ohp,medium
1789040439030,10.784530571526288,-2.1511901916503904,1.2309195130497217,12.255792625894692,3.5471223551061337,22.16681887576444,user,ohp,medium
1789040439046,10.661378239110112,-2.3555951583862305,1.092803602920659,7.077136793888678,2.769236592845024,17.971923300765003,user,ohp,medium
1789040439063,10.334271606335044,-2.7199627235412596,0.38456864166259763,10.112274358669591,10.078325757173689,14.839822236092473,user,ohp,medium
1789040439080,10.741436110687255,-2.713528452710062,-0.011820713109895586,24.022707631756553,13.551522200128424,15.068503799693671,user,ohp,medium
1789040439096,10.731709666442871,-2.794033483532816,0.20410627605020998,32.70051419867653,12.934049193497176,16.769369459641293,user,ohp,medium
1789040439113,10.87266945822835,-2.9589344151370227,1.1595417915344237,35.12388239166997,4.880048499229519,17.663046778571395,user,ohp,medium
1789040439130,10.3243955244869,-3.0657747874386607,1.9687829755805433,25.415635920521442,-1.5968239496417573,13.678366496978377,user,ohp,medium
1789040439146,10.239850278362631,-3.053803925268352,2.0685901247771454,13.995404241456505,-3.1713748658435144,7.142838517949146,user,ohp,medium
1789040439163,10.014495462578534,-3.05185892868042,2.0368676468998195,6.2441563779047184,-9.979748198203833,1.21559000420662,user,ohp,medium
1789040439180,10.41896824362874,-2.952649197387695,1.7682676366943866,3.0962064995934084,-14.630688673895854,1.7910704742121002,user,ohp,medium
1789040439197,11.243321802741288,-2.6449948685795066,1.2304702714448794,-4.521639445174978,-14.329241689971926,7.999604640830851,user,ohp,medium
1789040439213,11.028292566138505,-2.3864209431521592,1.2903253494814038,-10.680056031541703,-17.994129953304007,10.071656077449171,user,ohp,medium
1789040439230,10.825082362145185,-2.32716372141093,1.292420166336186,-17.801433241345023,-19.33688537997328,9.783690179399557,user,ohp,medium
1789040439247,10.879999947246908,-2.1752818458557126,0.7344215419160202,-29.23565485537744,-13.967024805455102,8.885335034661642,user,ohp,medium
1789040439263,11.101464185333251,-1.8222867385864256,-0.3538929876907728,-26.87573228958424,-10.45484932668075,6.883056541735942,user,ohp,medium
1789040439280,11.21638586502075,-1.6720504382811485,-1.105222647249885,-10.774165793020725,-10.392428227856003,4.699411766910662,user,ohp,medium
1789040439296,11.884964925053715,-1.5551833236142991,-1.8978535640883258,5.547729799562708,-7.0991026822594385,9.238203951525657,user,ohp,medium
1789040439313,12.287789938896895,-1.7932567511960864,-0.8463503599304706,0.37692286876924297,1.2401610761372117,14.202422152557714,user,ohp,medium
1789040439330,12.005426118689774,-2.0632035729005933,-0.16624652839372864,-11.660242818951893,7.625518595083839,12.88190069918413,user,ohp,medium
1789040439346,11.994200960320233,-2.636614139855653,0.19602621077336368,-12.847106008004792,9.787830981583877,7.278720008844672,user,ohp,medium
1789040439363,12.59080667103231,-3.224091372216493,-0.6652885123212822,1.1251681179925828,7.60872230614113,0.6968979147555939,user,ohp,medium
1789040439380,12.946197733527422,-3.4645595859803255,-1.0691596376839094,19.12162855318574,7.584078983615725,-4.530305674571255,user,ohp,medium
1789040439397,13.408876035308838,-4.170400309045613,-0.5401915851759724,29.611311844633555,5.597112921035547,-13.015353204056069,user,ohp,medium
1789040439413,13.03044253540039,-4.668693237304687,0.9546877841231413,23.195283147775573,5.47151769503006,-23.55713290962451,user,ohp,medium
1789040439430,13.035380576324462,-4.611681602533161,1.5596732737109995,14.948900357137578,3.7307210416472496,-34.114435073855454,user,ohp,medium
1789040439446,13.222728025275469,-4.230853900964558,1.2997529203770681,6.3887143434802764,-2.779989018145917,-41.017997551027065,user,ohp,medium
1789040439463,13.564800171992182,-3.681983024243265,1.2903247832258231,-0.7333805697944237,-8.266989471363926,-40.7325707758014,user,ohp,medium
1789040439480,13.337947226604818,-3.6314055141724646,1.2240354526244104,-10.354862187420933,-8.588415612383788,-41.03433194842715,user,ohp,medium
1789040439496,12.754062465777993,-3.3701381118774414,0.40880986040644346,-10.348249710530714,-4.756630396021975,-39.73387076064589,user,ohp,medium
1789040439513,11.427075611114502,-3.2386066581726074,-0.6787560975890606,-1.2204416796731503,-10.447425764826592,-45.58756827558943,user,ohp,medium
1789040439530,10.59209602856934,-2.9863173659726976,-0.5481222868436947,2.716919691680254,-10.198115322384664,-52.62749889463493,user,ohp,medium
1789040439546,10.375721807098389,-2.5770585196897384,-0.13527210153788327,0.44851664484505216,-4.175245120757312,-50.07472935272101,user,ohp,medium
1789040439563,11.47226733649373,-1.7899654545657335,-0.04863200202621519,-0.2565876087961798,-0.6535264803302774,-41.474523980056134,user,ohp,medium
1789040439580,11.286565901184082,-1.7387888826232403,-0.051325606758054344,2.71682769756987,-1.4953735490739712,-37.98382603112689,user,ohp,medium
1789040439597,10.210970220836996,-1.3037920762326567,0.034416995924618096,15.063034525715784,-15.101954651153807,-40.73980394613245,user,ohp,medium
1789040439613,9.880720613861083,-1.0389338829040526,-0.650623470030399,24.414780980682792,-14.794567110199262,-38.994823801883,user,ohp,medium
1789040439630,10.371382316589354,-0.756717435278371,-0.434846497499966,25.356098869073733,-11.321888907847802,-25.621856407037054,user,ohp,medium
1789040439647,10.494085151672362,-1.0509046354765073,0.6599023166377562,4.012701559549818,-0.23809673924822147,-19.88800309881785,user,ohp,medium
1789040439663,8.819041230663657,-1.7214310667175798,1.933916724351351,-15.430787278554902,2.7078549634345888,-22.210296444926158,user,ohp,medium
1789040439680,8.851362953075766,-1.4070424612183123,1.6308999145841225,-17.859255915311056,-2.2299980670709836,-20.486734066366584,user,ohp,medium
1789040439697,9.470714748603106,-0.6471826362609863,-0.8649053542980225,8.336809372607089,-6.3301155892697984,-9.671105609989297,user,ohp,medium
1789040439713,9.33933293250203,-0.20440496673583983,-1.7016781963434593,24.01330758391132,-8.261160758680965,-3.5128873125519138,user,ohp,medium
1789040439730,8.5555299949646,-0.418386849710159,-0.9005188137297795,17.095458058543336,-7.454680196016187,-6.928614757273573,user,ohp,medium
1789040439747,7.59051825736165,-0.6343137658050283,1.0847234896947513,-6.847424298609632,-1.8975125691244021,-4.646458164049199,user,ohp,medium
1789040439763,8.672996682959795,-0.601842332723923,-0.2561792534097331,-9.509003876643739,4.780257301021518,1.2411605249118551,user,ohp,medium
1789040439780,8.90702872619629,-0.5569513438569381,-1.029357295530489,0.1373413371089106,9.139949118994085,8.184811196591271,user,ohp,medium
1789040439797,8.62600813729167,-0.539294143145904,-1.3756181991025804,9.134747076167475,8.46654881589148,7.578961464380092,user,ohp,medium
1789040439813,8.321647589331866,-0.7855974562713876,-0.49125959098960736,9.268208118775878,9.88767724819206,4.187662404668395,user,ohp,medium
1789040439830,8.5030083650887,-0.7338226261748001,-0.22894552461928686,7.733778800975833,11.544158631365649,8.55808957246893,user,ohp,medium
1789040439846,8.422802609473466,-0.5460275065215304,0.1391631724259816,4.293850075034114,9.744133992595073,10.534014634255783,user,ohp,medium
1789040439863,8.249821539527177,-0.7953240101136266,0.18570086905406788,1.3852513695812076,10.297710579540851,10.137467511423182,user,ohp,medium
1789040439880,8.024017226409912,-0.8665515095032751,-0.18480244064331053,8.28656052465695,8.274830528531101,5.077884074765293,user,ohp,medium
1789040439896,7.906701345062255,-1.0018240859651937,-0.4168897247538902,15.237045547652905,6.074741219505368,3.6302976240541986,user,ohp,medium
1789040439913,8.537422675865889,-0.9088988052368163,0.08020542682167142,15.7712124445248,8.332725773257067,6.32403714779531,user,ohp,medium
1789040439930,8.339154019927978,-0.9422678082121536,0.6332670332310721,8.205205287679282,11.77111727974871,7.211124187949995,user,ohp,medium
1789040439946,8.572288822063804,-0.918325791610591,1.1641812513707206,3.0741294072052234,12.715812696684221,5.015794240115292,user,ohp,medium
1789040439963,8.916156620025633,-0.6272806522978469,1.0374374338012189,5.655335161068027,6.3867681664536455,6.006060679193128,user,ohp,medium
1789040439980,8.978256225585938,-0.4451718346526846,0.8589203570377081,9.904209721078077,5.0631684321985,5.502649697266977,user,ohp,medium
1789040439996,8.621071265411377,-0.5729623117309063,0.81732135892082,12.332981447478653,2.2701083529718833,4.484598475532353,user,ohp,medium
1789040440013,9.16769801646769,-0.2952350652832538,0.7100310874272138,16.125885385103345,2.6111175001158173,8.303191181512286,user,ohp,medium
1789040440030,9.143456140136719,-0.410007107366994,0.5943609639925882,16.408621065796023,1.298843713608434,7.310021058263548,user,ohp,medium
1789040440046,8.16542593100667,-0.5933133911684155,1.329830078732781,9.955155248323557,2.2974600589466108,1.2025528806283579,user,ohp,medium
1789040440063,9.452010048133134,-0.17522556093744932,1.5976805857451633,-0.5773918557560261,1.4444620660526366,6.403384309156994,user,ohp,medium
1789040440080,9.53116834052205,-0.0728738052919507,1.5961851595556362,-6.409290715241763,2.2391891538162936,6.853880108035764,user,ohp,medium
1789040440096,9.234435803222656,-0.1659483217652887,1.118840217181295,-6.186603923297722,-3.793175010757377,4.714689192536688,user,ohp,medium
1789040440113,10.200645810699463,-0.030526071166992186,0.6503248432768508,-4.401907082798301,-7.504497034501321,9.733748689962068,user,ohp,medium
1789040440130,10.24688499930501,-0.05297178479619324,0.5883758251683786,-8.796551966961585,-3.2893744946051244,14.566215103225518,user,ohp,medium
1789040440147,10.237157386016845,-0.4218286972597241,0.40237635676022615,-11.3022555290786,-1.0329739044106334,18.552147870757587,user,ohp,medium
1789040440163,9.753380182105301,-0.669179437078908,0.007183481763303279,-7.519470516709282,-2.5346496903761166,20.30972117628924,user,ohp,medium
1789040440180,9.364919793701171,-0.8895954082213342,-0.4156934459077194,1.2409365160514199,-4.965298224694564,19.80486774378775,user,ohp,medium
1789040440197,8.853309995490312,-1.3215993164062498,-0.6367074560085311,7.925857380814931,-2.404232777703424,15.743253065157353,user,ohp,medium
1789040440213,9.00938026264608,-1.332822355883941,-0.4677673502824269,15.279904984694735,0.20617442275935208,13.505484163801599,user,ohp,medium
1789040440230,9.301024536895751,-1.2807483967103064,-0.3839701277801767,18.41941680461673,0.3475481995005751,14.464701416686204,user,ohp,medium
1789040440247,9.570523030310868,-1.1137526847839354,0.2683000408781692,15.33565981888955,4.0779529180118885,16.84730191807114,user,ohp,medium
1789040440263,9.43599765548706,-1.1561003458436578,0.6405991662174463,10.277103898814923,4.2402621183534865,17.153268779678324,user,ohp,medium
1789040440280,9.056965605163574,-1.5222630507871509,0.9934441609589383,5.185804905632902,-1.617584416345717,14.74427813488775,user,ohp,medium
1789040440296,9.521739417919516,-1.5297450771056116,0.9968859719758852,-1.2698985458446836,0.5198057304508553,16.37638769555544,user,ohp,medium
1789040440313,9.643395374298095,-1.4902410419739782,0.820014214733988,-9.7463828323793,5.366733628538778,19.95201392417192,user,ohp,medium
1789040440330,9.89493735526204,-1.3863925449647008,0.6998559860998764,-19.176638896761023,9.610424501855611,23.090347536462083,user,ohp,medium
1789040440347,9.854385564643144,-0.9873092018678784,0.01690901269223541,-16.08863694846468,7.732625352779747,23.631660518753105,user,ohp,medium
1789040440363,10.151565845710039,-0.9100959060668945,-0.6181522835444658,-2.3552701397513642,4.913165525193973,27.255110024390717,user,ohp,medium
1789040440380,9.638158058166503,-1.0357913470946252,-1.1200375372070819,13.649794961906567,5.666473065170202,27.247863193681336,user,ohp,medium
1789040440396,8.653841900634765,-1.4610612708494066,-0.4740519652435556,17.412199543566214,6.977630329191701,21.106414931647038,user,ohp,medium
1789040440413,8.611344236645103,-1.3259386607848107,0.040102877807617184,16.30490464324938,3.99129873489876,16.91089439433854,user,ohp,medium
1789040440430,9.48732335357666,-0.7148189792908728,0.6455370975436643,14.56442900875756,-5.80256501126953,16.70449461535722,user,ohp,medium
1789040440446,9.795127904510498,0.06613996699228883,0.5141553179752081,14.250353005058278,-8.341134589899,18.692272616674984,user,ohp,medium
1789040440463,9.812786310797929,0.46522287169769405,0.15996307334322482,14.557528810148554,-3.768592306160855,22.58516625488043,user,ohp,medium
1789040440480,10.191667554473876,1.13485144078359,-0.2856577471859753,17.783036126815592,0.32076121143199,35.09109406855933,user,ohp,medium
1789040440497,9.510967264014482,0.5989985971979797,-0.1268916285423562,14.668748195498457,3.296621752201331,39.631878960864675,user,ohp,medium
1789040440513,8.330175763702393,0.02094941065683961,0.40656599046979097,0.7227670427936056,6.164989362782393,34.359027563128194,user,ohp,medium
1789040440530,6.807911251610517,-1.025465914043784,1.3435959710936993,-29.530012102942894,11.998696621572597,17.31148498915979,user,ohp,medium
1789040440547,6.477211562779545,-1.334019091387838,0.8059482069153339,-39.33051393921079,13.698504455972513,2.4331123116181184,user,ohp,medium
1789040440563,6.8408338625252245,-1.067365612140298,-0.1840541430266574,-23.96673593905559,10.142653332550514,-8.106892398539765,user,ohp,medium
1789040440580,7.1893398416817185,-0.3585321369998157,-1.1483190443176776,3.998822188269529,-0.804646123264102,-21.35788371386669,user,ohp,medium
1789040440597,8.109311245074867,0.10459683115854859,0.21473058244977145,4.261853200093543,0.7997544805187564,-25.401432542142402,user,ohp,medium
1789040440613,8.703522754126787,0.46567193063944573,0.8382706234471872,-2.6394807144179415,6.353075270164796,-20.31488479930177,user,ohp,medium
1789040440630,9.831040344890951,0.35987872930318116,1.261594673831202,-8.695896322936754,9.252389400658128,-10.367398145868846,user,ohp,medium
1789040440646,8.568099553680419,-0.2277485790528357,2.0021509556425734,-17.536973439324008,9.343703907219322,-13.33921857638327,user,ohp,medium
1789040440663,8.393920798382162,-0.6832452987670898,2.2831715810798108,-30.856431424664784,8.542021552446476,-15.685047900597796,user,ohp,medium
1789040440680,7.844300710728764,-1.2153564716063439,2.0052942586369813,-35.35960929540004,7.809482056415315,-23.595219751983795,user,ohp,medium
1789040440696,6.7073547818839545,-1.9783586131773887,0.9510973766820505,-31.30324190959951,5.287417629915182,-32.89326896724346,user,ohp,medium
1789040440713,6.246321909222006,-2.1657050392150876,0.9644147946231066,-32.28580218774628,7.221867221740778,-47.92541566998515,user,ohp,medium
1789040440729,6.74850629196167,-2.14340889012441,0.9371802392821759,-33.27908927798455,9.188526278144863,-54.26767320116512,user,ohp,medium
1789040440746,7.545026672253012,-1.5306430488586424,-0.32142157287597656,-11.657554285739847,5.351170615628081,-55.2664244427394,user,ohp,medium
1789040440763,7.753920182579756,-1.4531307701110838,-0.509067274121195,9.376260857671832,0.5357697501710263,-52.94281457766857,user,ohp,medium
1789040440780,7.275529347881674,-1.6127943125184625,0.4255692720275372,16.056304540481133,-3.030456750765339,-60.28390531269286,user,ohp,medium
1789040440797,7.913733727917075,-1.5240592134889215,1.9234419048584996,4.88897598336155,-2.480056842113851,-60.61236910987878,user,ohp,medium
1789040440813,8.800787196570635,-1.0914569740846753,1.7907129849974064,-6.121285970491243,2.8438572633010595,-54.95999825091053,user,ohp,medium
1789040440830,9.66554115513265,-0.3497029338560998,0.8155247943602502,-8.755166997006832,4.3726760075847615,-45.005561026223475,user,ohp,medium
1789040440846,9.067738343590497,-0.3070562898498028,0.1182141453616321,-1.0255110689687483,4.382452142721165,-39.06289688224594,user,ohp,medium
1789040440863,8.680776084789633,-0.33997638001386077,0.22385873200744388,6.941362878472579,0.9032675448550335,-39.94842066285433,user,ohp,medium
1789040440880,9.168445619964599,-0.05805931719355285,0.6079781685978174,11.86245996084023,-3.835654518526625,-39.44507670215941,user,ohp,medium
1789040440896,9.814281517791747,0.6139629420958459,0.8479968119632452,15.762558594846395,-7.303325765329643,-32.68147163127053,user,ohp,medium
1789040440913,9.829394915771484,0.5823894351019989,0.9527428058015182,13.472975878446924,-6.208144205505826,-27.221613069153683,user,ohp,medium
1789040440930,9.410258818596601,0.22325928768490555,1.4401132484320551,5.826795961123796,-1.2979443697938138,-23.074636393823763,user,ohp,medium
1789040440947,9.56977367324829,-0.3241149949447252,1.3319248590549453,-1.3618952175492316,1.2491116121576904,-20.40338014528304,user,ohp,medium
1789040440963,9.839570272827148,-0.23223768889931962,1.0085574858734383,-0.15025256909499002,0.6055033135542119,-18.638211669394334,user,ohp,medium
1789040440980,9.723751936560868,0.3010707674331032,0.4991921786537394,4.30587846504933,0.767750028337075,-14.82438259347366,user,ohp,medium
1789040440997,9.790040225982665,0.4358941570891067,0.5699695231230929,9.594131939364193,-3.5165201194167146,-6.937400514980325,user,ohp,medium
1789040441013,9.608230537414551,0.1487395954741165,0.991199669967778,5.0642710808626346,-5.078868902666244,-3.2996641745897484,user,ohp,medium
1789040441030,9.690980132293701,-0.10669164801333099,1.1724109907839446,-2.901124344066797,-4.409866814502305,-0.021576013969221538,user,ohp,medium
1789040441046,9.421032141545414,-0.6959645133529789,0.4207815628269687,-9.727706533867547,2.7415954576042174,-0.9515700023351289,user,ohp,medium
1789040441063,9.330352338188886,-0.4988917526687495,-0.026784436953254043,-6.002688273290434,7.400599611941672,0.18095068089684044,user,ohp,medium
1789040441080,10.064774866485594,0.2533363353011198,-0.44831400513593106,4.28803715716361,5.14149063829786,4.887386683719052,user,ohp,medium
1789040441097,10.555884312981366,0.19378066033627836,-0.27293891619257626,14.911443599729228,4.728345302008482,10.646425887615854,user,ohp,medium
1789040441113,10.569652141571044,0.12180491812890394,0.17238266566172242,18.96236903230855,0.25559656435586686,12.94018697224008,user,ohp,medium
1789040441130,10.74383148139119,-0.2006641727723181,0.6649898033693432,20.707455044490132,-4.256410819985512,16.125388488841228,user,ohp,medium
1789040441146,10.82134259109497,-0.4237737486465834,1.0443208731720224,19.751652032416885,-7.44374420938135,21.406026302231524,user,ohp,medium
1789040441163,10.798596506279706,-0.6162078032651755,1.142782087652385,12.471313268738921,-7.21175854176916,23.539456380052517,user,ohp,medium
1789040441180,10.855161274066568,-1.4722844610241475,1.5899001244693993,1.197937273575016,-3.8218046024371315,24.05627288888529,user,ohp,medium
1789040441196,11.179875458747148,-1.8676269507919436,1.3913304397583006,-9.707460999393982,2.306057346120953,23.74633939491762,user,ohp,medium
1789040441213,11.585392780414223,-1.7859250383348204,1.257404967056401,-10.025089555235317,5.145393237634876,24.077130579063212,user,ohp,medium
1789040441230,11.686698022681474,-1.4547767837524412,0.845752357504703,-4.5521955770875,4.8948601913315155,22.014007053463747,user,ohp,medium
1789040441246,11.729642845916747,-1.0452188449250535,1.104924029629491,3.332274059008328,-3.4759675787670563,19.963760141997046,user,ohp,medium
1789040441262,11.67637244350016,-0.8336309444151818,1.390882367197238,2.268932493217583,-10.597584912408385,21.97652468284601,user,ohp,medium
1789040441279,11.289558653259277,-0.7109283285278827,1.9475335590638219,-7.379046950015697,-12.282170816469282,23.8100052957186,user,ohp,medium
1789040441297,10.564265187835693,-0.9177274603912606,1.742530370706506,-23.05526939243219,-11.18974609174921,23.978699015386866,user,ohp,medium
1789040441313,10.57863039779663,-0.8863033444060012,1.3272864221319556,-27.457691727626006,-10.947546730006913,26.483354997239932,user,ohp,medium
1789040441330,10.484208485302329,-0.8399155045773834,0.3221699435578659,-27.947933677945546,-10.509711113641584,30.903539239370364,user,ohp,medium
1789040441346,10.3243955244869,-0.9114425714354961,0.04145060262214392,-28.55416760829754,-7.397851314574388,32.088850267934376,user,ohp,medium
1789040441363,9.244161662945151,-1.278354121984914,-0.10489577757250516,-36.09547680110429,-3.9518437202713583,27.786910260715203,user,ohp,medium
1789040441380,9.377788627624511,-1.0914564626280219,-0.6914752573760226,-36.97601454361858,-2.3961947122673766,27.316146302361247,user,ohp,medium
1789040441396,9.484030157250166,-0.9347861106872558,-1.1825853249263019,-31.74186982790856,1.1064908589854772,28.78212004920484,user,ohp,medium
1789040441413,9.78016414413452,-0.8340801494874059,-1.9464860227722673,-14.340876917223042,1.535137096152787,30.893573993371312,user,ohp,medium
1789040441430,9.759065242004393,-1.1661259922303258,-1.523759280694276,-1.6134345428164052,-2.3359518034576294,27.875569531236554,user,ohp,medium
1789040441446,9.666139705547689,-1.4146740520752965,-0.9531914994170889,0.053088379035651355,-3.5666409013199143,23.544613172875877,user,ohp,medium
1789040441463,10.214711745452881,-1.5183727653503416,-0.01825542233251035,-24.70248733154395,10.430259791895057,28.55363143844769,user,ohp,medium
1789040441479,10.784231296318769,-1.1855785884581505,1.0604825380956753,-59.92978732498438,29.386482507724246,38.27753782581577,user,ohp,medium
1789040441497,10.873268008643388,-0.9886557941712438,1.1001358089722693,-89.515571337595,43.6827138934375,49.51623502957282,user,ohp,medium
1789040441513,10.906336165508627,-0.6260840263918042,0.14275526036750524,-95.49029297444201,49.992114799615116,59.374902756812546,user,ohp,medium
1789040441530,10.793062253028154,-0.9418196625858545,-1.7313070755004882,-74.72894944494777,48.51623044828584,61.314526216934425,user,ohp,medium
1789040441546,10.452485313305258,-1.2189482124879956,-2.0340236556455493,-44.494864366887036,40.78189157179806,55.049852804536634,user,ohp,medium
1789040441563,9.328557271465659,-2.044348650304973,-1.4926349513731896,-4.738777135305207,21.51652510262399,36.63363423599876,user,ohp,medium
1789040441579,9.632171384972333,-2.5586530944272874,-0.1355713036801666,15.292030278018801,8.52116386226855,25.671091825669087,user,ohp,medium
1789040441596,10.666468255725503,-2.840271649225056,1.512985738549754,17.12098247547167,5.366004078958056,23.365395839243913,user,ohp,medium
1789040441613,11.478851391059159,-2.908955601611733,2.096123407336324,15.007612663243007,6.672975717678805,28.995262932444255,user,ohp,medium
1789040441630,12.457182044440508,-3.3846532517030834,1.9750672434817997,22.986335708233838,3.7723988559626673,32.35567160786092,user,ohp,medium
1789040441646,12.281806772834061,-4.216488983264565,2.3469166888248174,37.15556314142529,-13.107432691804304,24.58894568187624,user,ohp,medium
1789040441663,12.004826399230957,-4.601206678009033,3.0165443080626426,32.419124065250344,-22.51141899486451,11.820029971942464,user,ohp,medium
1789040441680,12.652009620013832,-5.1234419151306145,3.858704888153076,15.868679243980882,-23.191488977691634,4.17885572950731,user,ohp,medium
1789040441696,14.196419912940263,-5.426907560077309,2.853289828491211,-1.27365845826107,-17.100264804171733,0.6019143693104876,user,ohp,medium
1789040441713,14.34426186545491,-5.585373782458901,2.6940756372865287,-9.377883027599712,-22.341731482672007,-6.035290473746198,user,ohp,medium
1789040441730,13.985878050884603,-5.781847371673583,2.383129135065153,-17.61795216212368,-26.56676185228954,-16.603778353403506,user,ohp,medium
1789040441746,13.71398594033122,-5.25751691583842,0.6196494632996619,-15.414082343392343,-25.165533176135792,-31.232293319596,user,ohp,medium
1789040441763,13.864073625946045,-4.749946163885295,-0.13572130661010742,-5.2760325583424175,-29.698502624483353,-36.56484740086756,user,ohp,medium
1789040441780,13.958494369396567,-3.9713820037841794,-0.9138365904325619,-0.16018790633599336,-27.12376377910408,-36.93096603094776,user,ohp,medium
1789040441797,12.627018971142173,-3.661033759716898,-0.8104375907564535,-8.207916872779778,-18.024078625267222,-38.72807076384815,user,ohp,medium
1789040441813,11.591528506690263,-3.5851676407411692,-0.5741588645717128,-17.8734592936901,-12.7127997294866,-43.41176370415768,user,ohp,medium
1789040441830,11.519850925445557,-3.343652256011963,-0.45789050124930214,-30.637407748549986,-5.549307573260981,-39.31428540974284,user,ohp,medium
1789040441847,11.366022884258626,-3.686621497698873,-0.0016456483151763676,-54.79435933334855,10.208475011808282,-31.19753107181522,user,ohp,medium
1789040441863,10.541669325146078,-4.061613478851318,-0.3257609720534645,-60.7970847457926,13.37470311666878,-36.50182524539586,user,ohp,medium
1789040441880,9.412204691967368,-3.637540655926615,-2.0911856038742695,-42.04759051179854,14.891716305858939,-39.992960326431984,user,ohp,medium
1789040441896,9.032425622668862,-2.4440311283387244,-2.654870219775289,1.2754319595677461,1.6812820134933153,-44.05693312787333,user,ohp,medium
1789040441913,9.332450187250972,-2.1692967800967393,-2.033275705088768,23.383214095241183,-5.113649079693595,-41.461594431957295,user,ohp,medium
1789040441930,9.598655484339595,-1.5472531151369213,-0.45205456163743507,28.11310643509667,-1.9273636974485313,-31.552414040710744,user,ohp,medium
1789040441946,9.904662630462646,-1.256806087847799,0.593762742371112,16.363260071970675,6.705525837942147,-19.540370375726297,user,ohp,medium
1789040441963,8.865580278998612,-1.1191397846497595,1.996315929346159,-4.11229340161142,9.495309347357862,-14.56655661268402,user,ohp,medium
1789040441980,9.553163314709067,-0.6111201198853552,2.0786163922183216,-10.272144327703847,0.9193507193597095,-9.209011723013024,user,ohp,medium
1789040441996,9.983222372436522,-0.6717233494080602,1.2903256052097305,-2.2990619517503905,-4.155038006097829,-4.897253745748782,user,ohp,medium
1789040442013,9.677214641791581,-0.5515643535889685,-0.926854879296571,24.14442331031347,-5.944992384710867,1.1674193480331645,user,ohp,medium
1789040442030,9.530718258666992,-0.6323685134887695,-0.2961323063839227,25.971358894413896,-6.735657644352482,6.710978463333934,user,ohp,medium
1789040442046,9.566481645965576,-0.9271545928955077,0.7962218357361852,10.123148019828252,-4.139996221998169,11.913416587143109,user,ohp,medium
1789040442063,8.531288118633627,-1.7513585144042967,1.5472529324738309,-10.642991156236983,1.4286660796582185,11.108631618939786,user,ohp,medium
1789040442080,8.623315244945884,-1.502511033221334,-0.19168503976389764,-2.6341254192218284,0.23451321113106555,15.156941089066995,user,ohp,medium
1789040442096,8.54864549614787,-1.5206173294067382,-1.1139020666593684,13.568158833399282,-2.8603082008038587,14.675757677134182,user,ohp,medium
1789040442113,7.670871312493086,-2.0147208431519568,-0.8128307329706848,21.098698525432216,-5.078509037074349,8.259225253824914,user,ohp,medium
1789040442130,7.83367819442749,-2.0787655914306638,0.4130005900945514,14.365989815253887,-6.527114893519068,5.951366231866959,user,ohp,medium
1789040442146,8.131456441387535,-2.0148701884947715,0.6206969447922892,6.5696985616731585,-4.953893089441112,7.033927736538708,user,ohp,medium
1789040442162,8.44659381942749,-1.9413984173096714,0.24480728414775801,0.8169368352321283,0.8512365511400515,11.067267993326189,user,ohp,medium
1789040442180,8.42130506439209,-2.4091657127931714,0.05686318447785452,-2.1363837077502,6.7085426471211775,12.315983667955429,user,ohp,medium
1789040442196,8.107065511974692,-2.5851390964232386,0.04997906925361603,-0.6979614499145589,6.915844437959765,7.282620900634395,user,ohp,medium
1789040442213,7.838015931370854,-2.5360576701290904,-0.012419921112060545,9.068160415722666,0.7946317852803939,-0.1278687318439624,user,ohp,medium
1789040442230,8.249372042194008,-2.6387097969606517,-0.30301567268949,22.236358739251635,-0.21574098314602763,-3.654695059769484,user,ohp,medium
1789040442246,8.000823397827148,-2.6497829796388745,-0.43394810105524956,30.972855414162236,-1.6971394715902635,-7.628826967963064,user,ohp,medium
1789040442263,8.378507540673017,-2.6427497200012207,0.7402569700712338,27.01905185648591,-2.424067860496552,-9.250946523195962,user,ohp,medium
1789040442280,8.556727095794677,-2.852691716467589,2.0916343522887675,11.331750847235654,2.615482844769102,-9.82737777687825,user,ohp,medium
1789040442296,8.892662931713462,-2.8933928524293004,2.1743846047550437,-0.4330104078818307,4.208292564169596,-9.144638043859299,user,ohp,medium
1789040442313,9.21273951972127,-2.555511289270222,1.6701060627477242,-3.670885596310176,1.5793422939045212,-9.458265816394299,user,ohp,medium
1789040442330,9.239522312706708,-2.345270017596334,0.9485532816898077,1.3872812164251709,-3.069658621506627,-11.051415978036236,user,ohp,medium
1789040442346,9.172038091498612,-2.2219687782287596,0.9026142816072329,6.982178381405283,-9.911952594275933,-14.284924007542298,user,ohp,medium
1789040442363,9.35848654578328,-1.9443911693848668,0.9491520878331735,8.155274043525552,-13.43949429113552,-14.924984449758778,user,ohp,medium
1789040442380,9.868599967956543,-1.6255132896423339,0.8716396446888335,2.7004239310610267,-10.842512080950456,-10.479910144519174,user,ohp,medium
1789040442397,9.898678295356035,-1.5994766388490795,0.7300826724614947,-4.41059679096985,-5.314523235636377,-5.966051992356132,user,ohp,medium
1789040442413,9.575160042461752,-1.3308765555784106,0.40761347196241837,-7.659579040927399,-1.2472720501151355,-4.034590608292416,user,ohp,medium
1789040442430,9.559148818859457,-0.9695017424985766,-0.20844441485237328,-2.311207949085377,0.30090980021787683,0.425332234718105,user,ohp,medium
1789040442446,9.350404361614585,-0.9525928394041955,-0.3145380969725549,1.7432945816283305,0.11111662568744832,-0.6428472661195509,user,ohp,medium
1789040442463,9.241168326348065,-0.7770679301939905,0.028132673224434256,3.1329430989311455,-2.9833504301636418,-1.478143863284085,user,ohp,medium
1789040442480,9.791386379894613,-0.34835634155273437,0.04803367080688476,1.5987809055606717,-1.7647476722028115,3.427244210879359,user,ohp,medium
1789040442496,9.72943582741618,-0.2166752502441406,-0.011970314181037247,-0.4786430618092446,2.2965294456721965,7.974003384274352,user,ohp,medium
1789040442513,9.523384262517094,-0.29703064346313474,-0.20904345845775676,0.47083412787551016,3.868197808600797,10.092356673276187,user,ohp,medium
1789040442530,9.909749724468588,-0.24944559320658444,-0.4161418289960362,7.506280567648341,2.2304273017716363,17.277052298006463,user,ohp,medium
1789040442546,9.605537060546874,-0.3016694091796875,-0.5671260981244035,11.633860359509072,3.3768071058402227,20.659204880645866,user,ohp,medium
1789040442563,8.754697645568847,-0.672920304107666,0.05371975361928343,8.838221243540541,3.0203617311720596,17.682352308260434,user,ohp,medium
1789040442580,8.77908915950358,-0.9862615925110876,0.22146356223290783,6.7986447951046936,-0.8732585217672006,17.350534888192048,user,ohp,medium
1789040442596,8.903737283435463,-1.0854713238038123,0.040702414603345095,7.637037709119065,-2.0839856980890357,18.37966339609996,user,ohp,medium
1789040442613,8.789113125389814,-1.1938088027954101,-0.23537898259973153,6.769465800083576,-1.198539824325858,19.330075681370776,user,ohp,medium
1789040442630,9.03990691833496,-1.2367550873354076,-0.6810002049877308,4.881697136140431,1.4730222886236333,23.41383383329035,user,ohp,medium
1789040442646,8.764272698643802,-1.4246993331357836,-1.0103520411400124,4.2596991291840505,5.1491596600753144,23.37386015117285,user,ohp,medium
1789040442663,8.283488831329345,-1.8348561511717736,-0.8393174290863796,-0.11050951925379071,9.949208714877413,20.163731005422097,user,ohp,medium
1789040442680,8.389880583080648,-1.8896238064087927,-0.9350844360467045,2.772549874922715,14.150890936590907,15.110856095189627,user,ohp,medium
1789040442696,8.3627979303658,-1.7917611058108507,-1.147571002429351,15.504664312165053,11.559639255119484,11.506650647538525,user,ohp,medium
1789040442713,8.6571327588737,-1.6099508327208458,-1.0565910470824689,29.186142814084015,7.300159972649342,9.914691500133108,user,ohp,medium
1789040442730,9.029282648468017,-1.6009728687562048,0.1762736452182755,28.661912134907197,9.700703380983901,9.32608372670798,user,ohp,medium
1789040442746,8.843283106994628,-1.578826357269287,1.0618291303990408,9.76077318718687,17.291431553756635,10.814089956266741,user,ohp,medium
1789040442763,9.419538688117266,-1.1435310063235462,1.9385551932403817,-12.105147681108184,25.86543632076534,14.505190778086039,user,ohp,medium
1789040442780,9.39709187850952,-0.8357261631287634,1.85431006257385,-25.330907423867433,29.993730721167985,15.796904201087804,user,ohp,medium
1789040442795,9.356389281243086,-0.77886372756958,1.1831847521241754,-30.81648847839855,27.170004159785066,11.636895524821497,user,ohp,medium
1789040442813,9.041552931976318,-0.5783494846619666,0.7000051487796008,-26.602005628406808,25.71600373455651,5.301040442214773,user,ohp,medium
1789040442830,9.160065329632163,-0.20949235300272703,0.29747941014394164,-16.72175791848443,23.62302715964221,3.8742839340381017,user,ohp,medium
1789040442846,9.853487154498696,0.39968189351186156,0.20979228579737244,-7.720355771709465,17.75316941712242,4.700619002846461,user,ohp,medium
1789040442863,10.218152825817466,0.5199906730651855,0.51864408076182,-1.5153838689079928,19.37671904321279,6.396846964347645,user,ohp,medium
1789040442880,10.256760496631264,0.39758711318969725,0.39459501870162783,9.940333737824629,18.519494443883048,9.220308855900225,user,ohp,medium
1789040442896,9.207351396942139,0.06494242777079344,1.0248685326725244,19.125887176133244,11.763557967884799,2.9788425053114334,user,ohp,medium
1789040442913,8.259995143017173,-0.784250827435404,2.1303908569887278,13.118596636002689,7.29821080741495,-7.98239256412242,user,ohp,medium
1789040442930,8.44674345703125,-1.0184336773194371,2.4833865487799045,4.691171143677042,8.869037349528346,-13.053853272860138,user,ohp,medium
1789040442946,8.696637086266279,-0.832882756396383,2.3466166829649358,4.485696855328255,7.860647003487881,-17.423334459460627,user,ohp,medium
1789040442963,8.93725552215576,-0.6184522163391113,2.711283669457957,7.45586608761083,-0.44019542004314033,-17.163310865305533,user,ohp,medium
1789040442980,9.150041363745927,-0.49185938808023927,3.043030529254302,2.563118772610376,-7.024091410360243,-18.222253148940556,user,ohp,medium
1789040442996,10.157551349860428,-0.10010814143717288,2.955492823315784,-4.683014190260754,-3.1775798792610597,-9.92694742082505,user,ohp,medium
1789040443013,10.112660068732499,0.07661386860311031,2.297535695062205,-5.540611034900262,1.7930143033612036,-4.310855965406977,user,ohp,medium
1789040443030,9.316586847686766,-0.09068068013936281,2.2333417475711554,-6.614202793644492,1.2353863470205497,-7.284531646054707,user,ohp,medium
1789040443047,8.106167686352133,-0.3679585753843188,2.8486512089051303,-9.925495151852775,-3.5445469469022157,-15.132198728798624,user,ohp,medium
1789040443063,8.313117661395669,-0.289100142724812,1.8833388078551738,-4.124256051055874,-7.776236110630278,-18.299649437520554,user,ohp,medium
1789040443080,8.371473988774419,-0.21787249720469115,1.2165538646973668,7.7315752111948575,-11.227065391600513,-17.745152482584118,user,ohp,medium
1789040443097,7.932590404078364,-0.38456864166259763,0.557250728662312,14.820410838471297,-7.087354330000194,-22.651009278479354,user,ohp,medium
1789040443113,6.443095942687988,-1.024119760131836,1.6288056091859935,8.565911846615888,-4.776088324306872,-33.776337294845234,user,ohp,medium
1789040443130,7.044937800487875,-0.9063548198424279,2.001252874291688,7.43731187873049,-7.676537546862895,-35.01842427088498,user,ohp,medium
1789040443146,7.988402307671308,-0.2299925585873425,1.0322006291262804,21.775773470308287,-6.7067373427461785,-31.48434096034781,user,ohp,medium
1789040443163,7.681495582360029,-0.5632355021603405,0.3661628510739654,34.93518134037545,-9.399317868762504,-31.47994573361691,user,ohp,medium
1789040443180,7.258170216801762,-0.848445213317871,0.8939348987303674,39.27724187877927,-12.354919161319087,-33.84863484720982,user,ohp,medium
1789040443196,7.814224136894941,-0.9591770401000976,1.7552495304934679,37.0019521869917,-13.36037423356374,-31.144665407639323,user,ohp,medium
1789040443213,7.919119512608646,-1.0293566378720105,2.014421202618256,30.962473526623818,-10.121882727284506,-29.093460562141527,user,ohp,medium
1789040443230,8.046163007244468,-0.9069536625184118,2.193987203912809,22.949888111275357,-6.56114545728501,-21.88137673261315,user,ohp,medium
1789040443246,8.28064513233602,-0.6391021325927227,2.2532433296754957,15.399709917831345,-7.786320884939802,-11.714499280397536,user,ohp,medium
1789040443263,7.661447066065668,-1.215356836932525,2.2462102892335505,6.134282966708131,-4.753376664656109,-8.261481777571957,user,ohp,medium
1789040443280,8.011895995983481,-1.5255556625917552,1.9358618990357963,1.7624563571796839,-1.6916253744959475,-2.8325157341842537,user,ohp,medium
1789040443296,8.429983460888266,-1.874660046032816,-0.35523886760808526,21.78082951784139,2.1216911170718564,6.563695679166363,user,ohp,medium
1789040443313,8.284387825995683,-1.7657239435609429,-2.1803686476007105,43.82740120572046,8.124224003558673,13.496434163151331,user,ohp,medium
1789040443330,8.372372983440757,-1.7033246244017033,-1.97671281873174,50.858667729803805,16.38690618687726,12.73345849040495,user,ohp,medium
1789040443346,6.890961290740966,-2.87932677154541,0.32202056168243287,25.550914647222715,30.244685531652593,-13.225029766291705,user,ohp,medium
1789040443363,8.032696207427978,-2.7458501020569352,1.7212821597661823,3.9051478513500966,24.851144691281984,-20.05890638468262,user,ohp,medium
1789040443380,10.38664535217285,-2.365471167169139,1.7129025270208715,-5.6665827750837465,14.372966853491056,-10.799513478804288,user,ohp,medium
1789040443396,11.17164539054036,-1.218648645019531,-0.2862560784053057,8.789727754207096,15.208210196524403,-2.4779209138943408,user,ohp,medium
1789040443413,10.913519355010985,-0.8720881008423864,-0.2494453009456396,33.30982512924961,5.494908531616415,3.1847423998228757,user,ohp,medium
1789040443430,11.187656614142655,-0.8877999761719256,0.548422840692848,35.86716748281286,-3.6627329117621197,3.316488211175959,user,ohp,medium
1789040443446,11.301529661560059,-1.2235869782045483,2.2589298508793116,22.176369187771414,-1.654187933716344,2.7046411459866864,user,ohp,medium
1789040443463,11.845611988830566,-1.1347023146364836,2.44163707280904,4.228328924099828,7.214411216488063,11.134925285923396,user,ohp,medium
1789040443480,11.698218364605307,-0.955735375213623,2.3639750103272497,-0.7718392839375027,8.444085177484956,16.615893401443813,user,ohp,medium
1789040443496,10.752211187201738,-0.8544309366639703,2.2315455848693846,0.7999103475700502,7.156051092011713,19.903196854626543,user,ohp,medium
1789040443513,11.25588902336955,-0.9319430692810564,3.0318076359070836,-2.044095685788869,-5.6707082093424335,26.964799663908497,user,ohp,medium
1789040443530,10.970530112999677,-1.181987578228861,3.3213559607908127,-8.39268800398061,-13.219150680963617,26.733623373712952,user,ohp,medium
1789040443546,10.811765784454344,-1.5918446826659143,2.739265828295797,-14.751482276914821,-14.611362653639302,29.28733548173234,user,ohp,medium
1789040443563,10.470892492133379,-1.6463133549563587,1.8694231682926414,-19.20775040843043,-10.73817667251028,32.11040292986035,user,ohp,medium
1789040443580,9.949553911590575,-1.9321207397460936,1.647509871264547,-21.33949855216831,-10.028895678150306,28.856780847022247,user,ohp,medium
1789040443596,9.324517056164146,-2.420538024548441,1.504156827666983,-22.698139291299736,-11.16191990107058,25.59263002757857,user,ohp,medium
1789040443613,9.632470660179854,-2.7353751044675705,0.6874356631290167,-19.544782677930126,-12.462124102984315,24.935255055816107,user,ohp,medium
1789040443630,9.886406258282065,-2.649183990832418,0.0567122134335339,-11.093952688639781,-8.358878567589047,27.878979503179682,user,ohp,medium
1789040443646,10.21486138305664,-2.6090814052857456,-0.5596439804743976,-1.7324415177588859,-6.271705945921965,27.987058709058672,user,ohp,medium
1789040443663,9.924863122448324,-2.749890244293213,0.7830543111272156,-4.533358769130251,-9.864826850323784,26.130794292662213,user,ohp,medium
1789040443680,10.0748005859375,-2.649184283093363,1.208922419970855,-16.801286933632763,-6.122517112089138,29.957196039297585,user,ohp,medium
1789040443696,10.455178790172933,-2.4459764171876013,1.3153151215702295,-31.784076981884652,2.8571394199157956,36.00098796412633,user,ohp,medium
1789040443713,10.129717586517334,-2.7513866203308104,0.7044944230228662,-43.95930581897175,12.28988124626858,35.72032866094134,user,ohp,medium
1789040443730,10.057292401775717,-2.9905076572693883,0.615909326923266,-46.30055464757414,13.711881381461984,31.482520714934005,user,ohp,medium
1789040443746,10.581323874664307,-2.954744269970804,-0.29463614954203365,-36.55806160792716,5.58309737285868,29.203511985143358,user,ohp,medium
1789040443763,10.539574398693441,-2.704699541827291,-1.0693096588801592,-17.708136272377235,2.0463137897218306,25.00469417401304,user,ohp,medium
1789040443780,9.930548766869306,-2.866756920568645,-1.0913072634156793,-11.855365955613525,-1.8164585008004492,18.81215097434517,user,ohp,medium
1789040443796,9.955838690948486,-2.6479868900023398,0.1592150679875165,-14.581702557168521,-2.3976723810056266,18.21932129023933,user,ohp,medium
1789040443813,10.247930708965658,-2.433257074737549,-0.23537951232269405,-14.31002153764751,8.971476526700197,24.37333027015728,user,ohp,medium
1789040443830,10.205882542309164,-2.448070612987876,-0.3772355953607708,-4.8903582428948305,9.482161233205588,27.163155187594835,user,ohp,medium
1789040443846,9.786149648284912,-2.5608979507446286,-0.22295988347157836,9.928321142621868,3.2586809051355563,24.248604185723675,user,ohp,medium
1789040443863,9.216628343853355,-2.7808649360105395,0.012420067242532968,25.6018473678635,-5.8110421298031625,18.112001942905504,user,ohp,medium
1789040443880,9.271097016143798,-2.8730422844484447,0.46866519417129454,37.64418121426966,-6.127177862424025,15.694087655964308,user,ohp,medium
1789040443896,9.97948084782064,-2.7672482063293455,0.8614637579102069,36.66694165348633,5.318772040186949,22.99749794488493,user,ohp,medium
1789040443913,10.431986715155839,-2.7237042481571434,1.3642468371953815,19.866655342566975,19.117619232142943,33.991290178214705,user,ohp,medium
1789040443930,10.476576382988691,-2.731933731842041,2.668637463843077,-6.8040141775659695,33.982305064361555,45.469265984070226,user,ohp,medium
1789040443946,10.519223684582114,-3.2347154959529636,2.365621389294788,-6.252027744036335,29.40120498048021,45.176466019635534,user,ohp,medium
1789040443963,10.338012546429038,-3.5773861930847164,2.2858646195560692,4.465466688780324,11.152584740022464,38.19334549901161,user,ohp,medium
1789040443980,10.326490450939536,-4.057722608892619,2.143558819989115,13.491175771264068,-7.959892213449105,29.179988813641835,user,ohp,medium
1789040443996,10.199746816033125,-4.5545194533750415,2.6457433488592503,4.748787631307507,-14.493405286673182,20.896627378837387,user,ohp,medium
1789040444013,10.146328529578447,-4.6363720994144675,2.9366381929811087,-11.711505096220131,-16.564624293986405,15.424342995072996,user,ohp,medium
1789040444030,10.18313821105957,-4.271854312133788,2.4078189012940974,-28.89760488769141,-13.134209594671692,18.04427549464295,user,ohp,medium
1789040444046,10.229676674872636,-3.887136325128376,0.5517146487798541,-30.289112497108942,-8.777718574098921,20.464471064766926,user,ohp,medium
1789040444063,9.684095048955083,-3.9873926428645845,-0.2428618309020996,-22.790821543242224,-9.435903777051676,16.36406261919815,user,ohp,medium
1789040444080,9.37210356772542,-4.036474361419677,-0.8834599742062389,-8.537461547401845,-11.68580821701525,12.2506315642031,user,ohp,medium
1789040444096,9.904812268066406,-4.129100330407917,-1.0431238819397985,-2.672795815868325,-7.053141058673954,11.197819375348166,user,ohp,medium
1789040444113,9.926359498485922,-4.314351391601562,-0.78290401593633,0.27511671139523436,-5.604106607858816,5.516558950624885,user,ohp,medium
1789040444130,10.880598497661948,-5.134515097808838,0.10818857204020023,3.1216547172238185,-3.5894676069695084,0.563529666670368,user,ohp,medium
1789040444146,12.025178282386063,-5.62457825012207,0.4484641907289624,3.9859737486670888,2.092416926289182,-1.7253649081702238,user,ohp,medium
1789040444163,12.497134115600586,-5.718401027679443,0.5536597914982587,8.32944301358723,6.202557110764755,-5.407915400365724,user,ohp,medium
1789040444180,12.855815451812743,-6.075137075042724,0.7254434683535248,16.79206276315866,2.9225801026839227,-18.303243824571275,user,ohp,medium
1789040444197,12.965050902557373,-6.578068769018351,1.5254060249879955,20.701941374282637,-1.8930861796554106,-32.42911663200607,user,ohp,medium
1789040444213,13.157185001263022,-6.705111386871337,2.0109799030579625,18.694895409316267,-5.358773469947952,-44.49188640440891,user,ohp,medium
1789040444230,13.902977649357915,-6.372915614263713,2.6756698466978968,9.27213206245405,-4.23094317900465,-49.75977566971338,user,ohp,medium
1789040444246,13.967024881854652,-5.693711407580971,2.5604497685857117,3.565284041552609,-4.736039510108501,-49.749827499187255,user,ohp,medium
1789040444263,13.436557822960614,-5.6284682432979345,2.3129491719670594,2.272808839014977,-6.038059688567815,-54.317523336822454,user,ohp,medium
1789040444280,11.673528744506836,-5.427804801177978,1.6838718089781701,4.294809716612501,-9.091486365511907,-66.30224453757955,user,ohp,medium
1789040444296,11.357492956322432,-4.696974452154338,1.044919240923971,7.342128923778132,-13.526005467162902,-67.62121553801155,user,ohp,medium
1789040444313,11.627438608983159,-4.171147620281577,1.1804906176693737,4.921514577680667,-15.18635871382224,-61.96131781057795,user,ohp,medium
1789040444330,10.793210721588133,-4.051288776452839,1.5456073937565087,-7.344627065467064,-11.19357270523171,-58.27980486680606,user,ohp,medium
1789040444346,10.242395871192215,-3.7074215630128977,1.4229048509344457,-13.263068797326799,-9.023239115325138,-54.85237496015864,user,ohp,medium
1789040444363,10.39397701023519,-3.436876483154297,1.2879317323431372,-13.615638893414626,-13.062696660288012,-50.04344025613318,user,ohp,medium
1789040444380,10.456975025939942,-2.775927479608357,1.0791866175111382,-9.691369927483079,-17.792881844504166,-45.895623467535344,user,ohp,medium
1789040444396,9.558250993236898,-2.4093147658750413,1.0847227704588323,-10.656839364779184,-19.517414109925884,-48.421700630172865,user,ohp,medium
1789040444413,9.420736373469232,-2.0851998622618613,0.8572742703311145,-7.842381370099974,-20.818138259990185,-43.02362454419336,user,ohp,medium
1789040444430,10.203636809208989,-1.4437034549437462,0.2819169897550717,-4.866916606776524,-22.704428187978024,-28.786177181571826,user,ohp,medium
1789040444446,9.007586364966631,-1.6274590168826282,0.49739619861505924,-9.545048492441188,-20.98218403592826,-22.595379095236893,user,ohp,medium
1789040444463,8.256852753338217,-1.7553987297058105,0.7703341284269467,-15.802204427883733,-18.411247898369393,-20.34006258412973,user,ohp,medium
1789040444480,7.7802587389290325,-1.4680948227480053,0.6332666313722729,-19.392751204742105,-18.656979321686237,-19.850057982883843,user,ohp,medium
1789040444496,9.043797496032715,-0.7228991176329552,-0.23253698237314818,-14.528785666573848,-20.52415496528179,-12.494541034558841,user,ohp,medium
1789040444513,9.175927500152588,-0.5445313862122595,-0.8592185910656116,-5.014529801345193,-25.16441985530108,-9.75907161630989,user,ohp,medium
1789040444530,8.33825560978353,-0.5804441188536584,-0.8236052797622047,-4.586520692761399,-25.951834798671417,-6.829460047318852,user,ohp,medium
1789040444546,8.241140804943441,-0.8541312961302697,-0.3169326913583558,-17.19878686785458,-16.392372045760563,2.737634801659256,user,ohp,medium
1789040444563,7.841909431678056,-1.1122567471377551,-0.5517140688245418,-26.536048199139287,-1.578308160575499,8.144558330491448,user,ohp,medium
1789040444580,7.6107187493473285,-1.4037505070008336,-1.2219399918822338,-29.517980724719916,6.002566610545843,12.314860101836963,user,ohp,medium
1789040444596,7.020848484370112,-1.5595231063842772,-1.2467804505942854,-23.223858951715616,5.6356714733343845,7.980346922466,user,ohp,medium
1789040444613,6.94602851344645,-1.6891092712402342,-1.4558242287124505,-14.854211737126398,4.714365185437935,4.726596773580959,user,ohp,medium
1789040444630,8.43926099232137,-1.1662753375731407,-1.3096277509830425,-6.383204088367369,4.067483945561552,8.360035430879718,user,ohp,medium
1789040444646,9.191789086151122,-0.7908348820008337,-1.4468459724868648,4.783909744680182,6.637398969839501,16.366301213698623,user,ohp,medium
1789040444663,8.659827404785156,-0.8987231559202075,-1.3028946981346698,9.835776348236427,5.896086522706283,11.812842051614671,user,ohp,medium
1789040444680,7.474846636089683,-1.4321815055847167,-0.6168062300972175,11.388221143746026,6.630522250005768,5.343314190535274,user,ohp,medium
1789040444696,8.313266714477539,-1.4350244739256799,-0.24555455885110422,8.014368094721835,13.480350775203245,6.892898417443107,user,ohp,medium
1789040444713,8.463203593444824,-1.6329953159607946,-0.155772398454044,5.272621732625642,18.325486335603422,6.845108864480998,user,ohp,medium
1789040444730,8.68930484368205,-1.9825484660826622,0.5855320531098172,3.6105579504660383,12.146226146323933,6.868012196315343,user,ohp,medium
1789040444746,8.390480887061358,-2.0959740619935094,0.8922894330782816,0.818369734214803,8.066886273023709,2.1510707488998433,user,ohp,medium
1789040444763,8.18442815311849,-1.8760064922057091,1.348234736810252,-7.079547423778869,5.889200411362441,-1.7572559151786595,user,ohp,medium
1789040444780,9.286360051727295,-1.403750653131306,1.5258544994078576,-13.829382833301006,15.300050627651688,2.6048335126359943,user,ohp,medium
1789040444797,10.415375772094725,-0.7914331401549279,0.2108402604803443,-4.819955641138101,20.30843710072528,10.938351587836783,user,ohp,medium
1789040444813,10.409240045818686,-0.647481619207561,0.3892075169770047,8.093855274961504,10.08732453140518,14.691400517880805,user,ohp,medium
1789040444830,9.901518487218022,-0.8176198669433593,0.7068882958894596,15.589049591813268,3.1672351308762523,12.606837028476667,user,ohp,medium
1789040444846,9.495403784179686,-0.9702502227783203,1.2460324726380407,15.473728677866772,-1.1014013008367598,11.767790977622914,user,ohp,medium
1789040444863,9.562591068267821,-1.350180098724365,1.539771600275114,8.683187048438652,1.5096978431456631,14.6767104885234,user,ohp,medium
1789040444880,9.114576667132972,-1.7758992275513708,1.4571712776735424,1.1276596429357566,4.638634609241773,15.375059765116768,user,ohp,medium
1789040444896,8.569745567321776,-2.000505270794779,1.4577699376864357,-8.469684726494163,4.954352846549619,12.451719163557447,user,ohp,medium
1789040444913,8.749011416625976,-1.9749172405518591,1.2372041462771595,-11.33644830983733,7.004272335822981,11.959133604578943,user,ohp,medium
1789040444930,8.881739971160888,-1.835604485321045,0.4815337723663076,-8.558875897997128,8.3703003514286,10.885784744437073,user,ohp,medium
1789040444946,9.006537732696533,-1.7045219444274902,0.1996171114047989,0.3766487540679433,4.604201918088446,10.364250282435115,user,ohp,medium
1789040444963,8.952967470550536,-1.6446669029235839,-0.07975625828206538,12.83319632776006,-3.2972751024841247,8.7505164919557,user,ohp,medium
1789040444980,9.202116418898106,-1.5548847790591418,0.1755257494604215,17.317148923529025,-5.167091467967537,8.606763208041734,user,ohp,medium
1789040444996,9.167547209820151,-1.6156372077941894,0.3471598983097821,16.662984140676468,-3.0094037598658323,8.15813503901414,user,ohp,medium
1789040445013,9.106644705089925,-1.7375918548583984,0.6413472081057727,13.279482595675987,-2.3063617164258416,8.500972969308345,user,ohp,medium
1789040445030,9.31508930260539,-1.7187373706541955,0.5551557656770572,12.641130554525656,-2.3114886271715824,9.859386604649869,user,ohp,medium
1789040445046,9.305064752197264,-1.5991772175110877,0.535852697455138,12.707735997990682,-1.8315530054227658,11.857315120847916,user,ohp,medium
1789040445063,9.418190196117758,-1.814954496002197,0.5279222697820514,9.248374956973453,-1.591171327773337,15.841884411866921,user,ohp,medium
1789040445080,9.689633393859863,-2.165555693872273,0.5865795528687536,1.65654456242341,2.9625941256062074,20.573164987671216,user,ohp,medium
1789040445096,9.173982211303711,-2.412008535003662,0.4372415896426886,-6.258471173744596,9.005963005593237,20.719452271767256,user,ohp,medium
1789040445113,8.240843283301592,-3.0406362545289096,0.03172393918205053,-14.105493230498771,12.82020189286411,14.033947852716533,user,ohp,medium
1789040445130,8.481609018707275,-3.137302000427246,-0.4950001703239977,-19.31173150080741,18.88308248887575,10.261334699568657,user,ohp,medium
1789040445146,8.534581899482012,-3.087921883447468,-0.7875419048700482,-22.951419781196734,27.131186487184593,8.97160117765255,user,ohp,medium
1789040445163,8.291868537139893,-2.722057503863424,-1.0902587042108178,-18.482903412952,32.271329016895024,2.631803154904024,user,ohp,medium
1789040445180,8.874406559532881,-2.3921061491817235,-1.0889132078859955,-5.037184258161656,25.404190231019793,0.6195958080809465,user,ohp,medium
1789040445196,9.184456259045005,-2.262370785113424,-0.785746618951112,9.859098029157435,15.016338229907698,0.6140760013753713,user,ohp,medium
1789040445213,8.896852784618735,-2.3883656474791466,-0.058059609454497695,19.324054869617406,14.655569345494918,-3.71181721245877,user,ohp,medium
1789040445230,8.952517388695478,-2.1746834415711462,1.2734160810608417,14.856448624079578,19.05001060464357,-3.782160050060262,user,ohp,medium
1789040445246,9.095571522411703,-1.9774604952938855,1.7940057429324834,7.797415673472842,23.334974176680674,-4.595364933962919,user,ohp,medium
1789040445263,9.005340631866455,-1.5993270012453198,2.2080525541443374,-1.0706845527570374,20.31087206316439,-8.123184961031185,user,ohp,medium
1789040445280,9.9721491897583,-0.5933132450379431,2.606237925488129,-4.467536662985661,12.061372144943926,-5.510085211952183,user,ohp,medium
1789040445296,10.727069731682539,-0.16026158136576413,2.4250275910526513,-6.595146565860157,8.103957124743953,7.884421184441403,user,ohp,medium
1789040445313,10.586859881481528,-0.066289750726521,1.9536693584050981,-10.448878887572512,9.791892382819094,21.21701959997164,user,ohp,medium
1789040445330,9.034669602203369,-1.1947064822874962,1.7917609596803783,-15.13888036135419,19.522162798946336,21.20742147664048,user,ohp,medium
1789040445346,8.053795694079994,-1.827374855505675,1.7616846781075,-21.18028684261531,21.1820883050089,7.85160468680043,user,ohp,medium
1789040445363,7.7672379293143745,-1.35347212600708,2.199523137664795,-13.21948279891201,13.236343120878185,-2.791793932909226,user,ohp,medium
1789040445380,8.460808807262778,-0.47599692529886956,1.4856025685183702,1.841165856349324,5.894124550867197,-8.965372898903144,user,ohp,medium
1789040445396,8.618078513336181,-0.22700039103403685,1.341950030517578,17.25415750390858,1.1548319497230657,-15.199264356258979,user,ohp,medium
1789040445413,8.7971958940804,0.3956412398189306,1.6032174328126012,25.7628810303776,1.3561137825819332,-15.638904850112484,user,ohp,medium
1789040445430,8.480261695751548,0.4716580193117261,2.6856954200193286,19.8920465708065,1.5163462852507301,-20.951542099764293,user,ohp,medium
1789040445446,8.396614859771727,0.4311056441709399,3.070563775280863,8.18272969644171,-0.254428441925236,-25.4595369614117,user,ohp,medium
1789040445463,9.184007930755614,1.1733084510803222,2.835482953643799,-0.06331361912030341,2.1105410466952224,-21.360021563076902,user,ohp,medium
1789040445480,10.414926859283447,1.9038387942440806,1.8363535501226782,2.803977709728059,2.2555081832907464,-7.800220319900778,user,ohp,medium
1789040445496,10.36749290793538,1.7283141772948205,1.8047797234684229,0.4689520372332014,2.1505495200888065,3.1602529699972064,user,ohp,medium
1789040445513,8.360252922058105,0.32441432495117184,2.685846080536395,-14.78980476080047,5.620189995806904,4.595487450481156,user,ohp,medium
1789040445530,5.787234325408935,-1.4330790389463304,2.2878100545354187,-24.889718184619632,9.761897607078984,-11.064440295009803,user,ohp,medium
1789040445546,4.628738828057051,-2.305616052599996,1.8487723021909594,-23.438454957700955,6.457868301279363,-35.847240405909346,user,ohp,medium
1789040445563,5.349094252556562,-2.4875755249023435,0.8488941261291504,-8.632699997641211,-4.874713267714093,-50.86441191889578,user,ohp,medium
1789040445580,7.154023029106855,-1.2186487911500037,0.1243492871157825,19.552388093570933,-15.130928313613003,-54.218693914626954,user,ohp,medium
1789040445595,7.625830978283286,-0.9609725452147424,0.06434431574717164,36.196505544212535,-15.625517679339259,-49.30522316535445,user,ohp,medium
1789040445613,7.417536018371582,-0.9513958847045898,0.7752733018621802,40.1227168451893,-11.566451515042925,-51.17759999800297,user,ohp,medium
1789040445630,6.871508402252197,-1.6092027908325195,2.3114526497989893,31.97112171230545,-12.54223624553304,-57.25354162325496,user,ohp,medium
1789040445646,7.084443881446123,-1.4068928966797887,2.3491617643378673,27.100302079305088,-14.272738950062996,-57.317916156182335,user,ohp,medium
1789040445663,8.508094290050863,-0.6382041608396917,2.0070888869687913,23.84285679807907,-9.915375372823755,-47.706934993909364,user,ohp,medium
1789040445680,8.5046520406425,-0.498891917065531,2.0014023657649753,21.467366523620118,-8.638096700859167,-43.87088902016593,user,ohp,medium
1789040445696,8.530988843426108,-0.6754639241758733,2.174982862909138,18.210899666992702,-16.506133969029,-42.883882288869486,user,ohp,medium
1789040445713,9.336638286590576,-0.566228656094335,2.108094927093759,18.013720643390897,-24.640347978022465,-37.771881846086806,user,ohp,medium
1789040445730,10.279953740692138,0.21143771491684019,0.7007530445374548,27.58090492515845,-25.973722139866723,-28.425336580172758,user,ohp,medium
1789040445746,10.728566692242026,0.31034857286084444,0.14350290039703248,36.09639887664224,-25.090361821677924,-17.334716170074298,user,ohp,medium
1789040445763,10.449492561230063,0.06718732062075286,0.5273226964537054,29.460808626272325,-13.25562730622607,-7.4930163402801755,user,ohp,medium
1789040445780,9.749489604407549,-0.7656957645691931,1.372027919525653,18.34622962011275,-9.026810450487408,-5.400475189925465,user,ohp,medium
1789040445796,9.613618660193682,-1.1233295096908695,1.4232039069462568,9.07294496323626,-8.59658707995206,-9.593916788405338,user,ohp,medium
1789040445813,8.35082516849935,-1.8324619860442355,1.0624272058900446,9.824455309687131,-7.875442047003775,-18.81885138992095,user,ohp,medium
1789040445830,8.648603999981283,-1.5014637526581063,-0.036811142785847184,22.56159185696013,-6.14071657801946,-19.807483706239864,user,ohp,medium
1789040445846,9.104849638366698,-1.2966096630484332,-0.03995229035578668,32.80899126307467,-9.544571232972933,-21.043097370493726,user,ohp,medium
1789040445863,10.143485415107012,-1.224334988126834,1.1213852254889904,30.14323331681581,-14.880559191849722,-21.528344744982697,user,ohp,medium
1789040445880,11.073632760077714,-0.9998784180904039,2.1532851181030273,14.19505237844327,-14.380360533267593,-11.629420736548564,user,ohp,medium
1789040445896,11.015423732215165,-0.9036614069068338,2.2459108678955584,1.468495794194619,-10.472448162850934,-3.309658235449358,user,ohp,medium
1789040445913,10.347290662384033,-1.2313677454409888,2.3792379728455093,-15.103190915393581,-12.122064352135013,0.7204642018262535,user,ohp,medium
1789040445930,10.048015454864501,-1.3455413147415034,1.8849848214965312,-21.375117988689926,-8.56070895001563,-0.878199096414647,user,ohp,medium
1789040445946,10.469694222259522,-1.2952631438103037,0.9974841935973614,-21.215798703657498,-6.220308772417619,-1.5636878204919693,user,ohp,medium
1789040445963,11.399093963733314,-0.6377555265896255,0.8373720306396484,-19.302304132205503,-14.136806232748693,3.0893970144343172,user,ohp,medium
1789040445980,10.98639286804199,-0.15547356848780763,0.9560356368018313,-24.10974814744461,-13.190323867571578,7.981284365929585,user,ohp,medium
1789040445996,11.099517142918705,-0.17163426073050359,0.9953897420687601,-31.00455773719485,-12.067673848226908,15.834388279252833,user,ohp,medium
1789040446013,10.542865841454267,-0.621594825213775,0.33773177942484617,-33.93861234424099,-7.672435164492656,16.264826800747038,user,ohp,medium
1789040446030,10.012552511817216,-1.1158474377066363,-0.24510548164304344,-30.25070634340596,-12.643550149039132,11.132550087639524,user,ohp,medium
1789040446046,9.981876803046465,-1.0015242262357846,-0.7676408342223614,-20.642177219045028,-16.478094334938806,6.228072136182984,user,ohp,medium
1789040446063,10.568904538074134,-0.2735374483413063,-1.672798480169475,-3.025504650173668,-16.13719105572701,9.166840427530072,user,ohp,medium
1789040446080,10.901997259521483,-0.4990416094682179,-0.6835445374419913,-1.5078254108177276,-13.369443017234223,12.15885004345741,user,ohp,medium
1789040446096,10.828525780597328,-0.7208045199738815,-0.25812464728988704,-12.52746340013195,-4.225400053606362,14.271307171658231,user,ohp,medium
1789040446113,10.08108478077352,-0.9513960308350622,0.20350732377637176,-29.92026179136074,4.716553407293278,9.898514197083934,user,ohp,medium
1789040446130,10.485106310924888,-0.5823895538330078,-0.6027394642267376,-30.555278138875167,6.395675586904988,10.916714402319828,user,ohp,medium
1789040446146,10.550948610144854,-0.4818333033021539,-1.2141586035912855,-16.3779227805714,6.843216902080904,13.74739153495688,user,ohp,medium
1789040446163,9.869197933849692,-1.0087069773467257,-1.056141988140717,8.087163397122184,-0.13582516851530002,10.56449776852155,user,ohp,medium
1789040446180,9.61421721060872,-1.6704044977050274,-0.06284761091601103,17.41063372269899,-4.001730995082308,5.466536352691005,user,ohp,medium
1789040446196,9.50647638233602,-1.7986442529207094,0.4800374328613281,16.842182691288215,-5.964438360164716,0.1603232561393507,user,ohp,medium
1789040446213,9.859621711730956,-1.5885529476441442,1.1246761567931622,8.148546307193088,-7.92968655561837,-1.638628762787055,user,ohp,medium
1789040446230,10.270825846862792,-1.3066358482912181,0.5937626327732578,3.548711654748631,-3.2889753554255017,1.4956137796336852,user,ohp,medium
1789040446246,10.41956504047811,-1.148019403783977,0.44203024869132784,0.04534944453574965,-0.8096633240962995,8.90239343211375,user,ohp,medium
1789040446263,9.884460969433189,-1.0993877305513247,0.4963482239320874,-5.110441878991451,0.895737474738506,9.556332818723694,user,ohp,medium
1789040446280,9.594762568554282,-0.953640339163132,0.7992148800723254,-11.391876148725629,-3.0426343377252367,7.758579217852149,user,ohp,medium
1789040446296,9.789890588378906,-0.7293337537903338,0.7395093300417065,-20.418334844470785,-2.4968734081806567,8.598957155594055,user,ohp,medium
1789040446313,10.382006001934409,-0.15173278594072906,-0.24136479727737603,-28.108687302703675,4.9789120723708695,16.642158893897097,user,ohp,medium
1789040446330,10.328435739788413,0.2545334909301251,-1.1511620126586406,-28.019452588744752,10.565723787477568,21.993265476501712,user,ohp,medium
1789040446346,10.06866427513957,0.3404256946839392,-1.405995034524612,-23.062750157120647,12.351489552582095,24.998728003773035,user,ohp,medium
1789040446363,10.243591802978514,0.6302735139708966,-1.5937893869929014,-14.125013057373021,13.071094377872543,29.4883513641004,user,ohp,medium
1789040446380,10.01045524727702,0.5747578899107874,-0.9965859295833855,-3.427106539878901,12.955889577141939,31.62641231017866,user,ohp,medium
1789040446396,10.353125944408774,0.5596447841919958,-0.6139630882263183,2.023592311674137,12.64569397466487,35.70121096145447,user,ohp,medium
1789040446413,11.092035847252607,0.3954920406065881,0.16998893892560152,5.277637225910547,12.007726985428999,42.39385036686692,user,ohp,medium
1789040446429,11.323973548558353,-0.062398515441641204,1.0377371474001555,4.84210978659786,11.093536900874058,52.16985914477115,user,ohp,medium
1789040446446,11.139770242851972,-0.374243354742229,1.5801728765074163,-2.161022761407375,9.6146293370634,56.25421323069581,user,ohp,medium
1789040446463,10.77031733725667,-1.0108023056581616,1.7009309707308187,-8.910591366665058,10.174377853697932,58.24224565656016,user,ohp,medium
1789040446480,10.594790089958906,-1.6626234153747557,1.4718356897767633,-10.94460889489016,9.122711429076265,58.54950854656235,user,ohp,medium
1789040446496,10.491391090282796,-2.0034978767395017,1.5518916616577654,-8.128859140684172,-2.2125388228919616,55.89774907300743,user,ohp,medium
1789040446513,9.915435953411459,-2.9308021072387693,2.225709718322754,-12.227776897466592,-11.550205910102049,49.59891446947582,user,ohp,medium
1789040446530,10.723030685424805,-3.559878885705769,1.9155112579897045,-26.557874068632064,-12.85192556023788,47.343422080997534,user,ohp,medium
1789040446546,10.991928874859212,-3.7250786541260776,1.4658500760285182,-42.06126113542232,-4.541639519725245,47.753844733129014,user,ohp,medium
1789040446563,10.787375439563393,-4.051587759399414,0.15487539481539278,-50.90390065758221,3.5141848350508047,43.642716305657906,user,ohp,medium
1789040446580,10.55947795355916,-4.424784235437214,-1.0410285170957445,-38.533321580043584,-1.3141024629359483,26.873116327132124,user,ohp,medium
1789040446596,11.21788165653646,-4.49481375721395,-1.4682445334170013,-22.13957154361797,-2.352676802300875,17.730981547603633,user,ohp,medium
1789040446613,12.14922493329346,-4.277689301897585,-1.6778865240234881,-10.18653900551514,4.2386305569155,10.756549881377614,user,ohp,medium
1789040446630,12.559531827324628,-4.0110356765195725,-1.2300213951662182,0.913080925866755,9.399903557483832,-2.2611862049251426,user,ohp,medium
1789040446646,12.614299190300702,-3.7768531188964842,-0.9377785339688882,6.638798731732531,14.290032135267822,-16.959137727993635,user,ohp,medium
1789040446663,13.353209677666426,-2.7865508726924655,-0.206649421194382,17.06694201875853,8.3041106957293,-32.6733471212528,user,ohp,medium
1789040446680,15.665411100006102,-1.2051812606811523,-0.11746581121236085,32.74342486213713,6.952453398137387,-43.43802578151638,user,ohp,medium
1789040446696,17.189619731903075,-0.7116765896119177,0.3039148865515366,39.49305878107875,6.346206234293879,-33.97092255410973,user,ohp,medium
1789040446713,16.28790411616862,-1.3136685234069823,2.6343702699190006,31.752330262622433,-0.47102110430403926,-29.93201996201692,user,ohp,medium
1789040446730,14.692318931800127,-3.003077800507098,3.285742941748351,4.646425293763818,2.703784170689261,-30.428841092054476,user,ohp,medium
1789040446746,14.203600764355063,-3.762488055066019,2.5683796848021445,0.3558524822316941,-4.354062034549185,-30.4451208479412,user,ohp,medium
1789040446763,12.445060814014077,-4.847061553247273,1.6707042478365823,5.5800767216982425,-15.352330603106259,-37.038585906605064,user,ohp,medium
1789040446780,11.949460485839843,-5.402665976007283,1.8203423630530013,-3.0963855786157097,-17.992470217335693,-39.689778474458876,user,ohp,medium
1789040446796,11.054777252960205,-5.496339115960896,1.726818604974821,-15.63921733126701,-15.721336695658074,-42.99672384414727,user,ohp,medium
1789040446813,9.582043372234702,-4.948964615277201,0.4827316769139841,-18.32263302407765,-13.252446999393783,-51.35958697334337,user,ohp,medium
1789040446830,10.070760370635986,-4.1656119057253,-0.2320874850399792,-8.66422815084999,-14.2136654977052,-51.76940173863872,user,ohp,medium
1789040446846,10.690109828075766,-2.8716951076231894,-0.24241222397107628,8.213064274093028,-23.108737820802343,-49.1760881938116,user,ohp,medium
1789040446863,10.69429968098104,-1.81151268498525,0.5964554155211895,8.978392947008482,-22.942648110755144,-46.78712024857292,user,ohp,medium
1789040446880,10.767323416137694,-1.2514194994386285,1.0329484700852074,3.2806233147310455,-25.62268627502121,-43.41080747767388,user,ohp,medium
1789040446896,11.022603999108075,-0.9678560941834002,0.5737104266844689,-4.508449069227214,-21.231026610412044,-30.93219529803315,user,ohp,medium
1789040446913,10.715698442840576,-1.6326959676880388,0.4988921636607032,-9.787778047617808,-19.99253572897031,-20.36406728396774,user,ohp,medium
1789040446930,9.784054137310385,-1.8797477245606482,0.01331784719931893,-7.545560985565084,-21.47199909942468,-17.75856355901944,user,ohp,medium
1789040446946,8.316110413470863,-2.1217118759706617,-0.714818463267642,1.2691186236188328,-24.96365668993231,-22.537267845778423,user,ohp,medium
1789040446963,7.966257111358642,-1.8682254829406737,-0.6377551840963307,3.945083967427161,-26.881242544697145,-27.128963260609755,user,ohp,medium
1789040446980,8.87979585135579,-1.7350484174532814,-0.9424169891581871,4.6456607394636,-23.152054880518563,-20.52515729554249,user,ohp,medium
1789040446996,9.387066159057616,-1.1285665883604437,-0.6141120317103341,-3.8282313835592907,-12.134339909620818,-4.629086004782095,user,ohp,medium
1789040447013,8.763376042065024,-0.9163807219574227,-0.25109160684794185,-13.479099996811486,-7.061534934277076,5.181465174189006,user,ohp,medium
1789040447030,7.34211808155477,-1.2955627021456138,0.1044473579515703,-23.484842187449097,-7.483921943400304,-1.769614502151563,user,ohp,medium
1789040447046,7.443721429985761,-1.407191770028509,-1.0226231648985296,-18.977842825873218,-7.250443025680819,-2.7195659630968105,user,ohp,medium
1789040447063,8.130709422412513,-0.8903438154358416,-1.6909045571591703,-9.099701375536139,-5.90680266262721,1.98549821223886,user,ohp,medium
1789040447080,7.916578011432289,-0.9686043552674353,-1.5065508831966667,-2.8176276293409184,-6.187137104939805,1.9219454364460071,user,ohp,medium
1789040447096,8.010401373511552,-0.8994716727325692,-1.325040725564398,2.612028903483191,-7.787083304805905,-1.5962629136344642,user,ohp,medium
1789040447113,8.411878479877114,-0.4692635984558612,-1.4390642143031582,6.737998691690504,-7.303817538949884,-2.5673253153654576,user,ohp,medium
1789040447129,8.800636974444984,-0.368707238327153,-1.1439788231562822,6.629530165028824,-3.7379213416929127,-1.2312925023867733,user,ohp,medium
1789040447146,9.166350108990073,-0.2207156847413629,-0.7218515448087826,3.475466627080118,1.351200421969461,3.0390888292157654,user,ohp,medium
1789040447163,9.49959422160685,0.042796208544820545,-0.9651620693264529,6.482353248793389,3.2471159007668438,6.979015150045921,user,ohp,medium
1789040447180,9.443181429511307,0.13646956769414245,-1.1149497856140136,12.783256545869866,3.6695097400792416,11.17260402447977,user,ohp,medium
1789040447196,8.157644775611162,-0.3404256581513211,-0.34970307998657224,16.633272817786914,-1.3111858654386472,6.11181847452796,user,ohp,medium
1789040447213,8.674192614746094,-0.569371374566853,0.5690724646855145,10.080122950699048,-2.3835345297539345,8.500080775848012,user,ohp,medium
1789040447230,8.800636974444984,-0.6003459201537072,0.8741834291538223,-3.0767011868711447,2.979790834389007,14.102858485026438,user,ohp,medium
1789040447246,8.548346220940351,-0.6471824901305139,1.039083703170903,-22.417187997527723,9.502674852604075,18.113769254353244,user,ohp,medium
1789040447263,8.192957496532797,-0.762253953552246,0.6608001331271603,-29.425103812386084,8.043907809108493,16.86222758895491,user,ohp,medium
1789040447280,8.135047159355878,-0.8222588518556206,0.03785871561001986,-23.748758989431096,4.748223286927335,13.128203297070312,user,ohp,medium
1789040447296,8.42100520466268,-0.7878420568604022,-1.0899602327208966,-3.781661019364028,0.8018794697634237,8.99097500923329,user,ohp,medium
1789040447313,8.773402346038818,-0.696263624163717,-1.0434226456906646,8.49363990746069,-2.167537267771686,6.976039322001911,user,ohp,medium
1789040447330,8.79016292670369,-0.8786722284730524,-0.6338646337980404,13.971134871788157,-5.609413237957093,4.811411074486415,user,ohp,medium
1789040447346,9.090783119091391,-1.0595839452881366,0.13602123940475283,6.538726215108089,-0.733859910335941,5.389657877827457,user,ohp,medium
1789040447363,9.55705389240682,-1.1543043292723596,0.4089600094668567,-3.294848250894655,7.145270492180494,8.44739355036418,user,ohp,medium
1789040447380,9.512163195800781,-1.204582637200877,0.26276366873476653,-6.950319817795404,9.537925458910511,8.632956129735087,user,ohp,medium
1789040447396,9.422829546356201,-1.4615106951173393,-0.483478513225913,2.9687690435027223,6.917166506450986,6.077825049915629,user,ohp,medium
1789040447413,9.668235216522216,-1.7872716123718768,-0.05536587685849517,10.845113529250584,1.0308640162873342,5.686516682176428,user,ohp,medium
1789040447430,9.452009463611244,-1.9413987826358525,0.29493621020084243,8.704855823580518,2.196684459724481,5.244559473533822,user,ohp,medium
1789040447446,9.160065914154051,-1.9229926997862754,0.9858125153030268,-1.3464180088899829,4.664614514410386,6.6529756431285385,user,ohp,medium
1789040447463,8.31102331946492,-1.9327193632263688,0.8346786268372088,-17.604995293268164,7.614896797150823,3.2410310559900086,user,ohp,medium
1789040447480,8.32478997901082,-1.741632070159912,0.47001180474096904,-25.231062011032897,5.874174422075236,-0.8188899491696346,user,ohp,medium
1789040447496,8.95745659866333,-0.9983823114808649,-0.7118257705579512,-23.975312949105835,2.6610799070076374,-1.6129804419583051,user,ohp,medium
1789040447513,9.298331644549965,-0.5395934183534234,-1.8359033952023833,-12.792566093708594,3.606213096380264,2.2802407251621855,user,ohp,medium
1789040447530,9.185355838233232,-0.586879120337218,-1.727715480749309,-8.730158259360831,5.576073803957792,1.9588310192850147,user,ohp,medium
1789040447546,9.49301075156331,-0.39085393247716127,-1.630899713654723,-7.128244965013767,8.242822554533127,2.5296971628976226,user,ohp,medium
1789040447563,9.692477092853188,-0.0878372003417462,-2.2330416321134194,5.911574830422934,8.213756684520138,7.010828036765725,user,ohp,medium
1789040447580,9.471461767578125,-0.09846176246963441,-2.3367405189184005,19.281417413723602,9.990047269698566,6.647196022430239,user,ohp,medium
1789040447596,10.028113069042563,0.15592216392196714,-1.954117202637298,30.850851160112885,12.25326460212814,9.464499217785582,user,ohp,medium
1789040447613,10.22099652481079,0.4912603262085467,-1.45268141434181,41.93969742857443,13.445884786877714,16.663031952000658,user,ohp,medium
1789040447630,10.0680674782902,0.47061033688969905,-1.1254238972873891,46.5866644417168,14.078206624764569,21.919953641045378,user,ohp,medium
1789040447646,9.526378768157958,0.2823661582946777,-0.029777303192880935,44.24790863216147,13.242687512843482,24.0817802303407,user,ohp,medium
1789040447663,9.596111060553788,0.2290947329647839,0.20156198926172217,39.371836583689365,10.21726973413832,28.302116552451142,user,ohp,medium
1789040447680,9.582044541278481,0.2138322819031775,0.32995180220627224,33.371576869535694,10.142975205215151,34.21094564682773,user,ohp,medium
1789040447696,9.569324760437011,-0.3170823746278882,0.895431968887709,21.335663400949347,11.965438722956511,42.71880344681945,user,ohp,medium
1789040447713,8.56690420641601,-1.341052351025492,1.5215149723662063,-10.673003007450019,25.599547301660497,51.510353153987644,user,ohp,medium
1789040447730,7.912535458043217,-1.7767967609129844,1.6042648960389196,-33.23494235028417,36.00145241698989,48.13760915692993,user,ohp,medium
1789040447746,7.8814120055049655,-1.643619293566793,0.8200148357884958,-40.07116599242863,40.716376397279305,39.90899339587043,user,ohp,medium
1789040447763,9.392902025604247,-0.20979192047119138,-0.17956461305506527,-17.65934652358854,33.69516049655964,34.803372349772545,user,ohp,medium
1789040447780,10.053252770996092,0.24824878463745115,-0.3945939227230847,10.073762337034474,24.21319648506633,39.421796002373426,user,ohp,medium
1789040447796,9.565433598217368,-0.15951383173838257,0.5053267724186181,23.54524325782681,31.315918740699054,46.07969023547802,user,ohp,medium
1789040447813,7.267450670844316,-1.4173675289429724,3.2852941020023074,3.008968121862832,41.19507020525965,30.612419501471493,user,ohp,medium
1789040447830,7.167490997967124,-1.8209400001525877,4.139126561316475,-19.693190735763455,32.10290679724626,12.821011270280758,user,ohp,medium
1789040447846,7.10614016494751,-1.5364790615357458,2.6379615358766166,-20.51380552114193,23.132669096106774,-3.5439766261065193,user,ohp,medium
1789040447863,7.396137841033935,-0.3497033722475171,1.627459309143573,-1.007809779961014,1.829136185673639,-19.00931292247405,user,ohp,medium
1789040447880,7.62239106696248,-0.055067222705483435,1.3063372306708245,6.6847411454109755,-6.618160034494868,-28.978382119910567,user,ohp,medium
1789040447896,8.744072791180015,0.6447882884703576,1.455525264032185,-1.8167603097843992,-0.22208581533835955,-32.68228100868718,user,ohp,medium
1789040447913,9.449015542492269,1.0940006672181188,1.1896189498901366,-6.894502231237591,7.0614726088009,-24.788660413207413,user,ohp,medium
1789040447930,10.319157039311527,1.0342952633179723,0.8075945858828723,-1.1553012050633866,1.6243632723752488,-7.533359706386502,user,ohp,medium
1789040447946,8.481009299248456,-0.5008366213925183,1.612345691968128,-4.347411137844885,-2.9549867889746944,-7.874656575249223,user,ohp,medium
1789040447963,7.639597637829184,-1.0993873286925255,1.9743182517454028,-17.902892286370978,0.4181515181054531,-16.010610574933747,user,ohp,medium
1789040447980,7.299920861816406,-1.444751064300537,1.5776299140263348,-28.471168857050838,8.363814233038026,-22.101202955955422,user,ohp,medium
1789040447996,6.912808380889892,-1.5399204341612756,0.8533841310247778,-27.282283932003615,11.941261560841959,-26.773255546371953,user,ohp,medium
1789040448013,6.95231387732625,-1.9128177811220286,0.7115272442691027,-20.74416048108978,15.17567629796034,-33.57688894089169,user,ohp,medium
1789040448030,6.949469009289145,-2.4684217654906213,0.41569311711415646,5.175261654875341,10.087977668244562,-48.411417780377406,user,ohp,medium
1789040448046,7.395836812260747,-2.4875752326413987,0.9135374248228967,29.62664220422565,-3.7146308235099923,-57.37182000911208,user,ohp,medium
1789040448063,7.429058113861084,-2.416048604174703,1.1430826049689202,52.393441972156936,-16.11143611991418,-64.80424061862318,user,ohp,medium
1789040448080,7.647529015350341,-1.753004454980418,1.963544490405172,66.86608348375329,-21.992958117989062,-71.33054101208373,user,ohp,medium
1789040448095,9.162461869379877,-0.6570588642396032,2.84550969600901,60.769845951382585,-17.247597107210783,-68.70058350235949,user,ohp,medium
1789040448113,10.544513024139404,-0.3380312738280743,3.4597719133123754,39.88481452620859,-16.951049076469047,-58.428163405767904,user,ohp,medium
1789040448130,11.91938274296224,0.7326257080078125,3.528155932904407,12.620238713401879,-19.34005971039004,-33.71901151714132,user,ohp,medium
1789040448146,11.174488505011796,0.9690533046113327,2.5640404865540565,1.965378609378118,-20.41159174021269,-19.225134947415405,user,ohp,medium
1789040448163,10.756550093188881,0.9234138354646041,2.1686983027469364,-1.1083213496830406,-21.681397331451635,-8.856941084508254,user,ohp,medium
1789040448180,10.168773001098632,0.3965398326264694,1.5327379753112793,0.3797610524932213,-26.911577122348465,-2.971508589690132,user,ohp,medium
1789040448196,9.376740579876303,0.022146401889063416,0.728586296423897,5.426884970124965,-32.24638858114072,-1.9693108773493415,user,ohp,medium
1789040448213,9.2122900223881,-0.28131858547050503,0.6169568632148206,6.32210206982608,-36.86120247876525,-4.195796306196234,user,ohp,medium
1789040448230,9.495253562054037,-0.27922362248525023,0.18375600033029912,1.7192312915738466,-29.339101485451867,-0.6982468771166714,user,ohp,medium
1789040448245,9.911844650921225,-0.20754713721908627,0.08439648530334233,-2.485335511125213,-23.902421170283457,6.864494648892786,user,ohp,medium
1789040448263,10.06836499993205,-0.027982378033548593,0.05820908266147598,-7.028304356417672,-19.568375858870642,16.558876689799842,user,ohp,medium
1789040448280,9.62139806202352,-0.23044176365956662,0.06000522709693759,-15.4292163350458,-14.546805413151635,25.675760259966793,user,ohp,medium
1789040448296,9.32122619792521,-0.5885245494566858,0.2696469802414067,-22.08139369981509,-14.489271314678032,29.181699776028925,user,ohp,medium
1789040448313,9.159467363739013,-0.8955814238283782,0.3046628553746268,-27.40679998812024,-17.170064214847383,29.142122244883286,user,ohp,medium
1789040448330,8.882188883972168,-1.3723264640808104,-0.3016697745058685,-27.212284738294738,-12.689175812694817,25.294879883542908,user,ohp,medium
1789040448346,9.590573300170897,-1.4671967048645018,-1.189019522692263,-14.665759987736577,-13.257610622406313,26.342385015412745,user,ohp,medium
1789040448363,9.569473813518881,-1.49787248670049,-1.2140097468722377,1.4205587518351193,-21.55225723726691,26.639564838652706,user,ohp,medium
1789040448379,9.385870227271317,-1.8939635891787707,-0.7586622446366352,13.100597379992413,-26.479410562994246,26.437073635423925,user,ohp,medium
1789040448396,9.152283589714765,-2.5056814557615668,-0.03770865788115188,17.658962325447728,-27.099545635854508,23.388584331476107,user,ohp,medium
1789040448413,9.274238236778974,-2.728043373339996,0.2796727362259291,13.766968564665428,-26.043869890190045,23.605507724421127,user,ohp,medium
1789040448430,8.738238678199052,-3.0609868225097654,0.7252938672823831,-0.2930032959646317,-17.691417676836334,22.407463515696918,user,ohp,medium
1789040448446,9.23787863715291,-3.156156630761921,0.5943610370578244,-11.136082149214067,-9.190380674504521,25.726875688167876,user,ohp,medium
1789040448463,9.351004665595292,-3.2623991833008823,0.4553475935671478,-20.151615957381786,-3.4441186201106984,28.04261034512568,user,ohp,medium
1789040448480,9.58279214477539,-3.464858715057373,-0.14140713369417934,-24.21560924939064,3.8594581546709423,27.420752357047284,user,ohp,medium
1789040448496,9.404873033905028,-3.7102643852233883,-0.7999625201018526,-16.509690790039286,-0.020496273786244256,20.404351739692473,user,ohp,medium
1789040448513,9.506179445216059,-3.752612119348347,-1.1022302605008705,-2.454360176352382,-6.61367814973887,12.957008874392173,user,ohp,medium
1789040448529,9.98531671436727,-3.798101658630371,-1.1652275455532595,11.0302867878388,-12.810461189334026,7.057952926944227,user,ohp,medium
1789040448546,10.622024718365072,-4.155585747881979,-1.3639466486724092,18.57990746709181,-6.493112504283451,2.740312235813901,user,ohp,medium
1789040448563,10.479869579315185,-4.131195110730082,-1.1068688435543328,15.471264687123691,-0.763818560778645,-0.11707902064711244,user,ohp,medium
1789040448580,10.07465036381185,-3.697096276092529,-0.45370066661033776,9.261897877756432,1.0528589329620677,-3.2608917519925247,user,ohp,medium
1789040448596,10.200945085906982,-3.3466451542176303,-0.646882739998959,-0.2550827793838085,2.961709616108691,-5.9523160550484135,user,ohp,medium
1789040448613,10.385747526550292,-3.019387714795023,-1.1962027121946215,-1.5796348181000681,9.549987572984753,-5.243842730557793,user,ohp,medium
1789040448629,10.282048667144775,-2.2064067596986887,-2.0778674370145422,5.209974383784639,9.581414980903274,-5.791549196798769,user,ohp,medium
1789040448646,9.700705992016196,-1.4944308948792517,-1.838597164331004,12.182887186693977,6.316440696777787,-10.072242619944145,user,ohp,medium
1789040448663,9.879673735156654,-1.130512388665974,-1.4680942199598066,8.227901152517589,5.477375009130169,-7.644477492672501,user,ohp,medium
1789040448680,10.23356725257039,-0.8313865264892578,-1.2042831062650308,-3.0883720591719923,10.803047247926123,-1.8259462738878316,user,ohp,medium
1789040448696,10.244489628601073,-0.7272389004029333,-1.5961841366423293,-18.98152088274127,22.814436922297542,8.672962255251143,user,ohp,medium
1789040448713,10.070312042346597,-0.6830958072938025,-1.905035949873086,-21.994925212470022,28.741483838737846,13.735849369033204,user,ohp,medium
1789040448730,9.720010996466874,-0.8274960949219763,-2.863016154004587,-11.872395324761658,31.51697218910755,15.775913322221061,user,ohp,medium
1789040448746,9.457693938988447,-1.1813891739442943,-2.457797455666127,12.122016540810822,29.316172540408132,13.071401736385194,user,ohp,medium
1789040448762,9.669131873100996,-1.3564650242127478,-1.4974228980357758,20.806602070482036,24.448617737831036,14.2985895085242,user,ohp,medium
1789040448780,9.808446235767006,-1.7061678119383752,0.8894464556041639,12.721813017870078,25.33333384857008,16.7791161395869,user,ohp,medium
1789040448796,10.120589108166097,-1.7176900535583495,1.7667719913091509,-7.201049658924226,31.84203796718138,21.4028656321931,user,ohp,medium
1789040448813,10.303595313042402,-1.6138412642881272,1.6086046788088977,-12.791995772912896,31.515175849355835,25.388506409138152,user,ohp,medium
1789040448829,9.973645565795898,-1.5625158584594725,1.1698667861938477,-9.976142712095713,27.117669542817136,26.625108743274374,user,ohp,medium
1789040448846,9.651026892089844,-1.6644192127503454,0.7734774314213544,-1.325901721448851,19.227404277767143,24.338993201652332,user,ohp,medium
1789040448863,9.816675719451904,-1.5839144741885363,0.8031050924438983,6.829249592115051,9.71724183028544,24.16313461354472,user,ohp,medium
1789040448879,10.016143814307451,-1.6249153237491845,0.6932709086211398,11.17586373226116,4.133796544665913,25.292579817339906,user,ohp,medium
1789040448896,10.076147324371338,-1.8878278629027305,0.9510967556275427,8.794631830031166,6.347439937212712,27.65426457193897,user,ohp,medium
1789040448913,10.289230687603354,-2.002450267382711,1.0898113257694988,3.9536844562526765,8.961869011858928,32.765226825967815,user,ohp,medium
1789040448930,10.44410736106038,-2.219275739752501,1.1944082299932837,-0.7305057004840829,9.698026800602902,37.60042019225739,user,ohp,medium
1789040448946,10.255414342719316,-2.4506150367736814,0.8773260014958679,-5.201450734587286,11.14442693283253,40.57523053808099,user,ohp,medium
1789040448963,10.199148265618085,-2.492064360754192,0.9859624634340405,-9.217701431184572,4.6027547717580495,40.66000684605918,user,ohp,medium
1789040448980,10.050559294128417,-2.659957752172649,1.1378445581849663,-16.08285860842685,-1.02286938658554,38.86922345323564,user,ohp,medium
1789040448996,10.0554967505306,-2.789094711956382,0.7466920080874114,-19.7003778023176,-1.5180962010604284,37.857221644671526,user,ohp,medium
1789040449013,10.308984020343422,-3.0526071166992184,-0.16669621752314268,-13.667563699032355,-0.24946807040136712,37.67419648057728,user,ohp,medium
1789040449030,10.309881261444092,-3.4082957008361814,-0.10549381653089075,-6.0407781038574795,-3.266435944607871,35.58952370814642,user,ohp,medium
1789040449046,10.300303285759687,-3.5844191604614255,0.3136402348173782,-1.569693371041409,-10.667070134382216,30.709063263132588,user,ohp,medium
1789040449062,10.430040257263183,-4.143016335296631,0.555155692611821,-1.5764816185810495,-10.356808791334387,23.98468396864709,user,ohp,medium
1789040449080,10.982950618633627,-4.433612269537151,0.8447044558869674,-3.120148447068419,-7.164707076124234,23.09624540481039,user,ohp,medium
1789040449096,11.26815989139974,-4.524741570226848,1.0158895092619582,-5.214145921820224,-4.511623399643978,23.72934759180992,user,ohp,medium
1789040449112,11.138125398254394,-4.711340246637166,1.4109333311770111,-9.248831725874197,-5.978397132394107,21.652140216141888,user,ohp,medium
1789040449130,11.385027444458007,-5.030068050384521,1.0895116487031802,-11.10100485895782,-8.406359481378036,19.131113978395597,user,ohp,medium
1789040449146,11.200375225940347,-5.185541812951863,0.7296336500523611,-14.09233743238368,-3.934909546884781,15.742547848125549,user,ohp,medium
1789040449163,10.830621291571855,-5.433192047174274,0.7142210499303415,-20.197788036171072,-0.6437963956099182,6.356036157169997,user,ohp,medium
1789040449180,11.826908457404375,-5.660042946735024,-0.19841913379188625,-13.568490951347675,-2.311639318220146,-0.6709414350014,user,ohp,medium
1789040449196,12.32849253616333,-5.890484272003174,-0.5985501958433538,1.904474025992526,-11.200180913253698,-9.032618672602858,user,ohp,medium
1789040449213,12.686127578192949,-6.334459334619343,-0.3799293279567733,12.342728981197908,-15.208220441808159,-24.385026969110925,user,ohp,medium
1789040449230,12.917766588813066,-6.933009749658406,0.6682817210542038,12.558283774987986,-18.00515387862441,-40.479194663256024,user,ohp,medium
1789040449246,13.482047654503583,-7.350797062572837,0.6754641068389639,16.80112813173456,-22.364788493762678,-58.66130508289712,user,ohp,medium
1789040449262,14.509161335754394,-7.873182814081013,0.8104375907564535,21.88096179862107,-31.69886354179957,-82.76141583342284,user,ohp,medium
1789040449280,15.045612145233154,-7.165396656036377,1.9668374766691121,11.043620170872313,-41.539899135696906,-96.56046067397794,user,ohp,medium
1789040449296,15.257500161200761,-6.454169417627155,1.9225438058121274,-9.10380546545367,-40.97580405742931,-100.05471715146477,user,ohp,medium
1789040449313,14.56258429838419,-4.718822565216571,1.3308773044970816,-36.23253137698977,-37.938354046727525,-95.65323396728184,user,ohp,medium
1789040449330,13.77728381576538,-2.4476224308289587,-0.5346548659726977,-44.58956835482385,-35.63922357964202,-86.98286889146259,user,ohp,medium
1789040449346,13.358897660174964,-1.712901650238037,-1.6852181090205907,-39.327423278611356,-30.665698392092178,-75.74236510267006,user,ohp,medium
1789040449363,11.462239863476157,-1.05030604852885,-2.85613286989741,-21.39503994295156,-29.10699458198191,-65.41644413430977,user,ohp,medium
1789040449380,10.204537557440995,-1.1686699776247143,-2.7594670144012197,-10.226538300842027,-27.163971395200655,-57.387351859284685,user,ohp,medium
1789040449396,9.625440030890703,-1.2765583976745605,-2.2955901139523833,-9.397191972383338,-19.97357170873977,-49.23104389587352,user,ohp,medium
1789040449413,8.990527093616127,-0.8774749815125018,-0.8649046921443193,-22.26320479778437,-7.417693867886921,-34.29692748319444,user,ohp,medium
1789040449430,8.430134852057694,-0.5349544334411621,-0.4477154181882739,-28.464654564129937,-5.981331979303097,-24.976635756902628,user,ohp,medium
1789040449446,7.834277329364419,-0.5193924149110913,-0.9253585763242095,-21.13971893404002,-9.131555670277786,-21.58913855123769,user,ohp,medium
1789040449463,7.68688312061727,-0.03396751685775816,-1.9521718133237211,1.5426281061249987,-15.081846574237291,-14.815552866424126,user,ohp,medium
1789040449479,8.194453872570396,0.13482362711802123,-1.4619590964719653,12.668926863126668,-18.033610154253974,-4.307752498202852,user,ohp,medium
1789040449496,7.6762606043159956,-0.1324293523926288,-0.7378626588132232,11.01661189534679,-16.65739363084081,1.7754043681336182,user,ohp,medium
1789040449513,6.8424804606884715,-0.9747397162172943,0.6914755861695856,-10.765475231075529,-10.421577767686326,4.505789137432317,user,ohp,medium
1789040449529,7.544579513007402,-0.9641150810241699,0.08918437716700137,-23.861257327703083,-0.8917692415524343,12.710305856665899,user,ohp,medium
1789040449546,7.583933033752441,-1.1284172430176287,-0.7902355278681963,-18.30159604143401,-1.9727628976445482,16.351143316383073,user,ohp,medium
1789040449563,6.744316439056396,-1.2554597878053784,-1.882291125433147,5.480106231024528,-9.79313462347439,9.003234345019818,user,ohp,medium
1789040449579,7.85208537325561,-1.0687118391174821,-2.198026688561961,22.786643175017467,-13.230613445938191,7.36098878362383,user,ohp,medium
1789040449596,8.213458432769775,-1.0588359764650463,-1.857301645605266,30.68663633699285,-11.153798806147433,8.28773617096784,user,ohp,medium
1789040449613,8.530390877532959,-1.3428478561401367,-0.6426933620177209,24.099984392026077,-6.734010714988862,11.614746075116791,user,ohp,medium
1789040449629,7.965807614025473,-1.5878043942991644,0.04055237514078617,3.8421777760708102,2.4489402078025653,15.043556533750198,user,ohp,medium
1789040449646,7.774570171898603,-1.6343420543946325,-0.20500315182469783,-1.588898262161898,3.3420525420222593,15.559411693457289,user,ohp,medium
1789040449663,7.492803733062743,-2.0555717628479004,-0.9674068160459398,0.130670270002218,4.140532391848015,12.829990407718386,user,ohp,medium
1789040449680,7.844601739501953,-2.3693621101930735,-1.3833995006285607,5.665597093409149,2.27480859033791,6.163131551328149,user,ohp,medium
1789040449696,7.784448591834306,-2.166752794702351,-1.4275425937376915,9.397420783720532,-1.4281401550921276,-0.3468447166964902,user,ohp,medium
1789040449713,8.410380934795736,-1.8014871116638183,-1.011699692889303,8.636624795093029,-8.987663221259481,-2.843148631174671,user,ohp,medium
1789040449730,8.558373693957924,-1.6377840115420519,-0.4276637600887567,-7.706868709419629,-5.498061090805199,-1.6318526815218735,user,ohp,medium
1789040449746,8.638729671698808,-1.4018055104129015,-0.44532150878906246,-22.137959618973845,4.4269422874273365,2.370390257583068,user,ohp,medium
1789040449763,9.017161418041587,-1.0363900436401368,-1.2155058169491588,-27.284860620868002,8.80846296310044,5.856681453837187,user,ohp,medium
1789040449780,8.934562629809975,-0.7956231391906737,-1.9759640461910515,-19.76517409942622,6.605373493481781,1.6727552693664949,user,ohp,medium
1789040449795,9.036466422492266,-0.7076362281799315,-2.26177194243744,-6.3238727963684065,2.9023296590118925,1.5492234008205863,user,ohp,medium
1789040449813,8.633043442755937,-0.6410476406373083,-1.8483232432492076,1.1750354358445518,4.434475559195037,0.234264682958727,user,ohp,medium
1789040449830,8.964040653228759,-0.747589468383789,-1.4734810458309948,4.705516248481361,7.955217802735877,1.675082442882765,user,ohp,medium
1789040449846,8.939200811004637,-0.641796120917052,-1.4202102050229906,5.718394882580171,12.155428118683233,4.05667431742636,user,ohp,medium
1789040449863,9.085546387481688,-0.590769405774027,-0.9796771726194768,7.591941385124056,14.903909901074703,6.7824111429948655,user,ohp,medium
1789040449880,8.826824139624833,-0.6603510376527905,-0.47869040216654535,11.218300551348095,14.36108061678794,5.243133244657758,user,ohp,medium
1789040449896,8.901640603417158,-0.6217439513608813,-0.3188775874815881,14.921912572179565,9.779430702678408,3.459697000947028,user,ohp,medium
1789040449913,9.319130102428794,-0.6542158958986402,-0.16923961839564144,17.16388972383769,7.188143162713841,3.879138064103865,user,ohp,medium
1789040449930,9.431958024707436,-0.6175543907165527,0.08693966698013246,16.78867328178304,4.7891647214728605,3.888830102536113,user,ohp,medium
1789040449946,9.97259810256958,-0.6245873580932617,-0.014664412103220819,15.664695644418451,5.340968447442198,9.071263882926791,user,ohp,medium
1789040449963,9.983521063122152,-0.6694784930907189,0.0005989888064563275,12.444982035714876,6.7668647786702705,13.287179365096945,user,ohp,medium
1789040449980,9.606732992333173,-0.9506478428162634,0.031723610388487575,8.901446597140056,6.957458646138537,18.51441449068785,user,ohp,medium
1789040449996,9.325266997748614,-1.20338590169698,0.2249052453856915,4.053333074261754,7.354722938833989,18.710311146272986,user,ohp,medium
1789040450013,9.137021138653159,-1.5569792671203613,0.09053133479654789,0.7718578535143087,6.847101145284526,17.584962348432516,user,ohp,medium
1789040450029,9.115323686107992,-1.632396619415283,-0.08918364651463925,0.13048520122417975,5.423532627902958,15.320527534783386,user,ohp,medium
1789040450046,9.052026979717612,-1.6980872352048755,-0.6682810269344598,3.2592674476305312,3.509602845334784,11.775327237598377,user,ohp,medium
1789040450063,9.616459436577557,-1.5506941955015063,-0.9763846338801085,5.210318454564078,3.80718330185825,11.926067805033265,user,ohp,medium
1789040450080,9.9461122467041,-1.449090847070515,-1.1290152819760144,7.889127184779541,6.020499699098535,14.747397823791154,user,ohp,medium
1789040450096,9.689635147425532,-1.4850037258423865,-1.1682204437589272,10.946797116745504,7.184102252046132,15.131375691003639,user,ohp,medium
1789040450113,9.913939577373862,-1.7530046741761267,-1.2143086795864626,15.765309453534616,6.447745107155757,17.006395806860954,user,ohp,medium
1789040450130,9.74873966282308,-1.8254292743958531,-1.0492582930415868,16.797933310750288,7.992208399733374,16.618289090295196,user,ohp,medium
1789040450146,9.676315647125243,-1.9850923053465783,-0.8331821046691388,19.20981654065436,8.615488774706424,17.78515690055288,user,ohp,medium
1789040450163,9.12954101203084,-2.2129908142641184,-0.7321761010767892,23.400576436111354,7.9881717579338964,16.566056926164816,user,ohp,medium
1789040450180,8.96418912178874,-2.3590366771422326,-0.5180447266291827,25.91588239042776,4.610965512914051,14.922508506184649,user,ohp,medium
1789040450196,9.048286039623617,-2.402581512097269,0.12809040987286716,18.353920413118185,5.721979024347134,14.764679909938579,user,ohp,medium
1789040450213,9.373449137115477,-2.262071656036377,-0.2566282347196713,14.614694078406975,9.123015372494331,16.289143981739574,user,ohp,medium
1789040450230,9.151536570739745,-2.19293937536031,-0.8982742796415463,21.09560615728549,9.697081673176502,15.434453382591906,user,ohp,medium
1789040450246,9.139566146960854,-2.18007054143697,-1.0693096588801592,29.455481078719714,8.88756765274659,12.746827731931603,user,ohp,medium
1789040450263,9.34546865877807,-2.0277396069400013,-0.34521345868343484,28.255170954738354,6.904727878198746,10.493143636036073,user,ohp,medium
1789040450280,9.69038333544433,-1.8861825799137353,-0.41240074277156963,26.78129638657235,9.378152820071927,12.6974821764992,user,ohp,medium
1789040450296,10.16338604736328,-1.8025345748901367,-0.4822812388658989,25.780446569375577,11.801427097964288,18.75710818737133,user,ohp,medium
1789040450313,10.36210478515625,-1.5078981330871581,-0.10908542954837903,22.799050213644794,10.365477155164779,22.67516082738452,user,ohp,medium
1789040450330,10.779894143897295,-1.28478861201182,-0.1518817111584358,18.577233448031752,9.391631344625301,32.33076873814706,user,ohp,medium
1789040450346,11.668891147834062,-0.8467997841984033,-0.3956414201987325,9.794283802802246,10.606628936643128,51.95763833706969,user,ohp,medium
1789040450363,12.279262933570147,-0.49799452983438963,-1.0829265712244436,6.563407957447577,14.908410995737741,76.30511804876576,user,ohp,medium
1789040450380,11.03218197479248,-1.2126631408691406,-1.5204676187377422,8.927229707483209,23.064442336487517,91.69065873916391,user,ohp,medium
1789040450396,6.898443170928955,-4.169652121026814,-0.4780924728060141,6.8022541231942215,32.226085843832855,86.45563292905096,user,ohp,medium
1789040450413,3.4730876142203804,-7.479784677013755,0.303465188288968,0.65114269094909,38.01355101439478,62.69824741069814,user,ohp,medium
1789040450430,1.5601216567993164,-8.179042076165974,0.949152270496264,-10.2501639251811,34.83575769172216,13.96823460271184,user,ohp,medium
1789040450446,2.143410205298662,-6.329670639038086,0.3351879401609301,-11.253782530312666,27.954891933162497,-39.71191511755889,user,ohp,medium
1789040450463,7.077408575981855,-2.7775729087278247,-1.8634370796203612,10.798817653282592,21.345678165819876,-50.71620364409568,user,ohp,medium
1789040450480,8.501361182403564,-1.4698901817321777,-1.8320127809720113,33.14252306062473,16.25218924323522,-51.22551719012519,user,ohp,medium
1789040450496,10.156651770672202,-0.11701631387919187,-0.10983334357254207,42.24921086590815,15.010788701207064,-41.94042825881563,user,ohp,medium
1789040450513,10.616339073944092,-0.20859511190205812,2.0979201545599846,30.17893130051288,16.52390270615479,-32.711292237186804,user,ohp,medium
1789040450530,10.512639630016684,-0.39294805521219967,2.8217164402283728,8.626883237789299,18.997687940506687,-24.693683217703803,user,ohp,medium
1789040450546,10.396223327857255,-0.6706757400512695,2.8271039054203775,-12.251625356727338,19.680460970697844,-15.84588007253138,user,ohp,medium
1789040450562,10.388889916229248,-0.7441478034973145,1.800440013763681,-17.637404540879874,18.3293402698426,-12.411542283312139,user,ohp,medium
1789040450580,10.475828194969893,-0.8463499946042895,1.0681140193548053,-12.546336920355987,17.97607605578037,-9.04389958379078,user,ohp,medium
1789040450596,10.567708021765947,-0.6281789528444409,-0.0974132763300091,12.627232827111971,12.106679351029559,-5.050126612865184,user,ohp,medium
1789040450613,10.532392378234862,-1.2560583382204173,0.5355528377257287,26.88328989390086,9.276552902394341,-2.6954455769297336,user,ohp,medium
1789040450630,10.467149213951826,-1.779340746307373,1.3543706092167644,27.842868293037824,7.669329135967592,-1.983073708526917,user,ohp,medium
1789040450646,10.452036985015868,-2.5637410652160644,2.495806104565784,22.83935515993704,4.16667920976447,0.4019403575951187,user,ohp,medium
1789040450663,10.31107836227417,-2.7329811950683593,3.015497794684395,16.272814706981368,4.636761429861897,6.116725965446613,user,ohp,medium
1789040450680,10.33621864874959,-3.003676204791665,3.150769896222278,4.54399465432843,7.032792644476016,14.380630325739808,user,ohp,medium
1789040450696,9.509021975165606,-4.069245288904011,3.2755675846926864,-19.27424059245321,12.361868878799575,10.130927605292895,user,ohp,medium
1789040450713,8.847623766547441,-3.774160226550698,1.8987521386295556,-22.826261687298125,9.908400895907526,1.9195612735388494,user,ohp,medium
1789040450730,9.258077960094809,-2.9921532325193283,1.0028718049198388,-10.686611305597623,2.7174520195486913,3.2256526716303133,user,ohp,medium
1789040450746,9.06609232994914,-2.7874486983150244,-0.20171068615056573,3.537422205824246,4.5290937428804,5.085790445616405,user,ohp,medium
1789040450762,9.22530732487142,-3.7158006843015547,0.4106060231082141,14.50229307033066,5.033006316823724,0.8427273093729792,user,ohp,medium
1789040450780,9.035267568096518,-3.6349966705322263,0.7832032180786133,18.01565358692601,4.884266994815649,-2.8562322854166533,user,ohp,medium
1789040450796,8.891915328216552,-3.1114146949768067,1.893813659314066,14.86159346407189,3.298665259423634,-3.4998185993487407,user,ohp,medium
1789040450813,8.743475409808754,-3.196858351245522,2.4979003734312952,-2.0683573714944004,4.501385372964951,-1.7930789767149071,user,ohp,medium
1789040450830,8.686461729210615,-3.2534204886838793,2.2997801860533653,-13.095029922045207,8.59556255157656,-2.9946170406429893,user,ohp,medium
1789040450846,8.654141175842284,-3.053205667114258,1.631200249237567,-16.544644283116828,8.783826470764206,-7.548979495244676,user,ohp,medium
1789040450863,9.273491217803954,-2.157175988061726,0.8690953487671911,-9.028105625108774,5.928047966040535,-9.513307749594492,user,ohp,medium
1789040450880,9.57096960503459,-1.8989011917114256,0.6857895764224231,2.2734269711348634,3.3030434106816124,-6.753134390891252,user,ohp,medium
1789040450896,9.588476620152592,-2.0289356848567723,1.3956693457454443,8.074498518853687,1.9876759753670363,-5.881547611284265,user,ohp,medium
1789040450913,9.667636666107176,-2.3139961968019604,2.0409080083318054,11.798787229850078,0.7660408268581321,-5.149023483178738,user,ohp,medium
1789040450930,9.711182962366937,-2.2896049751281735,2.596961636164039,9.514470589300688,-4.264415801692767,-7.157140934071153,user,ohp,medium
1789040450946,9.8703932811141,-1.9467843481317162,3.1138087505064904,1.7084999971706987,-7.39892365427408,-6.588882855504432,user,ohp,medium
1789040450963,9.658209497070311,-1.7357959113523362,2.7359735087521373,-9.202223368751676,-7.771472907457841,-3.449023976595237,user,ohp,medium
1789040450980,9.47340822547078,-1.7946040741518139,2.3318033639103173,-8.97527752697331,-8.63415568170807,-1.9009953252708738,user,ohp,medium
1789040450996,9.119514123535156,-2.325219017083943,1.289577892114967,-1.4846748047910867,-7.967967204595353,-0.5998553340799933,user,ohp,medium
1789040451013,8.115744492992759,-2.5418939750671385,1.8727144649229943,-0.31942217418955016,-7.490016179687248,-9.29211634219186,user,ohp,medium
1789040451029,7.87841983795166,-2.270152378900349,2.053626985455677,-3.0991022863580824,-7.070479920768854,-16.231099326625515,user,ohp,medium
1789040451046,7.895928606635332,-2.03671742477417,1.5263045812629161,-2.6572221307870496,-6.690869532643769,-21.185008210879083,user,ohp,medium
1789040451063,7.746889553290605,-2.1836615516662596,0.8684968714173883,6.3092826585276125,-8.486482722984164,-26.012831803054215,user,ohp,medium
1789040451079,7.337181794196367,-2.479345895086974,0.6172551885742694,15.767438765008368,-6.830581479003204,-30.27010066555421,user,ohp,medium
1789040451096,5.600787040168046,-2.987365267590433,1.5888522228516637,16.286396538145937,-6.364743367701293,-41.42098554224699,user,ohp,medium
1789040451113,4.442740455627441,-3.047669075775146,2.89503901220113,2.6849693474034035,-12.357195321859994,-63.55687049126044,user,ohp,medium
1789040451130,4.389468884167075,-2.9097032051086424,3.094206224413961,-11.381741855544623,-17.66150144827168,-81.19075236207588,user,ohp,medium
1789040451145,4.8868636945426465,-2.098218626049906,2.4365493212159723,-21.62488946890083,-23.571882703137153,-96.48374398922036,user,ohp,medium
1789040451163,5.4798786872863765,-1.544110287066549,1.7498630151495336,-25.239316294644855,-29.923007527407087,-105.80471873442917,user,ohp,medium
1789040451179,6.136340024024248,-0.679355086395517,0.6084267160829157,-27.359174786585033,-29.105898336620122,-114.52762845553333,user,ohp,medium
1789040451196,7.8070427009582515,0.07990626121200621,-0.12629377224706112,-27.62696430582643,-24.224044533015604,-112.17506541857081,user,ohp,medium
1789040451213,8.75185570014119,0.8634089371612295,-0.4330510791502893,-21.742396043381728,-21.911301498914266,-99.96391661663861,user,ohp,medium
1789040451229,9.630378071814775,1.579873674365133,-1.1610378022458403,-6.965271101888563,-13.069420127752243,-77.48807266206612,user,ohp,medium
1789040451246,9.151386933135985,1.4431052515885792,-0.025288535839691758,-4.235320476488982,-10.26147984108852,-67.93591650401989,user,ohp,medium
1789040451263,9.041253656768799,1.1251249508734327,0.6745666465425864,-11.255767554040201,-12.184623762290451,-62.65348235087787,user,ohp,medium
1789040451280,9.877726692742108,1.0184334215911104,1.3920789200380443,-31.675644313716113,-6.286809628610978,-52.36178404535393,user,ohp,medium
1789040451296,10.709413078960775,1.7314564939085393,0.21248503201268612,-39.4847566861426,4.353065253817186,-35.89479901310015,user,ohp,medium
1789040451313,10.772861761042476,1.8249801789214835,-0.2596214251862839,-36.43341065557443,10.331153747038172,-18.92418656730089,user,ohp,medium
1789040451330,9.925012175530195,1.1215338036468252,-0.16968918879404662,-29.832435803918134,12.57689604047627,-4.002907068280019,user,ohp,medium
1789040451346,8.010699479675292,0.15562296177968382,1.5915465765021741,-37.336272871390904,7.081017621997714,-7.419481669902172,user,ohp,medium
1789040451363,7.856423110198974,-0.12479787113349884,2.0702369056034833,-55.90940479082606,7.4625545503555655,-13.767404842998664,user,ohp,medium
1789040451380,8.523806238445639,-0.004638911847025156,0.7757217762820422,-67.456799224311,16.681859368447796,-12.956774086639454,user,ohp,medium
1789040451396,9.494806402808427,0.09876096461191773,-0.9783299957942218,-54.001493899020545,20.766930624235307,-6.1522083712980065,user,ohp,medium
1789040451413,9.230395003399252,-0.2947862620698288,-0.9706988433286547,-38.56290995952808,19.760492004750176,-6.356752473259202,user,ohp,medium
1789040451430,9.22515768726766,-0.8976760945526883,0.028281945502012965,-29.53104004641298,12.649127852270095,-11.325017134487668,user,ohp,medium
1789040451446,9.376742333441973,-0.6272808349609375,0.7407061386108398,-32.174774047693134,11.885570759670614,-16.38751578126068,user,ohp,medium
1789040451463,9.768940739330649,-0.3830724848207086,0.34296953394785523,-31.830593985227022,14.467870624461089,-15.237993236400245,user,ohp,medium
1789040451480,10.954072314673661,0.18914193115234373,0.415244496563822,-32.33053651171527,19.908536355010202,-5.593519814645297,user,ohp,medium
1789040451496,11.146056191253662,0.37199886375106866,1.1068704509895295,-37.2534329220424,18.13719851075368,1.5777779671411767,user,ohp,medium
1789040451513,11.247061573791504,0.4724058420043438,1.337910399737954,-47.034437983324494,16.32428530501929,10.256107897306304,user,ohp,medium
1789040451530,10.628011391559243,0.5334578382078558,1.1709145416811109,-64.81214314749289,23.477918083177993,18.982951807372388,user,ohp,medium
1789040451546,10.471190598297119,0.6090249011717737,0.1261450844913721,-69.22893278560583,29.87354671253244,22.833950772756268,user,ohp,medium
1789040451563,10.241498045569658,0.672620882769674,-0.30615766050964593,-62.72670880896958,31.55386545590937,25.031157741952253,user,ohp,medium
1789040451579,10.511890272954105,0.5623379139997996,-0.6202483059756457,-42.653851762907216,29.11975679044608,26.191623957410346,user,ohp,medium
1789040451596,10.22144602214396,0.23178859342494978,0.5316635752022266,-30.85049257518146,17.899255210637946,24.727231399359614,user,ohp,medium
1789040451613,10.255861501964926,0.16355381871103308,1.077989443615824,-28.831130071594263,12.857933565386555,24.678052329788226,user,ohp,medium
1789040451630,10.305094027167558,0.007930708517588208,1.5887024391174316,-38.65043883374179,17.27873593963687,29.452270889809807,user,ohp,medium
1789040451646,10.606014079284668,0.08753774703771341,1.8432364415042102,-47.649107197301454,18.603587732944245,37.16519712324959,user,ohp,medium
1789040451663,10.332177264404296,-0.0564134679489769,1.6008241079352794,-52.72260927882736,20.751356085380387,40.93965186615243,user,ohp,medium
1789040451680,9.719562083655596,-0.3733459675110876,1.2889791955694556,-53.51181373176024,24.871046154976106,41.78072477564239,user,ohp,medium
1789040451696,9.711331430926919,-0.7314288994386792,1.4160212289005518,-50.16590554795151,23.166032862654994,43.64497368317859,user,ohp,medium
1789040451713,9.929650941246747,-0.922515827178955,1.5692494044981895,-46.5789429128601,18.25641092497979,46.58401432831884,user,ohp,medium
1789040451730,9.995192796215415,-1.071255897577107,1.8194431857235729,-46.388107427449945,16.560782312578276,48.64325489137515,user,ohp,medium
1789040451746,10.71315460357666,-1.0339961342409252,2.043302356122434,-52.49968897979107,16.911485205701748,53.35476719217414,user,ohp,medium
1789040451763,11.036372412219643,-1.0293570762634277,1.831564562280476,-58.578174850508894,21.715124805573158,58.30880585002193,user,ohp,medium
1789040451780,11.373804624176024,-1.337460902404785,1.2627918842591344,-60.53345993439762,28.02327920222725,60.50643970604105,user,ohp,medium
1789040451796,11.705550607189535,-1.629702996417135,0.7712329404301941,-52.02837860630351,34.50142334694462,63.366895609685706,user,ohp,medium
1789040451813,11.908309560284017,-2.0180130165651438,1.062277641351521,-45.201184474241806,27.808676366052744,59.79627761727814,user,ohp,medium
1789040451830,12.555642418670654,-2.828599770001322,1.0446209886297584,-41.48010765970262,27.887903145330306,55.02586518017155,user,ohp,medium
1789040451846,13.58515088610351,-3.1646859741762277,0.8019087953314185,-39.374455961236066,41.09348480173404,52.0003645854227,user,ohp,medium
1789040451863,14.161253907012938,-3.333626682690531,0.47031128087788815,-25.901060879928835,48.29659205514574,51.66528233493105,user,ohp,medium
1789040451879,14.375983868408202,-3.6742017227172847,0.4752499063238501,-5.637270591373813,53.77188001459764,49.2196374799596,user,ohp,medium
1789040451896,13.761423398810624,-3.8821985764652487,2.0097835328802467,7.3864747807380855,61.37034935302094,41.99248454557488,user,ohp,medium
1789040451913,13.658470389336347,-3.7954081817626952,2.71951381072998,3.8401944598905677,67.14378531502766,41.21010686671743,user,ohp,medium
1789040451930,13.380294083946943,-3.310283070373535,3.7961569543033837,-9.108815409209875,74.58440898173195,47.32816343839173,user,ohp,medium
1789040451946,12.534990675786137,-2.8033105765745043,4.051737397003174,-34.38691864060394,87.90004035359024,61.55445710209863,user,ohp,medium
1789040451963,11.994650457653403,-2.6403555183410643,3.9646477270931,-55.58026138981773,98.5939992351875,74.7888911851038,user,ohp,medium
1789040451979,10.850821783557533,-2.2928975869327783,3.274071939307451,-73.4011128589731,110.16931889709404,89.43928495475514,user,ohp,medium
1789040451996,9.891645912501215,-2.125603038190305,2.2153856004461643,-85.40299832511444,124.58233627233076,111.64854662602204,user,ohp,medium
1789040452013,9.395595502471924,-2.0311811256960035,1.814954788263142,-89.8839234395338,135.5787769115112,129.32181819778094,user,ohp,medium
1789040452030,7.829787616729736,-2.068589942114055,1.649604943847656,-95.59930279359541,142.59171462295683,142.12425647616115,user,ohp,medium
1789040452046,6.285975289696455,-2.2077526213496923,1.9056354684025048,-112.1807413057711,150.18209018721365,152.22512271136952,user,ohp,medium
1789040452063,5.667521904313564,-2.109140855950117,2.154031552556157,-132.5357500513521,157.06879234241907,155.42334512984965,user,ohp,medium
1789040452080,4.469375364574789,-2.0938784048885104,1.6826748542785643,-150.67158252427177,165.56363521694735,154.33123886269962,user,ohp,medium
1789040452096,3.4606671085864305,-1.872413582280278,1.0887623281732202,-168.1664563850991,178.03501422625703,147.29111699835738,user,ohp,medium
1789040452113,3.3529292029231783,-1.762730972290039,0.7107786178588866,-172.1730180314719,182.24283422671343,143.45468170383126,user,ohp,medium
1789040452130,3.6706110047489404,-1.5981301926761864,0.10654285065978765,-169.09987003707306,179.58615018676693,145.81011342024516,user,ohp,medium
1789040452146,3.8335654784604904,-1.4335282440185546,-0.08619096750468015,-162.3429551364762,176.7196017543826,157.4662273898438,user,ohp,medium
1789040452163,3.744083068194985,-1.3317764270275831,-0.011671148571372032,-159.07394463743807,173.24526210851553,171.6297038037541,user,ohp,medium
1789040452178,2.9529484725952146,-1.9746189882576464,0.1304845750004053,-159.02140682234233,171.02788217560592,184.34908698182693,user,ohp,medium
1789040452196,1.2183496620729566,-2.8140859453499316,1.117942537689209,-177.58825155264648,179.42712972251067,191.21729298475998,user,ohp,medium
1789040452213,0.556352756909281,-3.1129122400581837,1.5345339188173412,-205.62626005781888,190.181071325399,192.1370872395289,user,ohp,medium
1789040452230,0.6450871252864598,-2.8443104032218454,1.3715785683229564,-239.70693692170153,197.65066182437332,203.65995787879893,user,ohp,medium
1789040452246,-0.11701708106417208,-3.5890573416560887,0.5018843768797815,-262.54323727953226,201.54686127413706,209.63075898706234,user,ohp,medium
1789040452263,0.08843586035463959,-4.953302206090092,-1.7986447278447448,-267.486545710194,218.46166082913356,225.3550838904823,user,ohp,medium
1789040452280,-2.6804588345400986,-4.570680606842041,-1.5328870649257673,-274.30621638888493,210.60468932119278,228.72501726469653,user,ohp,medium
1789040452296,-3.6956001923158763,-4.645200133514404,-2.255337854269333,-277.89187445784484,195.20370557308124,219.45701063650117,user,ohp,medium
1789040452313,-5.487809188024699,-5.90634468895793,-4.287715605871379,-267.18120893353773,169.24338597191337,198.1279144624388,user,ohp,medium
1789040452329,-6.024110944421589,-5.8541217497676605,-5.299565813147276,-257.83046139373687,152.62906009888408,183.8386396243952,user,ohp,medium
1789040452346,-5.797260337121784,-5.93073678741455,-5.81581510772705,-250.83350632494907,142.93065593032952,179.47298761259816,user,ohp,medium
1789040452362,-5.772121219690144,-6.33326194152832,-6.471526795141399,-248.83652293617743,129.20984407652776,180.39451673541626,user,ohp,medium
1789040452379,-6.784569246728718,-6.7924997474670405,-7.359476628112793,-245.8548175143867,113.8200686688442,180.56651455909554,user,ohp,medium
1789040452395,-7.642591266687214,-7.123498126983642,-8.061874955639242,-237.58908650537734,103.87289535033945,174.80923882466507,user,ohp,medium
1789040452412,-8.302642444610596,-7.212083003887534,-7.953537915039062,-238.93477037565324,86.93798088823726,163.12315398498842,user,ohp,medium
1789040452429,-8.8651304894045,-7.435791806030273,-8.627505682373046,-248.13757601803167,70.82387757945219,152.29147116896704,user,ohp,medium
1789040452445,-9.040654814092814,-7.790731617626547,-9.481637124633789,-250.1489847663304,63.869064777843384,146.48884297844768,user,ohp,medium
1789040452462,-8.953117108154297,-7.320570558874309,-11.768847898101805,-247.102611113478,88.96951820402,139.27675061118282,user,ohp,medium
1789040452479,-7.4368395615175364,-7.1118263938903805,-13.602507094573975,-240.26408911267782,129.780533702439,140.50289251060516,user,ohp,medium
1789040452496,-6.104166770172119,-7.859265932409465,-14.81172857055664,-182.60083176187047,281.8513897612146,149.95168058575243,user,ohp,medium
1789040452512,-6.309619492395222,-5.555445384924114,-16.22879667816162,-182.0588699116083,91.54457465319568,158.79288235309204,user,ohp,medium
1789040452529,-6.35525896154195,-6.236596049499512,-16.365565447998048,-136.6711837069847,94.4076601796708,148.22152536709652,user,ohp,medium
1789040452545,-6.050447162683308,-7.559093045397847,-17.845930261993406,-61.332161765371396,174.66864621078952,145.98866822552765,user,ohp,medium
1789040452563,-7.866598467254638,-3.793761875860393,-15.167417154693602,-32.31587892575643,120.00720235868941,123.7824664790089,user,ohp,medium
1789040452579,-8.837447240447997,-2.05272835611552,-14.24968973083496,-9.268659765034744,66.10482474980951,97.08787422130798,user,ohp,medium
1789040452596,-8.65099878616333,-1.6493053763791918,-14.254478134155272,25.58961791415459,55.48069430719187,73.69000254010795,user,ohp,medium
1789040452612,-7.18200643005371,-0.5056253169737756,-12.57060617904663,40.15001711130184,26.58896508973396,34.820734690642716,user,ohp,medium
1789040452629,-5.169231021881103,-2.642899211474508,-11.645396875,41.34507140471688,21.208688476731517,10.028522579066895,user,ohp,medium
1789040452646,-4.446930308532715,-4.566191186468303,-12.16149697036743,44.147286285308844,47.11521180044907,1.0351508137651635,user,ohp,medium
1789040452662,-4.057573263549805,-4.217834991046041,-10.369586665344238,26.528739896727373,71.25753995023464,2.287757134900373,user,ohp,medium
1789040452679,-3.6578912239074706,-2.162412573540956,-8.77834038696289,12.25531707397373,92.24535206203899,5.589127149235332,user,ohp,medium
1789040452696,-3.185335525103658,-2.179321622765809,-8.607753518676757,3.4274367368365883,93.89034165193402,4.80841134078031,user,ohp,medium
1789040452712,-2.142660848236084,-2.8773811904355884,-9.062801471710204,6.385935310261727,81.57131684225065,3.5035483095223907,user,ohp,medium
1789040452729,-1.764676261138916,-2.3470655227109787,-9.523535653686523,24.247040072403742,58.9121984216792,5.220583375112961,user,ohp,medium
1789040452746,-1.6238672760009765,-2.045396259661764,-9.259126007843017,32.62190213642427,48.11111143804487,8.260570801091406,user,ohp,medium
1789040452763,-1.3162124357361347,-1.8977037986204026,-8.77265415802002,30.80807710043568,53.629173457173984,12.97501496059162,user,ohp,medium
1789040452779,-0.9919477483887225,-1.787720159856975,-8.136095791625976,21.35065908127211,59.19428523440073,19.559795433725814,user,ohp,medium
1789040452800,-0.9648632690429687,-1.9384053729735313,-8.182034535980224,19.36153894778244,48.84057564140223,20.75643433102829,user,ohp,medium
1789040452813,-1.5538369505066423,-2.393154050799459,-8.974664923095702,28.632065915781535,29.863427787277065,14.823158282064934,user,ohp,medium
1789040452829,-2.5245360130310055,-2.8488005542479455,-9.782558345794676,51.455728716100474,17.220790322265778,-7.608512277824152,user,ohp,medium
1789040452846,-2.6192566892761735,-2.7799671103879806,-9.616909518432617,61.147063638864054,19.432325320793158,-25.86319772626487,user,ohp,medium
1789040452863,-1.4097357919555156,-2.4796441473811863,-8.509441028484702,60.52596038668894,17.815571732926948,-35.585750028629995,user,ohp,medium
1789040452879,-0.11731591788027435,-2.2758380233213304,-7.823053924560546,47.80388269898853,19.70544580268175,-28.66384507844231,user,ohp,medium
1789040452896,0.3755903854370117,-2.255636946813762,-7.4697595420837395,32.53560269626115,12.168961284749967,-17.22401246400673,user,ohp,medium
1789040452913,0.7921814377715811,-2.571072723278403,-7.41244833984375,19.678055036562707,-1.5758886727837278,-5.636217034694339,user,ohp,medium
1789040452929,0.06419449548032134,-2.7786203719541427,-8.011298030090332,3.5829178824422896,-10.173297830035423,2.5010189061200316,user,ohp,medium
1789040452946,-0.39220019598696376,-2.883815607397258,-8.664765445709229,-6.040650464697365,0.3083698608954117,0.6126550552237442,user,ohp,medium
1789040452963,-0.5624877525329589,-2.8776807579040526,-9.426570486450196,-11.853015516765394,13.026976478476138,-3.3104635574411847,user,ohp,medium
1789040452979,-0.3477578642029315,-2.5158570320129394,-9.191040898132323,-14.212179931560723,14.430214084019516,-3.651997988820975,user,ohp,medium
1789040452996,-0.0040402518341317775,-2.474706398718059,-9.037363079071044,-13.363456356426708,2.396369308978035,2.1585638933061704,user,ohp,medium
1789040453013,0.3902548706054687,-2.8025623885557054,-9.374346962738036,-9.926210614168335,-8.794613047010948,9.773631018299419,user,ohp,medium
1789040453029,-0.5750573112487792,-2.9774890396118163,-10.176404518890381,-0.9887131046501871,-7.728716777027207,12.99108639570866,user,ohp,medium
1789040453046,-1.0534486939361318,-2.9860177985042333,-10.392630271801352,6.772044623382079,0.5029110440954172,8.990688995061797,user,ohp,medium
1789040453063,-0.8334814894745126,-3.211372322027385,-9.632322191619872,11.715280483283856,-1.3860825182258336,3.3215263294624897,user,ohp,medium
1789040453079,-0.278924456875585,-3.313425167791545,-9.167398156738281,10.535535205119757,-7.933501216269822,4.429764436215021,user,ohp,medium
1789040453096,-0.5591957617828622,-3.3444004440307613,-9.319429962158203,9.499615781629556,-6.657682924127147,6.084671887671743,user,ohp,medium
1789040453112,-0.8403648192474618,-3.579630464880168,-9.776123928833007,11.64772308220326,-2.2792255882967924,3.4632815696008152,user,ohp,medium
1789040453130,-1.0645219131469725,-3.5839699553892013,-10.15006830062866,14.892906466321813,15.368031500460825,2.1507162193932374,user,ohp,medium
1789040453146,-1.0244190718719735,-3.558531562750041,-9.910648134613037,14.284396375428914,26.356409101326072,1.4212132760566767,user,ohp,medium
1789040453163,-0.6392518432617187,-3.6403830397456884,-8.723124111175537,11.957971618646395,24.3202323795496,4.406349693966571,user,ohp,medium
1789040453180,-0.4563947279999032,-3.8639422042846676,-8.19026460418701,6.503262592276914,8.903733856738365,7.415665301703427,user,ohp,medium
1789040453196,-0.6283283347198739,-3.897011822454631,-8.308927223968505,4.308621639774736,2.3650221557822615,7.023560363152274,user,ohp,medium
1789040453213,-0.8665513999054207,-3.687519469451904,-8.691999489593506,4.858170549544322,-1.6830861439295506,4.1027849245131165,user,ohp,medium
1789040453229,-1.0212767187256366,-3.6797380217954516,-8.993968173980713,7.404417687687709,3.7392182238615685,-2.4031179627648305,user,ohp,medium
1789040453246,-0.930297019107081,-3.580977203314006,-8.79105958328247,3.666724303558346,9.642124263567286,-4.7904701413779796,user,ohp,medium
1789040453263,-0.6215946425506845,-3.4250548201963302,-8.435221361541748,-2.1146291283568863,12.506998445831298,-3.808539521295321,user,ohp,medium
1789040453280,-0.921917313296534,-3.515435932867229,-9.16784706954956,-2.2805039008886427,11.95338770793967,-5.646672346766336,user,ohp,medium
1789040453296,-1.2259809241363777,-3.5009213775634764,-9.649380878448486,7.031690849585528,11.868274159371202,-12.553090269897837,user,ohp,medium
1789040453313,-0.921917276763916,-3.458573643438518,-9.553313536834716,16.41754983058852,6.846459107502544,-19.341126927447856,user,ohp,medium
1789040453337,0.7618050590072758,-3.398269689123332,-7.335085698699951,0.0016865798123704386,-22.229822248215932,-8.190012385644236,user,ohp,medium
1789040453346,1.1676221308059058,-3.3647511581420897,-7.4208280456542965,-10.571846198294837,-21.826427860740395,1.7438009761222635,user,ohp,medium
1789040453363,-0.2258031440734863,-3.1094688216060398,-10.104577884563803,-12.596913617386285,-3.722370708500086,5.797081650026479,user,ohp,medium
1789040453379,-0.7701847830841317,-3.3322795058652757,-10.771812544250487,-5.330266394786434,17.19286680139147,-0.4626075919070529,user,ohp,medium
