epoch_ms,acc_x,acc_y,acc_z,gyro_x,gyro_y,gyro_z,participant,label,category
1789040459264,-0.3428200424745679,-4.738274430792034,-9.679308399200439,-6.342667769416989,60.222372138460216,-54.290940240572766,user,ohp,heavy
1789040459279,0.44427404556274414,-4.566191186468303,-8.443301792144775,-21.821971162306962,79.17798440613234,-64.5437850150031,user,ohp,heavy
1789040459296,0.4887164138793945,-4.428823866216838,-8.17814395828247,-24.076305833720934,68.41433710443343,-72.68766544921942,user,ohp,heavy
1789040459313,-0.601992079925537,-4.7725414420530194,-10.01704105540812,11.86606971581658,-30.247007795970397,-102.49942627051992,user,ohp,heavy
1789040459329,-1.1409867286682127,-5.3422117995664475,-9.511415007781983,51.504298191288434,-126.74807997511508,-136.55997456691856,user,ohp,heavy
1789040459345,0.6995557975769042,-3.561225039617717,-6.966977193450927,46.65323829555692,-248.76229244027772,-144.6303075241522,user,ohp,heavy
1789040459362,3.5488054107666014,-3.853766554968059,-3.2206501457214354,24.217835891060062,-345.83690243421756,-123.5149962711112,user,ohp,heavy
1789040459379,5.802946200738474,-3.3025016227170823,-6.396558063396811,19.707552916040697,-443.5963891566129,-72.02936498682442,user,ohp,heavy
1789040459395,5.28430219304189,-3.347991746520996,-9.39813934173584,61.62728740921848,-501.88459515609804,-32.36244715551758,user,ohp,heavy
1789040459412,1.8623896163940428,-3.217208188574016,-10.969184543609618,121.40150351547747,-553.073584494542,-6.203584200461196,user,ohp,heavy
1789040459429,-0.1485904327943921,-3.96135599207133,-8.852411000823974,44.8798479794548,-225.72314912447592,-8.535160627425197,user,ohp,heavy
1789040459445,-1.4511857735231517,-3.7204394500181075,-8.72776287689209,-20.573948751878476,85.17107925184666,12.51939097030664,user,ohp,heavy
1789040459462,-6.225074246270954,-8.310124032537638,-9.667487028503418,-55.19990864550723,182.8285502687987,54.457009460052454,user,ohp,heavy
1789040459479,-7.990348911694436,-10.218302463421225,-10.261847006115318,-90.1001467380889,174.7488462920238,-13.847146447784915,user,ohp,heavy
1789040459495,-8.849418394879251,-9.016712505230307,-10.939555713543296,-80.13869149402964,166.97084543126672,-62.89702640611302,user,ohp,heavy
1789040459512,-4.963928375653177,-8.939500378473102,-13.48309628677368,-45.42187130141951,60.66795318934434,-77.53462040125976,user,ohp,heavy
1789040459529,-1.1520599113464354,-11.117025911602378,-15.30403628692627,53.314008038302084,-93.29321919393483,-63.206502277406294,user,ohp,heavy
1789040459545,-3.598634878949076,-11.552770906011759,-15.783026256561278,113.195386397544,-119.55923757178496,-73.33285194840799,user,ohp,heavy
1789040459562,-7.495497063799947,-12.537086771282553,-15.9227877784729,131.84053241649318,-86.9945280243758,-111.16841164812682,user,ohp,heavy
1789040459579,-7.513902635192871,-11.126004460088907,-13.474566943359374,115.21458156149653,-33.70566532750311,-143.66812511539416,user,ohp,heavy
1789040459595,-5.298817040606588,-11.579256469616293,-13.826065090069173,127.67504592851253,-56.90036620165194,-140.85931910225312,user,ohp,heavy
1789040459612,-4.7289971916198725,-13.149554067993163,-16.152631137847898,174.75309466968756,-102.6591434140715,-136.8590275695384,user,ohp,heavy
1789040459629,-6.480954548700153,-13.134739945220947,-17.368735943603514,234.29731781602473,-129.91392729692936,-156.40758904962684,user,ohp,heavy
1789040459645,-8.477419311932474,-12.425158428192137,-17.760787049975992,301.2778957608349,-141.2637755841446,-201.34075348574277,user,ohp,heavy
1789040459662,-9.113678403118998,-10.876259591674804,-14.895375991058348,323.203731902303,-130.72872788377686,-232.03018678520073,user,ohp,heavy
1789040459679,-7.259069942120462,-11.245415560150146,-14.74783331375122,328.5888169684811,-123.37053777016544,-240.13008080116217,user,ohp,heavy
1789040459695,-7.454197450488433,-9.834183319091796,-11.62564471130371,328.8521890628768,-121.12111058967011,-258.7704593480707,user,ohp,heavy
1789040459713,-7.129184365059667,-9.06564458618164,-10.948234986822307,334.47969120307704,-130.84005996724807,-272.9602866317989,user,ohp,heavy
1789040459729,-6.371270258209481,-8.173654830169678,-10.740388939721882,334.2366457516513,-135.15985408895764,-281.3131435338609,user,ohp,heavy
1789040459745,-4.887463852392882,-6.996755661121011,-9.040056848199665,321.42498671789156,-141.65132051765113,-284.03997361658344,user,ohp,heavy
1789040459762,-3.3557730480469763,-5.605424052318931,-7.516446766717731,313.0219415858083,-154.48270513773383,-278.67622606137246,user,ohp,heavy
1789040459779,-2.9912565759405494,-5.2813084180533885,-7.067084896496683,299.255831917431,-158.719280234596,-277.48823759865377,user,ohp,heavy
1789040459795,-2.5852891724184155,-4.3344022459834814,-5.8644473746147465,269.17671700144865,-151.07416753433068,-278.19934225352216,user,ohp,heavy
1789040459812,-0.7534262117132544,-3.692756201061606,-5.065831035824306,252.3804895304436,-153.99244781948866,-269.58232095512074,user,ohp,heavy
1789040459829,-0.36870793244689704,-3.549403376659751,-4.762664921813458,245.396839670159,-174.21335946109483,-262.2416707672979,user,ohp,heavy
1789040459845,-0.346262584143877,-3.3446991347163912,-4.349216368755698,234.16418376872284,-186.39568486472956,-260.97535369517755,user,ohp,heavy
1789040459862,1.3109738774955273,-1.6636702940791845,-3.2309752865113315,206.31446991858937,-163.07353949085746,-248.38504743203958,user,ohp,heavy
1789040459879,2.313546991729736,-1.4957769026607275,-2.2714983866818246,180.8655812220937,-160.7399780401659,-235.68133270792273,user,ohp,heavy
1789040459895,2.8193215079158542,-0.8429086219787597,-1.5876546836301684,143.4226890977589,-176.59631683986387,-211.17726407931497,user,ohp,heavy
1789040459912,2.480093060192466,-0.11941022327840327,-1.9153605974726378,116.8937289274308,-168.64308064576096,-191.85815597420392,user,ohp,heavy
1789040459929,1.8442834663391112,0.2485480598449707,-2.1309886036861685,96.38315579331358,-151.2846466437938,-178.70505578383526,user,ohp,heavy
1789040459946,1.0480611922115086,0.9094970633909105,-3.129820193304494,84.56948985013028,-110.73911376822402,-166.08324868824522,user,ohp,heavy
1789040459963,1.9835954909175633,1.8953095969602465,-3.2050882002566006,85.25377918231717,-95.5763670183625,-154.9967724954257,user,ohp,heavy
1789040459979,2.8323405639648436,2.3599340643733737,-3.1563064144961532,91.12021500006279,-92.90260067530181,-139.78835910077348,user,ohp,heavy
1789040459996,3.776704650336504,3.011305969017744,-2.838325702789053,99.663627349779,-98.6644253157195,-107.47679002438332,user,ohp,heavy
1789040460013,3.9849984412044286,2.9408281189516186,-2.321478113522567,103.6612619389066,-105.22864008926278,-81.4050563774742,user,ohp,heavy
1789040460029,3.1277257783085104,2.4250270065307618,-2.190095420638658,102.69069205784778,-87.02678700782576,-72.65848688108512,user,ohp,heavy
1789040460046,1.6183318537056446,1.6308999511167406,-1.8540097644530236,87.29681853666222,-60.692535040167215,-74.70285129212915,user,ohp,heavy
1789040460063,3.5800790854305027,2.5365073135927316,-0.3965391476398799,78.95278623900785,-68.28467962341908,-62.98293652549344,user,ohp,heavy
1789040460079,4.584149160224199,1.8194433318540453,-1.0283094212408643,86.97271923035595,-87.89573050422396,-53.10393874018917,user,ohp,heavy
1789040460096,6.100723936241865,2.031929313714802,-2.5290253786058163,90.3387115854191,-67.57310368549798,-28.3167724308627,user,ohp,heavy
1789040460113,6.525545677837729,1.4507368607118725,-3.6050686017910016,89.80550603767288,-25.628167501830145,-18.059441929694962,user,ohp,heavy
1789040460129,7.343615042114258,0.9503481292173266,-3.529651267762389,95.8727630773952,-2.7964687705092763,-10.434846263922722,user,ohp,heavy
1789040460146,9.705495564380287,-0.055365621130168435,-2.289155824854877,112.2266811581286,-26.275199859641916,3.559294179093919,user,ohp,heavy
1789040460163,9.94656115951538,-1.4667480843141674,-1.129314593716152,115.35214157138059,-41.22878743409741,7.073187663887941,user,ohp,heavy
1789040460179,9.258377819824219,-1.9663874587461352,-0.6358095390544273,102.72625002266687,-27.767913797086106,2.5432190164635435,user,ohp,heavy
1789040460196,9.211392781287431,-2.683002819934487,0.18510198984546586,77.52510594774593,-9.466099189598657,-6.520046501501751,user,ohp,heavy
1789040460213,10.772860591998695,-2.28212338720113,0.2455558374927379,70.79736961528337,-13.181871508473687,-1.1778135085677486,user,ohp,heavy
1789040460229,11.518803462219237,-2.2711995498657225,-0.223707669631578,79.0203299797101,-30.38012476779936,5.595465564785104,user,ohp,heavy
1789040460246,11.405229105487464,-2.6460417472839355,-0.7070374585691839,97.47591775862392,-39.92589128387704,11.096539622787924,user,ohp,heavy
1789040460262,11.42797343673706,-3.1169515785768627,0.2183216657442972,95.20410804821847,-35.27281125142752,12.308931497637392,user,ohp,heavy
1789040460279,11.037568928527831,-3.75081646810323,0.5487214583132416,64.25520952257006,10.456849718333917,5.1817341128875745,user,ohp,heavy
1789040460296,13.52828684310913,-2.605489956665039,1.521216427811049,48.33168556710126,-0.41128240219325657,11.801138522471854,user,ohp,heavy
1789040460313,17.19321103439331,-4.386775991821289,-0.7154171643797308,58.414195668915234,-34.41721735976212,26.718241787702084,user,ohp,heavy
1789040460329,17.509995010596512,-4.261230626788735,-1.4018047980268484,67.1907428655715,-28.74431153705423,39.28334123770809,user,ohp,heavy
1789040460346,16.875979314422608,-5.756558616638183,-0.9100956503385678,56.734057925551305,-11.829342934875775,17.691779676862346,user,ohp,heavy
1789040460363,18.140118960028886,-6.88512571645528,0.005387465192005038,35.39677918486325,-0.7172961146292783,-2.7815443802859754,user,ohp,heavy
1789040460379,19.26090402766764,-6.720823919788002,0.09157870669132098,8.530172881783797,10.325199529629215,-17.285099968396032,user,ohp,heavy
1789040460396,19.145981763458252,-6.411073787744343,-0.4888659144858364,1.7069168873871368,6.124350590994463,-37.68900433069787,user,ohp,heavy
1789040460413,18.61611442402303,-5.3242552871152755,-1.3799576348126865,14.231938815055925,-5.3982677581630805,-59.39867864531336,user,ohp,heavy
1789040460429,18.68075845336914,-4.309413642938435,-1.2996022963926195,17.794912118234954,0.09866507076859607,-64.99039742445188,user,ohp,heavy
1789040460446,19.07640027770996,-3.2157122509278353,-0.08274891902571543,8.033836695177309,0.6216207457264438,-53.47765254062642,user,ohp,heavy
1789040460463,17.65319819739461,-3.1989528393067417,0.40686472682119346,-17.479500812552935,-8.37691709718705,-39.164154436691376,user,ohp,heavy
1789040460479,16.435445624431967,-3.4347817028321326,-0.20649936346551404,-26.16596293669861,-8.018182755373287,-29.918916244094248,user,ohp,heavy
1789040460496,14.597896434783936,-3.463661760357767,-1.9744677980176173,-19.622090174050914,-3.0241614507847023,-22.8013946760774,user,ohp,heavy
1789040460513,11.81762800336182,-3.681982878112793,-2.7653027896163054,7.074274517739619,-4.735429488838255,-24.61160483444776,user,ohp,heavy
1789040460529,10.713602931866049,-3.8132150566101073,-2.220022850059066,15.168475571027855,-12.65533564045199,-34.718452607821774,user,ohp,heavy
1789040460546,9.189993434906006,-3.191770234326273,-1.2171519036557525,11.985802078193258,-14.038367838883177,-42.46632891924451,user,ohp,heavy
1789040460563,9.492410447582602,-2.0840027614317833,-1.4713865212371573,15.431968901281314,-18.883369356820893,-31.403071954508416,user,ohp,heavy
1789040460579,9.508273787146805,-1.9116209725528954,-1.2285244346067308,10.231438107797864,-18.036811805427416,-11.634013184991751,user,ohp,heavy
1789040460596,7.7790604690551755,-2.8642136658266186,0.9611229865361004,-17.804653675538685,-14.157762960669585,-1.458157128947041,user,ohp,heavy
1789040460613,4.970062786754966,-3.065027037811279,-0.26141638231165704,-32.5467529800812,-22.034110007738388,-15.452374091426726,user,ohp,heavy
1789040460629,5.216965417480468,-2.8154318070009348,-2.3023240983825177,4.9590853138707915,-37.69452312354724,-22.283671459632313,user,ohp,heavy
1789040460646,6.675632778930663,-2.1502922198973593,-4.438550456591695,54.2690665597558,-41.69513567515296,-18.289499776413916,user,ohp,heavy
1789040460663,7.324311791229247,-2.245461882019043,-1.2967591088559478,73.83976126784965,-41.93140899401663,-1.7492919146064247,user,ohp,heavy
1789040460679,6.828412772369385,-2.636015881701559,0.7181113718997687,38.93265883515213,-23.514618397135767,10.312308401344461,user,ohp,heavy
1789040460696,6.240037714385986,-3.0490159603394567,3.3804636179935184,-17.237251078165507,-0.6197605863946731,19.841720029454553,user,ohp,heavy
1789040460713,5.325602317810058,-2.9469631145752966,0.9979338370610028,-52.07614553426399,6.170378808924356,22.203568708593696,user,ohp,heavy
1789040460729,4.724360179468989,-2.5613473019473254,-1.108515149456635,-31.015250398340505,2.2768623428439683,14.598607275364303,user,ohp,heavy
1789040460746,5.259461912426352,-2.3656207317076623,-2.9215241374142464,5.51895634702356,-9.784850457784811,10.526990638468071,user,ohp,heavy
1789040460763,4.695777643585205,-2.3988404258728027,-1.7962496494017541,31.10024185727756,-13.295116044912499,4.689494332235803,user,ohp,heavy
1789040460779,4.608240229907632,-2.5965118465699253,-0.8242037753783166,18.079184591490883,-0.08913752383549024,-0.17697577760415745,user,ohp,heavy
1789040460796,4.974254393225908,-2.4619879330508407,0.6989573932923376,-11.924939970046568,15.862404007680933,-4.077026146718882,user,ohp,heavy
1789040460813,5.800700540703534,-1.6240167674742638,0.02708477160669863,-37.971651218931335,21.93890400089758,-6.13369557043951,user,ohp,heavy
1789040460829,6.08456424407959,-1.3355154674254357,-1.2279261033874005,-26.800808529483785,17.505231842703665,-6.430946256892112,user,ohp,heavy
1789040460846,6.554577126532792,-1.3573629959657787,-2.2680567217953502,-4.933779462995894,9.352208346509633,-11.717570304203102,user,ohp,heavy
1789040460863,7.452700855255126,-1.3744212444029749,-1.3739724777221678,8.339866736034315,2.26453449172233,-17.321646603097477,user,ohp,heavy
1789040460879,7.91044111611247,-1.2397472548887132,-1.1237779658444225,7.878181806634596,4.815224454477398,-16.687063972595347,user,ohp,heavy
1789040460896,8.713547304534911,-1.3721765342161059,-0.9163802470333874,2.60669708706235,15.616370348493318,-14.716226547966508,user,ohp,heavy
1789040460913,9.119364485931396,-1.3055878005430102,-1.012148240374401,3.196582959635916,27.49288769241908,-11.251751402808233,user,ohp,heavy
1789040460929,9.270348828125,-1.207126841790974,-1.940200841555558,34.67729730297786,28.128803917356656,-10.490543895283237,user,ohp,heavy
1789040460946,8.461558748847246,-1.1465231738768518,-1.5601210357448085,72.65615095638898,14.024280573720027,-19.57857162375418,user,ohp,heavy
1789040460963,8.44539788764119,-1.1608889683596788,-0.6498758939329534,100.50421873093248,-3.4150956522234335,-33.38212951180336,user,ohp,heavy
1789040460979,9.336191127344966,-0.7894881435669958,1.4546277306705713,100.71962923697635,-9.525294731587865,-41.530599833141935,user,ohp,heavy
1789040460996,10.698041205596923,-0.21472988833002746,2.725798809283599,81.21108583523501,-4.100772153142078,-35.434348640392905,user,ohp,heavy
1789040461013,11.35135839909017,-0.04803367080688476,3.218106817914173,54.861838187253696,-2.7870811023819173,-22.808086553916723,user,ohp,heavy
1789040461029,11.762861224907637,0.48841721173711117,2.7850553734377024,27.273763271014023,-4.725553462185239,-2.2555675205591608,user,ohp,heavy
1789040461046,11.11508120727539,0.384718133135885,1.442207517297566,19.089482267857075,-6.232589452545302,10.9906435161224,user,ohp,heavy
1789040461063,10.531046808844804,0.09457067331522703,1.1019318255435675,12.73109866004671,-7.243910803513348,17.316829612185327,user,ohp,heavy
1789040461079,9.6538688375175,-0.08738828753046692,0.9689034843444824,-0.9824610269603925,-6.482844595526807,23.30849694836312,user,ohp,heavy
1789040461096,9.38452173527181,-0.3654147361204028,0.5289693311495706,-12.602580966850104,-4.503542432082206,27.376682268975067,user,ohp,heavy
1789040461113,8.838046959906816,-0.449062595013529,-0.10489603330083191,-13.278861048461515,-4.296346509175754,26.785384254790603,user,ohp,heavy
1789040461129,8.163180197906494,-0.7468414264954626,-1.069609080218151,-2.8381064574633204,-9.862040133142418,21.296389813221772,user,ohp,heavy
1789040461146,8.33825560978353,-0.8438063014708459,-1.6361373403135686,6.524402881531749,-7.200136121122736,19.56930817969235,user,ohp,heavy
1789040461163,8.459612875476479,-0.9831189105711877,-1.7646757862148805,16.617908307248968,-4.064760407630009,18.45778197718469,user,ohp,heavy
1789040461179,8.49133487842977,-0.837371884509176,-1.2401958389064296,26.331919458056994,-3.44871576430894,17.702943621060733,user,ohp,heavy
1789040461196,8.329727435413002,-0.9810242763794959,-0.04384334297757596,25.019186127884513,-4.7516157565107155,13.902986659344355,user,ohp,heavy
1789040461213,8.345887712097168,-1.0111015808656811,0.5220857821809127,17.802449231984063,-6.9207732732195755,9.180609235123171,user,ohp,heavy
1789040461229,8.507796768409014,-0.6168062026977539,0.6353619231510907,11.010166758091236,-4.972962123830142,4.996452425046285,user,ohp,heavy
1789040461246,8.486397422027588,-0.4879685181215405,0.5006877875063568,8.945920520146949,-5.241067539320652,0.5863130433074148,user,ohp,heavy
1789040461263,8.725368090710043,-0.4022255866453051,0.7245455696657299,1.8719311628051771,-6.190927006155516,-3.5578214195541356,user,ohp,heavy
1789040461279,9.170988290184736,-0.17013780934438108,0.35748481990396974,-2.0784908109017604,0.30014420538102715,-4.315214052984268,user,ohp,heavy
1789040461296,8.886229099273681,-0.2558803024291992,0.3360864599032327,2.5202828143438176,-2.253725503917373,-7.79063073430608,user,ohp,heavy
1789040461313,8.838196012988686,-0.4863225044801831,0.686687511642836,2.9089732986401993,-10.135537982982655,-16.709379908161072,user,ohp,heavy
1789040461329,9.596558219799398,0.2243070602968335,1.181539103808999,-6.215295840453653,-15.306670788504723,-16.000273083624933,user,ohp,heavy
1789040461346,12.080094113922119,0.17387889556884764,1.2211928496096283,-24.411075603058062,-12.331636753985807,4.109494304712184,user,ohp,heavy
1789040461363,12.635548899078369,-0.19183540802001953,1.4562733059205113,-58.722401125022884,-4.872453328872465,29.345395504772032,user,ohp,heavy
1789040461379,10.577432712444663,-1.3845967475891112,-0.11147928414866327,-86.15932566247747,4.731682703191679,39.20702411901696,user,ohp,heavy
1789040461396,9.03990867190063,-2.3111532284609972,-3.817105561242625,-64.07981709487329,2.7945050911228977,34.99288277848372,user,ohp,heavy
1789040461413,8.152256068310141,-2.865859094946086,-5.480027667303011,-10.559317070036094,-1.3977260697700011,18.731184204376547,user,ohp,heavy
1789040461429,6.508188300323486,-3.4832639941893517,-6.204722947637737,52.85589700538557,-5.904300252070047,-11.147172668878875,user,ohp,heavy
1789040461446,6.744466076660156,-1.8004395023070274,-3.03599705042094,111.23493086045357,-16.125202366186343,-49.00541542683132,user,ohp,heavy
1789040461463,7.913435037231445,-0.8239046463012695,-0.8807662781428545,111.35509437852161,-22.35367236088848,-57.40731650222863,user,ohp,heavy
1789040461479,10.574888873180747,0.5565022483825683,2.7682958887513727,51.445882998411896,-13.642926352922473,-39.42314837982909,user,ohp,heavy
1789040461496,11.730541256061196,1.1288660827636718,3.3111812613222744,-4.9251196369019645,-0.18571297693477892,-15.981747903048566,user,ohp,heavy
1789040461513,11.328164570507406,1.0504559783935545,2.4940103071901945,-40.90894675073864,8.328117103114602,-0.30305450629768727,user,ohp,heavy
1789040461529,9.764901108551024,0.9237127818785608,0.5220858187135309,-50.414848867725546,4.464078452831519,1.3245729294901665,user,ohp,heavy
1789040461546,9.547776360973716,1.1288660827636718,-1.2880798355769365,-34.43944621041592,-5.596232680406261,-0.5567365632931143,user,ohp,heavy
1789040461563,9.5384994140625,0.9169789435788989,-1.89231647955887,-11.016015107568059,-11.767482765336617,1.6727099126415377,user,ohp,heavy
1789040461579,8.629151696014404,0.4329014415465295,-2.0603596547115592,7.596042059947002,-7.029286622997684,3.0971620857469757,user,ohp,heavy
1789040461596,7.508814956665039,-0.8313866726197302,-1.4923353839047253,13.242672144917849,10.048638339946228,-5.423359311852769,user,ohp,heavy
1789040461613,6.484994471740722,-0.7528270767763257,-1.0404296744197608,6.519097532093942,20.601855197279857,-27.072323916917423,user,ohp,heavy
1789040461629,7.132776827460527,0.9458591472350061,-1.4091371684752403,7.39245973399831,28.885389094360846,-39.18526996651047,user,ohp,heavy
1789040461646,10.353126528930664,1.003768753759563,-1.7049701996516435,26.415298992349925,27.891866362596204,-11.060173988099484,user,ohp,heavy
1789040461663,9.881319164276123,0.3405750400267541,-0.626233335202001,20.978012497892674,38.18356808321474,11.746130740217511,user,ohp,heavy
1789040461679,4.884620299530029,-2.658461668395996,1.33776065253634,4.599612030966197,44.19759404364057,-5.758127800529427,user,ohp,heavy
1789040461696,3.5827725622981785,-2.279579182611033,1.6756419599670915,-5.077055914328429,21.13130755607715,-54.28679773084115,user,ohp,heavy
1789040461713,5.940612284740805,-1.6660648610655218,1.0063132140779867,0.2539823185146431,-0.263516728987452,-59.044437714199816,user,ohp,heavy
1789040461729,8.922292346301674,-1.0923545805115251,-0.47674524118183176,7.912062960012444,-1.8260028363918956,-37.97481701161164,user,ohp,heavy
1789040461746,5.832724741473793,-2.1899462579589337,0.8173210301272571,1.6488713784994296,0.14450505828991683,-38.92389228735242,user,ohp,heavy
1789040461763,4.58414682213664,-1.9562125400818884,0.70329728566017,-8.3997282214676,5.412480101165408,-64.08646286893573,user,ohp,heavy
1789040461779,8.805873706054687,1.267430248116888,-0.3529949611388147,-8.325702631243002,4.797959016916075,-64.43735700735596,user,ohp,heavy
1789040461796,11.43351119711995,2.0762215877699663,-1.4372687822537495,16.341507627011477,-10.055874925371857,-35.35620444609879,user,ohp,heavy
1789040461813,10.265139033398032,1.6126444831184577,-0.6902780104154721,18.774723245240793,-9.946811318478739,-27.32067984042284,user,ohp,heavy
1789040461829,9.612869303131102,0.9015663069242611,1.3482348464081062,4.4808141238453425,-10.41336361143574,-25.327690404768358,user,ohp,heavy
1789040461846,10.140343609949946,0.6507739453156755,1.2211929592074826,-19.30378286816081,-6.975754588490886,-13.70027945138307,user,ohp,heavy
1789040461863,9.650727032360434,0.4761467889482039,0.7109286207888275,-31.136452105162384,-1.316941153588029,-4.7625807714495245,user,ohp,heavy
1789040461879,8.871715420752762,-0.17821845685982843,-0.7745240543974563,-35.33298863310991,5.0043412935376494,5.183166745065985,user,ohp,heavy
1789040461896,6.973261972808838,-0.3054104720004456,-1.3165112360196187,-37.042776227660866,10.491828824620846,13.733072043361947,user,ohp,heavy
1789040461912,6.264429812842607,-0.7438484643577132,-1.2023374886225908,-44.85703514762696,11.112963666420866,10.95848698550998,user,ohp,heavy
1789040461929,6.554725595092773,-1.254112574447505,-1.5173250098630786,-53.01430958280568,13.923378189111428,6.661652117808571,user,ohp,heavy
1789040461946,8.314464984351396,-0.32082316402483263,-3.3162681909314355,-42.873298910750556,22.006072081195484,3.28763130226289,user,ohp,heavy
1789040461963,9.942820219421385,0.15936391100683248,-3.780593657131679,-19.405132630160043,23.14517004983519,8.159823803286425,user,ohp,heavy
1789040461979,11.737275532752275,0.38621471923603673,-2.9224217438410967,4.930760092495926,13.632688753130271,14.960045518315745,user,ohp,heavy
1789040461996,11.714380979377031,0.04668704197090119,-2.078316395491594,19.490723438196767,4.696614804445542,20.468803112248008,user,ohp,heavy
1789040462013,11.87494037464559,-0.8385689853392541,0.18779543018052353,12.65349063560244,-1.2718553950418923,27.47391684199937,user,ohp,heavy
1789040462029,11.675024536022542,-1.7482164535189046,0.7956233127206098,-6.826322002282055,11.98217097887575,26.14359065207223,user,ohp,heavy
1789040462046,12.70557929763794,-1.6008232676850631,0.5042790991297457,-17.296277572972755,18.34615448803188,32.728258427085116,user,ohp,heavy
1789040462063,13.397055833655594,-1.7651252470154315,-0.32785580831620026,-9.470671147474334,12.619603505809067,40.626409145531895,user,ohp,heavy
1789040462079,11.815983743286132,-1.9666873184755442,-0.44128139851882586,0.22628918312269417,6.308874554724705,39.779796952625055,user,ohp,heavy
1789040462096,10.98773902195394,-2.097021525219828,-0.3995324979366967,8.225832458972722,-0.953956406398108,35.34823703043197,user,ohp,heavy
1789040462113,10.002226348114013,-2.5195982643678785,-0.38726197468308965,12.604019575444037,-5.106654965983502,26.47297823234339,user,ohp,heavy
1789040462129,10.818949558478593,-2.855384608813375,-0.3215707492554327,5.551409990864876,-2.0172306307925045,23.870283422691255,user,ohp,heavy
1789040462146,11.257535621532798,-2.7874491367064413,-0.633714491587493,-6.121456725220494,6.95153473769402,25.64814580515243,user,ohp,heavy
1789040462163,10.948533385246991,-2.218077908270061,-1.1668737372911302,-25.07666046220288,19.33132731353618,28.9337775695358,user,ohp,heavy
1789040462179,9.810988905987143,-1.59618431930542,-1.1204862125563435,-39.337309977434955,20.90255086039508,29.099276468219795,user,ohp,heavy
1789040462196,9.15452873829305,-1.4356233896669,-1.2517186559151392,-49.12902136024104,19.770218194128272,26.020783850795404,user,ohp,heavy
1789040462213,8.870366344231366,-0.9786297824583947,-1.961149978217762,-46.29169247712605,17.41380805311575,26.84129106069445,user,ohp,heavy
1789040462229,9.863511120384931,-0.5819407871522009,-2.97718989226846,-26.143647001132884,18.28651498374662,36.41550189957065,user,ohp,heavy
1789040462246,10.058490087127685,-0.9867105053223669,-2.605190151734557,1.6279746281771872,12.787232569740459,43.80912020440692,user,ohp,heavy
1789040462263,9.507675236731767,-1.9183542263306677,0.08873577488297596,15.25042588823696,-0.454497115793633,41.94464590062811,user,ohp,heavy
1789040462279,8.627804373058677,-2.474856182452291,2.0667947475266644,1.9930728920284042,0.7051734893478577,32.66687210191963,user,ohp,heavy
1789040462296,9.091681529235839,-2.6050413361147045,2.8670569264285266,-18.13069617066383,-5.069422751044116,23.755765055972237,user,ohp,heavy
1789040462313,12.019491468921302,-2.559102445629984,1.7693160497687757,-21.113415875546302,-7.953559774314857,28.648545454701484,user,ohp,heavy
1789040462329,13.855843557739258,-3.382707524462789,-0.23717498090472072,-0.2944006566192811,-2.25293576329459,33.914477870808746,user,ohp,heavy
1789040462346,14.182651499828696,-3.929333837127685,0.2045546408722177,14.023622314238766,-4.098700044502626,29.6114382031332,user,ohp,heavy
1789040462363,14.471603466254471,-4.942081723895669,1.5379761864920145,12.096559572000539,-0.6516340376825078,10.507323962526666,user,ohp,heavy
1789040462379,15.266775939068197,-5.282207266589253,1.4694412323882802,11.85725535669268,0.7835134646112296,-5.475488169371952,user,ohp,heavy
1789040462396,15.801280875176191,-5.06747730519399,1.3018470979110337,16.911304205688744,-2.2642679009012876,-15.225989178933947,user,ohp,heavy
1789040462413,15.572335341423749,-4.438999223272502,1.0245692209323867,15.86383493231205,-1.077699904086581,-21.397732745031835,user,ohp,heavy
1789040462429,13.742418254089355,-3.5875618424013256,1.5089457607102579,4.275319344929047,-1.5433803874290521,-25.45775086694374,user,ohp,heavy
1789040462446,12.892924993023275,-3.027168870190531,1.2858357647108845,-8.61100304796902,-4.171996938920148,-28.308429354791528,user,ohp,heavy
1789040462463,11.377395926666258,-2.034622498321533,0.3187287535954267,-18.575495164887982,-6.220379635630257,-25.73618352845931,user,ohp,heavy
1789040462479,10.24015130713582,-1.3241434479311107,-0.5295675345047377,-20.866133999287868,-5.4925969394691885,-19.252336175784983,user,ohp,heavy
1789040462496,9.558999765777587,-1.2015902504518627,-0.6543652777740732,-21.491079232871108,-3.440482398151313,-13.5650229227966,user,ohp,heavy
1789040462513,8.442703241729737,-1.1501149147585035,-0.7040446516950615,-16.174692209364963,-4.8657362647105815,-9.348402223594643,user,ohp,heavy
1789040462529,7.9572800241768356,-1.1951556873597204,-0.31363951329817064,-9.402240335953623,-10.44257035410036,-8.291606326906297,user,ohp,heavy
1789040462546,7.622389313396811,-1.2805986129760742,-0.03007714922255836,-6.646746937492311,-12.998249556600712,-9.756617870850564,user,ohp,heavy
1789040462563,7.4694602668762204,-1.337460902404785,0.7339727729519246,-10.805983375495583,-16.70740769103823,-10.82988818381698,user,ohp,heavy
1789040462579,7.746140196228027,-1.1830350414551793,0.45295312247893305,-15.977864940505413,-12.770819625164918,-7.50336066177816,user,ohp,heavy
1789040462596,7.663242132788896,-1.1438302815310657,0.17402880260066594,-18.574709693133432,-8.742421864015588,-4.416579609795957,user,ohp,heavy
1789040462613,7.554604647937417,-0.876577082824707,-0.17582351769744417,-19.008909941313018,-6.930963915461235,-0.8515256068801605,user,ohp,heavy
1789040462629,7.353790399169921,-0.6224927239015698,-0.47659548484706316,-18.956416522446887,-1.0208748646261905,5.037468137899035,user,ohp,heavy
1789040462646,7.375337629589438,-0.4848258361816406,-0.5433339017896913,-15.77035184068938,-0.20304961121407122,9.549522266347546,user,ohp,heavy
1789040462663,7.2898945578426115,-0.4402335380002856,-1.044470181982219,-5.621505660995778,-2.8781712799175576,11.521039294798802,user,ohp,heavy
1789040462679,7.360673144420981,-0.46447497593984005,-0.9382273006496951,6.125076298593777,-6.720990239996703,14.265606525022209,user,ohp,heavy
1789040462696,7.599194900292158,-0.5288192916870117,-0.5895720857482403,5.042513086374735,-5.5527568187918375,19.079406031284012,user,ohp,heavy
1789040462713,8.073695157292486,-0.7975681357786059,-0.051475153030268846,-2.9881872713130684,-1.1274933705181491,24.64359061033093,user,ohp,heavy
1789040462729,8.525154730445147,-1.2891282486513256,0.042348026385903355,-17.79087718398277,1.4905294508485512,32.48679074935766,user,ohp,heavy
1789040462746,8.359355680957435,-1.6543936394289136,0.05506678431406617,-30.777173909535957,5.697255447098981,33.797428919002236,user,ohp,heavy
1789040462763,8.896701977971196,-2.1016602909363806,-0.9992798813750967,-35.45021175474026,10.83836359480332,38.04412977130893,user,ohp,heavy
1789040462779,8.894757858166098,-2.4923640743531283,-1.8264761074345093,-28.23738514213964,17.311119574039196,38.527567145667845,user,ohp,heavy
1789040462796,8.984541589465737,-2.684349412237853,-2.1960809521885123,-13.210783699230351,18.989431949347434,34.68209551086979,user,ohp,heavy
1789040462813,9.420285122570395,-2.95923295969218,-1.6641198051120851,0.7781069963571944,18.469867996921028,28.24301321801573,user,ohp,heavy
1789040462829,10.076296377453207,-3.027018794195354,-0.8062472960348299,12.295808142920858,23.299612579800225,23.22922406530866,user,ohp,heavy
1789040462846,10.117149196845292,-2.9822777351930734,-0.05566519773178734,14.309358155524372,24.190373407954734,19.625937278100924,user,ohp,heavy
1789040462863,10.117446718487143,-2.9331963088989257,0.9359836316424421,14.041157117385481,24.277623951959768,15.606458036460337,user,ohp,heavy
1789040462879,11.3516570897758,-3.07729673679769,1.4190135060517117,19.43706717962444,22.544869846324648,15.65087475663293,user,ohp,heavy
1789040462896,12.049568042755126,-3.213467248480022,1.7603371724886818,24.53065513995206,19.649463864697033,16.914551960639084,user,ohp,heavy
1789040462913,13.364285198432206,-3.3903397729068994,2.730886780072376,27.35706938077338,11.936141480285388,16.865145787277797,user,ohp,heavy
1789040462929,14.260013556450605,-3.7337571967527268,3.4723411432346327,21.870694316751248,-1.2630643012498513,10.846017675541965,user,ohp,heavy
1789040462945,14.6085195356071,-3.9897871367856856,3.488800914322026,15.087261206701818,-6.730975122789615,0.5861301223037054,user,ohp,heavy
1789040462963,15.92907197330892,-4.358494484710693,2.9360394599029793,15.254283237570725,-17.14012920326251,-6.91140524188608,user,ohp,heavy
1789040462979,15.961246396204828,-4.198382540948689,2.703054404968768,6.539248297692772,-31.035023795987694,-15.418369994643818,user,ohp,heavy
1789040462996,15.077036042022705,-4.089296727807819,2.5787050082551315,-15.308810345262229,-34.69315017204146,-22.492222748202188,user,ohp,heavy
1789040463013,13.609240202221274,-3.266738527679443,1.0105033318447414,-37.41741551873065,-28.878179829691895,-26.114608451876574,user,ohp,heavy
1789040463029,12.48202013309896,-2.344222700500488,-2.167948571225023,-35.10556040922142,-18.51354876421055,-23.774023859170974,user,ohp,heavy
1789040463046,11.910255433654784,-2.0576668354310095,-3.1319145261020864,-16.599548758759973,-11.992856809832235,-19.97539366170087,user,ohp,heavy
1789040463063,10.69968780376017,-1.9396024738036095,-2.9471120626258895,-3.07208589998292,-6.705846429946315,-18.2123118086036,user,ohp,heavy
1789040463079,10.249876582336425,-2.0135234500609336,-2.3460178311557973,2.108461894423188,-1.926718244571965,-16.45165467266169,user,ohp,heavy
1789040463096,9.04020619354248,-2.4172459972657263,-1.6485571472611975,1.4753962062470358,10.79483223790189,-17.124233645516597,user,ohp,heavy
1789040463113,9.139864253124594,-2.8652606906615197,0.3700544311354286,-7.944911901051975,11.655910771470813,-14.60106102082363,user,ohp,heavy
1789040463129,9.37255072697103,-3.0608370387755333,0.9558853964098729,-17.40917547731119,8.89817493652762,-9.600449864346453,user,ohp,heavy
1789040463146,9.004292584118247,-3.8189009932920333,0.39938342401981786,-15.403468229422144,2.4844172775686695,-8.888124313163946,user,ohp,heavy
1789040463163,8.309377305823563,-4.383035490118712,-0.5976521904433111,-7.618475816275909,1.714785905641226,-11.988654535945384,user,ohp,heavy
1789040463178,8.07564278422892,-4.437952344568074,-0.5538078524912183,-3.224019829531857,3.9662827401767653,-16.657289470455968,user,ohp,heavy
1789040463196,8.230815810284017,-3.819050630895793,-0.06509243298402288,-2.3090201541168573,4.640782703735741,-21.28363955758865,user,ohp,heavy
1789040463213,8.506598498535157,-3.004723229626566,-0.0190034961868776,-2.7424061156813333,6.858572021108739,-24.671812951981423,user,ohp,heavy
1789040463229,8.49717132949829,-2.8336875946596263,0.02917949712993577,-1.6494038130895732,6.039587089620959,-27.177992066019396,user,ohp,heavy
1789040463246,8.834903401184082,-2.7783215351380406,0.11746602127491496,0.1477147669521468,5.233509935004033,-28.832065807510556,user,ohp,heavy
1789040463263,9.081655225262045,-2.4229319339476523,0.18989021963584235,-0.4739719594688963,5.301691444620039,-29.700558511423527,user,ohp,heavy
1789040463279,9.21288740375936,-2.1327846202574667,-0.15726901195365936,5.156795384680565,1.766960973659013,-29.24913423370446,user,ohp,heavy
1789040463296,9.424027816230058,-1.9422960968017577,-0.2660553672239184,5.999708603265017,2.7761685945223524,-24.12408129941788,user,ohp,heavy
1789040463313,8.52231044692993,-2.3090580097474156,1.1755528690062462,-7.080270996944067,4.600412016872736,-24.633142128448103,user,ohp,heavy
1789040463329,8.4020006444633,-2.2475563700802623,0.9941929334996268,-11.677576131518093,5.244180398034886,-24.853936531105226,user,ohp,heavy
1789040463346,8.601468154796958,-2.2827213530942796,-0.6815987828022334,7.159879413041504,-1.031191758645789,-27.44800310428834,user,ohp,heavy
1789040463363,8.585008018383384,-1.9346642867490649,-0.4520551187598612,18.38151266981774,-6.257739916616581,-33.202205253592304,user,ohp,heavy
1789040463378,8.977956365856528,-1.5623663669861851,0.15397734999712556,15.50814770864176,-6.030423110188917,-34.676317170831965,user,ohp,heavy
1789040463396,10.27172484152913,-0.7432503432009369,1.1845322760093024,-1.510509034831308,-0.6111386465062956,-24.1969628329565,user,ohp,heavy
1789040463413,10.12522962744832,-0.8538321670532226,1.338658624289371,-13.159533374793162,2.391855407710303,-18.123138566347208,user,ohp,heavy
1789040463429,9.770288646808266,-0.9078517073366791,1.0541975943409838,-14.031924409174916,-0.1748253752533009,-18.44892834447306,user,ohp,heavy
1789040463446,9.664643329510092,-0.5318121898926794,-0.1650494914957322,5.657546861698642,-13.16833236599143,-21.577073022068863,user,ohp,heavy
1789040463463,10.059985878643394,-0.10354900260604917,-0.2557298885073047,18.972745797205093,-18.39190651018721,-19.454219492177632,user,ohp,heavy
1789040463479,10.095150715526938,-0.04638758410029113,0.01586217394535779,22.615499124984456,-21.077687155997964,-16.567463945133838,user,ohp,heavy
1789040463496,10.097394695061444,-0.17522585319839418,0.5575502961307763,11.235195878033768,-15.553501872277936,-9.15060336032566,user,ohp,heavy
1789040463513,10.090811809539794,-0.4540007820680737,1.045368564727204,-6.689520143395869,-7.02192367907241,-0.7106699773607197,user,ohp,heavy
1789040463529,9.541043253326416,-0.6877342807494103,0.8429092430332675,-18.757039885479628,-1.4946257500815605,1.6435933498183022,user,ohp,heavy
1789040463546,8.847323322296143,-0.6842928350586444,-0.5939107725396752,-7.1859421342538035,-7.92843150835838,-5.540429608000434,user,ohp,heavy
1789040463563,9.999980615013838,-0.021697452545166016,-1.5173250098630786,11.231518674939363,-17.79755027880187,-6.442026531273164,user,ohp,heavy
1789040463579,10.492139278301597,0.20380627019032835,-1.2883796587737277,17.093253614988715,-20.252062426863287,-0.1379083762121539,user,ohp,heavy
1789040463596,10.791565876990557,-0.2211643783569336,-0.028281269648578015,-3.0896798269546384,-7.300604788719039,12.39919671638734,user,ohp,heavy
1789040463613,10.176104074639081,-1.0898107412476092,-0.07421963041033595,-22.115192890922902,6.124456458926598,15.825073608772229,user,ohp,heavy
1789040463629,10.165630026897787,-1.2826934663634746,-0.8686456505046225,-20.284444353718314,6.832418373003114,13.414675091238987,user,ohp,heavy
1789040463646,10.268282007598877,-1.32055207237564,-3.228131569251697,16.344721231015967,-2.5926123832201373,9.317577579870376,user,ohp,heavy
1789040463663,9.778367323845625,-1.2834419466432183,-2.710086312899552,38.201992518500845,-6.293687202218358,7.380064648202029,user,ohp,heavy
1789040463679,9.597306992340087,-1.5020621934752911,-1.8459291511869056,42.47614048598724,-2.7940502432128573,7.042667390468562,user,ohp,heavy
1789040463696,9.225456377953291,-1.7018284675598143,-0.2515406292570755,32.37907525105197,3.4818319364997468,7.106970206409647,user,ohp,heavy
1789040463713,9.399037167358397,-1.4211084690369664,0.11282691763164475,16.649134224586973,9.135471929993143,10.706540943822073,user,ohp,heavy
1789040463729,9.13627295063436,-1.3941734080992638,-0.2890995216703042,16.998880891226648,7.952946764836848,8.471860141744813,user,ohp,heavy
1789040463746,9.067291184344887,-0.9241622061464935,-0.9344861961589195,26.17055453136815,6.216826229714559,5.249551914930278,user,ohp,heavy
1789040463763,9.61526292026937,-0.3208231685914099,-0.5407897702648304,38.40997177872774,0.4590438873467459,7.486342391687427,user,ohp,heavy
1789040463779,9.73661960144043,-0.18824417859502135,-0.2262518194227479,38.365643851014354,2.6499659085675575,12.656628253752414,user,ohp,heavy
1789040463796,9.254636879730224,-0.546775950268656,0.6681323939776979,31.193029977152182,5.405742973322837,14.831376707183754,user,ohp,heavy
1789040463813,9.152435565406083,-0.755071567767486,1.109862563743908,18.033338654234466,5.797408645332993,14.77002282541682,user,ohp,heavy
1789040463829,9.271395706829429,-0.7224504240173846,1.0281601900624808,11.432326236537737,5.068221491523841,15.715396138627456,user,ohp,heavy
1789040463846,9.500791322436928,-0.7076363012451679,0.5020343524102587,11.059092256889683,5.109321301080746,17.28766470442937,user,ohp,heavy
1789040463863,9.636361822399497,-0.7477388137266039,0.33743327825217273,18.608192987992126,1.446062037865712,18.69438485267581,user,ohp,heavy
1789040463879,9.630974868664145,-0.8174699370786547,0.5104144520880946,20.14719170234691,0.5148697448367575,22.208377161769384,user,ohp,heavy
1789040463896,9.11726897495687,-1.3244421386167406,1.2195467075332853,14.989171152483973,-0.4801684351499788,21.781398131089794,user,ohp,heavy
1789040463913,9.100061235046386,-1.3395555365964769,1.1670240170698176,10.66774803065734,-3.5651085910683045,20.68063289161949,user,ohp,heavy
1789040463929,9.23712928009033,-1.4508859137937427,0.8698437571233429,12.352470538501638,-4.132323785126129,19.705076972466568,user,ohp,heavy
1789040463946,9.728540339881182,-1.4713868500307201,0.36332029829153323,20.040879807915662,-7.088441610738695,21.49929936553722,user,ohp,heavy
1789040463963,9.724200264850259,-1.6150385112486778,0.6118688330605393,29.331547296229832,-15.311426307714344,22.242989145388425,user,ohp,heavy
1789040463979,9.52547977349162,-1.6889593413755297,0.7258920752041275,29.44765368193088,-17.286221826967207,21.50612101697077,user,ohp,heavy
1789040463996,10.25900389164388,-1.6707038459777832,0.7053920111834071,26.293817247772076,-18.69383160735304,27.237242249521966,user,ohp,heavy
1789040464013,10.064925673133134,-1.9180550972536206,0.37559077816265635,21.405556726726086,-15.359159084728978,32.793753111036374,user,ohp,heavy
1789040464029,10.11909331665039,-1.860743748883158,0.3905544746065512,16.980019323833655,-14.610546446033485,38.21988761412628,user,ohp,heavy
1789040464046,10.187478870612383,-2.103905147253722,0.4306574254794046,11.817924566130808,-17.47323582153674,43.642040116930076,user,ohp,heavy
1789040464063,9.722253806957601,-2.5622445430479943,0.6229414357834495,-1.8734993315499298,-20.574179270762965,52.20078282623839,user,ohp,heavy
1789040464079,9.12280556629598,-2.994697217913717,0.6895305165164172,-17.041280998046794,-18.39487935002346,55.376472450646645,user,ohp,heavy
1789040464096,8.227075454711914,-3.2224457969665528,0.3718496645387262,-32.48970724013326,-8.379276073771642,56.633787333440935,user,ohp,heavy
1789040464113,7.589020712280273,-2.8389246185302732,0.048782516412809486,-43.785026712109705,-4.840040239279347,51.01576549580869,user,ohp,heavy
1789040464129,7.114519286236167,-2.6104279975891114,-0.34341804490033534,-40.93407501669512,-11.541120904732285,40.46838930398906,user,ohp,heavy
1789040464146,7.04778266852498,-2.2426187675476075,-1.410184704766795,-29.586388484352177,-18.489124007738585,30.387924843831517,user,ohp,heavy
1789040464163,7.177666939544677,-2.324470536804199,-1.8719662769041954,-14.671804705152038,-19.207455002748826,21.58624596612419,user,ohp,heavy
1789040464179,7.761253594207763,-1.7432780838012694,-2.2527939054075627,-0.5431943258813888,-5.199504984447478,19.576985312319444,user,ohp,heavy
1789040464196,7.829039428710937,-1.6985367325380443,-1.518671602166444,4.192483237561955,-0.016889630414626707,17.532106929540372,user,ohp,heavy
1789040464213,7.677755226787924,-1.9607015220642088,-1.1558004861142486,4.267541040124871,2.9909838068913657,10.201831799066797,user,ohp,heavy
1789040464229,7.0756152628242965,-2.17992090383321,-0.6807010941769928,7.520485653574674,1.0908069303821297,-5.859111720521242,user,ohp,heavy
1789040464246,7.685686019787192,-2.04614430155009,-0.6998548535887151,15.70949827027915,-2.4553317707618163,-15.960371118493718,user,ohp,heavy
1789040464263,8.27421013085246,-2.0018515708371996,-0.5642828192561865,19.473719682258018,-3.4722231409980084,-20.948973948636365,user,ohp,heavy
1789040464279,9.59536170349121,-1.4586673614501953,-0.26021957374252375,19.73205109704624,-2.7166052895350217,-15.93573291861019,user,ohp,heavy
1789040464296,9.424176284790038,-1.8140569626405834,-0.17148443818036466,20.171773553169785,1.0116833509940575,-12.18289572443044,user,ohp,heavy
1789040464313,9.051277622655034,-2.1001631842464206,0.06599032938852906,20.713704667580693,2.424189523241143,-16.499042525123237,user,ohp,heavy
1789040464329,9.393200716289877,-2.446723874554038,0.6102221846649423,20.568853430757645,-3.7068542262531095,-23.22539745182616,user,ohp,heavy
1789040464346,10.198850159454345,-1.8676269325256347,0.710180542367883,17.013415533780435,-8.539925538144928,-20.49443339710848,user,ohp,heavy
1789040464363,10.406995481762289,-1.4820105353757738,0.8714894042968749,6.201420311154772,-8.049096191556764,-13.225084407805065,user,ohp,heavy
1789040464379,11.105803675842285,-1.7953519699096678,0.127342112256214,-6.797579712480995,-2.658222540057045,2.265278982341861,user,ohp,heavy
1789040464396,9.989357514190674,-2.5333649239137768,-0.6878834434291348,-9.0705330526856,3.57249501376885,6.665984165289651,user,ohp,heavy
1789040464413,9.345468074256182,-2.8125886925294994,-0.7025480747280642,-8.187796843032213,4.720383435870363,4.0093680003480285,user,ohp,heavy
1789040464429,9.081655809783935,-2.9038670463010665,-0.5699693769926205,-9.936480657359095,1.812388988715591,-0.4731395835246539,user,ohp,heavy
1789040464446,9.050980101013183,-2.860622071075439,-1.1246761933257803,-7.675180900539001,1.6417631792858562,-2.9311150643820882,user,ohp,heavy
1789040464463,9.007584026879071,-2.8239605658933518,-1.3810048605769871,-1.5960024059506517,1.276652215551651,-5.4173777736871305,user,ohp,heavy
1789040464479,8.73344910583496,-2.728641704559326,-1.3299785838253795,4.761588259585757,0.3473946803268085,-11.676081173863507,user,ohp,heavy
1789040464496,9.048136986541747,-1.965041012573242,-0.8228566716182977,4.078226125578689,0.7641493980665675,-13.057801975974051,user,ohp,heavy
1789040464513,9.373748412322998,-1.7087120895937085,-0.9319426308896392,6.030923848432444,3.9329573934426265,-8.853441466332269,user,ohp,heavy
1789040464529,9.332449602729081,-1.8716671478271483,-0.571765137835592,7.133781687109709,3.957794949472555,-2.361695426769642,user,ohp,heavy
1789040464546,8.23021725986898,-2.417096505792439,0.3004726371431723,-2.3043880051991192,6.41631001527442,-5.746996726616422,user,ohp,heavy
1789040464563,7.677755811309814,-2.230647759246826,0.5128086891392245,-13.280513100467012,8.911857512982449,-13.568342394733227,user,ohp,heavy
1789040464579,7.922861621746421,-1.741632070159912,0.6684315413210541,-26.846270268599387,7.087764568237217,-18.958475824481646,user,ohp,heavy
1789040464596,8.129360930413007,-1.3904326141357422,0.03471614326797426,-33.742363933913595,8.290160888123195,-18.710133561354567,user,ohp,heavy
1789040464613,8.087762261089683,-1.5218142841063438,-0.33429004147313535,-36.822960249602346,16.522746696637764,-15.793333719699179,user,ohp,heavy
1789040464629,7.1483379692077635,-1.7926586391724646,-0.9540889597134664,-32.51212392098923,23.8653076298809,-17.262999183789162,user,ohp,heavy
1789040464646,5.928044479590654,-1.3667900188721716,-0.7296324810085818,-25.744253396963682,28.47677814990671,-32.91657698778612,user,ohp,heavy
1789040464663,6.0880053244441745,-0.8028055980406701,-0.3643671632962301,-23.73268413921947,22.977473537785745,-48.51688614644616,user,ohp,heavy
1789040464679,7.673117630115151,0.6916248584471643,0.10579429731480777,-20.210285574804903,12.412754641889817,-54.82765650555236,user,ohp,heavy
1789040464696,9.463829665264488,1.1171944958008826,-0.9398733508236705,0.36436359162861753,-1.6850199412383104,-44.60441718607945,user,ohp,heavy
1789040464713,9.631125090789794,1.0401309837341308,-1.4362210632991046,21.898510262146125,-7.029895790494284,-32.81122815002785,user,ohp,heavy
1789040464729,8.755445833587647,-0.09771350138559937,-1.552339989947155,36.546539078797345,-8.47546818917387,-27.018153686610052,user,ohp,heavy
1789040464746,7.714418193274736,-1.4160209366396068,-0.13826474401522426,30.780889532444444,-9.581881995087775,-32.26753143171649,user,ohp,heavy
1789040464763,7.507317996105551,-2.022501852416992,0.7226005365451798,12.97217445567054,-8.706668385031511,-39.03181610642779,user,ohp,heavy
1789040464779,8.131606078991293,-1.925237263842672,0.6863876884460449,-1.0912116190904528,-7.974326110712634,-39.24606889540733,user,ohp,heavy
1789040464796,8.801383993420004,-1.4812627857483922,-0.11088139132075012,-7.841963021013311,-5.821806934821925,-29.179828304196338,user,ohp,heavy
1789040464813,8.845527671051025,-1.3156135930601507,-0.4777924304135143,-8.075980669903581,-1.0218958711854016,-21.47387740144643,user,ohp,heavy
1789040464829,8.483554307556151,-1.6735468873839825,-0.49051162673309445,-9.308158749004928,1.7652744505425488,-19.939956932739552,user,ohp,heavy
1789040464846,8.358905599102377,-1.7512090959962456,-0.13302764707934112,-12.496555940363995,-0.8976825845480787,-23.597268808734796,user,ohp,heavy
1789040464863,8.63109698486328,-1.9093756778441369,-0.250642511373572,-12.6094034720573,-2.224456008889753,-22.906255155310024,user,ohp,heavy
1789040464879,8.857648316955565,-1.2741641960144041,-1.0019728833187371,-6.807862562276449,0.28405748237963396,-16.727153767928737,user,ohp,heavy
1789040464896,8.830413688549399,-1.381603703252971,-1.3741217865323647,0.9534154340715018,3.513150061391548,-13.179752442283691,user,ohp,heavy
1789040464913,8.28692991169393,-1.7553987297058105,-1.1335048119476063,3.941872070969963,6.348053373577544,-13.356690200280164,user,ohp,heavy
1789040464929,8.635885388183594,-1.9590555814880877,-0.8164227295806631,2.842140751385271,9.722778552381381,-12.208160594170316,user,ohp,heavy
1789040464945,8.947879207500815,-1.8787002613343298,-0.8225575425412506,0.3010781803891735,14.612989946209058,-6.980204029848326,user,ohp,heavy
1789040464963,8.998607524219155,-1.3645453817505389,-0.8852559907775371,1.4815106129363724,24.553563594428283,3.5403875751410894,user,ohp,heavy
1789040464979,9.030629386901856,-0.94002357294932,-1.37561801643949,9.497464272041002,28.95758419388788,11.502795859525698,user,ohp,heavy
1789040464996,9.350254139488936,-1.107617543029785,-1.4050967522443272,21.944024935227798,29.282458726664952,17.823448648587267,user,ohp,heavy
1789040465013,9.437942359814047,-1.0453680806700139,-1.2499229133384768,34.26194325426563,26.806429775170702,20.062965224596898,user,ohp,heavy
1789040465029,9.207350227898358,-1.3579614002503453,-0.25543146953302204,41.036558590096575,20.898678143135683,19.879436334051363,user,ohp,heavy
1789040465046,9.121310943824053,-1.4686931539673358,0.22715064055914988,37.27728735771867,19.731875219675114,16.94670507615692,user,ohp,heavy
1789040465063,9.33439313801229,-1.758391189520061,0.714520306871552,28.00205097428685,21.63315912043842,15.883835433749141,user,ohp,heavy
1789040465079,9.383475441089272,-1.9416974733214825,1.354969324028585,7.584251445892267,20.818756392110075,12.651183739210268,user,ohp,heavy
1789040465096,9.462035183063149,-1.8514662905152885,1.3691847137226723,-5.314276495052611,22.048052131381674,11.621997174694407,user,ohp,heavy
1789040465113,9.87652959191203,-1.5719431736268101,0.6747157726896926,-10.546072479461793,24.40271203641938,12.70556997425014,user,ohp,heavy
1789040465129,10.323198423656821,-1.42859005696401,0.38127727196700867,-7.5582087883606555,22.260138042847036,19.45833638869986,user,ohp,heavy
1789040465146,11.037718566131591,-0.9581294307433068,0.6055837842745706,-9.389746212414376,17.49060328504879,32.119220704078835,user,ohp,heavy
1789040465163,11.14051901539266,-0.8336310905456542,1.0616786890776828,-23.20981779032936,24.654380601672255,41.01397798470051,user,ohp,heavy
1789040465179,11.02514900741577,-0.9237129280090332,1.0571901089541613,-39.42188137973805,39.0635867313521,42.975697106787386,user,ohp,heavy
1789040465196,11.733682476696371,-1.3245920684814452,0.5939117954529821,-30.226862153013442,41.158159862984895,40.64628499601663,user,ohp,heavy
1789040465213,13.46543729596436,-1.4751270594723522,-0.28027145103774964,1.1738308679513965,20.1530929857898,39.24543710290911,user,ohp,heavy
1789040465229,14.594453600853681,-1.8049283381588757,-0.3511986523065716,39.54071301091793,-3.037685652228151,40.36686878726058,user,ohp,heavy
1789040465246,16.12599505985677,-2.7046996879577634,-0.5850827384397387,73.10595989436933,-8.381794706028085,41.4486341480072,user,ohp,heavy
1789040465263,16.710778815349936,-4.01567473449707,0.9720458740234375,69.22659686090968,0.7803618659177977,39.819316427162754,user,ohp,heavy
1789040465278,16.736815758404134,-4.393509537860006,2.1362262851439415,44.97503691082269,9.461193406227295,33.96601506319107,user,ohp,heavy
1789040465296,16.15921460789144,-5.219209981536865,3.9492360768191515,5.281378035141598,11.25019411967747,18.014338775510783,user,ohp,heavy
1789040465313,15.064765758514403,-5.342960572107136,4.297592199176177,-21.81165586911295,8.150767826220635,6.8829152421974875,user,ohp,heavy
1789040465329,14.573505505371093,-4.96557409703359,4.069095651300251,-41.1524429946496,2.646788589943032,1.653772466115737,user,ohp,heavy
1789040465346,13.26672031173706,-3.9948753998354074,2.952350725897774,-52.69172316340056,-3.5155880120384193,0.9922919103318623,user,ohp,heavy
1789040465363,11.774084629711508,-3.056946314947307,1.8059766051027923,-54.81856552376708,-7.6349971901045235,2.249593026026104,user,ohp,heavy
1789040465379,10.947937172919511,-2.72130960810557,1.3605057509709149,-54.28242299467776,-10.280158700921211,2.4886756870727607,user,ohp,heavy
1789040465396,9.419538103595375,-2.1986250197812915,0.8798694754336028,-48.58468601924229,-14.338090200041677,0.9324654296180743,user,ohp,heavy
1789040465413,8.284985207366942,-1.8359039066590368,0.33429047986455257,-36.64215148189377,-20.747300660560693,-0.2431632988693429,user,ohp,heavy
1789040465430,7.909843150219321,-1.7340006984986365,0.07526844534352421,-20.784111965092475,-26.088715204733056,-1.890294766718991,user,ohp,heavy
1789040465446,7.174374327740073,-1.6931490481503306,0.006434563092142343,-1.947095687073875,-29.89239461954709,-2.6558740221996184,user,ohp,heavy
1789040465463,6.933757645416259,-1.5249565276548265,0.5967549099244177,4.319488897631049,-32.553928093804295,-0.33324500964620146,user,ohp,heavy
1789040465479,6.653185969322919,-1.3602052336543797,0.8830118285799399,2.7612979920387652,-30.079183217874014,1.4550024353241415,user,ohp,heavy
1789040465496,6.1436705130428075,-1.3920784816466272,1.0862196031541562,-2.8900581569509067,-21.284254274613954,1.676279326813104,user,ohp,heavy
1789040465513,6.332964419886469,-1.3420998142518101,0.6784577356969937,-4.549619315109935,-13.820174030752534,5.651789012228321,user,ohp,heavy
1789040465529,6.770504773280024,-1.3603558941714464,0.37978096899464725,-2.653163504316181,-9.67273802520093,10.4867830223715,user,ohp,heavy
1789040465546,6.761825207740068,-1.5331873265139757,0.27398642508466725,1.4834795216863343,-10.907280203528748,9.838136178594667,user,ohp,heavy
1789040465563,6.990172191077471,-1.7055696999147534,0.4939536660789046,4.392144181153414,-17.784009428772322,8.574619484034008,user,ohp,heavy
1789040465579,7.371297414287924,-1.786522766765952,0.5339068377841031,6.70946216133819,-24.602836579100757,8.07914902390482,user,ohp,heavy
1789040465596,8.176497360119223,-2.1520880172729493,0.3904050653316546,2.211645775657982,-24.175082321950367,9.603668590992822,user,ohp,heavy
1789040465613,8.791958577948808,-2.5950156166628,0.14499923990201205,-6.138650018908708,-19.122149355109954,11.15878313669425,user,ohp,heavy
1789040465629,9.30835619495809,-2.8502964918941256,-0.042346756877424195,-15.493584037783998,-14.066394666368678,14.224258267334244,user,ohp,heavy
1789040465646,10.059387912750244,-2.9933506256103515,-0.5195415775908157,-26.378369867054957,-3.5711991988172516,17.63960386179262,user,ohp,heavy
1789040465663,10.704625260162352,-3.2963670654848216,-0.9401725712322629,-32.164624386586496,2.3878806645001784,19.02635082935865,user,ohp,heavy
1789040465679,11.071686302185057,-3.4349314865663647,-1.1017810188960284,-36.6668118798921,7.790715257897059,20.018842202558616,user,ohp,heavy
1789040465695,11.31993508682251,-3.5872622749328613,-1.4203595503658055,-40.78622874192102,12.067799352952907,17.569088988801408,user,ohp,heavy
1789040465713,10.89840654155314,-3.4175735245302317,-1.6461628953686915,-42.06366877710475,15.231820452937846,9.506663683079363,user,ohp,heavy
1789040465730,10.803535131725669,-3.2912788024351,-2.1559781565792857,-26.770057310293094,10.826476504326559,2.512094698189442,user,ohp,heavy
1789040465746,10.48840009177327,-3.3340757416322826,-2.920925459135044,-1.954017016580625,0.7647252150301113,-6.358673890850091,user,ohp,heavy
1789040465763,10.075697827038168,-3.304596549169719,-1.9996068423840216,18.979553788260304,-2.247274390246296,-11.806836607786938,user,ohp,heavy
1789040465779,10.20184291152954,-3.2005989990785717,-1.1768996257063933,20.129515172774916,6.076470111139027,-9.170137701351896,user,ohp,heavy
1789040465796,9.600598435100913,-3.167378866522014,0.33848099035695195,16.47703394807016,10.076134120223761,-7.800142626498969,user,ohp,heavy
1789040465813,9.1744305395931,-3.0639798668459055,1.0965443055526354,15.573203552938837,7.30013777453454,-6.4626259549231,user,ohp,heavy
1789040465829,9.181763366699219,-3.031956835119426,1.0790371169046964,17.657370891371112,0.799513929793925,-3.964315218808978,user,ohp,heavy
1789040465846,9.422980353003739,-2.925415445764363,1.2755115189701318,16.76347842148216,-5.422933705690113,-1.0055169708340053,user,ohp,heavy
1789040465862,9.597306992340087,-2.908805379486084,1.2966100923066959,8.221000953908584,-7.1844779124504825,5.291777425039766,user,ohp,heavy
1789040465880,9.628431029400229,-2.91149827183187,1.1807904043335467,-2.34272436290652,-6.518810237261978,8.579867630637516,user,ohp,heavy
1789040465896,9.23877412468791,-2.8847134330198165,0.9953897877345327,-15.740520989489347,-6.073131856182184,8.966342785765287,user,ohp,heavy
1789040465913,8.732700333294272,-2.7495906768247482,0.25932252443809994,-29.86255010796872,-2.5106910943150043,6.819309105551744,user,ohp,heavy
1789040465929,8.671947466167808,-2.6922794745847582,-0.1867476564269513,-33.676565306544276,-0.0472380085165247,6.983879525395439,user,ohp,heavy
1789040465946,8.874257506451011,-2.3033716346740722,-1.1682204802915452,-30.2189459637654,0.5635551731580497,9.72898804811057,user,ohp,heavy
1789040465963,8.762179525756835,-2.277484036962688,-1.64227208020892,-22.123286665089367,1.194264659513959,10.724815968720089,user,ohp,heavy
1789040465979,8.6764365942806,-2.353350594329834,-1.6986859317503868,-18.438607928637172,2.7972183837706854,10.038773839237438,user,ohp,heavy
1789040465996,8.50330822481811,-2.4402903343752027,-1.4182651353698223,-17.39521286310039,2.5271377629495717,6.754549093823091,user,ohp,heavy
1789040466013,8.679131824713945,-2.5056819672182202,-1.3377600680144504,-14.391848911451556,2.489307479570987,3.165252028139421,user,ohp,heavy
1789040466029,8.578424548339843,-2.6909336129337547,-1.28748181488486,-13.243638616685406,5.108710426036853,0.25304503513361754,user,ohp,heavy
1789040466046,8.922292346301674,-2.8000185492917895,-1.0824781333371996,-10.822411687996755,9.122568848877341,1.865001509005376,user,ohp,heavy
1789040466062,9.319579599761962,-2.827701798248291,-1.2168526284482328,-3.6474623163252637,17.69696720553697,8.08208515147428,user,ohp,heavy
1789040466079,9.639504796600342,-2.903119150543213,-1.2514185313242487,7.457584733960735,17.75488891724597,13.083478364611423,user,ohp,heavy
1789040466096,9.638757777625322,-3.2926261253908273,-0.6094732751269358,14.40579615773672,11.455115162703486,12.560238916637902,user,ohp,heavy
1789040466113,9.43659562138021,-3.703680038397014,0.1331778646384133,12.534306395906656,9.119619914703188,4.822537879531189,user,ohp,heavy
1789040466129,9.741407420238852,-3.8967128395080564,0.2578257465417031,10.051395175049974,10.597110214261068,-0.2379875896236335,user,ohp,heavy
1789040466146,11.572074449157714,-4.087500784301757,-0.2240072859053369,13.68121297831498,10.977042901937612,-0.6579306183236133,user,ohp,heavy
1789040466163,13.528435896191,-4.7007156845092775,-0.3725972726022126,20.286756372752365,10.871908361364545,-2.0871845744981288,user,ohp,heavy
1789040466179,14.279317976379394,-5.0071737892702215,-0.32920307533135634,23.52133418063718,9.080915793997665,-7.468932239493065,user,ohp,heavy
1789040466196,15.930570102912187,-5.615600286157429,0.25962114205849357,24.352160098824825,1.901182301699403,-13.856749693757953,user,ohp,heavy
1789040466212,16.396988175743818,-5.821202061462402,0.5461773450546897,19.040620802082096,-0.9988865646972154,-29.386120507698234,user,ohp,heavy
1789040466229,15.869067878723143,-6.024559857232869,1.1628335539556574,5.212252678759661,-6.857862108321881,-54.5613405996244,user,ohp,heavy
1789040466246,16.697910565948487,-4.396202868597209,1.533785739931697,-0.47873532272389263,-25.787792437827928,-61.33321361450358,user,ohp,heavy
1789040466263,17.34105240238607,-3.3912367217466235,1.2973588106192793,5.034584090521997,-58.84112347317605,-54.93275945650052,user,ohp,heavy
1789040466279,17.298705545043944,-2.022501852416992,-0.49185820077015086,13.033526629890181,-67.62156387765921,-32.99130267240065,user,ohp,heavy
1789040466296,14.386908582526445,-2.3756470356814563,-0.9953887922206893,-7.224361948335126,-47.30865300302759,-20.165375373464776,user,ohp,heavy
1789040466313,12.906840705651044,-2.5576057773314416,0.03770871268007904,-41.04619940211005,-34.11704420611839,-10.170066296784361,user,ohp,heavy
1789040466329,11.247511071124672,-2.685246799468994,0.08679043123517186,-58.53117631883004,-23.988865751966433,-5.321190354039956,user,ohp,heavy
1789040466346,9.280973097991943,-2.652476310376078,-2.549674692071229,-31.637494292107007,-27.129236468176554,-10.425920914224807,user,ohp,heavy
1789040466363,8.421454701995849,-2.6283848023012277,-3.604919073785096,15.980397233140195,-35.486210266760814,-13.431877776437311,user,ohp,heavy
1789040466378,8.203133438110351,-2.879925614221394,-2.7560251668516544,34.66356862274613,-37.59885607893746,-3.2428980455109495,user,ohp,heavy
1789040466396,7.161506662860512,-3.828179255377501,1.86583142741099,-0.4752700155763161,-22.539711345953997,4.641379064627649,user,ohp,heavy
1789040466413,6.648848816901445,-4.339640731158853,2.9201781296327707,-41.14844733398514,-5.300214416212024,6.293165973407322,user,ohp,heavy
1789040466429,6.289716814312339,-4.16381610834971,1.135151227447763,-37.08112773985049,-2.7541773063856154,-0.965572423742184,user,ohp,heavy
1789040466446,6.262632408031821,-3.2824504760742186,-2.6821041175290943,4.663301837429274,-13.052901315244569,-6.418920001311012,user,ohp,heavy
1789040466463,6.415263348388671,-3.065625588226318,-2.6247931344848126,29.835082502221514,-21.08578946790089,-8.584145890378883,user,ohp,heavy
1789040466479,6.417808356696367,-2.905962849536538,0.6820487093936651,2.633913256470735,-16.021986254996403,-8.042820955256815,user,ohp,heavy
1789040466496,7.6176014945983885,-2.185457349041849,3.0297128555849193,-34.50504676229931,-10.79405103501557,-0.42738878866894,user,ohp,heavy
1789040466513,7.624484824371337,-1.6463130626954137,2.2316955147340893,-44.626123527261754,-11.371669887839793,-0.3175926973481916,user,ohp,heavy
1789040466529,8.002020498657226,-1.009455274963379,-1.4957771949216723,-21.64356832873352,-14.547181073555985,1.684896144059604,user,ohp,heavy
1789040466546,7.937676329040527,-0.8542810798645019,-2.3312034983210266,-4.783198124346032,-19.633414627694794,-0.6998422065355454,user,ohp,heavy
1789040466563,7.511358211407065,-1.2029366966247559,-2.0914844954892993,2.8180244206430136,-20.46416029115969,-3.577731847871546,user,ohp,heavy
1789040466579,6.853851165008544,-2.2780831718996164,-1.1475706371031702,-10.614544272117525,-0.032038466390346,-2.029776834524172,user,ohp,heavy
1789040466596,7.704540357860922,-2.5474305664062498,-0.5551549254268408,-22.325557594717417,11.786533870479076,3.8594137584413373,user,ohp,heavy
1789040466613,7.457189983367919,-2.711732509204,-0.5603926799498498,-23.086823158850358,13.00441550987394,2.0193674127856607,user,ohp,heavy
1789040466629,6.953210533905029,-2.8380267929077148,-1.236455373736471,-6.155384836148886,1.0317228058537575,-12.980375805316434,user,ohp,heavy
1789040466646,7.583034623607992,-2.6686371715821324,-1.6760906535826623,6.635581285746632,-5.9246691568354946,-23.426737768179798,user,ohp,heavy
1789040466663,8.37641495230794,-2.512415805517882,-1.6570863856442273,8.185343097572886,-3.2621502143470997,-22.9916513029554,user,ohp,heavy
1789040466679,9.701155489349365,-2.054374954278767,-1.0640725619442761,-3.671639478439816,6.2966271717692255,-16.196883493978333,user,ohp,heavy
1789040466696,10.256459467858075,-1.601271997833252,-0.8891464954100549,-9.555749691323305,10.171719202563503,-8.670348854119968,user,ohp,heavy
1789040466713,10.51413717509806,-1.4241010749816894,-1.3031938911437988,-2.958519063992649,7.059752254903703,-5.581655349170162,user,ohp,heavy
1789040466729,9.65955565098226,-1.7553988758362828,-1.6596299326471984,8.298860841578497,1.512237072691321,-9.792933132893875,user,ohp,heavy
1789040466746,9.176525466045737,-2.3027729381285607,-0.7329241064324975,5.791447597734865,-1.12732688465713,-11.928037460835167,user,ohp,heavy
1789040466762,9.393201885333657,-2.37938797577545,-0.43694151071757076,-1.7631583725603142,2.3295717664426028,-9.567665810104039,user,ohp,heavy
1789040466779,9.374497184863687,-2.3002293911255896,-0.7016505778990686,-7.740611551466785,6.519111619359105,-6.826581549470514,user,ohp,heavy
1789040466796,9.37823754043579,-2.0792143581114706,-1.1201866633541882,-6.188364831443115,5.772133103422538,-6.797300101611847,user,ohp,heavy
1789040466813,9.201963858684897,-1.8590974429808556,-1.219546178381145,-3.4427976188365355,2.6461068516865,-6.281372371144825,user,ohp,heavy
1789040466829,9.394548039245604,-1.6514005950927733,-1.3139672140926122,-0.7582658837876891,-1.4589475099000584,-5.425203889815496,user,ohp,heavy
1789040466846,9.189992850384115,-1.5803225871764122,-1.386392252703756,-0.34298915495129734,0.07364426022962785,-2.8943287327294573,user,ohp,heavy
1789040466862,9.017759968456625,-1.6994344120301306,-1.4784187944941223,-1.5268537842368541,0.520720975799637,-2.7941992267141282,user,ohp,heavy
1789040466879,8.845228395843506,-1.6053125053957105,-1.6840214465819299,-2.4712659617652215,3.6812435781865003,-2.436960482885186,user,ohp,heavy
1789040466896,8.965837473517656,-1.455076058959961,-2.218676604815572,1.241413028467734,5.308309044152136,-3.4908821505934253,user,ohp,heavy
1789040466913,9.05337313362956,-1.2354079105101525,-2.4564506110593674,6.643760010390899,5.650892123012935,-5.001184892367458,user,ohp,heavy
1789040466929,9.555257656639814,-0.8316855094358324,-2.975693096105754,13.423784856044492,6.53300678545185,-3.3321541038110296,user,ohp,heavy
1789040466945,9.72360229895711,-0.6922238472536206,-2.9195788485653695,21.417284161530997,3.1377240179067427,1.7168433934069867,user,ohp,heavy
1789040466963,9.944616455188394,-0.7552214245669543,-2.9207758763302114,23.131012775233046,4.922236870185396,5.0369635576741,user,ohp,heavy
1789040466979,10.463111336737871,-0.521487341363728,-2.3407805972225963,20.080795433425216,3.5468246015470033,8.700171167583536,user,ohp,heavy
1789040466996,11.941529108318687,0.17507628865987063,-1.8601448331419377,16.824461765486618,-1.5895929137448295,21.883034761034168,user,ohp,heavy
1789040467013,12.415283515387772,0.49544981378763914,-1.7485151807371526,19.448666548382413,-11.167187684467951,35.002725081077706,user,ohp,heavy
1789040467029,12.663980043792725,0.8065465381346643,-1.7570445241514592,25.80626809953281,-21.60059960866497,47.65516557509525,user,ohp,heavy
1789040467046,12.382959454888105,0.8532334705077111,-1.806574059539288,24.020016537223565,-16.1411559805402,73.7186688440545,user,ohp,heavy
1789040467063,11.611129863739013,0.4676175117492676,-1.411680861608684,10.324691534309695,-3.089954955512143,91.53191148247447,user,ohp,heavy
1789040467079,8.79674581222534,-1.6009727226257324,-0.5949585280269384,-6.082229241269817,8.053553743763844,98.7007550919148,user,ohp,heavy
1789040467096,5.785737364849448,-4.008192269787192,-0.36317002593353387,-15.483652942730801,6.63358302852758,83.46892097859862,user,ohp,heavy
1789040467113,4.224119916534423,-4.958990480859577,-0.5579984782896935,-14.200065737294059,3.0556313339421246,54.64945003991756,user,ohp,heavy
1789040467129,3.667319561988115,-5.357475711932778,-1.656039360809326,-8.077815429469375,1.1578584705773216,26.77102378206065,user,ohp,heavy
1789040467146,5.277119734191894,-3.6605847007751464,-3.0162451789855957,7.549668490577201,9.969557555962174,0.6640480132207118,user,ohp,heavy
1789040467163,6.625952509960531,-2.6574139129087326,-3.8911761020384725,35.68524197917498,10.349008715302233,-4.034375884220384,user,ohp,heavy
1789040467179,7.780556845092773,-1.886630908203125,-3.6836287456236776,58.44730842601145,9.224527351486353,-9.661358930043688,user,ohp,heavy
1789040467196,7.2147764807552095,-2.07816674875468,-1.3012482369687408,63.47247667387576,13.18945131090511,-22.33155791590327,user,ohp,heavy
1789040467213,7.419031809887289,-2.0886410887569187,-0.0966652344416827,54.30857578900974,9.44180420672092,-25.714273989149202,user,ohp,heavy
1789040467229,8.628402338951826,-1.6735466681882738,1.8997993826601653,31.911026292893094,3.463332582576179,-24.501169213305115,user,ohp,heavy
1789040467246,9.663895141491293,-0.8158239234372973,2.4325091789796947,-2.242771161149142,-0.22370783852389214,-14.50347298550978,user,ohp,heavy
1789040467263,10.37452470626831,-0.6618471214294434,1.6153382248476147,-13.949315832484551,-3.618839554834679,-1.0586826297248557,user,ohp,heavy
1789040467279,9.36447204993367,-1.1519105660036206,0.4540007820680737,-26.27539622758055,-1.782581723012538,1.540056966789312,user,ohp,heavy
1789040467296,8.523658354407548,-1.4978727058961987,0.16639745377227663,-36.77555190657329,1.1923779264774488,-1.0515176545638065,user,ohp,heavy
1789040467312,8.383596388244628,-1.8468273056030273,-1.1483190443176776,-33.99570931060771,0.9010629945787061,-10.86836776205354,user,ohp,heavy
1789040467329,8.212410969543457,-1.6256632195070384,-1.889623587213084,-24.78031562958895,0.28735849146116,-20.11640120956849,user,ohp,heavy
1789040467346,8.898799827033281,-1.2280761063173413,-2.5492259253904224,-5.387299328129687,2.353128448559742,-19.97076108589631,user,ohp,heavy
1789040467362,10.544960767906904,-0.9413698729917407,-3.3331774045530707,22.416979676758036,6.930081113511011,-6.090237638071658,user,ohp,heavy
1789040467379,10.87865379333496,-1.8100167473390698,-1.6144397416379301,23.32863234603632,8.649274305435894,5.133303802803953,user,ohp,heavy
1789040467396,10.765676817974448,-2.6237454520627854,-0.12404906206019221,5.338516836416987,8.509869290702287,13.217449110086637,user,ohp,heavy
1789040467412,9.917680517467856,-3.832069102422893,0.969651964624226,-20.509196850999462,18.819677842810524,16.158516613863082,user,ohp,heavy
1789040467429,8.861237865880131,-4.626195865575969,0.009278189020231366,-22.90618514587103,19.7585044197017,11.830330750984489,user,ohp,heavy
1789040467446,8.82278275527954,-4.683656705419719,-0.5814912898190319,-14.472371719124128,17.62312432287267,6.4924021646097705,user,ohp,heavy
1789040467463,8.785821682628988,-4.6532805641174315,-1.1644792479366064,-2.689333197952807,15.704442222746048,-4.313792946750082,user,ohp,heavy
1789040467479,8.73943460998535,-4.16576095880717,-1.395818983349204,10.254575373611283,12.757543444965707,-11.672801829288254,user,ohp,heavy
1789040467496,8.726414969414472,-4.0019077826902265,-1.457469895293936,22.552304507236208,12.31627053590057,-20.312326893457602,user,ohp,heavy
1789040467513,8.550592538562416,-3.6189857391908764,-0.7504323636595159,31.92440321838256,14.367207296473442,-29.427105057812895,user,ohp,heavy
1789040467529,9.414449840545654,-3.091961514227092,0.22774883478116242,34.334315938711086,10.75236895183192,-30.822953252447967,user,ohp,heavy
1789040467546,9.498546173858642,-2.6071359703063965,0.9771335890838876,28.660395832911455,7.274364055701496,-31.819897908986782,user,ohp,heavy
1789040467563,10.111910711669921,-1.5074495125368237,1.8992009418429805,11.297376212690272,6.916036110143349,-24.935528263382906,user,ohp,heavy
1789040467579,10.924743928858637,-0.40881037186309693,1.9348146184725685,-0.18011685086935675,7.0062308925674825,-13.831203078714813,user,ohp,heavy
1789040467596,10.842291855621337,-0.2650081962585449,1.588104071365483,-6.876912786577516,9.153729879418233,-5.309715636234335,user,ohp,heavy
1789040467612,9.697264911651612,-0.7037457966126501,1.3676880271578207,-14.779875373294564,10.995178761731289,-3.6687520159681934,user,ohp,heavy
1789040467629,7.972690943798423,-1.3771150135315955,1.2303209261020644,-19.107952806920082,11.579899303745034,-13.952185365709603,user,ohp,heavy
1789040467646,7.679699931114912,-1.2976574459351597,1.0229230246279388,-16.83976651186932,13.180156277218368,-21.083962392297913,user,ohp,heavy
1789040467662,7.601292164832353,-1.3376106861390173,0.20979246846046298,-6.645827423275297,13.93894589777718,-29.42604296339696,user,ohp,heavy
1789040467679,7.314586516028642,-1.1453268036991358,0.49350514599326994,-3.13127076980155,12.034526940184836,-35.280734270864734,user,ohp,heavy
1789040467696,7.244854223632812,-1.2226888603210448,0.49889211799493055,0.47419906325879924,6.6913446576779085,-40.74633360697898,user,ohp,heavy
1789040467712,7.107187043651938,-1.2550102904722094,0.43963551730820905,2.083619215751382,4.752103688149548,-49.00958184222503,user,ohp,heavy
1789040467729,7.116464575085043,-0.7959225605286657,0.2985273300279863,3.482111333925483,3.7054412308685634,-57.281381474311935,user,ohp,heavy
1789040467746,7.704391304779052,-0.16579875722676515,0.07451952667236328,9.841243914667022,-2.0483218653378144,-57.52323847282209,user,ohp,heavy
1789040467763,9.87009692851603,0.8674491889953613,-0.5108621399150229,18.681626059306225,-4.016146963099266,-37.34758366465644,user,ohp,heavy
1789040467779,10.578929673004149,0.6307222075864672,-0.7092816390330903,16.001388112006936,4.8814055724402365,-18.040546211356123,user,ohp,heavy
1789040467796,10.171465893444418,-0.03606295476704836,-0.09322388008246198,4.350079180489421,11.282687037106513,-8.583929031872735,user,ohp,heavy
1789040467813,8.201038511657714,-1.1353004997253417,0.6456862602233886,-8.392599211521398,11.20721173923058,-11.90474736953907,user,ohp,heavy
1789040467829,7.577946360558271,-2.0014029502868653,0.7110780939958058,-13.17950399415263,7.046642987452333,-20.20904931056513,user,ohp,heavy
1789040467846,7.529165670776367,-2.0280382245603947,0.141706792494189,-5.665585140578101,2.9651524583372004,-26.750316356044465,user,ohp,heavy
1789040467862,7.970448133307695,-1.8652330961916594,-0.9385267950529232,14.558821423448979,-1.7350868286800907,-30.82972196991545,user,ohp,heavy
1789040467879,8.400804712677001,-1.5065513946533202,-0.7721299075362272,21.756788959510235,-2.842127091006931,-27.87984864475157,user,ohp,heavy
1789040467896,8.892513294109701,-1.6362870509825647,-0.15966304921703411,11.54679849947986,-0.9119903367553744,-21.016895057290267,user,ohp,heavy
1789040467912,9.036167147284745,-1.709759625885263,0.8664019084321335,-11.48610202342054,9.259890655914095,-10.995580035345027,user,ohp,heavy
1789040467929,8.532933547753094,-2.1059994891844687,1.412429643282527,-47.54885709575859,20.718289432061063,-5.770511360381484,user,ohp,heavy
1789040467946,8.30578483428955,-2.0494369133546946,1.4347258745715952,-66.5786349725333,23.031517409593473,-8.244543762203971,user,ohp,heavy
1789040467962,8.83041427307129,-1.726967584991455,0.2874539646866731,-71.3938705260681,23.937140729381923,-8.229178397892381,user,ohp,heavy
1789040467979,9.731382285308838,-1.2012906829833985,-1.593940054359834,-49.35308571596331,23.960361665012677,-2.0788077743679314,user,ohp,heavy
1789040467996,9.669880645641683,-1.0959457368712873,-2.314594464089209,-20.75605867062394,24.178593039183752,2.09964390676129,user,ohp,heavy
1789040468013,9.317782779473065,-1.2834415813170372,-2.0775680156765506,3.068206352534353,22.517098297159375,3.8467736396085828,user,ohp,heavy
1789040468028,8.779536903271078,-2.1502925121583045,-0.7610565969938412,14.561338348158129,13.954382979075055,-3.2343511309817363,user,ohp,heavy
1789040468046,8.480412502399087,-2.4741080674987286,0.19647413720395415,4.811890895275608,11.244718869284059,-13.622588610895114,user,ohp,heavy
1789040468063,8.423699850574135,-2.1131824594911186,0.6316211109212599,-6.371794684245685,18.292187455852318,-13.232848625344078,user,ohp,heavy
1789040468079,9.242215789574384,-1.4408604866027832,-0.21113862237241118,-3.5288816945973798,22.999637501642436,-2.8525200776027515,user,ohp,heavy
1789040468096,9.351751100048423,-1.3658919740539044,-0.4317044503143057,9.68192633718189,20.794724371515382,-0.13004506756932382,user,ohp,heavy
1789040468113,10.199299072265624,-1.1914147472657262,-0.6253356557099148,28.189939233070145,12.32630152247038,6.733579559297506,user,ohp,heavy
1789040468129,10.92279805548787,-1.1248260866578668,0.13272943131774664,39.715839061237055,10.91066456226249,16.791328517822883,user,ohp,heavy
1789040468146,10.366445444709061,-1.2858360752381384,0.7332252448035403,36.417366541214065,15.488430660055224,14.549445281265845,user,ohp,heavy
1789040468162,9.672875151282549,-1.4847045967653394,1.8770542842255904,25.448755507806833,17.627529794887327,10.261557534490327,user,ohp,heavy
1789040468179,9.870845701056718,-1.2321162485536188,3.008613588128611,2.6300196217570044,13.684503421947634,10.04622130675369,user,ohp,heavy
1789040468196,10.287585258483887,-1.3019971556399017,3.0433296583313494,-13.91625771690169,7.295517151561026,13.399927859047283,user,ohp,heavy
1789040468213,10.35522028633952,-1.2214913941647856,2.336441764300689,-24.810093546822916,3.870345903094766,14.518325231859974,user,ohp,heavy
1789040468229,10.456824219292402,-1.3224971420288085,0.5858313648499548,-22.939349129386027,3.6904459774326233,16.177388426539824,user,ohp,heavy
1789040468246,10.644619412010908,-1.2789525993347166,0.0031429742008447646,-16.85588917340514,6.4171667771284335,19.546358744081104,user,ohp,heavy
1789040468262,10.869974812316894,-1.4065933292113244,-0.24121494047790765,-14.06978585529159,7.363776354578841,21.38855297078734,user,ohp,heavy
1789040468279,11.179725821143387,-1.7693152460511772,-0.020948460808768866,-16.792909706615742,8.144522471998304,22.137795694433766,user,ohp,heavy
1789040468295,11.036971547156572,-1.688361229351908,0.08574249308481811,-19.056944954198425,9.091104728692033,20.121873898640963,user,ohp,heavy
1789040468313,10.807427462989091,-1.4133271675109862,0.162057817132771,-19.48074453181938,8.867194052226088,20.743462094247146,user,ohp,heavy
1789040468329,10.694599540710449,-1.2774560771666466,0.43050709375590085,-19.453796020449094,4.00254378759354,22.283714148314626,user,ohp,heavy
1789040468346,10.73874380286336,-1.1124062386110425,0.6742674809329211,-23.71948309110113,2.6904682900154984,24.6622745928055,user,ohp,heavy
1789040468363,11.101314547729492,-1.1529575908385217,0.2283469102721661,-24.518830374951477,9.820091672581139,29.761350610131224,user,ohp,heavy
1789040468379,10.845136139136553,-1.2401968983523546,0.18180998082906008,-23.985445534739547,12.905931012231527,34.05713320181363,user,ohp,heavy
1789040468396,10.910077690124512,-1.2313676952086388,0.7793134440984576,-29.75572594934972,7.212496202199521,31.720102015023727,user,ohp,heavy
1789040468412,11.423482555058598,-1.5551833236142991,0.8945344720587134,-28.53207877652172,4.786755372243139,29.78237051730194,user,ohp,heavy
1789040468429,12.133066994696854,-1.7788922718875109,0.4939538030762225,-18.0509827404079,2.6302667892275946,30.852729462134636,user,ohp,heavy
1789040468446,13.00440559234619,-2.2099977699279783,0.003741378485411405,0.28077165446075536,0.367978122401303,29.797096405152487,user,ohp,heavy
1789040468463,12.402414681464434,-2.7958297192998227,0.6175552674993873,6.376993738864535,-2.429903830255505,19.507300307312388,user,ohp,heavy
1789040468479,12.655001203045249,-3.0777463802613316,1.0058647031255066,10.930695799550845,-6.924303200360003,10.771897316442633,user,ohp,heavy
1789040468496,13.664455893486737,-3.4123357700072225,0.8686468012820929,16.021583273835372,-6.966534686885015,4.329428103533887,user,ohp,heavy
1789040468512,13.944429603686928,-3.616441753796488,0.5105643808111548,19.752386277752663,-2.965409657648134,1.72138205411046,user,ohp,heavy
1789040468529,13.881878747227788,-3.6408322448179122,0.6233897458065301,19.454275841238285,-4.2935418627478175,-1.733897628712568,user,ohp,heavy
1789040468546,13.185316286247968,-3.6159925487242637,1.2584523937501013,8.964798309239217,-6.629399110774124,-8.457131692573325,user,ohp,heavy
1789040468562,12.395231491962074,-3.3446997192382812,1.3521262643560767,-1.7578735136900168,-6.431339846543033,-10.891305244833735,user,ohp,heavy
1789040468579,12.053311320936679,-3.074903850311786,1.2452847230106592,-11.40608208842561,-6.000782650512001,-11.092842782899655,user,ohp,heavy
1789040468596,11.278484886059164,-2.5757120735168457,0.9906018867377191,-20.939000164900854,-7.481401603596569,-9.63594891878395,user,ohp,heavy
1789040468613,10.31063003398478,-2.187851989093423,0.7622543919436633,-25.522728164065366,-8.159206524940187,-7.342472994557571,user,ohp,heavy
1789040468629,9.64758464268148,-1.801187544195354,0.3881606748051941,-24.244620477890265,-8.34778292528236,-3.7798890121612327,user,ohp,heavy
1789040468646,9.257029912346601,-1.65843341633901,0.1997660548888147,-19.654528449966598,-7.7484107737252925,-0.9646351937220113,user,ohp,heavy
1789040468662,8.315211418804525,-1.4645033741272986,-0.015113397979736327,-14.12080651461794,-5.642407747403309,1.001520776561019,user,ohp,heavy
1789040468679,7.415291454315185,-1.4344262157715857,0.12210490572247654,-5.438477508693769,-4.806876682651173,1.02547990623066,user,ohp,heavy
1789040468696,7.368304662212729,-1.394323191833496,0.197222325222753,0.35874674821206054,-5.739635063351618,3.9018245374320624,user,ohp,heavy
1789040468712,7.187094108581543,-1.282244772747904,0.526575385217741,3.7520171445925263,-5.7158181937157835,7.309767487490611,user,ohp,heavy
1789040468729,6.922533656090498,-1.3627493651792406,0.7603088473664597,6.746595338534611,-6.845881102744032,9.776599589267436,user,ohp,heavy
1789040468746,6.844872908782959,-1.368884506933391,0.9638163538059219,6.549110237080624,-8.513864097593098,10.974396203634232,user,ohp,heavy
1789040468762,6.863429140692949,-1.3123220772340893,1.1040264597352594,5.161613229366363,-9.551584129703244,12.252502182262038,user,ohp,heavy
1789040468779,7.342866854095458,-1.327285545349121,0.8123831353336572,4.552641246930843,-8.873727128167205,15.475885310097203,user,ohp,heavy
1789040468796,7.605031935882568,-1.343595898028463,0.720805031430535,5.26500905990884,-10.70099312266873,18.851533845099464,user,ohp,heavy
1789040468812,8.047809605407714,-1.3979147865846753,0.7360674459595232,4.917048060850302,-13.472719746353048,21.99604024085203,user,ohp,heavy
1789040468829,8.220641037750244,-1.5804726631715893,0.7121260869450867,1.4285873190393519,-12.207039589372787,24.186379454837567,user,ohp,heavy
1789040468846,8.251616021728514,-1.7082628845214842,0.6877346460755914,-2.916192595149491,-11.320019997336157,24.464680635211614,user,ohp,heavy
1789040468863,8.679880012732744,-1.8326120255067944,0.6503259027227759,-8.023034751004934,-11.42342906137015,24.965046633428408,user,ohp,heavy
1789040468879,9.393799851226806,-2.072181536865234,0.12554587648920715,-6.834340217480826,-10.552857418628555,28.95635475983728,user,ohp,heavy
1789040468896,9.873387786754964,-2.2105960280820725,-0.2433108167786151,-0.901270568296451,-10.022582875809922,34.266782443292584,user,ohp,heavy
1789040468913,10.088118917194008,-2.7436054649353028,-0.3875608640148304,3.5184904155488517,-8.515088409001823,35.2012274538312,user,ohp,heavy
1789040468929,9.891794965583085,-3.2797575837284323,-0.38292180603733283,6.715834300946989,-3.9220649492637487,28.5672730337675,user,ohp,heavy
1789040468946,10.034998152381181,-3.493290444293618,-0.30286583415633067,8.100198813153153,-5.928897043931732,21.551734727795406,user,ohp,heavy
1789040468962,10.903791741722822,-3.7473745109558103,-0.1279398772199638,10.631342268607526,-8.496981577512118,15.217002357533502,user,ohp,heavy
1789040468979,12.144138423809409,-4.184764934484661,-0.6247373062242754,17.563192828000393,-9.436426286523183,8.461029169268464,user,ohp,heavy
1789040468996,13.010241458892821,-4.404283591461182,-0.8536823650526814,26.867729015424274,-8.800380287991377,5.457514526571064,user,ohp,heavy
1789040469012,14.374039748603105,-5.162497914233803,-0.5865786030206829,30.856240179368022,-6.636788094795609,1.6285290474387217,user,ohp,heavy
1789040469029,14.949842909783124,-5.850830307006835,0.46941389364674685,22.955000507869112,-6.403663066252495,-4.793580865658097,user,ohp,heavy
1789040469046,14.947448123601077,-5.924152440588176,0.9443633739856071,8.685088402348855,-5.166709404260839,-13.136262920290926,user,ohp,heavy
1789040469062,14.885350271606445,-5.467907678985595,1.344494198575057,-8.076083976514777,-10.622894178377866,-26.364608743424675,user,ohp,heavy
1789040469079,14.788085244640707,-4.765208907207846,0.41539409763496365,-7.5114971246269375,-17.51909712671879,-31.63418165035955,user,ohp,heavy
1789040469096,14.433145433044432,-4.572925170898437,-0.07436944154403172,-0.35180049918701045,-23.902583387276245,-35.46901868061989,user,ohp,heavy
1789040469112,13.564200452533363,-4.266616996002197,0.225504288991075,2.7195527296052937,-28.9410892870423,-38.70157987515226,user,ohp,heavy
1789040469129,12.875717253112793,-3.9453450607299803,1.06601887370646,-7.0040793829789285,-31.434221032218257,-36.3221502890895,user,ohp,heavy
1789040469146,12.360665205493568,-3.88130075084269,1.0450692073212935,-16.773640035419845,-28.258350407796993,-33.37136171857684,user,ohp,heavy
1789040469162,10.953172150963544,-3.7274724173948166,0.9038115103014744,-23.61512804586709,-30.587229763812488,-34.028193690300284,user,ohp,heavy
1789040469179,10.327090754920244,-3.347094505420327,0.3037643721649423,-29.816142387653066,-35.355347257357955,-34.158756171379665,user,ohp,heavy
1789040469196,10.1696702421993,-3.112012953130901,-0.34386692117899653,-30.779130758733164,-32.15092302711145,-31.00899736015536,user,ohp,heavy
1789040469212,9.425374554663897,-2.4232317936770618,-1.285386431774497,-29.992866702237976,-28.630363491130908,-29.019267632282265,user,ohp,heavy
1789040469229,9.043796911510825,-1.8329107161924243,-2.328211330767721,-20.33582103665515,-25.147528797483638,-28.030555061240605,user,ohp,heavy
1789040469246,9.357437328991294,-1.4878468403138219,-2.3332988631650804,-10.96040968376134,-28.79140569138147,-19.58598920919281,user,ohp,heavy
1789040469263,8.5232076880306,-1.3928265235349535,-1.8038808749325572,-9.46954245871399,-23.925044464361832,-14.649814911119181,user,ohp,heavy
1789040469279,8.448090195465088,-1.4775219917848705,-1.7016787568908183,-9.919973797682466,-13.160482771087793,-7.26160355478462,user,ohp,heavy
1789040469296,8.436717153057456,-1.6597800086423753,-1.8230343420833348,-4.306821458041615,-8.148779387398514,0.7491806116136615,user,ohp,heavy
1789040469313,7.310545131683349,-1.8593973027102648,-1.6388308171812445,4.199062417279969,-8.728346551683485,2.670308986680206,user,ohp,heavy
1789040469329,6.312463483649492,-2.0910361671999094,-1.1162961587216704,13.503150800426393,-12.477700349386529,-1.7496905201775184,user,ohp,heavy
1789040469346,6.382043800354004,-2.1291933177672324,-0.7580638083860277,15.80081789948222,-14.67220256367119,-6.20566868881852,user,ohp,heavy
1789040469362,7.095515895080566,-2.1276975262515245,-0.9178765500057489,19.47279248407819,-18.175941051273284,-6.7573413605331565,user,ohp,heavy
1789040469379,7.13801297454834,-2.0721812446042893,-0.9742902188841253,22.85789058579716,-16.74832393926119,-5.791435644903817,user,ohp,heavy
1789040469396,7.330446348461508,-2.1478984566286203,-0.7733270631652325,18.591822732098898,-15.464296186622985,-3.0735661300421087,user,ohp,heavy
1789040469412,7.598896794128417,-2.132785058648884,-0.1062421141475439,4.12592432476065,-8.151220326253148,-0.12791631638452772,user,ohp,heavy
1789040469429,7.905953157043457,-1.9729720978334544,-0.33638489486053585,-12.628334195115636,-0.11066785424453071,3.7377727850784646,user,ohp,heavy
1789040469446,7.9577283524662255,-1.894262425994873,-0.6117181588437408,-16.1513602831602,0.7524760711664868,5.305933845868264,user,ohp,heavy
1789040469462,7.80150610961914,-1.9557634811401365,-1.2701239076476543,-12.093485133100387,-1.0373979460020977,3.0364239882224027,user,ohp,heavy
1789040469479,7.766791939112544,-2.191592636926472,-1.436969543578848,-3.6843965642621077,-4.861601012054962,-5.151701344220205,user,ohp,heavy
1789040469496,8.265533487921953,-2.259228833825886,-1.4046477481015025,-0.07166277165859691,-8.417381699151145,-10.208613323138975,user,ohp,heavy
1789040469512,9.037662354278565,-1.717091357012838,-1.8272247795104979,5.129186479394905,-7.7847123753902645,-10.046507320925183,user,ohp,heavy
1789040469529,9.236530729675293,-1.568651000213623,-1.782332767730206,13.064563863252365,-3.6631636405666534,-5.3131332921402805,user,ohp,heavy
1789040469546,9.080009796142578,-1.7395372898377477,-1.234210663549602,8.273060655762421,-0.309358050530095,-5.004707135545068,user,ohp,heavy
1789040469562,9.033172641643882,-1.6632222580507396,-0.7773670592710376,-1.4573411347846361,4.126615881414113,-6.136722198015472,user,ohp,heavy
1789040469579,9.473406471905111,-1.6313490100584924,-1.1613368582576513,-2.5673125087607636,3.327907220251163,-6.305722422422744,user,ohp,heavy
1789040469596,10.209922757610679,-1.1293147033140063,-2.121710999187827,11.320489572841595,0.9717822396364891,-0.7486087967140844,user,ohp,heavy
1789040469613,9.809791220635175,-1.3326722068235277,-1.9295766082212327,20.543315353450968,-0.2545180347972395,1.5299647219603834,user,ohp,heavy
1789040469629,9.688735568237304,-1.6708533374510703,-1.4115310048092156,19.960596056864038,-1.7768416960670828,2.0553554660790465,user,ohp,heavy
1789040469646,9.450811193737387,-1.9393034908570348,-1.0169370090208947,12.942299208240906,-0.05658792384046391,4.00746579266418,user,ohp,heavy
1789040469662,9.058311174553632,-2.056469588470459,-1.1314093375056982,7.2089410887365295,5.43898977288152,3.798028713936317,user,ohp,heavy
1789040469679,9.047239160919188,-1.955912972613424,-1.148767664868012,5.542859874684489,7.634588232527969,4.305606965029821,user,ohp,heavy
1789040469696,9.113677672466634,-1.9255368313111363,-1.3940235512997954,10.675775210479397,4.763165179510384,3.8521186895209407,user,ohp,heavy
1789040469712,8.87410786884725,-2.047192203167826,-1.145625348254293,12.05187562067667,2.158248637387292,1.7788401667295461,user,ohp,heavy
1789040469729,8.716988969421386,-1.9844937549315391,-1.0106517912715673,9.217464082110913,2.5900113618068317,-1.523268575252832,user,ohp,heavy
1789040469746,9.125650434333085,-1.7073653511598705,-1.048660181017965,7.213265452254793,3.103767945891436,-0.47598910642987147,user,ohp,heavy
1789040469762,9.50049029366374,-1.498620747784525,-1.2439371077939867,8.584390923415357,2.8618885358230703,0.9573848411963369,user,ohp,heavy
1789040469779,9.587880407825113,-1.3645454548157752,-1.056291260418296,7.863110994230963,1.8695886213632744,1.435703415659153,user,ohp,heavy
1789040469796,10.003873530799149,-1.3347675716675818,-1.1107595673825592,8.442782318900775,1.6881201000695558,4.230584594073225,user,ohp,heavy
1789040469812,10.071807833862303,-1.3548190105713902,-1.1933594515927135,10.343779351718942,1.512335790269169,7.594033130557372,user,ohp,heavy
1789040469829,9.9791827416569,-1.6041155506961047,-1.0709559647824614,11.393339516755304,-0.44124694901020495,9.501396753455637,user,ohp,heavy
1789040469846,9.655815295410155,-1.8812438083373009,-0.9165298846371471,7.975296851348422,-1.4890232874148577,9.085292237708352,user,ohp,heavy
1789040469862,9.961374697765708,-2.007089179229736,-1.455673951787874,6.589208570150476,2.087464825697511,11.481477131578796,user,ohp,heavy
1789040469879,10.000130837139487,-1.9572597110472618,-1.6455642901547252,8.466451485695808,3.8207719632119903,14.404633318030527,user,ohp,heavy
1789040469896,9.837325708770752,-2.086995951898396,-1.6771378245480357,12.23347839787626,4.66544822437595,16.091724193969526,user,ohp,heavy
1789040469912,9.597755905151367,-2.4036289753235875,-1.5224125422604382,14.178612966884696,6.716150624082926,15.282256277316511,user,ohp,heavy
1789040469929,9.510966094970703,-2.490568276977539,-1.420060932745412,17.860864424860598,5.506296164510118,13.641386145264635,user,ohp,heavy
1789040469946,9.46757118988037,-2.480392919921875,-1.2937659914545714,23.309530014475087,4.202377193461541,12.069133801161998,user,ohp,heavy
1789040469962,9.45470235595703,-2.5505728099547325,-0.9600742812007665,26.905452150210255,1.5426607629669677,10.4644841622787,user,ohp,heavy
1789040469979,9.539546877288817,-2.590226921081543,-0.6527189353391528,24.749497816053854,-0.19983596718894056,9.91138141970659,user,ohp,heavy
1789040469996,9.804704126629233,-2.557306502123922,-0.2885012269835919,15.035346646367843,3.029653349764216,12.869339127526828,user,ohp,heavy
1789040470012,10.020931048583984,-2.501192839105427,-0.4867708327695727,9.322273334924759,6.616568600418256,17.66060157084853,user,ohp,heavy
1789040470029,9.955538831219076,-2.7096375827513635,-0.5271732049804181,5.144981718737382,9.111059980125871,18.75275052668086,user,ohp,heavy
1789040470046,10.04262850112915,-2.8137855010986326,-0.4192842734739184,1.3517975299133083,6.7927272899625235,18.68221004048026,user,ohp,heavy
1789040470062,10.179847352820634,-2.327613657135516,-0.42392303919047114,-1.9291504322467243,5.641153553916966,20.5236290407157,user,ohp,heavy
1789040470079,10.41926459622681,-2.131437443432212,-0.3896559548642486,-8.998069868233642,8.839911715360119,28.59987181912868,user,ohp,heavy
1789040470096,10.241646514129638,-2.1000141311645506,-0.15517361057698725,-31.942971087641244,25.71585347039477,42.29559809565629,user,ohp,heavy
1789040470112,9.785850957599282,-2.2852660691410303,0.29388861911036074,-61.917932448970035,43.86229664219006,54.3857979077659,user,ohp,heavy
1789040470129,9.519345800781249,-2.2487542015627024,0.2828153633669019,-98.49645730365054,66.80786978145726,67.77309162439595,user,ohp,heavy
1789040470146,8.512284727478027,-2.286911498260498,-0.6645399407099932,-132.2882103354525,92.02763978224483,71.98496192703017,user,ohp,heavy
1789040470162,6.928520329284668,-1.9610007972717285,-2.896385348776169,-118.06073504901919,85.33229903701564,60.91308184846692,user,ohp,heavy
1789040470179,6.47975715560913,-1.990030492401123,-4.107701458950527,-65.60379622324322,53.92671698798725,46.696449487341,user,ohp,heavy
1789040470196,6.3657327170223,-2.124704335784912,-4.634275930852815,-0.750149644702157,17.192330631541626,33.644053606095014,user,ohp,heavy
1789040470212,6.001665011596679,-2.356343346405029,-2.918680986410193,57.96660654241513,-3.828847808131884,9.852578613594659,user,ohp,heavy
1789040470229,6.1932005598872895,-2.291998884527385,-1.8233338638860266,73.12471559383019,0.16257689840033754,-5.733358546391199,user,ohp,heavy
1789040470246,7.18903822838664,-1.5978303329467773,0.41449676976932676,71.5369766495582,8.27821061839661,-15.265728927072374,user,ohp,heavy
1789040470262,8.709358620673418,-1.0339961342409252,2.3026234466552733,52.673056256398915,11.772811166662873,-17.086520756014373,user,ohp,heavy
1789040470279,9.482534950256348,-0.9808742003843187,2.7509376527206038,33.68558457134328,10.837750585325312,-9.887031795315496,user,ohp,heavy
1789040470296,9.951049703106284,-1.3591580626890063,2.8426660518146116,16.00310931967778,9.616242969254817,0.7841395474981965,user,ohp,heavy
1789040470311,8.947879207500815,-2.210147407531738,2.402731588092446,0.04226689812101157,12.078516773534304,4.3705206560148,user,ohp,heavy
1789040470328,8.59937381286621,-2.59516525426656,2.337189641792234,-8.98356596153112,12.490946647508123,-1.7640615583563426,user,ohp,heavy
1789040470345,8.945634643444418,-2.7436054649353028,2.302773796645086,-16.17739184163441,9.408148449585683,-6.889430388892033,user,ohp,heavy
1789040470361,9.338734382086992,-2.5948662713199853,2.315941777911782,-23.58237387370229,2.5588919527311957,-8.069632009070054,user,ohp,heavy
1789040470378,10.172364303588866,-2.4272709860652686,1.661426131881587,-29.7426563823729,-2.2939452862884044,-2.753360031562741,user,ohp,heavy
1789040470395,10.956915429145097,-2.6847984711796045,0.7395096405689604,-31.725641298440607,-1.5814972185876603,6.821026471241179,user,ohp,heavy
1789040470411,10.895413204956053,-2.8597245377138254,0.3203739635191858,-33.34438588644987,4.539596439389765,16.35320774105971,user,ohp,heavy
1789040470428,9.917830739593505,-3.0027777946472165,-0.3646663837048225,-30.648708296531773,14.751571069374032,22.42278192245796,user,ohp,heavy
1789040470445,9.682000707024335,-3.453934877721965,-0.6352110799709335,-23.80283701218467,17.077694444059425,23.575091184499765,user,ohp,heavy
1789040470462,9.545383912879227,-3.5951933601930737,-0.6350619172912091,-15.704092175551084,14.208506997334549,23.908891066974753,user,ohp,heavy
1789040470478,8.731354763904214,-4.054580511474609,-0.30630815662993116,-10.078131096782343,10.181481250434745,18.08533517683848,user,ohp,heavy
1789040470495,8.064867123192549,-4.326322107641398,0.10504634675802663,-12.762738657603148,11.011941753501793,10.188485609428593,user,ohp,heavy
1789040470511,8.206873209160566,-4.403834386388957,0.29314099734714255,-19.399914365634153,14.650444996070116,5.198648222593465,user,ohp,heavy
1789040470528,8.466196930041908,-4.194641893115639,0.07960815504826604,-20.863970536868266,18.37228679179635,3.6759591462030263,user,ohp,heavy
1789040470545,8.845228980365395,-4.0122327773496504,-0.24720141274267807,-14.032330805430533,15.571374769788568,6.70070799325635,user,ohp,heavy
1789040470561,8.706813027843832,-4.094534043939412,-0.28625662639457733,-5.30689476810712,11.541900400071313,7.063534472156597,user,ohp,heavy
1789040470578,7.9665569710880515,-4.12700540395528,-0.11671630801931022,5.712356141580233,12.061693163834915,-1.263140607269485,user,ohp,heavy
1789040470595,8.185925113677978,-3.853917069354653,0.3523964107237756,13.328998052063993,9.042384135568685,-7.4006055883571955,user,ohp,heavy
1789040470612,8.426392158398032,-3.5953427055358884,0.5354037846438586,21.198993023204682,1.8588673588004698,-9.561570720043449,user,ohp,heavy
1789040470628,8.91974792251587,-3.4920927589416504,0.7432500509399921,26.672865425951105,-3.1734175192921716,-6.073757672264886,user,ohp,heavy
1789040470645,8.745420114135742,-3.4241575790956613,0.9193741681523621,25.927693495050004,-0.4691023013949417,-5.0237198208734455,user,ohp,heavy
1789040470661,8.81619986975789,-3.541922373254597,1.0929536058505998,21.854088419331653,1.399025619981302,-7.067633439432251,user,ohp,heavy
1789040470678,9.058313512641192,-3.332280090387165,1.0720039394654333,20.873662575300514,2.5552979925673,-6.460970914709841,user,ohp,heavy
1789040470696,8.860939759716391,-3.2510265792846678,0.8928877277649938,24.496169514832665,1.8249847113187407,-7.399473484502266,user,ohp,heavy
1789040470712,8.78507232556641,-3.2369603522703048,1.029207475192286,26.614470723642082,-0.05726339219678115,-9.814909266548392,user,ohp,heavy
1789040470728,8.843281937950849,-3.228431301116943,1.2170035812262445,25.631768719070035,-1.7462810818429184,-10.998639106319546,user,ohp,heavy
1789040470745,8.684816884613037,-3.2505773742124435,1.4507372991032899,20.59013117756953,-0.8304888376799329,-14.927088148023142,user,ohp,heavy
1789040470761,8.863034686169028,-3.021632132720947,1.6303023505497722,11.292864018969832,-0.5627676736910884,-15.369995179847203,user,ohp,heavy
1789040470778,8.983941870006918,-2.672377965545654,1.5260045023377984,-3.1342570565727264,0.7022858134328233,-11.219958579769116,user,ohp,heavy
1789040470795,8.296058974567055,-2.9572882553651927,1.411083407172188,-17.991706943695945,5.573386124519391,-8.625544520711976,user,ohp,heavy
1789040470812,7.7667884319812055,-3.30369872354716,1.3620019808780401,-36.2611771903688,13.93782745430059,-11.297663934409059,user,ohp,heavy
1789040470828,6.886471578106284,-3.4626141510009765,1.2256817585267126,-59.27042135307886,23.905409378045338,-21.503650196038517,user,ohp,heavy
1789040470846,6.165967100524902,-2.8700492401123046,0.4174886952940374,-65.06039320306618,27.19182149154138,-30.89436288022045,user,ohp,heavy
1789040470862,6.0152826180607075,-2.6048914062499997,-0.06793525291122496,-57.95310325842601,26.06298075948774,-38.936760363748725,user,ohp,heavy
1789040470879,5.602731159973144,-1.9729715133115648,-0.7830527767572552,-36.30456255197672,25.390343730024885,-47.40869478380076,user,ohp,heavy
1789040470896,5.818208140343427,-1.7272665679380297,-0.5903201276365667,-21.517093715872395,28.029583466831173,-55.447762550108656,user,ohp,heavy
1789040470912,6.151152977752685,-1.3684361786440014,-0.4040213109556585,-4.512471623761528,26.059871315868094,-56.86217519890782,user,ohp,heavy
1789040470929,6.673537852478027,-0.8647557121276855,-0.4839274260371923,25.980893838495234,18.98057490154122,-53.93589334713716,user,ohp,heavy
1789040470946,6.78052815464437,-0.8571241943359375,-0.1919845341671258,49.43574808039339,14.583119821421299,-51.17345748827135,user,ohp,heavy
1789040470962,6.998700949969887,-1.254412616840005,0.11746617653854191,70.02722480522941,10.382567142241797,-57.19786875133019,user,ohp,heavy
1789040470979,7.996634713965654,-1.083077122143656,0.9847649972777813,90.44140347959024,-0.10957209580052629,-60.4749730245348,user,ohp,heavy
1789040470996,8.443749535912275,-0.7372640353329479,2.2779337534915656,95.49405640867468,-11.763902892437883,-58.39860234704009,user,ohp,heavy
1789040471012,8.33870393807292,-0.6735187083922326,2.7439056899908927,90.86947875563162,-22.450365641421058,-54.426632193718824,user,ohp,heavy
1789040471029,8.348730242046713,-0.973243120983988,3.4154780135557052,67.42854273171466,-23.297071749428984,-48.513658882063325,user,ohp,heavy
1789040471046,8.598774677929281,-1.3642461796082554,2.9935006285402923,46.781481927413076,-15.664511229310861,-44.809688276300434,user,ohp,heavy
1789040471062,8.534431092834472,-1.5328880513064562,2.6075845908567308,31.3243813450807,-11.572269982442128,-44.54842671035828,user,ohp,heavy
1789040471079,8.512884446936845,-1.608903588690236,1.9080302545845507,20.090407217134715,-9.179779367139014,-50.990548437392995,user,ohp,heavy
1789040471096,9.840767373657226,-1.1628341110780835,1.1885717789247632,20.270949607465663,-10.324979256028481,-49.24677723662665,user,ohp,heavy
1789040471112,10.384250565990804,-0.6835445009093731,0.9696518184937536,26.931884982298204,-16.602810174088656,-39.805738011092764,user,ohp,heavy
1789040471129,11.577762431666255,-0.36302075365595515,0.8509897832341492,35.68582596034902,-24.26672467759172,-22.44780773557689,user,ohp,heavy
1789040471146,11.073483122473954,-0.7561191771242767,1.356614515686035,30.196764924435783,-23.704550590028187,-15.344260734601889,user,ohp,heavy
1789040471162,10.79635311126709,-0.9253589416503906,1.5041574852541089,16.165857359673552,-16.285114170129265,-10.914070265337388,user,ohp,heavy
1789040471179,10.800991876983643,-0.8490440559938549,1.5699976655822245,-1.7246174293429306,-7.083261339140064,-3.4137424209941245,user,ohp,heavy
1789040471196,11.275642356109618,-0.40686479075327514,0.9385273430421948,-4.719781952336579,-4.063841320299819,7.034058790793408,user,ohp,heavy
1789040471212,11.372457885742186,-0.33354214571528135,0.7644995405219495,-0.9362584257632529,-3.2436051835334574,17.57197645127303,user,ohp,heavy
1789040471229,11.078570216479896,-0.5246295849122107,1.079635311126709,2.1733900995601525,-10.44301004752818,26.332235354306107,user,ohp,heavy
1789040471246,10.81535708694458,-0.9503483484130352,1.1278187656678258,0.441166614246178,-13.272233203645664,30.649954806055298,user,ohp,heavy
1789040471262,10.653298977550863,-1.0743981411255896,0.9106951871342956,-3.5884242955737893,-8.669048556856726,33.61430813225961,user,ohp,heavy
1789040471279,10.819846215057373,-1.3600564728334545,0.5334590803168714,-8.768613078161648,-2.55847872628641,36.38689023713747,user,ohp,heavy
1789040471296,10.66168043692708,-1.5852612126223742,0.35449155637212093,-15.037441806895746,1.6847201599667705,38.197815857823386,user,ohp,heavy
1789040471312,10.443059313312173,-1.7268179473876952,0.15876637437194585,-15.20940718717645,-0.6225002393037887,36.964785712623076,user,ohp,heavy
1789040471329,10.91756073935628,-1.768118072155863,-0.18180961550287902,-10.410642634825136,-7.045845989753556,37.43306006702457,user,ohp,heavy
1789040471346,10.82732692620158,-1.8617912121094762,-1.0612293744076042,4.820441011455995,-11.226573617980273,38.85280709356551,user,ohp,heavy
1789040471362,10.959756790050864,-1.8951602516174315,-1.0286090343751013,12.809958316656385,-9.346521360251952,40.93272263923946,user,ohp,heavy
1789040471379,10.550348890686035,-1.9919762196414172,-0.7264906027862802,15.535997804982486,-5.414298212145101,41.5876182523332,user,ohp,heavy
1789040471396,9.964667309570311,-2.3675661666870114,0.010474595730565488,10.959234891224098,-3.6046878297612355,34.14907096313659,user,ohp,heavy
1789040471412,10.020182860565185,-2.6282348724365234,0.24375940079633146,6.575445312086078,-6.573346309576769,26.448492004168894,user,ohp,heavy
1789040471429,11.327118276324867,-2.9082066829405724,0.1506852861817926,3.594101463434539,-7.743495598843822,26.781987943225815,user,ohp,heavy
1789040471446,12.255020472717284,-3.243096078546345,-0.1810609525600448,2.044637618610827,-4.476087632939694,33.82279965667425,user,ohp,heavy
1789040471462,12.256966346088051,-3.60222618143931,-0.30361462496332825,4.401001655846451,-1.5123554270630328,31.480809752546914,user,ohp,heavy
1789040471479,13.175889117211103,-4.760420650018006,-0.30391393670346584,12.460682933069442,-3.142454564237211,21.160721765737808,user,ohp,heavy
1789040471496,14.519037417602538,-6.049997957611084,-0.40970775909423823,37.15559046218197,-12.28937325094906,0.748967435006363,user,ohp,heavy
1789040471512,15.079730687934159,-6.547992195184529,-0.04055153489056974,52.89593215920561,-22.984013443916034,-18.54912892714444,user,ohp,heavy
1789040471529,15.250616246905922,-6.675782270403951,1.6273096350071952,51.934723052404294,-33.68917042065753,-35.68524197917498,user,ohp,heavy
1789040471546,14.793770889061689,-5.87177942540273,2.7974752214845267,17.183231112019875,-32.94766800888802,-47.14928078402909,user,ohp,heavy
1789040471562,14.348599602398275,-5.147683353070169,2.9076082786560056,-23.641340604354305,-21.019507604647796,-43.458325103729656,user,ohp,heavy
1789040471579,12.75510934448242,-3.558681492614746,2.0443495270878076,-61.33878704886631,-4.156863374153516,-33.4358967609497,user,ohp,heavy
1789040471596,10.73200952617228,-1.9617489852905272,0.7894886550236493,-94.27704647217264,16.82666620904124,-16.009644103166192,user,ohp,heavy
1789040471612,9.575609539794922,-1.432031867980957,0.13512376084206626,-99.92948563303258,23.731207110811454,-6.436386502566027,user,ohp,heavy
1789040471629,7.495497209930419,-0.7217026013247668,-1.13320489741927,-86.6863772097815,23.5386179743319,-2.4361427811754885,user,ohp,heavy
1789040471646,5.626224263763428,-0.5178956004820764,-1.6139907740277237,-50.97160490772997,15.702268515042691,-8.89771731385323,user,ohp,heavy
1789040471662,5.193772173419594,-0.4101566719055176,-1.6437692051651887,-18.66692919975965,7.586205733768537,-16.8915205627578,user,ohp,heavy
1789040471679,5.288492192077636,-0.2407669044494629,-1.112106360615324,12.462097636001282,-3.7460146889725543,-22.154188148441797,user,ohp,heavy
1789040471696,5.762394483184814,-0.0818517692565918,0.24824874810483305,36.968569637423265,-16.30504295458007,-23.606965969808922,user,ohp,heavy
1789040471712,5.744437386211753,-0.17582403828725218,0.9259583871145732,38.231082294175934,-21.631352535402954,-24.709063096167377,user,ohp,heavy
1789040471729,6.57567427509725,-0.0893337955750525,1.8522148073276503,28.300841014623643,-25.67489794858408,-21.280910897015232,user,ohp,heavy
1789040471746,7.160159924426674,-0.07227481648549437,1.910722872935701,13.896993168347668,-26.89737032887484,-12.236560520739229,user,ohp,heavy
1789040471762,8.022969178661704,0.01780687484741211,1.4405609967661321,-8.018597689365365,-19.063575360335218,3.7383618888943784,user,ohp,heavy
1789040471779,8.370278641510009,0.00538680760487914,1.0691607690891027,-24.61560220265951,-11.647858832213014,14.496798183143387,user,ohp,heavy
1789040471796,8.57423469543457,0.01421528009623289,0.7408560867418534,-37.97703682309189,-6.383225859595348,24.582339181401547,user,ohp,heavy
1789040471812,8.55567904804647,-0.13093304942026734,0.05731190549288876,-48.64562838211173,0.6491297594954932,31.830761324861687,user,ohp,heavy
1789040471829,8.948626810997723,-0.38037849649637934,-0.698807308164006,-47.402609085250276,1.9797905219702565,34.09947354447854,user,ohp,heavy
1789040471846,9.370905297851563,-0.5403412410460412,-0.8765767722974531,-40.692675640859356,-1.003986688294805,35.86804857721579,user,ohp,heavy
1789040471862,10.18972109658122,-0.9608227614805102,-1.4170680984718258,-28.912901096337656,-0.31229604572940545,37.83836007727854,user,ohp,heavy
1789040471879,10.998812204632163,-1.5108911774232983,-1.745521972004231,-19.18164201032806,2.0679460660403186,37.680008971560966,user,ohp,heavy
1789040471896,11.642702229088544,-1.7571940886899828,-1.641523873923812,-9.41430842644339,-1.0089124286251479,37.78810354536559,user,ohp,heavy
1789040471912,12.689569243079424,-2.413655133166909,-1.7365441085042896,1.9773815996273578,3.807546155657907,35.647771561388296,user,ohp,heavy
1789040471929,13.544896617126463,-3.109619335992634,-1.3406029815564862,7.653000714983031,7.856266290908964,31.70877414628526,user,ohp,heavy
1789040471946,13.858985947418212,-3.604919950567931,-0.9475049416806548,10.430936834396535,5.68609491799518,21.89566378080952,user,ohp,heavy
1789040471962,14.768484472113848,-4.506486367090046,-0.6251852691874838,14.01234481814543,-0.5281010485586887,7.235682986884422,user,ohp,heavy
1789040471979,15.619022273796796,-4.68934293436259,-0.42137882546721955,14.460845774899731,-4.074168566324879,0.0025697452834049046,user,ohp,heavy
1789040471996,15.823278771972655,-4.6353240516662595,-0.29074544854669365,11.285980895833752,-1.614177325888644,-4.717416572449639,user,ohp,heavy
1789040472012,16.053720097240806,-4.446781109320372,-0.06958090122640133,7.282777994985306,-2.8821189158144134,-6.674224788523271,user,ohp,heavy
1789040472029,15.594932957679033,-4.232200639398396,0.5041294889254495,3.7933999801131644,-7.774065818021507,-6.685848916716987,user,ohp,heavy
1789040472046,14.782551575911045,-4.249558893695474,0.9190748746785334,-4.539766340345369,-10.490572069813563,-10.967103269147952,user,ohp,heavy
1789040472062,13.252505323901772,-4.427926186724752,1.6225209485590923,-20.53187649413849,-12.011720084772518,-19.89521407103409,user,ohp,heavy
1789040472079,12.587963556560874,-4.319588561602681,1.112106652876269,-25.23167160541632,-11.701744755896183,-23.551346031850215,user,ohp,heavy
1789040472096,12.18873042972982,-4.261229896136373,1.0422260928498581,-25.833127818443888,-13.632698998414025,-26.371063272190337,user,ohp,heavy
1789040472112,11.233444551849365,-3.6586395580567417,1.1673235314518213,-26.520521471608554,-22.51311629687326,-28.892823755272403,user,ohp,heavy
1789040472129,10.46969305321574,-2.719962869671732,1.4139260101869702,-32.702805727143065,-25.429716355495422,-27.250291325931276,user,ohp,heavy
1789040472146,10.525209773254394,-2.2231658790588376,1.1897689893526955,-37.91456791294296,-27.28011022430026,-17.944284940288547,user,ohp,heavy
1789040472162,10.031854593658446,-1.6514008873537183,0.15637184391822664,-39.00158568916132,-25.78544285275344,-7.623075948681913,user,ohp,heavy
1789040472179,8.721927594867347,-1.31830758138448,-1.2177505271360278,-31.599190591241577,-23.438524967139948,-5.798558678434494,user,ohp,heavy
1789040472196,8.33750800628662,-1.2904748409546911,-1.5872059169493615,-17.872398906821456,-23.475237233928766,-5.886098651705609,user,ohp,heavy
1789040472212,8.02461577682495,-1.270872314862162,-2.0606591491147874,-4.711636951751339,-22.74742764389784,-2.57042984978664,user,ohp,heavy
1789040472229,7.52677088459432,-1.4318822303771972,-1.85864845710434,-4.510820425529678,-15.21618956502227,-2.837067628379244,user,ohp,heavy
1789040472246,7.60982033920288,-1.2885294059753418,-2.0449469815243035,-1.3956858709205773,-11.423805575548146,-1.7299123200535713,user,ohp,heavy
1789040472262,8.29860222930908,-1.077540676935017,-2.457647492693737,9.201066505461005,-10.275200837357428,4.5666503918053625,user,ohp,heavy
1789040472279,7.754370264434814,-1.1119568874083459,-2.7085896080683916,19.566866387064067,-10.307840603853627,6.070872344227379,user,ohp,heavy
1789040472296,7.437887901526689,-1.136797460284829,-2.720860110772401,29.686402944368677,-8.161264119427653,5.712993056720337,user,ohp,heavy
1789040472312,7.906852151709795,-1.3435964825503528,-2.6506803668700156,41.38021272799659,-8.928976528363439,10.17427113199215,user,ohp,heavy
1789040472329,7.687782699805497,-1.539172684533894,-2.087295080975443,42.47792316536061,-5.139950857526845,13.652482641344967,user,ohp,heavy
1789040472346,7.290493692779541,-1.9627964485168456,-1.5276500775877386,34.55645076599283,1.8498297378680737,13.359904658058301,user,ohp,heavy
1789040472362,6.838588713946938,-2.3536503079287705,-0.7924803111203015,22.97360252807364,7.6815679811866096,11.524450974289223,user,ohp,heavy
1789040472379,7.161355856212973,-2.6511294258117672,-0.7369647601254284,13.682261412352577,8.616690034226702,9.55115468155918,user,ohp,heavy
1789040472396,7.1674904134452335,-2.4971523315429685,-0.8583209298398345,12.9185438103076,10.558233631279002,8.633124323143399,user,ohp,heavy
1789040472412,7.124545005688071,-2.5558105644777416,-0.9416693673949688,14.133849614611725,10.586120439886518,6.515877097900281,user,ohp,heavy
1789040472429,6.353014105224609,-2.760365314947814,-0.2808698553223163,6.952810275521521,11.944840579967046,-5.851515269503719,user,ohp,heavy
1789040472446,6.537217410930991,-2.764255600384623,0.0023947131168097257,-3.4171190957650497,9.668310355071469,-14.964150462006923,user,ohp,heavy
1789040472462,8.007406867870689,-2.248454780224711,-0.3160344730101526,-9.550023431477896,7.935001296566286,-18.74630453565166,user,ohp,heavy
1789040472479,8.911218579101561,-1.6689084869936108,-1.014692298834026,-7.76054460478582,10.610717658635027,-19.830207745608494,user,ohp,heavy
1789040472496,9.515755082812905,-1.565957523345947,-1.3272852530881762,1.1007528597524319,12.28968743965088,-17.55504611986786,user,ohp,heavy
1789040472512,9.750685536193847,-1.428740132959187,-1.4613608383178711,13.323960787551108,10.740088271704238,-15.877365537057846,user,ohp,heavy
1789040472529,9.683647889709473,-1.3913305858887732,-0.6494272003173828,21.58711340014878,6.598104464657595,-15.497577990901164,user,ohp,heavy
1789040472546,9.72869056200683,-1.4170682537354529,-0.3269577258236706,21.669369368323242,5.404154100567163,-14.245874962283688,user,ohp,heavy
1789040472562,9.81293477935791,-1.5918451210573314,0.14036051071807742,17.514317701847073,6.796776311479872,-11.845568903022787,user,ohp,heavy
1789040472579,9.689033674401044,-1.6080053977414965,0.5473745737489313,8.24727754541927,8.213897557171771,-11.137386715345539,user,ohp,heavy
1789040472596,9.90765655158162,-1.4266453526370226,0.6801029456207528,0.3452689707106271,5.986572015056966,-7.8242916140831955,user,ohp,heavy
1789040472613,10.026318586841224,-1.1676223682679234,0.5394438538148999,-7.606479442772428,2.807092702876408,-2.46087148106552,user,ohp,heavy
1789040472629,9.898078575897216,-1.2047322017394007,0.42946050731241703,-12.712081705850101,-2.237149061688575,-0.3959333663026512,user,ohp,heavy
1789040472646,9.646088266643881,-1.5336356548033654,-0.013017887005209922,-21.384811734669466,-2.7431320367240586,0.0726137687788154,user,ohp,heavy
1789040472662,9.612868134087323,-1.4794668422423303,-0.6510728486325591,-27.443375651125656,-2.3273175905730867,0.8007846117838118,user,ohp,heavy
1789040472679,9.687239776721595,-1.2731170250490307,-0.9626184127256273,-30.01866091163853,-1.0481372445331791,3.5994781029718084,user,ohp,heavy
1789040472696,9.376142613983154,-1.0838253101624549,-1.6991347349638117,-28.602385328743242,2.3816237843336237,6.125500624095964,user,ohp,heavy
1789040472712,8.999056437030434,-1.081730675970763,-1.980603031103313,-26.471847836035753,6.54135242284396,7.210370305820354,user,ohp,heavy
1789040472729,8.87515474755168,-1.1007342132568358,-2.0643999065456913,-24.151876754245247,9.130567854169072,7.193374233844424,user,ohp,heavy
1789040472746,8.876354186469316,-1.3002011390686035,-2.0724804102139545,-18.44310219311104,12.196790890523184,3.261874658902772,user,ohp,heavy
1789040472762,9.119813398742675,-1.1649291836611926,-2.3154920613829044,-9.118476711790859,15.179074317072422,0.7268059257489046,user,ohp,heavy
1789040472779,9.46173473881185,-1.0230720046445727,-2.3427258860714733,3.5709481893652537,15.20753913043845,-0.3372018236097545,user,ohp,heavy
1789040472796,10.236857526287436,-0.7891887222290038,-2.111086838918738,22.12380746701358,15.772793633317658,3.188948515691134,user,ohp,heavy
1789040472813,10.953474348780512,-0.869095641028136,-1.7609351383818312,36.22005945156532,16.567638114957674,9.90678299484788,user,ohp,heavy
1789040472829,10.832415189251304,-1.022174471282959,-1.1945568081511184,43.43359298874504,17.5653545828727,13.741071048653678,user,ohp,heavy
1789040472846,10.14498003757894,-1.6989857914797961,0.002544442052114755,45.9112816762076,13.98140662252621,14.227473578886029,user,ohp,heavy
1789040472862,9.515005725750326,-2.325069087219238,1.3096285455674863,40.35015872945614,10.769631401185482,11.649205233253152,user,ohp,heavy
1789040472879,9.283816212463378,-2.595763658551127,1.7682678376237861,29.460491022475917,11.37065731229534,9.074194887854373,user,ohp,heavy
1789040472896,9.494206683349608,-2.8021137680053707,2.2337904092206853,13.398644637256966,11.460572483850326,9.51790702822685,user,ohp,heavy
1789040472912,9.76130980606079,-2.8564325104311106,2.4560020133419194,0.6495450136526889,8.04870772454772,10.140450596543186,user,ohp,heavy
1789040472929,9.744998722729086,-2.8145339813783763,2.433407303713064,-11.79078054059553,5.889672975075642,10.474762743205922,user,ohp,heavy
1789040472946,9.82535353142619,-2.807949634552002,1.9195516559543087,-22.835926404973694,0.8724129123314414,9.953700418030344,user,ohp,heavy
1789040472965,9.85019454269409,-2.6336216800414025,1.2101199820252369,-28.57786836471748,-1.109487284318703,8.933034514504072,user,ohp,heavy
1789040472981,10.066869792938231,-2.557306940515339,0.8225582549273036,-29.959904209303495,-3.0405259437058185,9.6373380085064,user,ohp,heavy
1789040472995,10.513090296393631,-2.31713887874186,-0.053569878553505985,-28.638083312440315,-3.0559222573120848,13.355309648294176,user,ohp,heavy
1789040473012,10.711658812060952,-2.315642210443318,-0.7835022284246514,-22.36898052236577,-0.9199787765982332,19.943995282086323,user,ohp,heavy
1789040473029,10.714202066802978,-2.4583963382996616,-0.9641146882985252,-17.066317056449474,-0.6393182994744757,24.12907929034304,user,ohp,heavy
1789040473046,10.319607705688476,-2.6010011208131907,-1.1994947029447183,-12.639321408169248,1.5342516261599184,26.163519436523035,user,ohp,heavy
1789040473062,9.819668471527098,-3.0590418259218333,-1.369931997559173,-8.275639905947747,2.86691832981655,19.976203039117518,user,ohp,heavy
1789040473079,10.131363600158691,-3.098695790918171,-1.449389400758827,-3.429382486976396,-0.15876626649327868,17.973448140497208,user,ohp,heavy
1789040473096,11.46538400672078,-2.8754363399781284,-1.852662615027232,1.6170039569879715,-3.7000415394428448,19.630720118067224,user,ohp,heavy
1789040473112,11.946319265204668,-2.392556231036782,-1.8161511127750853,5.559921260344358,-6.4058201253697495,34.02043118030856,user,ohp,heavy
1789040473129,12.728473851013183,-1.709160710144043,-2.0214538594677114,7.859006904313431,0.6478562493804032,66.18656845379623,user,ohp,heavy
1789040473146,11.014376268988848,-2.266411438806355,-1.5361789278117008,1.8316467070804419,9.780878702782449,84.75406205207153,user,ohp,heavy
1789040473162,9.459939087566733,-2.724451851654053,-1.0592840581592637,-3.668547964066739,15.3580833299347,89.02483590610794,user,ohp,heavy
1789040473179,6.954856547546386,-3.6061166130065914,-0.9720455269635654,-1.7972005689921866,17.296115355979968,80.2440198412204,user,ohp,heavy
1789040473195,5.813272437506914,-3.5884593757629393,-1.0333968988392968,3.701395197558977,16.63479936506641,71.26982063036232,user,ohp,heavy
1789040473212,5.745785293689369,-3.404106140191853,-1.2125133525683311,16.492179892554667,19.070955379733416,67.68637554269347,user,ohp,heavy
1789040473229,5.409101269751787,-3.5357875237613916,-1.5696983264426234,34.77323414005986,25.41147292022232,61.28619459225721,user,ohp,heavy
1789040473246,4.432564514049887,-3.9664436705991624,-0.6923723888788372,45.567685594915524,26.65264465091328,47.42060663371326,user,ohp,heavy
1789040473262,3.9275387704044578,-4.1852141395568845,-0.3239651564115658,51.94785750617823,28.698194099778306,24.306461010635562,user,ohp,heavy
1789040473279,2.8856109663814307,-4.865167411041259,1.169717586981505,44.44738772196628,27.37838981626757,-24.83312835979878,user,ohp,heavy
1789040473296,4.281281481170654,-3.9603091133669017,2.555660999939218,41.803848381077465,25.6206389258175,-50.902616582018254,user,ohp,heavy
1789040473312,5.588814278301596,-3.205536747741699,2.5899274266783148,46.35783261395386,19.326380549029796,-67.2167317353634,user,ohp,heavy
1789040473329,7.941866181945801,-1.7184382415771484,3.098247316498309,45.07421125757127,3.3211197197634625,-74.64161864621998,user,ohp,heavy
1789040473346,10.292822574615478,-0.16460107187479733,3.9538743310790507,34.063498938120084,-1.473207023896341,-63.11132359132217,user,ohp,heavy
1789040473362,11.227010134887694,0.19647388147562742,3.722984166064858,18.773217188528804,2.0981000705654558,-41.24706160522178,user,ohp,heavy
1789040473379,12.011709729003906,-0.08499445119649171,3.7187941670291123,-11.015637739616416,8.799416377544759,-18.054225372716363,user,ohp,heavy
1789040473396,11.527332221111655,-0.750133307647705,3.1753106093693524,-25.39445208881065,13.94918179002209,-8.144145104046661,user,ohp,heavy
1789040473411,11.24960482853353,-0.9778814483091235,2.3271639406066384,-21.40941236851256,9.406107076797497,-2.6862589724960664,user,ohp,heavy
1789040473429,10.638636245948076,-1.0681135078981518,1.3528743793096392,-6.359227563059685,-2.9139516527714924,-0.5303018102144609,user,ohp,heavy
1789040473446,10.023625694495438,-1.9925749161869286,0.5283713287238031,2.464731818607046,-3.4751394183301922,-4.189801534539079,user,ohp,heavy
1789040473462,9.96556571971476,-2.275987953186035,0.3290538943853229,8.6522223858364,-0.8251148128244551,-6.817010320009211,user,ohp,heavy
1789040473479,10.36135601261556,-1.967135646764934,0.33997692800313234,15.765283840325228,-1.99244408773794,1.1486792299413535,user,ohp,heavy
1789040473496,10.498275589099526,-1.638083140619099,0.5885249147828668,15.80059250323961,0.6902187901601148,10.68481240452497,user,ohp,heavy
1789040473512,10.611551839667557,-2.052579010772705,0.6684323450386523,11.619089221655274,3.8251676168297166,19.905163949107507,user,ohp,heavy
1789040473529,10.001777435302733,-2.9463638335078954,0.5226841499328613,11.967477534423761,6.815783447279548,24.156644226285916,user,ohp,heavy
1789040473546,8.575282158660888,-3.5844191604614255,0.07047894604466855,17.212549699032156,6.218878701560147,18.826916135783446,user,ohp,heavy
1789040473562,8.028505770000814,-3.8959643592283126,0.27368695808090265,18.412470502230825,4.71045447525128,11.014166687623923,user,ohp,heavy
1789040473579,8.270918688091635,-4.059817827606201,0.679953636810556,18.21293677091266,8.361039468687709,5.540920954733852,user,ohp,heavy
1789040473596,9.027188306537271,-3.8391026543214917,0.2998738309998065,27.54246462050962,9.838242900300449,6.753750815463846,user,ohp,heavy
1789040473612,9.053074442943931,-3.7767034812927243,0.2853594948917627,38.85126688590768,7.22935823171299,5.920610743808037,user,ohp,heavy
1789040473629,8.485798871612548,-3.7901711578920483,1.5590741205077618,35.14065050608236,5.401826286720658,0.44484781940455037,user,ohp,heavy
1789040473646,8.922440814861655,-3.8316204818725583,2.287809177752584,28.617292216606796,6.7010025451643065,1.444949677526352,user,ohp,heavy
1789040473662,9.193733205956221,-3.689614395904541,2.3078609089173376,24.383544818061033,7.307880647732396,4.43460704033656,user,ohp,heavy
1789040473679,9.016862727355957,-3.7805943512514233,2.4766519798278805,18.162880022032926,4.9178480467568395,3.437203267019472,user,ohp,heavy
1789040473696,8.58081816547811,-3.89476696613729,2.875286848504841,9.675118346126679,1.9892285627427448,-0.05345844989066175,user,ohp,heavy
1789040473712,8.61867589470744,-4.087949697113037,3.0154972832277416,-1.4810603540596805,-2.7601293893604586,-6.726080865362478,user,ohp,heavy
1789040473729,8.778339217919111,-3.604769874572754,2.715473595428467,-9.494611814288875,-3.1546409023769835,-10.310760509723808,user,ohp,heavy
1789040473746,9.629778352355956,-2.840870199640095,1.879299542401731,-14.020251615883366,-3.1662667381179914,-6.022323359606928,user,ohp,heavy
1789040473762,9.964816947174072,-2.5513211441040036,1.6340433637090026,-15.299377854018442,-3.0886644766458335,0.7245240555967385,user,ohp,heavy
1789040473779,9.86366075798869,-2.6933266455501315,1.074548363251239,-16.81985480289144,-0.25677071656287437,3.5533205383345083,user,ohp,heavy
1789040473796,9.301323812103272,-3.065326020757854,0.6920743557803333,-18.65572939706812,2.466545660718508,-0.18372645910336302,user,ohp,heavy
1789040473812,9.223212982940673,-2.970456364496052,0.49141018300801514,-17.719339490163346,1.5689153698062621,-1.9465870514241206,user,ohp,heavy
1789040473829,9.728989252692461,-2.492962478637695,0.18225933203175662,-14.142054379352203,1.9948950584329166,2.181953022345233,user,ohp,heavy
1789040473846,9.824157015118002,-2.3831281852170823,-0.1054948029115796,-9.03204664425987,8.884561515738138,11.04146353864188,user,ohp,heavy
1789040473862,9.695020347595214,-2.542792092950642,-0.060303954315185544,-4.726778200480787,14.697064452250038,14.639907721728077,user,ohp,heavy
1789040473879,9.06609291447103,-2.920327182714641,0.22999343537017702,3.6169108801677967,16.146739660186686,13.759474139598632,user,ohp,heavy
1789040473895,8.677035144695639,-3.204937905065715,0.4058168891355395,22.929378760745102,9.557001323488711,10.27101649271715,user,ohp,heavy
1789040473912,8.563460787963868,-3.287688084466755,0.7942765468873083,32.541620092919935,3.771352556359186,6.069525516300417,user,ohp,heavy
1789040473929,8.455721713256835,-3.490297399957478,1.8335097049988804,34.07443065588669,0.03992810527902434,2.582910526390957,user,ohp,heavy
1789040473946,8.849118973541259,-3.6424791352421044,2.4742585088200864,26.55517102126803,-3.153958310346805,4.25535342132463,user,ohp,heavy
1789040473962,8.897900832366943,-3.749469729669392,2.7177190362676975,13.509273211243663,-1.1374289478829904,6.482509489370653,user,ohp,heavy
1789040473979,8.640523569378256,-4.014776616613567,2.8727427169799804,-4.699970561762133,4.013556613856539,7.6163140614036,user,ohp,heavy
1789040473996,8.673594064331054,-4.130447068841755,2.66190391780436,-26.063595476513044,11.525104111128606,7.1430643410785795,user,ohp,heavy
1789040474012,8.58665461654663,-4.001908367212116,2.262521591760963,-29.504627704892542,12.98818015021682,4.022208329100829,user,ohp,heavy
1789040474029,8.81051247177124,-3.674650927789509,1.159541937664896,-17.331917500061884,9.353068096571409,0.2533121062023356,user,ohp,heavy
1789040474046,9.109788848334551,-3.494038340051472,0.48976416936665773,10.843882387652691,0.05225161416125868,-4.11130601238953,user,ohp,heavy
1789040474062,9.147496355438232,-3.4452561889648434,0.6242880828857421,25.530203806111945,-4.65697281338961,-7.772856874538414,user,ohp,heavy
1789040474079,9.34666342152059,-3.3770211493894458,1.8623896163940428,24.51290006320461,-6.934408038350214,-10.892470645860868,user,ohp,heavy
1789040474096,9.88236662750244,-2.9050647316530345,2.7082918672308325,10.21732437565168,-4.012085134977224,-8.464229966668261,user,ohp,heavy
1789040474112,9.964068759155273,-2.667739492090046,2.6867436138980088,1.2177217702796042,0.6392544265335655,-3.3966240459433683,user,ohp,heavy
1789040474129,9.720610715925693,-2.386870294354856,2.30741331128031,-1.3832150127131917,1.9775724180372949,0.23673771836637406,user,ohp,heavy
1789040474146,9.0140207819283,-2.656965584619343,2.4371479446962474,-6.268745058916764,0.6620176861290726,-0.8822441158680284,user,ohp,heavy
1789040474162,8.551341311103105,-2.71936475764811,2.5022401562012733,-10.083092375440712,1.3735766552989517,-6.080774410976605,user,ohp,heavy
1789040474179,7.689726819610596,-2.5846903297424313,2.3463180653445423,-12.035729053478759,-1.1623273352852141,-13.680033063135859,user,ohp,heavy
1789040474195,7.749433392554521,-2.325668222156167,2.1475993275515735,-8.547085283942394,-3.082166191980801,-18.10114194212518,user,ohp,heavy
1789040474212,7.989899852752685,-1.7925088554382322,1.5294458018980919,0.7621232864823066,-4.215974392551744,-17.535339316565082,user,ohp,heavy
1789040474229,8.221238419121503,-1.8646338881894946,1.0842740768432617,9.263537123157235,-3.4063724334362693,-15.890655377635397,user,ohp,heavy
1789040474246,7.86570005711019,-2.080860225622356,1.1751036639340222,13.668677873640714,-3.551316731586756,-17.187409480244632,user,ohp,heavy
1789040474263,6.814647281867265,-2.6201550263553854,1.6141411240175365,6.040370853828218,-4.861731639422838,-35.118192844091354,user,ohp,heavy
1789040474279,8.20477886722982,-1.8797475784301756,2.362478926550597,-4.833545583152311,-9.355216191065377,-36.40249380429636,user,ohp,heavy
1789040474296,9.34726138741374,-1.3501798064634203,1.564910790771991,-0.6754470119760813,-9.130128160741254,-25.050488884850683,user,ohp,heavy
1789040474312,10.654197387695312,-1.3949217422485352,0.005537029730528593,14.928981817970527,-3.7359230844738605,0.31883291029107785,user,ohp,heavy
1789040474328,9.324965968975425,-2.3671172538757324,0.23717604035064577,16.24395032754889,2.757553127382894,6.8079872132288015,user,ohp,heavy
1789040474346,8.467990243199468,-3.343652256011963,0.9277531433105468,4.383235480041602,7.658301795552607,0.7696492478131616,user,ohp,heavy
1789040474362,6.653335606926679,-4.402038442882895,2.123806364031881,-19.52141660077951,10.280178337715075,-22.586583519133207,user,ohp,heavy
1789040474379,6.552032118225097,-4.346822459356487,1.9639934032164512,-26.63065314933313,7.232632453646365,-34.674749642417446,user,ohp,heavy
1789040474396,6.97730335715413,-4.039317768152058,1.4508867905765772,-20.241446605345793,4.394439551601361,-40.10735574974594,user,ohp,heavy
1789040474412,7.172730067664385,-3.6743516525819895,0.6027414369881152,-6.879500574499304,4.328800579903892,-49.577129581118065,user,ohp,heavy
1789040474429,6.894702230834961,-3.526808829144388,0.7932287914000451,2.4563731611668316,2.9407475521025104,-58.23761478830289,user,ohp,heavy
1789040474446,7.051222579845786,-3.186233350726217,0.9882073197513818,9.98491950517918,0.10735109704129533,-65.71001249502609,user,ohp,heavy
1789040474462,8.201486255425214,-2.634818927001953,1.3409028595522046,15.697583005272062,-3.330863198057897,-69.75903742746885,user,ohp,heavy
1789040474479,9.584588965064286,-1.4475944710329174,1.5629646251402793,17.630367738487468,-4.570502618497249,-63.1450032541195,user,ohp,heavy
1789040474496,10.134806434088945,-1.1418848465517162,1.557129927637428,17.704833875913533,-2.5388229359589944,-50.95313949130884,user,ohp,heavy
1789040474512,9.969607104060053,-1.187673807171732,1.726369034576416,12.821421081630959,1.0653726932951773,-38.32705328220378,user,ohp,heavy
1789040474529,9.273341580200194,-1.506251827184856,2.467375179047137,4.39142658440374,1.7675017325422075,-34.61468154376177,user,ohp,heavy
1789040474546,8.811409712871908,-1.608604094287008,2.690035787311196,-6.133964509138079,3.9582350697871975,-35.77621326873038,user,ohp,heavy
1789040474562,9.42956206948161,-1.3177085925780236,2.7325324283875525,-15.261190266368901,1.3097422409245416,-30.543011119125826,user,ohp,heavy
1789040474579,10.186730682593584,-0.9778820328310132,1.9904802819952367,-16.9630633792191,0.746067326012605,-22.361996653939435,user,ohp,heavy
1789040474596,10.005817066082358,-0.8429084027830511,1.773205750683695,-18.245501405327985,-1.251226196036044,-16.527338291307306,user,ohp,heavy
1789040474612,9.478944816809893,-0.9593270430300385,1.6062101848877965,-24.35602598589505,0.13695999377372706,-11.055668624568215,user,ohp,heavy
1789040474629,8.686760419896245,-0.7191582506041974,1.3637969745360314,-32.53663063973124,6.340021071113609,-6.071791858444392,user,ohp,heavy
1789040474646,8.49762082683146,-0.6441900303162634,1.2768581112734974,-42.00989128267466,12.32549299882738,-0.4664911947804399,user,ohp,heavy
1789040474662,7.686134932598471,-0.4574420816283673,1.0729020573489367,-54.92746264479918,19.647662402303443,2.4864217246466565,user,ohp,heavy
1789040474679,7.07980511572957,-0.49904140853881834,0.5189433559693396,-62.79914296511757,26.753741695913224,5.231783177804489,user,ohp,heavy
1789040474696,6.829759510803222,-0.31379034734517336,0.3396776527956128,-67.21266094261807,30.85757548135076,10.075550139049724,user,ohp,heavy
1789040474712,6.359150416022539,-0.023194120843708515,0.0439941861577332,-67.90476401121546,35.386154825609296,17.457058518487564,user,ohp,heavy
1789040474729,5.645078601837158,-0.07466916427612304,-0.32606019246205686,-60.42215517168309,33.11989464390448,17.36677878558563,user,ohp,heavy
1789040474746,5.5032221534729,-0.19826997111216185,-0.3529940843559801,-52.227365922488076,23.96358380675363,19.087211229958047,user,ohp,heavy
1789040474762,6.085462069702148,-0.42631767924204467,0.5342059531614184,-55.29570546371124,22.324113009707958,26.401792293266222,user,ohp,heavy
1789040474779,5.984155658391118,-0.8647557121276855,1.425448105676472,-66.96951986854395,24.48053179672792,26.051647768107397,user,ohp,heavy
1789040474796,6.436662694770098,-0.9563340717591344,1.5197206728279589,-69.10573666354631,23.08062476217857,28.229277707594836,user,ohp,heavy
1789040474812,8.359356850001216,-0.9614217502869665,0.6202490366280079,-60.31431331487776,19.896136146572044,38.28080265623904,user,ohp,heavy
1789040474829,9.389309554070234,-1.2883796222411095,0.6578063216060399,-54.05450982735819,20.194200479309522,52.44457618337824,user,ohp,heavy
1789040474846,9.598204817962646,-1.4279919449403882,1.1997943069458008,-60.2968348607917,17.891907634638304,59.82692467608399,user,ohp,heavy
1789040474862,10.96245085144043,-2.1278465793333945,1.3432964766904711,-57.73932516759378,9.675386431051603,63.646168384469185,user,ohp,heavy
1789040474879,13.431322260394692,-3.804237384906411,-0.12015855742767452,-27.145758695778813,7.777801077723858,72.9358950142252,user,ohp,heavy
1789040474895,14.1219003862679,-4.777629997363686,-0.15487433536946774,-7.312410770699406,14.008328666913462,72.09132163278561,user,ohp,heavy
1789040474912,14.654610255652665,-6.686406978662312,1.3287825059086085,1.6630097633596501,20.83474244986249,61.683984809518755,user,ohp,heavy
1789040474929,15.46968511428833,-8.023568605859577,2.699014043536782,3.8279082302341845,24.828745085898927,36.5333158325642,user,ohp,heavy
1789040474946,16.313341339763998,-8.428637306976318,3.0309105409368873,11.553565509400048,22.25600919349376,21.555214709177527,user,ohp,heavy
1789040474962,16.64403985955119,-8.30907656931132,3.3580176121033727,23.319937515222893,16.245084138951114,5.365106762855846,user,ohp,heavy
1789040474979,15.643713647460936,-7.896227005060017,4.314202046258747,30.71668233915174,5.374905522993876,-17.076345481698347,user,ohp,heavy
1789040474996,15.15050693642497,-7.365910752813518,4.9477670760557055,26.071204307248436,-4.794164846832133,-27.34576371014971,user,ohp,heavy
1789040475012,14.701296018981933,-6.231957576043904,5.2829561852604145,17.94886287457975,-7.408427862504153,-28.291423891305488,user,ohp,heavy
1789040475029,13.833697776904701,-5.267393874469399,4.993557351849973,4.16243467408213,-1.6351722601802055,-20.339413716158578,user,ohp,heavy
1789040475046,13.45750708748698,-4.830600832311808,4.916642162212729,-6.77313318478105,2.774200432824331,-10.054251901670332,user,ohp,heavy
1789040475062,11.87389349594116,-4.3430818115234375,4.753238483428955,-16.07637163626263,4.977462791606357,-4.71288260750122,user,ohp,heavy
1789040475079,10.108020718494057,-4.077774924579263,4.28023431020528,-22.132071995909296,4.001907299340259,-3.633342607763555,user,ohp,heavy
1789040475096,9.414600647193193,-3.9227503670841455,4.055478190966696,-24.781224044748562,0.2511041675118496,-6.712395727586711,user,ohp,heavy
1789040475112,8.092700302013755,-3.4606688621520996,3.612252047021687,-25.00882814600819,-5.216146313473391,-12.221205401711394,user,ohp,heavy
1789040475129,7.550113181737065,-2.885311983434856,2.908356028283387,-24.1490405181924,-11.02949875476331,-16.581593898979303,user,ohp,heavy
1789040475146,7.376088740217686,-2.5692785333380104,2.57257026835978,-23.001790718778285,-12.612331915663942,-16.16404906709079,user,ohp,heavy
1789040475162,7.24590227138102,-1.9882348411560058,1.9464866803593932,-22.525243297744616,-12.145169174549872,-12.548693335619642,user,ohp,heavy
1789040475179,6.535721619415283,-1.6534955215454101,1.6855182610109447,-26.762141121045047,-9.853998439168375,-12.227506251220731,user,ohp,heavy
1789040475196,6.110000298631191,-1.6759405775874852,1.5839138896666467,-31.279561643747073,-7.355676603996852,-14.467506916887785,user,ohp,heavy
1789040475212,5.960065757751464,-1.4140750632688401,1.2880810776859521,-35.561786309927,-5.530939487035524,-14.200051223142074,user,ohp,heavy
1789040475229,6.178386437115073,-1.1935095275878906,1.0844213763594626,-40.1414862050285,-4.470298193844462,-10.04883129279028,user,ohp,heavy
1789040475246,6.2389902511596675,-1.0613798157289625,0.917727569989115,-41.523523757161804,-4.9017919795654326,-6.550543723032681,user,ohp,heavy
1789040475262,6.432470503777266,-0.9244608237668871,0.4674677280150354,-43.691555573318084,-1.854550679245022,-2.350943428355573,user,ohp,heavy
1789040475279,6.630441053551435,-0.8240539916440844,0.23478183869048952,-42.47675861810712,0.5888267130045383,2.348940688824878,user,ohp,heavy
1789040475296,7.356484460559487,-1.0094555672243237,-0.487069669585675,-39.81612331372577,10.099163810557751,9.991099118830748,user,ohp,heavy
1789040475312,8.145075216895341,-1.299752518518269,-0.6434411116451024,-39.38183939572885,18.10791407468725,16.271989961639086,user,ohp,heavy
1789040475329,8.667011178809403,-1.3813050125673412,-0.5262744295097888,-44.197324251168354,28.004508134840762,25.97498230976859,user,ohp,heavy
1789040475345,9.80051485824585,-1.7380407676696776,-0.15292948491200803,-54.92718943723238,45.71889232276126,38.97404636642782,user,ohp,heavy
1789040475362,10.378564921569824,-2.137423824365437,-0.173428813713789,-57.98992480824155,57.15668271063501,44.52848938817101,user,ohp,heavy
1789040475379,10.591948729053138,-2.423979835565388,-0.27114363027364013,-54.44125562873182,63.897102704386285,47.072950004959615,user,ohp,heavy
1789040475396,11.427224079674481,-2.66549434351176,-0.40940892227813597,-42.58020866327614,70.18300775981906,55.339753353668655,user,ohp,heavy
1789040475412,12.320710796245931,-2.699911576898396,-0.38411929045990106,-36.00686192681255,75.52414738887734,67.73465131974712,user,ohp,heavy
1789040475429,12.374582671687007,-2.7172701234564185,-0.06120119541585445,-39.770504480259255,82.29753670575225,82.48917132329531,user,ohp,heavy
1789040475446,11.841571773529052,-2.879177426202595,0.531362546429038,-70.48742246093735,105.13673989398026,102.93864158509759,user,ohp,heavy
1789040475462,10.639833931300043,-2.912846471570432,1.5852616510137916,-113.71624296327083,131.63738893019865,118.15111211211679,user,ohp,heavy
1789040475479,10.181641835021972,-3.0069676475524902,1.7814365495428441,-157.0426190575196,158.96757127130428,134.14350828008142,user,ohp,heavy
1789040475496,9.181164816284179,-3.10258607635498,1.3687354538515208,-206.6661153778183,175.26123342317982,153.19816512090787,user,ohp,heavy
1789040475512,7.822156098937988,-2.6859955720096824,1.704522236688435,-238.59872506848862,187.80770353222462,170.33606597495367,user,ohp,heavy
1789040475529,7.308750064960122,-2.047940829578042,0.5671271027714013,-253.71213053178596,202.48052081292113,183.9909255221298,user,ohp,heavy
1789040475546,7.114819730487466,-2.55341723960042,-1.5031094375059009,-244.31275204509458,231.52975248509225,228.7197853397923,user,ohp,heavy
1789040475562,8.209418217468262,-1.4417583122253417,-1.2126628486081956,-240.6382741961678,215.31228792359735,261.6453132904857,user,ohp,heavy
1789040475579,3.61703928129822,-2.3994372227221725,-0.4326023124694824,-220.93432591246156,205.3937194373366,246.29323369683146,user,ohp,heavy
1789040475596,0.7932283530086278,-2.3386866936832664,-2.1251536869876086,-197.3722223326686,213.75749098169234,230.03773864203797,user,ohp,heavy
1789040475612,0.5771525299623608,-4.3192906015694135,-1.0112510723389685,-191.46476439876787,204.34376909774392,220.09374819168644,user,ohp,heavy
1789040475629,0.44606984293833374,-4.364631380030513,0.21487989125996826,-207.9233346379642,194.70040259352135,216.77303316063131,user,ohp,heavy
1789040475646,0.04982888366058469,-4.233696723175049,1.523310514013469,-233.43614024471282,173.2617365247936,211.92713688791233,user,ohp,heavy
1789040475662,-0.7600096086915582,-4.598961529430746,0.09576817600410431,-247.87658082946714,166.66003084289613,209.93865025446817,user,ohp,heavy
1789040475679,-0.8060978079864755,-4.69832206737101,-0.4393358402418904,-257.06146405546343,156.17689258022048,211.42957126725523,user,ohp,heavy
1789040475696,-1.298854583297856,-4.661360994720459,-1.7467198948182165,-252.90018496401152,133.87001384533576,214.12057017759187,user,ohp,heavy
1789040475712,-2.760365095752105,-5.057601369476318,-3.7544074783325194,-242.34475597916045,123.53265914030486,210.25771571135613,user,ohp,heavy
1789040475729,-3.6935049736022947,-5.408500965771078,-4.209305793762207,-237.69052847493037,118.4243196789173,200.36868096306654,user,ohp,heavy
1789040475746,-4.578461616107076,-5.9754778464168306,-4.305821755926311,-236.79366999539434,112.01583321845031,184.7681873892989,user,ohp,heavy
1789040475762,-4.420294961193949,-6.272060161590576,-5.913977668054401,-238.95425007516613,117.48150768664541,183.54669001851218,user,ohp,heavy
1789040475779,-4.199579495648295,-6.71648384475708,-5.197512528991699,-260.6040372911389,115.45346059752856,177.71130424073345,user,ohp,heavy
1789040475796,-5.431396395929157,-7.165396656036377,-5.959316985210776,-285.5771213496732,120.47242020343732,162.41091551871784,user,ohp,heavy
1789040475812,-5.107131708581745,-6.456563327026367,-8.349479014587402,-283.4783681422683,115.47656029730153,157.043479661355,user,ohp,heavy
1789040475829,-5.063287890680134,-6.165967100524902,-10.620977839660643,-252.01597599481835,118.86466197470803,152.7503642585435,user,ohp,heavy
1789040475846,-6.090400402887165,-6.421847402954101,-13.323432963562011,-206.3440036565605,123.86257093759481,138.68333011571377,user,ohp,heavy
1789040475862,-6.373814024408161,-6.982838779449462,-12.171821965026854,-195.0301777870279,111.97262544176081,123.97961305921216,user,ohp,heavy
1789040475878,-6.342240197753906,-7.154173251232504,-11.4728641333431,-189.23353284222148,80.1570851934645,108.72362056680163,user,ohp,heavy
1789040475896,-6.181828978784382,-7.081449960327148,-13.251457276153564,-155.5884444624672,41.631222179994566,92.70740069901201,user,ohp,heavy
1789040475912,-5.8776157303407786,-6.7094508773803705,-14.936526332092285,-98.62742618098554,22.825913347650456,85.19989581995495,user,ohp,heavy
1789040475929,-5.3018102310732,-6.880935571289062,-13.98722595836222,-82.3972438072561,-3.5181834839230244,83.90944768949693,user,ohp,heavy
1789040475946,-5.232527728271484,-7.206397067205607,-13.257592417907714,-57.99480839349811,49.37364458536505,76.69986883184664,user,ohp,heavy
1789040475962,-4.930858319091796,-7.42441934814453,-11.748497183990478,-94.92734195286039,18.744854828000328,82.23756764483954,user,ohp,heavy
1789040475979,-6.124068863733113,-6.18302549509257,-11.442039371490479,-91.12130100014082,48.65938779819472,66.00384723312004,user,ohp,heavy
1789040475996,-6.028001229858398,-6.876595788519084,-12.994978423309325,-79.7486467112869,100.23435795682528,50.109255958975425,user,ohp,heavy
1789040476012,-5.232078815460205,-4.914846803228556,-10.178499445343016,-88.41614993784391,100.85127430303916,34.94539930337379,user,ohp,heavy
1789040476029,-4.519355054882913,-4.28861357762441,-9.784952547454834,-85.7591243884389,105.4116959892083,25.77039423846461,user,ohp,heavy
1789040476046,-3.6352960918702184,-4.005798506518453,-10.443657279205322,-75.1463764560731,107.5169242159463,19.056528312659054,user,ohp,heavy
1789040476062,-3.462464659527689,-3.2368107146665452,-11.296292345428466,-54.05931145034471,45.20939094652958,10.820466791630594,user,ohp,heavy
1789040476079,-3.301304814147949,-2.763207552636415,-12.179452898296713,-12.828869402920857,-2.093198342618914,7.130242368459173,user,ohp,heavy
1789040476096,-2.339434443310648,-2.949656153051555,-12.505962734222411,32.61839483428546,7.379865718942452,11.586467384405646,user,ohp,heavy
1789040476112,-1.7811365436829625,-2.956988541766256,-10.31107836227417,45.72207860600908,7.859684800588555,28.54307708863273,user,ohp,heavy
1789040476129,-1.9186533554077148,-3.250427882739156,-9.40382557067871,34.28096191600953,14.37462146681749,35.05133895249527,user,ohp,heavy
1789040476146,-2.5435398425780233,-4.214692309106141,-9.463081477245687,26.313906541668377,34.85296635333601,32.86979019197154,user,ohp,heavy
1789040476162,-3.3387142150878906,-4.06355847543925,-9.695768535614013,16.40350525410768,54.916838285545225,23.011093436427842,user,ohp,heavy
1789040476179,-3.3298857425965367,-4.018966615649313,-9.69083049468994,9.144851487270863,65.78362144371131,14.822307923513268,user,ohp,heavy
1789040476196,-2.778620664215088,-3.959261211749166,-9.126247815704344,3.7395230210532806,66.28641898927263,9.795502137795447,user,ohp,heavy
1789040476212,-1.9388545780457556,-3.7485713195249435,-8.864681284332274,12.41731806202903,41.95513024100408,4.808570142678513,user,ohp,heavy
1789040476229,-1.5442600708007812,-3.683778237096965,-9.124900492748617,29.434047945104215,20.674700872325335,-0.12306800265172936,user,ohp,heavy
1789040476246,-1.4437037472046912,-3.2347157882139084,-8.884283810424805,40.19712492600742,8.939364392317382,-6.538213950920339,user,ohp,heavy
1789040476262,-1.3343185857910662,-3.2315731062740087,-7.985709415325522,31.80458120977303,9.491527130104968,-15.461622167562924,user,ohp,heavy
1789040476279,-1.1987468437194824,-3.251474907574057,-7.838466013225912,17.617209379051438,24.231332344860007,-18.776504217066872,user,ohp,heavy
1789040476296,-0.8550293409485369,-2.9803321540832517,-8.124424058532714,4.7546022567253035,38.690009534698255,-16.1689668032932,user,ohp,heavy
1789040476312,0.02828143404535949,-2.7959783339902757,-8.258050438690185,-3.0054285897688846,38.68051215665736,-5.784704920363593,user,ohp,heavy
1789040476329,0.23178857515864074,-2.7269956909179687,-8.154201941680908,2.4534449310036,19.680244112191694,-0.2540358928109454,user,ohp,heavy
1789040476358,0.8617628139220178,-3.901501242828369,-7.757811929321289,-2.333260922368056,-7.600743791416909,0.5365457236937632,user,ohp,heavy
1789040476362,0.8617628139220178,-3.901501242828369,-7.757811929321289,-2.333260922368056,-7.600743791416909,0.5365457236937632,user,ohp,heavy
1789040476378,-0.7576152974335476,-3.0485666091367603,-9.572616787719726,-1.1431735638617944,23.753944810558426,-1.994727932241663,user,ohp,heavy
1789040476396,0.1375168847899884,-2.9932009880065915,-9.989806427001952,4.805183222623833,39.62882586630568,4.749536817682093,user,ohp,heavy
