epoch_ms,acc_x,acc_y,acc_z,gyro_x,gyro_y,gyro_z,participant,label,category
1788983667839,-0.3305488091181963,-5.863249059075117,-9.412055638885498,11.172796977323824,-7.672753622062707,-45.95154905645941,user,squat,medium
1788983667857,0.5669774651676416,-5.7695765036433935,-9.594464462390542,34.07338905203826,-24.46644965420665,-42.04155603966684,user,squat,medium
1788983667873,2.4453783051639792,-6.038774552807212,-11.042058056640624,66.26992408242705,-5.789939833475585,-39.42315862511284,user,squat,medium
1788983667890,0.9382284331608564,-5.397278145489096,-10.55917809382975,96.1378427190834,-34.829187049740604,2.565990653712954,user,squat,medium
1788983667907,1.6582845824528485,-4.988467042973637,-10.333673640441894,103.03933223384192,-38.188516555268414,47.5328881134791,user,squat,medium
1788983667923,1.7173912898074837,-6.66545683735311,-9.628132923236487,59.702594742622246,2.932708206005993,25.617717312400025,user,squat,medium
1788983667940,-3.610605156597495,-10.82867424915731,-8.602067874255775,42.098895477749096,17.746982973281682,-24.591020351836637,user,squat,medium
1788983667957,-3.142987571782991,-10.120888383373618,-9.182661192321778,61.29825670633146,-8.90592122482006,-39.296554238657485,user,squat,medium
1788983667973,-1.2589007220394908,-8.47831582238078,-10.475380451202392,112.09268650699129,-48.6055932282917,-28.24475320870679,user,squat,medium
1788983667990,-0.3248628724362701,-7.944109576958417,-10.54047280883789,136.99931965509046,-65.71341392923276,-22.50518986234146,user,squat,medium
1788983668007,-0.8149258055537939,-8.099882906994223,-9.89493677074015,146.66523944395243,-67.33212778139075,-30.02373574219185,user,squat,medium
1788983668023,-1.0102029515255242,-8.814552102550863,-8.91301481486857,150.7947581557638,-61.23106130527687,-44.09894903655266,user,squat,medium
1788983668040,-0.4303572369564324,-8.443151570019126,-7.45000796290934,144.53558646074245,-74.76304574928447,-55.73126321198837,user,squat,medium
1788983668057,-0.379181322601065,-8.488940676769614,-6.91400665076375,139.20456917203413,-91.56997612671896,-65.25669283981235,user,squat,medium
1788983668073,-0.5844840418942272,-8.951619563072919,-7.2535332046508785,136.24222050635123,-103.19652903758976,-76.9837724748874,user,squat,medium
1788983668090,-0.0921763255245983,-8.383896247974038,-7.689877626258134,139.42839447113545,-108.5585895360758,-87.91615960003146,user,squat,medium
1788983668107,0.4153944264285266,-7.740154692077636,-7.377135034400224,144.62507559924796,-117.33922118585572,-86.7611541208148,user,squat,medium
1788983668123,0.6209964209292084,-7.182755202594399,-6.920740342932939,159.69086098365196,-129.30328106437352,-84.59963830512672,user,squat,medium
1788983668139,-0.7929292969968169,-8.074594151958824,-8.04376997462809,188.02223977405475,-144.84190678463918,-100.67890081895555,user,squat,medium
1788983668157,-1.452981059442088,-8.334664307293295,-8.045266350665688,201.37777311104423,-154.2189095716096,-121.73992572847328,user,squat,medium
1788983668173,-1.4270936809264123,-8.369080956158042,-8.025963392041623,216.2001032326723,-154.09275597763946,-137.7730434842695,user,squat,medium
1788983668190,-0.7339724464416504,-8.004863613128661,-8.328680264447629,237.6876051539656,-126.1213691376314,-146.0352774364238,user,squat,medium
1788983668207,-0.5168482833862305,-7.62298786381185,-7.902811790277808,268.51432525574086,-131.42472416020115,-152.5441198663658,user,squat,medium
1788983668223,-0.3401267117373645,-7.402271813744306,-6.357204688782245,300.94725996349297,-150.57788598923756,-166.490368943913,user,squat,medium
1788983668240,0.1165674010679125,-6.3886266858756535,-4.54659008514788,328.8790180459366,-165.90320490172368,-190.4486098351884,user,squat,medium
1788983668257,0.8539812201350927,-6.279092544445395,-3.881151661228202,340.8978014000846,-164.58582533536833,-207.5504063092815,user,squat,medium
1788983668273,2.581547647802532,-5.696553353008627,-1.5982801225408911,351.2764650892157,-183.63899319495573,-217.3976676206073,user,squat,medium
1788983668290,5.211727516826987,-4.677372218322754,-0.616957009345293,351.6000521313342,-182.29485294743225,-225.8107121496355,user,squat,medium
1788983668307,6.047005790057778,-3.700838969752192,-0.0202013687685132,337.2167119280412,-167.57681981443025,-217.99995370161903,user,squat,medium
1788983668323,7.439232886394858,-2.5107699380069968,1.4460966336905956,303.7035418219166,-152.45844197341717,-201.14262335829903,user,squat,medium
1788983668340,9.496001165550949,-1.6403274124145506,2.268055991142988,242.4501594584321,-112.85133610867211,-156.1186720477353,user,squat,medium
1788983668357,10.146327945056557,-1.6539456034004687,2.3918062894523144,194.72205429319027,-72.48746577445718,-112.91237750928452,user,squat,medium
1788983668373,9.821462369206548,-1.776197772106528,2.813783163011074,150.6667467503394,-41.84636289356621,-81.37522211117958,user,squat,medium
1788983668389,9.08449950877726,-1.9868892717659472,3.1534631538942453,115.3212281351971,-27.027294187266826,-62.58061789281218,user,squat,medium
1788983668407,7.516894802746176,-1.947832688140869,3.420115902489424,90.12716696644546,-25.90000049306019,-58.31944728474881,user,squat,medium
1788983668423,6.34583091572225,-1.9204495911747217,3.4253532186210154,83.1806596748674,-35.07687361470737,-64.96145791293854,user,squat,medium
1788983668440,6.837989579010009,-1.887678955951333,1.3667889959588646,86.0839476947972,-16.73515021189953,-61.92012493969361,user,squat,medium
1788983668457,7.397634801593423,-1.6177333032906054,1.2521677605226635,92.55208902747508,-16.654460064592293,-51.89579780432439,user,squat,medium
1788983668473,8.104822701483965,-1.5861600611582398,1.7320546789973974,95.99656708629088,-20.309977308383115,-41.931122126071486,user,squat,medium
1788983668490,7.741351208385825,-1.516128785815835,1.879896046990156,89.51331737516891,-19.753094909879053,-37.90219844035606,user,squat,medium
1788983668507,6.079627372199297,-1.278355217963457,3.076848116247356,66.08815225804551,-17.398805542603817,-45.28686578228504,user,squat,medium
1788983668523,5.061192087444662,-0.7820067017704248,3.820846282140911,44.13079137846326,-12.852068140436806,-51.797986080315226,user,squat,medium
1788983668540,4.92277671944499,-0.2566290749698877,3.788374629864097,22.735030850554267,2.049018758076567,-51.68875769510838,user,squat,medium
1788983668557,5.701942060309648,1.3542185604602095,3.186831462749838,-13.808954591267144,15.52113702089583,-34.04173795542442,user,squat,medium
1788983668573,6.873752381786703,2.492063776232302,3.4663545065730808,-46.688837241511024,26.750125110747703,-5.939060365416711,user,squat,medium
1788983668590,6.948572937232256,2.730884807310998,3.1881784934446213,-69.50616333382747,28.586990082354035,19.41040212110471,user,squat,medium
1788983668607,5.867141974860429,2.577356333592534,2.364722759954631,-83.75621922565686,14.190749359266162,45.88863276891984,user,squat,medium
1788983668623,4.308364718407392,1.7036241188049317,1.420508018925786,-83.94593456004314,0.4254778831660702,53.22590884329267,user,squat,medium
1788983668640,3.1049802780151365,1.1991954642698168,0.8069947202935814,-74.05246018879302,-1.272758474116215,50.90894133718968,user,squat,medium
1788983668657,1.4631564895629885,0.0840957487910985,-0.4891662034735083,-50.31396697368446,-7.649794794941356,36.54986538092314,user,squat,medium
1788983668673,2.6316777063667773,-1.6101020777598023,-1.0565917046695947,-32.467075408318415,-20.78248467252272,41.56324472228001,user,squat,medium
1788983668690,4.196587181964516,-1.499369958716631,-1.0642229302003978,-14.523388109582246,-29.477945570899887,55.60360697640083,user,squat,medium
1788983668707,3.810969908031821,-3.261501796069741,-1.4290394081667064,2.21931244955791,-17.827095969604052,62.11106970813048,user,squat,medium
1788983668723,2.008885414996743,-4.3177942255318165,-0.2394195814937353,6.110165141861993,-9.33770443980711,47.7360145243007,user,squat,medium
1788983668740,1.7121546312630176,-4.644752974268794,0.6763616767331957,3.625560460977972,-3.493025976219163,30.248869022519223,user,squat,medium
1788983668757,2.47126327252686,-4.979190680584312,1.438165548430383,-8.55648191669304,17.893866191382806,12.152199146753109,user,squat,medium
1788983668773,4.093485119408369,-4.484938259887695,2.2053572506457564,-14.985436746555267,14.573981028311822,11.971229869599036,user,squat,medium
1788983668790,4.873996029663085,-4.725855970984697,2.7584198799684643,-25.959067969002454,10.095009347995092,12.256958026921826,user,squat,medium
1788983668807,6.146213767784833,-5.149329220581055,3.0210324132621285,-47.09264144033676,21.03152190739785,16.40179770681518,user,squat,medium
1788983668823,6.672340167126059,-5.808333812060952,2.6967677259147167,-72.5477285335042,57.63397632983551,22.4070571194413,user,squat,medium
1788983668840,6.525695899963378,-6.737583915930986,2.607733936199545,-70.02052438965363,57.41245280448448,14.819024310069786,user,squat,medium
1788983668857,6.5399108877986665,-8.952219282531738,2.582145029173791,-51.73733400048551,29.2904193121426,5.535812827008328,user,squat,medium
1788983668873,6.871059489440918,-10.56651033641398,2.9254142767205837,-43.5260771652016,22.652035514402147,-1.3869167617999272,user,squat,medium
1788983668890,6.674734368786216,-11.230900712585449,3.082384123064577,-34.13842611331512,23.553280682932623,-14.55694482897452,user,squat,medium
1788983668907,5.868486959728599,-12.48770753108561,3.64262731154114,-15.540630380787048,18.75019774347857,-39.68988775748559,user,squat,medium
1788983668923,6.2948044928401705,-12.611757104602455,4.5941722493276,1.1974477411105966,10.080039280881715,-57.4869291871943,user,squat,medium
1788983668940,6.634034109607338,-12.136359021979567,5.151873352105915,13.468144373382785,4.453109169024478,-72.63827635133106,user,squat,medium
1788983668957,7.942764007568359,-10.449793005481364,6.781126997320354,5.748232137082548,8.280835118585188,-75.55346256079503,user,squat,medium
1788983668973,10.020780826458337,-8.458115914916991,8.618376619499921,-7.145658532302715,7.901424940380149,-65.14878951130449,user,squat,medium
1788983668990,10.920103409576416,-7.382222128406166,8.811559350475669,-9.69857833837838,3.0114848331285704,-48.56227958367006,user,squat,medium
1788983669007,12.70572835071981,-6.572682107543945,7.827092678557336,1.8672704124702897,-11.038870628078216,-22.231702257784978,user,squat,medium
1788983669023,13.14596159645915,-7.08698655166626,7.897571989928186,10.095624065020392,-28.71993800700104,-7.490349151409286,user,squat,medium
1788983669040,12.783540489196776,-7.629423449817299,8.052147634612023,8.053181498454078,-34.355650034583626,0.7753342063584336,user,squat,medium
1788983669056,13.25265554602742,-9.05966083559692,8.670452259173988,-6.946056072206024,-33.6092537922738,12.674626655989044,user,squat,medium
1788983669073,14.88220905097127,-10.66736725039184,8.276754262377322,-26.316542994688003,-30.813271459299475,29.563439048740936,user,squat,medium
1788983669090,15.207521201545,-11.732786404639482,7.712171583391726,-28.321681629328644,-30.423110563340835,34.588935145685404,user,squat,medium
1788983669107,15.235651317486166,-14.045883899036047,6.297797244915365,-20.169705713398564,-29.054904144276808,30.88566463431244,user,squat,medium
1788983669123,15.408783778601885,-15.28353651973307,5.907242514580488,0.5967854842131898,-22.09630571032052,14.922955883575284,user,squat,medium
1788983669140,15.964087757110594,-15.496920327216388,5.626821937395632,19.305905349445396,-6.354705550942313,8.196040027586772,user,squat,medium
1788983669157,16.690429854804275,-14.840459575000404,6.002712474822998,42.97973033349228,1.2341314064822655,-0.2855117257034649,user,squat,medium
1788983669173,17.20637914352417,-13.575423272815346,6.0938408987298605,71.68248699963615,7.802791032349642,-4.117711876057356,user,squat,medium
1788983669190,16.684292374962567,-13.136086683654783,6.8305065297782415,69.9250246846785,11.227919165246766,-11.23027558051042,user,squat,medium
1788983669207,14.608819979858398,-12.185738846698404,8.857199111883341,53.79132214807009,9.532378491530814,-19.525367865214363,user,squat,medium
1788983669223,13.940689248114824,-10.596288804084065,8.187720180401206,36.957402278130296,9.048895013395,-21.469765627566083,user,squat,medium
1788983669240,13.622258673748371,-9.829544553375245,6.769754247173666,44.18891628830007,6.167071716705601,-17.480202614490153,user,squat,medium
1788983669257,11.737571885350343,-8.586056066131592,4.560803355950116,56.599223161146085,0.93153684405607,-18.08222231812425,user,squat,medium
1788983669273,9.63277051990926,-7.915829823413491,4.348766579161584,59.96605562947715,-2.8922734861195183,-21.785088140788893,user,squat,medium
1788983669290,8.481310912543535,-7.6894290057078,4.560055752453208,49.1873409304692,2.1062147621862537,-30.422529997261385,user,squat,medium
1788983669307,6.412419064873457,-7.282712245123088,4.739769637785852,37.867186890670574,2.6196974983738226,-39.55199306833221,user,squat,medium
1788983669323,5.9691948206245895,-6.260688872748613,4.038269428142905,31.837007532857665,-1.7952123436134784,-41.871040367037466,user,squat,medium
1788983669340,5.766434113964438,-5.770475498309732,3.7514132649526,27.43809591489724,-10.938664922764955,-43.34266268032466,user,squat,medium
1788983669357,4.2229228157043455,-5.021838858960568,3.678541213226318,20.37728882265359,-16.00031064966537,-51.86712125509409,user,squat,medium
1788983669373,3.522319554901123,-4.211102321790158,2.931699932861328,11.049471081670074,-10.665330143691156,-59.23711052049671,user,squat,medium
1788983669390,4.217235417717695,-3.673304189355671,2.4637819768607616,10.669027837353072,-7.456506417845519,-52.98629214683029,user,squat,medium
1788983669407,5.45803276618123,-2.644396902686357,1.600074604742229,18.975534221933756,-9.291569073284611,-41.93439378668392,user,squat,medium
1788983669423,5.053710791778564,-2.512415951648354,1.400158766119182,31.650977085528613,-10.98258303912814,-36.14559331413926,user,squat,medium
1788983669440,4.173094078174233,-2.55326760199666,1.6374837134212257,36.74551614969816,-5.951996316817892,-44.67597366291909,user,squat,medium
1788983669457,3.732560972705483,-2.824410940009356,2.285863742773235,34.7498339119634,-3.0072178858880165,-46.8212677793284,user,squat,medium
1788983669473,4.8719022722542284,-2.686893689893186,2.889801403808593,29.6398176391346,-12.60232654230352,-42.96538693623525,user,squat,medium
1788983669490,4.811595979851484,-2.5315692726686594,2.946662524193525,23.25380079348966,-11.843170652850468,-41.391178596709054,user,squat,medium
1788983669507,5.096807590705156,-2.244864792908728,2.453907356317341,18.933584907598828,-6.908471248750737,-37.34466034369168,user,squat,medium
1788983669523,5.493942868474125,-1.9731214431762691,1.9436407894089816,18.480668233546112,-11.676562702199991,-33.24108952053719,user,squat,medium
1788983669539,5.129875747570395,-1.824531887164712,2.224361226323247,14.427212215879296,-16.58164683294537,-38.56519465780544,user,squat,medium
1788983669557,4.389018802312016,-1.4893430702209471,2.350505726292729,12.243344606132345,-22.40938962904286,-45.61527493795759,user,squat,medium
1788983669573,5.225495929938554,-0.9660615389168262,1.7503110511779785,21.142054858736163,-23.014450474404903,-45.17692364230992,user,squat,medium
1788983669590,5.990442191314697,-0.7490867212042212,1.5001161009088158,27.66009584594287,-21.70110242720712,-37.55130771703041,user,squat,medium
1788983669607,6.002414368659258,-0.723798404560238,2.070984143774212,20.7780484646568,-13.508591046100308,-32.68718849960583,user,squat,medium
1788983669623,5.575348647528887,-0.8497932669259607,2.500294428960979,6.2035466344207615,-4.236436358644633,-31.23208499882632,user,squat,medium
1788983669640,5.459080229407548,-1.0639246779061853,2.4999951537534595,-1.7333569765510792,-3.92291189272083,-30.012435194210063,user,squat,medium
1788983669657,5.230733246070146,-0.9678568979009984,1.5152306679323315,2.7025560172991283,-5.440627310735031,-30.06716891512396,user,squat,medium
1788983669673,5.348646508789062,-0.8173213223882019,1.2207429869502782,10.44339936831087,-7.4931068402866785,-28.05846492173657,user,squat,medium
1788983669690,5.197960857281089,-0.6988086324714123,1.323693658336997,17.465299141721186,-9.699734347895406,-30.27768900572209,user,squat,medium
1788983669707,4.9926574804008,-0.8764284681342541,2.450164954918623,16.13682393305912,-13.435449965373229,-31.22790492305427,user,squat,medium
1788983669723,5.093514394378662,-1.0981908123843371,2.8473037398189303,11.813486650717593,-11.55780193423275,-31.280500794757952,user,squat,medium
1788983669740,5.0564025150805705,-1.3732250203557312,3.3397608015313742,7.440055053455897,-14.105231121989371,-33.37975943616137,user,squat,medium
1788983669757,5.055056945690512,-1.259500295367837,3.670759473308921,7.032310262365884,-20.359656689311205,-36.68324189994057,user,squat,medium
1788983669773,5.396232435828447,-1.0380370801948011,3.765779936218261,5.790127236790937,-21.94628914293765,-36.40003152110057,user,squat,medium
1788983669790,6.852804870826006,-0.2262529336676001,3.5673604736328124,9.323088688756927,-23.43131228737641,-28.0985461793335,user,squat,medium
1788983669807,8.594584240502119,0.627130247509107,3.4518396590083835,13.810181463996807,-26.05963738188902,-17.42667954460664,user,squat,medium
1788983669823,9.2576308008492,0.9575300035454332,3.596389876501262,16.131177074162814,-28.97411666677389,-5.291633564180373,user,squat,medium
1788983669840,9.822360194829104,1.3242919895563274,4.0237539960563184,14.56069801792344,-31.897622046646944,5.054866764149173,user,squat,medium
1788983669857,10.140641131591796,1.3649933447137474,4.195538841955363,9.060347533085816,-31.90438051883067,12.041698638813353,user,squat,medium
1788983669873,10.491542481452226,1.2523161560174076,3.993229093933105,3.706865752197334,-27.60024972843522,18.330774609568305,user,squat,medium
1788983669890,10.931325060814618,0.7457930134210735,2.962674040056765,-2.164725150824345,-12.40672699994728,24.182443558328348,user,squat,medium
1788983669907,11.303176844245195,-0.2246070661567151,1.9729715133115648,-1.1220170529076798,-8.375664611247998,26.53370885934856,user,squat,medium
1788983669923,11.24766129325032,-0.8149274129889905,1.684021884973347,3.998157952372745,-9.183594027790466,24.42104084905711,user,squat,medium
1788983669939,10.561122213634848,-1.7166433209843932,1.221341829626262,9.871388100795228,-8.267120952505449,18.955234899720477,user,squat,medium
1788983669956,9.88266707175374,-2.246211239081621,1.0673644430965183,15.861210432123473,-3.9961707942110944,5.50317861004083,user,squat,medium
1788983669973,9.625138417595624,-2.2321447198063136,1.2704223791375755,16.127598055037726,-2.1294689949892085,-6.751936119578738,user,squat,medium
1788983669990,9.858723301586508,-1.6325468415409323,1.9906281660333276,10.357183597965092,1.2574352648784086,-14.22833674404239,user,squat,medium
1788983670006,10.976965699005126,-0.5515649381108582,2.348112109154463,5.279958636454705,2.05376083035126,-12.069736565356251,user,squat,medium
1788983670023,11.25469309158325,-0.1083385019049048,2.485629651531577,1.3097641188742266,1.065153166746385,-6.937147797981035,user,squat,medium
1788983670040,11.208905153876543,0.4472657747246324,2.491166242870688,-1.7808184669896168,-0.6887646535579897,1.834260535098441,user,squat,medium
1788983670057,10.621575221031904,0.6162069216303527,2.449267421557009,-3.947032278887907,2.3130969232777088,7.842195247445091,user,squat,medium
1788983670073,10.230873775702714,0.656608928515017,2.355744503729045,-5.268670468190789,6.923328617742807,14.035973857579089,user,squat,medium
1788983670090,9.83777403706014,0.4153932573847472,2.199971465954184,-5.897907621893738,14.138547930987048,23.814987918718124,user,squat,medium
1788983670106,9.476399223980309,0.171633600860089,1.987784759300947,-4.66800058069142,18.084126233355388,32.45495523763623,user,squat,medium
1788983670123,9.313144013756514,0.0204996210627257,1.9574086179986596,-3.821715383091098,20.80239296640601,42.21777833534775,user,squat,medium
1788983670140,8.788815019226075,-0.1843544046148657,1.938554864446819,-7.013400456761881,28.089415923960484,50.84455314388397,user,squat,medium
1788983670156,7.808688714599609,-0.2644102303653955,2.054373785234988,-13.466295953438651,35.73747243575807,54.8754814901208,user,squat,medium
1788983670173,7.467366509467363,-0.2253552541755139,2.112583397619426,-22.798543072098923,42.282634396611606,55.80309972658398,user,squat,medium
1788983670190,6.568643061286211,-0.1985702692329883,2.3057655440732834,-33.99638549933554,42.72315769241533,49.02764086239054,user,squat,medium
1788983670207,6.100424076512455,-0.0787098179690539,2.1675001059383154,-38.70287761109456,39.93937066220406,45.37864986435167,user,squat,medium
1788983670223,6.16043050918579,-0.0926268457710742,2.0162167807981373,-41.53736855060942,39.17424604119007,47.43438654036376,user,squat,medium
1788983670240,5.808780971306562,-0.1370683373048901,1.7654229878529906,-41.96646152483713,35.34557325665566,49.84857154401813,user,squat,medium
1788983670257,4.130746051788329,-0.5568021081119775,1.731305906456709,-43.07214962315172,26.938887633744763,41.93019322034437,user,squat,medium
1788983670273,3.1214404144287107,-0.8227084222540259,1.9818001319333909,-45.87345267348948,16.705527681469185,28.19429518621332,user,squat,medium
1788983670290,1.4758756858825683,-1.001525066486001,2.184559377288818,-51.55327747782659,15.933859739230314,16.673147462161445,user,squat,medium
1788983670307,2.316238715031743,-1.057788513238728,1.7030243993461132,-62.378123274488814,28.03988339209955,20.009442154713383,user,squat,medium
1788983670323,3.097200291663408,-0.9727952310860156,1.2802996300294995,-64.61356222756395,27.85866481304077,30.240560097393903,user,squat,medium
1788983670340,2.9128473483532664,-1.24753074837178,0.6397013405948877,-60.1468917179424,20.91876914457928,30.135976240822668,user,squat,medium
1788983670357,1.859396864318848,-1.678785153363645,0.3687064711421728,-49.3801469254549,22.496851908912166,20.924368192151395,user,squat,medium
1788983670373,2.4164982476383448,-1.9773124651253224,0.3347393196105956,-32.07796636149196,19.07001110608066,19.846108425996285,user,squat,medium
1788983670389,4.333953333172202,-2.877381774957478,0.5668260739982128,-10.004430794316969,9.317029457189482,26.1298858775026,user,squat,medium
1788983670407,5.414786329650879,-3.645472179578245,1.8466770834773776,2.112866939551023,5.386767427148072,39.356694054299446,user,squat,medium
1788983670423,5.355379616436362,-4.07627884080261,2.9718025184080004,-8.285092887759044,7.789303116286159,43.25760974968507,user,squat,medium
1788983670440,4.959588154491782,-4.352958185632526,4.898684772978723,-25.757292228089234,10.34194629970044,43.58141877295162,user,squat,medium
1788983670457,5.849483568572998,-4.210653408978879,5.237764752142131,-43.44239027239602,7.761488024664929,43.31887996163468,user,squat,medium
1788983670473,6.648997285461426,-4.015675611279905,5.18404456013143,-46.579298082696944,3.3453011507462462,51.55900800654023,user,squat,medium
1788983670490,8.224981697303056,-3.886538651496172,4.218882015880942,-35.383467146170894,-0.8266630779710794,62.37925708589104,user,squat,medium
1788983670506,7.877520843285322,-4.510526290130615,3.869178643633425,-20.90973109676006,-1.2340998168573545,68.12948406509805,user,squat,medium
1788983670523,7.563430928471684,-5.196465065765381,4.2562902477771045,-20.60346882947127,0.1959023118355421,68.10415772365565,user,squat,medium
1788983670540,7.668031120631098,-6.966081121394038,4.721665533557534,-23.784789944850207,2.706278256953374,66.4578225864941,user,squat,medium
1788983670556,7.720102668651938,-7.664887561908364,4.508730054363608,-22.533892024781142,1.7564392806860198,63.05144332286867,user,squat,medium
1788983670573,7.811231384819745,-8.661921746715903,3.973924674004316,-18.14701178504369,2.87401446947737,53.86586341757702,user,squat,medium
1788983670589,7.835473261150717,-9.27573636638224,3.947738970129192,-16.49935842137235,8.405555226603267,46.54508225004976,user,squat,medium
1788983670606,8.010997001317143,-9.587430325970054,3.793611653734744,-7.518276941151821,10.861449634197964,35.41095524248561,user,squat,medium
1788983670623,8.302193531799317,-9.471013439288734,3.690511344744265,6.997478858919758,9.457565722004372,31.8040416248286,user,squat,medium
1788983670640,8.764424089813232,-9.375095150756836,3.71909212706238,24.68806197201688,4.855835478621825,25.907527361525545,user,squat,medium
1788983670656,7.7703820725589985,-9.354895243293049,5.105335765075683,35.56867114061038,0.5714302745493687,7.8501216819768915,user,squat,medium
1788983670673,8.021023889812827,-9.202862268829346,5.7541635381951926,38.95846670493103,-3.432912414116823,2.146365602335351,user,squat,medium
1788983670690,9.511863920593262,-8.738537368884682,6.156539639227092,40.33120836960394,-5.318405344405884,4.552619475702864,user,squat,medium
1788983670707,9.960178765979409,-8.588601074439287,6.6846107428953045,33.81112344828811,-6.365213796980378,7.31352153021318,user,squat,medium
1788983670723,9.853036488121749,-8.60670547092855,6.953358710204064,28.16404257083204,-13.190142013784929,8.573518116030343,user,squat,medium
1788983670740,9.880571560779211,-8.699482538825272,6.838587837164104,25.83805409238276,-19.16622968846592,11.19603071955927,user,squat,medium
1788983670757,9.905410818481444,-8.77789264319539,6.615627807562053,28.03682688244597,-24.174160246412416,12.858452659763476,user,squat,medium
1788983670773,10.009857865905762,-9.079860743060708,6.258588685598969,28.843151204533488,-21.820263615014458,11.273673748723034,user,squat,medium
1788983670790,10.047266682323812,-9.580697218322753,6.194696643663942,34.8386195409844,-25.7585763036532,8.58284132424741,user,squat,medium
1788983670807,10.1063747048527,-9.88251743414998,5.986102408544719,44.49347100829635,-29.994345438193285,0.5434145461212688,user,squat,medium
1788983670823,9.758017778778076,-10.32978423178792,6.574477758789062,41.743869074881,-29.013520028095694,-12.32214449858678,user,squat,medium
1788983670839,11.457452044677732,-10.428844325476884,7.59425773615092,35.23849979613196,-28.925888701044435,-14.007889827259287,user,squat,medium
1788983670856,12.381762938579916,-10.551845266723632,7.709627451866865,30.41843529885396,-28.154159287103035,-12.509053478997826,user,squat,medium
1788983670873,13.110050325122474,-10.77749994223714,7.931989807836711,29.954617642885907,-34.9431419258531,-16.372386912249105,user,squat,medium
1788983670890,13.647249322620034,-10.682180788642167,8.359055528967081,25.47955283077442,-35.26175659025586,-12.825156341333308,user,squat,medium
1788983670907,14.704887905994056,-10.518626887732744,8.578574478204548,17.107634578286174,-24.737437409526905,0.8109887543212522,user,squat,medium
1788983670923,15.904832435065506,-10.22728247321248,7.808988574329018,11.246165161840809,-3.383699193599589,1.191361615673292,user,squat,medium
1788983670940,14.025383547320962,-10.792913199946284,8.078934811511635,9.198680208119733,0.2339917155157644,-14.142088530298052,user,squat,medium
1788983670957,13.42758015125692,-10.84064642650187,8.359652910338342,14.079696459777278,-3.6041029948135535,-30.16747365818018,user,squat,medium
1788983670973,12.272678294482828,-10.955120654682814,7.394341605266928,30.93421361893289,-3.81727576013059,-49.26198465281368,user,squat,medium
1788983670990,12.732363259667157,-9.943419354358316,6.143221307970583,49.775191406670096,-10.21640827652925,-48.785988769555495,user,squat,medium
1788983671006,12.729220869988202,-9.566930558776855,5.847687040545046,56.44288354613908,-14.543586686505266,-47.729805882345154,user,squat,medium
1788983671023,10.123433391681314,-8.91585880612284,7.090427632030845,44.01923048365486,-24.0230832921609,-64.38253790907743,user,squat,medium
1788983671040,8.322695052558183,-7.975236828888952,7.586327819934487,31.90430197165521,-25.6138736234446,-68.86532083495104,user,squat,medium
1788983671056,8.972719049724937,-7.160908112445473,6.843825153295695,32.737670427761394,-24.72942218253589,-57.62910640495728,user,squat,medium
1788983671073,9.458741986736657,-5.450850161200761,4.747851529693604,41.25168564328988,-30.92577492021334,-42.5014326764838,user,squat,medium
1788983671090,7.634508790257573,-4.566042425647377,5.041290286144614,38.525197070025854,-35.96598324463002,-42.6732836510959,user,squat,medium
1788983671107,6.754490042546391,-4.415805979211628,5.241205247984826,29.65168167772292,-35.371930956662744,-42.28684179314033,user,squat,medium
1788983671123,6.954856547546386,-3.8163586153328417,4.747551669964194,23.86830949802112,-23.54938235246384,-28.55937391999238,user,squat,medium
1788983671140,6.773048028022051,-3.428498238648474,3.6195842896059154,22.213433209302487,-15.423451655386309,-17.973664999003358,user,squat,medium
1788983671157,6.350321212878823,-3.230826379559934,3.503615146692097,24.91300912968937,-24.49721453377568,-15.367666085340227,user,squat,medium
1788983671173,4.715080309948325,-3.2656916489750145,3.220051303045452,33.00403414501356,-41.82692759028294,-23.17043491957507,user,squat,medium
1788983671190,4.128801347461343,-3.540726441468298,2.4964044357851147,31.42259263515631,-36.04099921228427,-31.59760598735413,user,squat,medium
1788983671206,3.69709452252686,-3.563769755664468,2.368013910454512,24.291593396359737,-24.261576422504824,-36.5998247996072,user,squat,medium
1788983671223,4.523244317406416,-3.46336263128072,1.513883052715659,26.061981844321625,-18.455860986480623,-33.71760108307771,user,squat,medium
1788983671240,4.116231788745522,-3.182194450598955,0.974739643152058,26.118225037042095,-19.182973897216208,-37.41653100923314,user,squat,medium
1788983671256,3.7550060287475584,-3.0415348108038303,1.2608461570188405,25.782444399707806,-26.846726183726485,-44.9660586271587,user,squat,medium
1788983671273,3.150019443181157,-2.743156844384968,1.4211077383846045,26.640213706623857,-29.0097395183901,-55.9749711917636,user,squat,medium
1788983671290,3.7313615337878474,-2.125303470721841,1.2499223196834326,26.73156748677278,-22.66684507207003,-57.26212375594709,user,squat,medium
1788983671306,4.221426439666748,-1.6614271913275125,1.16537678129822,25.542904542873583,-16.643859611000433,-54.120274303781656,user,squat,medium
1788983671323,4.65402875213623,-0.9220677911505104,1.434275555254519,23.55396711694421,-17.755278238028662,-52.768316904753085,user,squat,medium
1788983671340,4.917091659545898,-0.4792901216253638,1.76228147495687,17.368605861188605,-20.77541542673176,-51.51837179607324,user,squat,medium
1788983671356,4.850053428539633,-0.4046208112187683,1.6756415946409104,8.910666498745927,-16.478707344416815,-50.9168643566269,user,squat,medium
1788983671373,5.086928586247563,-0.4388876763492822,1.6314976247489452,1.5841348455460489,-8.667078901054824,-53.78163010963784,user,squat,medium
1788983671390,4.831799394446612,-0.8698445596992969,1.2066782212406395,-0.508468683645692,-5.987907743926527,-59.56970658213048,user,squat,medium
1788983671406,5.224297660064697,-0.8441064534612,1.496525382940471,-0.5937532003868214,-11.454754870224766,-63.569998114845205,user,squat,medium
1788983671423,5.499180769127607,-1.0284600543584674,1.3548176953971385,0.3846403422011227,-13.198651575717117,-68.49765858211842,user,squat,medium
1788983671440,6.022462884953618,-0.5054766292180866,1.125124558147788,7.397344173028514,-10.935377040453242,-71.72562647443395,user,squat,medium
1788983671456,6.500854888695479,-0.0995098102178424,0.9198211812675,22.25093948558232,-21.13187275423097,-68.67924599139238,user,squat,medium
1788983671473,7.687332033428549,0.605881634709984,1.041027932573855,34.09414941202051,-33.38418539874354,-65.44045907943153,user,squat,medium
1788983671490,8.026560481151938,0.7009017322931438,2.115276874487102,34.7410878547312,-38.76114595490394,-61.33766689784243,user,squat,medium
1788983671506,7.9168755330741405,0.6874342018242925,2.64693869612366,4.612959501264871,6.613349873771887,-52.15806682316913,user,squat,medium
1788983671523,8.091952698516845,0.7920307955208234,3.11590323856771,-3.725205663892464,15.251349671322204,-47.23686429975616,user,squat,medium
1788983671540,9.567528524670005,0.635360315715894,3.100938893669844,-0.6151495150138269,4.577660656747423,-27.47629033273595,user,squat,medium
1788983671556,9.50078956887126,0.6857881881829351,3.3619074591487643,3.422474177517751,-5.643280730956602,-20.490260151525604,user,squat,medium
1788983671573,8.520663848766684,0.5714649127800018,3.226335497881472,10.981740364539288,-11.70321239279409,-20.14978375913693,user,squat,medium
1788983671590,7.953986243328452,0.7468402939843013,2.857778372082114,24.752581646464115,-21.466371023548582,-25.459221065162588,user,squat,medium
1788983671606,8.105120807647705,0.8291409029869362,2.679111365453899,29.91311741348891,-24.87550968359871,-24.20445042783413,user,squat,medium
1788983671623,8.580970725691317,0.8397652824517339,2.615965465711057,28.31242330790869,-23.65973430378915,-19.91703481788499,user,squat,medium
1788983671640,8.817844129833578,1.2422904365655034,2.277483160179853,23.07845959221168,-18.82538788095665,-11.040573906502486,user,squat,medium
1788983671656,8.826973777228593,1.3742710222773251,2.0576661047786478,18.31110707985325,-13.243486644976372,-4.632704724381733,user,squat,medium
1788983671673,8.890119676971436,1.7577919084526596,1.7339996755853295,14.791708676031613,-9.449700759175103,1.0462216966361078,user,squat,medium
1788983671690,8.749012585669755,1.850118529168144,1.722029251806438,9.992066444371952,-9.273091704032437,4.459949176591423,user,squat,medium
1788983671706,8.596381060791016,1.903987920391187,1.691802455846965,6.097081914506834,-7.044599907116853,5.835097202286301,user,squat,medium
1788983671723,8.53622674407959,1.820490210558474,1.7556974203914404,1.1537223641480558,-2.2363569731882653,6.992308405718058,user,squat,medium
1788983671740,9.088688777160645,1.614289592577517,1.4733312620967625,2.322506362633048,-2.1570123731475195,11.798838456268854,user,squat,medium
1788983671756,9.368812124964592,1.5182221778985112,1.2955626656129955,6.841727067068195,-4.2546776594836215,14.600485577386056,user,squat,medium
1788983671773,9.3963448595345,1.1354491509484126,1.4061442702695726,7.87729729713708,-3.419501124238092,16.696378643075953,user,squat,medium
1788983671790,9.572317512512209,1.0803824031669649,1.6964406370416285,7.18708192207155,-4.268180089699091,19.080881352144736,user,squat,medium
1788983671806,9.948356226238609,0.7094308930443599,2.0635013868033885,2.251611773812665,-0.0578808039451532,20.368261020118126,user,squat,medium
1788983671823,10.338461459240316,0.6117175012566148,2.1790222014278173,0.4450627836004207,3.0865740118729867,20.51157204928333,user,squat,medium
1788983671840,10.7575975564152,0.5752059990044683,2.106447671343386,0.960058860256397,4.055210095623039,22.26222978828035,user,squat,medium
1788983671856,11.321879791149495,0.5439317398186773,2.2671593345642087,-1.3656661223013131,6.338331026180854,24.612718155282472,user,squat,medium
1788983671873,11.091589272528886,0.5641328163262457,2.418592005047202,-6.168670407858206,8.60143224539454,23.520852652300697,user,squat,medium
1788983671890,10.972775846099854,0.4706093048432376,2.555361067144573,-13.885159011836976,11.96414098701421,21.694847681474684,user,squat,medium
1788983671906,10.927137545996905,0.5422858220754424,2.2016183563783764,-19.682528810469066,19.70522040643914,20.75489924601233,user,squat,medium
1788983671923,10.806229193115234,0.4855730195534415,1.5212158798217772,-19.46966767253291,24.44682822826849,20.463610460931505,user,squat,medium
1788983671940,10.634445223999023,0.5620378990067635,1.3504793739318848,-16.196760550573273,25.777997946558127,21.74566428889958,user,squat,medium
1788983671956,10.430788445281982,0.8180679212381131,1.2114654555171729,-7.719309045219161,24.598178390086805,21.334727665033054,user,squat,medium
1788983671973,9.412503967174889,0.8933354715324938,1.1634312001883982,-3.1119125195898527,21.9992811656132,15.397064927075256,user,squat,medium
1788983671990,9.061454733276369,1.06691512842644,1.441009831945598,-8.914521286758754,24.24057529835433,11.566573604674335,user,squat,medium
1788983672006,9.31419264602661,1.1344018338525668,1.854158963665366,-22.373210117009304,27.84988631241001,16.622482826445584,user,squat,medium
1788983672023,9.353847780066728,1.39402307637576,1.777994007873535,-33.37960234181046,30.361772049499532,25.103118907500217,user,squat,medium
1788983672039,9.241321471083165,1.5454561121849342,1.7949033493593334,-44.17651266476732,32.63998164715729,36.79676647413535,user,squat,medium
1788983672056,8.7787875462085,1.475426042418927,1.6352385648429393,-55.5784001632689,39.625540545314905,51.43002329915912,user,squat,medium
1788983672073,7.951441819542646,1.4000085439935326,1.6282058897271752,-69.62912039926604,51.16847486527183,64.79268393854753,user,squat,medium
1788983672089,7.697655859044194,0.8767259167108684,1.823781945580244,-89.28627505696852,67.23513909517658,77.38871390020995,user,squat,medium
1788983672106,5.457431877678633,-0.4106064614996313,2.151637643156945,-119.12497414435556,94.7795844705455,62.84920142154459,user,squat,medium
1788983672123,2.8895032976448536,-1.1082169702276587,2.703652809253335,-126.66630895037169,86.34765446846222,36.52840151145638,user,squat,medium
1788983672140,2.836530416870117,-1.2741649266667665,2.2224173987790943,-119.0966288593,74.44522338682543,22.07604907678956,user,squat,medium
1788983672156,4.083611375647783,-0.8397672552131116,0.0086792732790112,-86.57838508881443,69.20243165162618,21.107362620394376,user,squat,medium
1788983672173,3.99726814019084,-0.6067807755067944,-0.8909434618294239,-61.55156793207972,66.3618447682771,21.17192498352392,user,squat,medium
1788983672189,3.7122108431160448,-0.6242892519295216,-0.5044283622741699,-39.7320471001375,59.36238302006391,18.055733136975643,user,squat,medium
1788983672206,3.532646303126216,-0.7863467768013477,0.4379892662048339,-19.18456362374553,50.7745983464047,21.333534089475595,user,squat,medium
1788983672223,4.368821817457675,-0.9834197932139038,1.862689476123452,-10.055642698940076,46.45479056431678,28.030906815982863,user,squat,medium
1788983672239,4.888659345787763,-1.3371619194582105,2.54144389321208,-6.013183712723805,41.70375537388552,35.462888585839806,user,squat,medium
1788983672256,5.402517215186357,-2.104355082978308,3.9609076637819407,-8.81034894908501,33.68217972204202,43.275190656608686,user,squat,medium
1788983672273,5.895871810260415,-2.9960452715218064,4.919783967369795,-17.712606631189008,29.356057430066425,49.807416239174216,user,squat,medium
1788983672289,6.086957276695967,-3.1854858933597803,5.28011073270142,-32.22087099440155,30.99899796321046,54.60483524425904,user,squat,medium
1788983672306,6.095487204632163,-3.620631752832234,5.325450926640629,-45.81580929198916,32.274709960534175,59.94754581682641,user,squat,medium
1788983672323,6.176739838951826,-3.88803444301188,4.84601321323812,-51.6679358634236,25.981978131025976,60.35823826143011,user,squat,medium
1788983672339,5.8822542037963865,-3.975273458264768,4.557811772918701,-53.282712111525086,27.75290957902688,57.25293373641883,user,squat,medium
1788983672356,5.681589008110762,-4.54509316112101,4.190001958355308,-53.02973214995157,31.50539160336979,53.31823934049291,user,squat,medium
1788983672373,5.29896740886271,-4.927119132563472,4.274847064208984,-51.618396501373496,26.241911225174565,42.81722988785392,user,squat,medium
1788983672390,4.881627547454833,-5.01420734116882,4.3996436567008494,-49.45269377972419,16.424680548082016,30.03965349805257,user,squat,medium
1788983672406,5.188535441809893,-4.960637955805659,4.522646936035156,-47.42083544505046,10.548855781548577,22.665173383270663,user,squat,medium
1788983672423,6.547843434363603,-4.979641639222204,4.101866578784585,-40.62429178688919,8.48636490222098,24.718828559133204,user,squat,medium
1788983672439,6.745363317760825,-5.0587990548282855,4.097974247521162,-36.7585344902562,6.174556323375465,26.23125271497476,user,squat,medium
1788983672456,6.368277140808105,-5.450849576678872,4.747551962225139,-35.95747965911335,3.5422041920169014,25.866532566127127,user,squat,medium
1788983672473,6.4082309655338525,-5.920712237006425,5.158157839202881,-36.15515216388269,3.269338134674892,24.762649345300712,user,squat,medium
1788983672489,6.729651953887939,-5.985804302380979,5.262005459429323,-31.188699637218395,2.873798464744868,28.449638393239663,user,squat,medium
1788983672506,7.579892818450927,-6.54963908560872,5.293130081011355,-20.64176228505295,-0.2380484476763553,32.015572583423896,user,squat,medium
1788983672523,7.564480145263672,-7.088483512225746,6.112994804272056,-9.753454639491205,-3.7617100367984206,32.83762683116995,user,squat,medium
1788983672539,7.4947478528678415,-7.529464945983887,6.590189122661948,-11.53954398480766,-3.6288107772492513,27.51648770354877,user,squat,medium
1788983672556,7.250390230450034,-8.072649447631836,7.690922751396894,-24.66175720597587,-1.8661703251270945,21.193071249194283,user,squat,medium
1788983672573,8.309525774383545,-8.291869121661781,7.90355837086141,-46.97123482783979,1.760996297522888,22.12437608026198,user,squat,medium
1788983672590,8.79031197978556,-8.168867595893143,7.658302338299155,-57.50973518883297,3.444090018693549,25.113587879950558,user,squat,medium
1788983672606,9.176975547900796,-7.99902891562581,6.619518385259807,-53.44052704739281,1.1938610380226935,25.09111143493933,user,squat,medium
1788983672623,8.929923864093423,-8.243387122565508,5.78483953922689,-35.170204734621,-5.856777076485567,16.786644715599547,user,squat,medium
1788983672639,8.89909734867513,-8.455422438049316,5.795762207518518,-21.688142143257025,-7.911859761884637,13.328383335038692,user,squat,medium
1788983672656,9.415945632061362,-9.178022426605224,5.9763750875175,-12.987999150203814,-10.160455366848506,10.611544965298243,user,squat,medium
1788983672673,9.3596813085258,-9.95344390476644,6.547241961339116,-9.699440649761096,-13.145486236991385,3.7383755492727184,user,squat,medium
1788983672690,9.78106138523519,-10.26633671875,6.784567200902104,-14.043948957208723,-13.277117642675869,4.187437435312608,user,squat,medium
1788983672706,10.70103337315023,-10.778246961212158,6.94991704531759,-16.66397451810612,-12.53879041509677,5.420332684276807,user,squat,medium
1788983672723,10.797699265179038,-11.301828936767578,6.919242505590617,-15.673771258278103,-10.19444494947943,1.787415682675909,user,squat,medium
1788983672739,10.869825759235024,-11.535414405280353,6.894252733501792,-7.211755126674575,-12.664454796767602,-3.814474955684062,user,squat,medium
1788983672756,11.322028844231369,-12.11825111835897,6.829010446001589,5.306899890748997,-12.43801353521417,-9.683200167462097,user,squat,medium
1788983672773,11.6569189704895,-12.14937690898478,7.041495551079511,14.126999788647849,-10.335134039776998,-13.85503787759722,user,squat,medium
1788983672789,12.462866519817709,-11.999289807891843,7.889491267064213,18.176979240027126,-13.410179972991472,-16.286495575888903,user,squat,medium
1788983672806,12.86479429256022,-11.649587896949052,8.39885913156718,16.596748381200268,-18.301080362151676,-16.288968104368447,user,squat,medium
1788983672823,12.88454528721273,-11.4333609749943,8.561066294042766,7.937895589227079,-16.814921698763403,-16.623261468010966,user,squat,medium
1788983672839,13.02370942775309,-11.033828572955729,8.135048328399657,-1.133597318480319,-14.63522904214662,-14.021517762200755,user,squat,medium
1788983672856,12.645723671612142,-10.627861169433594,7.065886772753298,-4.935441333398323,-12.23855322842958,-15.1800356661981,user,squat,medium
1788983672873,12.010512628173828,-10.40684701320231,6.644657502691447,-1.211733188481384,-10.517453133065796,-19.83047070789154,user,squat,medium
1788983672889,11.322029428753256,-9.993697589221595,5.163842606841027,18.590270571610013,-8.035772200033362,-23.274503096863967,user,squat,medium
1788983672906,10.837802727508544,-9.60134779216349,4.276791476275027,32.57585300104004,-6.176854255144352,-26.44039652245513,user,squat,medium
1788983672923,10.25227078399658,-9.508423424750566,4.438700240325928,37.84644019106666,-3.950819191895856,-32.16162251844628,user,squat,medium
1788983672939,8.952817832946776,-9.180717072516678,5.004330090276897,37.32504745548999,-5.0610391207247485,-42.14446308479683,user,squat,medium
1788983672956,8.598777016016841,-8.450336513087153,5.3398184746891255,34.92196150923689,-9.244798499169304,-46.518263512273705,user,squat,medium
1788983672973,8.329276184514164,-7.949198424530029,5.269188064409792,32.9138722328748,-12.44565737066906,-49.67365722956328,user,squat,medium
1788983672989,7.792526684349775,-6.770652657318115,4.786755553105473,32.95380493385728,-10.194589237225646,-50.95612769907072,user,squat,medium
1788983673006,7.220164019012451,-5.725733854785561,3.9254429671689866,39.83228354130202,-12.084252424889822,-51.320904196979,user,squat,medium
1788983673023,6.778284175109863,-5.364209988623857,3.697694534246623,47.3058253047112,-18.50175815015582,-55.38577858339079,user,squat,medium
1788983673039,5.575797560340166,-5.038897838050127,3.666420275060832,50.19391615373773,-21.700680663025874,-61.67093231801486,user,squat,medium
1788983673056,5.446361617609858,-4.5064878283947705,3.5320465836673973,49.60490454537793,-22.01509305354178,-61.85437070855389,user,squat,medium
1788983673073,5.478683340021967,-4.210355010554194,3.3598134094789622,46.03692300598998,-22.126635165329965,-58.85060377574403,user,squat,medium
1788983673089,5.480628044348955,-3.639486675427854,3.160345899145305,38.73235329245775,-21.107265290198704,-52.79584598220282,user,squat,medium
1788983673106,4.677671493530273,-3.3023525696352123,2.5683795386716723,33.79451925841581,-18.50577942402966,-53.571130509607215,user,squat,medium
1788983673123,4.141818065422773,-3.249231220300496,2.2970853940114377,29.46113647535249,-14.28231060641112,-57.7172499961963,user,squat,medium
1788983673139,3.806332895880937,-3.009063450787961,1.7368439591005445,31.72011226030748,-13.703125932719672,-62.04473491091132,user,squat,medium
1788983673156,4.077026152038574,-2.683302387402952,1.3232447455257177,36.59038889326883,-15.523288530484384,-63.61882713722163,user,squat,medium
1788983673173,4.277091628265381,-2.4702181473881004,1.2831421599790451,38.51086391805258,-13.046346041188649,-63.56164479349028,user,squat,medium
1788983673189,4.525490050506591,-2.145355201886594,1.6226701751708985,39.087359204758336,-10.941633493732974,-61.86085255807623,user,squat,medium
1788983673206,4.497658625251055,-1.767520252393186,1.829917964117229,42.89116327052472,-12.528379499254378,-62.23002428271543,user,squat,medium
1788983673223,4.304924222564697,-1.6232696023687718,1.832161943651736,50.01271465015188,-15.121844162016885,-66.65699773288085,user,squat,medium
1788983673239,4.408026285120845,-1.153856731635332,1.996763892309368,58.91289510097455,-21.900450035870406,-67.40225333359928,user,squat,medium
1788983673256,5.156210796788335,-0.86804832393229,2.523636141581833,57.83388913665261,-25.03785986507533,-64.55515044978199,user,squat,medium
1788983673273,5.422866760253906,-0.6447893113836646,2.955790710283816,49.54518478636992,-24.590482474439494,-58.62525534445779,user,squat,medium
1788983673289,6.011542262488603,-0.4141979101203382,3.3274919793277977,36.209431677216784,-21.69840791757955,-48.97369602832578,user,squat,medium
1788983673306,5.796511856842041,-0.3875622705206274,3.251624837438762,28.90443849195601,-17.47361660458297,-46.429047581335,user,squat,medium
1788983673323,5.6866790247261525,-0.3455141038641333,3.1343089560911057,24.956905047937752,-13.95599404994553,-45.94780611279424,user,squat,medium
1788983673339,5.604227536010741,-0.292392900659889,2.839970912712812,28.88323075458312,-12.809093443952731,-49.78615386028797,user,squat,medium
1788983673356,5.682040259009599,-0.0618011706029996,2.3511066147953272,39.24335731030684,-16.91787826276488,-53.54928414954693,user,squat,medium
1788983673373,5.846941482874751,0.0875370848840102,2.2683561431333423,49.21678587598112,-23.12789991651881,-57.11400768870077,user,squat,medium
1788983673389,6.17988398219645,0.344464923604764,2.5733169950738546,52.28112975653983,-26.220017053790087,-61.29110549827045,user,squat,medium
1788983673406,6.594379560089111,0.6913247612557374,3.0720588361442087,42.96995633278999,-21.10782536571065,-63.95195595361066,user,squat,medium
1788983673423,6.937199310302734,0.828692026708275,3.167079006792605,32.902182364110324,-14.285147696237615,-64.08943400122467,user,squat,medium
1788983673439,7.5971011428833,1.0559918025476858,3.040036681200564,26.15634432279994,-8.737551939137369,-63.295158132833066,user,squat,medium
1788983673456,8.142232686945796,1.153854905004427,2.8788778587341306,20.78281935179205,-3.702741171712293,-60.27702048200949,user,squat,medium
1788983673472,8.558224640876054,1.2282246479425578,2.9287071807861325,20.077590367157185,-4.431694391542373,-55.40563394330801,user,squat,medium
1788983673489,9.225309078437087,1.3796579029474407,2.790741310119629,22.22570876678829,-2.7762682725955523,-47.5195863200705,user,squat,medium
1788983673506,10.13749874191284,1.6591808737054463,2.9088050872251388,27.649835194262216,-7.154957407970864,-31.601980723517528,user,squat,medium
1788983673523,10.2335666680485,1.65304565888606,2.956688828167319,30.836852687408943,-12.010828745085831,-23.13246419043168,user,squat,medium
1788983673539,9.421034479632974,1.7175395391717552,3.459171901592612,28.752989292394734,-13.289212200148668,-20.541315815571448,user,squat,medium
1788983673556,9.062501027458906,2.002748519676924,3.766825938139856,23.008818983434228,-12.385429616341534,-18.82865271137992,user,squat,medium
1788983673573,9.55061889092326,2.327761541173607,3.570202711321413,14.59436231279514,-11.675463895517266,-11.846544766300454,user,squat,medium
1788983673589,9.725994162529709,2.5375533155143257,3.416375546917319,7.852968163313494,-9.992343067033335,-4.610689744026312,user,squat,medium
1788983673606,9.6329213265568,2.6412524671807884,2.97539352863729,2.520554527806737,-7.970711233094405,2.077993914639642,user,squat,medium
1788983673623,9.264811652264,2.672825709313154,2.706045257347822,-1.5187957618418255,-5.347598426692165,5.595194491652419,user,squat,medium
1788983673639,8.870965479168296,2.6369128305412826,2.163758581322432,-3.5628672218034825,-3.4941047192212022,7.222685990667534,user,squat,medium
1788983673656,8.82278275527954,2.53665563602224,1.7522557555049656,-3.67244842896964,-1.5973318382395711,8.553398940056423,user,squat,medium
1788983673672,9.050980101013185,2.4589940119318663,1.5972309057489036,-0.7945950730136051,-2.05718595677661,10.725381166873907,user,squat,medium
1788983673689,9.16799729167521,2.271348310686648,1.3376099554866552,6.455965239821868,-1.7351588658314931,11.32092328985389,user,squat,medium
1788983673706,9.490167637091874,2.179470968108624,1.6338924109309911,10.723764973361554,0.3099012373320962,12.380985724512795,user,squat,medium
1788983673723,9.738566059333085,2.0283368421807886,1.8267758666992189,13.79130965132006,2.443999206268296,14.52457143985595,user,squat,medium
1788983673739,9.681851653942465,1.9915258455254137,2.356044071197509,15.907814520377762,7.119405846454125,13.429488917775098,user,squat,medium
1788983673756,10.102184267425535,2.059760446709394,3.003375468279421,13.782316853504094,9.498217300396997,13.931719557635306,user,squat,medium
1788983673772,10.319756758770346,1.9577077470757065,3.1410426482602958,11.139692757964063,9.30520896105713,14.468051624474096,user,squat,medium
1788983673789,10.275164752849935,2.1062977414786817,3.4600697272151706,2.191581668084247,10.11292151909345,15.778980077158398,user,squat,medium
1788983673806,10.218452685546874,2.040457488085329,3.681533673040569,-9.99262908120483,14.118217019148858,17.626594058971037,user,squat,medium
1788983673822,10.171167202758788,2.0292345216728744,3.638137891167402,-21.73640425993233,17.235709162960376,19.511603326489496,user,squat,medium
1788983673839,9.945662164849042,2.118119331371412,3.2604528715386984,-30.148557449273834,19.255741025086238,20.604565074833054,user,squat,medium
1788983673856,10.052204723247884,2.3340464666619893,2.760513345116377,-27.974057443973557,18.645822207677018,23.184006505455883,user,squat,medium
1788983673872,10.23999874692261,2.3246190053641795,2.479643855120241,-19.33222719095933,14.576486000189924,28.969434572097853,user,squat,medium
1788983673889,9.943718045043944,2.158820832659304,2.447771337780356,-9.900307975514709,9.84120549485294,36.26963296456128,user,squat,medium
1788983673906,8.70801188223958,1.5227115252070127,3.030909371893108,-13.91778597172848,12.651188861852145,36.425641315393534,user,squat,medium
1788983673922,8.164377298736571,1.2080235714349894,3.2736209806695578,-24.996243522462443,16.83968284205199,33.583179545117275,user,squat,medium
1788983673939,7.754968814849853,0.9193725241845472,3.185634654180705,-39.48065174245142,20.80719800448712,32.50177618439667,user,squat,medium
1788983673956,7.710975359344482,0.9980819220284932,2.6220991461604832,-46.10009542562343,23.1132115947087,36.12431727487467,user,squat,medium
1788983673973,7.593059174016117,1.0865176362526603,2.371157176916301,-49.42226870206637,25.452201338243107,41.96060805271843,user,squat,medium
1788983673989,6.931065337592363,1.295860844841972,2.009034760339558,-49.59213209163,28.675661305706434,48.156969328132334,user,squat,medium
1788983674006,6.310967107611894,1.4287388177849352,1.6741460953861471,-46.58081438469269,29.03591621838417,51.70077541295302,user,squat,medium
1788983674022,5.943754089897871,1.314415907708183,1.5937889486014842,-44.196125552969015,31.112406424189352,54.43345555269966,user,squat,medium
1788983674039,5.1045875770568845,0.8957298193231225,1.7103569341912863,-46.501676397874334,36.445011731879696,56.279440534395256,user,squat,medium
1788983674056,4.654926577758789,0.2876024515129625,1.930474726104736,-53.83503535875817,39.99829811926835,59.42362932635142,user,squat,medium
1788983674073,4.238782648137212,-0.1167178423892706,2.1504405423268675,-67.09565297194658,43.84906656576774,57.7056113538506,user,squat,medium
1788983674089,3.268384541320801,-0.9802768190130592,2.400785422460735,-77.28901362889526,47.01922715204288,44.01088057739452,user,squat,medium
1788983674106,3.8561616334110496,-2.1323367303594947,1.503109145244956,-65.36883771579478,38.73780036832084,35.81336608272067,user,squat,medium
1788983674123,4.25269894528687,-2.640505594336241,1.0895093471482395,-43.390791608311154,27.83597492461799,32.26967611111588,user,squat,medium
1788983674139,4.192248860499262,-3.209876968903094,1.7718588661193846,-27.15854993254696,19.65622745952264,25.587492017775425,user,squat,medium
1788983674156,4.610632093480229,-2.9719530327945947,3.436724507462978,-26.09982279987079,16.873126863322955,14.30877332057669,user,squat,medium
1788983674172,5.269337409752607,-2.65876182038635,3.867532629992068,-30.23553307816477,13.937444109933423,11.612362339096457,user,squat,medium
1788983674189,6.584204787555336,-1.9922760793708263,4.247313160595297,-32.989649766621504,5.30048975821294,14.032441796004544,user,squat,medium
1788983674206,7.505225407740474,-1.4962275690376758,4.569035762244463,-40.782670213363446,-0.5341615607866056,22.913059731270646,user,squat,medium
1788983674222,7.73132724249959,-1.5535389174081384,4.557363152368366,-49.21350738517951,1.808294930638403,32.159044122034594,user,squat,medium
1788983674239,7.5088167102307075,-1.6528981401741505,4.265718585857749,-56.693121186760834,7.453567728955121,39.85657510908517,user,squat,medium
1788983674256,6.810006178063154,-1.994220929828286,3.8350609777152536,-61.56939472581345,12.40148568353294,42.65601693287411,user,squat,medium
1788983674272,6.440102606090903,-2.235885367639362,3.625867607659101,-57.85905155355493,7.461331092720487,37.69005959492464,user,squat,medium
1788983674289,6.464791641667484,-2.614767488098144,3.1308655376389622,-48.26749886437607,2.753406775669873,30.97971292408893,user,squat,medium
1788983674306,7.621192212566733,-3.072808485467732,2.6322742109552024,-31.72563788334602,2.6908144952290534,31.55835289019407,user,squat,medium
1788983674322,7.96191645180583,-3.3936315079286694,2.7869989087209106,-24.222845834816265,4.836952993774501,34.82384584180966,user,squat,medium
1788983674339,7.861509619683026,-3.8555633752569554,3.5456612675219774,-19.88432674949709,3.2386146631277053,32.97419646362435,user,squat,medium
1788983674356,8.419059915813802,-4.39874758464396,4.16276791447103,-20.887893274436237,2.9260173953837314,32.15038002707244,user,squat,medium
1788983674372,8.518120009502768,-4.664653314264118,4.702809441918134,-31.203107921272537,8.523154862411607,32.077430191642115,user,squat,medium
1788983674389,8.52964385855794,-5.250485409766435,5.511901134490967,-42.29791352978492,12.174534719112696,31.800657266094856,user,squat,medium
1788983674406,8.649650878685712,-5.6673751893192525,5.759699252751469,-50.56101491596382,10.946976409211215,31.19706320385708,user,squat,medium
1788983674423,8.556576289147138,-5.762095207977295,5.777356197734177,-55.549283066837134,15.524142304130637,30.68653046906072,user,squat,medium
1788983674439,8.636184663391113,-5.8050420770391815,5.628617880901694,-56.82075693178086,20.619775906114675,32.86711275781689,user,squat,medium
1788983674456,8.167369466289877,-5.852327267566323,5.191226580590009,-45.77466423242901,19.407002394445332,31.550095191487525,user,squat,medium
1788983674472,8.026710118755698,-5.778107308362424,5.121795316967368,-33.45822806444106,16.56844066218515,29.54284944348793,user,squat,medium
1788983674489,7.993040488865971,-6.060023969323932,5.226990552410483,-23.51036489683014,14.530909855405724,27.740313002650083,user,squat,medium
1788983674506,7.675361025127768,-6.215048819079994,5.493944037517905,-15.56613772224246,10.206200558814666,24.93263055562753,user,squat,medium
1788983674523,7.474397723278403,-6.309918767602741,5.546316322050989,-14.47465129475962,7.202542055257873,21.760385054108248,user,squat,medium
1788983674539,7.710525277489423,-6.187514915466308,5.697749577055872,-16.453126578427824,6.155077477636235,20.730257631034217,user,squat,medium
1788983674556,8.078035232323408,-6.267421688134968,5.2609577039420605,-16.328682239297486,7.153002693207771,21.121357678003733,user,squat,medium
1788983674572,8.149861866649985,-6.210260123498737,5.137805956047773,-13.186608244663091,4.060977336603468,22.325979358898664,user,squat,medium
1788983674589,8.196398576897382,-6.307823256628215,5.221154393602907,-12.362107935420523,1.048235535224204,21.64526733828956,user,squat,medium
1788983674606,8.464849022564291,-6.423195018170774,5.251979739977419,-13.477719444825498,-1.175708209477798,22.65683884493596,user,squat,medium
1788983674622,8.824131247279048,-6.956354677149653,5.09770453954488,-9.442056923720212,-8.66400275460738,21.14383070792037,user,squat,medium
1788983674639,9.15557620151937,-7.406911748504638,5.056253754259646,-4.7192888980558685,-10.100727923877685,19.148378989070096,user,squat,medium
1788983674656,9.6329213265568,-7.707834138709306,5.228487805230915,-2.727696236086653,-10.944432163745386,18.834185164607632,user,squat,medium
1788983674673,10.516681014361977,-8.345589605933426,5.776609471020103,-4.8698971305755885,-9.235103045642472,18.30158238105567,user,squat,medium
1788983674689,10.811018180957436,-9.461737076899407,5.968445755822956,-2.2207807267860518,-8.897259691178839,12.57593042248236,user,squat,medium
1788983674706,11.083659064051508,-9.929055313441156,6.16761311416626,2.0767905206852504,-9.021402648212051,7.144012456712741,user,squat,medium
1788983674722,11.75942072906494,-10.753706978717446,6.953059727257489,5.195775274273829,-8.418779326610057,-2.3788278890855614,user,squat,medium
1788983674739,12.335374112370609,-11.349413110241294,7.455990836711227,11.568614977462524,-7.890704104704168,-10.3428205639142,user,squat,medium
1788983674756,12.655600337982175,-11.550826493945715,7.589917953380942,22.52340426931059,-8.436251804280596,-19.04368755701943,user,squat,medium
1788983674772,13.634230266571045,-11.387721505847573,8.159139105822145,33.854949357097496,-5.109095477951312,-24.06070226656204,user,squat,medium
1788983674789,14.42147545351684,-10.834212886323034,9.019256929016112,36.95147708902531,-4.663921250209629,-23.83115326893625,user,squat,medium
1788983674806,14.661341609734295,-10.497826091766356,9.43345235491842,34.967443738920004,-6.532502632113738,-20.20709075382063,user,squat,medium
1788983674822,14.09661046218872,-9.952696593530476,10.013448583874103,29.558425689890147,-12.658788301077433,-21.449841965757155,user,squat,medium
1788983674839,13.415159645622968,-9.34277372060567,9.577852642546594,26.73938463827786,-15.490034046962885,-22.567001366782783,user,squat,medium
1788983674856,13.230509180670976,-8.98843275168538,9.10739318536967,24.375066845753757,-17.490217379360683,-21.93342618918323,user,squat,medium
1788983674872,12.363808764216303,-8.336462296625971,8.117391383416951,19.222426777409492,-18.71672810899821,-22.638984730445543,user,squat,medium
1788983674889,11.992556115722657,-7.793426263538002,7.353341194097697,12.295649341022656,-21.91806509373987,-22.265636345128893,user,squat,medium
1788983674906,11.684154183417558,-7.563583488684892,6.754042591039836,7.091003358564273,-24.18757132284773,-22.55665875283209,user,squat,medium
1788983674922,10.98684236537516,-6.791154470337927,5.248090039062499,8.130831357807015,-24.50682802503247,-21.68837095459422,user,squat,medium
1788983674939,9.935638783484697,-6.155942842377722,4.012831035503745,11.964217826642372,-21.93525326478621,-22.294131894346187,user,squat,medium
1788983674956,9.096768038719892,-6.07139613494873,3.7207378484427927,15.562637250292829,-19.82271844318357,-28.01045552206055,user,squat,medium
1788983674972,6.998699196404218,-6.130802263641357,3.352031085039675,19.77980607217568,-26.40240359519694,-47.2198195626824,user,squat,medium
1788983674989,5.640590642768144,-5.862952121955156,2.9288568183898924,19.576961406657347,-27.126482194393745,-60.49974612065444,user,squat,medium
1788983675006,5.409249738311767,-5.537490041516721,2.57945242908895,19.045434377899664,-21.80309422698834,-68.06952866456368,user,squat,medium
1788983675022,5.5187844642639154,-4.536564109967649,1.886929014366865,23.67396500292487,-13.389811495112848,-70.42822521140086,user,squat,medium
1788983675039,5.922656356811523,-3.336320597949624,1.5283976080194115,31.069260119202383,-11.64225466199902,-67.07165168720316,user,squat,medium
1788983675055,6.069599899181723,-2.6249431374147534,1.5704457746759055,39.350997676531655,-11.578229322492964,-61.59966612421495,user,squat,medium
1788983675072,5.767334277674555,-1.687614064246416,1.9907786804199217,50.55906831205037,-17.141640382616377,-58.116372100346,user,squat,medium
1788983675089,5.964702769902348,-1.4076409385681152,2.711731486290693,53.25532646804792,-19.305930962654777,-54.264650842457385,user,squat,medium
1788983675105,6.494422809821367,-1.286734923774004,2.934692977197468,48.77146437228546,-14.177947877214264,-42.63637330882115,user,squat,medium
1788983675122,7.736712442669272,-1.1098626916080712,3.164534583006799,38.80158408988501,-5.637595452246212,-20.84071886538625,user,squat,medium
1788983675140,8.175299090245366,-0.8590697754457592,3.3321286992177366,24.281243952219874,1.2526478358787587,14.57070424505751,user,squat,medium
1788983675156,7.993939483532309,-0.9729444302983582,3.221846077507734,25.836872469656345,-12.441834172281146,35.218815190943985,user,squat,medium
1788983675173,6.91400548171997,-1.293917236493528,3.3066914756223555,27.448703198678267,-20.574512242485003,44.12310058545783,user,squat,medium
1788983675190,5.4144882234871385,-2.148647521430254,3.2142154364988205,26.87326317619928,-12.93335592929642,39.85467290140132,user,squat,medium
1788983675206,4.849754737854004,-2.5664354188665746,3.22394100396037,26.164868398884117,-9.118486957074612,31.35582070583027,user,squat,medium
1788983675223,3.750665953716636,-3.42176366969645,3.63619347910136,13.754839002473132,-7.186425370137583,13.782596037486416,user,squat,medium
1788983675240,3.0898668800354003,-3.840150994330645,3.23426629088074,1.0497181131609197,-2.527589409208439,-1.9452035112303696,user,squat,medium
1788983675256,3.117249977001548,-3.848230548150837,2.662950504247844,-4.596674622736269,0.9375136864666542,-15.214642527175265,user,squat,medium
1788983675273,3.2179566688537595,-3.363704863959551,1.4365207038328052,6.035903910111029,-2.5596876697695023,-33.130587305050135,user,squat,medium
1788983675290,3.591601180920005,-2.2798791154056786,0.7603083724424242,22.64160752308683,-9.227186856394429,-44.55710105060419,user,squat,medium
1788983675306,4.015675903540849,-1.6237185151800513,0.6359592314571142,38.98770332967327,-12.546558901504012,-52.69307895595081,user,squat,medium
1788983675323,4.8118958395808935,-0.5470756638675928,0.7558183675467968,51.00559875922912,-7.951911991177591,-57.81665656937667,user,squat,medium
1788983675340,5.973682779693603,0.0677848115898668,1.6376330587640404,51.41239799600591,-8.27566210406255,-56.61031880345277,user,squat,medium
1788983675356,6.48544572263956,0.2932882420644164,2.11617586915344,46.72216856466069,-11.34078718750758,-51.95416177078215,user,squat,medium
1788983675373,6.8620835713028905,0.4468165696524083,2.4733599525451657,38.54453333556616,-8.411708373271802,-46.30147330801751,user,squat,medium
1788983675390,7.198166706737876,0.6157580088190734,2.545783383721113,33.23466914271737,-4.598634460141239,-43.19891110395799,user,squat,medium
1788983675407,7.549366747283935,0.6581055968135595,2.529772744640708,30.93973924197143,-2.9362206307866727,-38.227325690132425,user,squat,medium
1788983675423,7.975384420666098,0.6607987814202905,2.4679724142879245,34.248842951437545,-5.690079479602236,-31.074673044119617,user,squat,medium
1788983675440,8.428337447246909,0.5789470121636986,2.641253051702678,37.34425394743606,-7.708628336904553,-25.139605778046423,user,squat,medium
1788983675456,8.539369133758544,0.5708665084954351,2.7424083641052244,37.851228153674846,-5.722605694203483,-18.22008114878449,user,squat,medium
1788983675473,8.465897070312499,0.3977358740106225,3.0620337012141943,35.805477214229306,-2.786773530425855,-13.96272947024081,user,squat,medium
1788983675490,8.14657159293294,0.3116942518487572,3.437624671173096,27.96577071696304,0.3809333103899511,-13.154420978199406,user,squat,medium
1788983675506,8.129062239727377,0.2962816517267376,3.5968379125297067,20.01216057000305,-0.6215040455411718,-14.690703838585463,user,squat,medium
1788983675523,8.813953552135825,0.3751405227776616,3.582922199901938,13.08477268545914,-3.1988571991861185,-11.42835533530902,user,squat,medium
1788983675540,9.229947844153642,0.4727042404290288,3.115304980413616,6.899156578270132,-0.7845820690512193,-3.8331597919322777,user,squat,medium
1788983675557,9.238926684901118,0.5476728260431438,2.9586341170161963,4.577653826558253,-0.0390528805699106,0.7937629105127743,user,squat,medium
1788983675573,9.239674288398026,0.6374552787011489,2.957886221258342,1.548001330567683,1.1509368209054542,4.007915304488932,user,squat,medium
1788983675590,9.152435565406083,0.6950656465508044,2.8250091981634498,-0.9998706455462262,4.519397008693098,5.968313638745053,user,squat,medium
1788983675606,9.2836677439034,0.6543644375238568,2.732082784923911,1.40126987073218,5.585091361209501,7.828180553041871,user,squat,medium
1788983675623,9.41594680110514,0.3830713157769292,2.757071972490847,5.81324059694226,4.300753261850882,8.794711230980267,user,squat,medium
1788983675640,9.706393390002846,-0.0826009071234613,3.0726582633420825,12.199378678444972,-2.599132865999972,11.499990359324116,user,squat,medium
1788983675656,9.567828968921305,-0.2162273603461682,3.2091277579709887,14.19278646318612,-4.509731864130707,10.86183724743336,user,squat,medium
1788983675673,9.368360874065756,-0.5303163983769714,3.534738306969404,13.354834096373212,-2.432131539141987,9.023772723854046,user,squat,medium
1788983675690,9.385720589667558,-0.6854907396063208,3.8811511132389303,8.713962173291439,1.0371664666222578,5.304374855190208,user,squat,medium
1788983675706,9.421482807922365,-0.5918177457831799,4.028094363348186,3.751532201161456,2.635620803763238,2.277340029199046,user,squat,medium
1788983675723,9.56992447989583,-0.3999824108283966,4.050540296173096,-1.3478298303357656,2.995399951076602,-0.7940575157815839,user,squat,medium
1788983675740,9.996091206359862,0.012119622991234,4.11458489832133,-9.884023096986104,3.472846609203184,-1.4963457838136405,user,squat,medium
1788983675756,10.206034518000482,0.2422623306389898,4.007893579101562,-15.190296317878753,5.2468941175694965,2.418250673757817,user,squat,medium
1788983675773,10.405798380932213,0.71212447950989,3.621378771807253,-18.076461053559346,8.809038406538015,9.827788442002095,user,squat,medium
1788983675790,10.04218134188354,0.9027626405693592,3.379116660363972,-19.24399822235569,11.962082538753096,17.88187750184214,user,squat,medium
1788983675806,9.794680160742995,0.9883552037894724,3.351283773803711,-20.81838243925301,14.218417601820237,22.134862128185244,user,squat,medium
1788983675823,9.314790027397873,1.0064618653010575,3.1552573438346383,-24.382451987793832,17.79980936386985,25.30018523298072,user,squat,medium
1788983675840,8.93725727572143,0.9534896421134472,3.034799949590861,-30.434585281146457,21.11989601752135,30.57111393246584,user,squat,medium
1788983675856,8.722076647949219,0.9035109747186304,2.859723660930991,-34.112990488845995,22.993872821982947,35.214225303821735,user,squat,medium
1788983675872,7.98017457755208,0.7935271898247301,2.540546652111411,-36.69133225901245,26.462048222124075,39.35250373324365,user,squat,medium
1788983675890,7.377883222419023,0.6447874116875231,2.258330131420493,-34.72690496691966,29.816623915989556,45.1365674695989,user,squat,medium
1788983675906,7.165098549872637,0.4031226816155016,2.1018106591925023,-24.64179939322109,25.743946038451032,51.649046975273926,user,squat,medium
1788983675923,6.30168840713501,-0.656311553003639,2.252045644323528,-14.4224054702509,18.49404515903558,55.41755262340968,user,squat,medium
1788983675940,4.937441789135336,-1.7322059240363537,2.9903567044913766,-13.937229812748214,9.83797396160188,50.34950786303062,user,squat,medium
1788983675956,4.471322406989335,-2.1049534872628746,3.222146521759033,-25.14767906164538,12.526480706665112,40.28645697016202,user,squat,medium
1788983675973,4.187756225255131,-2.3840265953615307,3.2194512913256883,-40.16583241432501,20.27251030569101,29.711012115948236,user,squat,medium
1788983675990,4.528633024707436,-2.145654623224586,3.1290710554376244,-53.24112991985805,26.476325025036694,26.158640973908355,user,squat,medium
1788983676007,5.682938669154048,-1.5902002764597534,2.57601164098531,-58.35432906084007,26.59936746783989,29.909777450984773,user,squat,medium
1788983676023,6.393267789679765,-1.1032792215645313,2.0932798544734714,-53.20981350251354,22.750781266780315,36.13487674733151,user,squat,medium
1788983676040,6.279241597527265,-1.0866691552862524,1.9158090718925,-44.87415160168701,22.880054549653853,41.75761824568024,user,squat,medium
1788983676056,5.73860327323079,-1.6009735994085668,2.20924958190918,-35.860439746480395,25.68755428911611,41.70100280765,user,squat,medium
1788983676073,5.532400317162275,-2.2020672691896555,2.692727510613203,-32.694869047327515,26.883028639165104,40.91154563771783,user,squat,medium
1788983676090,5.567865013775229,-2.572270700891316,2.820667369566858,-33.65183319155966,31.99303978935202,42.53252028249111,user,squat,medium
1788983676106,4.934599259185791,-3.495235733142495,3.055748921856284,-38.27290012736933,42.6745813870382,38.15357330747463,user,squat,medium
1788983676123,4.631583696094155,-4.277092505048215,3.408594683782756,-43.317882754015855,45.95416843400611,33.42782006225617,user,squat,medium
1788983676140,4.517411373469233,-4.7677550845593215,3.512892385864258,-49.38642386930214,48.910025004882925,26.81238911522154,user,squat,medium
1788983676156,4.29699226052165,-5.205592959594727,3.4412148046195505,-58.53572522481727,59.34970618896437,14.661132534573891,user,squat,medium
1788983676173,4.5042415107727045,-5.035605518506467,3.5311472967401145,-63.56518966166952,66.30655438694583,6.403905964854854,user,squat,medium
1788983676190,4.963181795069575,-4.708348955866694,3.508403257751465,-59.28380169366292,61.13955043077704,4.346635484487265,user,squat,medium
1788983676206,5.859058621647954,-3.798101366369426,3.5576322758227583,-35.77220736278217,36.54066853120572,7.501922906957873,user,squat,medium
1788983676223,5.6694712848156685,-3.2933760669752954,4.112340626525879,-19.60498055018003,25.6711345143514,7.032934797788117,user,squat,medium
1788983676240,5.8179106187015766,-3.096901016455889,4.804714403644204,-16.975646295217555,21.263464886327725,8.32788743800376,user,squat,medium
1788983676257,6.546494942364096,-2.8892031456544998,6.007200433892011,-22.45229346231429,12.148394731385412,17.688130648298266,user,squat,medium
1788983676273,6.941389747729897,-3.0421330689579245,6.333111134880781,-28.345759753700232,6.501840205382258,25.69785933702637,user,squat,medium
1788983676290,6.950067559704184,-3.306392492675781,6.48723728223145,-37.10271455272232,0.1505946788630856,30.64987284378526,user,squat,medium
1788983676307,7.071873153686523,-4.000262061309814,6.639269672173262,-48.36282439952735,-9.66370936889182,36.73246707328885,user,squat,medium
1788983676323,7.458835412487387,-5.123292862048745,5.67889582350403,-51.32633078227458,-8.038372794559844,45.4828239095727,user,squat,medium
1788983676340,7.439830852288007,-5.682637640380859,5.181798827031255,-52.635169197072855,1.735293762067601,52.223517110890775,user,squat,medium
1788983676356,6.417507912445068,-7.241113868060707,4.961982063890994,-50.46465802224787,1.4119504723250818,44.086743488505846,user,squat,medium
1788983676373,5.558437844738364,-7.713968111419677,4.964824886101484,-45.90581752487159,-6.257554647735344,28.867405206276203,user,squat,medium
1788983676390,5.574000740051269,-7.800459230914711,4.860079147991538,-40.22400855058059,-12.937120217302745,12.331757989843574,user,squat,medium
1788983676407,6.661866119384765,-7.668180173712968,4.452167040142417,-28.970489836324617,-18.04660288160263,2.925441525059335,user,squat,medium
1788983676423,7.655908136638999,-7.422324421691894,4.26826213286072,-18.15773518204061,-22.000862354406056,2.8694378158466383,user,squat,medium
1788983676440,7.720850856670737,-7.333140409851074,4.278287560051679,-8.374500917768158,-24.55039097155881,3.230247254507616,user,squat,medium
1788983676456,7.544279653277993,-7.216274610358476,4.832845396368206,-6.67980334552788,-21.994795438875794,0.3134881805438371,user,squat,medium
1788983676473,7.745840336498618,-7.123348489379882,5.276669652336835,-11.278671739648193,-18.32473501479472,-1.6118928410546864,user,squat,medium
1788983676490,8.204479592022299,-7.12454559020996,5.26125639462769,-14.102786768040152,-18.456106873290747,1.1567246591750997,user,squat,medium
1788983676507,8.984092676654457,-7.267450670844316,4.8635211051389575,-10.379292920308425,-21.19866175902994,7.958946232249058,user,squat,medium
1788983676523,9.36626828570068,-7.4429767490983005,4.800224983270466,-5.197084109273532,-24.720399502642305,14.002706567452895,user,squat,medium
1788983676540,9.581595043945311,-7.610719333869218,4.901229489025473,-2.0477464219002406,-23.80363614431756,19.572438113879507,user,squat,medium
1788983676556,10.300454092407223,-8.520814655414224,5.078550049480795,3.871240657876038,-21.445059125790856,24.813653782927783,user,squat,medium
1788983676573,10.735898934826254,-9.724348733410238,5.206041287884116,21.28289506696912,-18.736730317982595,30.3213509899914,user,squat,medium
1788983676590,11.014075824737548,-10.294618810382484,5.470899554277956,42.67940691568682,-19.269551667588,30.37957835266576,user,squat,medium
1788983676606,11.502793992182612,-11.361386456629631,6.073041856329143,68.21779158087715,-13.10878165416538,24.659913054899967,user,squat,medium
1788983676623,13.492971784099936,-11.692083807373049,7.1574646939933295,102.16467186910845,3.4833204908519866,21.68760768095447,user,squat,medium
1788983676640,14.487164608001708,-12.030265376392006,8.08551682025045,120.85868106137988,10.030973763205283,27.24800321255932,user,squat,medium
1788983676656,14.790478277257083,-12.185139127239584,10.616336735856532,126.55683467835472,14.366500371894343,29.35201054298319,user,squat,medium
1788983676673,13.526639660423994,-12.351237451934814,12.632105480626224,119.77721622895676,11.47696408408471,17.677624109807493,user,squat,medium
1788983676690,13.018772555872795,-12.35288463461995,13.307721599689126,107.75290042158107,-0.5952589369336919,5.829345756118327,user,squat,medium
1788983676706,12.97971421868205,-11.56863219974935,13.953704797032474,84.54972328267226,-9.138415741525415,1.8254355038039616,user,squat,medium
1788983676723,12.53199909275472,-11.05193472301066,13.085806695225834,45.81075495200335,-13.713003240033158,-0.34174947561694,user,squat,medium
1788983676740,11.95170504989624,-10.552893606732786,12.066326869854333,23.12167078399576,-15.604893923140404,-2.7129805935198603,user,squat,medium
1788983676756,10.798298984637857,-9.59117331189066,9.593865911975502,7.824715085811737,-19.39910498821751,-4.231548504519843,user,squat,medium
1788983676773,9.185205031585692,-8.393921967425943,7.441926947784423,-3.900845685946635,-26.56925145624201,-12.11377164870897,user,squat,medium
1788983676790,8.756790818455816,-7.6900258025571695,6.095486035588383,-5.9827680265760925,-21.973485248665355,-16.41237766983953,user,squat,medium
1788983676806,8.3569603102535,-6.758981216485798,3.512293250927329,3.419571774007319,-23.897179000095477,-18.69136932415725,user,squat,medium
1788983676823,7.381621824425458,-6.006303485052287,2.393451718571782,25.587968423470038,-36.92490765315396,-24.64609899730361,user,squat,medium
1788983676840,6.813149152263999,-5.754613620050251,2.3867186109244822,39.29911897469083,-46.32850036656324,-33.40548192857564,user,squat,medium
1788983676856,5.991341770502925,-5.66243890196085,2.652925661578774,44.875462998007656,-48.92463819461216,-43.16327117686886,user,squat,medium
1788983676873,5.13930408565104,-5.395035334998369,3.924395503942668,33.61031588668973,-48.89935966449395,-55.99962817466734,user,squat,medium
1788983676890,5.04398376301229,-5.096807298444211,4.347719700457155,17.052617404521722,-45.33179135155079,-62.459313733152754,user,squat,medium
1788983676907,5.654357302314042,-4.6287417506664985,4.39844830943644,5.024434002528535,-42.27893243408146,-61.411255355960144,user,squat,medium
1788983676923,5.966650981360673,-4.079721090210974,3.860500539398193,4.454217794104136,-35.22815547463398,-54.39630615380396,user,squat,medium
1788983676940,5.628467658776045,-3.764733057513833,3.856309809710085,7.655389573645243,-31.33838664797381,-54.52534891779302,user,squat,medium
1788983676956,5.368547141045331,-3.18563553096354,3.9616543904960153,11.276401555522808,-28.100574745516997,-57.16068520148864,user,squat,medium
1788983676973,5.24779193289876,-3.3267446680918336,3.730914666803181,22.30678140468905,-29.79616408433078,-61.4301476592044,user,squat,medium
1788983676990,5.309440287560224,-3.280954392297566,3.643523968119919,31.279592379598338,-36.631243669789264,-63.84917526698031,user,squat,medium
1788983677006,5.454440294647217,-2.969110210584104,3.644274201965332,37.63431159091899,-49.35060294220001,-65.76667574438052,user,squat,medium
1788983677023,5.56008619646728,-2.4251781054392456,3.668964991107583,27.11691309936656,-42.05032258746655,-61.16148899839112,user,squat,medium
1788983677040,5.269636100438237,-2.185157927703857,3.678241061235964,11.667907144974292,-20.57494937459188,-59.1040037939515,user,squat,medium
1788983677056,4.454860517010093,-1.9262857499822972,3.2181060141965747,4.610949291214772,-11.029730127421445,-60.66621832129516,user,squat,medium
1788983677073,5.440822103661298,-1.4742304028935729,3.2849928540334106,3.43647371743875,-20.113623030123588,-60.30755142759944,user,squat,medium
1788983677090,6.111197983983159,-1.4037505070008336,3.5119936834588645,-11.066183700795449,-1.904230273616521,-46.74537413236581,user,squat,medium
1788983677106,5.013906604656577,-1.8757082399114968,3.3388635604307053,7.46176993237466,-44.55193401249708,-55.72884874011677,user,squat,medium
1788983677123,4.874294720348716,-1.4031525411076844,3.563170036205649,23.40358854953533,-79.30068192438245,-67.20255909283561,user,squat,medium
1788983677140,5.511152361950278,-1.517924437060952,2.6737241194576025,31.361342913774223,-85.19538106491356,-71.02255412202952,user,squat,medium
1788983677156,5.98879617767334,-1.119589428113401,2.302472932268679,28.821984448295616,-79.97157725560695,-66.64509271315751,user,squat,medium
1788983677173,5.977274082183838,-0.8566760121770203,2.41978910587728,16.45312999352241,-75.58145267601374,-61.1866172643476,user,squat,medium
1788983677190,5.823000050795078,-0.7231996349494904,2.1212623786374927,6.613781029463244,-69.65513658981463,-59.71516229069507,user,squat,medium
1788983677206,5.877165356224775,-0.7300826724614947,1.309777361187339,-4.056441664107757,-55.88825511006112,-62.84535602504187,user,squat,medium
1788983677223,6.189310566711425,-0.6521216270331293,0.960373556408286,-19.593172860652373,-24.434332397181954,-54.19065598808405,user,squat,medium
1788983677240,7.353492293006181,0.0897816124077886,0.5596449303224682,-28.86409597962333,-10.210409662890688,-32.16355546198139,user,squat,medium
1788983677256,7.224352702873944,-0.4423294508336111,0.2899967993035912,-4.489856440532793,-18.55706902205458,-28.45369040296477,user,squat,medium
1788983677273,6.8611845766365525,-0.382474774655886,0.1973714148372411,8.583719003555757,-12.591517767941976,-28.69150051439169,user,squat,medium
1788983677290,6.705410662078857,0.2489960228081792,0.7770674918025732,15.939902749098485,2.0057068210022235,-23.496511565646063,user,squat,medium
1788983677306,7.1426523247867815,0.0278317540490999,1.2696744833797216,24.25945394122024,10.750459913958904,-18.13651549183668,user,squat,medium
1788983677323,7.3636653119742865,0.1230012700403109,1.6775862989678978,23.256765095589444,8.019465123389956,-22.864235831536103,user,squat,medium
1788983677340,7.967457134798169,0.5618881061393767,2.4383450455263254,18.080586487818028,6.435297514280233,-23.441827363603647,user,squat,medium
1788983677357,8.96419029083252,0.4825803770761005,2.7808652282714843,5.088135334935836,5.2443430419144965,-16.87621240128051,user,squat,medium
1788983677374,9.222466548487544,0.7101791541283949,2.8980314720153806,-1.883209726115572,7.307298374105652,-9.246201249270095,user,squat,medium
1788983677391,9.14884426291585,0.8544298680848907,2.5561095474243163,-0.2189105911273102,-1.454647585652418,-7.673959150451215,user,squat,medium
1788983677407,8.383447919684649,0.7746728517509996,2.4827868293210864,10.185302741275368,-19.561810339530968,-16.87660855225237,user,squat,medium
1788983677424,8.262539566802978,0.803403432073901,2.44238409178406,19.8866473062676,-29.53028872560428,-24.150631952269013,user,squat,medium
1788983677440,8.927379440307616,0.7905346706449752,2.0899878271907566,26.032842549775054,-28.50796650120428,-25.777448116329943,user,squat,medium
1788983677457,9.57546107123494,0.801757532026153,1.9909280257627369,27.861238086810577,-25.08338649098805,-20.02086564610023,user,squat,medium
1788983677474,10.357764710125329,0.8459004607385024,2.0424026308037337,21.657337990100267,-20.99551656518813,-10.7169783266475,user,squat,medium
1788983677490,9.693525140601396,0.7866440427148714,2.48323603439331,9.253164627128925,-20.592559309819467,-9.184497320308202,user,squat,medium
1788983677507,9.51874725036621,0.7860454192345961,2.556109109032899,-4.03610434896722,-20.13345619192601,-8.961340525971899,user,squat,medium
1788983677524,9.55615840487182,0.9196718359246848,2.043899445232749,-15.427660759462327,-15.087575395403638,-6.347593189582215,user,squat,medium
1788983677540,10.18254082968831,1.1155475688440724,1.0945993637636304,-15.692706250204674,-12.20795227340063,-4.743406296015183,user,squat,medium
1788983677557,10.71285532836914,1.1608874887886456,0.3230674403868615,-8.33606658953485,-4.062818072584786,0.9877505815857442,user,squat,medium
1788983677574,10.819396133202314,1.0302539520379157,0.1478409296013415,-0.7655905679814402,2.7897758254528986,2.7125624578766088,user,squat,medium
1788983677590,10.473436331397297,0.6599010288629681,0.5681739814758301,4.094392329570463,6.272540509661176,1.4835121785283036,user,squat,medium
1788983677607,10.187477117046711,0.3417712640739977,1.14622316801697,3.883803510193807,8.99463086798654,-3.207733243455962,user,squat,medium
1788983677624,10.238952452740072,0.3277053841195069,1.3567635687679052,0.9777826675440512,10.133241331874236,-5.763336246658385,user,squat,medium
1788983677640,10.438720407325029,0.5969034150170162,1.549197673333436,-3.436068388400192,12.05433278123058,-5.871509794525285,user,squat,medium
1788983677657,10.451589241248367,1.1011822127526625,1.7314559824518858,-12.411229802157612,16.1335488573521,-2.5081199549793176,user,squat,medium
1788983677674,10.335468707165122,1.3673875829065218,1.8100163089476524,-21.174178945950025,16.435487614896267,1.246960849621077,user,squat,medium
1788983677690,10.089317771589757,1.816749306997098,1.7574942406803369,-32.373635005378055,20.00546186197456,5.879662905960164,user,squat,medium
1788983677707,10.013747274559735,2.068738922130689,1.1361977408260109,-40.32532416163398,29.03521612399425,15.364281726606489,user,squat,medium
1788983677723,9.776124513354898,2.120812936103251,0.8877993185847998,-36.93007810635566,34.227020497039355,22.32798914206194,user,squat,medium
1788983677740,9.013121787261962,2.227055548007716,0.7311284551873802,-28.07969144212968,36.467967997680105,27.070471228105056,user,squat,medium
1788983677757,8.659079216766356,2.180967150066688,0.8001122673034667,-19.288163933076284,34.74555821354297,29.35762837357553,user,squat,medium
1788983677773,8.596679166954756,2.0455450570153078,1.6214724898189306,-18.806820011697976,29.93270298093392,34.2783732743141,user,squat,medium
1788983677790,8.95715732345581,1.8240816043802537,2.154331996807456,-26.901195234810046,31.99224065721913,43.29355703528685,user,squat,medium
1788983677807,8.842085421642661,1.5846614566309376,2.2560852751031515,-36.69469954227326,33.28091976868212,54.20212729079509,user,squat,medium
1788983677824,7.875127810668944,1.2029358929071574,2.412905483843386,-50.67205330130072,33.60923330170629,62.18269790195641,user,squat,medium
1788983677840,6.844724440222978,0.8239036233879625,2.2439649214595554,-60.45924309887626,33.90410622855408,64.31977530079419,user,squat,medium
1788983677857,6.571335953631997,0.6016920010004192,1.9726713613212108,-66.0179310831886,33.25560025742888,66.57082806631196,user,squat,medium
1788983677874,6.105213648876547,0.1198591360896825,1.194705751635134,-60.55170336967072,29.75054866595885,69.72075421717093,user,squat,medium
1788983677890,5.398175386589765,-0.5779010102421045,0.6245858967885375,-50.66878164068828,27.4189952908833,70.88557467822491,user,squat,medium
1788983677907,4.956294373643398,-1.0877163262516258,0.6325163975268602,-40.20921777593293,24.54999311303966,68.41932997271671,user,squat,medium
1788983677924,3.894917188262939,-1.7296617925114928,0.8457514441892504,-30.56578638491323,22.581792141430444,60.08993477045367,user,squat,medium
1788983677940,3.495982752117514,-2.188600615503639,1.3030436690181493,-30.32231404666437,25.33311186742205,54.27619386215471,user,squat,medium
1788983677957,3.5661627882808444,-2.184709307153523,1.4685419819936156,-33.15315766516244,30.805693364415344,53.09197907895248,user,squat,medium
1788983677974,4.135833730316162,-2.055721984973549,1.589449458092451,-33.12251402145118,33.69889661003563,56.76069907840894,user,squat,medium
1788983677990,4.193443038719892,-1.8935145302370189,1.698086066161096,-27.140159648206694,29.39349028181268,57.55766945642812,user,squat,medium
1788983678006,4.110094308903813,-1.6635215332582591,1.974616065648198,-23.388405039010397,24.201354644592826,58.15682048061081,user,squat,medium
1788983678024,4.768353050452471,-1.510742416602373,2.432508594457805,-23.31507783562843,22.14210554380004,65.07361644929932,user,squat,medium
1788983678040,5.398325608715415,-1.6566384957462548,2.4751544347465035,-25.20420229212182,28.53350116341637,71.9858430214331,user,squat,medium
1788983678056,5.517437141308188,-1.9566618912845848,2.37534673756063,-24.70607830350008,36.36616402810107,77.80628434530784,user,squat,medium
1788983678074,5.301210219353437,-2.503886315973103,2.759166606682539,-23.10242501846196,38.517533597777096,77.99231820773149,user,squat,medium
1788983678090,4.888060795372724,-3.057545157623291,3.3243475438222285,-21.40750333063954,31.58996300567289,67.64753908707277,user,squat,medium
1788983678106,5.251082791137695,-3.4190701928287743,3.3619074591487643,-15.184449675949224,19.625257674278508,57.79814675672593,user,squat,medium
1788983678123,6.621611850407719,-4.266318013055622,3.303248057170212,-6.01597726009434,7.8309322655037406,53.00583673314028,user,squat,medium
1788983678140,7.804349808612465,-5.052215877045691,3.9016508804321286,-12.51304316324676,10.871174969802414,56.15077343081055,user,squat,medium
1788983678156,7.911188719609379,-5.437531537683308,4.402935683983564,-31.40105363360868,17.2617612120021,59.58148182825958,user,squat,medium
1788983678174,7.253084876361489,-6.009596681378781,4.725854509679973,-59.38383664424692,22.27293781735164,54.50465685970247,user,squat,medium
1788983678190,6.668301120868325,-6.257546775330603,4.065204781341553,-70.65486454844022,17.97481247078392,44.87270701667756,user,squat,medium
1788983678206,6.780826845329999,-6.288071385192871,3.59773603041321,-73.30591368232146,12.963734049403698,35.473536850755856,user,squat,medium
1788983678223,8.053345027703047,-6.610690643420815,2.4066201199635864,-62.25186039749195,20.326152903885,36.09298719715182,user,squat,medium
1788983678240,8.752451912468672,-7.304858902740478,2.2194234776601194,-45.47522532412106,30.09420280385887,39.85876759980874,user,squat,medium
1788983678256,8.491934013366699,-7.757214547950029,2.596661045782268,-22.48189379462984,32.1185001191214,38.71406887604963,user,squat,medium
1788983678273,7.483226926422119,-8.652795021930336,4.026447472923993,-1.1063695164060037,27.352739040839587,30.267044155900628,user,squat,medium
1788983678290,6.62026686553955,-9.191190535736084,6.067056352178752,9.839220471125406,17.073813189063564,10.360765178411118,user,squat,medium
1788983678307,6.713790952411293,-9.182961052051184,6.870909267315268,4.886736535087431,12.568623827617738,-0.9044634682900204,user,squat,medium
1788983678323,7.985859052929282,-8.733000193023681,7.439531869341432,-5.358286818969588,12.715082720216676,-1.8847603925005767,user,squat,medium
1788983678340,8.996661066326498,-8.020126648712157,7.215224809044599,-19.229828994922496,18.97865220328986,6.931630712678957,user,squat,medium
1788983678357,9.189395469012856,-7.646781996375322,7.059752800042927,-26.443731362317397,18.23338635728768,12.65339928182229,user,squat,medium
1788983678373,8.727463601684569,-7.492205767169595,6.754191644121706,-29.40983492449652,11.751390839652068,13.428656488470002,user,squat,medium
1788983678390,8.86228591362834,-8.003965787506104,6.040270344322919,-26.30714636193736,2.2505742253890584,12.939042061780455,user,squat,medium
1788983678407,9.138068601879477,-8.49058727493286,5.788131274248659,-21.11520709265613,-2.227331091643505,15.4712851776912,user,squat,medium
1788983678423,9.292045696148277,-9.504830953216551,5.507859750145673,-15.88928592470681,-0.7313874352172492,15.991100139569603,user,squat,medium
1788983678440,9.47550198287964,-10.67454868632853,5.957520749443769,-9.900482999112189,-0.6867963851382624,11.572997397588734,user,squat,medium
1788983678456,9.515455223083496,-11.319487343055007,6.357951269365847,-6.099302152873911,-5.972558174427393,3.596591921160655,user,squat,medium
1788983678474,9.931147317284346,-12.246340907177329,6.730848177935183,0.1937783231068665,-11.799927017667825,-5.692648057616984,user,squat,medium
1788983678490,11.157727924346924,-12.629564563971757,6.535122192217409,14.485965503119743,-13.513297046438447,-14.104694952139525,user,squat,medium
1788983678506,11.844415472522376,-12.739548202735184,6.749703392791748,23.848804185298857,-13.38431490037828,-15.85249681828983,user,squat,medium
1788983678523,12.370838808983564,-12.675502139282226,7.792826251818239,26.414761114952785,-11.402454404202686,-18.25783160432715,user,squat,medium
1788983678540,12.76244100254476,-12.421866985431311,8.703070918706059,23.33023573294398,-14.075978275547852,-22.235894286388078,user,squat,medium
1788983678557,12.856563639831542,-12.192024210578202,8.826672748455405,20.299105354771747,-16.38765750768596,-25.40103639117054,user,squat,medium
1788983678573,13.089849248614906,-11.65662086432576,8.694243469128011,19.816911074841773,-19.19747609637144,-27.67803192270332,user,squat,medium
1788983678590,12.885592750439049,-11.14635546646118,8.428935997661947,20.24203912425629,-18.63609601829892,-30.4010934485513,user,squat,medium
1788983678607,12.784587952423095,-10.747423368403314,8.019677151378989,23.643727755469225,-18.7138850427562,-30.064973009305803,user,squat,medium
1788983678623,11.864915239715575,-9.99205157558024,7.301266431206464,25.626538501713096,-18.24513769775468,-31.95232844680416,user,squat,medium
1788983678640,11.068396028468012,-8.849120727106929,6.8502604470402,20.793225144992565,-18.03326693724818,-34.73570566566523,user,squat,medium
1788983678657,10.866831838116047,-8.295310202026366,6.466588754217327,13.813051850995503,-18.910500575751477,-33.95419200573778,user,squat,medium
1788983678673,10.351031602478027,-7.166445288306474,5.594351161901653,4.1047003656884815,-15.990977196164543,-32.00426179015835,user,squat,medium
1788983678690,10.173712211066483,-6.205473181483149,4.193293985638023,-1.658148162774482,-12.507853073251196,-26.288057690754464,user,squat,medium
1788983678706,10.068066893768307,-5.84439618230611,3.345297392870485,4.459252924182905,-11.544337070057717,-20.95276128853114,user,squat,medium
1788983678723,8.844629845428466,-5.4240644456058735,2.3991385320365426,15.652592549209189,-10.878694154304952,-21.246380875666237,user,squat,medium
1788983678740,7.738807369121909,-5.373486643274128,2.2447128172174096,31.33635466669573,-13.896408333399986,-27.978949566966577,user,squat,medium
1788983678757,7.519141120368242,-5.345655218018592,2.3701094214290377,37.560128906343486,-16.376500393676746,-32.13735827141981,user,squat,medium
1788983678773,7.386112706103921,-5.406856705695391,2.938582970373332,34.942575020151985,-16.763717478103107,-34.0656367873303,user,squat,medium
1788983678790,7.122300441631674,-5.416432927814125,3.1774040014520284,25.716942885567384,-15.180390836034942,-35.77759638203731,user,squat,medium
1788983678807,6.656927493938803,-5.212925786700844,3.3861484586969017,11.98051038913379,-14.336297275384547,-39.45557811800831,user,squat,medium
1788983678823,6.048351943969727,-4.767604277911782,2.951751079504192,7.027815144118369,-14.961488395777913,-44.25647710447525,user,squat,medium
1788983678840,5.664830765533447,-4.560056921496988,2.8359306974112988,5.938003393642652,-16.82121059544169,-52.06155625019685,user,squat,medium
1788983678856,5.230731492504477,-3.956119552722573,2.451362932531536,13.320178570298214,-23.368720433822418,-63.68513461368411,user,squat,medium
1788983678872,5.242255341559648,-3.330784883393347,2.2186767509460448,20.16846603406421,-27.558192838620865,-69.72248908522012,user,squat,medium
1788983678890,5.324704492187499,-2.9773399865299464,2.2578812186092136,22.1176534665714,-27.03469469723253,-71.80879085776803,user,squat,medium
1788983678907,5.845594744440913,-2.7038033236399293,2.508973409979045,15.870854659231531,-24.79878616865196,-67.88727872694022,user,squat,medium
1788983678923,5.848734796032309,-2.528726450458169,2.469168638335168,9.35515642691014,-23.12371471810489,-64.84436114980784,user,squat,medium
1788983678940,5.648220991516113,-2.4965546579107643,2.285115554754436,5.3516239694342405,-20.886303547906916,-64.20485053781955,user,squat,medium
1788983678957,5.173720149993896,-2.579752873340249,1.751506982964277,8.116886672842787,-19.548725404628517,-66.53098757288329,user,squat,medium
1788983678973,5.050868846350908,-2.492215459662676,1.403450793401897,12.469664631828008,-19.599717889424536,-68.20988222181826,user,squat,medium
1788983678990,5.141100905939936,-2.444929684613645,1.3655921873897314,17.630002323366874,-21.08375748662281,-68.22097444903036,user,squat,medium
1788983679006,4.950761289435625,-2.434305853138119,1.3904320296138524,22.489623861223,-19.753294692912277,-68.3418004954479,user,squat,medium
1788983679023,4.937742817908525,-2.439542877008766,1.4739303970336912,25.78904406999333,-17.62562075701431,-68.23022935535573,user,squat,medium
1788983679039,4.8129438873291015,-2.376545299695432,1.5692492583677171,26.98612692959186,-14.870718596803028,-69.51530212693696,user,squat,medium
1788983679057,4.874443773430586,-2.013524034582824,2.0166654013484715,22.008636817228822,-10.16928082502981,-70.28441557842623,user,squat,medium
1788983679073,5.261707061004638,-1.520169293378293,1.9244883451715111,19.8931394010737,-7.751123212599434,-70.4288535888045,user,squat,medium
1788983679089,5.548562347412109,-1.1975501812808216,1.7411819883048534,21.368099969317736,-5.801583598463163,-67.742560678806,user,squat,medium
1788983679107,5.807734677124024,-0.662745677704364,1.6708526067987084,24.700098472881734,-4.807304850134768,-65.83084537163279,user,squat,medium
1788983679123,6.127362352320551,-0.2925425382636487,1.8698709120601416,25.860165122273383,-4.644448807772746,-63.9891873147764,user,squat,medium
1788983679139,6.446386800926923,-0.1129771214909851,1.9915256993949413,25.720371640530733,-4.080145408735462,-60.7510765915434,user,squat,medium
1788983679156,7.033117598834633,0.2807195235988125,2.09118522028178,25.538492240669758,-2.6602558019955933,-55.057366012623646,user,squat,medium
1788983679173,7.217173605024814,0.5241796491876244,2.1039052933841944,27.600152398239544,-2.6973243058383103,-52.9435829739502,user,squat,medium
1788983679190,7.196222002410888,0.6395503512842581,1.969379041777551,31.680746465026115,-2.38227606739936,-54.175393930383656,user,squat,medium
1788983679206,7.548171400019526,1.053896752797463,1.8831889510557052,38.7140757062388,-3.9784332198233945,-54.32610546951457,user,squat,medium
1788983679223,8.342745322418212,1.4568707786233164,1.834556145311892,43.067716830380384,-6.033903518457862,-50.68309088699946,user,squat,medium
1788983679240,8.6444147315979,1.651250044173561,1.9069810377925636,43.84334286724327,-6.778842796040357,-44.016635011770255,user,squat,medium
1788983679256,8.776095822906493,1.8903710445795208,2.3304554564327,37.88589819390183,-6.813115404635012,-37.18162031310889,user,squat,medium
1788983679273,8.942642475891112,2.1877008171197025,2.600700968822837,31.197179317072965,-6.589465982904821,-32.48775039093604,user,squat,medium
1788983679289,9.035866118511557,2.35065631374456,2.593966399870813,25.79981186321986,-7.836964176314508,-26.69291886135426,user,squat,medium
1788983679306,9.259874780383706,2.6925783114008603,2.508673550249636,21.541740453492384,-8.604367519190351,-20.65035637057612,user,squat,medium
1788983679323,9.213787567469478,2.930951233385876,2.265812011608481,21.05254864475773,-13.243718017634508,-15.146383324157448,user,squat,medium
1788983679340,9.162162594172358,2.954743466253206,2.1923396559014914,22.87826504009131,-16.968778540007108,-12.57182547879118,user,squat,medium
1788983679356,9.47430488204956,2.909552690722048,2.0913342733636497,25.10629494546427,-21.226834581808948,-8.939080085693181,user,squat,medium
1788983679373,9.89613328704834,2.726994741069898,2.1859052389398217,23.05956387387284,-19.605267418125173,-2.3925136671915626,user,squat,medium
1788983679390,10.18343807078898,2.593518290777132,2.242020217132568,17.852379622364147,-16.141277216397967,4.36879304504161,user,squat,medium
1788983679406,10.551247300830482,2.234387749492749,2.1235063581719995,13.014743609672646,-13.22232757270132,11.42693636350895,user,squat,medium
1788983679423,10.179399024531245,1.874659023119509,2.0691887847900388,8.027592194728625,-9.309605041561678,15.640585076648309,user,squat,medium
1788983679440,9.884314254438875,1.6584329048823565,2.078765299169719,4.511315614244504,-3.746672521566991,14.291993253333262,user,squat,medium
1788983679456,9.318383667975665,1.2092208914607765,1.9063821951165796,4.455434421550044,-0.5119995712814712,9.346987520662804,user,squat,medium
1788983679473,9.2447596288383,1.006910412786156,1.8682240216359496,8.268645792237654,1.2530040729326573,1.532199047592624,user,squat,medium
1788983679490,9.508122980499268,0.9789281808830798,1.8824407630369069,11.900313722994088,-1.0253925011536251,-1.2965972217017343,user,squat,medium
1788983679506,9.821016379004716,0.9470558096736668,1.912069300842285,13.734501260445771,-1.3024493064382603,-1.083109413909231,user,squat,medium
1788983679523,9.509469134411216,1.1011821762200444,2.2345374601617456,9.090103252204978,3.979724979350173,-1.362325732910354,user,squat,medium
1788983679540,9.22007059326172,1.2717691175714134,2.416496494072676,2.675709745322982,6.262201737691892,-4.7569834314247,user,squat,medium
1788983679556,9.323170902252198,1.7455219172053038,2.6756691160455346,-5.6059264263858015,7.06764283094236,-6.648989373974191,user,squat,medium
1788983679573,10.097095419853924,2.531268536156416,2.336291030718386,-12.928355377050323,6.903871970118379,-0.4802740362778496,user,squat,medium
1788983679589,10.335318485039473,2.8555334426995365,2.1107868695914744,-14.882580927844046,6.001437068011852,8.636500997914323,user,squat,medium
1788983679606,10.165929886627197,3.3301840679559853,2.2070044333308934,-19.909873364540232,7.911893912830487,17.898626833234303,user,squat,medium
1788983679623,9.627233928570153,3.423408148967847,2.0560203833982347,-27.76272626841148,13.6127292328282,25.252501974837564,user,squat,medium
1788983679639,9.575160626983642,3.450193280040845,1.878849460546672,-31.334346591079747,17.015406533923493,31.756636696894127,user,squat,medium
1788983679656,9.7746281373173,3.2842450313407925,1.4845546669006346,-32.68211025395793,19.21898265452052,42.255737111660096,user,squat,medium
1788983679672,9.10395064370036,2.8339855912255123,1.243487318199873,-30.92378392007028,21.71983934364776,54.72931202678794,user,squat,medium
1788983679690,8.533982180023193,2.4953559679117983,1.1610372907891868,-23.404100813723083,23.3711605189034,58.10747236385747,user,squat,medium
1788983679706,7.112873857116699,1.6002237674219533,0.9810235457271336,-1.6799008211770918,20.519867314030314,53.98150193531992,user,squat,medium
1788983679723,6.5580164533317085,1.1655265079502364,1.0957950032889845,29.393719093149876,1.7886156615357154,44.84945022255366,user,squat,medium
1788983679739,6.091895317620039,0.5419864053040276,2.2122414572015403,51.563423723838646,-31.03733581502174,32.95269844321174,user,squat,medium
1788983679756,6.401796548572182,0.2802704646570608,3.0937562886893746,37.00857064029744,-30.687858940854284,34.81169835037079,user,squat,medium
1788983679773,6.68371437857747,0.0843946952050551,3.373129987169802,-4.603001512341816,-7.668022862288828,46.275518589171455,user,squat,medium
1788983679789,6.574326952141523,-0.1750768366491422,2.9367873191282152,-64.82147318589914,28.80534269238288,63.91339953574594,user,squat,medium
1788983679806,6.089053372192383,-0.3606274287786334,1.111657173809409,-87.52746036455521,38.10762320983336,75.53131225731667,user,squat,medium
1788983679822,5.268140308922529,-0.5205898810673505,0.333839740422368,-93.20119605524724,37.284349773320464,77.36136582277321,user,squat,medium
1788983679840,2.98781520331502,-0.4438263017952442,-0.7812576369687915,-83.00280837906944,35.23996487170893,64.80285409022167,user,squat,medium
1788983679856,2.5857389620125293,-0.2204170671209692,-1.6226704674318433,-65.82622133356469,36.44139514671417,54.39593049339961,user,squat,medium
1788983679872,3.058293345642089,-0.1167183538459241,-1.934365596063435,-43.01201663769893,36.94386484319533,51.058085347906086,user,squat,medium
1788983679890,4.0071448065608735,-0.0978637235112488,-1.6361387285530566,-19.927701865821252,44.10609341442449,53.866631813858646,user,squat,medium
1788983679906,4.385129393658041,-0.2859581914372742,-0.0360638315498828,-13.838249272617327,48.84186996224995,57.78874841642799,user,squat,medium
1788983679923,4.469975084033608,-0.6025913609929382,0.72798635776937,-13.232235615866069,51.95355729904061,59.883594755627584,user,squat,medium
1788983679940,4.667646943122148,-1.2271793036080896,2.0795140717104075,-16.16470988789299,57.16895997566811,63.07134649411009,user,squat,medium
1788983679956,5.250034158867598,-1.882740622766316,3.107821931181848,-17.685473704711132,57.960500353297135,63.36057768470344,user,squat,medium
1788983679973,6.026055941009521,-1.9228437928348776,3.634098844909668,-19.10171855175515,55.355978468042025,69.40683189272798,user,squat,medium
1788983679990,7.293785720062256,-2.411709844318032,4.582052772466838,-19.302353651076984,42.40078300887448,78.61585300725112,user,squat,medium
1788983680006,7.751676787567138,-3.216910082410276,5.318269782964885,-18.66031416154849,29.534656631578503,82.15570782763695,user,squat,medium
1788983680023,7.626282229182124,-3.8519729495495554,5.5745998749881975,-16.799806490130162,17.914411400406202,79.01964013060393,user,squat,medium
1788983680040,6.883928323364257,-5.266945253919065,5.385007569719851,-3.445145496363728,3.3166638751036754,61.8228015742101,user,squat,medium
1788983680056,6.78052815464437,-6.192004335840046,4.796333236528933,14.151752394199974,-10.42713241902884,45.08635874901014,user,squat,medium
1788983680073,7.1957719205558295,-6.391919882202148,4.545091699816286,32.72658161564388,-22.214515794285933,32.95613744345884,user,squat,medium
1788983680090,7.873480627983808,-6.318448111017048,5.176112890349328,36.58457981737973,-19.257580053520257,19.4144814515865,user,squat,medium
1788983680106,8.46649445168376,-6.171054779052734,7.082346909166872,15.91060977529559,-3.316568039011884,10.501286075300374,user,squat,medium
1788983680123,9.10410028130412,-6.019771161651611,7.650370960777997,-11.867539914035426,13.535945099952563,9.146263628881762,user,squat,medium
1788983680140,10.431385242131352,-5.580435157012939,7.745689529851078,-38.87424705737018,17.859049302088664,14.781576090397898,user,squat,medium
1788983680156,10.543165116661786,-5.302708056695759,7.162252805052697,-47.70798342794696,10.931171351471807,17.592296264053818,user,squat,medium
1788983680173,10.46954575369954,-5.37857549084574,6.680272129169106,-48.48523504983232,4.47774096560566,19.06092353938996,user,squat,medium
1788983680190,10.376620801764728,-5.604677617865801,5.769128759875893,-39.42567554982199,1.9653961117378664,20.619514651378925,user,squat,medium
1788983680206,9.840018016594648,-6.156091895459592,5.239259959135949,-29.551506708260924,-2.2042578588535555,20.67593201392323,user,squat,medium
1788983680223,9.379732747429609,-6.399401470129192,5.375280540953576,-23.61753568754952,-10.104001292037411,16.186897757411778,user,squat,medium
1788983680240,8.674341083306073,-6.732794635827839,5.244945603556931,-19.17464789661796,-18.32183047685017,7.792643932563942,user,squat,medium
1788983680256,8.909122483605145,-6.721571231023967,4.656870697563886,-13.9840738113971,-21.4967756106389,5.588490660982052,user,squat,medium
1788983680273,9.164554457744956,-6.592584493365884,4.25868561848104,-5.136310793586051,-23.78736321862001,6.897420002673656,user,squat,medium
1788983680290,9.392903194648026,-6.365585417506098,3.954621715380251,3.9732298963363135,-18.82328759778688,9.697556371323818,user,squat,medium
1788983680306,9.33993031387329,-6.196493756213784,4.466830940788984,3.468293220904312,-13.607895166443123,8.245554630201132,user,squat,medium
1788983680323,9.667937694880363,-6.175097040180861,4.916194126184284,-3.0308900408908115,-10.649259562347762,8.235719157796314,user,squat,medium
1788983680340,11.066150295367835,-6.448185082520544,5.244947649383545,-13.4604655332084,-2.7229174515451717,18.81709603130426,user,squat,medium
1788983680356,12.8191542388916,-7.127838202014565,5.1888335479736325,-19.107455910657965,2.9090661465242293,34.52628865061805,user,squat,medium
1788983680373,13.28572428741455,-7.666384230206907,5.254822562187909,-22.05968052844362,9.00446377907042,48.48568584231754,user,squat,medium
1788983680390,13.394210965618491,-9.05352452479899,5.238661700981855,-10.330235086594806,17.649526419109353,55.76843651654617,user,squat,medium
1788983680406,13.779528379821777,-10.68008586218953,5.34101469873637,16.067784380928632,14.50300170245705,54.64388002064942,user,squat,medium
1788983680423,13.609990143805742,-11.475111035487055,5.594501091766357,51.38888848488273,4.546373267706887,47.06952124999626,user,squat,medium
1788983680440,12.77501114578247,-12.616096595111488,7.301117085863649,86.13757834016015,-5.771664381690746,21.062416560561108,user,squat,medium
1788983680456,13.333308460888263,-12.656498748126625,9.636511752264202,88.65552757768535,-7.074581449365446,3.3312482499723566,user,squat,medium
1788983680473,14.02553318492472,-12.25457302121073,10.680234330749512,71.71778541726678,-4.604305651586466,-5.467701753718138,user,squat,medium
1788983680490,14.209734737065434,-11.500547090038657,11.567583567479252,34.87546499646203,-2.008983817699949,-13.9259693921278,user,squat,medium
1788983680506,13.359196350860596,-10.342054223035277,11.328015517425536,8.267743353493566,-5.297905385385737,-22.411319157483387,user,squat,medium
1788983680523,12.97956633464396,-9.650279873114824,10.377218767657876,-5.055486176929528,-12.92200842376409,-29.58748131461938,user,squat,medium
1788983680540,12.448650947460532,-8.262240876117348,7.776964665819704,-5.7298567937810985,-21.90632399855662,-34.97208485246103,user,squat,medium
1788983680556,11.72275834710002,-7.074118010003865,5.785288159777224,-2.5145559141681737,-23.63269187731777,-36.31691494909069,user,squat,medium
1788983680573,11.435754007610678,-6.561310526441037,5.239110613793135,-2.612212037930312,-22.285172393702425,-34.54469942552582,user,squat,medium
1788983680590,10.443955385369062,-5.853224508666992,4.139573209105432,-2.447407043777309,-18.815378238728,-32.15810838611831,user,squat,medium
1788983680606,9.04035700019002,-5.595848999243974,3.394079543957114,2.752989493800268,-14.507268863141016,-34.672816698882336,user,squat,medium
1788983680623,8.505552204352616,-5.484368984442949,3.164685681915283,11.897678977521752,-15.515008633663037,-38.20578668858479,user,squat,medium
1788983680640,7.672220973536372,-5.281909891077876,2.924218637195229,22.55468482816196,-19.624183627031524,-42.2395188274759,user,squat,medium
1788983680656,6.661268738013505,-5.080796659363806,3.208828482763469,31.76201547086551,-24.21563827769461,-50.34998256117794,user,squat,medium
1788983680673,6.3319146185725925,-4.96677134399414,3.4271485776051875,33.19388608318323,-24.959503934916945,-57.55372160708785,user,squat,medium
1788983680690,6.342241366797685,-4.2386359331429,3.623923487854004,30.088079539267955,-24.414970518432263,-60.47189943940829,user,squat,medium
1788983680706,6.615180356055498,-3.625720308142901,3.796755504718423,20.92806332449237,-23.52934257743902,-58.45619450212164,user,squat,medium
1788983680723,6.567745235663652,-3.3560733461678027,3.6507083266660567,15.486011065541748,-24.03054527382914,-55.29722518080157,user,squat,medium
1788983680740,5.843948146277666,-2.9655192003548145,3.323750162450969,12.890688591324995,-26.68636870994022,-56.41308343079031,user,squat,medium
1788983680756,5.2648494506835934,-2.808399131885171,2.666242823791504,14.092991422996707,-28.76387661393173,-60.36354531841521,user,squat,medium
1788983680773,5.10743010700643,-2.7454014084413645,2.408865853063762,15.048131052946816,-27.863060039771675,-62.2929849664846,user,squat,medium
1788983680790,4.868906597569585,-2.629432265527546,2.1610653967157005,15.082159055391818,-27.66008218556453,-63.72328122019863,user,squat,medium
1788983680806,4.352209705352783,-2.5167554421573874,1.8405413572013376,16.012693782630603,-30.24393421084389,-67.98360488480492,user,squat,medium
1788983680823,4.18177130562663,-2.450914896503091,1.637932626232505,16.276902575199617,-28.635796906615653,-71.92344241317586,user,squat,medium
1788983680840,4.340988638636469,-2.169746131299436,1.4498381583064794,15.574485920955508,-26.0543354475458,-72.47360049044205,user,squat,medium
1788983680856,4.275893358391524,-1.6733981996282934,1.3956693457454443,14.90178741979012,-24.51943826178761,-73.18544280574078,user,squat,medium
1788983680873,4.268561700329184,-1.4380182489141822,1.3201017713248728,14.386178146893153,-18.70646574977027,-73.64494378215339,user,squat,medium
1788983680890,4.4554608209908,-0.8963301233038306,1.3314753982543943,15.539327522202868,-15.310784269932364,-73.94169501102293,user,squat,medium
1788983680906,5.063736511230468,-0.3658645987797528,1.4836565490171312,22.09445643660274,-22.06796725545414,-70.0821190355888,user,squat,medium
1788983680922,5.245697006446123,-0.2528885002020746,1.5364789154052734,23.412215078457056,-20.43774794963925,-65.6417720750285,user,squat,medium
1788983680939,5.129876332092285,-0.0369614379767328,2.0479402450561524,17.97813706536242,-12.16268092580814,-63.75384631673444,user,squat,medium
1788983680956,5.369148614069819,0.1461948794273659,2.205059729003906,13.102801823547034,-5.957923640356994,-59.90271245511445,user,squat,medium
1788983680973,6.20532120579183,0.3449138364160433,1.8866303236812352,15.186148685505264,-7.522651677315215,-51.62123102987905,user,squat,medium
1788983680989,6.303033976525068,0.5258256445626728,1.8936629987969995,17.13909955224513,-10.045440103867367,-47.33311874063457,user,squat,medium
1788983681006,6.291064137268066,0.6949163012079894,1.9675842673152684,15.659610568581376,-11.763499911276853,-43.5885768112018,user,squat,medium
1788983681023,6.496219630110264,0.9841655883462168,1.8849848945617675,12.276085971692446,-8.410169873161257,-39.59770069425793,user,squat,medium
1788983681039,7.241262921142578,1.381453462861013,1.49742262404114,13.328561773730758,-5.186447370301707,-34.598968693576154,user,squat,medium
1788983681056,7.781156564551591,1.4947291471734645,1.3036430962160228,16.89544109134139,-4.259781091454091,-26.631378856932447,user,squat,medium
1788983681073,8.221390394812822,1.8209391233697527,1.2771575326114892,19.184724133191025,-3.001587462134399,-16.44354723811688,user,squat,medium
1788983681089,8.17111215994954,1.8472755242945624,1.3549685020446776,21.50970515873773,-4.2200003621806434,-13.719927344304258,user,squat,medium
1788983681106,8.222137413787841,1.8655310927575453,1.417665781237185,24.930759083794943,-6.447476595344011,-12.491962638147164,user,squat,medium
1788983681123,8.783128790283202,1.842337118044309,1.4775202382192014,30.439441545646336,-5.464929977575582,-8.27603093427773,user,squat,medium
1788983681139,9.49959363708496,1.7929568914666771,1.880795041656494,31.702965070396164,-5.680662783170904,-1.9823140634251648,user,squat,medium
1788983681156,9.69068085708618,1.6796812254205344,2.169295464922488,28.8007596354498,-4.601194927306348,3.708084940964181,user,squat,medium
1788983681174,9.656263623699544,1.4021034704461692,2.5959119809806346,17.630285776217427,-0.7079810172618503,9.052579046678575,user,squat,medium
1788983681189,9.835978385815023,1.1034268864069134,2.806003761181235,10.542548101850068,0.7742882802809226,11.399960531381986,user,squat,medium
1788983681206,9.950002239879964,0.903510865120776,2.750039297375083,7.432742482175752,0.2145617483177822,11.383738832103203,user,squat,medium
1788983681222,9.76235726928711,0.785596542955935,2.407518822368979,6.011293030984181,2.26582646469252,9.358710686599483,user,squat,medium
1788983681239,9.964667309570313,0.6587038915002719,2.3021739493221043,6.345877531440072,2.4126548278368727,7.449139205052014,user,squat,medium
1788983681256,10.072556021881104,0.6575065714744851,2.2453113676324485,6.4085509203772855,2.2809990896034686,5.490156854388201,user,squat,medium
1788983681273,9.76160908126831,0.7160150572076439,2.407817805315554,3.4179961347431616,5.182000063378382,2.879988750567016,user,squat,medium
1788983681289,10.031405680847168,0.7733263325128704,2.334196981048584,1.5580904804671438,6.2072609766687785,3.398938412854945,user,squat,medium
1788983681306,10.012850617980956,0.8457508961999788,2.2218182638421653,1.2079611097905387,4.548093621604084,2.6991456184691764,user,squat,medium
1788983681323,9.679158761596678,1.1460736400110647,2.3431752372741697,-1.5662842528719263,5.853176713019325,2.192383361538077,user,squat,medium
1788983681340,9.753077984288334,1.320401156130247,2.1746824186578397,-2.833633110443785,5.455185858950912,4.294904058600412,user,squat,medium
1788983681356,9.745148360332848,1.3953697782769798,2.0666443610042333,-2.8635209510347037,5.52820485004658,6.400322676861536,user,squat,medium
1788983681373,9.593416414642334,1.5801721458550542,2.0910349981561303,-4.814830437939653,7.635428345795881,8.593528862751187,user,squat,medium
1788983681389,9.6020953956604,1.5966322457360105,2.300977433013916,-9.932938350500796,8.156197826610795,12.61142606182527,user,squat,medium
1788983681406,9.685893622809647,1.6178810046656056,2.3419784287050365,-14.00923793584672,8.9090895788213,16.156235330680296,user,squat,medium
1788983681423,9.567978606525063,1.5876539895104242,2.285115262493491,-17.09657479447263,11.164622948434612,19.83641980265862,user,squat,medium
1788983681440,9.420733450859784,1.3916288381829858,2.093728475023806,-17.534318203284165,12.469432405396228,23.320702496409933,user,squat,medium
1788983681456,9.234883546990156,1.3406025203321827,2.0804113128110764,-16.71669162566757,12.497600105533362,24.79752599875009,user,squat,medium
1788983681473,8.922291761779785,1.239746667512713,2.197577556554973,-18.47612103510617,12.378215229030708,26.15026203934404,user,squat,medium
1788983681490,8.658928994640707,1.217750097877765,2.740313437652588,-31.129410180128097,14.094700677836505,29.1567866610313,user,squat,medium
1788983681506,8.65040082027018,1.2575534721489996,2.933793690270185,-44.18900508075928,18.519436387275103,34.32078191887071,user,squat,medium
1788983681523,8.749460329437255,1.3970157553857192,2.724451267132163,-54.974512402896806,23.919428341316788,42.380162667770215,user,squat,medium
1788983681540,8.719533977729082,1.3721760958246887,2.2994810569763184,-61.77744228793204,27.24738508043944,53.47145072886005,user,squat,medium
1788983681557,8.351874969813228,1.2400457994438707,2.119317089788616,-63.02789966079963,26.651167622505262,58.00312073371801,user,squat,medium
1788983681573,7.389854230719805,0.897525251372531,2.0186106901973484,-62.599571667758966,20.48358022651733,59.552023222369314,user,squat,medium
1788983681589,7.097761628180741,0.6465831359978765,1.8083701491758224,-59.348155736022775,16.412538179285026,61.42435565878823,user,squat,medium
1788983681606,5.774366076007485,-0.0722758393988013,0.9606731238767504,-55.82608331314108,22.86505886933109,56.33016834936094,user,squat,medium
1788983681623,4.6516339659541845,-0.6841437089115381,0.4327516578122973,-56.0842542184838,29.833187124726837,51.17796199802898,user,squat,medium
1788983681639,4.58459573494792,-1.018134840503335,0.4212286855399608,-60.43383479516381,33.85801952712942,50.672835357960686,user,squat,medium
1788983681656,4.784512742614746,-1.654543569293618,0.7311287474483251,-68.60811640137587,33.47066925401424,49.99222408264184,user,squat,medium
1788983681673,4.304028735029697,-2.0840045149974524,0.5693719590887427,-68.64805251745292,33.837306978471354,45.84299344488581,user,squat,medium
1788983681690,4.288764530402422,-2.1076469641305504,0.4020756567806005,-62.786978398205775,35.938580525679924,42.3980919143415,user,squat,medium
1788983681706,5.070471372443437,-2.090887406378984,0.5674263779789209,-49.46949262998784,38.85287198036263,42.9264514428716,user,squat,medium
1788983681723,5.70164161605835,-1.989133251300454,1.3205512686580418,-35.05123649965772,35.06434704776956,43.37784156964481,user,squat,medium
1788983681739,5.77167201461792,-2.0489882928043603,1.6632210890069603,-21.606325014736733,31.024098908410256,41.96332988310268,user,squat,medium
1788983681756,5.747581529456377,-1.9779107232794164,2.984073094177246,-18.604724959441054,26.983341919957788,39.5138430467231,user,squat,medium
1788983681773,6.013188276129961,-1.8028350191414355,4.53910707244873,-27.752612465797984,22.727712302858595,39.02067948298608,user,squat,medium
1788983681789,6.293457169884443,-1.78098734447062,4.977843357628584,-40.48212481440996,20.979445130071085,40.16616026340517,user,squat,medium
1788983681806,6.912959187537432,-1.7598890268623828,4.629787460327148,-48.13224062824231,19.26263780860065,44.30160074922694,user,squat,medium
1788983681823,7.277174777001142,-2.075324218805134,3.548953879326582,-45.87095623934785,13.259101311192667,48.82922045190709,user,squat,medium
1788983681839,7.340771927642822,-2.169147288623452,3.1985034881040453,-42.71039548395117,9.474245043957543,53.20692433249462,user,squat,medium
1788983681856,7.081300322723388,-2.589928522656858,2.5287246968925,-37.85245417263086,11.587907700546872,56.34645152034225,user,squat,medium
1788983681873,6.468084837993979,-3.176058724322915,2.0582640706717967,-28.94022868320688,16.6714501601527,54.07712116860552,user,squat,medium
1788983681889,6.453719043511152,-3.293074745941162,2.117669907103479,-21.621450468653727,15.917388738046828,52.829102173271615,user,squat,medium
1788983681906,7.446714182060957,-3.754407770593464,2.3725033308282493,-18.164310946664045,15.582185251697403,55.68602686911538,user,squat,medium
1788983681923,8.169913890075684,-4.476409793256223,3.043178486357629,-27.133937345872816,22.201282302769037,64.70763442300253,user,squat,medium
1788983681939,8.202686278864741,-4.987722654347121,3.4359780730098484,-39.14945928469209,29.67204247163872,69.10795647502657,user,squat,medium
1788983681956,7.838916095080971,-6.037130292731523,3.75739993814677,-47.01367079315308,34.17192136100486,69.0499135274598,user,squat,medium
1788983681973,7.371895380181074,-7.070826274982094,3.389740053448081,-46.37861687959821,35.697556810248514,64.49292742644317,user,squat,medium
1788983681989,7.104044069451093,-7.552958049774169,3.335720001707971,-43.07582768001977,38.17822004509462,58.79747856437967,user,squat,medium
1788983682006,6.745961868175864,-8.296058390045166,3.628261224797368,-40.75132306016767,40.59588503013111,54.89842068044828,user,squat,medium
1788983682023,6.005108430048823,-8.588452021357417,4.33156000829488,-37.23091037325428,39.15231771885974,41.2957540238148,user,squat,medium
1788983682039,5.766883026775718,-8.488941845813393,4.581004432457685,-33.496538595495664,35.905068202517256,31.739339242821067,user,squat,medium
1788983682056,6.360943729180097,-8.352321544536947,4.865166534258425,-28.47384799875277,32.83368922711344,28.004477398989497,user,squat,medium
1788983682072,6.795941412353515,-8.122330301123856,5.22893584125936,-21.67292106669165,30.07754397247321,25.958950148239275,user,squat,medium
1788983682089,6.689249800872802,-8.1006322640568,5.520279671257734,-19.54827973478517,27.320136840383825,22.583187207568415,user,squat,medium
1788983682106,6.574777033996582,-8.040777222552896,6.389824078966677,-22.163982639711595,22.560900300306667,18.831753617263107,user,squat,medium
1788983682122,7.160158755382895,-7.987206375885009,6.742519618767499,-27.117413410723263,14.725010171239145,17.898633663423475,user,squat,medium
1788983682139,7.712920648193359,-8.066215615192055,6.69089464547038,-31.543930945761588,7.922947720228506,24.590637861243117,user,squat,medium
1788983682156,8.653990369194746,-8.40230050419271,6.708402245110273,-34.93265075528796,1.13527380975644,31.46527448727972,user,squat,medium
1788983682172,8.751555840411783,-9.221418500739336,6.220285258428752,-34.37277673392743,-0.4968136061572999,36.45576927982246,user,squat,medium
1788983682189,8.844479623302817,-9.842413387298585,6.072741996599733,-29.37547907297136,-3.9870887770490935,39.08672058207094,user,squat,medium
1788983682206,8.932916031646728,-11.15907524730265,5.991040157207847,-24.578818218884404,-3.2127850221208325,39.76286832876718,user,squat,medium
1788983682222,8.575133690100907,-12.676701578199864,6.107758072662353,-16.948346029105014,0.6519549498517927,30.944069581905215,user,squat,medium
1788983682239,8.696039120373129,-13.34976976634562,6.310516441234946,-8.741324764880154,0.7482311619581767,23.03471393812504,user,squat,medium
1788983682256,9.46772141200602,-14.439431381446122,6.663661770629883,3.1018002110802376,-1.7146595471415809,15.236253245709184,user,squat,medium
1788983682273,9.603441549572349,-15.027057082366944,6.817189075304567,15.75994946258345,-6.024704961193147,3.2055001984841907,user,squat,medium
1788983682289,10.066270658001304,-15.713295717731118,7.4992372732415795,22.12559868412341,-8.776793937240031,-9.341017081554568,user,squat,medium
1788983682306,11.112088455200194,-15.53283276759684,8.318653083691,18.944864965013103,-7.053161549241463,-10.651078953987923,user,squat,medium
1788983682322,11.539752726745604,-15.332916928973791,8.490286830681562,16.22239254298104,-9.102502606869493,-9.33684810483992,user,squat,medium
1788983682339,11.241374175804852,-14.526069215935468,8.432675476451218,16.035668831451233,-14.209474322875751,-16.683664245935972,user,squat,medium
1788983682356,10.75086327972412,-13.473670286780594,7.799560528509319,19.62609095735725,-16.823075237085103,-22.43724997066734,user,squat,medium
1788983682372,11.035025673785803,-12.879309724646806,7.2755296401426195,24.973162605709675,-17.581646291590474,-22.57032937645587,user,squat,medium
1788983682389,10.870123865398764,-11.85533843307495,6.589590572246909,29.790276461266227,-15.30804707162248,-23.187969722721785,user,squat,medium
1788983682406,10.188974662128093,-10.86608540366292,6.156390293884277,29.23244808156212,-13.159131247405776,-23.21697070593766,user,squat,medium
1788983682423,9.94102456817627,-10.353725663867593,6.101771399468183,24.126961931700333,-9.84359947615703,-23.72340020459013,user,squat,medium
1788983682439,9.341426105389,-9.274389043426511,5.750422305840254,19.397433299418147,-6.677502852438055,-24.442217850578736,user,squat,medium
1788983682456,8.999204905590414,-8.386289280590415,4.983080673760176,21.83082821011317,-5.926389083845868,-24.75319124084754,user,squat,medium
1788983682472,8.980350567516684,-8.016085848888755,4.599708548405766,29.46812034377882,-6.96649157131588,-21.80774046317124,user,squat,medium
1788983682489,8.36997995082438,-7.574657255885005,4.159176611980795,37.35953308060938,-8.991158570567235,-21.09014029840219,user,squat,medium
1788983682506,6.836642256054282,-7.145644492340088,4.484039849743247,34.51465683846152,-6.639054436939584,-25.596734971269747,user,squat,medium
1788983682522,6.131550451660156,-6.911611864581704,4.626794415991008,30.650108485311623,-5.728562472933381,-32.6618450826905,user,squat,medium
1788983682539,5.590161601257324,-6.341044265967607,4.237587593133747,31.06658610014232,-8.645823352357745,-38.97356825318592,user,squat,medium
1788983682556,5.594201232036948,-5.661240047565102,3.657889762602746,34.10534409207016,-13.021433779964672,-41.15719339121734,user,squat,medium
1788983682573,5.452644058880209,-5.385308306232094,3.529201715630293,33.89646666196742,-15.440161713190744,-43.23712601236421,user,squat,medium
1788983682589,5.112668592181802,-4.905720370703936,3.318362624193728,33.751161217564565,-18.04628186271164,-46.65211814453304,user,squat,medium
1788983682606,4.777179330986738,-4.53940576313436,2.663997090691328,35.928359147587,-18.53899121886885,-48.85235088753134,user,squat,medium
1788983682622,4.5781613179862495,-4.427027922710776,2.4507626285508275,38.25378584297705,-18.672456530345485,-51.67514512809255,user,squat,medium
1788983682639,4.231750265282392,-4.142866697692871,2.53186620978862,39.75796083784853,-21.30279823821053,-55.69199645444997,user,squat,medium
1788983682656,3.9739258430480953,-3.999664095416665,2.5987559722349047,39.8031561995865,-23.934832125442465,-59.389676455987285,user,squat,medium
1788983682672,3.8524206933170553,-3.8352120766237374,2.575412506048381,37.94342546218626,-23.32984128951941,-63.21510148557135,user,squat,medium
1788983682689,3.8795039305537937,-3.622128421130776,2.74599849755168,33.48821259489742,-23.88424603690205,-65.5699799566625,user,squat,medium
1788983682706,4.096778315734863,-3.385551077325642,2.594116914257407,32.71249093538614,-23.523627416651014,-65.69589449401167,user,squat,medium
1788983682722,4.085404688805341,-3.291877937372029,2.3748978247493504,35.43197173456174,-25.701902809015017,-66.91617609112615,user,squat,medium
1788983682739,3.8898289252132177,-3.137751497760415,2.175430022154748,36.46556035599768,-27.985537284421053,-71.1875100206745,user,squat,medium
1788983682756,3.6146471254646775,-2.7964284158453343,2.29843300922811,34.381437413795005,-30.171848394343577,-75.81589891927443,user,squat,medium
1788983682772,3.603274667578936,-2.5399498552620408,2.2415710120603443,31.023596889506265,-27.636540231042787,-79.08667160711843,user,squat,medium
1788983682789,4.0415602863818405,-1.8881272842407224,1.9806015697985888,27.340369568252694,-23.14619970085257,-75.63664743469661,user,squat,medium
1788983682806,5.147533569335937,-1.4220067330509425,1.7640768339410424,26.142337312359533,-20.900875756501136,-67.31358381779417,user,squat,medium
1788983682822,5.3883016428291794,-1.2295733591377735,1.7516572050899266,25.5710295543284,-18.75731480059372,-61.06628982173948,user,squat,medium
1788983682839,5.3121366870373485,-0.8719391938909887,1.8439844833925365,27.5541988855037,-18.48683760191393,-58.13727247920623,user,squat,medium
1788983682856,5.493197603064775,-0.6679831399664282,1.8887255423948168,31.751725790880887,-19.32728725664212,-57.20311433661276,user,squat,medium
1788983682872,5.751023194342851,-0.6573588700994849,1.9208973349422216,36.31690128871235,-20.63483135059268,-54.37021483117452,user,squat,medium
1788983682889,6.600963030132651,-0.6166572957463562,2.31130184315145,38.35063792540784,-22.70378444264875,-47.84007587140042,user,squat,medium
1788983682906,6.95231270828247,-0.6024415772587061,2.860771124157309,35.884878163330704,-21.81003369918507,-41.39343255913516,user,squat,medium
1788983682922,7.020697093200683,-0.523582706207782,3.1242829443782565,32.99335514424624,-21.783848461454536,-38.45963066908831,user,squat,medium
1788983682939,7.562084774559736,-0.2844615231387317,3.379564404131472,30.841224008477752,-22.570011772659463,-34.7845688389875,user,squat,medium
1788983682956,7.994987531280517,-0.223858439746499,3.57529068211019,26.48494984641113,-21.695571681526705,-29.563964973307023,user,squat,medium
1788983682972,8.194604094696045,-0.1442512345463037,3.619133915489912,23.4142555974716,-20.959915911686725,-26.021470284806988,user,squat,medium
1788983682989,8.325985910797119,-0.2600710321173071,3.5214211447566743,20.07846463137095,-19.86356809706213,-24.06018317218512,user,squat,medium
1788983683006,8.614487795367836,-0.2202672833867371,3.484908984917402,15.716909025528611,-18.549050379968985,-20.77922837983592,user,squat,medium
1788983683022,8.758439170184731,-0.3471599713750183,3.288285465838015,14.553430696646547,-17.316938895212047,-18.751196658644684,user,squat,medium
1788983683039,8.84223564376831,-0.5211885045476258,3.059789137157797,14.676066743194124,-17.561476742971426,-17.960395648993316,user,squat,medium
1788983683055,8.805575599890947,-0.5247801723640412,2.887257272283733,14.422267158920206,-15.265471087431203,-17.49573446466276,user,squat,medium
1788983683072,8.853008966717123,-0.5642842805609106,2.76470378254354,15.308374920702642,-13.33899318014066,-17.9758421218013,user,squat,medium
1788983683089,8.732550695690513,-0.3977374814458191,2.6156638524159788,15.59953563973653,-11.221538061014682,-19.15774659351677,user,squat,medium
1788983683105,8.851961503490806,-0.1746276681095361,2.6798592612117527,14.206967643450357,-9.067436415670644,-20.176257572359894,user,squat,medium
1788983683122,9.013123540827632,0.0161599113579839,2.6791110731929537,12.154976472424366,-7.182772072705272,-18.992428694845778,user,squat,medium
1788983683139,9.28187150813639,0.3640675592951476,2.744353068432212,9.372017602649963,-6.348543866537316,-17.073283849402888,user,squat,medium
1788983683155,9.622896191626786,0.7710817684564739,2.8330884597226977,6.119821748687921,-6.67234819404881,-11.1826648931272,user,squat,medium
1788983683172,9.775826991713046,0.9425664258325472,2.881123007312417,2.9539027098873665,-7.255073040164442,-5.267528545938928,user,squat,medium
1788983683189,9.898077406853435,1.2556083294305949,2.9293042698964475,0.054375916384945,-7.201216144785245,1.4529733355321188,user,squat,medium
1788983683205,9.69771382446289,1.3319234708154573,2.900874294225871,-5.4703646737207965,-4.788985855893971,8.754396039404266,user,squat,medium
1788983683222,9.572017652782796,1.3947713374597952,2.893691104723513,-9.720695344684527,-0.7061361724948593,11.550378372378592,user,squat,medium
1788983683239,9.591919454082849,1.1484678782038389,2.880073790520429,-13.978523428922818,2.756479720466144,14.754403890332297,user,squat,medium
1788983683255,9.783155142644048,1.0969923963800072,2.864511187468469,-16.6118874954956,4.6240282497017,20.978596479066717,user,squat,medium
1788983683272,9.99923359603882,0.8013085644159466,2.6807573790952564,-17.320610121890926,7.512580563384031,26.77104256508087,user,squat,medium
1788983683289,9.591769816479086,0.4963471279535442,2.6342194998040798,-16.298050548417272,9.071743703715985,28.450575836703248,user,squat,medium
1788983683305,9.476250755420327,0.4233238311883062,2.658011878801882,-15.398914200793037,9.72945079342684,28.3521442730269,user,squat,medium
1788983683322,9.189692990654706,0.2801208635859191,2.7293890157952903,-16.047922190822234,11.346609923775016,29.94075918905995,user,squat,medium
1788983683339,9.135224902886153,0.2516897188715636,2.944568474523723,-21.672038264741428,13.010718066930568,32.972663086155684,user,squat,medium
1788983683355,8.972868687328695,0.2738362303584813,3.053803340746462,-30.71747464109546,16.53530912206871,36.14905963514304,user,squat,medium
1788983683372,8.716841669905186,0.2642589853264391,2.918532408252358,-38.96406746005044,19.068978039968695,41.95777352421288,user,squat,medium
1788983683390,8.542213417273759,0.2147290846124291,2.3831276006951927,-40.43105548998577,20.74653567937365,47.47319226013319,user,squat,medium
1788983683405,8.39482154661417,0.0333681627251207,2.075922184698284,-37.699239369169135,20.422257080601664,51.81888304408088,user,squat,medium
1788983683422,7.684788778686522,-0.3844195885807275,1.7164926604673263,-34.288270218421445,17.689370327632624,57.43491729666465,user,squat,medium
1788983683439,6.746409611943363,-1.0085578877322374,1.8552055501088496,-39.46997274168411,19.765116042818278,60.22351961024078,user,squat,medium
1788983683455,6.07169482563436,-1.2372044385381042,1.9777590398490428,-50.4123080373543,26.73035171310052,58.76606652438678,user,squat,medium
1788983683472,4.834941784125566,-1.6011232370123267,1.8167498549863692,-63.24013412887944,37.33437749389622,50.33641780548629,user,squat,medium
1788983683489,4.508431363677978,-1.7721590181097386,1.1789940955013036,-66.03693266945959,42.914013668393,44.360080828900585,user,squat,medium
1788983683505,4.749645427373052,-1.867178604236245,0.8414107846364378,-62.58517362898858,44.782507538498365,43.7750068245973,user,squat,medium
1788983683522,4.919934189495444,-2.1672017075136303,0.3266580122247338,-50.40997211265816,45.387880865014935,44.25132714184106,user,squat,medium
1788983683539,4.329164929851889,-2.451363517053425,0.1708849744498729,-37.58221090793013,48.14941855400489,42.403122348665214,user,squat,medium
1788983683555,3.8982092155456542,-2.49924813477844,0.294635565020144,-24.223253938619173,50.2486327991787,34.984006947657285,user,squat,medium
1788983683572,3.523516071209311,-2.235736022296548,1.3135174244984984,-12.466147938179098,43.39028617431257,26.62679067735749,user,squat,medium
1788983683589,4.783317395350337,-1.6476614085644483,2.921524575805664,-9.900127829275348,33.87603756615991,25.788514730332658,user,squat,medium
1788983683605,5.359420416259765,-1.448492296655476,3.4346310423150657,-14.707419019031777,32.393613308700345,29.7160527955557,user,squat,medium
1788983683622,6.2310594581604,-1.126172605895996,4.032433269335329,-24.46263157846061,40.59226844496558,40.114288391753504,user,squat,medium
1788983683639,6.30153818500936,-0.6407485115602612,3.8729192914664745,-25.2411963042139,44.06312127926136,47.50616499835143,user,squat,medium
1788983683655,6.446537607574463,-0.7052429033026099,3.734654145592451,-20.114372643385,37.897321685288674,56.40084714689223,user,squat,medium
1788983683672,6.355708166614175,-1.399261817279458,3.569455107824504,-10.1978685818009,30.272901043113915,63.00043547014701,user,squat,medium
1788983683688,5.561430596813559,-2.616862706811726,3.337366599871218,-2.948973447740733,27.614668257773115,63.74660631621423,user,squat,medium
1788983683705,5.471048899620771,-3.033453211157024,3.554190610936284,-1.7279467196764886,20.83071093070489,64.45917946175415,user,squat,medium
1788983683722,5.721992914691567,-3.992033454407751,4.566341408593952,-15.50382249134985,18.91163097205911,64.44127753593955,user,squat,medium
1788983683739,5.501874830517172,-4.935049048779905,5.083188522936403,-36.938287993738015,28.506509963363776,61.30039455554167,user,squat,medium
1788983683755,5.441123132434487,-5.232828757044673,5.22534483103007,-56.72478594375301,35.26720366611894,58.24996377032228,user,squat,medium
1788983683772,5.596597771784663,-5.71974951967895,4.6981721375063055,-66.51137809977618,35.780355778461995,55.46152538128623,user,squat,medium
1788983683789,5.515642074584961,-6.552631837683916,4.00355350407064,-61.119886316156574,30.03886461120343,51.984559527683295,user,squat,medium
1788983683806,5.414488808009028,-6.9644351077526805,3.816956581225991,-52.97093446648152,24.569452321985025,46.52704372045176,user,squat,medium
1788983683823,5.483171299090981,-7.643340331488847,4.122518906190991,-46.396815918641714,22.613902568265967,40.75152455074819,user,squat,medium
1788983683840,6.039074997058511,-8.236953290125728,4.366424693188071,-40.80346130919696,17.228069596373718,40.023894253182974,user,squat,medium
1788983683856,6.330418827056884,-8.409484278216958,4.440195739580691,-31.12512082132933,8.602809382285942,40.401088035002346,user,squat,medium
1788983683873,6.262182910698652,-8.795997624206542,4.291904289732873,-14.541522261828629,-0.283319128258185,36.11462865153701,user,squat,medium
1788983683889,5.885844337242841,-8.98274476917684,4.931305186076462,-12.152376731671527,3.263068661347055,28.93606226781317,user,squat,medium
1788983683905,5.955425822991132,-8.921244298553466,5.415981969176232,-12.055598927547972,5.764487133533532,25.056465300374445,user,squat,medium
1788983683923,7.140109070044756,-8.780137791773676,5.732766822162271,-7.884230792918289,3.4056194050802757,29.499569949812145,user,squat,medium
1788983683940,7.953538499560952,-8.334218317091464,5.989245675006509,-7.559416878070101,7.013422654876683,34.52457768823096,user,squat,medium
1788983683956,8.060379748645424,-8.312669333106278,6.122272335705161,-8.844705654383821,7.026207061455654,36.54794268267178,user,squat,medium
1788983683973,8.005162303814291,-8.737040408325194,6.702416156437993,-13.01788122782262,5.7845892340345255,34.65445715039334,user,squat,medium
1788983683990,8.138190718078613,-9.502287698474523,6.951712988823652,-14.623655286598034,5.508971464230648,33.09314762311471,user,squat,medium
1788983684006,8.287678684234619,-10.079290298572182,6.868066445104778,-11.610267178568556,3.398877368039238,30.268881476787364,user,squat,medium
1788983684023,8.137441945537924,-11.221174852862951,6.65303633171916,-6.085086394776999,0.6375168904417378,21.77731538551342,user,squat,medium
1788983684039,8.262988479614258,-12.356924849921464,6.921936274719238,-4.77409689727699,-1.793345567535949,16.827103341148117,user,squat,medium
1788983684056,8.429684185680747,-12.87601594379842,7.099105736266076,-6.327392478225079,-1.6185640148830849,13.614289077279905,user,squat,medium
1788983684073,8.377761106219888,-13.881732032233476,7.357082426452636,2.554090116301265,-10.571602872805656,6.013698965119318,user,squat,medium
1788983684089,8.639027777862548,-15.176695270648596,6.905775121252239,23.29878100426878,-22.48602947417228,0.5983852959437066,user,squat,medium
1788983684106,8.813207117682694,-16.04309758093953,6.744017456109821,51.41683420387183,-40.23270338139402,-7.494186863949187,user,squat,medium
1788983684123,8.805575015369056,-17.26219513877034,7.632116342163085,56.20249503830048,-34.97207802227186,-20.84872043199892,user,squat,medium
1788983684140,9.310600759014486,-16.50502827922404,10.470591171099246,36.95823214611445,-21.590181862633408,-22.84180890539637,user,squat,medium
1788983684156,9.681403325653076,-16.08873646556437,10.976516201671958,22.06133001912818,-19.01940281942545,-25.71236665882348,user,squat,medium
1788983684173,10.007463079723715,-13.701567188262938,11.270403578673305,13.80359801541056,-24.078018503655315,-28.7758191996955,user,squat,medium
1788983684189,11.160870898547769,-11.118972954016924,10.394126940099897,14.736390973943678,-25.612046547841626,-25.123677776901957,user,squat,medium
1788983684206,11.733083926281331,-10.184484949493408,9.578900982555746,16.969422285336382,-20.47155567848352,-16.877986542917423,user,squat,medium
1788983684223,12.323254635509848,-9.017012364959715,8.685114698515832,18.54844761577473,-17.08880374674445,-5.889018557575789,user,squat,medium
1788983684239,11.414205608147382,-8.698433322033285,7.662491606682538,20.244940247106253,-21.62341756313469,-1.9450432152282864,user,squat,medium
1788983684256,10.565013375854493,-8.734796428790688,7.236473348778486,14.33719203016582,-18.39770192569797,-6.92338923567169,user,squat,medium
1788983684273,9.415645187810062,-8.602815477752685,6.476911995311081,1.0451343091759009,-9.148031794103147,-12.454033743912436,user,squat,medium
1788983684289,9.2004674826473,-8.35112502822876,5.969342412401735,-34.08340552445608,21.706669031380684,-9.111920583961291,user,squat,medium
1788983684306,9.154229463085532,-8.424747898322343,5.646873084038496,-51.61034029324746,33.12402007816317,-1.0904042693862162,user,squat,medium
1788983684323,8.205378002166748,-8.340501342883705,4.336347827093303,-48.939944648542166,18.498088631024228,-6.515300373802238,user,squat,medium
1788983684339,5.212626511493325,-7.844153995734453,2.6150658865228293,-21.564293738131767,3.9183143216357657,-30.730977925084574,user,squat,medium
1788983684356,4.8157887553662055,-7.522733591902256,1.809717179870605,6.85653320964149,-4.614451470711696,-42.757534034508005,user,squat,medium
1788983684373,4.971559747314453,-6.70945146190226,1.3796581221431492,32.859005323272086,-11.076838795900668,-50.30769002983722,user,squat,medium
1788983684390,4.3733091920048,-5.880459721595049,1.8173484054014089,55.09554335498944,-17.150881628563404,-62.29984247641129,user,squat,medium
1788983684406,4.071190870013833,-5.459230451533198,2.3789389168336985,53.38067068460141,-14.089965649194392,-68.13702459394175,user,squat,medium
1788983684423,4.354902013176679,-4.650587671771645,3.415776704241335,46.9244480320252,-13.489913893814908,-68.30562098341434,user,squat,medium
1788983684439,4.742315522876382,-4.019865756446123,3.58801046295166,35.5457285351883,-14.455531887725462,-63.47920441020823,user,squat,medium
1788983684456,4.535066857147217,-3.823390998187661,3.5164828115716573,25.85669197108043,-10.439526651051471,-61.77519515569511,user,squat,medium
1788983684473,3.968240198627114,-3.595792787390947,3.2119705801814797,21.61194626042365,-10.44790473184214,-62.0359922687737,user,squat,medium
1788983684490,3.747973061370849,-3.362507470868528,2.468869947649538,29.04018508661543,-18.42670973910301,-64.33801873606728,user,squat,medium
1788983684506,3.6996389463126658,-3.427449606378376,2.2162810879811645,38.00851716497648,-25.21397117018223,-68.13814474496563,user,squat,medium
1788983684523,3.729865742272138,-3.6547485419675705,2.16480546002686,43.24395961662881,-29.083491901047896,-70.14393907776659,user,squat,medium
1788983684539,4.059965711644292,-3.8371570732116695,2.6684853420212864,41.11524919952429,-30.11001810688204,-68.80065943407853,user,squat,medium
1788983684556,4.014177773937583,-3.888034150750935,2.97239989977926,34.41534588792953,-29.97886481443945,-68.18049191781971,user,squat,medium
1788983684573,3.94564375141561,-3.749918642480671,3.4195179365962742,26.27722159563624,-29.9384471700259,-68.09915119499402,user,squat,medium
1788983684589,4.458751679229736,-3.2746701974615453,3.601626608110964,14.857777095873145,-30.71454790503611,-62.600917215025454,user,squat,medium
1788983684606,4.687696628460288,-3.007566197967529,3.538329901720583,8.022519071722598,-27.109473315813123,-61.27357240267103,user,squat,medium
1788983684623,3.560177868652344,-2.8628675119146703,3.1148557753413915,2.4335761241514446,-19.139487790318032,-69.16354055449213,user,squat,medium
1788983684640,3.551947800445556,-2.622100607465208,2.9324472440972924,6.294700631536458,-22.394458835517213,-70.76962538687478,user,squat,medium
1788983684656,4.851998132866621,-2.16091692815572,1.9180533436879517,29.993413117371578,-34.61994420451727,-66.41391813050926,user,squat,medium
1788983684673,4.7472529792785645,-1.7889184297308325,1.1746543127313256,49.26195391696241,-40.255164458479605,-65.91959001951876,user,squat,medium
1788983684689,4.82072387368083,-1.457470552881062,1.3877382604852315,58.59308515346704,-39.155784039863526,-63.88274564675092,user,squat,medium
1788983684706,5.478982030707598,-0.7386122350715101,2.099415288488567,54.98613396976958,-25.824048789489648,-59.62173896322764,user,squat,medium
1788983684723,6.09578998697102,-0.1879457071051001,2.7875986281797287,45.631059505129485,-19.75021086250201,-55.37743209222503,user,squat,medium
1788983684739,6.55083384835124,0.10713979363963,3.064726885820925,34.935833623441184,-17.05951931067802,-47.89217655438928,user,squat,medium
1788983684756,7.34211866607666,0.7086831068843603,3.168127054540813,24.06177972890361,-12.379006677200785,-37.801538527463,user,squat,medium
1788983684773,7.703194203948974,0.950497620690614,2.9629733152642843,19.555705857960263,-11.670025357390644,-32.67669732904069,user,squat,medium
1788983684789,7.870638682556152,0.965012029863894,2.974944908086955,17.64659114531354,-14.615361729398344,-30.528384269018243,user,squat,medium
1788983684806,8.186673886218667,0.772129158617556,2.7477941487967965,20.570788081840053,-18.853408732026637,-26.002820453278268,user,squat,medium
1788983684823,8.639625743755698,0.5234313150383532,2.4908660908803344,24.412523603162104,-20.96496683657795,-22.28474209178471,user,squat,medium
1788983684839,8.7979440820992,0.317978885076195,2.454355976867676,25.85755940510502,-20.993593866936767,-17.476929246330425,user,squat,medium
1788983684856,9.2265044257015,0.0094263653192669,2.7989699170216915,20.26409380508626,-18.30502650394465,-10.54237222447894,user,squat,medium
1788983684873,8.895804736870527,-0.3429696800783276,3.0057687931567427,13.980191702627597,-13.665066411117069,-10.927780162548896,user,squat,medium
1788983684889,8.71429666159749,-0.4119531999334693,3.065774933569133,8.237188502241514,-9.483238695547158,-12.471740155562047,user,squat,medium
1788983684906,9.030927493065596,-0.3645177142154425,2.98541837130636,8.248800677604182,-8.957298761530543,-12.095565779476305,user,squat,medium
1788983684923,9.560195113041996,-0.0926261881839484,2.640803554369509,11.873357527660984,-9.047447867064603,-8.8882600631737,user,squat,medium
1788983684939,9.859770764812826,0.002094341930747,2.663848037609458,14.203390331872564,-7.601539508455215,-3.309905829806771,user,squat,medium
1788983684956,9.995344771906732,0.1643012121453881,2.8657097496032717,13.760703573649234,-3.2893117422421247,1.955393086254971,user,squat,medium
1788983684973,10.019135981860757,0.2346308128472417,3.024174802941084,12.956733105504435,-0.7944082566676347,5.731683869384076,user,squat,medium
1788983684989,10.046669300952551,0.1934804718133062,3.039138855578005,11.45075920956031,3.6829203896277383,8.049272922701538,user,squat,medium
1788983685006,9.586681553429363,-0.0335194808293133,3.06457754047811,5.475371629269239,14.414528554590582,6.427585376933642,user,squat,medium
1788983685023,9.39724151611328,-0.1707374557379633,3.2472853469297287,0.0661921369789604,18.806022587112377,6.87704853658727,user,squat,medium
1788983685040,9.453356786566973,-0.3069076020941138,3.260753315789997,-1.6691243834923983,19.79937968678964,8.652385456602834,user,squat,medium
1788983685056,9.472659452930092,-0.2656074773259461,3.0924095502555367,-3.863913572443906,21.5213745369347,13.228047002357558,user,squat,medium
1788983685073,9.73542191608846,-0.0338188291020691,3.1802477004453538,-3.628121781916726,20.502281284464825,19.60720889939675,user,squat,medium
1788983685090,9.614215457043052,0.2234081386957317,2.9866160566583275,-0.1744869874046944,20.06387705485109,23.936447465181168,user,squat,medium
1788983685105,9.08300547082722,0.3606253098867833,2.9153894340515136,-0.3590267592876046,22.232684097478167,25.93132032549928,user,squat,medium
1788983685123,8.842983831787109,0.4976939394526183,3.318961174608767,-3.903515863025287,19.869185927654467,28.32019264808958,user,squat,medium
1788983685139,8.992471797943114,0.705690354809165,3.327041312950849,-5.806937186111984,17.057873235088046,33.5209701821568,user,squat,medium
1788983685156,9.156026283374429,0.9383765363946556,3.1606445898309348,-6.514203701553628,16.40338231070262,39.45154147620883,user,squat,medium
1788983685173,8.700081089240312,1.1730082990899682,3.003077362115681,-10.386325453832598,20.98036720560904,43.83726741397655,user,squat,medium
1788983685189,8.814550933507084,1.3596068293698131,3.170519794896245,-19.25997403482435,22.95973724405852,53.06569651102627,user,squat,medium
1788983685206,8.879495407104491,1.4710865519098937,3.2309748481199145,-31.143439388683305,27.006550902757493,66.54275598882322,user,squat,medium
1788983685222,8.180090416175126,1.1373944032646714,2.8384757057189938,-36.718041713761785,29.741826514388745,74.1609987248937,user,squat,medium
1788983685239,7.849540949469804,0.7858958181634544,2.592620830480754,-35.54109766693104,27.730605596292204,81.27276244344023,user,squat,medium
1788983685256,7.330295541813969,-0.2935895630985498,2.0349200199633835,-32.83756194437283,26.87994993139672,86.53474701020721,user,squat,medium
1788983685273,6.09683452758789,-1.3943237763553855,2.158671195055544,-35.04259289526307,29.931927754463125,84.70973412435815,user,squat,medium
1788983685290,5.280861843329668,-2.027440770123899,2.42263309713155,-40.37309450468904,32.61895149470282,75.54735637167704,user,squat,medium
1788983685306,3.823090553936362,-3.0740058785587547,2.8748364743888377,-49.56290229707693,39.66208888756364,64.36873409676484,user,squat,medium
1788983685323,4.491970642742515,-3.312976839502156,2.8549352576106783,-54.0024159745585,43.20228180231339,66.84715702956318,user,squat,medium
1788983685339,4.67363127822876,-3.5190284044012423,2.517801444078981,-55.1024316007674,45.16590996227328,67.84252049730914,user,squat,medium
1788983685356,3.091062227299809,-3.276165404455364,2.123355843785405,-49.464639780582544,41.74872533938088,52.833289079232834,user,squat,medium
1788983685373,1.2514192802429198,-2.9375363839298485,1.6798305707633494,-38.10793739853519,33.19520772478763,32.392619516176104,user,squat,medium
1788983685389,1.058235964745283,-2.6828525978088376,1.3992600637137889,-29.098166562479665,28.69956355270689,17.91856415542157,user,squat,medium
1788983685406,2.781464947730303,-1.906683516150713,1.3432964766904711,-26.91851147190332,31.47296869537974,25.47857611372311,user,squat,medium
1788983685423,4.493317381176352,-1.9620482604980467,1.762878564067185,-29.139229659769786,29.62238016618356,38.586327263097466,user,squat,medium
1788983685439,4.393808959197997,-2.2402251504093407,2.142360988506675,-28.683119872280088,25.98154612156097,45.26891604514624,user,squat,medium
1788983685456,3.4440608417004346,-2.8675071544140573,2.5794535981327296,-20.742785905519312,19.366642806639728,45.69353183037301,user,squat,medium
1788983685473,3.334374140056968,-3.3611601479128,2.8067513646781443,-11.500304548025936,13.96468631943802,45.41209047052805,user,squat,medium
1788983685489,3.282600698199868,-3.5640696153938767,3.033004882867634,-4.706770868854528,10.782271520018236,43.56304214898971,user,squat,medium
1788983685506,4.056076302990317,-4.202871961322426,3.8079759869128464,-10.49109628683236,6.065836360374964,48.36588432427552,user,squat,medium
1788983685523,5.327996519470214,-4.651186222186684,4.707896828185022,-22.027153460068728,5.480707714558312,54.874702848555415,user,squat,medium
1788983685540,5.684134600940347,-5.266346411243081,4.581304876708984,-33.766119331846895,16.680252566445553,63.232764354765,user,squat,medium
1788983685556,5.887790210613608,-5.609613905224204,4.3667236761346455,-33.41475391037393,22.147762647980105,71.2849494993739,user,squat,medium
1788983685573,5.061791222381592,-6.310667832404374,4.18162225254476,-21.248168677681484,19.967969246073068,69.90707494753971,user,squat,medium
1788983685589,4.809502806964517,-6.929718599158525,5.013308638763427,-3.2796568429634885,14.354697805008565,58.588734322965735,user,squat,medium
1788983685606,5.277567477959394,-7.120655012512207,5.400569003728032,7.555959948576429,7.847464738389756,52.80918875674645,user,squat,medium
1788983685623,6.2954030432552095,-7.621940985107422,6.240485750414431,9.923036283751571,5.709195471541809,50.16301637793259,user,squat,medium
1788983685639,7.7868410399287935,-8.157493968963623,6.95021632052511,-1.1016432389437665,6.6093618970702455,60.15310035989795,user,squat,medium
1788983685656,7.48891373988688,-8.52874603293538,7.086388293512165,-13.811789973546343,12.655088046094576,62.56419811804747,user,squat,medium
1788983685673,6.219836053356528,-9.30087548381388,7.331193951958418,-25.444527620710595,17.105705049845646,56.60128587827543,user,squat,medium
1788983685689,5.536739223149419,-9.716717215618493,6.724262954325973,-24.76477524167988,11.075500078823346,40.204846454864125,user,squat,medium
1788983685706,5.523571698540449,-9.629030748859048,6.214298877495527,-14.133963166506677,6.127853197378211,27.039487782482585,user,squat,medium
1788983685723,6.821977770885825,-9.290100407299398,5.904698383055627,-3.729969720838549,2.2757590538495998,22.460472613845383,user,squat,medium
1788983685739,7.573756507652997,-9.061454733276369,6.4408505018487565,0.7338754383441323,-1.0525639541672878,23.96920505244055,user,squat,medium
1788983685756,7.408706815227866,-9.05292597438395,6.900985841149091,-3.928088749224877,-1.7249403692246252,22.62750318245076,user,squat,medium
1788983685773,7.1378621679008,-9.38467195739746,7.176767944878339,-8.53482082551399,-4.5175088882744125,18.426745597596152,user,squat,medium
1788983685790,7.367707280841469,-9.572618541285395,6.9295680847719305,-12.954250331741134,-8.315747630527708,13.858211354240336,user,squat,medium
1788983685806,7.83293059093058,-9.648335753309729,6.90128628540039,-19.593365813496423,-7.46389497498018,17.654186315670596,user,squat,medium
1788983685823,8.070105023846029,-9.951948113250731,6.663510963982343,-27.2245022391726,-3.420354044110697,22.348539473727214,user,squat,medium
1788983685839,7.607575775146484,-10.653898697009682,6.051344403783976,-27.65259288313961,-4.200269226328946,25.430611110276697,user,squat,medium
1788983685856,7.164947158703208,-11.138724533191322,5.664081992992759,-20.40166747534866,-2.1856332136474004,22.667210487190623,user,squat,medium
1788983685873,6.688353144294023,-11.981036358320711,5.256171346448362,-9.09471533744203,3.380297119062688,18.392509274381464,user,squat,medium
1788983685889,6.858339708599448,-12.297967634040116,5.530604665917158,4.315745527079059,5.131334573888874,15.844490129035282,user,squat,medium
1788983685906,6.713492261725664,-12.833222511732576,6.579566021838784,20.15879448619947,9.86314662378796,5.408996704688701,user,squat,medium
1788983685922,7.209838439831137,-12.86464465495646,8.122477016118168,29.75001932629817,5.755142580975308,-4.414899810146958,user,squat,medium
1788983685939,8.10841166588664,-12.738798845672608,8.894607343779503,33.967787497280696,-3.2152910612159924,-7.446535195430947,user,squat,medium
1788983685956,8.986486293792725,-12.821698662677406,10.38021035068929,25.265762787111147,-13.395479698350313,-9.64462240525622,user,squat,medium
1788983685973,9.656862174114584,-12.875568200030925,11.002702490068971,10.515333213102153,-16.91871154584362,-7.820684420427782,user,squat,medium
1788983685989,10.01150271050334,-12.855366539001464,10.654944698931276,-0.4154831552957995,-19.61866141908757,-4.083349621229845,user,squat,medium
1788983686006,9.438091997417809,-13.121422198486329,9.169940534697473,-3.6403273299635392,-21.216999109404128,-6.83318121975604,user,squat,medium
1788983686023,9.058311174553632,-13.172597674450277,7.169584755375981,5.750841696232316,-16.845845380230635,-10.44599398642183,user,squat,medium
1788983686039,8.719532808685303,-13.134741114264726,6.628795332171023,19.653591006503014,-14.069622784525157,-17.30709830016535,user,squat,medium
1788983686056,8.309374383214116,-12.643328885430098,6.724413176451623,30.41780350635573,-9.452039245192186,-26.95456291788994,user,squat,medium
1788983686073,8.825326594543457,-11.685649974933266,7.214028000475466,32.41906942373698,-6.905471515044631,-29.315212898829746,user,squat,medium
1788983686090,8.920346472930907,-11.119870195117592,7.28136492216736,33.013538353243625,-6.627517393657786,-29.850112333490127,user,squat,medium
1788983686106,8.518868197521567,-10.171765753173828,7.588420700560509,30.323734726011736,-7.363003689428983,-32.99245014418121,user,squat,medium
1788983686123,8.430132513970136,-9.234734493908286,7.534402110125124,29.58690074853993,-9.5356160011974,-32.2405624297787,user,squat,medium
1788983686139,8.41531839119792,-8.956108691185712,7.369650523863732,29.784013177797327,-9.801615157102608,-30.09823944565835,user,squat,medium
1788983686156,7.516146030205488,-8.583961139678955,6.731296213963628,36.66158678517704,-12.199220730320416,-34.348536392563055,user,squat,medium
1788983686173,6.528837705120444,-8.429386079517007,6.469281938824057,41.0512434968121,-12.557629784374956,-40.032428574550906,user,squat,medium
1788983686189,6.525996344214677,-8.36190068926513,6.485742659759521,41.88463244348579,-15.97726217631116,-41.88069483942928,user,squat,medium
1788983686206,5.9115831741333,-7.956682058283686,6.435913337707519,36.45391146836822,-20.199420451382704,-47.35024543997837,user,squat,medium
1788983686223,5.505017220196128,-7.421875508880615,5.850529862755537,31.040966060565605,-22.136013015060392,-50.49801666615421,user,squat,medium
1788983686239,5.30584956959188,-6.95859807216227,5.3080935491263865,29.838316596793515,-23.015340106544297,-52.105669026951375,user,squat,medium
1788983686256,4.196287322235107,-6.207866798621415,3.957764397320151,38.62029379383994,-23.66136501145349,-60.80286308583043,user,squat,medium
1788983686273,4.213345424541831,-4.976498372760415,3.0653263130187987,52.722359976922654,-25.81384277932236,-63.347627646037104,user,squat,medium
1788983686289,4.569632559093833,-4.6550762153625485,2.744352483910322,70.29935320214106,-28.96877887393753,-59.94662374128846,user,squat,medium
1788983686306,4.274097707146406,-4.120720624597371,2.8874054485827685,82.09024729463154,-23.595112176504365,-55.21550538247696,user,squat,medium
1788983686323,3.199550659069419,-4.572925755420327,3.941602367070317,82.84823436796287,-25.76080294532262,-57.34167155411564,user,squat,medium
1788983686339,2.820517439702153,-4.725705456598103,3.953873235100508,79.99770272918225,-23.738629818891965,-58.90454860980879,user,squat,medium
1788983686356,3.0395874761283395,-4.782717383630573,3.921850203374028,74.71356102874773,-23.458836242184272,-56.26369011816921,user,squat,medium
1788983686373,1.7571961345165967,-4.632931603571772,3.5863650338321924,77.71658347093806,-29.37326609168027,-62.62844287738061,user,squat,medium
1788983686389,1.4657003288269042,-4.438701409369707,3.54985228947103,81.07614178780307,-35.245367551342405,-70.2449097642669,user,squat,medium
1788983686406,1.3233943831294774,-4.249858461163938,3.497628181236982,77.3219624614514,-42.35876368510057,-79.28439192321196,user,squat,medium
1788983686423,1.9789573097229003,-3.645771454785764,3.112312520599365,66.40252537497368,-41.81675743860879,-79.19594780364946,user,squat,medium
1788983686439,2.1721394561767577,-3.216460877338052,2.703801277813316,52.54998649283905,-37.34479694747508,-76.09108724093424,user,squat,medium
1788983686456,1.7887667463004588,-2.137873029437661,1.6669623213618994,38.54652775080381,-34.288212161813505,-78.630913574371,user,squat,medium
1788983686473,1.835904929572344,-0.6542167726814746,0.1361708039432764,40.72217181279006,-37.91798642262255,-83.61371415881372,user,squat,medium
1788983686489,2.3401819006770848,0.0478833025507628,-1.2777572520703075,58.81324947117323,-41.6862666745157,-81.67003356632485,user,squat,medium
1788983686506,2.882617045262456,1.2847877352289854,-2.0615584360420702,74.21337261544936,-37.74915780671817,-76.04522935084678,user,squat,medium
1788983686523,3.2023931890189647,2.0913342733636497,-1.1695680955082175,76.35034073126042,-28.472005555224165,-61.23919606057836,user,squat,medium
1788983686539,3.0820851401180027,2.156576341668144,-0.3725988024055957,64.21280770820262,-25.2579832016465,-53.06066266160797,user,squat,medium
1788983686556,2.310255548968911,2.6629499197259543,1.2164029119193551,50.09078371236512,-30.682073770627284,-51.362875709428735,user,squat,medium
1788983686573,4.325573042839765,3.6414303568415343,1.97012722979635,40.27623559206909,-42.49445222315204,-38.02554824167191,user,squat,medium
1788983686589,5.781695980504155,4.173541347017697,2.448818216484785,40.21112681380595,-50.75262904293936,-19.12134339278789,user,squat,medium
1788983686606,7.637804324671626,4.104109535405785,3.447650682885945,42.50937960158311,-56.39241186326726,0.6157643921216868,user,squat,medium
1788983686622,7.9553329817622895,3.520522953807935,5.1592047179073095,36.57037643900069,-63.30286258621684,15.289822419369594,user,squat,medium
1788983686639,8.258796873143314,3.0410842540247365,5.953330896538495,21.972061154223407,-71.37212320375077,18.5752868441183,user,squat,medium
1788983686656,10.384252319556474,1.9671348795799537,6.86642101598531,-2.9862267935778632,-69.44406325389372,22.52107005216174,user,squat,medium
1788983686673,13.749750496673585,0.7299313543573022,6.014832828466594,-37.58545866288048,-58.08173621106486,37.62893623204219,user,squat,medium
1788983686689,14.51679285354614,0.0960663187004625,5.089324249212443,-55.8079457458001,-38.48905170893814,42.717802824106045,user,squat,medium
1788983686706,15.031845485687256,-1.6138425063971429,2.406920564214885,-53.74278682382798,-21.102919582339283,40.862218011532,user,squat,medium
1788983686723,13.480851722717285,-3.008016133692115,0.536599570299685,-21.639364347299377,-6.313123359275275,23.70740560910125,user,squat,medium
1788983686739,12.052262688666582,-3.5857669218085704,0.2466033555179834,9.987519245932017,-0.8088884711514733,-1.0738391396582312,user,squat,medium
1788983686756,10.257955843895672,-3.8208474511846897,0.8961784398734569,33.561883015285176,3.3334068031934923,-24.530692705992497,user,squat,medium
1788983686773,9.715669752392172,-3.0650277684636413,2.700060337719321,37.87237783443979,8.716265654589025,-34.75020274217858,user,squat,medium
1788983686789,8.958952974700928,-2.5583550613287835,3.3298847196832297,28.04439131695176,14.599230530126068,-37.16559327422145,user,squat,medium
1788983686806,7.965209648132324,-1.4003097188971936,3.898508198492229,19.79212773343838,15.589360365420504,-37.581241021068,user,squat,medium
1788983686822,7.561039649420977,-0.7953249964943155,4.047847403827309,15.162009089431145,9.760915767385796,-38.16886951612087,user,squat,medium
1788983686839,7.3699535984635345,0.3371323887595907,4.385280492566526,12.840625012256096,-1.2466124032517003,-34.39555199971484,user,squat,medium
1788983686856,8.087761676567792,1.1412849444298072,4.423286398094892,13.638473923357273,-11.046543491837078,-24.35044913643773,user,squat,medium
1788983686873,7.973738407024741,1.2909227491189723,4.843020753423869,5.522034201018297,-15.59082544099747,-13.310151852596636,user,squat,medium
1788983686889,8.187123383551835,1.3019958221993408,5.030667477582395,-5.230208392313979,-19.8023730171934,-3.614976655972214,user,squat,medium
1788983686906,8.7593364112854,1.2059284440529532,4.86516624199748,-17.80105587339338,-21.071295806482123,7.675876726060696,user,squat,medium
1788983686923,8.982595131573081,1.187373289855197,4.105457004491985,-32.23528269355028,-18.601917751692177,22.91574228806717,user,squat,medium
1788983686939,9.106644705089924,1.1441282780969515,3.70367916161418,-40.27526570520696,-13.69454892266943,32.5216076386518,user,squat,medium
1788983686956,8.643368437415361,0.6189002158349379,2.715922215978801,-41.04236766598567,-5.76548647558647,33.948359024186594,user,squat,medium
1788983686973,8.894909249335527,0.3782829124566167,2.355145661053061,-34.32552548524928,-3.807509443391118,37.18279510564613,user,squat,medium
1788983686989,9.709384973034265,-0.1105830659613013,2.3138453901544214,-28.663377210484164,0.2488152804075284,47.34050900531652,user,squat,medium
1788983687006,10.315267630657551,-0.1062435754522681,3.265091637255251,-38.53608780665744,8.024531416206813,59.37429486997641,user,squat,medium
1788983687023,10.971878020477297,0.020050562120974,3.973028017425537,-64.25154854117493,18.247620471517983,79.38910555337743,user,squat,medium
1788983687039,12.163590727776288,0.7757204611077905,4.752190435680747,-117.2495271416751,36.93999212593593,117.19498125096338,user,squat,medium
1788983687056,12.555641834148764,1.5876543913692236,3.702781628252566,-162.26345173453726,67.27573773960313,151.6228093096011,user,squat,medium
1788983687073,12.153715814971925,1.745222203606367,3.2896324965327977,-207.74915115375052,95.22037755882144,181.05477746210303,user,squat,medium
1788983687089,10.98145424259603,2.0694874754756687,3.55030061776042,-264.16715573583787,114.60206385710812,210.222676840914,user,squat,medium
1788983687106,10.301651777759194,2.9167341266587377,2.9852731176167726,-288.33356713263686,119.71835365868958,231.7602850299585,user,squat,medium
1788983687123,9.03407046726644,2.8938416191101077,2.468720017784834,-290.1514083198574,113.61635827684856,240.42167523720835,user,squat,medium
1788983687139,6.379948873901367,1.523459859356284,2.008584678484499,-262.1417314393623,106.25256740811774,242.0938148290542,user,squat,medium
1788983687156,4.976048875427246,-1.5435130518257616,2.440438802935183,-230.80168164032557,84.20175929540596,242.381857566732,user,squat,medium
1788983687173,4.031386098369956,-3.148973733520508,3.370285995915532,-218.2613450411554,58.04786530297077,232.6924965686385,user,squat,medium
1788983687189,2.085050370788574,-4.8805818377941845,7.35812901289612,-271.29541436123,41.2330733778016,206.2370428941581,user,squat,medium
1788983687206,0.5120601723268627,-5.518187082892656,7.593808677209168,-323.6892490692642,46.48618552883674,185.5816219383124,user,squat,medium
1788983687223,0.3745426299497485,-5.681290901947021,5.430946241008862,-343.8172974589148,39.43973207913388,168.92733945863856,user,squat,medium
1788983687239,1.3783116759702565,-6.047154843139648,1.78367978815019,-333.1448536732031,13.811370770686034,157.0742564937551,user,squat,medium
1788983687256,0.8722373000547289,-5.417330168914795,0.1571181687735021,-316.23696626964664,-4.9728925412779725,146.18794582475192,user,squat,medium
1788983687273,0.991049265179038,-5.385905103081464,-0.2961335484929382,-296.2387461157396,-25.368019256722697,142.0256012237895,user,squat,medium
1788983687289,1.3491323432371018,-5.747879051098227,-0.7026993562996388,-279.0307948415661,-40.19189641619778,145.55915860976054,user,squat,medium
1788983687306,0.113724286596477,-5.199457817840576,-1.4842562684759495,-273.0147915413756,-50.137908602543625,144.9387042255566,user,squat,medium
1788983687323,-0.8297409512393176,-5.399671762627363,-1.6267109749943016,-275.2104241519679,-61.18008077331189,135.3299394596693,user,squat,medium
1788983687339,-2.68285274393931,-5.537189305004477,-2.099416457532346,-283.7398277836964,-75.96544591115186,110.24667078944444,user,squat,medium
1788983687356,-3.0545528439395127,-5.217862074059248,-5.04952152339518,-280.72730454837057,-83.49415169739264,97.98438436119636,user,squat,medium
1788983687373,-2.8755860506471245,-5.112966113823652,-6.328773982459307,-264.9305796397485,-83.25542292552235,92.1351059786458,user,squat,medium
1788983687390,-2.528426700326614,-4.736927400097251,-8.161834043994546,-225.0750188137551,-103.30928863059752,88.85309079942796,user,squat,medium
1788983687406,-2.83653074566368,-4.075978104290366,-8.700080504718422,-202.1164580697811,-118.08517346586947,89.15953406672976,user,squat,medium
1788983687423,-2.756773884593416,-4.227262306213379,-9.4864255279541,-183.10242719413787,-103.54144676048624,93.92768912631566,user,squat,medium
1788983687439,-2.7871503729555758,-4.137030246624351,-10.698789978137611,-163.6011169627276,-85.67422513705566,93.06642276254456,user,squat,medium
1788983687456,-2.0201079430177806,-4.434808493584394,-12.588264000812172,-135.71271692113515,-16.670430754419073,88.37544201039063,user,squat,medium
1788983687473,-2.371008123834431,-4.420592921227216,-12.33388007442057,-141.2695402638041,-25.8295026955419,92.64320375100306,user,squat,medium
1788983687489,-3.636642976434529,-3.4754824004024267,-12.879757468414306,-120.2694816228179,12.72923060330871,89.29151381206191,user,squat,medium
1788983687506,-3.3569701488770542,-5.129426542498171,-13.762320055389404,-90.46436657557982,38.38006921054142,70.1496969272369,user,squat,medium
1788983687523,-3.815010853985697,-5.010613992851972,-13.20881055908203,-67.87225914095536,21.55130101078311,41.470159489176496,user,squat,medium
1788983687539,-4.211101737268269,-3.962402870775759,-12.85252400905192,-33.469914518110954,9.008196477451833,13.443032329125588,user,squat,medium
1788983687556,-3.005321633911133,-2.552367438286543,-12.109123809051512,-26.332790307176168,6.812652659318744,12.625459539248707,user,squat,medium
1788983687573,-2.4459764171876013,-1.8061250005975364,-11.455208065143228,-42.64147546013115,9.559509710461397,21.608659231885586,user,squat,medium
1788983687589,-2.476652125958353,-2.833985700823366,-12.017695817676186,-49.90252320827206,51.69931033737605,22.15242937473052,user,squat,medium
1788983687606,-2.262969627789408,-3.975271704699099,-11.07527818919718,-62.61484397074311,99.90254736694604,9.57835505615511,user,squat,medium
1788983687623,-1.864484615911916,-4.32228101555705,-10.861894381713867,-69.9358232137563,112.48072321411806,-6.648189388067652,user,squat,medium
1788983687639,-1.4947301700867712,-4.487481222368777,-11.488726888385417,-61.6506056750449,102.13972801825956,-20.988264611836865,user,squat,medium
1788983687656,0.3886087108336389,-3.813064542223513,-11.911004206195472,-23.851502110021013,30.565209233928364,-25.178126337418004,user,squat,medium
1788983687673,0.6545147509810514,-3.5582314107596877,-11.625345436096191,6.296981060945597,-0.8993907721708165,-19.182446265102826,user,squat,medium
1788983687689,1.0081083538664504,-3.50885070925802,-10.070910008239746,11.913320110721084,-19.964502925069286,-10.901238901207872,user,squat,medium
1788983687706,0.5026325283659622,-4.002655386187136,-9.53790086364746,-2.184528217105739,-19.74883970202613,-9.346109841354458,user,squat,medium
1788983687723,0.1475424946440383,-3.998465533281863,-9.368362043109537,-18.710780721778427,-3.998351758990444,-15.96006546752836,user,squat,medium
1788983687739,-0.1635540470398962,-3.701135614611208,-9.741258951678873,-30.04123127175084,16.02733258556923,-21.311370125618904,user,squat,medium
1788983687756,0.4487629727461375,-3.2049373205438254,-10.558878818622231,-21.76970484723073,24.381374525452262,-23.499219735651973,user,squat,medium
1788983687773,0.7727284396849572,-3.0714602857291697,-10.671256074523924,-3.9216367817801534,12.561702284667575,-21.48124376046629,user,squat,medium
1788983687789,1.4348747267240658,-2.5234876730218527,-9.351003496551511,8.760170964347513,-3.7161321844669257,-15.259407586995527,user,squat,medium
1788983687806,2.0109795742643994,-2.636314426256716,-7.827244361987709,3.459980026910761,-28.70333381712874,-5.468173890544515,user,squat,medium
1788983687823,1.9265839474775828,-2.938881661058962,-7.725341153827309,-8.691365346196097,-29.40988273582071,0.1451833547714373,user,squat,medium
1788983687839,1.079186179119721,-3.1589985761895774,-8.061127936664223,-22.371470126318243,-13.521631584773155,1.1354123345305442,user,squat,medium
1788983687856,0.6982088764799759,-2.94711114474386,-8.839841442108154,-31.238703452132057,11.798858946836363,-5.612622999980176,user,squat,medium
1788983687873,0.9709982829329558,-2.6713296255365013,-9.322721989440918,-27.597073690471163,24.30654809554748,-9.093686540198297,user,squat,medium
1788983687889,1.7158941831175236,-1.967583975054324,-9.210494371142984,-18.076447393181,27.89107235310519,-0.9409694420215634,user,squat,medium
1788983687907,1.8483235172438437,-2.072629280632734,-8.208819667053222,-4.859656542575624,19.87517941865115,11.234012547760065,user,squat,medium
1788983687923,1.864633961254731,-2.36876209847331,-7.87782128753662,1.7207539968719363,11.034306354165354,10.89542214135596,user,squat,medium
1788983687939,1.5183726740187964,-2.7364216909110546,-7.690624645233154,3.2916254688234665,14.229118800702356,7.135791470272985,user,squat,medium
1788983687956,1.5720924596041208,-2.294991052080691,-6.368426778411865,-23.88524665961546,21.24153827154469,6.135312617725511,user,squat,medium
1788983687973,1.6519989990919288,-2.291399749590457,-6.001216683307289,-54.25251018120769,24.10582591131373,9.686765526208845,user,squat,medium
1788983687989,1.6684591586238005,-2.6919796148553488,-7.551461673736572,-66.75973743837618,18.654182359221117,11.10837121797768,user,squat,medium
1788983688006,1.029955494247726,-1.9282289930045604,-9.10978767929077,-49.00873489876795,-8.719228249141517,10.458353213724967,user,squat,medium
1788983688022,0.6187513088835402,-1.6352387109734117,-9.611223289489743,-25.46976004705192,-32.77458418513073,8.689809770612626,user,squat,medium
1788983688052,-0.4544495487488806,-1.9372073953606188,-8.947581101337075,-26.62266182800422,-72.05523774340043,-5.863953043982312,user,squat,medium
1788983688055,-0.4544495487488806,-1.9372073953606188,-8.947581101337075,-26.62266182800422,-72.05523774340043,-5.863953043982312,user,squat,medium
1788983688073,-1.3215994625367224,-2.606985017528385,-10.107720858764647,-58.58958126642282,-46.491834095280346,-20.717208554624907,user,squat,medium
1788983688089,-1.580472517041117,-1.8218368028618397,-11.818677220153807,-75.98890761095085,-19.372868524068195,-27.877534918170227,user,squat,medium
1788983688106,-1.310975229202397,-1.4451989541985093,-12.592004356384276,-75.55229459844695,-8.43374597862885,-29.75021057159493,user,squat,medium
