epoch_ms,acc_x,acc_y,acc_z,gyro_x,gyro_y,gyro_z,participant,label,category
1789123063386,0.2587226131830364,-8.386139058464765,-2.0847508033201096,-31.606898459719936,19.590690086889072,-1.088921798171206,user,bench,heavy
1789123063403,1.6587323262203484,-8.54191297302246,-4.287416330663859,12.934912358653536,3.227317957127327,16.790551583804795,user,bench,heavy
1789123063419,0.9262563288815319,-8.29994896774292,-3.7720644233152267,34.94943594517326,-1.0701000379744725,12.923708287093776,user,bench,heavy
1789123063436,-0.6536177473424002,-8.806322618865966,-2.36053305317983,55.63875171477513,-8.393052565327558,11.322054539935174,user,bench,heavy
1789123063453,-0.9831193489626049,-9.237128695568442,-0.7528266383849084,61.8007742141368,-16.129616375937463,10.77362706184994,user,bench,heavy
1789123063469,-1.3034935682101174,-9.487771681866048,-0.026036504662781953,52.77916324515507,-14.315250047457155,11.211349126320314,user,bench,heavy
1789123063486,-1.250222654336877,-9.884461553955077,0.2753331909179687,44.660359850476446,-12.290258614220223,17.959599931955008,user,bench,heavy
1789123063503,-1.0754456043519078,-9.939527607616782,0.10714037816151976,45.39786318648691,-17.608741652027916,26.65679057573948,user,bench,heavy
1789123063519,-1.072453016673494,-9.88251684962809,-0.018405717523396013,49.588184242289735,-28.717745516277468,27.937182960191947,user,bench,heavy
1789123063536,-1.6490066674272528,-9.969754403576255,-0.2536355922423303,60.70279398430057,-40.31904721778673,20.915393323582,user,bench,heavy
1789123063553,-1.982399358201865,-10.204086891064048,-0.7043443470276892,73.07634419412817,-43.77975722116504,14.201687907221938,user,bench,heavy
1789123063569,-1.2125138594584073,-10.280551706585287,-0.8213605878416448,86.53744493492937,-54.897385906789026,15.5343090407102,user,bench,heavy
1789123063586,-1.2024880235587827,-10.677540269359946,-0.9244608237668871,91.18028651381304,-55.08563958069292,18.472282468792628,user,bench,heavy
1789123063603,-1.2512701358295044,-10.737545532989502,-0.674117368405126,89.1559960287397,-54.311516185447424,23.431810891185822,user,bench,heavy
1789123063619,-0.7538746861331165,-10.683076860699057,-0.1566708451311104,89.48321673149667,-63.26019439447177,30.15716348762805,user,bench,heavy
1789123063636,-1.726070289091859,-10.869825759235024,-0.8978248566579633,103.26586911804374,-74.90268213667622,24.772812666785693,user,bench,heavy
1789123063653,-2.086547185217589,-10.990282861217855,-1.2057801764223723,117.0638279585208,-76.695825359858,19.839933934986593,user,bench,heavy
1789123063669,-1.2291235330110415,-10.993425250896811,-0.09786335818506776,107.6210162988973,-65.63545415004623,24.93164188574517,user,bench,heavy
1789123063686,-1.0775407865328714,-10.816404550170898,1.7551001120854168,89.17437606779619,-61.10869846629609,27.74972329577907,user,bench,heavy
1789123063703,-1.1947069572115316,-10.51443586578369,1.8391961531374603,84.75598816541748,-70.02505963526252,25.276501552033697,user,bench,heavy
1789123063719,-1.2458829446321353,-9.78794471500814,0.49021264378651974,101.35562230154207,-80.03017344849648,16.823109388030954,user,bench,heavy
1789123063736,-0.34880569275543094,-9.053672993358969,0.7010527581363916,103.76139934232816,-80.45893174345487,22.525929731756204,user,bench,heavy
1789123063753,0.14080854674652218,-9.018658378601074,1.9143140110291539,84.61781343850812,-82.27763353451084,30.79863777900272,user,bench,heavy
1789123063769,-1.0260655604373663,-9.443480704718828,3.3849529653020203,46.1805277332895,-75.37119896279324,26.27190258582009,user,bench,heavy
1789123063786,-2.116474632904306,-9.726444244384766,1.63613712111786,36.303712193425056,-72.22473571784346,13.181155192384482,user,bench,heavy
1789123063803,-1.8076224726136774,-9.376441304668784,0.30271687240600587,48.8825847198924,-77.2027278491105,8.345087561881144,user,bench,heavy
1789123063819,0.14350202361419795,-8.503007780566811,-1.3406027075618505,80.67763440067867,-85.29801148738218,21.940599595359036,user,bench,heavy
1789123063836,0.13063322622347623,-8.6634181227535,-0.8183674704402685,90.2699247502879,-78.762606451758,30.208758736618325,user,bench,heavy
1789123063853,-0.7800613033236935,-8.888174972644448,0.5244800934389233,77.7180792823663,-64.51721557913174,25.770131276181566,user,bench,heavy
1789123063869,-1.3139679812775924,-9.198971691131591,2.6421508773252365,48.652806910929414,-47.34007870339881,23.941486437241345,user,bench,heavy
1789123063886,0.08738803180214016,-9.052325670403242,2.7937337699338793,36.28624739971733,-47.536613981671344,28.741634102899585,user,bench,heavy
1789123063903,0.27682916509676725,-8.988132307434082,2.572120478765666,32.752447542030716,-52.340777798561554,32.08255624861421,user,bench,heavy
1789123063919,0.038606063378602264,-9.049036565729976,2.4386451975166796,21.261984442825124,-41.657931634743896,33.397838946894396,user,bench,heavy
1789123063936,-0.34940395090952514,-8.955660362896323,2.312499528503418,12.379994493309496,-26.961674852363217,33.63931003971644,user,bench,heavy
1789123063953,-0.24196444367095826,-8.922144462263583,1.7657251856699585,13.306506239127142,-16.526156668580896,34.0735837124296,user,bench,heavy
1789123063969,-0.5134071299564094,-8.987384703937172,1.1376958704292774,24.27081766845185,-13.584049268503318,27.73679033258565,user,bench,heavy
1789123063986,-0.07945800598785281,-8.767865170177817,1.4646531578615307,27.29971457476549,-6.303069320817017,27.93064988425083,user,bench,heavy
1789123064003,0.46043446837738156,-8.540715872192383,1.960402831378579,21.52666110335229,5.069102159039949,33.19747876268666,user,bench,heavy
1789123064019,1.068860819134116,-8.283490584895015,2.868254465650022,11.10899959538132,11.9343050131723,45.92235341285219,user,bench,heavy
1789123064036,-0.3565866289552301,-8.71429549255371,3.521272383935749,5.139440727773209,10.279824875425527,45.115588543563206,user,bench,heavy
1789123064052,-1.2575544219970702,-8.861387503483892,3.5652652549192307,3.239997989878044,7.698371954092133,40.357654862070234,user,bench,heavy
1789123064069,-1.9559131187438963,-8.870666203960775,3.3590649291992185,3.8805911868497853,15.987253035519595,39.01834355828994,user,bench,heavy
1789123064086,-2.1604680153444407,-9.014168665966391,3.6855738883420823,7.639915780080579,23.721045496873767,39.71078472125125,user,bench,heavy
1789123064103,-2.2168813919618726,-8.99576440974772,4.416554751752317,9.686498295057566,17.50708965415791,37.18002204884311,user,bench,heavy
1789123064120,-2.4998462468020617,-8.839990495190024,5.002385678210854,12.952216642915763,4.000618101134419,31.905954877434358,user,bench,heavy
1789123064137,-0.7899373486392199,-8.5803710062325,5.590162478040158,14.468971992464754,-14.93914001681363,37.15146844301787,user,bench,heavy
1789123064153,-1.0736499531067907,-8.763824370354413,5.856666173553466,5.503149581736858,-15.177846590569112,36.88775825425826,user,bench,heavy
1789123064169,-1.701828321429342,-9.056664576390386,6.4224456611081955,-9.964179635764435,-15.718712195469497,35.27720989325301,user,bench,heavy
1789123064187,-1.2910739758916199,-9.252543122321367,5.608417973437905,-20.8792684530618,-23.35982069733389,33.95927366648027,user,bench,heavy
1789123064203,-1.363797559057921,-9.433753675952554,5.060744343677163,-27.604593728747346,-25.218706198824343,28.661679908475417,user,bench,heavy
1789123064220,-1.271022098596394,-10.030956183513998,4.429123725946248,-40.30147997124146,-14.393312279481231,21.122293413920026,user,bench,heavy
1789123064237,-1.023073173688352,-9.988910939466953,3.2187060259163376,-43.64481658882768,-3.802873879378795,20.490075736418014,user,bench,heavy
1789123064253,-1.1818379406251012,-9.84495605751872,2.20909994430542,-30.340741897045067,3.5933194067745724,18.468353402472577,user,bench,heavy
1789123064270,-2.609979815430194,-9.795578570887447,0.6027408524662256,9.285587535118975,1.8177914549056595,5.488021566498926,user,bench,heavy
1789123064287,-2.816029772894084,-9.784052968266606,1.550843833105266,32.51119160016753,-4.69135257057687,-2.659700208795295,user,bench,heavy
1789123064304,-2.2649144782468675,-9.57680488705933,2.9294553688049314,31.815355833188725,-8.536606066208302,-1.691644691124694,user,bench,heavy
1789123064320,-1.8369512237548826,-9.097814917424321,5.096655907274783,6.303806127473732,-1.4673037127410402,1.7364040946945511,user,bench,heavy
1789123064337,-2.180070833697915,-8.523957045093178,5.299266684070229,-12.000498937739833,-2.865878646958827,2.980315905181452,user,bench,heavy
1789123064353,-2.3645737068727612,-8.198345034790039,4.997596398107707,-23.767709349283297,-4.067603046985203,3.9142320029462137,user,bench,heavy
1789123064370,-2.3280618392944334,-7.775318359917402,4.0128307432428,-29.405262112847197,-2.0497523630821086,10.850050902246858,user,bench,heavy
1789123064386,-2.2177789253234863,-8.042271845024823,3.007715543310344,-25.258901862089868,2.4843957197841013,19.157261650085697,user,bench,heavy
1789123064404,-2.4135047649107872,-8.258497013413905,2.893542051641643,-21.298623285080367,-0.7877565061896885,24.29141751898861,user,bench,heavy
1789123064420,-4.2582371440611775,-8.333465452897547,3.777750359997153,-24.568581472865848,-9.546835440682793,24.90053208162305,user,bench,heavy
1789123064437,-6.691345019586384,-7.119158051952719,5.063885856573283,-47.25957809384104,-16.63255564792406,28.437750448989256,user,bench,heavy
1789123064454,-7.101501399230957,-6.621612434929609,5.560982560785114,-72.3889949371931,-21.432978228696395,35.778484306629416,user,bench,heavy
1789123064470,-5.446509501647949,-6.672938133019208,5.287893057140708,-99.12418583932057,-21.946383058038744,38.91314156959882,user,bench,heavy
1789123064487,-0.2913441222593188,-8.454822134068607,2.182314228710532,-109.1076957642098,-18.238589253887934,36.30760540125196,user,bench,heavy
1789123064504,2.3316522650018334,-9.867404620692133,-0.0730222738519311,-87.60144497364479,0.9548405957305073,33.97398247885789,user,bench,heavy
1789123064520,3.863194308526814,-11.92013093098104,-4.10545671223104,-41.797598757986904,35.580357594280265,27.057876359275554,user,bench,heavy
1789123064537,3.5024168768182395,-13.198636955592036,-4.781070200945437,53.4168194607837,60.77922380111302,15.80262619206498,user,bench,heavy
1789123064554,1.8997990173339843,-13.877092681995034,-3.493439205114543,121.79313290210767,51.121848578902735,-14.601182256681398,user,bench,heavy
1789123064570,-3.0846295639038086,-14.248790736168623,2.5145100013181567,146.3925373111505,38.17522842223815,-61.87934188015946,user,bench,heavy
1789123064587,-0.43185412445068355,-12.041635496190189,9.296235841314495,93.66957627758087,39.50775734817262,-83.637428575612,user,bench,heavy
1789123064603,1.5527894142150878,-10.844235390904545,11.13707822728902,26.426440738433506,36.374524179645164,-75.31846307221157,user,bench,heavy
1789123064620,1.4845546669006346,-8.696787308391928,9.965416082111,-18.202785402258726,33.15240292925915,-77.03236244064287,user,bench,heavy
1789123064636,0.49993879576995964,-7.8718346143424505,6.796689892633259,-18.643213075414074,19.757394513961575,-90.88847351171343,user,bench,heavy
1789123064653,0.7643482954829931,-6.985083928027748,1.5050550186157226,15.04970370400321,2.8191153299195117,-85.90738047456321,user,bench,heavy
1789123064670,1.1399385347895323,-7.0572092530399555,-0.3078033818900585,34.398762188624744,-2.103127089794585,-66.4301261694097,user,bench,heavy
1789123064687,-3.078195293072611,-8.388532675603031,0.7203554244995117,33.38324966282725,2.726811299702313,-47.582809966122724,user,bench,heavy
1789123064703,-5.965303512274474,-9.113529203906655,2.4187422271728516,-0.18167810938366,12.888250213791302,-49.01410342745558,user,bench,heavy
1789123064720,-7.783399959564209,-9.483132916149497,3.0971959077492355,-30.49756304038856,22.169332385379008,-45.06216963406454,user,bench,heavy
1789123064737,-5.9006603597112,-8.906131485095619,-0.31723142770975826,-15.680628768204798,41.84231259138839,-28.726740875414375,user,bench,heavy
1789123064753,-4.995351980181783,-8.60625597359538,-0.8693941855832934,25.623741539247977,25.52838868334001,-27.100655541594634,user,bench,heavy
1789123064770,-2.794632472339272,-9.280525938746333,3.6046205292299387,31.198429241691077,18.792370746508812,-31.20793344992115,user,bench,heavy
1789123064787,-0.5303159599855541,-10.12507882080078,6.462399193572998,6.378134807342749,24.46997915446025,-35.48729626683885,user,bench,heavy
1789123064803,1.67848463604711,-10.318708126500248,6.623558600561321,-10.947883116823535,23.396124860319798,-25.314339092488275,user,bench,heavy
1789123064820,2.765302771349996,-10.760139642113447,6.197241067449748,-29.801857047003985,20.059592818694203,-19.983376445293324,user,bench,heavy
1789123064837,1.3289311936642973,-11.163563790893553,5.907991871643066,-43.733134349890534,10.714744001015259,-25.82896140305018,user,bench,heavy
1789123064853,-1.0984900145266205,-11.412411125946043,2.9044658889770507,-36.289450758438065,13.052920952038432,-38.066631829529534,user,bench,heavy
1789123064870,0.8749304846614598,-10.626815459772944,-1.0360898916497825,-9.114402503950945,10.618536517687398,-28.99028030944473,user,bench,heavy
1789123064887,0.6703761725828051,-10.960057234302162,-1.5499460074827074,-1.9120709038968726,28.317342751658394,-26.667145142521218,user,bench,heavy
1789123064903,-1.0456677942689507,-11.610381091198324,0.6640916854858399,-4.621987303800336,32.19928759662431,-27.101656164308043,user,bench,heavy
1789123064920,-1.2723690562259404,-11.059267550116777,-0.8898942450374364,25.117955785924778,30.08049802928924,-31.251008037921835,user,bench,heavy
1789123064937,-0.8373723959658295,-10.22084805625081,-2.2682065055295824,62.58072034564973,20.874446339507774,-27.738028304372715,user,bench,heavy
1789123064953,-0.7386115044191479,-9.831339035576582,1.0800836394160986,52.52150460400009,34.41807113340837,-23.15724923938236,user,bench,heavy
1789123064970,-1.6229698887698352,-10.172214665985107,4.683806343023479,18.034689324142835,49.2215499329272,-21.096285761107907,user,bench,heavy
1789123064987,-1.34778626239039,-9.675867903357744,4.795137304742634,7.990620380751346,41.16173888210998,-11.432120477088992,user,bench,heavy
1789123065003,-0.4076131979677826,-8.731053150609135,2.0254948967531323,33.94077068401871,24.355981589665447,-4.5070326587480825,user,bench,heavy
1789123065020,-3.058144000299275,-8.929175091552734,1.592144688525796,46.65138731429184,19.97921173744691,-13.380017857616696,user,bench,heavy
1789123065037,-2.976441649450734,-9.140461634495853,2.259527232250571,39.00280146283358,26.589528580340485,-14.529654808145732,user,bench,heavy
1789123065053,-1.3892358055666088,-8.775346465843915,4.284273940984905,14.818383979835096,28.407660050600764,-3.089760081677386,user,bench,heavy
1789123065070,0.11596892371810973,-7.737311577606201,4.723161325073242,5.8725932332823785,22.777782712116668,9.673595213941766,user,bench,heavy
1789123065087,-0.9986816597536206,-7.862409783393145,4.528333749499917,6.082983977173104,15.961754231800645,4.186658793747227,user,bench,heavy
1789123065103,-3.1292221543461083,-8.747815484839677,2.8320421655401584,23.700782033153633,6.389731614779785,-5.311154244828269,user,bench,heavy
1789123065120,-1.7275666468631474,-8.913165036994219,3.358616600909829,25.075477131929176,6.794516799525067,-2.0120667943365635,user,bench,heavy
1789123065137,-1.1692686741702258,-8.690354644995928,4.663905418506264,12.267833395627779,11.492037457809282,5.476621553887352,user,bench,heavy
1789123065153,-0.7115271712038665,-8.046762142181397,5.44231994100362,2.895408116061731,13.191322782737693,12.59623145224293,user,bench,heavy
1789123065170,-1.3271364922672508,-8.146721230536698,4.295198362842202,10.357630121582082,8.942340647248216,12.537523415005731,user,bench,heavy
1789123065187,-1.9343658152591436,-8.149114847674966,3.381960359357297,33.77694176658678,-4.114237871090758,12.553203821792788,user,bench,heavy
1789123065203,-0.2440594431888312,-7.274033556365966,3.4057521538332103,38.84311505513327,-9.018302596102512,30.79330681635553,user,bench,heavy
1789123065220,-0.694468411310017,-7.752872719353437,6.405087991333008,11.201467550138599,1.3905268369413961,40.03080981971761,user,bench,heavy
1789123065237,-2.5415949190553278,-8.798689932030438,5.844994732721149,-0.44759587664799627,10.005640591573705,33.032283807420725,user,bench,heavy
1789123065253,-3.114707233716175,-9.175627640423178,3.6144960265561936,21.06051264532997,-6.778393284215605,26.290665115470116,user,bench,heavy
1789123065270,-3.3315319023683667,-9.029134179908036,3.9697365746647115,23.037483579833477,-5.990867350271258,21.93207722682215,user,bench,heavy
1789123065287,-3.736002345331013,-9.247603912353515,4.402338010351359,15.31465698719176,1.6663001002705982,15.900953595356485,user,bench,heavy
1789123065304,-3.6752496243350206,-8.657584009772538,4.43062039424479,8.206247745301356,12.13054232444229,12.246843370534682,user,bench,heavy
1789123065320,-0.8906437482304871,-7.3111454356640575,4.563948375977575,11.986262262188587,4.580996777270151,20.883651726961656,user,bench,heavy
1789123065336,-0.045939036615192885,-6.9062243263244625,4.878036537225544,19.765464382465943,-3.681648693781647,31.768357301509866,user,bench,heavy
1789123065353,-1.213860680090636,-7.088484096747637,5.2045457886293525,21.13014983901283,-12.132256701923964,37.42684459487985,user,bench,heavy
1789123065370,-2.439093379675597,-8.279149925342201,5.336227464459836,8.293462430813248,-6.754307902768025,39.07170099608608,user,bench,heavy
1789123065387,-4.0993225933901964,-9.01446969473958,4.826561786054074,1.2226629852572855,2.8754355757115557,25.44239489414226,user,bench,heavy
1789123065403,-3.1253312843874097,-8.257749409916997,4.037670877727866,-0.4955062652614772,2.9351113653767804,22.792161967866836,user,bench,heavy
1789123065420,-1.9840457189030944,-7.4699097642093895,3.9814080154970286,-5.212318419330423,-1.236824742171072,24.14831822568767,user,bench,heavy
1789123065437,-2.155080769348144,-7.096262329533696,3.8905765287101266,-10.173804971581296,-2.5868455691265306,23.565435004560662,user,bench,heavy
1789123065453,-2.1037556557804344,-6.515371489825845,3.2421982529237865,-3.5814621983754305,-7.2270692645673895,27.519665449060117,user,bench,heavy
1789123065470,-3.072060297448933,-6.049398822674155,2.35260269857198,2.905769726476052,-1.9157649690207919,25.780043588214546,user,bench,heavy
1789123065487,-2.9770407113224264,-5.721544001880288,2.8121406565010547,-0.9166021018273082,2.281133772396165,26.35132573303629,user,bench,heavy
1789123065503,-3.279158302661031,-5.537187551438808,3.0714605779901145,-0.7034368070296761,4.653494112667959,21.549706161611912,user,bench,heavy
1789123065520,-3.98859076660797,-5.472396807098388,3.02926394277364,11.268350470038657,-0.05343166941261722,4.30482149327527,user,bench,heavy
1789123065537,-3.000832213537395,-5.472095778325199,3.1575019078910347,17.261069655348635,3.273109679757208,3.0366615507394723,user,bench,heavy
1789123065553,-2.303671640533954,-6.090999830085039,3.3333275536134837,19.19405246404997,10.574532170185945,5.006822359753657,user,bench,heavy
1789123065570,-3.7933131091795858,-8.24308434022665,4.616019339476526,6.446008104672459,20.220006641541122,-8.425975784674312,user,bench,heavy
1789123065587,-4.54599040222168,-8.286329607713222,5.491549543596804,-4.458214735429062,24.89987979855732,-16.63659911991271,user,bench,heavy
1789123065603,-1.9090764026366174,-7.4004749934554095,6.413317475017905,-3.096993465451841,21.36316857273699,-3.6630419778220626,user,bench,heavy
1789123065620,-1.7196356346681714,-6.944980465698242,7.128285945782065,6.674446769671297,23.125188331418318,10.718028468232388,user,bench,heavy
1789123065637,-1.8011888593696057,-7.326557524329424,7.465720203565061,23.71542425118685,10.876283097527939,17.25789361738458,user,bench,heavy
1789123065653,-3.4717421909607946,-9.575010989379882,8.27346311187744,36.402500634485534,1.576501788983442,12.504204898460763,user,bench,heavy
1789123065669,-5.349245935986936,-10.582522144538164,9.374199078699945,26.45473821216487,-1.0645717468932876,-10.098478230319811,user,bench,heavy
1789123065687,-7.148787028149515,-11.16056986977458,11.401487873132526,-12.817693505891423,-0.6593730155381026,-37.23918173233917,user,bench,heavy
1789123065703,-7.580641298730671,-9.40472339630127,10.66512064050883,-40.207831247531416,0.24524423872994894,-51.4960609831494,user,bench,heavy
1789123065720,-6.505794683185219,-7.126342410498857,7.2135811334908,-44.21849442250081,1.319478995751512,-54.28609422135664,user,bench,heavy
1789123065737,-5.430199733490497,-6.553828938513994,5.677401201032102,-26.078864364402605,-8.820624968691295,-45.59307340806046,user,bench,heavy
1789123065753,-6.698677992822975,-7.211188100874423,3.096452980427444,-7.773081417007378,3.551920349554656,-51.33041865049283,user,bench,heavy
1789123065770,-6.279841755377501,-6.976255893927812,3.4545348894417285,7.761195180304264,0.7663768935096379,-56.478946944956746,user,bench,heavy
1789123065787,-3.9320276062563058,-6.439055727386474,4.225914983257651,5.3254182411361946,-3.48276788585945,-39.49850244184725,user,bench,heavy
1789123065803,-1.5040079937808215,-6.626551644897461,3.8615477103635665,16.44419269099345,-14.830393159943272,-18.97527979738717,user,bench,heavy
1789123065820,-3.563619825799763,-8.525601889690757,1.9406497908994553,53.00260263856828,-36.83847843939662,-12.69368032245244,user,bench,heavy
1789123065837,-5.224747011267394,-8.879794097790121,2.858527729144692,45.162986641308514,-31.270180378922063,-29.142030037329487,user,bench,heavy
1789123065853,-4.229357963318377,-8.473829032355546,6.640618456433713,2.021080936493688,-17.382607748987134,-33.312919204943626,user,bench,heavy
1789123065870,-0.14754296956807375,-8.211812419128417,5.1841950745180245,-34.98923204237234,-8.50696902162597,-15.169313976748473,user,bench,heavy
1789123065887,0.392349285601452,-8.428338031768797,2.5463836877018213,-12.505195275890415,-17.5014888990385,-4.174416960320448,user,bench,heavy
1789123065903,-0.4466689778752625,-9.025842737147212,-0.2313388586297631,26.56299500296228,-35.41263546902144,-4.5676971182956665,user,bench,heavy
1789123065920,-1.4281417286746203,-8.615983002361654,1.9479817412227391,48.13094630739459,-36.846199968253316,-15.427607825496262,user,bench,heavy
1789123065937,-0.5668273891724646,-8.12098005555868,3.536383736088872,36.17896561842394,-30.548577723299385,-6.81433886227009,user,bench,heavy
1789123065953,0.8774743239253758,-8.111406756049394,5.587917621722817,12.131846890573764,-21.6461006213683,7.207831182996403,user,bench,heavy
1789123065970,0.7875424163267016,-8.402899639129638,5.532850983539223,0.9345919663274755,-18.02832700293097,15.401414050029262,user,bench,heavy
1789123065987,-0.6323689518801867,-9.284263956230879,3.9848488036006686,20.076702442565086,-31.6428935566459,8.375784139558474,user,bench,heavy
1789123066003,-1.3910313106812535,-9.454701186913251,3.789122817882895,34.9067677534282,-33.00358335252833,1.8448089084978796,user,bench,heavy
1789123066020,-1.323694388989359,-8.975711217278242,4.6725832304805515,39.83031644682106,-42.04439739836156,3.7181598968767733,user,bench,heavy
1789123066036,0.34985235226415096,-8.656833483666182,6.414514575847983,25.264577749290147,-44.31922263728557,13.595262731573186,user,bench,heavy
1789123066053,0.5904697652403265,-8.373570084270835,7.061847434234619,5.405650338882219,-42.46473065497873,17.879685011118568,user,bench,heavy
1789123066070,0.6070794661924243,-8.61822698189616,6.680420013207197,-5.175332091201157,-36.79697479490503,19.27931371545924,user,bench,heavy
1789123066087,0.8677480258114636,-8.54221283275187,4.497957315936684,3.5710807377238343,-35.03435227202945,27.968962122852723,user,bench,heavy
1789123066103,0.7425016437254846,-8.659227685326337,4.484638984680175,10.125386614328722,-40.603258219340134,31.77724679271464,user,bench,heavy
1789123066120,0.446368679754436,-8.882786849865317,4.829105333057045,12.450642554989523,-48.315081377228964,30.01462768493364,user,bench,heavy
1789123066137,0.2677015269957483,-9.339180956810713,5.015702255901694,-0.1738961226806354,-40.90673035435297,31.70864437269103,user,bench,heavy
1789123066153,1.2475284833494573,-9.183557264378667,4.467129631474614,-8.178705861246925,-35.36474901275047,36.95553080629771,user,bench,heavy
1789123066170,1.072452340820059,-9.15497940467,3.9619548347473144,-10.142116308927022,-32.91952762950757,37.29663728363732,user,bench,heavy
1789123066187,0.36765930017679926,-9.21258871307373,3.3933319404602047,-8.376608884900753,-29.837288653323427,31.78957528416651,user,bench,heavy
1789123066203,0.7278370124265551,-9.000551059502362,3.616889351433515,-7.8295508597441055,-33.20003666853083,31.32755396795017,user,bench,heavy
1789123066220,0.8860039596006274,-9.143455555614828,3.9833530120849607,-12.088172099699763,-35.302317668641976,31.143241313197375,user,bench,heavy
1789123066237,0.06090206633880734,-9.700258248248696,4.391863670349121,-24.087731032655075,-22.499425182681968,25.16130870413414,user,bench,heavy
1789123066253,0.3098991120602935,-9.4879219039917,4.1003696182250975,-27.280359526204965,-18.601827251685673,22.443485933379563,user,bench,heavy
1789123066270,0.27533267946131523,-9.326613151660561,3.615096038275957,-20.982774847291466,-17.9582356016683,16.56400616186652,user,bench,heavy
1789123066287,0.7884403150144964,-8.731801923149824,2.9421745651245117,-18.154378144063553,-12.394037362243044,14.261172878477225,user,bench,heavy
1789123066303,1.1171941304747015,-8.160487305560707,3.4531881510078906,-21.845419201727616,-3.9136147245999737,16.15892471766599,user,bench,heavy
1789123066320,1.4267941134579478,-7.927202281299233,3.169175979071855,-17.570794828546617,1.1641935777542143,18.486301432064078,user,bench,heavy
1789123066337,0.08484408294036984,-7.999926741248369,2.216882268744707,-0.3384192247880299,5.640283985458258,13.120572268220116,user,bench,heavy
1789123066353,0.38591501477025447,-7.8908409281075,3.040936552649736,7.994285631014704,8.656333305943102,13.399874925081216,user,bench,heavy
1789123066370,0.6096230862606317,-7.978528563910722,3.8539176538765427,3.802303558583099,20.634966246828785,17.617788237583596,user,bench,heavy
1789123066386,0.273238264465332,-8.28124251370728,5.660939603313803,-6.475805658700286,21.556157275282988,20.45705006423371,user,bench,heavy
1789123066403,0.032919907500967384,-8.084320011681317,5.783642438396811,-6.665853964808598,21.258900612414866,24.8014875084687,user,bench,heavy
1789123066420,-0.4523546222962439,-7.911340110778808,5.3957829384952785,1.283184971327651,15.567964797845438,24.766062732338426,user,bench,heavy
1789123066436,-1.7348986702516673,-7.786094605475664,5.607520147815347,5.50827948069036,0.8505142586353226,22.002576731887732,user,bench,heavy
1789123066453,-2.2981347569338975,-7.859267978236079,5.999421032062172,-0.9943304016339938,-3.57758499880439,19.31546761428341,user,bench,heavy
1789123066470,-2.3967456455506384,-7.832179480302333,5.922506134685873,-8.441472630127425,-9.21577019519675,17.489240662309374,user,bench,heavy
1789123066486,-1.7717093746460972,-7.366208566716313,5.482421942028403,-13.129140740533897,-17.43284037523799,20.914273172558115,user,bench,heavy
1789123066503,-1.7634794525697826,-7.068431488800049,4.9348985343933105,-18.081810799226755,-21.282078859363303,25.323942338461315,user,bench,heavy
1789123066520,-1.6774379765383898,-6.8584899307250975,4.971859607043862,-23.252767727377694,-23.09270565927303,26.677192350790307,user,bench,heavy
1789123066537,-1.5875054844178258,-6.791600168278813,4.287864366692304,-28.266563710273935,-19.558221075122123,28.31719590259124,user,bench,heavy
1789123066553,-0.501136334991455,-7.161953822106122,3.428047280010581,-30.656610825401476,-7.11562362920123,36.94074003165005,user,bench,heavy
1789123066570,-0.29972441259175536,-7.448062089538574,3.453336327306926,-34.23562995048816,4.2577239238534474,39.382976622225655,user,bench,heavy
1789123066586,-1.4131776760376988,-8.041075328716635,4.195688771820068,-38.424622534497416,9.231127021771877,34.09016058154523,user,bench,heavy
1789123066603,-0.9311953927189112,-8.23605429545939,4.366875359565019,-36.976297996469135,4.434732545062559,34.86463573153297,user,bench,heavy
1789123066620,-0.9349364789433777,-8.39526929038167,4.320039081849157,-30.96160267750464,2.838433879656658,38.29724633666584,user,bench,heavy
1789123066636,-0.5695210121706128,-8.840888320812583,4.145560466821491,-24.101096005313497,6.00545449990429,45.780763591357825,user,bench,heavy
1789123066653,-0.4035727634705603,-9.547775776451825,4.504839768926799,-14.620525352410874,3.5341302680877114,47.63462378116644,user,bench,heavy
1789123066670,-0.49784474610015744,-9.911247269549966,4.677073527637123,-14.489979946804421,8.070667636502957,42.367335572508935,user,bench,heavy
1789123066687,-1.150413897705078,-10.894065297478436,5.114463658905029,-20.3038540437922,18.90219677326803,28.076059489038524,user,bench,heavy
1789123066703,-0.7469906257078052,-11.857281383836268,4.424783066393434,-9.8567142931371,25.3755119742422,8.881719303269767,user,bench,heavy
1789123066720,0.16056085657328367,-12.146233934783934,3.8859389320373534,9.018290643271465,18.30452277749336,-3.1891734850469216,user,bench,heavy
1789123066736,0.4031237045288086,-12.684180535778403,4.898536012157797,16.108195195153012,15.852495110742536,-22.410970817835718,user,bench,heavy
1789123066753,1.1034279823854565,-12.722785868504642,5.834369586071372,7.660728220255254,14.179266103724078,-44.3385315820692,user,bench,heavy
1789123066770,1.5708952720090745,-11.898583700561522,6.290465879113972,-7.708154492530884,26.0582525610348,-56.42559292225519,user,bench,heavy
1789123066786,2.3083086526848375,-10.037542576166986,5.952884321814775,-14.128137015144656,24.76777027963093,-61.67696337505198,user,bench,heavy
1789123066803,3.626916239929199,-8.429533379033208,3.647865504455566,-0.8062648247365422,23.49406977301778,-53.9890458792582,user,bench,heavy
1789123066820,2.360832474517822,-8.526499130791425,3.0832828254699707,5.528695343006352,21.929372471910828,-59.899638869987946,user,bench,heavy
1789123066836,-0.4354457192018628,-9.605086978691816,3.8715740143373605,0.8689378401477857,14.288668658754757,-62.893372254907064,user,bench,heavy
1789123066853,-0.6437409713745117,-10.80907113854289,3.3316812477111815,-19.157111385923955,29.905843262022845,-48.915994590217515,user,bench,heavy
1789123066870,-1.500566328894347,-10.873566699329018,2.3852236961916087,-16.428669378557302,34.75259672348267,-41.74490726363484,user,bench,heavy
1789123066886,-1.1634326614931225,-9.895234292382002,1.0866682785034179,0.09060258607224475,25.077836962287414,-29.408588414972993,user,bench,heavy
1789123066903,-1.4896429299503564,-9.777921333643793,1.4850041642338037,9.451853976310948,12.66520953267089,-30.988957585130542,user,bench,heavy
1789123066920,-4.589086324365437,-10.454131911468505,3.1283240364626046,6.895406377528971,14.904961750206885,-42.31162171944914,user,bench,heavy
1789123066936,-3.120393243463337,-10.499771380615234,2.8006173919677733,11.38256233201867,13.527135009696893,-38.195128178384984,user,bench,heavy
1789123066953,-3.2866404751099645,-11.215036788499354,2.349159864641726,18.95116581452244,15.888174311419391,-32.085158550687986,user,bench,heavy
1789123066970,-3.9104796451844273,-11.334447596299647,3.3298853042051193,10.380285005285367,16.298380105044725,-40.84683642552113,user,bench,heavy
1789123066986,-4.543446709088236,-11.035172973302005,4.67348105610311,3.3203026583839996,12.000314522632243,-47.77334833830398,user,bench,heavy
1789123067003,-3.2439939041689034,-10.078391888427733,4.149899957330525,13.905694829350265,2.3648878998763885,-43.11488611678849,user,bench,heavy
1789123067020,-0.7857475687991827,-8.469040044513344,3.036148149329424,21.28890392589144,-3.248971791230383,-27.705161434086612,user,bench,heavy
1789123067036,-0.5726635479800403,-8.463952950507402,5.4550391373232,-4.902988543330654,3.4392574464123533,-18.97272359909029,user,bench,heavy
1789123067053,-1.7636290171083062,-8.654739726257324,5.615899269104004,-20.990469055391486,3.0563561877677925,-21.713801456421468,user,bench,heavy
1789123067070,-2.8131873160097745,-8.801533631023764,2.6508301506042478,-5.897678810556543,0.1646449649551837,-24.594092229415846,user,bench,heavy
1789123067086,-3.314922274481505,-9.399486080169677,1.2398974770143627,3.9399374198875567,7.078279569914185,-25.187840573965055,user,bench,heavy
1789123067103,-3.2695819344118235,-9.680504330986738,1.9446905907228589,3.98584696328062,15.608191196962228,-24.263879903802408,user,bench,heavy
1789123067120,-1.8306668097231535,-9.08449892425537,3.1766563979551194,3.3826560956472806,14.680009469892516,-14.194696354832784,user,bench,heavy
1789123067137,-1.3178585224427282,-8.222434350907802,3.4979274564445015,5.277623565532207,11.982568837394904,-11.685317297168655,user,bench,heavy
1789123067153,-1.0541974299442023,-8.119486602130532,3.2372599197387695,4.563911059061364,9.344581586527667,-7.059091007214681,user,bench,heavy
1789123067170,-1.585709979303181,-8.22228822043538,3.791068691253662,-0.5609521773931873,15.607246923309473,-7.884507415579674,user,bench,heavy
1789123067186,-0.6729205963686108,-7.8594141087085,3.357118471306562,-4.818215223560218,23.83036096699253,4.322690975691316,user,bench,heavy
1789123067203,-0.512209956061095,-7.939022482952475,3.5166336182191964,-6.135735662567228,27.745599569067675,10.50703624080788,user,bench,heavy
1789123067219,-1.7996918257448822,-8.180687213024497,2.33659118270874,16.625100496444993,19.458759860428398,8.645352069305014,user,bench,heavy
1789123067236,-1.6156375000551342,-7.823053924560546,2.2514470939084887,33.35567618914791,15.614478386093225,8.927215193331222,user,bench,heavy
1789123067253,-1.4224552805360406,-7.675808184373378,2.86660699070394,39.52774589677866,13.15041592602484,14.661863364815083,user,bench,heavy
1789123067270,-1.5131361068058757,-7.827244946509599,4.619762033136189,26.139704274434493,19.852270964174927,19.61810988131209,user,bench,heavy
1789123067286,-2.430713308538869,-7.895177496007085,5.345653464452922,12.58013269636921,24.3524845328104,22.18892649056048,user,bench,heavy
1789123067303,-2.818873325756937,-8.094943697026372,5.35014230030477,5.191809922573813,22.967064329490647,17.93263093001721,user,bench,heavy
1789123067319,-3.264793823352456,-8.064719239154458,4.556914239557087,11.313392152520306,15.194910110663097,10.530730167038653,user,bench,heavy
1789123067337,-2.6440967506960034,-7.478737798309326,3.7599440696716306,22.516017419723223,13.371417795678004,9.222932502315155,user,bench,heavy
1789123067353,-1.9006969890870153,-7.15701578118205,4.203769494684041,24.851390578092104,9.587878047405399,14.878843106820757,user,bench,heavy
1789123067369,-1.0339959881104528,-7.175870119255781,5.523722505187988,4.332969129731716,16.257911234212397,27.49960859856237,user,bench,heavy
1789123067386,-3.229329272869974,-7.908196552056074,6.040570204052329,-8.078254269123548,18.59796819480462,19.6835687067702,user,bench,heavy
1789123067403,-3.548955340631306,-8.130109702953696,5.51968141310364,-7.177424034585152,14.37874860862347,13.824356667845521,user,bench,heavy
1789123067419,-1.7657235782347618,-7.678651298844814,4.984128136986493,-4.591180162435816,4.97164261665986,20.18722685616694,user,bench,heavy
1789123067437,-1.4552262810856103,-7.55864544776082,4.912902391162515,-10.490695866992269,5.58502433997827,27.017796809225917,user,bench,heavy
1789123067453,-1.676839133862406,-7.629871193584799,4.699368946075439,-16.355502684620834,12.169802251791523,31.026144550066675,user,bench,heavy
1789123067469,-2.6786627449035643,-8.024464385655522,3.93292455509603,-12.664157683538708,12.080583759531878,28.591390431726815,user,bench,heavy
1789123067486,-2.8094464489810167,-8.296357665252685,3.7837364486694334,-5.1385861003533115,7.421528165332237,24.590024851765104,user,bench,heavy
1789123067503,-2.777723423114419,-8.31865483725667,3.606117489789426,0.9236084885335661,9.07802235511052,21.50053562977699,user,bench,heavy
1789123067519,-3.278110839434713,-8.614934370091557,3.380162954546511,3.3450578252570646,13.37188993250438,14.633893740163883,user,bench,heavy
1789123067536,-2.2246629857487976,-8.533235161048173,4.20706122970581,-4.8091451592292636,16.840910568555298,15.796448285960704,user,bench,heavy
1789123067553,-2.1933879959106446,-8.552087161034345,4.405180540300906,-13.007038302515225,20.734424046427925,17.266048863253573,user,bench,heavy
1789123067569,-2.889502128601074,-8.851960334447027,3.9070369573846455,-10.118091972295149,17.050921810060267,13.07060089670501,user,bench,heavy
1789123067586,-3.926790582385659,-9.106796096259355,3.2938235184818505,3.695747911775846,12.942907948850683,0.5220447518381501,user,bench,heavy
1789123067603,-3.6077626266479492,-9.027036915367841,3.339462403106689,8.131202749343133,13.974601192791939,-3.4698268118163917,user,bench,heavy
1789123067619,-2.7139775116518137,-8.187121045464277,4.92277788848877,3.21236816713805,12.455095838328372,-2.2775054478430072,user,bench,heavy
1789123067636,-2.6722286202028394,-7.738359040832519,5.051914556011558,-0.9208745985965627,16.55425094418445,-3.753654682446037,user,bench,heavy
1789123067653,-2.6822547780461607,-7.494002002936601,4.814890052960813,6.897227476716426,12.229113053222976,-4.018388972694323,user,bench,heavy
1789123067669,-2.4521115589417515,-7.3543871960192915,4.853794660894573,16.337214853118123,10.82493885798966,-2.4347859214081833,user,bench,heavy
1789123067687,-3.2787099743716417,-7.663240963745117,5.646425924792886,21.36977507321168,9.761235932503139,-5.707664655394081,user,bench,heavy
1789123067703,-3.518728398541361,-7.6089219290584325,6.174796011407673,16.700447728273986,7.5157241579495295,-10.141858469285854,user,bench,heavy
1789123067719,-2.954744123840332,-7.231834583061933,7.280916593877971,5.5114854007320355,6.462863303996758,-10.936891634901693,user,bench,heavy
1789123067736,-2.7627601011298597,-7.0567609247505665,6.99361414822489,0.4902131354589817,-1.8308665714111796,-11.522536813774327,user,bench,heavy
1789123067753,-3.024625469318032,-7.225850832477212,6.6347822976261375,-1.5077127126964223,-0.23035570699979052,-14.334523133747638,user,bench,heavy
1789123067769,-4.051289214844257,-7.4507561509281395,6.256198867852985,-2.7933113021220266,4.200796431555506,-21.192432626506886,user,bench,heavy
1789123067786,-4.1062063615545625,-7.2547314745247355,5.693712284363806,6.5854583694093165,-0.7080024149638595,-30.233453285562508,user,bench,heavy
1789123067803,-3.719242933709919,-6.946925170025229,5.70418574758321,12.777491012436728,-7.88253349090954,-31.774835735937625,user,bench,heavy
1789123067819,-2.745251916968077,-6.772000564795732,5.8967693436220285,11.57815077531751,-8.055157130671503,-26.243239696968132,user,bench,heavy
1789123067836,-3.722385615649819,-7.063644254523515,5.489605423791706,10.996658351460242,-3.888368637880314,-23.73535815827953,user,bench,heavy
1789123067852,-4.595520595196635,-7.188440262493491,5.182698113958537,17.292918827448403,-2.8285194331895616,-27.449273519473962,user,bench,heavy
1789123067869,-5.10369062821716,-7.23318365958333,4.246267158673703,25.237834143594963,0.9788841422694214,-29.256234215346687,user,bench,heavy
1789123067887,-5.325602756201476,-6.730848470196127,4.735879936870933,28.881752018627814,1.2597413074969344,-29.06009167295143,user,bench,heavy
1789123067903,-4.9775459821172054,-6.48634237921834,4.948068104828894,28.78420325690169,2.057164398992042,-22.14390529864634,user,bench,heavy
1789123067919,-4.707898435620218,-5.949589371922612,4.954649236784875,31.42229210683283,-1.87043065562189,-15.197247742906534,user,bench,heavy
1789123067936,-4.07148999909088,-5.778554759868979,5.136759077343345,36.59334295008486,-15.515206709148966,-4.000848193132084,user,bench,heavy
1789123067953,-3.3696893451966345,-6.0887529279410835,5.387402063640952,41.153877334375295,-22.134868958374415,-6.772902239009738,user,bench,heavy
1789123067969,-4.052186894336343,-6.67114481986165,5.445912120276689,39.04804463589574,-17.63438047462485,-13.056455574933914,user,bench,heavy
1789123067986,-3.1539120667055247,-7.0709735744982956,5.848884433636069,29.362873958858096,-11.45555827122589,-6.563646160294881,user,bench,heavy
1789123068002,-2.6340711773745715,-7.458088978034257,6.372766853442788,22.34420401115155,-13.773007305665367,0.18818104978310718,user,bench,heavy
1789123068019,-3.935319341278076,-8.236949782994389,5.724385947307944,27.209069426742957,-20.38402680426981,-9.207195746467447,user,bench,heavy
1789123068036,-3.8159089718692,-8.29261789420247,5.7275306750744575,33.59940465949064,-24.80024099894517,-15.950702985723565,user,bench,heavy
1789123068052,-0.5644335528384894,-8.597428524017333,5.744288333129883,34.580694522451786,-32.41080489484126,0.8485806747699743,user,bench,heavy
1789123068069,-0.3133412884034216,-9.25119346127808,5.938067860955,29.17711330400126,-30.61701280368833,5.718438425036129,user,bench,heavy
1789123068086,-1.484704523700103,-9.690978963249922,5.594799782451987,25.099070312869692,-27.424541404489347,1.113359041082748,user,bench,heavy
1789123068102,-0.7933788673952221,-9.705195704650878,5.227440049743652,31.83826428766495,-40.85799353953035,8.775777946600991,user,bench,heavy
1789123068119,-1.556531011896208,-9.548226442828774,4.926070500293374,35.145226732826266,-46.33866368804822,7.257919521501044,user,bench,heavy
1789123068137,-0.8713402781497687,-9.329007937842606,4.860828505054116,35.530435741636644,-46.80009077780677,10.032167338762742,user,bench,heavy
1789123068153,-0.4415810070864856,-9.221418500739336,4.7948383217960595,30.92662869385959,-37.90897398801272,9.597392500919227,user,bench,heavy
1789123068170,-0.03262136294580996,-8.370427694591879,5.380069821056724,23.916831161884893,-30.989695245560902,11.919567172490705,user,bench,heavy
1789123068187,1.2226885680601,-7.763197714012861,5.398475246319174,23.887538188082,-41.487207641344845,23.10309437700062,user,bench,heavy
1789123068203,1.7398359074581413,-7.358579971534013,5.365407089453935,25.098365095837888,-50.99404207915346,34.55544672818483,user,bench,heavy
1789123068220,0.052672217327728865,-8.244282610100507,5.469402885979414,14.794148761112599,-43.822517620463906,31.332225817342458,user,bench,heavy
1789123068237,-0.7297830319277941,-8.531888422614335,5.821651558795571,-0.08924131069436271,-40.61101731423727,26.73854623255724,user,bench,heavy
1789123068253,0.7086832530148327,-8.443900927081703,4.842423079791665,-9.195073868237966,-39.03836967293642,33.167675232243305,user,bench,heavy
1789123068270,0.3923493586666882,-8.09494603511393,2.7174194687992332,1.1552066496320643,-34.3981577168832,35.575405707132006,user,bench,heavy
1789123068287,0.3124428782589733,-8.109312414118648,2.1092940006852148,14.521934986836325,-31.50107833890893,38.03919837472818,user,bench,heavy
1789123068303,0.05222330451644957,-8.204479592022299,3.4976293502807616,18.89576102752259,-34.24353930954703,36.585788760862826,user,bench,heavy
1789123068320,0.181959326171875,-8.507194710862636,5.709720877617597,4.338997625447899,-26.59685737331991,38.0317466383437,user,bench,heavy
1789123068337,0.37723596068695187,-8.539818631091713,6.593183043780923,-17.653846513759387,-18.996941742339864,38.41452409980955,user,bench,heavy
1789123068353,-0.4155441370975226,-8.926633005854487,7.06708650393188,-25.153474477156134,-24.95228442496424,31.232600678108653,user,bench,heavy
1789123068370,-0.04893186175562441,-8.807220444488525,6.195894621276855,-16.5556972367412,-38.621810095835684,31.323056288381714,user,bench,heavy
1789123068387,-0.06389569519683719,-8.995914047351478,6.36468642283976,-12.029546024732605,-50.39808075331317,29.634667676500413,user,bench,heavy
1789123068403,-1.1444284666199236,-9.437043949669599,6.9901698529899114,-22.71328011314236,-48.627999663863925,22.486852511967268,user,bench,heavy
1789123068420,-1.228375454590097,-9.235034353637694,7.536946826171874,-43.40582826976894,-35.66258965679264,18.393337434818328,user,bench,heavy
1789123068437,-1.2343608856752515,-9.034669017681479,7.219266193389892,-59.42959891168601,-26.692319512254592,14.966708367851092,user,bench,heavy
1789123068453,-0.607828311798349,-8.61822873546183,5.960964167895913,-65.77281608444436,-29.279412462295124,12.413533283455198,user,bench,heavy
1789123068470,-0.7836523500856012,-8.083871098870038,4.476109641265869,-56.93407318520596,-37.67261870687901,5.454961316481949,user,bench,heavy
1789123068487,-0.7408562146060168,-7.6294240343391895,3.5658646821171045,-38.406819646425774,-40.35115935216955,1.2619434031740286,user,bench,heavy
1789123068503,0.5144538625303655,-6.992713692253828,2.525733113861084,-13.396996000346055,-38.13942798570353,7.110147951920996,user,bench,heavy
1789123068520,0.7764693067137152,-7.13142833546102,3.2817022880554196,-10.01074615797829,-28.968652515437885,11.031518783210341,user,bench,heavy
1789123068537,0.6805513469753787,-7.237972062903642,4.031837349268794,-19.282872244016815,-16.973706521493273,14.877615380317447,user,bench,heavy
1789123068553,0.4167403246121481,-7.478290054541826,4.501249343219399,-28.262641474143056,-7.427192953475116,15.309775109482494,user,bench,heavy
1789123068570,0.7103294127866625,-7.498788652691244,3.829524970898032,-23.8929357450736,-3.2213671548129534,19.370214995575648,user,bench,heavy
1789123068587,0.8273461650572717,-7.397933492279052,3.2920272827148436,-10.966618325716881,0.05475193030494614,24.157318707466455,user,bench,heavy
1789123068603,-0.1933320032533258,-7.742099980926513,3.1823429191589354,5.217405202714789,7.0154115205856264,25.989124216445102,user,bench,heavy
1789123068620,-0.04339519735127687,-7.669825602832436,4.106355122375488,10.366346296736664,9.522186141741862,31.469574091362244,user,bench,heavy
1789123068637,0.17941512158177791,-7.4886150492012495,4.712388002124428,9.476356426184724,8.592536777774244,38.13420289098847,user,bench,heavy
1789123068653,-0.31827932932749387,-7.847892597740888,5.6378954123347995,-2.0715679872911297,13.764086224835683,39.455274174590244,user,bench,heavy
1789123068670,-1.0272620767455547,-8.412025779393314,6.607247809490561,-14.956302574650579,14.351946946320341,36.59867732782664,user,bench,heavy
1789123068687,-0.9979331794738769,-8.545801797154546,6.492175907677412,-22.133000901636418,13.801778623770398,35.77695434425533,user,bench,heavy
1789123068703,-0.4903625736512243,-8.422651218304038,5.571756175994873,-17.3940039196173,6.803397326106553,34.3646522239097,user,bench,heavy
1789123068720,-0.5672767403751612,-8.78402778494954,5.153818933215737,-8.367848313516566,-0.6040920790778109,28.37153688762786,user,bench,heavy
1789123068737,-0.7459434547424316,-9.013718584111333,5.371390840038657,-6.657232558528749,-0.10552517536676068,23.17616032564683,user,bench,heavy
1789123068754,0.5178956004820764,-9.400981871685385,6.359298884582519,-11.552769792361742,2.0190922842281562,20.171662562595774,user,bench,heavy
1789123068770,1.2687772422790526,-9.657759415215253,6.110750240215658,-12.173375294501087,7.660525875901092,17.616516114850683,user,bench,heavy
1789123068787,1.6349403125487267,-9.735271109440923,5.820453288921714,-11.408574253699019,14.398976213850464,13.595406165545755,user,bench,heavy
1789123068803,1.9960155581600962,-9.989657958441972,6.0079515445202585,-14.379762891715217,13.274826967982976,1.0982315594533452,user,bench,heavy
1789123068820,1.3352163383483886,-10.280998865830897,6.513125172203779,-23.66584049290714,12.734703292381184,-15.430215250211914,user,bench,heavy
1789123068837,1.7099086059018969,-10.128372017127274,6.16028145610392,-28.665347720059714,14.178833240485428,-27.036144404883864,user,bench,heavy
1789123068853,2.873041699926555,-9.280373963055014,3.5535926450431345,-13.364871059358547,18.367387838614157,-31.35705697007004,user,bench,heavy
1789123068870,3.083132895605266,-8.920645163616538,2.9010248086124655,3.9109616229942468,14.12646618011894,-32.621430853371535,user,bench,heavy
1789123068887,2.5576060695923863,-8.93919905743897,3.7141543783992526,7.864864645300364,12.085954849540448,-35.53685270436187,user,bench,heavy
1789123068903,1.5512928920470177,-9.465774369591474,5.670666047558188,-12.520710050590099,15.59419443180558,-43.24704344703907,user,bench,heavy
1789123068920,0.8141777636654675,-9.92067443858683,6.197541803961992,-27.92508498762456,24.740056787073602,-46.179926676642545,user,bench,heavy
1789123068937,0.9168295982360839,-9.804852595189214,4.966471484264731,-23.609566564335406,27.565683848593075,-41.91983523846804,user,bench,heavy
1789123068953,0.4323024527400732,-9.840169992285967,3.576040623694658,-4.303199323347393,9.949591205470934,-39.78473176430039,user,bench,heavy
1789123068970,-2.7189156987063585,-10.870873222461341,3.784485221210122,0.7532736558346445,6.138479691066281,-48.72873129374327,user,bench,heavy
1789123068987,-2.731036417676136,-11.177031759753822,3.897911109381914,-9.010760359711526,21.478257260251702,-43.87303369956532,user,bench,heavy
1789123069003,-1.8227359436586499,-11.232996223559976,4.406678377643227,-18.896807754012894,27.467651850983177,-33.9490625336711,user,bench,heavy
1789123069020,-1.721730561120808,-10.428844325476884,3.7113127252325415,-11.089554046814294,22.492902352024608,-26.607768600519005,user,bench,heavy
1789123069036,-1.6820765961244701,-10.320954444122314,3.920954715839028,-5.885673899316599,10.31841288291516,-31.316154382225417,user,bench,heavy
1789123069053,-4.208108912127837,-10.170718289947509,4.532971638433635,6.182501967814305,2.1806108901733254,-49.67934336204731,user,bench,heavy
1789123069070,-2.1392194756105543,-9.228151023864745,3.138648446600139,21.982994579537305,-1.519813353306452,-45.17407886852062,user,bench,heavy
1789123069086,-1.2747632578860968,-8.941896041437984,3.5737960596382616,16.42083173648471,4.248951399638212,-33.87674449073901,user,bench,heavy
1789123069103,-0.9319433250093833,-8.82996477573812,6.320842312677204,-14.98478958613141,17.878510218581326,-21.718341824672233,user,bench,heavy
1789123069120,-1.0106524853913113,-8.825025565770268,6.748505707439779,-33.46646185748551,16.996661079746392,-17.650762683349125,user,bench,heavy
1789123069137,-1.9855416200166567,-8.589199040332437,3.586215688489377,-3.9409213940148615,7.935472579619017,-22.659485543239338,user,bench,heavy
1789123069153,-1.2859858224397525,-7.83921595481038,1.8236343538030981,28.34803591424114,-3.9354845634355313,-25.174789790008454,user,bench,heavy
1789123069170,0.39728732652552423,-7.937977357813716,4.217387685669959,27.511718523960806,-6.754532445236989,-6.3308903888537715,user,bench,heavy
1789123069186,-0.14664514394551514,-8.424747898322343,5.651363965716958,-8.309637172541485,13.17462553153795,1.6744200212549796,user,bench,heavy
1789123069203,-2.1978775258822365,-9.017160248997808,5.152321095873416,-20.818636863799597,23.82115216444406,1.4421611460759887,user,bench,heavy
1789123069220,-2.1383215769227593,-8.711749899724126,2.9273592733085154,9.44634628251898,8.184724965453,-2.537103222392032,user,bench,heavy
1789123069236,-2.207005383178964,-8.069059314185381,1.4070429726749658,49.10137616957542,-5.282178447934959,-11.265771219853331,user,bench,heavy
1789123069253,-1.5991772905763237,-8.060976545494794,4.054430873870849,48.00227237362072,-0.7876106709787382,-11.450281096318408,user,bench,heavy
1789123069270,-0.279972139297612,-7.709477229741215,5.306597173088789,31.766140905124196,7.0298787150213595,2.5832849061348386,user,bench,heavy
1789123069286,0.8680474106168374,-6.876148337012529,5.412093437305092,24.52794867749344,6.833302028726984,18.950479380510853,user,bench,heavy
1789123069303,-0.8059485357088968,-7.0307245662182565,5.222803037592769,16.492963656761926,8.770233540542234,21.019343680107713,user,bench,heavy
1789123069320,-1.127519746188633,-7.321170570594072,5.6176960893929,2.652799156412643,11.909393605721972,25.723151527522926,user,bench,heavy
1789123069336,-1.9463366408968343,-7.759755464604496,5.050867092785239,4.437633667912522,8.771578234035081,22.452109047206704,user,bench,heavy
1789123069353,-2.2972367121156303,-7.767538958087563,3.3759751474678517,26.933391039010193,-1.657788830791116,17.77040710704024,user,bench,heavy
1789123069370,-2.241571742712706,-7.678954081183671,3.065476535144448,45.91440990284747,-8.794326179065807,15.043110863906856,user,bench,heavy
1789123069386,-1.2620436962403356,-7.547719564598799,5.212624757927656,22.590784085472766,2.863699176283358,25.250374370911107,user,bench,heavy
1789123069403,-1.791012990857288,-7.68613727068603,6.849363205939531,-3.1509886721617306,12.195512791374744,26.902632989630334,user,bench,heavy
1789123069420,-2.412756796087697,-7.53993840920329,6.134991532024741,-4.79901940378472,9.239295928019214,20.701550345952654,user,bench,heavy
1789123069436,-2.6457426912721247,-7.279570732226968,3.854665257373452,24.173087906712723,-0.09629163339286953,18.673889162523896,user,bench,heavy
1789123069453,-1.7926587122377007,-7.364563722118735,4.036624583545327,30.69488037532106,2.1888950558629046,24.064177125302283,user,bench,heavy
1789123069470,-1.8013376932557672,-7.661444143456221,5.511901134490967,15.641829878624542,6.0059808513572035,23.001889756521248,user,bench,heavy
1789123069486,-2.349460455023497,-7.965060010528564,6.3911722787052385,4.974868173495398,9.428923323719923,20.818240712827738,user,bench,heavy
1789123069503,-1.1095633433353156,-7.094619238501787,5.491401367297768,19.068460653139066,-3.093881887398077,23.976902675635152,user,bench,heavy
1789123069520,-1.0031708609316496,-6.637176499286293,5.127482130432129,38.32988781070934,-12.396571362425117,27.44817898165947,user,bench,heavy
1789123069536,-0.4644754873964935,-6.098332072669267,6.000318857684731,42.306454681342025,-20.354322311569423,36.16939993849134,user,bench,heavy
1789123069553,-0.4541504196718335,-6.254551977428793,7.554006097522378,28.329464629887873,-20.583005582717913,44.9849201945517,user,bench,heavy
1789123069570,-1.2532153698794544,-6.402246045905351,7.439982827979326,18.01380260566094,-12.828942827454435,44.905614868098674,user,bench,heavy
1789123069586,-1.896656919915974,-6.203824829754233,6.020669571796059,29.778467064191275,-18.108499763408577,45.34027444649995,user,bench,heavy
1789123069603,-1.5415667400635777,-6.179283093693852,5.887490935406088,37.76197124160112,-24.047876878848047,50.26664400802002,user,bench,heavy
1789123069620,-1.8261777546755968,-6.179135209655762,6.770951932525635,28.473846291205483,-24.141587074260624,53.304131584762246,user,bench,heavy
1789123069636,-2.9156888553895053,-6.653783935216069,8.25550543038249,3.2112535656428687,-15.205594234072288,46.06408666831913,user,bench,heavy
1789123069653,-3.500473195404559,-6.915802302008867,7.871837536951899,-7.058796455306724,-12.3454866700753,41.18647782728377,user,bench,heavy
1789123069669,-3.1962592163085937,-6.970418273815512,7.31608172302246,-6.521229404888632,-15.495190839786245,37.07399019216783,user,bench,heavy
1789123069686,-3.893869871167093,-7.369052265709638,6.347925842174887,-6.670553988731213,-9.858117897011539,27.037910008784312,user,bench,heavy
1789123069703,-4.11623164261505,-7.597849915423989,6.718430302649736,-13.97549594757321,-4.6078650339176885,16.54766151918268,user,bench,heavy
1789123069720,-4.251054831341654,-7.592611430248618,6.552630084118246,-12.868183118009805,-3.064922952534281,5.104352765346385,user,bench,heavy
1789123069736,-3.7832879742495713,-7.180960135871172,4.9368444077640765,-1.7350804253777439,3.7620413009731664,-4.548901718360261,user,bench,heavy
1789123069753,-2.9866172257021066,-6.425587758526206,5.263352490124106,3.263912403152963,10.557558296324817,-4.055310414026473,user,bench,heavy
1789123069770,-2.789544063159078,-6.269065655949712,5.402216186413169,14.37726816512087,12.352712156443527,-5.193614800061989,user,bench,heavy
1789123069786,-3.693654757336527,-6.561608924865722,6.668150898742676,23.338833233561733,2.808334943531704,-14.290198621128841,user,bench,heavy
1789123069803,-3.6715086842410263,-6.51178018733561,8.269872978430985,6.95388773786309,3.426237184863605,-23.755006904974366,user,bench,heavy
1789123069820,-3.7361515445433553,-6.9585951495528215,7.994687087029218,-3.3753147095065748,8.80735220358667,-29.79911131095764,user,bench,heavy
1789123069836,-5.503970633752644,-8.021922884479165,6.789208889228105,-0.5762576708278339,9.017114996960576,-43.88599398351542,user,bench,heavy
1789123069853,-5.957223227801919,-8.453777008929848,6.833650088500976,-0.5857438430896296,7.078769209100311,-59.223600406318425,user,bench,heavy
1789123069870,-5.915923249164224,-8.41472217887044,7.176920505091547,-12.384814899316233,12.528001277529087,-67.6079718012109,user,bench,heavy
1789123069886,-6.383390977179259,-8.187571711841224,7.083395249176025,-23.70138821244247,21.481218147256904,-78.36176313993747,user,bench,heavy
1789123069903,-6.004208996991068,-7.109132917022705,5.992687339892983,-26.761244658716485,28.064618922178752,-86.22065393103502,user,bench,heavy
1789123069920,-5.688025251703336,-6.750752025061845,5.274427426367998,-16.985080494008635,25.730531546921124,-89.12758244179244,user,bench,heavy
1789123069936,-4.0580224686220285,-6.322935193303227,4.364627872899175,-4.645909187594659,25.537020334903616,-85.0903054347221,user,bench,heavy
1789123069953,-2.322375829547271,-5.964854161071777,4.619312828063965,6.949108739878197,24.656298177281737,-70.77598429299206,user,bench,heavy
1789123069970,-1.7170915762085466,-6.094438572362065,4.619162021416425,13.277059586067924,22.723687613890167,-62.02872494749681,user,bench,heavy
1789123069986,-2.5137623612886295,-7.038503383526206,5.165340444183349,10.157819767602529,23.50814679289718,-62.998386413396005,user,bench,heavy
1789123070003,-2.369511930459924,-7.34795570166707,5.891682541877031,-2.458579312268746,26.675894614848005,-63.05429834194173,user,bench,heavy
1789123070020,-1.1423336497651413,-6.9412383565604685,5.959017710003256,-3.710805490687962,18.44997165586878,-51.8191733271206,user,bench,heavy
1789123070036,0.27353713781405237,-6.499058652928471,5.268589806255698,3.5433448336082933,14.036472461388499,-38.756002822458925,user,bench,heavy
1789123070053,0.32800538997938855,-7.236921677067875,5.200654918670654,17.196585839394544,-0.9718565179437131,-26.467715571587895,user,bench,heavy
1789123070070,-0.11806428856216371,-7.375187407463788,5.565470812115072,16.541681688564335,1.9047604670508433,-25.57269953558047,user,bench,heavy
1789123070086,-0.3489552572939545,-7.656508440619707,5.852476905170083,10.664956190834097,13.133307155927604,-25.890156482918908,user,bench,heavy
1789123070103,1.5453070591030642,-7.388805013927817,6.663512133026122,1.3359463683970012,11.086004055993179,-9.693844163509915,user,bench,heavy
1789123070120,1.1026791824453044,-7.617451272472739,6.985981169128418,-4.4398697010920545,4.949786438202643,-9.331972203546178,user,bench,heavy
1789123070137,0.5870281003538519,-7.718007157677412,6.8005795935481785,-4.58221895424476,-3.829220480328473,-7.629762703879355,user,bench,heavy
1789123070153,1.8469765687474515,-7.415290285271405,6.7927990226745605,-3.1466572650108846,-12.785045201658763,5.91328963479143,user,bench,heavy
1789123070170,1.8189945286406204,-7.603385337719321,6.940640390667319,-7.930300418870025,-13.369674389892358,8.716265654589025,user,bench,heavy
1789123070186,1.4778207007368094,-7.790582564544677,7.436988322338461,-18.17681873058163,-14.129106048233151,10.818235027319293,user,bench,heavy
1789123070203,2.2095483730595094,-7.550116104346514,7.384766552191972,-27.72993453020625,-14.094132918361746,20.19494326238176,user,bench,heavy
1789123070220,1.8795973654376807,-7.537996042963862,6.251411925837397,-28.69408232589796,-13.869409449384571,23.120781151856367,user,bench,heavy
1789123070236,1.9045870370618068,-7.8176681398689745,5.277869091254472,-20.906454313505744,-19.78821745013855,23.0224230127136,user,bench,heavy
1789123070253,1.420659190899506,-7.8140744992911815,5.255720387810468,-12.828068563240674,-27.427944546243307,21.58025076758021,user,bench,heavy
1789123070270,1.3663405580716206,-7.866150723487138,5.65675091945231,-15.521186539767314,-31.866783742544335,24.772730704515652,user,bench,heavy
1789123070286,1.953219440946821,-8.004565506964921,6.06451338969767,-23.217643479570903,-28.686835495188575,33.519986634916314,user,bench,heavy
1789123070303,1.8067242085997015,-8.156447674781084,6.051345280566811,-30.343870123684933,-28.483690301346762,41.034403665413436,user,bench,heavy
1789123070320,1.3524245714492165,-8.832807305687666,6.402543567547202,-41.43666424148675,-33.23827548259914,37.45169965326953,user,bench,heavy
1789123070336,0.3010704751721583,-8.872011773350835,5.498282943505049,-39.14259494457623,-38.25919535279971,31.292320437116658,user,bench,heavy
1789123070353,0.6115686308378353,-8.833256218498946,4.703409161376952,-26.06790703342661,-45.46308466287136,29.896875223642617,user,bench,heavy
1789123070370,0.6108203514874913,-8.796145508244633,4.196585428398848,-15.700931505512662,-46.42034933542699,29.24585232780827,user,bench,heavy
1789123070386,-0.01391655287798494,-8.83594911084473,4.60973485237956,-20.35609816075363,-37.515985393737694,27.921560610012836,user,bench,heavy
1789123070403,-0.06703775608222931,-8.798839569634199,4.914394675546884,-28.060124657704883,-33.51275004949069,30.78130275888923,user,bench,heavy
1789123070420,0.42482093787826597,-8.483404669952392,4.367023828124999,-29.208685853439643,-26.19224038198294,35.884225880264964,user,bench,heavy
1789123070436,-0.4212300737794488,-8.36459182804525,3.0921114440917967,-17.720770414794465,-27.53318239342757,29.50446378035246,user,bench,heavy
1789123070453,-0.4510079569276422,-8.272415648651123,2.8552357018619774,-2.6718487674512206,-33.0193747498894,24.31585422829162,user,bench,heavy
1789123070470,0.9015663434568792,-8.01877874123454,2.750188350456953,7.397940107033598,-28.378042642812296,30.76309688965656,user,bench,heavy
1789123070486,1.0103530275207013,-8.109908041924237,3.2468361418575045,6.856916127121834,-15.977690770681578,34.493104176535546,user,bench,heavy
1789123070503,0.5380965308591723,-8.308479480201006,3.4256548319160935,9.279611119595213,-7.9222672626324435,30.358134973766504,user,bench,heavy
1789123070520,-0.08454528265688568,-8.547297588670252,3.7090655308276412,16.652612498421803,-0.7073928739412887,26.3731208666778,user,bench,heavy
1789123070536,0.9476549446105956,-8.511535370415448,4.840028293609619,15.67485896590343,0.26720126919913006,31.710645618117844,user,bench,heavy
1789123070553,0.814477404199168,-8.538170863884687,5.434537908825278,8.366758898343948,3.3356934224615657,33.8036785420928,user,bench,heavy
1789123070570,-0.06150134740620851,-8.456768591961264,5.576096251025795,-2.8230196368038203,10.961232721556325,31.195987449062798,user,bench,heavy
1789123070586,-0.6613983547486364,-8.225428856548666,5.098303382220864,-6.337175443550652,13.275924920892056,27.004978251701097,user,bench,heavy
1789123070603,-0.7031471731323748,-8.066063639500737,4.792592588695883,-6.993163460024779,11.661235757702483,23.732653403368204,user,bench,heavy
1789123070619,-0.4976949623659253,-7.592761652374267,4.9066170272827145,-11.613745452403386,8.306234884561173,22.127284033301116,user,bench,heavy
1789123070636,-0.07377133865356444,-7.461078807500004,4.704305817955732,-15.179313373693372,8.901053007489134,26.356181997536172,user,bench,heavy
1789123070653,0.24405849334076046,-7.416788999396562,4.592828141242266,-15.498783519289672,7.338518315028134,32.768208203540524,user,bench,heavy
1789123070670,-0.6027404140748083,-7.810483781322836,4.498406228747964,-8.742878632916334,5.5400727306163,29.847581748402636,user,bench,heavy
1789123070686,-0.7899369102478027,-8.492232704052329,4.57112893513143,-3.035543320706294,2.9142807825121224,28.378643699459257,user,bench,heavy
1789123070703,-0.6600514701843261,-8.873657786992192,4.7093940810054535,-1.0723300947384815,4.330491905497117,27.213579059142457,user,bench,heavy
1789123070719,-0.41898558278828857,-9.445275771442056,5.278467057147622,-4.869418590446864,10.311341929576905,23.99348295984536,user,bench,heavy
1789123070736,0.6905775413513183,-10.00461996525228,5.969193067058921,-9.422595153453907,15.722093139108653,23.040328353622787,user,bench,heavy
1789123070753,1.0568898108333349,-10.276363607245683,6.022465223041176,-11.451542119993922,21.601106750210842,17.951062195492494,user,bench,heavy
1789123070770,0.8132803764343262,-11.159521822026372,6.094290103802084,-13.95109936563157,16.532336282232464,-4.917138560856805,user,bench,heavy
1789123070786,0.7377128020137548,-11.504739281031489,6.598420359912514,-22.652530703116973,12.427203907078978,-26.757247290504733,user,bench,heavy
1789123070803,1.2620432578489185,-10.954520058441162,6.436212905175983,-27.367604947568122,14.29747362636855,-40.020451837841286,user,bench,heavy
1789123070820,3.5185781764157116,-9.304915699115394,4.756232404547929,-8.402819735840676,14.977312236537538,-40.533276101104185,user,bench,heavy
1789123070836,2.720860403033346,-8.843284276038407,3.65789180842936,11.709026591325063,10.655153161827837,-48.56267914973651,user,bench,heavy
1789123070853,1.7750006712764501,-8.76622091010213,4.296396340455114,17.8945731159619,3.7221559844280536,-54.55822603336287,user,bench,heavy
1789123070870,2.5819965606138107,-8.717438466754555,5.839458141382038,7.078822143066378,4.688800214261401,-47.11888302712795,user,bench,heavy
1789123070886,1.934813705157116,-8.800039008551835,5.714661548890173,1.4143168127073737,12.806949618326994,-40.59551278482134,user,bench,heavy
1789123070903,1.7883186372067779,-8.812907257953286,5.006425601251423,1.657664286560469,16.67312867914123,-32.46795308762676,user,bench,heavy
1789123070920,0.7231981736447661,-9.551668692237138,5.421669951684772,-2.6469469649544117,15.805453890381367,-25.36515740746046,user,bench,heavy
1789123070936,-1.785775966986641,-11.373208411848545,5.605725665614009,-17.420551157373847,16.43072697304477,-32.61107970168438,user,bench,heavy
1789123070953,-2.7400146739017215,-11.872398288947343,4.91245377061218,-16.263795442182364,16.2809614151139,-43.88174560585167,user,bench,heavy
1789123070970,-2.682852963135019,-12.17496318566203,2.1851573431819675,7.832802883562677,6.947194579363301,-47.713283654742895,user,bench,heavy
1789123070986,-1.9798552814759314,-11.578956025364993,1.5336349241510032,45.02725029193285,-10.11839250061863,-45.398071507256596,user,bench,heavy
1789123071003,-2.7168206626558673,-11.272199522179365,2.1401158399283884,65.98561745822528,-26.38464168826032,-55.820789916534316,user,bench,heavy
1789123071020,-2.2061074844911692,-10.242544924274087,3.603124445453286,65.9334962846689,-21.69646985140256,-53.93614606413645,user,bench,heavy
1789123071036,-0.006883640300203114,-9.034371496039629,6.928970411139726,20.087062131988702,-1.7786983335825626,-33.222760707899454,user,bench,heavy
1789123071053,0.1916853320248425,-8.661474587470293,7.694366754370927,-19.870849078717363,16.615399920276282,-16.74764775053336,user,bench,heavy
1789123071069,-1.3138186176684685,-8.658182560187578,5.858911322131752,-35.951540809630025,24.293429009699178,-13.307565772222139,user,bench,heavy
1789123071086,-1.9684830427858977,-8.329877657538653,2.198476843482256,3.3602398416781223,3.2721291207244882,-15.70318205284418,user,bench,heavy
1789123071103,-1.8553569230119697,-7.9845123144954435,1.3420996681213377,43.24991895667964,-15.951092306506256,-17.32733102803422,user,bench,heavy
1789123071119,-1.4523829748179298,-7.487713716447353,2.775626743096113,51.75801922838689,-9.331676797864574,-11.62656998634373,user,bench,heavy
1789123071137,-0.36421818327959626,-7.50761844035685,5.351041294971108,14.731900124564396,22.8017139874211,12.461879069947841,user,bench,heavy
1789123071153,-0.8650552065309136,-7.7033450105965136,6.076634620124102,-16.971377426986297,35.676666676672035,19.15345040452883,user,bench,heavy
1789123071169,-2.820220118989702,-8.076238412034511,4.4276258886039255,-14.735783087107547,33.4084052495404,12.930307103605655,user,bench,heavy
1789123071186,-2.8097455049928275,-7.849688833507895,1.7483651778072118,31.202076562707866,16.491339779286754,6.005621412652132,user,bench,heavy
1789123071203,-2.616264192929305,-7.731175266808271,1.5432120230525732,60.25338119729207,11.06793991318579,5.146302933454956,user,bench,heavy
1789123071220,-2.1728880095217376,-7.569266795018315,3.8763621253967284,64.55431716670326,12.669869429232131,7.558031203442234,user,bench,heavy
1789123071236,-1.357063647693023,-7.105242339324951,5.363311578479409,52.195479184347874,20.056047950514966,14.8886956546985,user,bench,heavy
1789123071253,-1.2770075662141664,-7.027429616326093,5.673209886822104,41.66480280504893,22.11697898539086,17.241982691713034,user,bench,heavy
1789123071270,-1.8426376353608442,-6.783669959801435,5.751020856255293,42.60499200467953,12.950882194706672,17.142082637365135,user,bench,heavy
1789123071286,-1.8688241794861853,-6.658871613743901,5.188831794407964,53.4964253155602,7.794037291154624,18.254886085247584,user,bench,heavy
1789123071303,-1.7027264393128454,-6.574027676934003,5.54212734592855,53.10806075935327,7.953231925234697,20.66705789064409,user,bench,heavy
1789123071320,-1.0594345268800853,-6.237044377788901,6.309619784656166,51.70705918698943,0.7253268696284795,26.456409900964232,user,bench,heavy
1789123071336,-1.6026192477237433,-6.330719271308183,6.1156900347054,58.053356775063456,-7.6743143202880555,21.020974387772057,user,bench,heavy
1789123071353,-2.744353799084574,-6.423492832073569,5.933729539489746,65.18569302339006,-11.267909922837191,11.899086850264423,user,bench,heavy
1789123071370,-1.0937015381410717,-6.0880053244441745,7.4209770987361665,56.232998663133756,-13.58981309438916,17.362743851333445,user,bench,heavy
1789123071387,-0.8526353584840893,-6.036081660461425,7.985860221973061,32.770458750872045,-2.825392487210165,26.33512452432502,user,bench,heavy
1789123071403,-1.7337017155520618,-6.233004747009277,7.643639022174477,19.410974149447696,8.293598180823002,22.198709028999232,user,bench,heavy
1789123071420,-2.2527944899294523,-6.329370194786787,7.404217102593183,10.940287092692834,11.253254044425635,22.386423117958692,user,bench,heavy
1789123071436,-1.8688242525514214,-6.374560751122236,7.429955354961752,-2.7999461905704592,13.613878412156055,26.19851049564101,user,bench,heavy
1789123071453,-1.646762267767638,-5.889137533569335,7.800010318103432,-8.729743325368752,7.8015043954647405,31.029658682394647,user,bench,heavy
1789123071470,-2.823362746130675,-6.0058554490238425,6.176591954913735,5.346283188390114,3.223676185639241,26.4241423797778,user,bench,heavy
1789123071487,-2.956241084399819,-5.9871513330757615,5.767484499800205,20.506572350810885,-0.5616889840499024,24.630804496204664,user,bench,heavy
1789123071503,-2.320430467633158,-6.198736566704511,6.66515756214559,24.46454915407009,1.585513689984745,20.89662225619551,user,bench,heavy
1789123071520,-3.018789164379984,-5.984156827434897,7.492804317584634,23.437877806716088,3.8479646538451036,13.490586667448156,user,bench,heavy
1789123071536,-2.779518782098591,-5.693410378807783,7.5333555236816405,27.288554045661687,0.27946658140118047,11.963121581280584,user,bench,heavy
1789123071553,-1.7368442513614892,-5.704636121699214,7.837420303565263,24.058742002270247,-5.689724309765396,15.401504550035765,user,bench,heavy
1789123071570,-2.501641605786234,-6.018123978966474,8.659976457867026,11.094675834918156,-2.0140951470766457,13.956212615998972,user,bench,heavy
1789123071586,-2.7861031289249656,-5.737256534796953,8.811860963770746,2.799981408733367,2.760198331582393,8.65839004665692,user,bench,heavy
1789123071603,-3.1708212620608505,-4.846911623382568,7.452851077380776,22.466626614287566,-7.63677901570425,-3.7798087574384853,user,bench,heavy
1789123071620,-3.028964813696593,-4.272452862548828,6.754043467822671,41.909603615091356,-10.730438068180655,-12.362266737318729,user,bench,heavy
1789123071636,-2.498798929706216,-3.9957741022408007,7.656509025141596,40.26714802537839,-4.710190232307765,-10.964633301989346,user,bench,heavy
1789123071653,-1.6751934124819934,-3.8893811814457178,10.047866401782631,21.834649700953797,-0.46477852484605914,-6.588400900281123,user,bench,heavy
1789123071670,-2.607884742847085,-4.282928663855791,10.810720074793696,4.724423065877603,-1.4066600639260838,-7.6521273045429155,user,bench,heavy
1789123071686,-3.326593715313822,-4.666597141808271,10.529248234990238,-3.236620461333473,-5.590102158739351,-13.618781634206478,user,bench,heavy
1789123071703,-4.665850268963724,-5.643431419152021,8.88787452839315,1.4648227532467388,-6.115961838033218,-30.36204867216092,user,bench,heavy
1789123071720,-5.7175034212525935,-6.177188751763105,7.652915384563803,10.500253862962056,-3.796168341161135,-44.94056836117622,user,bench,heavy
1789123071736,-5.755960066223144,-6.243776900914311,7.494000249370933,13.213987057951087,4.214126826381256,-55.66042732010617,user,bench,heavy
1789123071753,-5.265148798956349,-5.940611700218915,8.128314051708578,3.7039291977410516,11.367220873369176,-57.90523046253339,user,bench,heavy
1789123071770,-4.4264303221438075,-5.768977368706464,8.470684889110922,-10.044712688720763,16.705111039929815,-54.9894568568008,user,bench,heavy
1789123071786,-4.661810272857919,-5.888388176506758,8.362495732548833,-22.091604832624263,21.61472102477397,-56.05517810318705,user,bench,heavy
1789123071803,-3.593996332428232,-5.794866427722573,7.455544554248451,-27.38113725986121,24.80087449899069,-47.00208337722614,user,bench,heavy
1789123071820,-3.175459881646931,-6.204423964691162,6.212205704608559,-24.90057818539995,28.867449602505808,-42.60202770257974,user,bench,heavy
1789123071836,-3.2368115914493796,-6.328624929377436,5.830181486731767,-21.21082120329985,33.9945720841109,-41.31732717630829,user,bench,heavy
1789123071853,-4.141520543780922,-6.711994716644287,5.602582691413164,-11.839790562984957,18.338644695039452,-56.296335007307285,user,bench,heavy
1789123071870,-3.8551138048585503,-6.817338420647382,5.717352395409345,-5.339499529883822,5.169637847867482,-65.9879807036781,user,bench,heavy
1789123071886,-2.7570732145998624,-6.679374888068438,5.747880804663896,-5.175341909598089,3.219544988408441,-60.665849491079975,user,bench,heavy
1789123071903,-0.17672237536646423,-6.2862751494258635,6.657675681957602,-20.78481035193511,5.8325546643677635,-40.04603772647216,user,bench,heavy
1789123071919,0.6299739465024322,-6.264427474755048,6.554425735363364,-26.305823012785666,6.963826089992281,-28.622057981100173,user,bench,heavy
1789123071937,0.4571424410946667,-6.264727919006347,5.728128640967607,-19.639151986597607,2.839499816054003,-22.64547511770435,user,bench,heavy
1789123071953,0.34581230135941876,-6.149654848149418,5.471646865513921,-6.334126190973065,-6.5259827896641385,-13.000581212428624,user,bench,heavy
1789123071969,1.4097354266293347,-6.35211686412394,6.391919882202148,-6.583013161686452,-14.960931735360555,-4.797308868284454,user,bench,heavy
1789123071986,1.0966936874280684,-6.426186893463134,6.741024411773681,-11.130802412985647,-15.776761973225435,-3.7341096692492224,user,bench,heavy
1789123072003,1.093850700820796,-6.84397449863851,6.407929936760664,-15.916324936083598,-7.963666746739183,-2.1091400041417234,user,bench,heavy
1789123072019,2.089090275562834,-6.71693158852458,6.769604025048017,-18.714361448450806,-16.34562110843912,7.175640501438132,user,bench,heavy
1789123072036,2.2388774803937412,-6.8685156501770015,7.165995206451416,-30.95927699809225,-19.253720996639203,11.294975401197012,user,bench,heavy
1789123072053,1.8052276133663951,-7.2809168861389155,7.81452458114624,-41.579425440423776,-23.20840564871846,11.825985043125069,user,bench,heavy
1789123072070,2.432658405591501,-7.423221662792563,6.829759510803222,-41.56425559027718,-24.23203756189181,18.91966498207034,user,bench,heavy
1789123072087,2.1938365799283606,-7.596202732738852,6.344484177288413,-34.84756708879711,-22.193738358830753,22.034352479453922,user,bench,heavy
1789123072103,1.2913724017157684,-7.968201231163739,6.612635347747802,-34.79446578309484,-26.650083329974528,18.14489954904287,user,bench,heavy
1789123072120,1.4962262447302694,-7.952340814208984,7.3956895127445454,-38.54426695818853,-35.8219004040886,17.756990907963043,user,bench,heavy
1789123072137,1.590647390039591,-7.920915748375654,7.290343470653891,-47.180269352293436,-41.93794206995774,19.004185157954662,user,bench,heavy
1789123072153,1.3319240781702333,-7.8537290488094085,7.243956398010253,-51.99248254712051,-44.508248122565675,18.203029581521555,user,bench,heavy
1789123072170,1.6276077919741072,-7.409005505913496,5.224146853417158,-36.110113896495626,-41.51206269973452,26.10904697034489,user,bench,heavy
1789123072187,1.652298070801349,-7.256225512474775,4.924423902130127,-16.687914331147013,-47.83105319150684,31.98255544897605,user,bench,heavy
1789123072203,0.5633853589598089,-7.618650126868486,6.368577585059404,-4.978305039308385,-64.10836728560395,29.732356457104522,user,bench,heavy
1789123072220,0.013915886157704517,-8.008456084662676,7.742250203052163,-12.07007209839923,-67.31631589346217,26.45543489146021,user,bench,heavy
1789123072236,0.5129574408269952,-8.144623965996503,8.300695986717939,-34.912296791561324,-59.29089143002139,30.80428634544632,user,bench,heavy
1789123072253,0.7091324215544387,-8.409033611840009,7.889492436107993,-56.121482164554955,-47.462841108446035,34.88734952561785,user,bench,heavy
1789123072270,0.3875609827458393,-8.609399532318115,5.7046343681335445,-62.09408302766466,-39.03160095546894,35.80771410118248,user,bench,heavy
1789123072286,0.28281484277709384,-8.821584485405683,4.533869756317139,-45.84515519975812,-41.98228365804947,33.61809547215438,user,bench,heavy
1789123072303,-0.11028321536504664,-9.17428090198934,2.9080577759891746,-24.479524343825346,-44.20777785569306,29.06803176786157,user,bench,heavy
1789123072320,0.20455434861127286,-9.177572344750166,2.691231719097495,-2.920002986932712,-42.836115360909005,23.08374103598739,user,bench,heavy
1789123072336,0.5731116936063394,-8.978705138397217,2.710685192108154,6.28473538553741,-39.58013003261807,23.901048302260286,user,bench,heavy
1789123072353,1.1399391193114221,-8.612091255620122,3.2746681516349314,7.577233426520079,-36.35434780083694,24.317174162348728,user,bench,heavy
1789123072370,1.2006919499052688,-8.08222566975057,3.349338484954834,10.919489166670147,-32.68244493322726,23.62787830150021,user,bench,heavy
1789123072386,1.2612952524932102,-7.850738050299882,3.340810895106196,13.674415232543524,-22.98581832140421,24.70193750131576,user,bench,heavy
1789123072403,1.6549917423193807,-7.569568408313393,3.5714012734562157,14.13233160506869,-12.49710833191312,27.717394302890106,user,bench,heavy
1789123072420,1.6145894751398124,-7.469459097832441,4.2215754927486175,12.67501256167715,-4.394739653038019,30.28836117630024,user,bench,heavy
1789123072436,1.714547380822957,-7.387907772827148,4.479850581359863,10.780665571789637,-4.1310546506009755,31.053598495435544,user,bench,heavy
1789123072453,1.2720689955671318,-7.609073320227861,5.208586880713701,6.276423899091151,-2.12856783690559,29.97135502144702,user,bench,heavy
1789123072470,1.1780965530065353,-7.742697362297773,5.386354600414633,3.8478182316647715,0.4514820141618955,27.958038942822583,user,bench,heavy
1789123072486,1.1065699702056124,-8.15958772637248,5.787084103283286,0.40923822796029224,-0.446959708559833,25.28957282655781,user,bench,heavy
1789123072503,1.063623795263469,-8.45272954570353,6.059575348773598,-5.140856284478695,4.524811641157626,22.817329507411042,user,bench,heavy
1789123072520,0.8945333030149341,-8.681076529040933,5.957223812323808,-8.439625917730583,10.600940242838153,21.06620902309776,user,bench,heavy
1789123072537,2.0000560291899365,-8.908972261479496,5.547214439934492,-6.973208635477763,16.54448206612404,23.543841361499666,user,bench,heavy
1789123072553,2.0063406258847563,-9.501389288330078,5.196165790557861,-6.998435939177206,18.346258648416722,16.6166259392323,user,bench,heavy
1789123072570,1.9158100582731887,-9.907654213494062,5.5250686590999365,-13.329088552070496,21.83383349334798,1.2505987791277549,user,bench,heavy
1789123072586,2.7500395896360277,-10.001627797698974,5.164292980957031,-23.234548197766685,30.690724205211104,-13.284643657367576,user,bench,heavy
1789123072603,4.117428085858002,-9.458442127007245,4.85858277195394,-30.208304529038518,36.27542496497745,-17.477391991646694,user,bench,heavy
1789123072620,4.251353668157756,-9.035718234473466,4.1581309023201465,-26.905431659642748,43.90910734366674,-17.426348280431895,user,bench,heavy
1789123072636,4.651783749688416,-8.56106833986938,3.23651290076375,-12.333912914526714,42.763845129301096,-16.85059748434567,user,bench,heavy
1789123072653,3.412335550811514,-8.7964477060616,3.7280718445926904,-2.7268729848482547,35.91600675047304,-23.357580395286124,user,bench,heavy
1789123072670,2.609080893829092,-9.177275407630205,4.149602143427729,1.3346516206624606,31.61998510216968,-31.906176858582384,user,bench,heavy
1789123072686,2.0575169055663047,-9.957485289111732,5.13286966868937,-13.449054848426247,41.01662126790931,-29.851078805257682,user,bench,heavy
1789123072703,1.4607618129787965,-10.618734444648027,6.246174025183915,-32.32692334164434,47.83984706006323,-26.508536197162474,user,bench,heavy
1789123072720,0.766144165923819,-10.84648287757039,6.0817222986519335,-38.007359447912165,43.66603457148433,-24.364608118587174,user,bench,heavy
1789123072736,-0.8895959196779877,-11.457453213721513,4.08585535518229,-17.860461443699567,31.826413909454974,-29.898442752057136,user,bench,heavy
1789123072753,-1.5321396806245668,-11.524939773017167,4.138678013831377,-6.396277924212419,23.109273990652188,-33.36691526542716,user,bench,heavy
1789123072769,-0.4736033812258392,-10.696097085791825,4.976349904200434,0.44337375252387057,17.39872528788107,-28.117030378774846,user,bench,heavy
1789123072786,0.012868614727631211,-10.13196156605184,4.961833303070068,6.336039497714315,11.42250442451126,-22.850005132400383,user,bench,heavy
1789123072803,-0.7187096665864809,-9.612119946068525,5.302258267101645,-0.273625355598218,9.594928510176144,-25.13137710764385,user,bench,heavy
1789123072820,-0.49185902275405824,-9.903763051274419,6.597222090038657,-37.8069821882315,23.104692641266404,-17.474917755619856,user,bench,heavy
1789123072836,0.0026933307372033594,-9.671375852635503,6.861482682800292,-51.6342937666667,20.01626722124152,-4.944409798665373,user,bench,heavy
1789123072853,-0.256180016028136,-8.879496576148272,3.3919863710701463,-37.0656368708129,20.16773178872843,8.167319082126868,user,bench,heavy
1789123072869,-0.45040933344736694,-8.520365158081054,2.4175448340818284,-15.569750892313396,16.143403112777136,18.63492293330897,user,bench,heavy
1789123072886,-2.101959931470081,-8.284536879077553,3.0677213914617893,-10.337664624864487,10.43022307962827,18.67773285147932,user,bench,heavy
1789123072903,-3.4115880569124593,-8.08297327324748,4.390964967943728,-10.929111195663403,3.4564377200524627,13.332762340070316,user,bench,heavy
1789123072920,-3.2600048355102538,-7.8197589746683835,3.3441002920404075,2.54692908984333,-2.316888105153889,15.903209265329881,user,bench,heavy
1789123072936,-2.8015155098512765,-7.666082324650883,2.400635784856975,13.474761972914882,4.365049247602796,20.763696529663306,user,bench,heavy
1789123072953,-3.639186961828917,-8.17185742535889,3.401261856676638,4.758677745225685,19.001864601184153,24.01751498044005,user,bench,heavy
1789123072970,-3.5794815579287707,-8.391977263098955,4.46204429103434,-8.201816660077311,24.279299055853713,24.42856430242788,user,bench,heavy
1789123072986,-3.7162503277651964,-8.294413545447588,4.376901079016924,-0.5295314395812775,19.17204730209148,21.87862928901951,user,bench,heavy
1789123073003,-3.922151378277689,-8.341248361858725,2.7329803182855246,25.943963005652975,6.518818774998441,15.8286560429919,user,bench,heavy
1789123073020,-4.04395653386861,-8.451232000622152,2.6868928131103513,43.641258060270104,-1.2295956272648483,6.417970178129557,user,bench,heavy
1789123073037,-3.8337155544556674,-8.431029170548916,4.54598864865601,38.91234585256051,6.5853789684602155,3.513103103841004,user,bench,heavy
1789123073053,-2.7317841673035175,-8.248023550194501,5.397727642822265,29.983010739265648,12.601138943161585,7.266542635328186,user,bench,heavy
1789123073070,-2.6740239791870115,-8.05798320889771,5.267691980633139,34.30915693690334,12.207062641261237,7.213404617359132,user,bench,heavy
1789123073086,-2.360084871020913,-7.514502354651689,4.664654191046953,49.480827328915474,2.521991855740202,8.5793357296559,user,bench,heavy
1789123073103,-1.9105730709351598,-7.3929948668330905,5.335627452740073,55.870981561650154,-1.7927359731525254,8.652959192493116,user,bench,heavy
1789123073120,-1.8457801346376537,-7.189787000927328,5.874921376690268,52.79137562339105,-2.6813913954953743,8.731460264171364,user,bench,heavy
1789123073137,-1.4648027954652905,-6.986429497417808,6.645705258178711,43.03806697919335,1.2980505578910664,11.234809972345662,user,bench,heavy
1789123073153,-0.9870097805298864,-6.730099697655439,6.958298212432861,24.37148782662867,8.757904195316716,19.25515875145949,user,bench,heavy
1789123073170,-1.3649948060184716,-6.767960349494218,7.092075399237871,5.623104352148384,13.49041932781349,21.148352293150914,user,bench,heavy
1789123073186,-2.291700047711283,-6.804021842956542,5.644330413818359,11.748241268671045,8.226931265655447,18.32112696736566,user,bench,heavy
1789123073203,-2.472611764526367,-6.633284168022871,4.94193033272624,29.593638730156147,-3.4068392341773572,16.57761360624048,user,bench,heavy
1789123073220,-1.9000982925415038,-5.929686986100673,5.047125568169355,44.921959510782514,-20.964471647863125,21.280707698887422,user,bench,heavy
1789123073237,-1.070208288220316,-5.461921005791425,6.46150019890666,40.583174048085716,-25.547926439460834,31.999706053981953,user,bench,heavy
1789123073253,-1.7455229401186108,-5.417179946789145,6.4225955909729,33.97854504522346,-18.753599177685235,35.10468272991307,user,bench,heavy
1789123073269,-2.980332884735614,-5.907544127875566,6.556672637507319,18.514704773727576,-9.604046812718112,32.56748601930678,user,bench,heavy
1789123073286,-2.429516280774027,-6.03967179390788,7.3368801809012885,4.878016944838264,-13.226865379631146,34.1882899093508,user,bench,heavy
1789123073303,-2.086547477478534,-6.287773279029131,7.124995672065019,-4.003039403195189,-17.384947088777864,35.24228713602673,user,bench,heavy
1789123073320,-1.936310592651367,-6.2386898069083685,5.8840498550415035,-13.339328713183638,-12.103391468717843,44.409172813560055,user,bench,heavy
1789123073336,-2.456001990509033,-6.788158503392339,4.931306062859297,-17.537752080889387,-2.401687465020536,50.629241675583074,user,bench,heavy
1789123073353,-3.494337176867574,-7.379675951054692,4.442140151646733,-9.489862271494777,1.5035338108631382,45.596898313995666,user,bench,heavy
1789123073370,-5.9670987251281735,-8.872610908287763,4.10500838394165,-3.2951372532739107,10.2281954754894,15.222930961733073,user,bench,heavy
1789123073386,-6.265925604358315,-8.419210722461342,4.844218731036782,-5.645997865585797,19.282790281746777,-6.319350784251035,user,bench,heavy
1789123073403,-4.86023010076955,-7.565977105823158,4.2316023812443015,11.146619423556103,23.60554529046156,-11.50442144454816,user,bench,heavy
1789123073420,-2.8247090461730955,-6.278194134300946,2.5504227339595555,58.48619952314551,19.92676271481038,-10.61556111653021,user,bench,heavy
1789123073436,-2.4411880138672886,-5.408350743645429,4.375701640099287,82.2188324359462,17.791795844426133,-10.94805984796831,user,bench,heavy
1789123073453,-2.8660093170717356,-5.5081601943969725,5.925649108886718,90.80446901511144,14.024997743582878,-18.87658527142778,user,bench,heavy
1789123073470,-3.491344863183796,-5.855767763409018,9.157222799682616,75.2155731025545,13.258484032846427,-31.485679677425136,user,bench,heavy
1789123073486,-3.728819594220072,-5.844245667919516,11.612774708336591,49.81774690029386,10.74964968276861,-40.01372751660341,user,bench,heavy
1789123073503,-3.57828431096822,-5.5644239334106445,11.884667403411864,25.118691738807847,5.812962693620405,-42.69827531326898,user,bench,heavy
1789123073520,-2.404228110260516,-5.250186134558915,11.181970385199785,1.3378696002568886,2.7925461074915736,-32.36668528789757,user,bench,heavy
1789123073536,-2.870498445184529,-5.4872109298706055,10.070461095428467,-10.67379957826197,6.968415123340884,-27.719779746457732,user,bench,heavy
1789123073553,-3.7955576732359826,-5.624127583745121,9.508869999474287,-13.655353028343665,8.259279041564628,-28.250744992156186,user,bench,heavy
1789123073570,-4.754585514123738,-5.886743331909179,8.208071479034423,-5.189385205418459,1.8886343904204432,-34.09439188373605,user,bench,heavy
1789123073586,-5.254973661096394,-5.660490690502524,8.110657398986817,-6.327950419302904,-2.9317848498075727,-37.55207952840662,user,bench,heavy
1789123073603,-5.175516531891375,-5.524470693206787,8.010850286322832,-12.728731145725654,-1.8979031705675622,-38.649916324270286,user,bench,heavy
1789123073620,-5.744737538202107,-5.339518614959717,7.330595986065268,-28.36589344382614,9.7969817275244,-50.96649251113621,user,bench,heavy
1789123073636,-6.39730742045939,-5.844097199359536,6.462848690906167,-41.212575980102386,26.06799924098041,-66.12604614756074,user,bench,heavy
1789123073653,-5.100846783093362,-5.806089248004556,6.270115457263588,-45.08156395621279,26.44394139063437,-65.96599432473982,user,bench,heavy
1789123073669,-2.721758813177794,-5.749975146594643,4.787804769897461,-25.620611605060816,12.744267264766494,-60.90574622529833,user,bench,heavy
1789123073686,-1.9012956856325267,-6.3239849946171045,3.4258044695198535,-4.278295599859879,2.7779743257841747,-59.02958205275504,user,bench,heavy
1789123073704,-0.9338885042604058,-6.768856421551108,3.9431010811954734,-1.1317926544355548,-1.3672783671105537,-49.05634473237752,user,bench,heavy
1789123073720,-0.8430586249087005,-7.55325557141602,5.800700540703534,-27.690112819797783,9.548982681403116,-44.39744196366056,user,bench,heavy
1789123073736,-3.415927657019347,-7.868992084392905,6.259789878082275,-46.95200101513703,14.051273481319917,-52.82843622982754,user,bench,heavy
1789123073753,-3.3532293549135326,-7.790133651733398,5.6497179520756005,-54.24849402997572,22.912494533116828,-55.0173581795603,user,bench,heavy
1789123073770,-1.8489227800449355,-7.1227511080086225,3.3641531922489403,-31.68945495621788,20.48317041516713,-49.33748214880442,user,bench,heavy
1789123073786,1.0061628092892467,-6.790106130328774,2.5450363647460934,0.7598540628522757,2.314592094375707,-35.83407863137873,user,bench,heavy
1789123073803,1.439513309777528,-7.014710420006513,3.0199861190795896,27.912254477268693,-16.603218277891564,-25.716352074204178,user,bench,heavy
1789123073820,0.20829503297694027,-7.636605470275878,4.868609660449624,36.776115397179815,-19.893887306787818,-22.493380465266508,user,bench,heavy
1789123073836,-0.005237717990390956,-7.925255238884687,7.326555770763754,18.156275229105525,-14.2046462329062,-15.931242069230906,user,bench,heavy
1789123073853,0.14110791328558697,-7.9913950597465035,8.454074530571699,-10.94785238097227,-10.905526552459348,-11.531940276714142,user,bench,heavy
1789123073869,0.9953891575468704,-7.921065385979413,8.429234688347577,-35.03793812134371,-11.78794259699539,-3.2879832704485574,user,bench,heavy
1789123073886,1.480065264793206,-7.740752657970786,6.797737063598633,-45.86720646549351,-22.621931455635316,5.678164214595149,user,bench,heavy
1789123073903,1.7920597234312443,-7.42501672951579,5.843347257775068,-44.45720270380359,-19.749555164341693,17.751863143443654,user,bench,heavy
1789123073920,2.6168619213604365,-7.313536714714765,4.7276498686641455,-37.66881429151131,-17.65318057031531,29.69217103912275,user,bench,heavy
1789123073936,2.091933134305943,-7.8169205363720655,5.343710221430659,-26.732914741586566,-30.59417606619839,33.448184271266555,user,bench,heavy
1789123073953,1.5538366217130795,-8.141483914405107,5.986254091975092,-27.73941654032152,-42.6814832931945,31.190909203414893,user,bench,heavy
1789123073969,1.3172593144405633,-8.514680098181962,6.441899426379799,-36.39919140783266,-43.95496523375421,33.14420328716056,user,bench,heavy
1789123073987,2.019508753281925,-8.013842453876137,5.977275251227617,-49.02872344737399,-43.18955374479507,43.86657917079966,user,bench,heavy
1789123074003,2.0017017140377313,-7.908796856036782,5.522226129150391,-54.760088859188016,-38.732343047174,49.26038297345331,user,bench,heavy
1789123074019,1.0269625458097085,-8.141780267003178,4.202720570152998,-50.34659820244419,-32.711616671172386,49.20888334711142,user,bench,heavy
1789123074036,0.6872851122098043,-8.706663974761963,3.9309798507690425,-36.88166572551861,-38.02528527938886,45.27201012084026,user,bench,heavy
1789123074053,0.8262983365047722,-8.820090447455645,3.707871937128901,-27.42199715902352,-35.04651000875207,45.71620805841745,user,bench,heavy
1789123074070,0.9258074526028707,-9.257929491534828,3.2821517853885886,-15.272019531297955,-33.262010389964935,47.296942643695594,user,bench,heavy
1789123074086,0.6016925124570727,-9.515902382329106,3.651006725090742,0.9022941361766008,-33.48176148122634,48.655556062070346,user,bench,heavy
1789123074103,0.08259951888397335,-9.775676185065507,3.876213656836748,9.827131890068129,-31.555559342823535,46.58950580041152,user,bench,heavy
1789123074119,-0.07242474635019898,-9.616310968017578,4.551228302875161,12.716259220301211,-26.59708959975169,45.92289299779662,user,bench,heavy
1789123074136,0.1090855939451605,-9.447667050492763,5.1975107754260295,5.287273342168966,-19.268049025970594,47.38613125387762,user,bench,heavy
1789123074153,-0.09142864896245301,-9.44931364865601,5.173718980950117,0.5187314697604593,-13.724954363533387,42.86964817463918,user,bench,heavy
1789123074169,-0.67740979754664,-9.28845556270182,4.61587174769938,0.6731046306167371,-12.95008306257378,37.29248452862195,user,bench,heavy
1789123074186,0.10310016286000609,-8.899396039360761,4.466681887707114,5.025889686595394,-20.296810411210625,33.626175585942505,user,bench,heavy
1789123074203,0.1625061454221606,-8.927827768597007,4.206463263812661,6.254174557869835,-22.8158354035301,28.9485376083322,user,bench,heavy
1789123074219,0.38845914629511535,-8.827569989556073,4.345923756951094,0.5422926341892413,-20.508039133935146,23.641190340192566,user,bench,heavy
1789123074236,-0.10624299093037844,-9.05277516773641,4.160523934936523,-13.533616859219235,-9.285232365282134,11.168423094934077,user,bench,heavy
1789123074253,0.4531025911193341,-9.02808379407227,3.955968746075034,-23.289447550767957,2.234605669996392,10.711123146981507,user,bench,heavy
1789123074270,2.2237642833434044,-8.725816418999432,3.3885435371398924,-24.737567183121133,7.554658797539541,16.305087350809675,user,bench,heavy
1789123074286,2.2707503447934982,-8.888324025726318,2.9906571487426756,-15.662071144229873,11.122823898261426,14.18574112305725,user,bench,heavy
1789123074303,1.6671125434875487,-9.390056573045253,2.506279056328535,-0.41455553022914715,16.798602669288947,4.81605645689567,user,bench,heavy
1789123074320,2.0688890711911023,-9.83193992407918,3.439121631732583,2.7709601483933946,20.497226944479014,-4.378088932501997,user,bench,heavy
1789123074336,2.4006360771179196,-10.038137619450687,4.205115356335043,-4.986193054026103,25.719895234836123,-13.728736580786283,user,bench,heavy
1789123074353,2.7730837806150315,-10.204836832648516,5.064486160553992,-22.325965698520324,30.212040642514516,-27.857350001625544,user,bench,heavy
1789123074369,3.0163948165893553,-9.56438496594727,4.996099729809164,-31.376990877162722,33.130498512590925,-33.444676969127755,user,bench,heavy
1789123074386,3.0128033679686483,-9.320627062988281,4.388870918273925,-28.43649710927656,35.48866571976743,-35.36384401268545,user,bench,heavy
1789123074403,1.7989432723999021,-9.074472620281577,3.303249810735881,-14.961952848641472,33.04608761973332,-40.88182406954452,user,bench,heavy
1789123074420,1.948880078301951,-8.998604601609706,3.2164591237723825,-5.836671987776811,27.405411752171435,-35.93136443082181,user,bench,heavy
1789123074436,1.6451155234739183,-9.202564162665604,3.2683848335817456,-2.3243165762065128,27.808918837768278,-32.49993544841535,user,bench,heavy
1789123074453,-0.17687208603546023,-10.168325257331132,3.730615976117551,-11.363682835379109,41.56154400517668,-29.582973389767172,user,bench,heavy
1789123074469,-1.0905591484621167,-10.571596845898032,4.14017292856425,-12.388294880698355,44.361224885586566,-28.53697089951474,user,bench,heavy
1789123074486,-1.8312653601381927,-10.77690022277832,3.629310441589355,7.308864194972877,33.08044688635307,-32.771872600030235,user,bench,heavy
1789123074503,-2.0823572592470794,-10.596587494769691,2.758420172229409,43.14689238323917,16.35336483541062,-38.45698397078493,user,bench,heavy
1789123074519,-1.9659390573915092,-10.468046455052495,3.7243300277158617,51.67387129781234,16.862639107852402,-36.90232021756873,user,bench,heavy
1789123074536,-1.3810060296207665,-10.321404525977373,5.445313862122595,31.15078184204107,23.222568045962483,-31.151270200566724,user,bench,heavy
1789123074553,-1.9505263111390172,-10.156203442382813,7.454347161157429,6.069280483263943,21.33542775942298,-30.780571928648037,user,bench,heavy
1789123074569,-2.3053173619143665,-9.782258486065269,5.334729627117515,9.07630029366603,18.938074049430817,-32.369301250349686,user,bench,heavy
1789123074586,-1.8552074498049913,-9.530419567981362,4.408623666492105,15.679575211525323,19.102254721605,-26.08721768575753,user,bench,heavy
1789123074603,-1.3518261854309588,-9.382425639775395,5.338170999743044,6.0459126985660365,17.683301704555067,-18.943258163010857,user,bench,heavy
1789123074620,-1.9027922078005968,-9.383774131774901,5.9724859711244696,-4.963530486360001,19.627132561205677,-17.64115943737609,user,bench,heavy
1789123074636,-1.9883847710207103,-9.075070586174727,5.629516583307087,-7.386141809016047,16.409440688496424,-16.84417881407315,user,bench,heavy
1789123074653,-1.7000331816408782,-8.400803543633222,4.261080404663086,16.73530047606127,2.882862339216887,-13.706427475409727,user,bench,heavy
1789123074670,-1.8918685165956615,-8.415918110656738,3.4075480973392724,30.238855965195988,-0.7570148385916661,-10.310354967241837,user,bench,heavy
1789123074686,-1.7744028880463911,-8.646808933258056,4.410418148693442,17.574363602387947,6.919623240118074,-3.340652993572641,user,bench,heavy
1789123074703,-2.5604494032595304,-9.194033650207519,6.244526842498779,-16.93446708471155,25.415391741258613,-5.866139985177186,user,bench,heavy
1789123074719,-2.9363389908388253,-8.868872306281327,5.075559050971269,-17.349047614500275,23.338242422198526,-9.5436107376209,user,bench,heavy
1789123074736,-2.760215458148345,-8.43387403858602,3.5464103323236107,9.116814414501606,11.948537419855315,-11.932949220622053,user,bench,heavy
1789123074753,-1.8182469616763293,-7.563133991351723,2.5864859809875487,44.093300470109064,-2.659922403386732,-7.58987439912648,user,bench,heavy
1789123074770,-1.4730327175416051,-6.978947617229819,3.761290223583579,57.8418394768465,-13.439402937355371,-6.719542666779483,user,bench,heavy
1789123074786,-1.5394719597414135,-6.763319245690107,4.476258109825849,54.7257671586087,-9.3759150793451,-5.472469225758807,user,bench,heavy
1789123074803,-0.4864722882144153,-6.820333510810136,6.231957868304848,12.226269986980958,14.867662087149446,7.131247686927634,user,bench,heavy
1789123074819,-0.9472061413971706,-7.130380287712812,7.178414543041587,-13.928470095137673,19.516970147629834,10.896440693315938,user,bench,heavy
1789123074836,-0.8848072971619665,-7.230338791546225,6.223726046532392,-14.396242430635166,16.149094367903047,12.156161510245363,user,bench,heavy
1789123074853,-1.1513119425233453,-7.311741063469648,3.8594519071280953,14.846297255425647,3.464324027222889,10.66983892231701,user,bench,heavy
1789123074869,-0.34970373757369816,-7.493254983961582,3.960160937067866,33.95159653385318,-4.442947981973615,13.87337522797141,user,bench,heavy
1789123074886,-0.5268743681643158,-7.612814260321855,4.6166199357181785,40.15694633821482,-7.079447532262257,15.843243619511755,user,bench,heavy
1789123074903,-0.2831145655091852,-7.558795085364579,6.092944534412026,28.10132948142028,-2.5436230648416323,23.276338710203408,user,bench,heavy
1789123074919,-0.5696705767091363,-7.465869548907875,6.932710182189941,13.654200433921226,1.9344828889978,27.76111605131465,user,bench,heavy
1789123074936,-0.8964791763857006,-7.497440745213628,6.823474731445312,5.214685079877832,2.872502222906447,28.161389042339493,user,bench,heavy
1789123074953,-1.845031946618855,-7.5713634750366205,6.139182553973794,5.57460958215447,2.2530409908964906,27.06818823737498,user,bench,heavy
1789123074969,-2.4703674927309156,-7.5246771271854636,5.338771011462807,18.710673146298998,-6.210156549990041,20.70394261970945,user,bench,heavy
1789123074986,-2.5010432015016675,-7.49579531609416,5.053859260338545,33.954704269925536,-13.604166736929944,13.731277411157526,user,bench,heavy
1789123075003,-1.7571946001466363,-6.924329307335615,4.549131622856855,52.75424671506286,-20.63574830348875,14.447526906018206,user,bench,heavy
1789123075019,-1.372326683276519,-6.13618746381104,4.275594667705893,73.00533754751672,-23.11654472702367,20.642809011543253,user,bench,heavy
1789123075037,-1.5402199285645037,-6.003907822087407,4.695028871044516,74.50184565504485,-18.2077338743124,26.17623212611572,user,bench,heavy
1789123075053,-1.8574515754699705,-6.177038529637455,5.865494207653403,65.58941867504035,-14.060227005548157,30.149056053083243,user,bench,heavy
1789123075069,-2.143109980243072,-6.294204773381352,6.7299488910079,45.29799899063215,-2.9452930429951536,34.94080600115696,user,bench,heavy
1789123075086,-1.5631144088745117,-6.374262060436606,6.713789783367514,38.600202792396345,-5.592023576330241,45.61844756082706,user,bench,heavy
1789123075103,-1.7669208251953124,-6.618020547917485,6.187663968548178,41.95794086384754,-11.048913567479072,50.1705090954521,user,bench,heavy
1789123075120,-2.896984593310952,-7.056162958857417,6.8948530374825,44.35375607372916,-20.429913722661247,42.689338010740016,user,bench,heavy
1789123075136,-2.89982726939097,-7.0434408399283885,7.3636653119742865,32.451164482646874,-19.637398335528204,40.01754559234945,user,bench,heavy
1789123075153,-2.3234233658388255,-7.29737702255249,8.189964744457601,9.632118036433218,-6.907952154373816,38.71191395136649,user,bench,heavy
1789123075169,-2.7992710919253527,-7.385813430896401,7.243208794513344,1.1999314753692483,10.785296440046906,34.92945764185098,user,bench,heavy
1789123075186,-2.7669493695132434,-7.55894355392456,6.70316668254435,14.264003991888195,9.365404271986097,30.361860841958745,user,bench,heavy
1789123075203,-2.847154832867533,-7.106737546318769,7.273883334240317,22.746121370219075,1.3934027734687948,26.656990358772703,user,bench,heavy
1789123075219,-2.767697119140625,-6.553527325218916,8.605507785576581,11.864135064734175,-5.918626573854149,23.08738664945688,user,bench,heavy
1789123075236,-2.7995702210023996,-6.318597456359863,8.686911811065674,-3.5885818168115224,-6.815289112338368,22.837536622070523,user,bench,heavy
1789123075253,-2.645294143787026,-6.200384333911538,7.806295681983232,-16.428042708700954,-1.9684874126675318,22.9823127268127,user,bench,heavy
1789123075269,-3.3295866135194894,-7.034463168224692,6.783671713367104,-24.098271722091695,8.904422852070889,14.413220573364525,user,bench,heavy
1789123075286,-3.8025909328736365,-7.496843363842368,6.213251998791098,-20.5685904684746,10.78454597301185,1.3699870707249928,user,bench,heavy
1789123075303,-3.629759792792052,-7.354238727459311,6.0811225791931145,-9.184633924091601,3.517213170174059,-11.344715400053984,user,bench,heavy
1789123075319,-2.309207355090231,-6.410473776024579,5.768978537750244,6.041621205333153,-3.447323259491904,-14.702880358328303,user,bench,heavy
1789123075337,-1.530194428308308,-6.0326394110530615,6.130801679119467,2.8300406443837702,-1.3344359360950764,-8.29718403013726,user,bench,heavy
1789123075353,-1.2071265495300292,-5.576093912938237,6.405535735100507,-2.0969154596312816,2.614676028673394,-3.8232461992388274,user,bench,heavy
1789123075369,-1.3904327602662145,-5.7971092382133005,5.993134499138593,-3.66423384583223,6.008547294937836,0.8163971435659916,user,bench,heavy
1789123075386,-1.5315408744812011,-5.954677050450444,6.179283678215742,-5.698078058007145,5.028017290521853,4.165975700279959,user,bench,heavy
1789123075403,-2.085050955310464,-6.733392893981933,6.45431993201375,-12.970355917804024,8.579622597601041,4.613050428158197,user,bench,heavy
1789123075419,-2.644097335217893,-7.133675237604975,6.5686436458081,-15.652087115210607,11.882019061302207,0.1855963301103598,user,bench,heavy
1789123075436,-3.044078503937274,-7.538594593378901,6.018426176783442,-6.973408418510987,8.330873938218348,-8.877000496326934,user,bench,heavy
1789123075453,-2.9897594692505893,-7.391499075317382,6.411822268024086,-4.312626691949302,5.655230573796362,-15.075824054936632,user,bench,heavy
1789123075469,-2.509722620911151,-7.250839727783203,6.793247935485839,-9.567046824210507,7.0623609602798245,-14.945162536114289,user,bench,heavy
1789123075486,-1.7498628690190612,-6.80492142214477,7.026235438105464,-16.107898081924116,9.898304168766956,-8.444028828424303,user,bench,heavy
1789123075503,-1.8779522194460034,-6.8201827041625975,6.673686905559897,-15.158296881617243,11.983688988418786,-5.84687074086811,user,bench,heavy
1789123075519,-2.5080764611393214,-6.944532137408852,6.505046495166421,-7.824209651813155,10.466724464326463,-9.745181572859025,user,bench,heavy
1789123075536,-3.0544029140748084,-7.315781863293052,6.682814214867353,-5.9787172975114515,6.857179516291702,-16.645886469636633,user,bench,heavy
1789123075553,-2.5549133233770727,-7.368306415778398,7.564182039099931,-13.162967252398385,7.424379769310717,-15.318403345951513,user,bench,heavy
1789123075569,-2.568530199188739,-7.329401223322749,7.585580800959468,-20.249639417255224,11.085300546508668,-15.621984763991069,user,bench,heavy
1789123075586,-3.4489978597112,-7.42457015479207,7.080853163477778,-17.528276900963288,12.68158149611141,-19.88801675919619,user,bench,heavy
1789123075603,-4.531924613598734,-7.636903576439619,6.785017282757162,-10.346056366033494,6.753601405075751,-29.06502989972135,user,bench,heavy
1789123075619,-5.5193833069399,-7.829038844189047,6.449529775127768,-6.438570028666315,9.693496677635892,-43.02021627979753,user,bench,heavy
1789123075636,-6.314108766638487,-7.95518334415853,7.2150769250065085,-12.939320391989133,10.182148047652467,-59.44222793146136,user,bench,heavy
1789123075652,-5.754014777374267,-7.743444965794682,7.404366740196942,-16.134740725362267,4.261142860419862,-64.525903579756,user,bench,heavy
1789123075669,-5.487810210938006,-7.644837292048335,7.589022465845942,-26.519778688536316,9.748416521204671,-68.33541426857393,user,bench,heavy
1789123075686,-5.254824315753579,-7.458387668719888,6.596475655585527,-30.072165198501825,28.468112347397255,-76.05056372858856,user,bench,heavy
1789123075703,-3.156006920092925,-6.911909970745444,5.054309342193603,-19.771483486672018,33.92597649427646,-70.3333060725052,user,bench,heavy
1789123075719,-2.0023013604313133,-6.858789790454506,4.8053135385811325,-5.695926121531767,20.5578175526062,-61.411357808797696,user,bench,heavy
1789123075736,-2.6955720133241265,-7.391198631066083,5.300910944145918,3.948832887507852,2.119296708880944,-61.269344515574794,user,bench,heavy
1789123075753,-3.075950655950978,-7.160157001817226,5.242253003472089,6.294657942854146,1.0515475366414253,-61.82480964982608,user,bench,heavy
1789123075770,-2.933645733166858,-6.985981169128418,4.979939453125,5.654931753020174,10.10156718337195,-68.08643338275945,user,bench,heavy
1789123075786,-0.5247795878421515,-6.649595835876465,4.8584331343501805,14.186822854267051,5.815449736251936,-57.017118040229555,user,bench,heavy
1789123075802,1.86328689402733,-7.013216382056474,4.801721651569008,22.063365415500844,-4.389248180945328,-43.12098547571731,user,bench,heavy
1789123075820,0.9497494692044333,-7.512108152991533,4.765360298377275,31.860820987398913,-16.31010241720776,-43.59499718902161,user,bench,heavy
1789123075836,-1.8995000526537187,-8.168865842327476,4.023007561603189,46.412822466961636,-10.069516520691664,-60.99027664646641,user,bench,heavy
1789123075853,-2.5942674469103104,-7.983315798187255,3.5582325798034664,52.58935228812041,3.8855917390958807,-74.26476295876454,user,bench,heavy
1789123075869,-1.705420244974084,-7.133373624309897,4.729894432720542,44.06284807169456,9.698594560077659,-67.61062874479803,user,bench,heavy
1789123075886,3.4316390026259236,-5.106083953094482,7.336881934466958,27.26764854415957,5.675618261582027,-32.244462467794776,user,bench,heavy
1789123075903,3.71430425346503,-4.482993555560708,7.025934993854165,25.30404258231448,6.964373785786352,-15.761428198538757,user,bench,heavy
1789123075919,3.062482814954873,-4.606594800788164,6.571188069593906,24.858528125774768,10.375099184158035,-7.129571729260042,user,bench,heavy
1789123075936,3.0137010474607346,-5.186887674602866,7.913285399627685,8.582026824188887,8.354097435170036,6.0692693842065415,user,bench,heavy
1789123075953,2.599653797857463,-6.010193770489097,9.100808838543296,-10.392063666509054,4.096545119819487,17.142845911004883,user,bench,heavy
1789123075970,2.2928966553510164,-6.44848231190145,8.85585149666667,-19.38550608158001,-2.8280878506113813,24.468215258107097,user,bench,heavy
1789123075986,0.5195412853298709,-6.872556450000405,7.106888352966308,-24.098517608901815,2.893072831695821,25.732146886659834,user,bench,heavy
1789123076003,-0.30675759830793975,-7.0277294760555025,6.3396957739681,-29.91247879080151,14.446642396520689,21.07275234432263,user,bench,heavy
1789123076019,-0.09995842620159964,-6.825419435772299,6.5508356019169085,-31.185352844525088,3.3499796168842937,22.323004811515123,user,bench,heavy
1789123076036,1.0968435716270002,-6.749253895458579,6.197836402994394,-22.08598870957922,-11.39030008257465,32.860299644119806,user,bench,heavy
1789123076053,-0.6872859524600208,-7.439082079747319,5.032462252044677,-5.673766426543307,-11.270922890034813,32.711152218308825,user,bench,heavy
1789123076070,-2.0094837279497644,-8.055143017035721,5.134964010620117,-0.1976833103420494,-5.52512656916502,19.459622171811112,user,bench,heavy
1789123076086,-1.0824788091906345,-8.171110406383871,6.552780306243896,-4.115972312253119,-4.374278540718776,17.89934741819174,user,bench,heavy
1789123076103,-0.20260984521368516,-7.757214547950029,8.24174227796793,-14.830236065592361,-21.894663158096115,21.842786163802575,user,bench,heavy
1789123076119,-0.8366240435502491,-7.811829350712895,8.158240987938642,-25.307256186318973,-20.815332759788603,24.23298695818644,user,bench,heavy
1789123076137,-1.0194812318773008,-8.061126767620443,7.924508219909668,-35.743424945619736,-25.171188572768564,24.727340682386334,user,bench,heavy
1789123076153,-1.2147584509142675,-8.313115323308109,7.106737546318769,-40.79506017651785,-27.180939292646258,22.092392011926105,user,bench,heavy
1789123076170,-0.887800140568707,-8.359505318561196,6.856545810919999,-41.17930954374984,-35.189148264284036,20.185469790002955,user,bench,heavy
1789123076186,-0.7956233766526914,-8.502706167271732,6.223576993450522,-41.78228888896232,-43.085810001491744,18.533484378850527,user,bench,heavy
1789123076203,-0.39713865703614426,-8.174403018188476,5.672013370513915,-44.91282754786221,-43.508178654481576,16.87795751461345,user,bench,heavy
1789123076219,0.054916543922107666,-8.029104904937745,5.5074114218562835,-50.107531336209995,-42.5073544504942,20.515017879719608,user,bench,heavy
1789123076236,0.0951692237302661,-7.829187897270917,5.089174903869629,-51.92372303274599,-44.27569725679967,19.982135058411675,user,bench,heavy
1789123076253,-0.047585132454941045,-7.9867586321175095,4.186861906763911,-51.17724824326071,-45.87825088138142,17.5494573175795,user,bench,heavy
1789123076269,0.22086474695638753,-7.952192345649004,3.9025498750984666,-55.41337937782681,-39.900056093341476,18.695105437633245,user,bench,heavy
1789123076286,1.2440865901341196,-7.886200993347168,3.832820505312085,-61.64081118377511,-31.418678936761893,22.874797011540238,user,bench,heavy
1789123076303,0.9090481871122493,-8.321945110973715,2.5767595367431637,-49.8833816031231,-24.215313843709033,18.562104579020172,user,bench,heavy
1789123076319,1.1335046749502886,-8.490287999725341,1.9180553895145653,-29.099734090894184,-21.477796222482727,13.450689824958818,user,bench,heavy
1789123076336,2.6396071385260202,-8.652344940075277,2.662652105823159,-12.087131349624983,-22.064634123139175,12.722188678274428,user,bench,heavy
1789123076353,3.9246947608838787,-8.83699657407105,3.871573137554526,-7.917607366071202,-13.982280886739971,16.02825978374906,user,bench,heavy
1789123076369,3.771166752956295,-9.042599226158856,4.20735992039144,-10.896443254636877,-5.072154826712121,11.512898563081793,user,bench,heavy
1789123076386,2.943970115904929,-9.337387643653154,4.387375126758218,-15.399020068725173,3.3201918812533986,2.2807149964226783,user,bench,heavy
1789123076403,2.949506497181486,-9.335890098571777,4.661361579242349,-20.793749362011365,14.54515250737249,-2.6463021524080803,user,bench,heavy
1789123076419,2.7820620368406175,-9.130139562445878,4.3766023883312934,-16.478577570822587,21.422072124139177,-2.724277086076827,user,bench,heavy
1789123076436,2.0552721040478907,-8.802430872124432,4.000561336517333,-6.955186327579039,17.1676463278812,-2.753650101159055,user,bench,heavy
1789123076453,0.6483794996290467,-8.65773247833252,4.247912003271281,3.2816740966461695,8.872484033738264,-7.753342170306042,user,bench,heavy
1789123076470,0.3492539297132753,-8.712052097541093,4.846163435363769,-3.1195426946664035,6.388157256176097,-7.7838807998588155,user,bench,heavy
1789123076486,-0.591817069929745,-9.018955900242924,5.74264202722758,-14.344594247678822,7.306814284448227,-7.332694724987052,user,bench,heavy
1789123076503,-1.3552679599152877,-9.248802182227372,5.389349106055498,-18.68513506899232,10.313674439178465,-8.486090840880534,user,bench,heavy
1789123076520,-1.7989436559923924,-9.618257425910233,4.344728701947629,-11.910631577509037,6.249772074062938,-11.459922762105528,user,bench,heavy
1789123076536,-2.1263508608829227,-9.776421450474858,4.395154820849001,-6.609896359372799,0.3514106714762173,-16.767479204788494,user,bench,heavy
1789123076553,-1.9373582659402395,-9.683797527313232,4.607043129077553,-8.281376411076911,-1.3364989733895376,-20.354371830440908,user,bench,heavy
1789123076569,-0.744746623340412,-9.526678627887367,5.605873841913044,-22.785295920203684,0.10769651518227022,-19.272872847071916,user,bench,heavy
1789123076586,-0.17358003192410396,-9.239524650794268,5.376031067059934,-31.064991250971122,3.345600825296081,-17.497957691237602,user,bench,heavy
1789123076603,0.03681054913080297,-9.090183984154462,4.987570386394858,-33.03066163749285,5.1644793474968305,-17.304385007517563,user,bench,heavy
1789123076619,0.09427147117294371,-8.972720803290605,4.182072334399819,-30.33671891562393,12.181932667757467,-18.793371369222218,user,bench,heavy
1789123076636,0.36646223587933924,-9.137022892218827,4.142269024060666,-24.51079124229837,8.48784107685535,-19.298269197953317,user,bench,heavy
1789123076653,0.28805194884613156,-9.208397691124677,4.036323847033083,-18.239229584122622,10.018006649066013,-16.591813569524934,user,bench,heavy
1789123076669,-0.25513238840503616,-9.552863454979658,3.8151600531980394,-14.463384897723683,19.711065340821378,-17.036563044877607,user,bench,heavy
1789123076686,-0.3265096349962987,-9.617061494123934,4.104111727362871,-13.166995356461399,21.02304222754328,-17.971542517718774,user,bench,heavy
1789123076703,0.049829029791057106,-9.52473450808227,4.294301414002478,-12.210757773602213,17.253129560438495,-15.378338255918374,user,bench,heavy
1789123076720,0.3706521253172308,-9.230694278606771,4.2583863432735205,-8.638785696191693,11.960988854712248,-11.050854194977001,user,bench,heavy
1789123076736,-0.18330646646451204,-9.0161122012496,4.239981502532959,-7.709506869986546,12.957537360279204,-12.52614005098026,user,bench,heavy
1789123076753,-0.8288428881547413,-9.115175217548012,4.576217490442097,-11.888294297602156,13.589220575478663,-18.34590347857988,user,bench,heavy
1789123076770,-0.4638770283129997,-8.992321575817465,4.763263910619914,-21.50000287502173,13.984817448242985,-17.87315364272474,user,bench,heavy
1789123076786,0.9495998681332916,-8.95745542961955,5.177610435430705,-36.96033242928423,14.385930552535738,-10.993881025788987,user,bench,heavy
1789123076803,1.058984883416444,-8.912566486579179,4.538509106555581,-49.640599113980414,10.328907468574885,-1.9552607513398021,user,bench,heavy
1789123076819,0.6742666406827047,-8.989628683471679,3.881899301257729,-49.49365100908217,12.65495058853753,-1.7974419734906644,user,bench,heavy
1789123076836,-0.49260728383809327,-9.332747708892821,2.651579215405881,-45.46383598368006,15.954404948253712,-8.810732293452178,user,bench,heavy
1789123076853,-0.3097501685762778,-9.144203743633627,2.8106436959415673,-42.780124885187824,15.925786455631359,-15.450538478087287,user,bench,heavy
1789123076869,0.41853593932464717,-8.93860050702393,2.8426649741023775,-38.49959410592206,12.573154804358396,-12.913458734470526,user,bench,heavy
1789123076886,0.6181524296749383,-8.744073375701904,2.61746096496582,-33.9292242492268,15.61438617853943,-11.67884569293007,user,bench,heavy
1789123076903,0.16549893402997404,-8.33825619430542,2.765152987615764,-27.065114652248475,20.79607162632917,-12.499548416994108,user,bench,heavy
1789123076919,0.6060319299008697,-8.31835614657104,2.580800921088457,-20.53976877772444,15.263505700497534,-8.286882397321587,user,bench,heavy
1789123076937,0.9256577784664929,-8.222735964202881,3.5562878754764795,-20.598896017821946,11.389360931563772,-3.6416037215646853,user,bench,heavy
1789123076953,0.28191669749412684,-8.422050914323329,4.16561073668152,-30.36502321954446,13.814468261474635,-2.6017114758550637,user,bench,heavy
1789123076969,0.20874398232083766,-8.435071723937988,3.7160999595090747,-29.279911066104535,18.044661400331055,-1.370818966421559,user,bench,heavy
1789123076986,0.6141122874386609,-8.247874497112631,2.57586200338155,-18.20786194035934,15.650900369842319,1.1445645745749498,user,bench,heavy
1789123077003,0.6132146810118109,-8.443750704956054,2.450914019720256,5.3288367508157855,-4.582134003766958,1.7440729030285946,user,bench,heavy
1789123077019,0.49096053954437374,-8.520214935955405,2.7858032691955565,14.176738933731173,-15.005857304626314,0.7147970124449942,user,bench,heavy
1789123077036,-0.02873085831329226,-8.915856760296226,3.5721491692140694,11.496594047759325,-14.002698883490078,-2.685975092758688,user,bench,heavy
1789123077052,0.7345704854000359,-9.127744191741943,4.212298253576457,-5.392172668102491,-9.098825403775084,1.5859908427312939,user,bench,heavy
1789123077069,0.7885897699551656,-9.240271085247397,4.2034699272155756,-19.854082671852275,-3.185058296071989,4.63264837532108,user,bench,heavy
1789123077088,0.2732377895412966,-9.35205095977783,3.310582930102944,-27.50899157093468,3.2352480201971234,3.0963149288464824,user,bench,heavy
1789123077104,-0.033070348822325464,-9.399486664691567,2.4688711166933177,-22.290807299767685,2.9187833712790416,-0.593956078349512,user,bench,heavy
1789123077120,0.09681512777376919,-9.065646339747309,1.1971017068609595,-5.288916429551176,-3.4916932355573644,-3.177650529030287,user,bench,heavy
1789123077136,0.7977177368497476,-8.774150534057616,1.0573398926883935,16.554700029122376,-7.177307067595615,0.44584668120981186,user,bench,heavy
1789123077153,0.8904930146481841,-8.651747558704018,1.5312421837955712,22.316020943088787,-6.697689476530027,4.146256944146132,user,bench,heavy
1789123077170,0.7609067401943728,-8.743473071721196,2.6496324652522802,15.777047133623283,0.5578807800616501,6.9924706227108455,user,bench,heavy
1789123077186,0.2056018483702093,-9.126546506389975,3.719093003845215,-3.859364239569855,6.771426491262193,5.19232304053521,user,bench,heavy
1789123077203,0.16579813617225736,-9.240870220184325,3.7217867729738354,-8.238176318350227,3.0566398540617596,4.584801192637848,user,bench,heavy
1789123077219,0.6929714872831478,-9.087640729412437,2.607136554828286,-0.025101909030202197,-2.76046833749802,7.964516251517203,user,bench,heavy
1789123077236,0.6157584837431088,-9.213935451507568,1.8912702584415673,13.789701141770523,-5.116194605819894,12.038566143305253,user,bench,heavy
1789123077253,0.5422864202970639,-9.3975407913208,2.1498437454774972,12.005989556058877,-0.1357058803286628,14.055992288262749,user,bench,heavy
1789123077269,0.14829049999974667,-9.514107900127767,3.217208773095906,1.6048221011598423,4.0551042276909035,13.430813120700435,user,bench,heavy
1789123077286,-0.40821171185020355,-9.580848024970292,3.3604113753721117,-6.288272142867007,1.936204736998878,8.273745382226714,user,bench,heavy
1789123077303,-0.33384189584683627,-9.593568390333651,2.7958298654302953,0.049111074504588306,-0.8355650556154275,6.298030775643663,user,bench,heavy
1789123077319,-0.3525465780504979,-9.639653265160321,2.3642744316652418,5.217262622515865,-1.3768706207478962,4.877529013199431,user,bench,heavy
1789123077336,-0.3473091249215882,-9.84421020758748,3.3034000328615307,2.127775321518457,-0.9347076526565427,3.122863874150322,user,bench,heavy
1789123077353,-0.2877533951578196,-9.878627440974116,3.5688574341923,-0.814350381331662,-0.8147556570093671,2.424341494950176,user,bench,heavy
1789123077369,-0.02499000041768886,-9.720307349064946,3.425504609790444,-0.8830317754175484,-2.783137521909881,2.8575560614551665,user,bench,heavy
1789123077386,0.08559226182601413,-9.61990343955159,3.162441702380776,-2.8374409409060672,-0.15818004416342119,2.6876472084448717,user,bench,heavy
1789123077403,0.11791409383597783,-9.559748538318276,3.0283658248901366,-4.158575617201073,0.760991716235906,2.2292977592376455,user,bench,heavy
1789123077419,0.25812450115941465,-9.421035648676753,2.8375793414011596,-0.839880561232112,-3.2676032666257084,1.3470041244981346,user,bench,heavy
1789123077436,0.031124329321086403,-9.567828384399414,2.8335373725339768,2.301552622919918,-6.278207432238171,-0.2769664920411178,user,bench,heavy
1789123077453,-0.1218052469224669,-9.643993924713135,2.945616814532876,1.253686238076012,-4.293467157553771,-1.9241445439153395,user,bench,heavy
1789123077472,-0.04982972391080111,-9.560943885582684,3.2251395660951734,-0.9933526173656241,-2.8223835754373625,-2.3133152758877378,user,bench,heavy
1789123077487,0.14814080759705975,-9.383025359234214,3.7430347281858323,-5.266361010477679,-2.5599190424276363,-0.7630859162684553,user,bench,heavy
1789123077503,0.2421132410245016,-9.339479647496342,4.078971148626506,-14.778907193979714,-1.1114580073376632,1.7547671649998362,user,bench,heavy
1789123077519,-0.04803393566836603,-9.496602054053545,3.484013205121457,-21.706137984172713,2.282462884519967,1.5797489036035486,user,bench,heavy
1789123077536,-0.37813454436133614,-9.513660156360269,1.9864388976499436,-16.037069020231083,3.157063698541634,-2.7563776945154173,user,bench,heavy
1789123077553,-0.18076273679845034,-9.45634661603272,1.5931912749692796,-3.9144497152260076,-0.27179980077954696,-3.5428462297988825,user,bench,heavy
1789123077570,0.4837780898275319,-9.233387755474448,1.657835596576333,3.031004873446232,-0.44299433017939105,-0.9270887900808049,user,bench,heavy
