epoch_ms,acc_x,acc_y,acc_z,gyro_x,gyro_y,gyro_z,participant,label,category
1788983165273,1.7091598333612084,-7.183651859173178,-5.0535608619138594,149.62687776996165,38.69292261037927,-33.48269721714263,user,bench,heavy
1788983165291,2.731784094238281,-7.478439107623696,-4.543745838165283,146.01973192587286,38.47173717939216,-20.26380010695195,user,bench,heavy
1788983165307,3.771166889953613,-6.95246293040812,-5.06298832321167,155.10499001263537,42.059980474952944,-4.712847602781723,user,bench,heavy
1788983165324,3.970185487475991,-7.46901310763061,-4.155136835070699,188.11955630934904,1.860000102985634,23.734128724228928,user,bench,heavy
1788983165341,4.567238941955567,-6.847716607776284,-3.414131128991395,247.646895228058,-32.460313521040106,60.75979191292433,user,bench,heavy
1788983165357,2.2390274650573727,-8.593388893237709,-2.743006183867901,287.61866489259,-64.9779118386491,16.11042525191702,user,bench,heavy
1788983165374,1.7139488212034106,-8.898798657989502,0.6742674991992302,238.5464877817164,-39.88088375234125,-12.553973925621708,user,bench,heavy
1788983165391,3.2260368071958423,-7.52707074432373,2.0852002641206604,201.6272799214248,-27.21493826678729,8.36209387914083,user,bench,heavy
1788983165407,3.983651995031536,-8.115445802307129,1.7419320760197936,190.99558504430132,-32.39337083698481,5.9559300788929965,user,bench,heavy
1788983165424,2.649034207098186,-8.643367268371582,0.9400234268188477,202.8202134411025,-42.513255733937086,-6.183472281563271,user,bench,heavy
1788983165441,3.0464713904231786,-8.294711067089438,1.090858423669636,220.15112178071456,-45.0752972576493,-7.02229378994806,user,bench,heavy
1788983165457,3.653851008605957,-7.890092155566811,2.163461498071998,222.83080989778568,-38.37090992686444,-1.2371393577597158,user,bench,heavy
1788983165474,3.047968935504556,-7.894283177515864,4.356250797437131,217.89565671299292,-40.262240534459735,-1.4291940319367191,user,bench,heavy
1788983165491,2.934841738018393,-8.059780613708496,4.951358963067829,214.44109729496225,-55.53798593394993,-14.891789730392516,user,bench,heavy
1788983165507,3.3910873764038083,-7.590966585651039,6.457012532098591,196.9107064504508,-55.75865910074929,-22.0277750072832,user,bench,heavy
1788983165524,5.322309998266398,-6.659172642517089,6.533925968170165,188.48402886383928,-66.71667309565925,-15.452872695236138,user,bench,heavy
1788983165541,5.945402733887732,-6.306329510939121,6.013938217714428,200.66247472002547,-83.23658526379145,-4.232397155524217,user,bench,heavy
1788983165557,5.788580187059939,-5.5524523405879735,6.455366226196289,224.863255628728,-124.15352333585902,1.2504745550622252,user,bench,heavy
1788983165574,6.079774963976442,-4.723908928570151,4.996548642620444,286.6917535807059,-196.30884384116763,-1.7420090119604872,user,bench,heavy
1788983165590,6.118831839862466,-4.048744644927979,4.681713462397456,338.94912110912327,-231.28665239215317,-0.8163840167961804,user,bench,heavy
1788983165607,6.081721714130044,-3.366248118701577,5.689969882965087,374.4523078110661,-257.2094332736426,3.030589512567331,user,bench,heavy
1788983165624,6.384588224139809,-2.4043776017338034,5.6135068210095165,408.6106029446768,-304.81751835478894,0.4611829104957234,user,bench,heavy
1788983165641,6.9711676308780905,-1.79699827581197,5.353586303278804,450.3495064720312,-352.4671856276024,4.751954277761454,user,bench,heavy
1788983165657,9.153630912670492,0.248249076898396,5.506214905548095,496.36662192942816,-395.95019161989785,20.95304474138169,user,bench,heavy
1788983165674,9.912593423461914,1.1656766410276294,5.135264454871416,546.6662659964231,-420.6289764874746,39.621476582758746,user,bench,heavy
1788983165691,10.013448583874103,1.4841057540893554,5.625626297870278,554.3342734907862,-416.3577313503855,37.00603322502079,user,bench,heavy
1788983165707,9.693225280871989,1.2678792705260216,6.427984298273921,512.3263697931601,-371.3965084971591,32.14249115858107,user,bench,heavy
1788983165724,9.980529480090738,1.111508120727539,6.972514661572873,415.1886215305327,-313.95983584187775,38.76849523845088,user,bench,heavy
1788983165741,10.925340141186116,0.3030165129397064,8.671649652265012,266.45737280605647,-257.5718431110035,56.97955541488907,user,bench,heavy
1788983165757,10.53987484294474,-0.4367920923095196,6.5765737081550055,184.71588180063492,-233.68251882845357,64.70208830939647,user,bench,heavy
1788983165774,9.111135586768388,-0.8758288948059082,2.426374914008379,124.70002043173008,-197.15222193950248,59.590183489262174,user,bench,heavy
1788983165791,9.369409506335854,-0.9424174823485314,0.7023991312440484,96.91231786907116,-176.51785162667878,54.57819750649599,user,bench,heavy
1788983165807,9.706243752399086,-0.9222164058409632,-1.4112310720145702,80.26705123910169,-162.82407366161192,60.56408650263595,user,bench,heavy
1788983165824,9.897181334796548,-0.8681970847532152,-2.532016468446888,71.89560939230806,-148.82475401421368,69.90175423017628,user,bench,heavy
1788983165841,9.047986764416098,-2.113481661633402,-3.6719558526197913,68.34499702397946,-126.4667581435806,72.0852632549918,user,bench,heavy
1788983165857,8.077589242121578,-2.844760777337849,-4.418049520354717,73.94793097373515,-114.45600709189657,62.39832014386454,user,bench,heavy
1788983165874,7.497593889948725,-3.220351016644388,-4.660911168593727,86.30985620159538,-102.64268265817176,46.17495771402136,user,bench,heavy
1788983165891,7.9098443192631,-3.1793500209532675,-4.544792570739239,94.63878012080568,-88.96007888258704,32.13096521435667,user,bench,heavy
1788983165907,9.181316207453609,-2.681655643109232,-4.258386124077812,99.81173317174157,-87.5945396523939,29.17560724728927,user,bench,heavy
1788983165924,9.382577615466714,-2.234538044683635,-4.14226741662547,120.55010677505705,-95.24202925849038,34.045648238724254,user,bench,heavy
1788983165941,8.102726021465658,-2.8287489692136645,-5.167434493853151,167.21068069378256,-84.44843157728097,21.9174657446402,user,bench,heavy
1788983165957,6.33356121673584,-4.1750381979793305,-4.472667391857504,176.88008387912123,-62.000809964358965,2.050298991659121,user,bench,heavy
1788983165974,6.559514582934975,-3.799447812542319,-2.671180280193686,156.93460644598505,-41.84243553479345,-2.686654696581104,user,bench,heavy
1788983165991,7.796119740405678,-3.740041976110637,-0.4857230772823095,114.62797759481916,-33.25120844579256,2.4591361861295136,user,bench,heavy
1788983166007,7.429209505030513,-3.775207397516072,0.4572932477422058,79.72929678536825,-31.289304908598098,6.249246149496847,user,bench,heavy
1788983166024,7.081601351496577,-3.344250806427002,0.6513732198186218,45.46789994623622,-17.827176224326802,11.157861061156298,user,bench,heavy
1788983166041,6.979846611896157,-2.761113064575196,-0.05282163573578,-1.2327246009566546,-0.8459465162670237,25.481209151648148,user,bench,heavy
1788983166057,7.638252068439126,-2.512864279937744,-2.0733780531734225,-34.8837158649794,27.144546337201135,43.03029763901247,user,bench,heavy
1788983166074,7.45030723811686,-2.452410688018799,-3.016394085936993,-70.53799318155214,81.59709397617829,55.40054203728177,user,bench,heavy
1788983166091,7.238121115985512,-3.3273414649412034,-4.063707820782065,-89.76372577051991,110.58522277603446,39.15374181330169,user,bench,heavy
1788983166107,8.951621316638589,-2.55087193903178,-4.929809906017407,-65.39659560458172,87.49142428649422,32.52977995999372,user,bench,heavy
1788983166124,9.413552014923097,-2.851194902038574,-4.979489736596122,-28.08021907424306,57.19709352485939,16.346949580232685,user,bench,heavy
1788983166141,9.060856182861327,-2.0011036750793454,-4.636520275713503,-1.4604194156661965,56.983452037810565,-2.8889243455486846,user,bench,heavy
1788983166157,11.50428919917643,-1.3931260910034178,-1.8875278935754671,-0.639800094615226,40.49124311695193,3.55905811068073,user,bench,heavy
1788983166174,11.477204792895911,-1.6639698615476488,-0.9002192031642422,-2.4923797840370234,18.66338262403312,2.181838403233224,user,bench,heavy
1788983166191,9.832986802783608,-1.3602058181762695,-0.5487200335411354,-16.037975727843403,26.822238248004695,-5.952618290919187,user,bench,heavy
1788983166207,9.5890769241333,-1.2829928146362304,-0.4339484298488125,-22.935932327253727,37.22410408974637,-6.269459667458677,user,bench,heavy
1788983166224,9.546581598231196,-1.8830396057128904,0.1530800906301476,-11.74272589091626,26.38081336723053,-10.369892018689546,user,bench,heavy
1788983166241,8.230517119598389,-2.638110369762778,0.5919668901965953,5.825506762917956,13.626810521575829,-16.173059794153332,user,bench,heavy
1788983166257,8.307581070056557,-3.4524385016843677,1.1330569585822523,-1.741388425241368,21.493217082081323,-14.532446647968976,user,bench,heavy
1788983166274,8.763825539398193,-2.8636148231506344,1.578228665370773,-1.910585337752395,1.6509467955117614,-9.78213801891067,user,bench,heavy
1788983166291,9.05247823061645,-2.4627359749391675,1.8538611862951888,3.2805494633106447,-10.449327118736797,6.2589390417027415,user,bench,heavy
1788983166307,9.02075447409749,-2.9560905700132247,2.00858631331916,-2.7235878773008904,-13.777349598430202,10.627326117375558,user,bench,heavy
1788983166324,9.273791077533364,-3.262997879846394,2.5421939626607117,-24.5788882283234,-10.087683116336606,11.414801678674776,user,bench,heavy
1788983166341,10.185831687927246,-3.121141431482136,1.4832084399234502,-33.72419221562677,1.072870533456559,22.147084751704984,user,bench,heavy
1788983166357,9.481638293677568,-3.0698154411315914,-1.7865225293039344,-20.01708513639463,33.622852698911295,32.0164366023539,user,bench,heavy
1788983166374,8.441806000629066,-2.8797753920957443,-1.8695711619285864,0.964278423059584,54.50322935016593,28.09400068844085,user,bench,heavy
1788983166391,8.520216689521074,-3.6360444260194895,-0.4991902789575979,11.87655661751349,48.23092320137065,15.66139324795475,user,bench,heavy
1788983166408,9.446922954127192,-3.6399350037172433,0.4999403666725382,13.348385544023074,29.948948585874795,12.128266163901383,user,bench,heavy
1788983166424,9.680807113325596,-3.262399329431355,0.5120604463214986,9.844143329969691,15.451984770644035,14.123063038364982,user,bench,heavy
1788983166441,10.221894350433349,-2.905812335149944,-0.951245205921214,6.14822509035142,17.281172609623273,21.359251459247982,user,bench,heavy
1788983166457,10.267084906768796,-2.0569179167598484,-2.45914375913348,0.0011167901239133,31.143951652871056,31.67782314406135,user,bench,heavy
1788983166474,10.27726201739013,-2.155081353870034,-2.942173615276441,5.057250073282685,33.4578319134692,40.85883365279826,user,bench,heavy
1788983166491,9.004592443847656,-2.8190225249692795,-3.566312572015077,20.10287401991728,40.25092291100503,42.768930205138176,user,bench,heavy
1788983166507,8.234407697296142,-3.418171490423381,-2.658610721477866,28.47905089535303,51.0299517987148,43.3967714389295,user,bench,heavy
1788983166524,7.923013597437738,-3.820847158923745,-2.1818645852468905,25.27031169309837,58.36576962769984,41.731489357010354,user,bench,heavy
1788983166541,7.666383353424072,-5.401019085583091,-1.261594271972403,30.768393701357905,53.48425733355382,34.4875102516053,user,bench,heavy
1788983166557,7.484875278151035,-6.469283107867836,0.4400847771793603,45.511244326709125,45.01019872466991,26.94491186059271,user,bench,heavy
1788983166574,7.459585938593745,-7.253234513965249,1.3690357519723475,50.99526126792031,50.53201734784253,22.259354278639776,user,bench,heavy
1788983166591,7.157616085162759,-7.442675135803222,4.3981493264898655,45.65828463916116,53.15939987624967,16.925779084087292,user,bench,heavy
1788983166607,7.19472562637329,-7.989450647680461,7.011271093207597,20.67758491970237,45.51805402531163,8.458300508695045,user,bench,heavy
1788983166624,7.322517309027909,-8.103475670789182,7.754520924951881,-3.654094856896169,38.60687588721545,1.330828955883075,user,bench,heavy
1788983166641,7.518991482764482,-7.7922282859250895,6.893805135864764,-16.0424409640133,35.058025707692714,-5.08228527791172,user,bench,heavy
1788983166657,7.549217694202065,-6.400000312805175,5.579687699646502,-15.848241610436911,29.881196524402853,-15.43756624130614,user,bench,heavy
1788983166674,8.066065977588295,-5.595249572046101,5.007174081531167,-9.602842991876898,26.52110033014071,-16.12449885670183,user,bench,heavy
1788983166691,8.609996913689374,-3.9721296072810888,5.022436532592773,-4.711060227653295,19.920922903070014,-13.977181296750912,user,bench,heavy
1788983166707,8.907777498736976,-3.4492961120054124,4.840628305329382,-2.4048989345909115,15.189524506502542,-1.355188932279631,user,bench,heavy
1788983166724,8.397512100872397,-3.853766262707114,4.395455703491717,-4.466422488377303,20.696513081439768,2.456410940650678,user,bench,heavy
1788983166741,7.470358092498778,-4.5072342628479,4.144813009455055,-7.7641398456101856,20.33554441399377,1.415174748500151,user,bench,heavy
1788983166757,6.9810431282043455,-4.7104421287536615,4.014777639526874,-4.802056703531259,8.278301118403114,-6.556444152701926,user,bench,heavy
1788983166774,6.931664472529292,-4.463690304675698,4.168456189240515,-7.171343458676548,0.3483475450768781,-13.560865898913,user,bench,heavy
1788983166791,7.410654442164302,-3.8685815545231104,4.797532237055153,-22.962390772551064,-1.4676969822268449,-14.119724783408138,user,bench,heavy
1788983166807,8.247127478137612,-3.8560114112854,3.4880538588143883,-42.29609328437112,7.664810965831629,-4.916709539599563,user,bench,heavy
1788983166824,8.287680437800288,-3.891027195087075,2.340633151575923,-36.99201767684392,14.581620594898482,-1.5202709759808428,user,bench,heavy
1788983166841,8.147619056159257,-4.316894938604533,1.127220653644204,-19.034692197882524,14.689841527202748,-3.3611514584889077,user,bench,heavy
1788983166857,8.232912490302324,-4.340687609863281,1.413328482685238,5.615244085074169,7.413513792114873,-9.746928393739257,user,bench,heavy
1788983166874,8.524105513653158,-4.591928854314983,1.926135966248065,13.021354379015571,-5.109366551083998,-13.38255868798794,user,bench,heavy
1788983166891,8.614038298034668,-4.575618647766113,2.8224652127690613,5.003473005739412,-10.63920808521044,-13.773467489660696,user,bench,heavy
1788983166907,8.846874409484863,-4.438999223272502,2.741361485400796,-12.261267022514458,-2.541353521046484,-8.777221677836803,user,bench,heavy
1788983166924,8.940998215815425,-4.34757152415812,1.844135436170548,-21.48916336480892,6.9019770195105234,-2.330949116777418,user,bench,heavy
1788983166941,9.116972622358798,-4.50379347474426,0.7363684016674756,-8.15551566146744,1.7476966385484036,0.4702685028348685,user,bench,heavy
1788983166957,8.976163637220859,-4.460847190204262,0.5565035635568201,10.831604268845949,-6.325164982782008,-1.416710900733169,user,bench,heavy
1788983166974,8.825027903857826,-4.323628923034668,1.63075206707865,15.014587993932883,-10.688858437834558,-4.825509011820145,user,bench,heavy
1788983166991,9.164854901996254,-4.281281773431599,2.8675061315007504,1.294405478030101,-9.354308629679412,-3.4275891354324446,user,bench,heavy
1788983167007,9.019704672783613,-4.207509265734255,3.084929862024635,-18.52732696331376,-5.425780613913538,-5.192802007550758,user,bench,heavy
1788983167024,9.203310012596845,-4.354004479815066,2.1797715584903954,-30.963685885201496,4.616967968534023,-4.643486604873421,user,bench,heavy
1788983167041,9.328110696741938,-4.546439607293904,1.0206788258977233,-21.689185454652744,1.6773964896292242,-3.966292558573697,user,bench,heavy
1788983167057,9.28980113209188,-4.662408165685832,0.9880578282780944,-9.029457148790788,-7.639243006447333,-5.003697975095199,user,bench,heavy
1788983167074,8.670152983966469,-4.603152259118855,1.7205337525516748,-8.776411446646511,-12.992356810894282,-9.60786659601144,user,bench,heavy
1788983167091,8.452129826244711,-4.464287686046958,1.9846447077095508,-16.840540030792827,-7.696938468140076,-10.937591729291618,user,bench,heavy
1788983167107,8.40843506142497,-4.375402657152712,1.7667714798524974,-17.963967837929232,-0.1135190780269341,-9.630493305184402,user,bench,heavy
1788983167124,8.320600710627437,-4.236390784564614,1.361104812842607,-5.352483719496016,4.661969950541121,-7.189041332589698,user,bench,heavy
1788983167141,8.266130869293212,-4.141819526727497,1.4562735981814563,13.824834781087423,0.4248579901380387,-6.089758671056111,user,bench,heavy
1788983167157,8.274810434833169,-4.173542114202678,1.845332098609209,32.0364114905816,-5.547719981165776,-4.73063256160679,user,bench,heavy
1788983167174,7.85268275462687,-4.37660034250468,3.2938235184818505,42.731927655309626,-17.204881104141524,-8.681599883230271,user,bench,heavy
1788983167191,6.906823461261391,-4.1603740050718185,4.903475222125649,30.36635169133803,-25.23596096421509,-19.226874938106462,user,bench,heavy
1788983167207,6.975954865154623,-3.7080189443841576,5.658097365625203,-2.433865980304347,-21.81596230338464,-24.8102796694778,user,bench,heavy
1788983167224,8.642768133434652,-3.1507685079827903,5.367800998853147,-38.90258892733115,-10.507107104020518,-13.2060239111525,user,bench,heavy
1788983167241,9.401879697307944,-2.992153524780273,3.0855279740482566,-44.88335869668819,-4.618926098391701,-0.5698163221928358,user,bench,heavy
1788983167257,9.160814102172852,-3.1485245284482835,2.3576909616217017,-38.03476899705142,-5.412801546943221,4.3101844724342,user,bench,heavy
1788983167274,8.314763675037026,-3.5351886810854074,1.8161520352236928,-24.83618999209424,-11.2153046596234,-4.033112299223932,user,bench,heavy
1788983167291,8.336910040393471,-3.594294950048625,2.202666550257057,-19.41797509334696,-20.10040490653232,-13.369634262530983,user,bench,heavy
1788983167307,8.710854412189125,-3.4846111710146066,2.363825664984435,-24.25758929957683,-23.206955941067125,-16.37947664860758,user,bench,heavy
1788983167324,9.62065162757039,-3.2573116509035227,1.9627970330387352,-37.246247563035546,-13.337183180010609,-10.054335571487664,user,bench,heavy
1788983167341,10.056096469989418,-3.204190009307861,0.8551796361394226,-41.03472809939901,-5.224730580599628,-4.0657115114719335,user,bench,heavy
1788983167357,10.00387411532104,-3.297115253503621,0.4302095721140503,-35.912175014348655,-3.510190455046817,-0.0224395926721918,user,bench,heavy
1788983167374,9.75008640125692,-3.647865212194621,-0.2600697169430553,-18.065554949002124,-11.75356540112907,-0.5247789619402708,user,bench,heavy
1788983167391,9.036015756115315,-4.011484297069907,-1.0483609788756818,-0.762754972258827,-14.678117507492422,-5.459780441828216,user,bench,heavy
1788983167408,8.805873121532798,-4.050838694597781,-0.9709975340142846,8.172776403273708,-11.291841198141622,-10.849596694667053,user,bench,heavy
1788983167424,8.86213686054647,-3.85316800455302,-0.1363189071770757,2.07692840512912,-3.687149984271269,-13.407689515265355,user,bench,heavy
1788983167441,9.353996248626707,-3.609707915496826,-0.1524798414483666,-3.0254634555952364,7.667514013195662,-8.27911049581976,user,bench,heavy
1788983167457,9.809342307823895,-3.531896069280803,0.2483998104806989,-7.269859545943873,10.008694539906347,1.1363669601887592,user,bench,heavy
1788983167474,9.306562297278642,-3.704128951208293,-0.5651800603568553,5.511699697917244,11.669604446983042,5.246221770823073,user,bench,heavy
1788983167491,8.767268957850337,-3.861698224750161,-0.0811027044549584,16.134479470626513,9.56090306905208,3.275251584392242,user,bench,heavy
1788983167507,8.625411924964189,-4.02570016168803,0.2801226171515882,19.97565150134204,11.956502274201195,0.5440657086090943,user,bench,heavy
1788983167524,8.556727680316566,-4.128052574920655,1.1631339708074926,18.850849118635168,14.793216440290893,-2.4539307282083174,user,bench,heavy
1788983167541,8.879197885462641,-3.907636969104409,1.7905645895026625,19.773978213266364,13.277765656873374,-3.902339789827575,user,bench,heavy
1788983167557,9.026289311870933,-3.748571319524944,1.9931740511238571,21.461962136439343,11.594284535910726,-0.9721600344749556,user,bench,heavy
1788983167574,9.275435922130942,-3.7671263823911545,2.376395223700255,19.27070938465232,11.584384176708792,1.2876313177556236,user,bench,heavy
1788983167591,8.88069367697835,-3.811419113104045,2.807351960919797,10.361134862399943,10.861747601200506,-1.5231998464743088,user,bench,heavy
1788983167607,9.034968877410888,-3.864989082989097,3.045276335419714,2.950887608255629,7.762687576637912,-2.9487367389973094,user,bench,heavy
1788983167624,9.073277857539058,-3.720140759332478,2.785804730500281,-1.256306149231241,7.137286854814395,-3.963165185707477,user,bench,heavy
1788983167641,9.216030962482094,-3.337816681726277,2.157775122998655,-2.3470935495412126,10.024283592913257,-3.48462249566252,user,bench,heavy
1788983167657,9.27603505706787,-3.180996180725097,1.833810003119707,3.392210036192248,10.095358541416408,-1.5027195242480256,user,bench,heavy
1788983167674,9.55106955730021,-2.930203849084675,1.8064267600230872,12.38856040430234,3.5174255463685644,3.415629687639164,user,bench,heavy
1788983167691,9.191789086151122,-3.3004069885253906,2.582895263019204,14.770222608450045,-5.530402890298855,5.675027023331998,user,bench,heavy
1788983167707,8.980652180811763,-3.673454411481321,2.7431569905154407,7.695226651979342,-3.464058076732081,5.031075507722726,user,bench,heavy
1788983167724,8.434174482837319,-4.176385228674113,2.41754614925608,-1.508781317136412,5.484493773792615,1.5236655799983392,user,bench,heavy
1788983167741,8.263437392425537,-4.009688938085735,1.7667720643743872,-3.9616040605953065,15.36549750027875,-2.522050552678382,user,bench,heavy
1788983167757,8.333170269343256,-3.678242522540689,1.7247244822397827,-0.3181411935550554,14.7081652171986,-5.235048435114579,user,bench,heavy
1788983167774,8.636482769554853,-3.2637448988214133,1.972972243963927,0.8677576581644016,6.3189469493163575,-7.465612767556438,user,bench,heavy
1788983167791,8.794800523376464,-2.775926602825522,1.8212397137515248,-2.9909784708060765,0.6057922092117624,-6.522183070051495,user,bench,heavy
1788983167807,8.948328704833983,-2.793135511779785,1.39611986599192,-7.792827493897885,10.309481556801725,0.6161224968054364,user,bench,heavy
1788983167824,8.577377669635414,-2.990358165796101,0.5020348912663758,-8.755425690421646,25.5958794900762,6.641559835704509,user,bench,heavy
1788983167841,7.333141578894853,-3.5953427055358884,0.8182188557498157,-2.6632437963140623,31.221436733910267,-1.299387780864508,user,bench,heavy
1788983167857,6.688052115520835,-3.826382288958132,1.7265195489630103,-0.7403355699993478,16.621711015069373,-20.590278026636685,user,bench,heavy
1788983167874,7.111078205871582,-3.516782671301067,2.248306019403785,-1.0462427208121468,9.01326960045786,-31.326748005628108,user,bench,heavy
1788983167891,7.812430239215493,-2.601150466156006,2.311452942059934,-7.536809805691005,16.536791273118606,-29.656763338465407,user,bench,heavy
1788983167908,7.771878448596596,-2.322525540216267,2.613122935761511,-22.00978770410397,23.9954551769682,-27.895305362843303,user,bench,heavy
1788983167924,7.550864876887202,-2.2245126174926755,3.6730062293224033,-33.17304034583635,22.725801557438285,-34.438927116039004,user,bench,heavy
1788983167941,7.42397218889892,-2.693476867675781,5.159355816815793,-49.56395073111453,9.915854339839305,-37.628328345206064,user,bench,heavy
1788983167957,7.240666124293208,-2.979733895929157,5.351939266724139,-59.05910213034783,1.652401625804974,-37.8783884009094,user,bench,heavy
1788983167974,5.887493273493647,-2.9103017555236814,3.03225698710978,-44.44194747629236,1.5355368756626444,-39.97731577813807,user,bench,heavy
1788983167991,5.6039294298470015,-2.4995468254640696,2.5924726541817185,-24.146062555714277,-8.180115441536888,-41.743186055964,user,bench,heavy
1788983168007,5.8176113434940575,-2.223465154266357,3.207183638165891,-15.135472096958352,-16.216718363328052,-56.44004218744435,user,bench,heavy
1788983168024,7.488615633723139,-0.637755467224121,2.535909786091,-18.84099998585201,-7.335352522347833,-52.63389536679265,user,bench,heavy
1788983168041,8.302044478717447,-0.2225108245298266,1.72681823964864,-12.652478913831631,3.223282595988319,-42.83444879475152,user,bench,heavy
1788983168057,7.745691283416748,-0.5867287520810961,1.0905598791144788,10.351506856991165,-1.6382064649972778,-42.13875646174529,user,bench,heavy
1788983168074,8.65683406818807,-1.5807713538572192,1.9122198152288796,25.847054574161543,-13.51962350915717,-35.43574882917276,user,bench,heavy
1788983168091,9.151085904362796,-1.97282158344686,2.956241084399819,21.213251043097085,-23.383652934895355,-27.123220779065065,user,bench,heavy
1788983168107,9.45515302233398,-2.89848038482666,3.203443282593786,4.252699465945256,-18.43503232460667,-19.489393258855905,user,bench,heavy
1788983168124,8.44554810976684,-3.591452566229552,2.1986264810860154,0.05792901547574,-16.168630416476578,-23.45846058177992,user,bench,heavy
1788983168141,8.664915667834878,-3.619134938403219,1.660379143579304,5.210110133794393,-20.938455457314543,-28.51050391648094,user,bench,heavy
1788983168157,11.086201149749757,-3.076099928228557,1.8351565954230724,8.994766617996294,-29.40542945248186,-18.321729731559916,user,bench,heavy
1788983168174,11.706149742126463,-3.395875341332704,1.5897500484742224,4.91639236268998,-22.397243845151284,-6.864608627674561,user,bench,heavy
1788983168191,10.557830770874023,-4.166658638299256,1.2120656133674084,9.748896341993865,-16.869488080042633,-8.778854093048436,user,bench,heavy
1788983168207,8.302641860088706,-4.896740799304098,1.2249343011602758,9.894801135496383,-13.03761279056114,-33.736425084430266,user,bench,heavy
1788983168224,11.153687709045409,-3.10602744898051,3.8012444867007433,-13.094877096562527,-11.942351829788224,-24.934638631243512,user,bench,heavy
1788983168241,11.739518343243002,-3.061435589190572,3.775656310327351,-25.742346066637957,-17.3239193485438,-17.928126420259588,user,bench,heavy
1788983168257,9.483582413482663,-3.4672527705870566,0.7003051546394825,-4.563574672244741,-22.27108854363386,-26.090748893558427,user,bench,heavy
1788983168274,8.590095696911215,-1.9214961776182051,-0.3259095319449901,13.659867783385044,-19.502565278670275,-28.4084950412268,user,bench,heavy
1788983168291,8.700379779925942,-1.8574515754699703,0.5687731164127587,4.95243953980837,-11.228746471909984,-31.52481324627472,user,bench,heavy
1788983168307,11.268910417506095,-1.4324809269227086,2.394053191596269,-23.804155238694484,-0.5068559585887756,-17.787245230891614,user,bench,heavy
1788983168324,11.450119802093504,-1.5970822910584508,0.5166999609567224,-16.583357795332457,-2.808395561460588,-12.453575267464398,user,bench,heavy
1788983168341,10.673501223102212,-1.7577926391050218,-0.1870463471125811,10.84192553845548,-15.626485858654108,-16.48302743906685,user,bench,heavy
1788983168357,9.26391382664144,-1.848173605645448,-0.7796113310664892,31.622167347609498,-9.331733146925227,-15.53308814439606,user,bench,heavy
1788983168374,9.687239192199709,-1.85146607131958,1.4715370721563696,14.73784580423689,6.1034032545836805,-11.895976552871128,user,bench,heavy
1788983168391,10.343400669208169,-1.780088934326172,2.755128364142403,-12.196633796172272,11.255609605915645,-4.00083538652739,user,bench,heavy
1788983168407,9.76864204864502,-2.4640821288511154,2.497901761670783,-16.585181455840853,-4.587617791896832,-10.177962849238542,user,bench,heavy
1788983168424,8.395717618671059,-2.0537759654723104,0.2304425673771649,2.5723858452102024,-13.013940208671524,-19.62852762734365,user,bench,heavy
1788983168441,8.953268499323725,-1.2343608856752517,0.0161621763803064,9.55046227113207,-6.856614745024707,-17.92073274048305,user,bench,heavy
1788983168457,11.917287816509605,0.0421978042602539,2.6777654307376597,-19.72524822863291,3.705412202564591,10.48486032412014,user,bench,heavy
1788983168474,11.068543912506104,-1.1397893355771898,2.2343897953193634,-28.22415335817003,-1.1269591216590071,15.61484380121382,user,bench,heavy
1788983168491,8.799588926696776,-1.924039870751649,0.6434422806888819,-12.37944039421308,-8.915243579263482,-5.751488002882528,user,bench,heavy
1788983168507,9.15378288836181,-0.5759549907408654,-0.2503423228505999,4.056216694751969,-8.786496220956034,-11.62841499119328,user,bench,heavy
1788983168524,11.6193599319458,0.6242886674076319,0.9202720668401568,2.5777558680017134,8.953724865047334,16.075379551285685,user,bench,heavy
1788983168541,10.863989892688393,-0.2796725352965295,1.1800438237499444,-1.895143560699465,14.54677467730037,19.981609133845584,user,bench,heavy
1788983168557,9.540594340515137,-1.2478279777526855,2.388517111713812,-1.1437563710970668,-1.4291628691986311,8.982294692571852,user,bench,heavy
1788983168574,10.66227781829834,-0.8795698348999023,1.95097631992884,2.6577335412011545,-17.15168417579088,15.189456204610842,user,bench,heavy
1788983168591,10.251373542895912,-1.495328282110393,1.3058880255986005,7.726093130612276,-10.312298156060706,15.742114131113253,user,bench,heavy
1788983168607,9.516651739391683,-2.989010842840373,1.6439189341004936,5.94219712979304,-7.217688853516023,16.00890132009395,user,bench,heavy
1788983168624,9.279775997161863,-3.8702268375121056,3.035100101581216,-18.798063709182017,-15.201108507334885,5.8220750197468485,user,bench,heavy
1788983168641,9.223960586437585,-3.8973109515316784,2.234388845471293,-29.753137307654285,-13.932943015270384,-9.024562464476828,user,bench,heavy
1788983168657,10.647464280048013,-3.105129769488424,-0.7460917771719395,-16.133079281846662,-8.017794288364241,-8.745423732155809,user,bench,heavy
1788983168674,9.63441887163818,-3.0524573329649862,-1.3512266121026129,18.90406141491145,0.8592368370922521,-7.564504515228115,user,bench,heavy
1788983168691,8.83505303878784,-2.907309003448486,0.7160171760994941,10.157602055322734,-1.41664206523294,-11.056798167102205,user,bench,heavy
1788983168707,9.345615958294273,-2.362478195898235,2.861520262024179,-12.73258849505942,-3.0393080355994404,-17.582261008615777,user,bench,heavy
1788983168724,10.090811225017903,-1.5231610225401817,0.5897228923957795,-13.226100398444103,0.1774474875437114,-17.161465006682338,user,bench,heavy
1788983168741,10.338312990680336,-1.5614681029722093,0.1007069841131567,1.5056403906135585,-2.098783943256103,-15.24071848187908,user,bench,heavy
1788983168757,9.58997358071208,-1.3832497168943283,-0.0191527364984154,9.87799716259086,1.1195777148786332,-16.603908126997734,user,bench,heavy
1788983168774,10.379313694110513,-0.5600934047423303,0.8708912922732531,3.490706273222297,4.173456891855238,-12.609084160713602,user,bench,heavy
1788983168791,9.955988913074137,-0.190189394378662,1.244238063501939,-2.653763920632908,-0.6385088153361234,-10.761671669481478,user,bench,heavy
1788983168807,9.492710891833902,-0.1411082603454589,0.6362595295779406,-6.764661188889295,2.8932196807629764,-8.356284803251734,user,bench,heavy
1788983168824,9.278728533935546,-0.3612249562803655,0.0181064423158764,-15.014500909020963,16.03247401046696,-8.860320320600117,user,bench,heavy
1788983168841,9.678111882892251,0.0679353990416973,0.0357647755380719,-23.97798013797672,25.894544879460643,-4.0205012086951495,user,bench,heavy
1788983168857,10.727819673267009,0.6465845242373645,-0.1713345448482781,-24.50989990261168,25.972364639769182,8.208371080359584,user,bench,heavy
1788983168874,8.396167116004229,-1.690007242993265,-0.0805042271051555,-10.408991436593285,15.087040933101086,2.697691215062787,user,bench,heavy
1788983168891,7.635260485407709,-2.522889853259176,-0.0490798188589513,-3.2617600397907625,20.735171952142043,-6.433778650963551,user,bench,heavy
1788983168907,10.000131421661376,-3.2356134677059947,1.214310615815222,-3.5567187708900017,33.556159316760706,2.2826351333530983,user,bench,heavy
1788983168924,9.412654773822426,-4.434809954889118,3.8521222948923706,-15.4004031820321,19.611081616656147,-9.082521742226264,user,bench,heavy
1788983168941,9.11562471488118,-4.212149127429351,4.748450810761004,-26.62474332815378,8.571904483838928,-18.795835359965302,user,bench,heavy
1788983168957,9.552865208545327,-3.726125898156688,4.114586505756527,-24.53551140445194,4.708055798192136,-24.33673923922623,user,bench,heavy
1788983168974,9.08464856185913,-2.367116815484315,3.9679409234195946,-17.05238347054265,-5.0020634254494505,-30.59405312279333,user,bench,heavy
1788983168991,8.767119320246577,-1.3959692054748534,3.7569520482487975,-18.5613242299075,-2.431247669974705,-34.85751184422865,user,bench,heavy
1788983169007,9.695769704657792,0.6980593484740704,3.055600599426776,-20.063605554831582,-1.811737986310324,-31.016469587107352,user,bench,heavy
1788983169024,9.473256834301353,1.0185833149231969,0.7609080919012426,4.803550380525377,-4.573706404104809,-32.955068518853736,user,bench,heavy
1788983169041,10.295068892237545,0.816871825055033,0.3166340463384985,21.078260891888245,-8.520468036746854,-32.34728072046556,user,bench,heavy
1788983169057,13.793894174304604,1.3801076925415543,1.904139092364907,19.706171510281063,-6.503659597022421,-11.16030285378458,user,bench,heavy
1788983169074,13.047052309417724,1.0000281789917498,2.3461691583931445,10.287608729758404,-2.51681286480204,1.426687672676442,user,bench,heavy
1788983169091,11.157727339825032,-0.2970304242674261,2.304719396021217,12.181285507333609,-23.331933034952726,6.420924234945587,user,bench,heavy
1788983169107,7.914034756690263,-2.5082254411559552,-1.166573735997826,29.14585494326469,-21.036002511493376,-10.941095616335836,user,bench,heavy
1788983169124,6.963236253356933,-2.7041010644774883,-1.731306344848126,35.2327282862833,-8.399779447886376,-23.33249652555925,user,bench,heavy
1788983169141,8.79674581222534,-1.1519100910795852,-0.5612896287895739,40.96382390562511,2.3688972209191856,-15.682365343801274,user,bench,heavy
1788983169157,6.764516931042075,-1.6935982166899368,0.479888745105639,53.10316692881296,-0.2792373698575883,-18.186112910494725,user,bench,heavy
1788983169174,6.450728045001625,-1.7039232478819786,1.4836574257999655,51.01672513738707,-5.271226666487667,-26.774445706834825,user,bench,heavy
1788983169191,7.3760864021301265,-0.1165673462689854,3.034202641284838,35.014660836652304,0.2036520018823546,-26.97660223079428,user,bench,heavy
1788983169207,10.68876250512004,2.434005481952056,3.066374579962716,29.480202948420576,-0.0835710130434224,-1.4651745079889944,user,bench,heavy
1788983169224,10.274566786956786,2.459144434986915,2.7696437962289897,29.366371015713145,-4.919416855831827,7.7175494177342365,user,bench,heavy
1788983169241,9.07163125937581,0.958578690614458,2.0624553848817944,29.505092157756103,-12.145606306656754,17.55699784642319,user,bench,heavy
1788983169257,8.273313474273682,-0.6693287458891048,1.1798926517762245,29.42790418994579,-12.070995881484471,10.611819880412336,user,bench,heavy
1788983169274,9.11143310841024,-0.3426697655499912,1.013346948639676,17.38173348477337,-4.024929732598256,5.892764489448719,user,bench,heavy
1788983169291,13.597418831524251,1.6177323534425347,2.6499328364383428,-21.40546451917229,-6.102285237993914,10.754169560451864,user,bench,heavy
1788983169307,19.489250426483157,3.496881344925053,5.211878177344054,-56.49766166328258,-26.24899071624928,27.40764693157732,user,bench,heavy
1788983169324,21.06912600054443,3.90075305480957,4.957794549073278,-69.53689235490336,-47.91624272592982,30.81185761014128,user,bench,heavy
1788983169341,24.9350117401123,4.329315225042775,0.7416049140814691,-59.19942153665658,-81.77450130968019,48.15268679952274,user,bench,heavy
1788983169357,26.718693145972487,4.698321628979593,-4.264222648211568,-27.282845715062848,-77.63824120115802,64.02137799633466,user,bench,heavy
1788983169374,24.89894966212809,5.299864576898142,-4.736478487285972,-16.439951143518872,-51.22310954844277,76.11764301642725,user,bench,heavy
1788983169391,16.91817770320475,2.618209299115092,-4.398447414387297,-24.21079567357307,7.618337504945216,85.00854124016787,user,bench,heavy
1788983169408,11.527931356048583,-3.202693487139791,-1.1959030533946118,-12.050951837591423,11.72759019171551,90.91922302335682,user,bench,heavy
1788983169424,8.333915534752608,-5.446658700860292,-1.7100575311196036,36.53427547414259,-4.832740474603896,87.95679239540387,user,bench,heavy
1788983169441,1.416619194793701,-9.229946675109865,0.9826716965266504,56.60576648237095,-6.757904851139683,52.58072917429327,user,bench,heavy
1788983169457,-2.0042460647583007,-11.328314792633057,8.279299508147034,4.777985409348842,-24.79255703612891,-1.703911710874037,user,bench,heavy
1788983169474,1.2210428466796874,-9.58862786519155,9.1005103213876,-61.821715574132064,-24.717546191116533,-14.154640710445245,user,bench,heavy
1788983169491,8.56136703055501,-5.241805405835062,3.5461130875305065,-67.08174670679644,-29.197446777160387,8.827347582381881,user,bench,heavy
1788983169507,4.231751434326172,-4.34008891331777,-3.924693938899972,-12.270517659971594,-27.75305984318862,-10.507025141750477,user,bench,heavy
1788983169524,4.423736479949951,-4.2464157733641565,-3.1166509333961643,12.142596754553717,-40.99396894552696,-25.041566950247358,user,bench,heavy
1788983169541,6.294056304821372,-3.970184464562684,-0.9874578348246402,-6.383187439781267,-20.21945851886023,-31.77361654717077,user,bench,heavy
1788983169557,9.3536963888973,-4.564994231768697,-1.5465034292807802,-17.656375391299584,12.729698471266856,-20.273782428423925,user,bench,heavy
1788983169574,10.579229532733558,-3.847033155059814,-1.377413649418298,-17.354571529991524,14.541206365579516,-7.926218527067296,user,bench,heavy
1788983169591,9.37165465491414,-3.5087026790894567,-0.0196015762444585,3.0832366106897893,-20.46852307449204,-27.44568254751783,user,bench,heavy
1788983169607,8.615234814342855,-3.3268928443908687,0.5737113034673035,-0.1426888416205017,-25.919186494438755,-37.962823199429096,user,bench,heavy
1788983169624,8.920494941490889,-3.465157405743003,-0.1740279486507177,-12.1680426243066,-9.429349356769404,-37.39014940356396,user,bench,heavy
1788983169641,11.526435564532877,-1.239448125811666,-1.0723023013575002,-15.982622167262328,5.664495725405484,-12.034580727924553,user,bench,heavy
1788983169657,9.686491588702795,-1.188421995190531,-2.800467023711652,3.360208892383445,1.8314070101292568,-18.66121916161352,user,bench,heavy
1788983169687,10.797699849700926,-0.7504321444638073,-1.0779885668329894,31.930393294284663,-7.724708309758056,-21.900350998127443,user,bench,heavy
1788983169720,10.410437731170653,-0.4828806203979998,1.3771158172491935,-6.309326200983572,10.745145173010986,4.3838156192342295,user,bench,heavy
1788983169723,10.410438315692543,-0.4828802550718188,1.377115232727304,-0.3488923860653188,2.943112718546039,2.576000295941608,user,bench,heavy
1788983169741,7.471856222102046,-1.9577086969237771,-0.386512688402459,12.53619152811758,-10.522208652275417,-11.118066671504511,user,bench,heavy
1788983169757,9.029732145801184,-1.6259619832579046,0.9527435364538804,-7.775758851162024,-2.58724150665498,-4.774209595398295,user,bench,heavy
1788983169774,9.739762575641274,-0.9958378876950592,0.5416888927953317,-7.542939900471092,6.771050403971019,9.012456807946627,user,bench,heavy
1788983169791,9.047987348937989,-1.136197886956483,-2.0723306264797223,19.438308566506088,-2.746737095945356,8.804622689239602,user,bench,heavy
1788983169807,7.009625664088129,-2.67911173078008,-0.2837118007499724,11.947075759372932,1.7652580153998585,-6.743581517563343,user,bench,heavy
1788983169824,7.300070499420165,-3.125929323345795,0.5686233326785266,-10.97205088742798,6.96693553361193,-14.936824582684997,user,bench,heavy
1788983169841,10.40684701320231,-0.535852039868012,-0.8581709269098937,-7.153908547046444,9.369730343051655,-3.2062184355641,user,bench,heavy
1788983169857,11.506833038440346,0.91533314913325,-3.0668215565452357,30.58646136753086,7.907888006882274,16.37246545942456,user,bench,heavy
1788983169874,10.735898934826254,0.7947254596985877,-3.294420461461693,56.9176397500629,1.977864835511136,16.624753864344612,user,bench,heavy
1788983169891,10.074950808063148,0.2808702206484973,-1.5185216540354305,62.05696777971481,-0.7922022122874264,20.169905496431788,user,bench,heavy
1788983169907,10.644470943450926,0.3501524311892688,0.5987008746267296,35.2484001553339,13.81708422392675,35.92050784513607,user,bench,heavy
1788983169924,11.275942215839027,0.5859808563232421,1.293767580623459,11.747438721443569,22.947876620564788,51.70612345107314,user,bench,heavy
1788983169941,11.524490275683998,1.123329637555033,-0.7089825282223522,24.41587039585541,13.350915275336918,60.71359934356753,user,bench,heavy
1788983169957,11.913847905188796,1.420509772491455,-2.120514035355067,57.4965870746807,0.652474364393831,66.70781434030575,user,bench,heavy
1788983169974,12.203096808734536,1.506551686914265,-1.773055642722477,78.06695168479222,-0.98798899787646,87.10036180556514,user,bench,heavy
1788983169991,13.184569267272948,3.358765653991699,-0.199316707111051,73.72485016525336,10.59115855817305,119.64936874807243,user,bench,heavy
1788983170007,11.044153567615153,4.348170074573159,0.9786309606353286,53.11217594832821,36.39353942629448,177.4158712383737,user,bench,heavy
1788983170024,7.216724107691645,2.3823794126763937,2.200272458194755,37.617888401059695,33.32791830036097,178.13354653522362,user,bench,heavy
1788983170041,0.4631295526802539,-4.34128616027832,3.120244811435975,36.91433793541336,24.4546385495844,150.9098741640352,user,bench,heavy
1788983170057,-3.471441600579023,-13.116035244750975,3.803339741946943,14.753618418577744,11.13763260215566,61.29491674382732,user,bench,heavy
1788983170074,-6.281188639941811,-13.424139070892334,3.960908650162629,-20.3459911883293,15.869459593093556,-47.294084209527945,user,bench,heavy
1788983170091,3.91347283565104,-3.680037589263916,-0.4743506924618035,0.5970525552819079,-0.545049362571282,-70.8169517676338,user,bench,heavy
1788983170107,13.079076510187983,1.8758570007324216,-0.8779225426169112,35.057469047275355,1.865244194164323,0.4667093339470571,user,bench,heavy
1788983170124,11.35046174251139,-0.3018190467834472,1.181090994715318,10.41970031943822,38.59583830151671,20.371153605231623,user,bench,heavy
1788983170141,4.997895965576172,-5.2956745047971605,6.295853709632158,-27.354931531563164,33.887420076411736,-7.118212270896665,user,bench,heavy
1788983170157,3.3764223067134616,-5.871928916876017,7.5210855324342845,-53.55714228218703,-3.246873429051308,-54.83474965700543,user,bench,heavy
1788983170174,8.442105275836587,-2.1631614922121165,3.7645835295079273,-59.56663299700397,-13.758548648966094,-41.974760204678695,user,bench,heavy
1788983170191,12.758252318683263,0.3199254890993237,-0.5603912917103618,-36.8153411735832,3.260626014945129,-3.295506296932503,user,bench,heavy
1788983170207,11.607689952418207,-0.7284361473634838,-1.6828235420342534,-8.485774944631421,20.203281215811053,10.8611789879521,user,bench,heavy
1788983170224,9.74918974467814,-3.294870104925334,1.8716682438056915,-8.696424808823783,19.859159209952885,4.565457670021549,user,bench,heavy
1788983170241,9.061157796156406,-4.539705915124714,5.071668254077807,-41.21886316923339,20.286940787859955,-6.793187900844676,user,bench,heavy
1788983170257,9.829844413104652,-4.08959541849345,5.236568820355832,-80.60045326305753,31.18753167487032,-6.132787155279899,user,bench,heavy
1788983170274,10.404900555309652,-3.1585505401611327,2.933495839834772,-112.8414323343756,58.23605750517213,1.0906642434615,user,bench,heavy
1788983170291,10.837653089904784,-1.970876879119873,1.2663843557931482,-123.09163382559711,68.12824780085828,14.265823383528357,user,bench,heavy
1788983170307,11.345972614398596,-1.8881269919797776,0.3682595310922711,-114.57514608158912,62.1547282773052,31.228106413634784,user,bench,heavy
1788983170324,11.010933435058591,-2.075174581201374,-0.7670411878287792,-86.7173521176675,49.61005450801211,45.357961221355694,user,bench,heavy
1788983170341,9.117419781604408,-3.631255730438232,-3.688266999883577,-35.2818339313211,41.91047104911595,39.04597850367181,user,bench,heavy
1788983170357,8.02491505203247,-4.486584273529052,-3.811418674712628,-9.02841383739507,66.94809356511762,31.57464972155372,user,bench,heavy
1788983170374,7.881561058586835,-5.330838757158816,-0.4941030753538012,-48.77649139151459,139.6568369781157,27.42501439508937,user,bench,heavy
1788983170391,9.362826620814204,-4.400243668420613,3.990685985321552,-99.18752901368327,160.8202054421569,40.67350671495372,user,bench,heavy
1788983170407,9.788842540630698,-4.417600753673911,5.740847545026242,-157.38996149757142,178.6492667986946,47.17004455910593,user,bench,heavy
1788983170424,8.334365616607666,-4.509179843957722,5.2805618374697865,-232.8151121246186,230.15967117910105,50.92717452717904,user,bench,heavy
1788983170441,8.430582595825195,-4.16845472793579,1.6787847149722277,-253.1756601536165,267.8485457362047,58.570791416016114,user,bench,heavy
1788983170457,8.731952729797364,-3.820397661590576,0.2000663530096411,-245.82834370116373,294.69599762753046,76.24036102524487,user,bench,heavy
1788983170474,7.944409436687827,-4.175936608123779,-0.8860036673396825,-192.86778087693688,263.18437347654304,79.44128136844715,user,bench,heavy
1788983170491,6.000318273162842,-5.668422652545571,-0.3693044370353222,-128.67784064207547,194.92603106256357,52.52355707584568,user,bench,heavy
1788983170507,5.327247746929526,-6.56340399158895,-0.0858922768190503,-70.15001111593872,134.11480782518902,21.406239745643088,user,bench,heavy
1788983170524,6.280440451923012,-6.897844620513916,2.111087898364663,-59.33246679149926,111.24488927626346,11.201053469920168,user,bench,heavy
1788983170541,7.250092124286294,-6.101324824744463,3.4041073092356324,-71.55520642445296,121.61695500265635,15.94870857048592,user,bench,heavy
1788983170557,7.245005030280351,-5.914277820044756,2.875287725287676,-65.71531272182202,122.36270237699505,15.86264818694376,user,bench,heavy
1788983170574,7.117512622833251,-6.28253479385376,2.96207753546834,-37.355021740662586,90.44400578166402,9.417178813442089,user,bench,heavy
1788983170590,7.200560908398032,-6.950517057037353,4.136882070325314,-17.53660631665612,51.70386607355245,6.914100178400473,user,bench,heavy
1788983170607,7.058106494140625,-6.945728069195151,5.145289882062375,-26.530917019525315,39.761133460718,3.382253754816485,user,bench,heavy
1788983170624,6.164620946612954,-7.174674771991372,6.127511405402422,-51.33087627316722,50.45877039918332,-1.9093379744552208,user,bench,heavy
1788983170640,5.512200409698486,-7.007678621673583,5.2931321268379685,-74.31577764167535,76.54380583950103,-7.576130350969122,user,bench,heavy
1788983170657,5.533298727306724,-6.949618646892905,4.416555628535151,-63.55157026446451,66.02364112133473,-12.997962688655573,user,bench,heavy
1788983170674,5.963507422637939,-7.128735443115234,3.941604120635986,-43.14892436451725,35.55264068662836,-14.75034163532343,user,bench,heavy
1788983170690,6.382343075561523,-6.580463262939452,3.4805721247568724,-20.840109271002824,7.212174329534884,-7.073588510614856,user,bench,heavy
1788983170711,5.9397150436401365,-6.14112784282267,2.756624520984292,-5.9379718040177405,3.2357175957025617,0.0137700949236754,user,bench,heavy
1788983170724,5.6745560407340525,-6.1171846571773285,2.7979239151000974,-2.233327570847953,6.449494916243751,2.252598949591144,user,bench,heavy
1788983170740,5.210681807166337,-6.560263355475664,2.772786258973181,-0.8081740226921194,14.729962058387404,1.1932059801926072,user,bench,heavy
1788983170757,5.168334365302324,-6.736087539893388,2.775779303309321,4.385904803346607,11.562821269499064,-3.5982162255226484,user,bench,heavy
1788983170774,5.582680305591225,-6.9164002679020165,3.1886288675606247,6.485941232541761,7.749635085134018,-6.47838875086702,user,bench,heavy
1788983170790,5.614103033336996,-6.788308725517988,3.899406316375732,2.3527530015988027,7.133541349828289,-8.614576090678582,user,bench,heavy
1788983170807,5.823896122851967,-6.733243840900063,3.9969720798537134,2.600187276453093,4.249045741626123,-7.690174019540825,user,bench,heavy
1788983170824,6.457611374774575,-6.470928536987304,3.6673192697271695,10.633018226275118,1.0631695304010251,-5.429801034013737,user,bench,heavy
1788983170840,6.693589875903725,-6.273257262420654,3.302501914978027,21.98674947603352,-1.3915238311168066,-2.604334695383172,user,bench,heavy
1788983170857,6.901135478752851,-6.006003917583823,3.528753679601848,31.38506757585626,-7.289710636992869,2.2078607836407373,user,bench,heavy
1788983170874,6.943633727264404,-5.894225212097168,4.639364559228718,32.068690964599085,-12.098533496670672,4.030706365088795,user,bench,heavy
1788983170891,6.894851283916831,-5.951685467419028,5.1270335098817945,24.29400445313675,-13.186207824823,4.889237664984126,user,bench,heavy
1788983170907,6.700472036632895,-5.772867946404219,5.775114264026284,14.84545372706315,-15.999904253409753,6.476516852147613,user,bench,heavy
1788983170924,6.019023558154702,-5.769577672687173,5.144841261512041,9.281442464066425,-10.160691008374872,4.341364285995308,user,bench,heavy
1788983170940,5.474791593280434,-5.676652720752358,4.86741285188049,3.47310423540094,-2.11510489372126,0.2736141498191109,user,bench,heavy
1788983170957,4.932355279651284,-5.489605716052651,5.1443923487007615,-5.040813223045048,5.234595081308419,-3.6550066871503657,user,bench,heavy
1788983170974,4.5988124763488765,-5.72663109588623,4.809952888819575,-10.94201256923191,17.009665759926097,-8.485053505900337,user,bench,heavy
1788983170990,5.339517445915937,-5.853672836956381,4.363433110156655,-13.246400574431028,21.95388089820013,-5.652230840090257,user,bench,heavy
1788983171007,5.34340977717936,-5.957372865405678,4.0248032128483056,-6.4882656312936815,16.99045926798002,-5.559552857016,user,bench,heavy
1788983171024,4.500649039238691,-6.40972617252767,3.16992329030782,10.87183408305732,0.2013047513451842,-12.861765301510932,user,bench,heavy
1788983171040,3.967192735400796,-6.518664101630449,2.240525302399695,23.33370205394776,-9.000153929704142,-20.82941490230988,user,bench,heavy
1788983171057,3.695749537658691,-6.219387725067138,1.3995616770088672,40.159661338409904,-10.184876708225888,-28.59866970583476,user,bench,heavy
1788983171074,3.65819108363688,-5.426757922473549,-0.6905760800465941,71.81275236748664,8.746467897325175,-32.2795798854124,user,bench,heavy
1788983171090,4.0919893278926605,-4.625596438378095,2.6004028626590965,99.17175127670052,12.246608582781963,-32.278715866482386,user,bench,heavy
1788983171107,4.091542168647051,-4.770747252112627,4.860082070600987,101.54173129604658,-18.796040265640404,-38.91903602285254,user,bench,heavy
1788983171124,4.16905386287272,-4.654927746802568,6.605603841675817,96.45817176096784,-58.741614447158135,-43.536995222589866,user,bench,heavy
1788983171140,3.496283780890703,-3.5079555139839647,3.679291739332676,109.83500162778942,-66.36627073085926,-47.16436184171648,user,bench,heavy
1788983171157,3.482068793055415,-2.9915561434090137,2.4598951985552904,120.35481800630804,-34.65350433900412,-45.36730150504569,user,bench,heavy
1788983171173,5.383960983276367,-2.028936853900552,6.174197753253579,99.7967818876484,-15.285568919063968,-38.202521858161525,user,bench,heavy
1788983171190,8.408735505676269,-2.1896470558166503,9.938183207270502,42.42475355776664,-16.06254391828794,-16.871576410381365,user,bench,heavy
1788983171207,8.201936921802163,-2.649034499359131,10.026619031092524,3.383752127565656,-12.809677425126768,-16.2363636949283,user,bench,heavy
1788983171224,6.9705679114192725,-3.839550982610881,8.174103742980957,-13.00859985451422,-27.13587199695522,-21.909003140258555,user,bench,heavy
1788983171240,7.22016460353434,-3.524115498407185,3.947291226361692,13.837577352757728,-58.825912641894426,-7.364060661203043,user,bench,heavy
1788983171257,6.999598775592446,-3.806482241223752,1.6579855264410377,51.88655997347195,-54.16394311824013,3.050078603590316,user,bench,heavy
1788983171273,6.669796912384033,-5.720794937078654,2.048240689307451,59.80926863707951,-40.42618215001297,2.4836330864745872,user,bench,heavy
1788983171290,7.307103466796875,-7.387757550701498,5.896171085467934,31.442307976195558,-33.03016303368344,-6.350643722820271,user,bench,heavy
1788983171307,7.1591112921565765,-7.236922846111654,6.3842883644104,21.368200714607998,-41.66915363555023,-10.25867348711329,user,bench,heavy
1788983171323,6.72920304107666,-6.57911681676656,4.633679791590571,33.212641782644084,-50.66782882929906,-13.282790968555211,user,bench,heavy
1788983171340,6.292262407141924,-6.5461971284613005,4.813094986237585,46.07334498973908,-63.40360104628535,-18.97886735424872,user,bench,heavy
1788983171357,6.596026158252358,-6.89485186843872,5.2444996133551,32.55253132011903,-56.25150847578449,-27.97860805750808,user,bench,heavy
1788983171373,7.601143111750483,-6.71902856080383,5.232080569025874,7.520168049778269,-38.04610369597906,-34.99571730698927,user,bench,heavy
1788983171390,9.003246289935708,-5.424513066156208,4.522199192267656,-7.203733069494395,-34.63388120551868,-31.915646915866606,user,bench,heavy
1788983171407,9.58189490367472,-5.086481427001953,3.0105607036083937,13.51535293337862,-39.85076944829066,-24.327253814016373,user,bench,heavy
1788983171423,9.9338419631958,-4.308066612243652,1.4365215806156395,43.15691910094075,-46.71277363945733,-14.14994239406992,user,bench,heavy
1788983171440,8.932616756439208,-4.782867021234333,2.672527895410359,57.625110744292826,-46.89496893556742,-11.614289306216047,user,bench,heavy
1788983171457,8.463353815570473,-4.936394910430908,3.457676402337849,43.298976790393255,-36.63192327361168,-16.22137484479471,user,bench,heavy
1788983171473,8.953415214318037,-4.358493900188804,4.009988797815144,37.51389535585167,-32.683288461589754,-18.856099826559618,user,bench,heavy
1788983171490,9.636962710902097,-3.0684689949586987,3.888483648084104,50.89875752513719,-42.014464094323976,-13.692756851785948,user,bench,heavy
1788983171507,10.135103955730797,-3.0585923285886643,4.619762617658078,57.319084118530405,-60.58150348501949,-9.99568388331112,user,bench,heavy
1788983171523,10.001478744617105,-3.282899681146443,5.180754578675329,51.9641953186729,-73.03872351217973,-9.181874527666915,user,bench,heavy
1788983171540,9.859321267479658,-3.641879415783286,4.931008833478391,43.50141335210868,-73.67486684090721,-11.668676395029566,user,bench,heavy
1788983171557,9.9461122467041,-3.851073370361328,4.128054036225378,43.94541662929453,-69.72015999071314,-10.789467978082492,user,bench,heavy
1788983171573,9.866504456982016,-2.940827534429729,2.9530992792427537,52.30558183376848,-68.45808446606736,-5.051641207313635,user,bench,heavy
1788983171590,9.59476373759806,-2.615814659063518,2.9737492685616016,59.60184262217539,-76.92139918738684,-0.8319168808249944,user,bench,heavy
1788983171607,9.471761627307531,-2.823063032531738,3.173066264508664,71.3615022595914,-99.20661256222428,0.829981909577471,user,bench,heavy
1788983171623,8.932616756439208,-3.8534672797605394,1.574787311011553,79.20636384213374,-100.42384106477977,-1.9402844943674915,user,bench,heavy
1788983171640,8.43357593242228,-3.981856636047363,1.1130053735479712,87.39951043083336,-91.60795197850425,-5.616584509698783,user,bench,heavy
1788983171657,8.319852522608638,-3.160945034082234,1.497724529597163,89.62969696843676,-89.70040308672473,-3.482538007305197,user,bench,heavy
1788983171673,7.573009488677978,-3.111713385662436,2.344373507148027,88.76250883065525,-90.72584670757544,-9.300941800373163,user,bench,heavy
1788983171690,7.274183778491616,-3.0174422798156737,2.597111566028744,81.22945221391318,-89.33976909854806,-14.95822698044923,user,bench,heavy
1788983171707,8.80407863933146,-3.2830490264892576,2.5453368089973925,76.90693284672476,-89.48558680713866,-13.705806781968905,user,bench,heavy
1788983171723,8.554183841052652,-3.672405925341695,1.8049297994636,73.21919760061898,-78.40656235070358,-16.2390513743667,user,bench,heavy
1788983171740,8.429535717120766,-3.693205844525248,2.164509545820206,57.97040412759365,-59.58989662131704,-23.897727122776367,user,bench,heavy
1788983171756,8.926631836810708,-3.029113866778463,3.51738209849894,29.3235832956576,-47.71514146619714,-26.442174079186632,user,bench,heavy
1788983171773,9.960627678790688,-2.3461681354798376,3.1359557003848253,17.891709559152375,-50.51591517687422,-21.27451271731022,user,bench,heavy
1788983171790,9.856479906573892,-2.3647231983460486,2.163013023652136,16.843996106512854,-51.362257577308846,-17.31172916842262,user,bench,heavy
1788983171806,9.264661430138348,-2.124255130712688,0.3633209787115454,19.626449542288675,-45.25987287468514,-16.739724731096146,user,bench,heavy
1788983171823,8.75290257884562,-1.8939632969178255,-0.7653951011221856,15.6184928297779,-21.55734402065128,-19.58064800126186,user,bench,heavy
1788983171840,9.335891852137443,-1.6722002220153809,-0.181210042174533,-1.4454105018519163,0.5015707795533609,-13.400533184562477,user,bench,heavy
1788983171856,9.730932787975668,-2.045695096477866,1.9208984309207648,-24.37101483602865,4.86282575035051,-10.309324462450812,user,bench,heavy
1788983171873,9.408316452357171,-1.7595888748720288,1.6591832848582415,-15.593214299659683,-12.860518791987404,-16.74368965590934,user,bench,heavy
1788983171890,8.987235066333412,-1.8475753474913537,0.4496617299504578,10.56610115542921,-28.662475625513725,-27.74439404067917,user,bench,heavy
1788983171907,8.886078292626141,-2.072779941149801,0.7031481229804456,17.606839444344068,-35.49511000324934,-37.4327117273769,user,bench,heavy
1788983171923,9.790489138793944,-1.4184149921692908,1.9032407552856951,3.094860525440093,-31.17893246670528,-35.590824859183314,user,bench,heavy
1788983171940,10.227281888690593,-1.306186643218994,1.0835264002811162,5.283489844255602,-16.930459471216043,-27.546146092472256,user,bench,heavy
1788983171956,10.03544648067057,-0.879120922088623,-0.8801672893363982,34.97149404109782,-9.248912834370593,-16.782929092691063,user,bench,heavy
1788983171973,8.706965003535151,-1.106569787542522,0.1233026276070624,52.02695109676698,-17.10947189917291,-16.16152531219247,user,bench,heavy
1788983171990,8.655488498798013,-1.011550347546488,1.0890634300116449,51.65473310775796,-20.97744900728615,-13.637136060053594,user,bench,heavy
1788983172006,9.574113748279212,-0.1004068321228027,2.3087593190617857,34.60133193902898,-22.023400271119808,0.2446852837959185,user,bench,heavy
1788983172023,9.699510060229898,0.4701616432741284,1.2686282622624188,29.203501739859604,-19.981916492358238,15.467543941573323,user,bench,heavy
1788983172040,9.751434308734536,0.8607157890871167,0.2932900686953216,36.98913192191959,-11.285168957096166,34.240585252731,user,bench,heavy
1788983172056,9.7868984208256,1.3269862701416015,-0.8004101542714983,47.86649845820462,-5.05721122658178,57.483507262420126,user,bench,heavy
1788983172073,8.847024047088622,0.5596449303224682,-0.1336260878965258,60.86294142976986,2.176416727136114,67.012147079154,user,bench,heavy
1788983172090,7.897424398151039,-0.775421916552633,1.618031555584818,41.7271282812253,-4.531292636906322,48.30324124430275,user,bench,heavy
1788983172106,10.887481827434897,-2.5201963763915,5.415685543512925,2.6642117621855,-21.823815313382863,41.35915866988003,user,bench,heavy
1788983172123,14.324808976966144,-4.06385775064677,3.622726825415343,-32.760268108630385,-28.570461024562604,48.9818922553298,user,bench,heavy
1788983172140,14.67705531169474,-5.115810251208394,1.6358393802803008,-39.08227412892126,-10.634350966936916,37.46350222015531,user,bench,heavy
1788983172156,14.576051098200676,-6.386682566070556,-0.6821968491600826,-27.517297080965413,3.158761427437205,12.4834923498027,user,bench,heavy
1788983172173,14.847792986628413,-4.309114075469971,0.6093250531621277,5.076562433160896,-20.96829484625104,-19.918288157597686,user,bench,heavy
1788983172190,15.268572759357092,-2.618657919665426,1.030705020273663,27.44004934899986,-46.14050282475323,-29.657890319678454,user,bench,heavy
1788983172206,16.1461984744519,0.148739778137207,1.5105921396777964,31.27587675668985,-49.0111152196937,-17.139260061690628,user,bench,heavy
1788983172223,16.5292707400769,1.8727144649229943,3.0853789209663867,-8.465049589368663,-24.603335182910165,25.83004057293904,user,bench,heavy
1788983172240,16.392351163592934,0.9153335144594312,2.073828856547689,-40.42677979156535,4.985578337000802,47.84549904160141,user,bench,heavy
1788983172256,16.154277151489257,-1.095945663806051,-0.0525214472128078,-61.9361622238648,17.850851367537356,52.20200543009982,user,bench,heavy
1788983172273,17.547852155303953,-5.017947112219035,-3.779695429650321,-72.73837960380676,17.46298370759255,49.13348830395823,user,bench,heavy
1788983172290,18.011430036273598,-7.908646341650187,-5.701940690336469,-84.37454942102895,34.74444830780284,41.679016428711726,user,bench,heavy
1788983172306,15.704316292461751,-10.461015241241457,-6.513125144804315,-104.4854472056737,54.487694084898735,26.517734754427188,user,bench,heavy
1788983172323,12.766781077575684,-8.684666954748332,-5.667822531227953,-93.10874261464195,39.05782205169262,10.169978358098795,user,bench,heavy
1788983172339,11.302428071704506,-6.412569871520995,-4.430468692548107,-52.33688459073465,4.817129650369009,0.0877181051382771,user,bench,heavy
1788983172356,7.98616066622436,-4.015375751550495,-2.8736396292870863,2.9212319940964915,-23.755927272965025,-16.313852191062097,user,bench,heavy
1788983172373,7.470507145580649,-2.849099975585937,0.0387568563264096,50.08252942875316,-41.11767391667964,-24.55507477378215,user,bench,heavy
1788983172390,7.065738011932373,-2.366368481335044,0.9415210472487496,60.33830093924284,-31.37400949959001,-16.835852813474904,user,bench,heavy
1788983172406,7.503727862659097,-2.316390106201172,2.191144230719858,54.68933151448127,-18.50697129203983,3.629182595672194,user,bench,heavy
1788983172423,5.983409808459878,-3.0241759719848638,2.1374244157371924,46.04237691204224,2.882477500745839,2.507149000900118,user,bench,heavy
1788983172439,5.27308010341227,-3.531896361541748,1.8166021444782148,48.29551971544605,15.897386529062446,-12.594673315338522,user,bench,heavy
1788983172457,6.994211821857094,-2.986616641180217,1.2014408320438117,61.642313825392506,16.217633608676834,-11.69628999607028,user,bench,heavy
1788983172474,8.296656940460204,-2.9782372276306157,0.2096428673893213,94.09743298756882,8.99051482523796,-5.160557538252774,user,bench,heavy
1788983172491,8.731654039111733,-2.722805838012695,0.7522287820896133,111.83526350736268,-8.460014032403071,4.806066451460881,user,bench,heavy
1788983172507,8.34439192058146,-3.017142712347209,2.572121392081119,113.3161714628265,-17.41672625143864,7.52698713989088,user,bench,heavy
1788983172524,7.805845600128173,-3.94265129160136,3.2679367244880644,95.51789376887804,-16.43854583209714,2.6127407372607534,user,bench,heavy
1788983172541,8.029254542541503,-3.841496271459758,3.4611184690831225,74.232722541368,-10.826133287320763,6.08405418243868,user,bench,heavy
1788983172557,9.201514945873615,-3.516633033697307,3.708320448081381,51.04119087499406,-10.488464956454614,19.2076206348362,user,bench,heavy
1788983172574,9.815628840747475,-3.407996425628662,3.928137284286879,10.757372065398956,-7.210889400197275,42.1646736145509,user,bench,heavy
1788983172591,9.776574010688066,-3.646220075336098,3.335273682712577,-13.178599847861252,0.5008422438288438,50.32767174825409,user,bench,heavy
1788983172607,9.441234971618652,-3.898208631023764,1.4378689035713672,-16.715445116144043,-3.693390642738545,51.9775654139732,user,bench,heavy
1788983172624,9.519646829554436,-3.155258805139362,1.3497323914894834,-23.89941930214324,-26.65896769853742,55.86991263704505,user,bench,heavy
1788983172640,8.532336750903726,-2.653224352264404,1.3087313044668174,-31.961508221048657,-28.50000079308475,58.57087337828615,user,bench,heavy
1788983172657,6.846372207430004,-1.2731176095709205,0.0851446733221411,-34.338168165402976,-24.39489317736701,66.98379496390928,user,bench,heavy
1788983172674,6.335806365314125,0.0612014876767992,-0.2439084310453152,-29.139601905079548,-21.909547847844863,86.10954041361724,user,bench,heavy
1788983172691,5.478683340021967,0.3217202635616064,-0.5198395787232788,-12.4029985704341,2.2247452247124206,108.36412039002718,user,bench,heavy
1788983172707,2.806303036388755,-1.9844936088010667,1.6720519498182227,-21.174052587450383,35.19260092490948,103.00488075966838,user,bench,heavy
1788983172724,2.3042706293404103,-4.166359509222209,5.143643777089473,-71.05158925619125,49.49294408450307,52.46504626032076,user,bench,heavy
1788983172741,2.897283868518472,-4.49122274698466,4.082862959300121,-75.64358690689335,31.563991211353915,3.2259427412266275,user,bench,heavy
1788983172757,3.942204424616694,-2.6062390214666724,1.022175233901362,-40.337533124775376,-19.457769482998746,-46.102977765453176,user,bench,heavy
1788983172774,7.818264936718344,0.3494040970399975,-3.2022439258745403,34.282423576491915,-61.08982665361935,-47.067349249840206,user,bench,heavy
1788983172790,8.779387850189208,0.3684080727174877,-4.170548768472439,64.58464320661811,-34.95303203977128,-12.046694068417567,user,bench,heavy
1788983172807,8.46589648579061,-2.3180355353206394,-1.4160200141909998,52.07975870433493,7.646088563542978,24.40175751748287,user,bench,heavy
1788983172824,6.733093618774413,-4.423137345013022,0.7959229275673133,17.138949288083392,40.03756829190134,29.643516186570164,user,bench,heavy
1788983172841,3.3102836548954246,-6.737882022094726,4.7462065572318615,-35.94373731850329,21.248750951308224,-24.41498930145248,user,bench,heavy
1788983172857,4.464587545776367,-6.215497147369384,3.98170773822912,-55.85260152259365,-0.9561861429969998,-61.11011231545428,user,bench,heavy
1788983172874,7.20116121237874,-4.561852572742104,1.811812601226053,-55.58497422034504,-1.2532821896979236,-60.9380052087483,user,bench,heavy
1788983172890,10.98729127818644,-2.4408888847902417,-0.5380959965696325,-44.16835741889833,12.504807662655017,-51.24135639881045,user,bench,heavy
1788983172907,13.457657309612632,-0.6774088476985692,-0.2207148262248374,-25.75324704855329,6.116087342759217,-35.102005295758424,user,bench,heavy
1788983172924,14.198963167682288,-0.4471171600341797,-0.1927320554656442,-1.8890977760669465,-8.865831429486672,-13.955965875415204,user,bench,heavy
1788983172941,13.650391127777098,-1.3341685828611254,-0.6233891338851768,16.39941055570026,-7.084268365155817,7.895670506004413,user,bench,heavy
1788983172957,11.70255902415812,-2.9556419494628905,0.2225117469784338,13.749654888893092,3.200874239425388,15.029366815749498,user,bench,heavy
1788983172974,11.01332822124064,-3.598036474664509,0.6178547938686563,11.467687833418186,4.711221590872437,15.11548354835231,user,bench,heavy
1788983172990,9.433455569788814,-4.163816839002073,1.24498573093093,8.625923596210912,-3.48384534820102,9.6575067033518,user,bench,heavy
1788983173007,8.995914047351478,-4.482843625696003,0.7680908338790293,7.485182967075818,-1.11287174977415,7.129176858948651,user,bench,heavy
1788983173024,8.671200447192788,-4.394856130163372,0.7860472869646968,5.365600244023379,-1.080431552867763,4.3107108238871135,user,bench,heavy
1788983173040,8.5993743973881,-4.326920658056438,1.3652941771241136,3.133215879611123,-13.530156514630978,0.1881448711248472,user,bench,heavy
1788983173057,8.644864228931068,-4.124162289483845,1.4074920042172538,1.7032437397175508,-24.801811942454275,-2.683171086660986,user,bench,heavy
1788983173074,8.545953772845865,-3.936965062658488,1.2358581567619926,-4.7527756080091486,-26.657700698446384,-2.8538082085915337,user,bench,heavy
1788983173091,8.03733555766642,-3.906289938409626,0.2289466662636026,-15.549716239930456,-15.983636450354076,-1.1280411730339253,user,bench,heavy
1788983173107,7.372944596973061,-4.081814847619832,-0.190936924810335,-23.887379386183795,-11.246853303399687,-4.372238021704235,user,bench,heavy
1788983173124,7.400775437706707,-4.116829170116782,-0.8054981250602752,-18.73950678988021,-13.397533877743191,-10.394256157232627,user,bench,heavy
1788983173140,7.617153166308999,-3.898957111303508,-1.9063822316491976,6.04155802608333,-26.526627660726547,-19.684133904924018,user,bench,heavy
1788983173157,8.009652600970863,-3.7639839927122,-2.106298289467953,20.291522137245742,-32.57149875544415,-21.759059997409267,user,bench,heavy
1788983173174,8.016535930743814,-3.737797704315185,-1.8800460133874788,20.410954825072583,-24.505041930564516,-25.43900199767205,user,bench,heavy
1788983173190,7.516446474456787,-4.115183156475425,-1.090557869820483,7.97055072364891,-8.658768268382211,-41.34723657468378,user,bench,heavy
1788983173207,8.934562045288086,-3.693804248809814,-0.1304829675652086,2.5140970108333134,-18.94182553083245,-49.78985240772353,user,bench,heavy
1788983173224,9.618704000633954,-3.3678932555601,0.3363861369695514,4.930859984012537,-49.90880356721389,-54.70559077980048,user,bench,heavy
1788983173240,9.783756031146645,-3.5420720108583565,0.4338001439519226,7.685374957875245,-90.4038989108577,-59.92537502278055,user,bench,heavy
1788983173257,9.842864053675532,-3.6733038970947263,-0.2038056856684386,0.3740627270543001,-97.00330964919408,-61.64061310828917,user,bench,heavy
1788983173274,9.773281398883462,-3.4938878256648778,-0.9846142636954784,-7.10968691415202,-79.61469987147377,-66.00652466727469,user,bench,heavy
1788983173290,9.683051092860104,-3.116801648712158,-1.340154087011516,-7.910482624993232,-76.50792002560178,-76.29836299167661,user,bench,heavy
1788983173307,11.260979624506833,-2.5617960686281323,-1.6400275526851416,-0.8083145751786336,-88.44698824194651,-78.76696411244848,user,bench,heavy
1788983173324,11.163564959937334,-2.270750637054443,-2.0046945391781628,11.470051932644656,-104.76258213124696,-83.25547756703571,user,bench,heavy
1788983173341,10.326640673065183,-1.646462115777284,-3.285742064965516,37.96218116164712,-125.05733494797012,-83.14972574811641,user,bench,heavy
1788983173357,9.879524682074784,-0.7947250213071704,-4.104109681536257,62.61911966916354,-133.80653406718966,-65.04826278710024,user,bench,heavy
1788983173374,10.32334864578247,-0.3335422187805175,-4.940883161760866,92.39565037472512,-133.33357078792295,-36.63535202857502,user,bench,heavy
1788983173390,10.062231611743568,0.1364697868898511,-4.894794779802859,109.3274434403766,-118.85814597423985,-15.23703530236915,user,bench,heavy
1788983173407,8.883984535217285,-0.8469489834107458,-2.5975585791438816,82.38999697654673,-95.6153400777666,0.0897178898117429,user,bench,heavy
1788983173424,8.35681125717163,-1.2155061092101036,-1.89635676792562,36.60493378110637,-59.593858131035645,9.993724472792971,user,bench,heavy
1788983173441,7.446117385211586,-1.6148885813839733,-1.9191016836971044,-9.43781366869834,-5.678334969324399,27.074772539734877,user,bench,heavy
1788983173457,7.500885332709551,-2.040907423809916,-2.6704323844358324,-36.70168682579418,8.529120178877967,37.284506867671375,user,bench,heavy
1788983173474,8.059483092066644,-2.7168207722537216,-2.4769509627744557,-27.8958312874094,-11.500039878195595,21.24431986608418,user,bench,heavy
1788983173491,7.106888937488198,-2.462735828808695,-3.229179196874797,-15.750744075129564,-35.78037285393492,9.353599997553022,user,bench,heavy
1788983173507,7.841610156470537,-1.823783260754496,-3.598783785900473,-11.558338104082596,-37.38175510107401,-2.715356432133967,user,bench,heavy
1788983173524,7.830985302081704,-1.7241241782590746,-3.5182790473386643,-22.36313388043624,-31.33648444028996,-10.002953765908952,user,bench,heavy
1788983173541,8.855854419276119,-1.4410099780760706,-3.9619545424863696,-42.15461957609264,6.743981083629789,-7.522912932050968,user,bench,heavy
1788983173557,8.818592902374267,-0.7359174430295825,-4.718671612438559,-63.36575496809432,69.95982449849973,3.2740345300595104,user,bench,heavy
1788983173574,9.05247706157267,-0.3971379081174731,-5.223100266973674,-68.1633618033813,121.08787488916884,16.747335269378834,user,bench,heavy
1788983173590,9.287857012286782,-0.2795228976927697,-6.18691578052938,-58.10575115618663,145.89475312443997,23.299523787341016,user,bench,heavy
1788983173607,10.04307799846232,-0.8533831081114709,-5.592405288530886,-21.495974770958718,128.1342395464125,26.941377237697232,user,bench,heavy
1788983173624,10.595540031543374,-1.2307692909240722,-4.967369602148235,7.395168757777865,99.32211789127837,25.845536564618502,user,bench,heavy
1788983173640,9.85184114085734,-2.592621122741699,-2.8601722814813253,22.41593807290961,76.2854061228211,18.552858210431268,user,bench,heavy
1788983173657,8.984991086798907,-2.7099367118284103,-1.7622813288263977,16.6222745056759,75.79657631411246,15.360390226326873,user,bench,heavy
1788983173674,8.757092431750893,-2.5692775104247034,-1.4601628607049584,3.95773006267544,87.22426143710918,16.681804726934438,user,bench,heavy
1788983173690,8.97586260844767,-2.2502499930784103,-0.7502820684686302,-6.440421009931388,91.58674424113134,20.045343336538263,user,bench,heavy
1788983173707,8.342446631732583,-2.2643160739623007,0.4426287625737488,-12.611934910918436,74.57587124526944,13.448726999346086,user,bench,heavy
1788983173724,8.112902547565103,-2.166752356310934,1.112107694055885,-14.831815546837928,49.0380603159694,6.041485882210222,user,bench,heavy
1788983173741,7.40586486980021,-1.6799810851499437,1.0208286096319557,-17.93183179788432,33.423196024188066,-1.346431562546617,user,bench,heavy
1788983173757,6.837092337909341,-0.2756327583864331,0.5668281198248267,-24.452123332422545,37.37664611957484,-9.830637484659638,user,bench,heavy
1788983173774,7.174076221576333,0.1608605701722204,0.084396046911925,-22.21228232242734,46.0732937633203,-9.70039858379219,user,bench,heavy
1788983173790,7.32865186626017,1.083226467486471,0.1774710017766803,-15.054288468483582,51.29249402512634,-9.29094154965462,user,bench,heavy
1788983173807,5.644181360736489,0.9599255203798412,0.7930801036443561,4.760084764194708,34.94228473711226,-26.882429290065435,user,bench,heavy
1788983173824,5.168334949824214,1.180341418457031,1.688062173340097,-1.0436261180297972,1.8780928472101748,-48.06860034065071,user,bench,heavy
1788983173840,5.321562687030434,1.776348432623595,1.586308456652984,-11.010591083593424,-21.85742838183579,-70.33545758209375,user,bench,heavy
1788983173857,8.155100351825356,3.1979053760804232,-0.8892955484919249,-9.621912880039572,-25.85543009363127,-68.50278805418509,user,bench,heavy
1788983173874,10.972926068225505,3.611204145403952,-1.5894501887448131,-8.095432194886131,-7.0208679879588205,-27.00593960082677,user,bench,heavy
1788983173890,14.324508532714844,1.582567589624226,-3.0723586958736178,-7.814889858690673,14.124686915840153,20.548516542503933,user,bench,heavy
1788983173907,12.649166505542397,-0.5270232020504773,-2.729389454186708,-10.269876704899405,19.388434525186657,31.05820545803072,user,bench,heavy
1788983173924,9.5120147272408,-5.695506474304199,-3.130118664794415,5.032626387551142,16.536548801403068,13.672558274862928,user,bench,heavy
1788983173940,9.39185456237793,-7.498639453478902,-3.229178685418144,25.35658893514668,21.74202892071384,13.63840135259734,user,bench,heavy
1788983173957,8.864082733917236,-8.184578229113667,-2.485180811785534,36.92334012473944,26.746947365236355,6.993628339775163,user,bench,heavy
1788983173975,6.788758807373046,-8.962094779857992,-0.428860933984071,30.743986020358864,23.911676076608824,-23.48293314957608,user,bench,heavy
1788983173991,7.790133651733398,-7.208043080846965,0.7059913105171174,20.02177235371255,19.883250994702813,-40.15212763975538,user,bench,heavy
1788983174008,9.48732335357666,-5.754613181658834,1.0929533501222728,11.11375340704365,14.948849130718802,-36.49703728278768,user,bench,heavy
1788983174025,10.4005622338444,-3.708019821166992,1.5183734594700855,-5.792134031746452,19.83034093429731,-29.30957116257532,user,bench,heavy
1788983174041,9.698761872211096,-2.8271031017027792,0.0600057750862091,-4.390604400382399,24.999443466088596,-31.76032499904593,user,bench,heavy
1788983174058,9.770440037977696,-2.280925847979635,-0.0641937282953411,3.792348557867805,15.818870089458564,-37.553626566253634,user,bench,heavy
1788983174074,10.348935506981611,-1.1363473784297704,0.1458973943181336,2.1183001415923566,4.723582098836045,-39.088223223688345,user,bench,heavy
1788983174091,11.391312808337808,-0.2838626073975115,-0.1961744236050173,-0.2159245311397584,9.37731868321954,-27.34437888929549,user,bench,heavy
1788983174107,11.309160594829915,-0.2570769648678601,-0.7553696008659899,3.7848690738398174,17.698425450924766,-16.459400107180482,user,bench,heavy
1788983174124,9.740661570307612,-1.5617675243102014,-0.5277705863516777,3.41726935992679,19.28274417796988,-19.889498910246083,user,bench,heavy
1788983174141,9.35908509619832,-2.1416130927488206,0.5548571297903545,-9.46757194913844,15.788786521259242,-24.758426580846358,user,bench,heavy
1788983174157,8.900895338007807,-2.024596340478212,0.0721260739308781,-14.519887637632614,20.92744860746707,-33.767290709289554,user,bench,heavy
1788983174174,9.602994390326735,-0.4468176656309515,-1.306485196907306,2.0481370233434006,25.02736186432102,-31.965497051523943,user,bench,heavy
1788983174191,10.746675180384516,0.8732851651398464,-1.4024026543221435,18.064255505512527,19.061020869585636,-28.75304393390809,user,bench,heavy
1788983174207,11.152640830340982,1.1700164603302254,-1.099536473105941,18.73466589330596,12.097489331501306,-21.915584027523863,user,bench,heavy
1788983174224,12.016049804034829,1.142632998037897,0.3143897301616241,-6.7439691307987415,15.5894064691974,-5.811819490708074,user,bench,heavy
1788983174241,10.487802710402011,0.6395514107301831,-0.4661200762657448,-23.226953027409632,29.43999703987129,-5.841692603703595,user,bench,heavy
1788983174257,10.197055677253008,1.2156561486726627,-1.3024451368694192,-17.69988711140715,36.14570601226056,-0.6263311750153725,user,bench,heavy
1788983174274,11.08949317703247,1.4469959206178784,-2.24890234132912,13.84924331586011,22.82561794196885,9.074058284070972,user,bench,heavy
1788983174291,11.3574947098881,0.7215526349274441,-0.1204576682384125,16.69514237883618,13.702537682677406,17.99291076453716,user,bench,heavy
1788983174308,10.932074417877196,0.2177230057314038,0.4942535897403955,5.896314053383009,18.740181271060745,20.024695674677314,user,bench,heavy
1788983174324,9.36656522282064,-0.6898289880063384,0.6203977609163149,-1.2935688865784802,22.370824673441675,17.88352016233753,user,bench,heavy
1788983174341,9.331851636835932,-0.9528922607421876,1.104775268808566,-5.302342020138483,22.222761540161432,19.6768495081742,user,bench,heavy
1788983174358,9.02045402984619,-1.1776477954588829,1.1673238967780024,-8.291779642956486,23.56347303272157,17.940094619232745,user,bench,heavy
1788983174374,9.374197325134276,-1.9363105195861308,1.186477035135217,-6.826350603699204,17.74152394458755,9.819384748002042,user,bench,heavy
1788983174391,10.932823190417883,-1.815253552014008,1.2271793036080896,0.0661746146088925,9.78634285411846,13.421212436048336,user,bench,heavy
1788983174408,11.011232710266112,-1.7337009848996996,1.830218846759945,-1.8601864390839289,3.3874013695731477,17.767832125723146,user,bench,heavy
1788983174424,9.51201531176269,-2.7009584556028243,2.649034791620076,-16.43727029426964,2.7790927692607643,6.978630098131461,user,bench,heavy
1788983174441,9.290399682506918,-2.4955060256406663,1.7565964150577782,-20.49177474597405,4.874848163950201,-3.617960594865863,user,bench,heavy
1788983174457,9.673174426490068,-1.9430443578857928,1.430236655127257,-18.6093148465633,1.1244153030800006,-6.740965555111228,user,bench,heavy
1788983174474,10.736200548121332,-0.875529765728861,1.3780134967412798,-18.964056089033544,-1.4266321773894357,-3.3840372879635043,user,bench,heavy
1788983174491,10.465654006958006,-0.286256516796723,1.0486613500617443,-18.77936094368723,-0.892969647299064,0.0447357880573997,user,bench,heavy
1788983174507,10.645967904010414,-0.2056019945006817,0.7951756146188825,-12.32692306968485,-6.683588550988536,3.3091248403638622,user,bench,heavy
1788983174524,10.58536584353149,-0.0715267745971679,0.26201697855331,-6.914648301081367,-8.700881507257217,8.883980095885041,user,bench,heavy
1788983174540,10.24688441478312,-0.4598361371580511,0.033220607480593,-4.315542755838075,2.5225713546025954,13.97516980604034,user,bench,heavy
1788983174557,10.072106524547934,-0.7624032258298248,-0.3470082148794084,2.482958178407225,4.756518551674315,11.528625073645747,user,bench,heavy
1788983174574,10.114304913330075,-1.2928688234191388,0.3752920600775629,7.6935848452576,0.7436880723039133,7.908780200342607,user,bench,heavy
1788983174590,10.837952949634191,-1.6431702346250414,1.473182720471546,5.500857199496672,-5.016174596274697,11.00062242249979,user,bench,heavy
1788983174608,10.755802489691972,-1.892018081134185,1.9638442040041089,0.0035681977108731,-5.484717889374755,12.695745600902724,user,bench,heavy
1788983174624,9.97259810256958,-2.574065548418835,1.2138612280799077,4.980908622042628,-6.646552703987788,9.05628100920872,user,bench,heavy
1788983174640,9.69053180400431,-2.650082108715921,0.9279036942297592,8.856416013715808,-10.202804247249878,7.225529910683198,user,bench,heavy
1788983174657,10.027814378356933,-2.353051319122314,1.21281413017977,3.1980121767197414,-9.161977332841024,6.306138210188468,user,bench,heavy
1788983174674,9.073574210137128,-2.509272831317037,0.8662528188176453,-6.055150956305302,-4.403701715002722,-3.0521157075102723,user,bench,heavy
1788983174690,9.41669323555827,-2.428019393279776,0.7980181080358102,-9.09067698809526,0.0597491074770963,-1.2646354582023658,user,bench,heavy
1788983174707,10.268581867328283,-1.9574093486510216,-0.5553037593130022,0.8682918003018377,4.738612356991481,2.435788465112294,user,bench,heavy
1788983174724,10.047865817260742,-2.2004205248959363,-0.7492348244380206,17.74521566183394,-0.8614365848918193,4.713615145289704,user,bench,heavy
1788983174741,9.187301711604,-2.5152584815979004,-0.4553464975886047,23.24231753794757,-4.700606196241768,-7.901120996962084,user,bench,heavy
1788983174757,8.324341650721431,-3.1616929298400875,0.2455559288242831,21.90452253616303,-1.6740822470561814,-19.213397267326737,user,bench,heavy
1788983174774,10.101436663928627,-1.2768578190125524,1.5267534210089593,10.901980830506464,6.591888138739237,-12.636325516444552,user,bench,heavy
1788983174790,10.222495238935949,-0.5696701383177191,1.8388974989844484,-0.3585087588081679,6.134084037448554,-8.255724781875282,user,bench,heavy
1788983174807,10.275764472308754,-0.1506849939208477,2.702006978275068,-11.03371042016027,-2.5281471368428527,-2.8106719354449066,user,bench,heavy
1788983174824,9.94027696467936,0.1611599915102124,1.6006747625924649,-4.220725642893134,-6.913790258566884,4.958723740731604,user,bench,heavy
1788983174841,9.625288055199384,0.4399347011841833,0.7492360300144181,12.109437039906952,-7.545455117632949,4.988148622562842,user,bench,heavy
1788983174857,8.723425139948725,0.1162686373170465,0.7495355244176461,17.349132991864902,-15.320445572513346,2.884518446647204,user,bench,heavy
1788983174873,9.407117597961426,0.2424130642212927,1.724873937180452,0.7966941288837676,-16.05689535184434,2.1540367585469213,user,bench,heavy
1788983174891,9.4879219039917,0.1602620197571814,1.3260885175842791,-7.899056572285447,-10.91701493064331,3.1138405539265004,user,bench,heavy
1788983174908,9.86994729091227,0.5011366272523999,0.8174709599919616,-11.09999996737618,-8.435585007062874,8.529993589318083,user,bench,heavy
1788983174924,10.7956043387264,0.7258921619690955,0.53465636381004,-11.976808426603643,-5.017829636487956,24.98122222893029,user,bench,heavy
1788983174941,10.65389986605346,0.3452140249390155,0.0552166045809164,-12.35080055724957,-3.2546585640446533,25.77533075768724,user,bench,heavy
1788983174958,9.794830382868646,-0.6153099727906286,-0.497843905849941,-12.851330480006444,-7.903595232988921,25.755977416674007,user,bench,heavy
1788983174975,10.52745609087646,-1.233462767791748,-0.3459609160498715,-6.5817085955549794,-15.08837452753653,29.827545388472405,user,bench,heavy
1788983174991,10.733058158442375,-1.8574512832090255,-0.3178296493312343,-1.8638741009055009,-17.881160331979288,28.5811451479718,user,bench,heavy
1788983175007,10.72542605612874,-3.6885669326782224,0.5518644690467044,-9.290784455303708,-16.205272673826403,21.32082993761937,user,bench,heavy
1788983175024,11.353454494586586,-4.330961165618897,1.5201691381146665,-31.809563832772557,-13.359074790074144,12.243289964618985,user,bench,heavy
1788983175040,11.144859090423584,-4.268112787517905,0.7439984398881905,-29.54526050026495,-6.23412283001397,1.989340833977227,user,bench,heavy
1788983175057,10.338312990680336,-3.646967386572063,-1.4164683972793164,-14.055906057124478,-5.584194898880937,-3.918564477314117,user,bench,heavy
1788983175074,10.17730175999105,-2.901771973717957,-1.5809198224171994,-2.0722945486640896,-7.577746544481476,-9.942167643616775,user,bench,heavy
1788983175090,10.105177019500733,-1.2081735743649302,-0.72903350133528,4.101944811245205,-2.237578936719463,-1.973688815163908,user,bench,heavy
1788983175108,10.159195609936118,0.0698811993472278,0.817770856253989,6.342209719855775,-4.390014015906016,2.393330728571025,user,bench,heavy
1788983175124,9.24386297225952,0.0166099201478064,1.5309434862600757,-0.0712372455372198,-10.162574433038504,-0.4919029135874723,user,bench,heavy
1788983175140,9.425374554663897,-0.7794624241150915,2.1960824386094115,-12.45545613080709,-10.370462339485243,-9.75227984695396,user,bench,heavy
1788983175157,10.94973107059896,-0.0945705271847546,1.0784386349883164,-7.626824014988957,-11.289751160255598,3.383765787943996,user,bench,heavy
1788983175174,12.04029051132202,0.7776667728699743,0.3625725532307289,5.415166926830162,-9.436332371422097,23.78534831281485,user,bench,heavy
1788983175190,10.03664299697876,0.3004723083496093,-0.1821081874575,-6.074418066180262,-12.674061457835226,18.774689094294946,user,bench,heavy
1788983175207,9.417592230224608,-1.7708114028930664,0.318279557656357,-19.5827807278302,-10.408314394091809,10.49986368840572,user,bench,heavy
1788983175223,10.169670826721193,-2.277783312170208,-0.501285004480835,-16.53546621641962,-2.2104276541081926,10.901326839893436,user,bench,heavy
1788983175241,10.97502041015625,-2.348262623541057,-2.1594198397320694,14.88551107899798,1.703465827587282,11.09255676872816,user,bench,heavy
1788983175257,11.252149836841223,-2.8909983585081998,-1.365143201513216,40.48719281477411,-7.261672710449966,2.4240042543599065,user,bench,heavy
1788983175273,12.101792150989176,-3.2629972953245043,-0.3458118081690743,51.7387478496437,-22.20843521837733,-11.993979522177057,user,bench,heavy
1788983175290,16.768390461841225,-3.739742554772645,2.233341674505919,21.72205744758072,-39.75184098835219,-13.659798627719695,user,bench,heavy
1788983175307,20.26542184622884,-3.6891651908323166,2.912248140351102,-19.862277191309,-38.706354177382096,-13.74230304402522,user,bench,heavy
1788983175323,19.89192638724446,-3.602525310516357,1.7004822040500118,-60.234174705346,-25.94350709052588,-23.54986558834762,user,bench,heavy
1788983175340,18.764107183185217,-3.211073485211283,-3.287387969009019,-46.52436287120253,-13.20593938756152,-30.33950221771071,user,bench,heavy
1788983175357,17.528100576129553,-1.6638205162048338,-7.510759624459408,10.78678712883326,-11.059272403129045,-15.902215472805644,user,bench,heavy
1788983175373,16.806248191070555,-0.8710400530941784,-7.508066293722204,52.6386662539279,-5.480929268819514,7.06318527873528,user,bench,heavy
1788983175391,12.935870985302328,-1.670553769982606,-2.7813133008325472,27.79355774232492,17.727031990716075,18.82880980573083,user,bench,heavy
1788983175407,7.4504568757206195,-4.554070686694234,1.062128259476088,-10.391623973081234,32.77743237401462,-8.882676383527215,user,bench,heavy
1788983175423,5.497835784259438,-5.884348837988078,0.7959233642462641,-14.239983924124552,26.391456509504703,-27.46899910579696,user,bench,heavy
1788983175440,7.454197231292724,-4.775983399200439,-1.4568707968896255,37.42876046294205,5.298928206213946,-20.343107140952263,user,bench,heavy
1788983175457,8.667610313746332,-3.402160559082031,-3.750516352645494,72.909974446325,10.089953300461987,-4.9007422648673655,user,bench,heavy
1788983175473,9.234588363435863,-2.830694404193013,-2.903417348038498,69.93086449641888,17.766932248299995,11.422608584896102,user,bench,heavy
1788983175490,8.878898610255122,-1.9270327689573168,0.4266179956291802,37.66853766884993,29.30615948308489,9.77631613641688,user,bench,heavy
1788983175507,8.195202060589194,-1.4746781466610728,1.511490385425463,31.523976548101395,17.510673795924873,0.5933632392738961,user,bench,heavy
1788983175523,7.78848822261393,-1.1976992343626915,1.064822124502831,51.06790374483798,2.4246669961528093,-4.117023307611654,user,bench,heavy
1788983175540,7.874080931964516,-0.6328174263000488,-0.159064220240782,58.60462817316436,-0.6215484417707768,18.321074033399597,user,bench,heavy
1788983175557,8.204781205317378,0.017507745770365,1.087567302852508,45.17396958549389,13.906471763368351,32.07550407829617,user,bench,heavy
1788983175573,6.548889728546143,-0.4188355067931115,1.1182423289199592,36.49788422624477,19.87387997516156,34.08783490213284,user,bench,heavy
1788983175590,4.126705251964927,-1.1854289508543907,1.5420162373967468,31.573328079949324,7.561834765036285,26.467230628156823,user,bench,heavy
1788983175607,4.604647758373618,-1.290325057220459,2.053477420917153,20.187785224131588,6.5709749532743045,27.300481263499822,user,bench,heavy
1788983175623,5.210231725311279,-1.2403459514342248,2.412608345794025,-1.9038179009453815,10.012565549618452,35.14509354413745,user,bench,heavy
1788983175640,6.289567761230469,-1.1685193171076476,1.544260764920525,-5.676536922025393,19.6138256451552,38.11418702162575,user,bench,heavy
1788983175657,7.4589862191349265,-1.32788409576416,0.1544273039880208,1.1473372044911518,12.44387639884298,39.97706647623337,user,bench,heavy
1788983175674,8.47816793834269,-1.1590928787231445,0.1836055224763229,1.857483605163308,9.202961029182038,42.25174486609022,user,bench,heavy
1788983175690,9.856032162806391,-1.4842553916931152,0.9368818408574908,-19.34294375776708,12.010673358282212,47.10073179940864,user,bench,heavy
1788983175707,12.203994634357096,-1.0613796695984898,1.8538604556428264,-45.16934554742579,18.41208630409001,58.65551991267012,user,bench,heavy
1788983175724,13.870659434077142,-0.2696472542360424,1.6095032716164364,-60.32040584361741,26.531553934665418,86.75086102573559,user,bench,heavy
1788983175740,15.376610524749754,1.7540525757938623,-1.1463730613490566,-38.09865858654773,19.71663877518411,133.87209022284344,user,bench,heavy
1788983175757,13.01667646037638,1.9533692794799804,-2.304118836312182,-5.953150618787625,26.631061253136043,174.03880714666596,user,bench,heavy
1788983175774,10.174309007915854,0.3784337921693921,-2.8196210023190824,7.7686614308407345,44.0391507303692,185.1513063602233,user,bench,heavy
1788983175790,2.7370219948917627,-4.563049089050293,0.6766616095278412,-3.0059472572589825,53.51103509019486,139.28713249872123,user,bench,heavy
1788983175807,-1.437269184112549,-9.441534539087115,3.923947906305641,-23.098262018162835,47.78957003758276,87.67140660131324,user,bench,heavy
1788983175824,-2.7241519919246437,-12.171073484747112,5.066280788885802,-48.664192836275824,30.629877464990045,-2.747584679732672,user,bench,heavy
1788983175840,-4.640411730194091,-12.195015501348674,4.701164889581501,-69.82962060235177,7.299856029231276,-110.32706211597548,user,bench,heavy
1788983175857,4.582652199664712,-1.6288056091859937,0.4161434181649238,-40.58986080328315,-4.824534002316126,-91.47058321391694,user,bench,heavy
1788983175874,10.658386656078696,3.0250740898683666,-1.6358379189755767,8.754892935666385,-8.348388250797553,-22.43549290450336,user,bench,heavy
1788983175891,12.858061769434808,3.518727960149944,-1.832311142864078,32.853616304016946,1.6015625001001594,19.60054775740869,user,bench,heavy
1788983175907,6.876147752490639,-2.546083827972412,0.9174287331730128,27.98069980294139,15.911091303632077,11.228377641694802,user,bench,heavy
1788983175924,4.54599040222168,-4.632032024383545,3.061586468903348,2.54262713788328,4.644027897365144,-32.544608300681816,user,bench,heavy
1788983175940,4.33500079639852,-5.768379402813315,5.539733947985992,-26.546911615014192,-6.716583060434752,-57.122135613813086,user,bench,heavy
1788983175957,9.200619458338618,-2.681955064447224,4.14585996122472,-53.82125203701308,-3.0499283394285754,-44.060402863971696,user,bench,heavy
1788983175974,11.016320973315834,-1.6805799278259277,2.653075299182534,-49.39285107731112,4.976733242025635,-26.49587985663044,user,bench,heavy
1788983175990,12.362161581531169,-0.9250593741819262,-0.2117362594719976,-26.76466146084878,3.745806795089692,-10.152862757812391,user,bench,heavy
1788983176007,12.25128011714518,-1.7950524024412036,-0.9723443455133588,7.228983425082285,-3.901122735494844,0.0249411627959221,user,bench,heavy
1788983176024,11.813591295191644,-2.2729954933717846,-0.5087668298698962,18.96540163630004,-5.230089717777149,0.7966600846596232,user,bench,heavy
1788983176040,11.278635692706704,-3.0117557586118577,0.8378216010380536,15.793420804611095,-6.492461928765008,0.9890068027844976,user,bench,heavy
1788983176057,11.187207116809487,-3.261650849151611,1.8911206208378075,-0.5245281659316845,-3.565077855217039,8.762849252275805,user,bench,heavy
1788983176074,10.800543548694252,-3.521422021539509,1.6314992321841415,-6.898822752774447,3.748860743422334,13.475186298417068,user,bench,heavy
1788983176090,9.847800341033937,-3.762787184143066,0.641796120917052,-3.551028796424557,6.755544167007797,16.068675720615317,user,bench,heavy
1788983176107,9.09078428813517,-4.174290302221476,0.4605851288944482,6.59326228742288,6.271967200657717,18.015631388811208,user,bench,heavy
1788983176124,8.594885269275307,-4.4008419265747065,0.6302740984927863,11.886842028629882,3.765381263477303,12.26704963142052,user,bench,heavy
1788983176140,7.278972181811929,-5.1017447548463934,1.3886377666082232,9.840040093825808,-0.2723157735465738,-0.5478907212660072,user,bench,heavy
1788983176157,7.097761043658852,-4.901828623962402,2.1790241011239586,-5.680316151070526,-5.711942488248624,-12.093343406675109,user,bench,heavy
1788983176174,7.486518953704834,-4.198980799102783,2.311303304456174,-15.963533496079434,-5.9661049263222,-10.002734346081866,user,bench,heavy
1788983176190,8.384346329829096,-3.467104155896604,1.1546050657846032,-18.94877866340752,0.1276144540397248,-5.240542468528208,user,bench,heavy
1788983176207,8.557625505939125,-3.32300255895406,0.6950676193121821,-17.510279352500305,0.3129229290291657,0.6645331700951943,user,bench,heavy
1788983176224,8.534283208796381,-3.483863275256753,0.5949596970707178,-15.030850674346684,-1.122692814748688,1.1880486537607184,user,bench,heavy
1788983176241,8.028206494793295,-3.638737318365276,0.2217631479676812,-10.518668052964411,-0.9535279187493956,-3.206440630155537,user,bench,heavy
1788983176257,7.959674225836991,-3.606715163421631,-0.1634030942618846,-1.1555775075596548,-3.9809104440579937,-11.725107417952213,user,bench,heavy
1788983176274,8.336009876683354,-3.246686504253745,-0.183754940884374,2.9407031558729053,-5.440739581969512,-11.631345996120862,user,bench,heavy
1788983176291,9.44856721420288,-2.958036151123047,0.1990192551095038,2.356032132730644,-3.4396715266307853,-7.900984393178684,user,bench,heavy
1788983176307,9.537600419396162,-3.02956263345927,0.1274918959904462,-0.9201847494903914,0.89783231510129,-6.45929239572131,user,bench,heavy
1788983176324,9.578602291870116,-3.110965782165527,0.2864066658571362,-7.126318424781001,3.7448612407764688,-6.966159880254311,user,bench,heavy
1788983176340,9.615114451709388,-3.146429894256592,0.4839286681462079,-17.88650153991024,6.038702153236619,-8.625403648060345,user,bench,heavy
1788983176357,9.783307118335363,-3.018788725988567,0.5309149853246287,-25.87415164214628,5.44295982033659,-10.524811808122838,user,bench,heavy
1788983176374,10.059389666315912,-2.9278099396854635,-0.3034646585660055,-15.639495661475689,6.484589281972922,-8.080088174915696,user,bench,heavy
1788983176391,10.241647683173415,-2.745850905774533,-1.2244842558378353,3.635270001769968,2.936462675615385,-2.267100081529316,user,bench,heavy
1788983176408,10.365697841212151,-2.653075299182534,-0.99733400800433,17.257849221154974,3.5884353946311904,7.066479991236165,user,bench,heavy
1788983176423,9.62110112490356,-2.5251351479679345,-0.3245626473806798,21.53115707537345,12.167774539381677,15.169971382456088,user,bench,heavy
1788983176440,9.928305956378578,-2.86346547780782,0.8623624603155999,15.22286778248325,11.521616445783668,17.913163183335385,user,bench,heavy
1788983176457,9.469816338458656,-3.0071175774171945,1.4224556458622215,8.076863471853805,6.40967277894846,13.91378860351673,user,bench,heavy
1788983176474,8.822183620342612,-3.816955704443156,1.906234457208961,1.7584288934469037,2.129920641248076,10.875055371024628,user,bench,heavy
1788983176490,8.29261730968058,-4.3094130584165455,1.5782291220285,0.8121703236868115,7.038734055280281,7.233835420713933,user,bench,heavy
1788983176507,7.736264114379883,-4.733336682128906,1.4197623881902546,3.705857445521111,3.533279696092633,-1.9919384402959477,user,bench,heavy
1788983176524,7.217021629333495,-4.989815534973144,1.786076045911759,3.003582090815454,-3.897711482891245,-9.60594219021279,user,bench,heavy
1788983176541,7.616104534038901,-4.652980704388022,2.056769448199868,-2.8419437431163983,-2.885364963217462,-11.625948439129258,user,bench,heavy
1788983176557,7.529464361461996,-4.795136720220745,1.7413334525395183,-7.736737980433741,2.048831354761215,-19.075470134774797,user,bench,heavy
1788983176574,7.048680494147539,-4.755034426935016,1.3630501016914844,-10.844432217880875,5.812275832721996,-33.50883635109627,user,bench,heavy
1788983176590,8.042423236194253,-3.981856636047363,1.2144603995494545,-9.387110613168398,5.336720496665273,-36.44984409071748,user,bench,heavy
1788983176607,8.799739148822427,-3.323451471765339,0.9503498097177594,-1.011025304956209,3.3260024512463757,-33.56302707197115,user,bench,heavy
1788983176624,9.638608724543452,-2.5228902916505933,0.5303163983769714,11.660347833110382,0.9381687442967408,-24.50856118553436,user,bench,heavy
1788983176640,9.794081025806069,-2.216582116754353,0.3318970088567584,19.722912303936766,2.508168620077154,-20.113300303685307,user,bench,heavy
1788983176657,9.595962007471918,-2.2481556511476635,0.3763393771734088,26.937968973301395,3.2228877256769275,-15.811382494580938,user,bench,heavy
1788983176674,9.680056587219235,-2.315641625921428,0.8860058592967689,35.73767392633859,3.9782189226381854,-11.170788047934192,user,bench,heavy
1788983176690,9.195081697955729,-2.9891607727050777,1.9000988039981568,34.591646730785904,-0.8172524113161241,-14.620953946781292,user,bench,heavy
1788983176707,8.725219622150062,-3.3393124732419848,2.4402914303537457,23.3466076963845,-9.67431409135191,-21.08379505266325,user,bench,heavy
1788983176724,8.770410178485513,-3.124432874242961,3.2927757629945877,-1.7959640913090027,-8.027722822096502,-21.98679728735771,user,bench,heavy
1788983176740,8.657882115936278,-2.574814247894287,2.314296056531369,-13.502962970224218,0.3981492824406443,-19.92912937535779,user,bench,heavy
1788983176757,8.623615689197182,-2.349011103820801,1.5560820260196924,-8.144083632344131,0.1852195224476719,-18.70145922110865,user,bench,heavy
1788983176774,8.544906894141436,-2.3790885544374585,0.517447710584104,10.779734104741577,-11.100723113654556,-23.587013279696023,user,bench,heavy
1788983176790,8.237252565333247,-2.516605220031738,0.4308080494638532,18.87531485624216,-16.782698573806574,-26.69554848418472,user,bench,heavy
1788983176807,8.492084235492348,-2.127248467309773,0.6637929948002099,16.46382606976265,-11.165583443786645,-20.472716810642424,user,bench,heavy
1788983176824,9.191489226421714,-1.867027797588706,0.9337390858523548,4.798581417904193,-0.2536389947871442,-9.973870820423038,user,bench,heavy
1788983176840,8.955811169543862,-2.554463241522014,1.5646110041078178,-4.918379947738455,-1.1487843508215485,-10.897330325455332,user,bench,heavy
1788983176857,8.51662480250895,-2.9472622436523435,1.551293988025561,-4.597121146353258,-5.51879797201218,-15.16831506158236,user,bench,heavy
1788983176874,8.255358715388178,-3.51139600982666,0.4454718770451844,6.592414490192152,-9.554250464800488,-22.65728280723201,user,bench,heavy
1788983176890,7.713371314570307,-3.8958153061464422,-0.3860640678521245,15.428092768927332,-8.985036159749965,-37.445473935841065,user,bench,heavy
1788983176907,7.885603027454018,-3.465157698003948,0.04339629332982,4.628982271284076,-9.344851378999882,-35.60086523726323,user,bench,heavy
1788983176924,11.170596758270262,-1.8008884151183069,1.5798743319522588,-10.22219600807719,-5.126324630132669,-19.134170488049172,user,bench,heavy
1788983176941,10.90484037399292,-2.063053204644471,0.6946190718270838,-13.14504056714804,1.8606451289753771,-8.208439382251283,user,bench,heavy
1788983176957,10.357167328754066,-2.630629220227152,0.220866491388902,0.4839453696784372,-1.4973218605347174,-11.829827878306848,user,bench,heavy
1788983176974,8.951321456909179,-3.328837840978801,0.0544689645513892,12.864042315825484,-8.232887190611699,-18.95226376743152,user,bench,heavy
1788983176990,9.031825903210043,-2.8990784968502816,1.4558244661744684,4.498254158117324,-10.89373423085732,-22.54242293105449,user,bench,heavy
1788983177007,9.66539151752889,-2.576758806090802,1.7871231438118964,-8.707890988892943,-2.7129823010671528,-16.431449265549496,user,bench,heavy
1788983177024,10.06821711589396,-2.0494364749632776,1.6870153677009043,-17.044492894503993,2.210757637622469,-7.523239927357483,user,bench,heavy
1788983177040,9.22470877445638,-2.166901847784221,1.5242089972231536,-14.718420746237374,-0.3100433639637706,-8.303336323032148,user,bench,heavy
1788983177057,8.394221242633462,-2.377741523742676,1.1595424491215496,-5.074956911819119,-6.170287882031031,-19.10689412759873,user,bench,heavy
1788983177073,8.823979856109618,-2.2469579657956955,0.715267892102152,3.91944301039611,-12.618102571738955,-20.70332961023144,user,bench,heavy
1788983177090,10.363451523590088,-1.4236518699094651,1.1641815436316654,-0.6060628020967712,-8.044981856355477,-3.64853935178001,user,bench,heavy
1788983177107,10.120589108166095,-1.731007215771079,1.630153589728847,-15.96585746794453,1.551834133909118,2.0219351370267624,user,bench,heavy
1788983177124,8.794653223860264,-3.117400345257669,1.7775453873232006,-24.62313077867216,2.9332283675999724,-4.068510181484346,user,bench,heavy
1788983177140,8.205079311481118,-3.3566704352781174,1.136798154404573,-19.717422539391368,-7.692321260261148,-13.591516372813434,user,bench,heavy
1788983177157,8.525003923797607,-3.0484169715330003,0.8044525249974802,-15.403907069076316,-11.236342496040685,-15.461897082677018,user,bench,heavy
1788983177174,8.964937894329427,-2.15493083948344,0.4086615379769355,-16.06388092781797,-6.945998015598079,-11.568128326484162,user,bench,heavy
1788983177190,9.395447618433831,-2.5613474480777976,0.3883103854741901,-26.66362076490949,0.1030072901622589,-9.353132983368525,user,bench,heavy
1788983177207,9.40292949862182,-2.9911062076844277,0.0638960970556363,-28.836874260686244,6.912734994340117,-14.16377950355472,user,bench,heavy
1788983177223,9.207650672149658,-3.022978871154785,-0.4194335457514971,-28.774784426036245,8.148000745833134,-17.63283172923055,user,bench,heavy
1788983177240,10.15755076533854,-1.700332237652689,0.7359185390081256,-30.984210603657385,4.435420686621438,-12.041387865206117,user,bench,heavy
1788983177257,10.352529147559403,-1.577180489758402,1.2187990498082713,-37.33665877707901,3.333669125146303,-9.81683623366798,user,bench,heavy
1788983177273,10.499773134180902,-1.4027027515135704,1.0137950212007387,-40.55687098959199,-2.4372505524815,-10.06734025166737,user,bench,heavy
1788983177290,10.67395013591349,-0.8922888850890099,0.1031013684364035,-34.09512954416641,-7.039242904373447,-11.03468030702241,user,bench,heavy
1788983177307,10.755651098522543,-0.6165067813597619,-0.6884822495725006,-17.554538978321986,-8.364133544381724,-4.085919479905062,user,bench,heavy
1788983177323,11.11582997981608,-0.0432452674865722,-0.7808080665703863,-8.852839555911661,-10.755927480389497,4.92154232532417,user,bench,heavy
1788983177340,10.644471527972817,-0.2922422401428222,-0.5172969770018011,-6.039772785389019,-6.113694642115597,3.4814526475574,user,bench,heavy
1788983177357,9.851093537360429,-1.0304046856202185,-0.6429918700402603,-1.0552957096701756,-1.8239104506283448,2.1319116413911345,user,bench,heavy
1788983177373,10.2982112819165,-0.9331403893068432,-0.5348043209133669,7.578859865316189,-2.146496443146639,7.563262274572819,user,bench,heavy
1788983177390,10.293571347156169,-0.9506472582943736,-0.3271069798349402,11.614156117527232,-1.275367072770631,12.55662916166155,user,bench,heavy
1788983177407,9.778967627826333,-1.808370295306295,0.5593462031042203,3.651230446312995,3.2934913911273496,14.280983842164847,user,bench,heavy
1788983177423,10.018088518634436,-1.936160808917135,0.9457103864140808,0.2037280144172974,6.302857584952746,16.678512575754493,user,bench,heavy
1788983177440,9.857677591925858,-2.0121768577575683,0.6726225267374888,3.1703093563329925,9.676230813187743,18.645685603893615,user,bench,heavy
1788983177456,9.42926454783976,-2.067991391699016,0.775272900003381,2.5362906433242123,4.752639004225748,18.04734907976945,user,bench,heavy
1788983177473,9.121759272113442,-2.4072201316833493,1.1308117004061118,-1.853266390237648,0.519225324453963,16.704117247405577,user,bench,heavy
1788983177490,9.316139688441156,-2.6636992767885324,0.970999104916863,-8.096147657201689,2.035270867937801,13.269888741213055,user,bench,heavy
1788983177507,9.530869065314532,-3.425504171399027,-0.026934512948431,-7.89194293026488,10.34994530499217,10.679695739062986,user,bench,heavy
1788983177523,9.8252056473881,-3.601926760101318,-0.6190497803734615,-3.182598574197138,11.832570199258608,12.028145835952753,user,bench,heavy
1788983177540,9.686940501514076,-3.717895756884664,-0.6503249528747052,0.6019461723788104,12.626727393113391,8.01806578838375,user,bench,heavy
1788983177557,9.121459412384032,-3.978564462634176,-0.4577409549770876,5.459654937102217,10.979310524742056,1.706297154441664,user,bench,heavy
1788983177573,9.099015525385736,-3.5606269275940954,-0.0609014452842995,10.768844221883638,12.219255382703356,-6.596589870209145,user,bench,heavy
1788983177590,9.131037388068435,-3.2516254219606515,0.2395713014567271,13.137999495887405,9.06478374095174,-7.086638013910989,user,bench,heavy
1788983177606,10.356568778339028,-2.5191489131651816,1.7767970531739294,8.751699822229405,4.164741143587479,1.7765297485210836,user,bench,heavy
1788983177623,10.308086779242752,-2.6207528461180627,2.288408385754749,-0.0711014555068261,4.6988457149831975,6.17845465384425,user,bench,heavy
1788983177640,10.11370519387126,-2.599204592785239,2.338387455008365,-10.9693469862903,4.566460000282248,1.1027745957467556,user,bench,heavy
1788983177657,9.044694152611491,-2.621351250402629,2.432509398175404,-22.07888872793699,-1.499695991601531,-9.184840537313994,user,bench,heavy
1788983177673,9.465026181572677,-1.893812928661704,1.476474492025934,-18.35238703564952,-4.7950143516101535,-8.035411907554643,user,bench,heavy
1788983177690,9.8702459815979,-1.6234182170592248,0.7781163067357614,-8.75290791193885,-4.489808629208604,-5.603599893199766,user,bench,heavy
1788983177706,9.843611072650551,-1.6611268932066856,0.0098770316962152,3.068648180396288,-5.8566942604418815,-5.352003898706823,user,bench,heavy
1788983177723,9.929652694812416,-2.0072386707030234,-0.1297347430137917,11.47088265440246,-6.9572511791424985,-7.823990231986069,user,bench,heavy
1788983177740,9.83193933955729,-2.077568490600586,-0.0166088241692632,16.859331588746823,-7.482648113120097,-9.606019029840953,user,bench,heavy
1788983177756,9.969007384601234,-2.213588634026796,0.8963297214450314,15.175479930021703,-12.063010536571085,-8.241085125163005,user,bench,heavy
1788983177773,10.171167202758788,-2.0316298923768104,2.009484915259853,11.525456719644508,-17.934364090519104,-6.644756791122898,user,bench,heavy
1788983177790,9.918280236926677,-1.9265838561460376,1.956661635556258,12.546522189237225,-20.3737559073054,-4.488518577229117,user,bench,heavy
1788983177806,9.93997710494995,-2.008286133929342,1.550545434680581,11.253812412390284,-21.9240944432297,-0.2433862938735732,user,bench,heavy
1788983177823,9.562142155456542,-2.521094348144531,1.2979577805886044,0.334103692490919,-14.71062067020522,-0.7612514235069251,user,bench,heavy
1788983177840,9.415347666168213,-2.643946528570354,1.2850879785508849,-7.752431193825491,-11.209884050743348,-2.8412696888226825,user,bench,heavy
1788983177856,9.771335525512695,-2.446574236950278,1.183484465723112,-10.152943866308783,-16.849806889949242,-2.248130084883252,user,bench,heavy
1788983177873,9.63980407180786,-2.7415103923521933,0.2364276879350654,-4.894435438942505,-15.8641422908247,-4.597103643993511,user,bench,heavy
1788983177890,9.740060681805014,-2.805106373950094,-0.4617813255422283,4.545168593092026,-9.10687819680653,-7.345172626827018,user,bench,heavy
1788983177906,9.260323693194984,-2.68629411656484,-0.8451522818528581,13.077965548177575,-5.397444720368094,-12.262602324497196,user,bench,heavy
1788983177923,9.72345149230957,-2.242319346209616,-0.0616500716945156,11.654133214739316,-3.497449590923804,-12.478571198505705,user,bench,heavy
1788983177941,9.76789444514811,-2.027439747210592,0.0492314931561704,6.5366630710919225,-1.5355935448884144,-15.061893884124393,user,bench,heavy
1788983177956,9.85677918178141,-2.1924901702880857,0.0365124703665263,2.604580155306469,-0.6118874593549112,-18.25044646228708,user,bench,heavy
1788983177973,9.944467986628412,-2.05123241846934,0.05776116536404,6.952981884024417,-6.785827518240342,-16.414100585057664,user,bench,heavy
1788983177989,10.005519544440508,-1.934813778222352,0.1198603873318526,11.282299423871114,-13.525354037870812,-12.804049349250676,user,bench,heavy
1788983178006,9.470266420313717,-1.8584988925658168,0.4279641769405919,9.952925191559547,-16.452166936849437,-12.905485342388182,user,bench,heavy
1788983178023,9.018958238330482,-1.9300259594239293,0.691476075934997,-6.465894200440951,-10.536679261805734,-11.257706473990838,user,bench,heavy
1788983178039,8.766669238391518,-1.902193072863668,0.3848683995002516,-17.54902872320908,2.983617234428096,-10.220553347581802,user,bench,heavy
1788983178056,9.532963991767168,-1.6852184012815354,-0.8185174405479352,-25.845690243874834,4.933217253049838,-11.141406281672092,user,bench,heavy
1788983178073,10.051606757354737,-0.9914987625122068,-1.427092801860289,-22.21652386990192,13.680903058481393,-5.235334876172896,user,bench,heavy
1788983178090,10.222192456597089,-0.8426087622493506,-1.7724563433887668,-14.700583707219886,14.03924637196517,-2.9747601866218814,user,bench,heavy
1788983178106,10.65449900099039,-0.7374142574585973,-1.3160618665506132,-3.255505080614912,8.40181484425904,-0.91536573086583,user,bench,heavy
1788983178123,10.064176316070556,-1.0229225131712854,-0.8984225381389725,9.569282003616394,-0.5429434765119495,-4.129634398140436,user,bench,heavy
1788983178139,9.490465743255614,-1.3899835551939903,-0.2421129122309386,8.152098005561495,-7.148167773049049,-11.789076408397612,user,bench,heavy
1788983178156,9.206454155841469,-1.5743370830260217,1.2331639903411502,-1.8616954840036783,-10.051793033569128,-14.774718580471204,user,bench,heavy
1788983178173,9.925012175530195,-1.3166611293517052,1.1965035400384103,-17.12177136232081,-2.4892235963102425,-7.758533967848898,user,bench,heavy
1788983178189,10.250626523920891,-1.185578734588623,0.8447050449754344,-21.89090655405261,4.76692306421436,-2.0319349608584845,user,bench,heavy
1788983178207,10.4511397439152,-1.1127049292966722,0.0430960956736933,-15.705243062426232,7.280008353276866,2.857097798450541,user,bench,heavy
1788983178224,10.800694355341792,-1.344194448443502,-0.0948690626067575,-3.06561792428233,0.5991883234188592,0.4084986198588003,user,bench,heavy
1788983178240,10.422110048785806,-1.6561889984130858,0.0137668330758344,2.0417418318461533,-4.615566499093701,-7.106876291308559,user,bench,heavy
1788983178257,10.690112750685214,-1.4856025685183702,0.391153454279853,6.252008107242471,-6.529049117714651,-7.970859789708853,user,bench,heavy
1788983178274,10.827477148327231,-1.4315826629087327,0.3247149370241852,13.394159764293208,-4.809921239473706,-1.3063728232296097,user,bench,heavy
1788983178290,10.740388647460938,-1.3456908244810997,0.3372844569240987,12.597906556136875,-1.261335302894486,2.94849640171589,user,bench,heavy
1788983178307,9.871294613867995,-1.5108905929014085,0.9838681820104422,2.1056341961068026,-2.4083479666783565,2.9206302971192954,user,bench,heavy
1788983178324,9.299829189631344,-1.4909889377318322,1.0875672587564964,-10.369238028076518,-3.608333870117553,0.0973165486345549,user,bench,heavy
1788983178340,9.232640151977538,-1.3073835979185997,0.5883757498198537,-6.812013182857701,-1.8486186599508656,-0.041286365768718,user,bench,heavy
1788983178357,9.802310509490969,-1.037437506866455,-0.462080283372628,5.679441886856765,-3.698212756292574,5.7457314340726775,user,bench,heavy
1788983178374,10.0287116194576,-1.1757023604795336,-0.500686410683312,10.820471060498823,-3.4756397296868955,8.74030535914653,user,bench,heavy
1788983178390,9.850044905090332,-1.572092518969625,-0.191236209151009,-3.964953414609552,-2.31024553274264,4.094201938047349,user,bench,heavy
1788983178406,9.833434546551109,-2.231096525927633,0.0505784599188715,-20.97530091279218,4.889593688594613,-6.65778580385152,user,bench,heavy
1788983178424,10.733953645977378,-2.321627422332764,-1.5182223148958292,-18.76480068792405,14.5636913483272,-8.694971686077864,user,bench,heavy
1788983178441,11.502044050598144,-1.941846745599061,-2.386868422058178,9.226750578061193,16.174386558399604,-2.427013806462943,user,bench,heavy
1788983178457,11.563095608410238,-1.88663061594218,-2.714425387850054,33.90898639871605,12.85056379127211,0.0363497398243855,user,bench,heavy
1788983178474,10.781240297809244,-2.2339392020076514,-0.8255495822303928,37.399336007997626,13.030628068361157,-6.752937169178968,user,bench,heavy
1788983178491,10.57234561843872,-2.4510635111935435,0.0305269844824448,25.13988069316052,21.046363908464286,-10.764888688580552,user,bench,heavy
1788983178507,9.967511008563635,-1.9297262458249929,0.6691807339868507,19.956550877328095,28.30018360891603,-12.966728233581104,user,bench,heavy
1788983178524,9.275137231445312,-0.9623194297790528,1.42814231319651,28.78354755874137,19.30795099110181,-5.1985858971172885,user,bench,heavy
1788983178540,8.65698487483561,-0.2545332717344165,1.9921258207125587,39.612126053785,0.9853446474506072,-0.4739957050484327,user,bench,heavy
1788983178557,7.095516479602456,0.0315738266542553,3.0548522287448865,39.16015877602692,-14.282614549829187,-4.971813798275933,user,bench,heavy
1788983178575,6.921638168555497,-0.2368763267517089,3.6152458585428073,21.867291174997288,-25.3525761990093,-7.245385270600424,user,bench,heavy
1788983178590,8.791360027533768,-0.1294366733826696,4.302232079137582,-5.770692360394489,-22.93647874238733,9.060901632182237,user,bench,heavy
1788983178607,10.028262706646323,-0.0618003303527832,2.8181258318578823,-28.70392804358653,-13.526056693581678,20.86973009388588,user,bench,heavy
1788983178624,10.33532023860514,-0.5023334358215332,2.1727392304345035,-51.92541350456557,-10.124434656713152,20.343906273085157,user,bench,heavy
1788983178641,10.57279453125,-1.4279915065489708,0.5442326681271661,-49.43029758943572,-16.609911863278175,6.228388886205744,user,bench,heavy
1788983178657,11.162068583899735,-0.9130888042725622,-2.924515875709289,-13.212555279546324,-27.80914594155818,5.032084241285772,user,bench,heavy
1788983178674,11.642554345050453,-0.4709093929015099,-3.629908265918609,10.757199603122412,-32.51527946838578,7.31472193595981,user,bench,heavy
1788983178691,12.858660319849848,-0.8231567505434155,-2.5148088655337224,-3.7815611278474166,-16.63827080871207,9.995052090812893,user,bench,heavy
1788983178707,13.938444099536538,-1.0322001907348632,-0.9858120221126824,-30.8955581633252,5.555610130317611,17.28849627996082,user,bench,heavy
1788983178724,13.397952490234374,-0.8019076262876391,-0.9838664866686332,-35.869762954697464,23.449608656615585,18.474123204773942,user,bench,heavy
1788983178740,12.2840489988029,-0.9904508608944712,-1.9969128540596923,-9.544374865034296,9.786067939004369,16.379297356141866,user,bench,heavy
1788983178757,12.745233847156166,-2.132036724499613,-1.3597563756420277,6.120205946828735,0.6568870401236294,19.022317602653757,user,bench,heavy
1788983178774,12.48830549697876,-2.8193215079158542,-0.6522698718308237,-2.669042626919403,9.399521066890312,27.259652100188777,user,bench,heavy
1788983178790,9.789293791529536,-2.842217084204405,1.2904752313970471,-20.39006810659069,16.190717540705105,21.163337728189923,user,bench,heavy
1788983178807,7.513156200739741,-3.980210914666951,1.8496710693846676,-22.703639301128888,5.699028734962246,9.904941405092917,user,bench,heavy
1788983178824,7.473052153888345,-3.853617209625244,1.787871139534981,-14.814944979587995,-0.915717805773203,6.963812856500764,user,bench,heavy
1788983178840,7.868693393707275,-2.7216088833130896,0.6069309451168053,-1.248089751824833,-3.801672192971696,0.7719997400221451,user,bench,heavy
1788983178856,8.65668618414998,-2.130989115142822,1.4673475389115045,-7.222545971789549,-6.691121822756237,0.9332698978362548,user,bench,heavy
1788983178874,8.935310817828775,-1.9399016028806568,1.9481330182277363,-15.312696722899966,-6.749325706655323,-0.8454291294373952,user,bench,heavy
1788983178891,8.680179872462153,-2.056320243127644,2.03836425126628,-15.873397197150068,-15.797495012451009,-4.073249478994689,user,bench,heavy
1788983178907,8.385542261615395,-1.057489091900736,1.4288902728864457,-8.969629814303355,-19.61713316426078,1.002505711183676,user,bench,heavy
1788983178924,8.888025919562578,-0.6836940654478967,1.2877825513971035,-9.821940092525274,-23.631394141375477,4.3583074240051705,user,bench,heavy
1788983178941,9.001001725879311,-0.985213690893352,1.074847821121849,-10.826434669417893,-24.994319116663792,7.271344258314705,user,bench,heavy
1788983178959,9.581595628467202,-1.2862849880494176,0.079308368384093,-10.426425494449742,-20.89679984111393,12.668759523492003,user,bench,heavy
1788983178974,9.546279984936117,-1.627608069964498,-0.17806838314794,-9.029554478986462,-16.891626430689936,15.214372734703048,user,bench,heavy
1788983178990,8.782979737201332,-2.375496667425334,-0.5835857778802513,-1.7424440096332523,-19.5927340209982,5.219692889199921,user,bench,heavy
1788983179007,7.863905574908852,-3.1168019409731027,-0.6156087000088766,-1.1265072619567285,-19.42412738624185,-0.9852357913107104,user,bench,heavy
1788983179024,8.61224323131144,-2.689137084905803,-0.4706093505090102,-2.401238380082608,-13.112703036522614,3.6178816208035847,user,bench,heavy
1788983179040,9.26316680766642,-1.9247883510313928,-0.5767023019768297,-4.024345324537397,-5.726927496400809,7.41229374957438,user,bench,heavy
1788983179057,9.63307096416056,-1.4308349132813512,-0.7570155414421111,1.6846087425059346,-14.348021295094876,3.4804552264951663,user,bench,heavy
1788983179074,9.788543849945068,-1.5735887488767504,-1.1929101003900169,4.829093153587109,-16.571840388844524,2.351508626509391,user,bench,heavy
1788983179090,10.653448615154623,-1.6139910480223596,-1.2774554195795207,-2.363980765377246,-5.299054137826769,8.079543467329389,user,bench,heavy
1788983179107,10.79470768214762,-1.892167499542236,-1.3307261873222886,-3.1652503205921287,0.2096741076364034,15.254942350825631,user,bench,heavy
1788983179124,10.62875957957804,-1.992574331665039,-1.408837381811067,5.213561513759365,1.1631143011436464,16.186091795089716,user,bench,heavy
1788983179140,9.523835513415932,-2.2565350646972653,-1.4369693974483757,13.687043398545232,-9.983117189011942,7.263918135139608,user,bench,heavy
1788983179157,9.796775671717525,-2.463933221899718,-0.3642168315727263,8.920732490035233,-10.500177023333894,6.482637555417591,user,bench,heavy
1788983179174,10.248828534588217,-2.567481713049113,-0.4837777884334325,1.073212789967,-2.4020991973614407,5.9216053901059205,user,bench,heavy
1788983179190,10.434379747772216,-2.569426855767518,-1.6350892925653606,6.06148339543955,3.1621965857028984,8.010404023682288,user,bench,heavy
1788983179207,10.49662840641439,-2.049137199755758,-2.096870718572289,21.41365050089255,-0.4193441865284136,10.743250649289951,user,bench,heavy
1788983179224,10.284144178119302,-2.1474492515563965,-1.875706340215355,23.311363920267237,2.01840585021657,10.82432157964342,user,bench,heavy
1788983179240,9.647286536517738,-3.079990944317728,-0.7634498853385449,17.43193879026755,3.006061449484169,8.665248410357261,user,bench,heavy
1788983179257,9.079411830249429,-3.467252916717529,0.5910693385686725,4.723826704985696,-0.8019285617480831,4.926256863398772,user,bench,heavy
1788983179274,8.929923864093423,-3.6770449833191927,0.6639427785344422,-4.60081414426012,-6.766154865883412,-1.0911175972676594,user,bench,heavy
1788983179290,9.418938968658448,-3.3412577620908617,-0.5006866915278136,-5.730893274987648,-4.2232873907187125,-0.5879245410647148,user,bench,heavy
1788983179307,9.4274712346822,-2.606388220679015,-1.5955850382380186,-0.2000393654199468,1.8282832658010335,2.6279385484942663,user,bench,heavy
1788983179324,8.895955543518065,-2.558203889355063,-1.3432959652338177,3.888736614321848,-1.097162207961415,0.6652158154862253,user,bench,heavy
1788983179340,8.729110199847817,-2.544288176727295,-0.1851009121332317,-3.74381664872028,-3.994791095998752,-2.905279873846515,user,bench,heavy
1788983179357,10.090213259124756,-2.4999951537534595,-0.8333303540334105,-7.505625723261666,8.551979968256354,1.916553002096282,user,bench,heavy
1788983179374,10.31736314163208,-2.28556475982666,-1.9418461610771716,4.670524762476562,14.091156663430914,8.236543049364947,user,bench,heavy
1788983179391,9.426720124053954,-2.303371196282655,-1.9717741202205417,20.52505484270494,17.905380182776153,8.360966897927778,user,bench,heavy
1788983179407,9.388262090843916,-2.082655876867473,0.1384155871953815,24.87645566479876,-3.5918658571418294,4.028177487548597,user,bench,heavy
1788983179424,9.950451737213134,-2.0763709513790904,1.4220071349097414,19.46987087066072,-13.2953209505876,7.365608552823697,user,bench,heavy
1788983179440,11.222970504108073,-1.6864157943725584,0.7375644065190107,21.051245786173556,-4.994370924896724,20.443275280225084,user,bench,heavy
1788983179457,11.23584050707519,-0.8882491081789136,-1.367088234633766,40.65737380813415,10.362299409653431,44.61724086624616,user,bench,heavy
1788983179474,10.78408282775879,-0.8017582809448242,-1.6546916725274174,45.61771673058587,0.6029319607751137,44.06157765650894,user,bench,heavy
1788983179490,7.844602324023842,-2.0160671431943773,1.3142678410070017,24.185732294413707,-8.992657797090054,23.243545264450884,user,bench,heavy
1788983179507,7.759458527484536,-2.658312323053181,1.07873807002604,11.979222898475244,2.257487870932992,15.95799079756797,user,bench,heavy
1788983179524,9.40218131060302,-2.307561487579345,-0.5249278737390414,22.809387704953608,6.377552106829183,24.705253558157803,user,bench,heavy
1788983179540,10.78917050628662,-2.6186574812740084,-1.2562066971825434,26.92378267039528,0.8674662545467654,32.674521913790045,user,bench,heavy
1788983179557,9.91453929683268,-4.257189826965332,0.6175553405646235,7.565797982302185,-8.746578887899187,25.445296016992224,user,bench,heavy
1788983179574,7.989751968714595,-5.610063402557373,1.4130284402927382,-10.657851940323638,-5.120542875000254,6.312986328605052,user,bench,heavy
1788983179590,7.717110501098633,-5.575796683557331,-0.0999573347896337,0.0249926810318615,-1.5672655589565867,-0.0670613786024437,user,bench,heavy
1788983179607,9.902717926135658,-4.559757354028522,-2.6241935246238484,27.38215154295296,-0.5217959835419735,4.75137328479518,user,bench,heavy
1788983179624,10.39337962886393,-4.676773667907715,-1.8718159817133095,22.39292375050125,-4.899468861473982,1.07980904515794,user,bench,heavy
1788983179640,9.774028417858482,-5.268889373724162,0.5366015065284445,3.2534891075927,-11.977044921903657,-12.198724687831945,user,bench,heavy
1788983179657,9.562143909022211,-5.438130380359292,1.2746139125432818,4.517227996744796,-10.02575635245304,-16.83829802119777,user,bench,heavy
1788983179674,11.046547184753416,-4.456806682641804,-1.7678178836328908,30.78485787235222,-2.737514633018546,-3.771122037474698,user,bench,heavy
1788983179690,11.26262446910441,-3.821894037628174,-1.1139017378658056,33.55299352408041,-6.961743309182251,-1.6478430081425195,user,bench,heavy
1788983179707,11.106851723590491,-3.893121829278767,-0.1405091619411483,21.15884004862147,-18.295206399465464,-7.894372770062112,user,bench,heavy
1788983179724,11.158476696887613,-3.960608096313477,1.3227969652255995,4.824769216955668,-23.744780404239563,-3.3110302496988844,user,bench,heavy
1788983179740,12.011560675922036,-3.9739252585262057,-0.7362159875847398,12.739594561600558,-7.240188350415691,16.322589710557835,user,bench,heavy
1788983179757,12.482619852557775,-4.227112376348674,-2.567181999450177,27.11031001398645,-0.7259896114213823,29.88980597785165,user,bench,heavy
1788983179774,11.720515536609293,-5.689969590704143,-2.185606073330157,27.69134396139568,-8.977690291297616,27.210905040082395,user,bench,heavy
1788983179790,11.51012448120117,-7.2201637267515055,-0.4188348492059856,5.210449081931954,-17.75303964352819,24.57215536934906,user,bench,heavy
1788983179807,12.637793463134765,-7.370250243322551,0.2928414481449872,-23.00250618109384,-29.364769336352776,27.04297459405388,user,bench,heavy
1788983179824,14.79990661533773,-6.749852738134563,-0.8099876915644854,-5.331581633088485,-25.594561263566387,60.66175137757797,user,bench,heavy
1788983179840,15.47552156535685,-4.224419191741943,-4.899733112987875,32.11051221288707,-28.748430141123748,98.62743301117472,user,bench,heavy
1788983179857,13.16975631354451,-3.212120802307129,-4.127452928527072,49.26745221924428,-27.718219048232385,116.5592682241536,user,bench,heavy
1788983179874,6.592883184051513,-2.287360411071777,0.3514993888188153,21.77795059310623,-17.458270877065242,118.40214888487144,user,bench,heavy
1788983179891,2.722207287597656,-2.614766903576254,3.545514041071012,-10.626424532405116,-15.491953330119658,106.34091590503184,user,bench,heavy
1788983179907,2.335394081878662,-2.820668246349692,4.233099049542844,-38.61309818954933,-3.0988425257262104,92.98747943611755,user,bench,heavy
1788983179924,1.0295078829109667,-3.42849736186564,1.222689590973407,-40.99260290769296,13.861659745997546,61.68643001724162,user,bench,heavy
1788983179940,0.3685580025821924,-4.770895720672607,-0.7015004288386553,-19.41740648009856,4.475551463089848,27.22640444685645,user,bench,heavy
1788983179957,-0.6742670425415038,-5.671265767017006,-0.509964149895683,-10.338936747597405,-4.027101305867498,-28.65027690765608,user,bench,heavy
1788983179974,-1.297507077679038,-5.374384468896687,0.5113124957647174,-34.516641008415405,-5.112362015921871,-86.38844435818554,user,bench,heavy
1788983179990,3.869779824396968,-1.752855767224729,0.448614120593667,-40.639492372887055,-3.0919690075436503,-88.2856864945075,user,bench,heavy
1788983180007,6.231359902411699,0.2000651839658618,-0.3901045023493468,-35.93016914771706,-9.773464532438402,-73.28685062434796,user,bench,heavy
1788983180024,8.6321444480896,2.0181629464298485,-1.7820334925226866,-16.828621350691154,-5.6322952254502825,-48.43883757480042,user,bench,heavy
1788983180040,9.0645982919991,1.5768807761594652,-2.803758904863894,-5.542046228399611,3.459486332299816,-26.16741093680265,user,bench,heavy
1788983180057,9.328708662635089,0.6657376991271973,-2.411559037670493,-4.79227971462121,12.789401154801938,-10.189682600080635,user,bench,heavy
1788983180074,8.22318604605794,-1.647958637945354,-1.3287812637995928,-10.407084106267558,21.132347452378283,-17.080288208396738,user,bench,heavy
1788983180090,7.591265276336669,-2.9691090415403245,0.0818522807132452,-22.79994155333148,15.306508571511936,-33.38640521022379,user,bench,heavy
1788983180107,8.644415900641679,-2.828599916131794,0.4584904947027564,-23.76459478302177,9.118848957100624,-36.0720151013053,user,bench,heavy
1788983180124,11.094132527270911,-2.088043415124714,-1.1079160875849423,-9.6126135774846,2.864770021879169,-26.45150582514016,user,bench,heavy
1788983180140,12.552948941802978,-1.7485148154109715,-1.7579419844478368,1.8120385146338047,5.560693071720569,-12.796371362849936,user,bench,heavy
1788983180157,12.558635170745848,-1.875257865795493,-1.9387034791372717,11.0608535919219,8.589432456796473,-5.485865361155318,user,bench,heavy
1788983180174,11.97654606116414,-2.555660634613037,-1.286134327532351,13.239288639957753,6.746875803177405,-0.9431683360474844,user,bench,heavy
1788983180190,11.613525234442948,-3.133561060333252,-0.3410235875118523,7.526403158716844,4.505626066665883,3.15653734708872,user,bench,heavy
1788983180207,11.499800655585526,-3.4344825737550853,-0.1155196455806493,3.8595132230711258,4.169022391536608,8.813589020072536,user,bench,heavy
1788983180224,10.40624904730916,-4.032583783721924,-0.5536582571282983,2.007286302247789,2.1724861667121838,12.107759374692067,user,bench,heavy
1788983180240,8.947730738940834,-4.8186304085329175,-0.7199056349053978,0.599602030111321,2.512604614499666,8.456437574598922,user,bench,heavy
1788983180257,8.206725325122475,-5.061491654913128,-0.6537661063045263,-5.300672038886415,0.5129882945246834,-2.3761907957357016,user,bench,heavy
1788983180274,7.331645202857255,-5.1265840125486255,-0.2783253584712744,-10.154859734370977,-1.4169001183175196,-14.893352136165156,user,bench,heavy
1788983180290,7.660099743109941,-4.508581293542683,-0.8188160909906029,-1.6625053965781271,-3.574825175492882,-20.798270947241917,user,bench,heavy
1788983180307,8.221689085498452,-4.1813232695981855,-1.004965123937279,10.972464113872766,-9.143165284319515,-14.346028587404524,user,bench,heavy
1788983180324,8.438513973346351,-3.769371530969441,-0.6136633746273815,13.98650194364704,-16.916756404193706,-11.856099347175656,user,bench,heavy
1788983180340,7.590516503795981,-3.6605844085142016,0.042198534912616,5.852177370966387,-29.441810455095933,-23.92558063421168,user,bench,heavy
1788983180357,7.164349192810058,-3.739892338506877,-0.1210560907892882,3.839743240518524,-33.45322836596861,-36.7103167698105,user,bench,heavy
1788983180374,7.803002485656738,-3.3131258925840257,-0.6322179991021752,0.9595873637602546,-30.46935777421099,-32.987761219316,user,bench,heavy
1788983180390,9.097067898449302,-2.334795531463623,-1.6201254591241478,-6.206577103978131,-1.759562064518891,-13.30476624843608,user,bench,heavy
1788983180407,9.780312612694502,-2.2137387100219725,-2.3068125689081844,-10.283797484201536,15.421711664695248,2.6505204345507978,user,bench,heavy
1788983180423,10.426898452106116,-2.514809568786621,-2.5067281152702865,-2.2462761154104163,12.546055175052723,8.618965340993961,user,bench,heavy
1788983180440,9.26331761431396,-3.2212486961364744,-2.706045695739239,21.77689191378488,-1.7920117596570926,-3.4983238551375657,user,bench,heavy
1788983180457,9.195231335559487,-3.486406822259724,-2.3647221754327417,20.028633278733828,-1.992799471018192,-10.464316822644037,user,bench,heavy
1788983180474,10.16413423538208,-2.9674627356380223,-1.4329289629511537,8.764646445801164,5.557326215346576,-5.197749625830785,user,bench,heavy
1788983180490,10.761937046924231,-3.157951697485149,-1.4730318407587706,4.021205145066484,5.424150760022844,0.7465846594813805,user,bench,heavy
1788983180507,10.48301196899414,-3.263296570532024,-1.659180727574974,5.009402036825806,1.883569378264056,-2.1054721925574267,user,bench,heavy
1788983180524,9.958082670482993,-3.369689199066162,-1.6332934221245348,5.12985498415992,-1.6617644277748864,-5.255786170095207,user,bench,heavy
1788983180540,9.768345111525058,-3.161543292236328,-1.4425062079831956,8.331072013704278,-9.665387034106704,-8.215454840302533,user,bench,heavy
1788983180557,9.518447975158692,-3.143586779785156,-1.4999661710441112,15.325841421957657,-14.600757077405564,-12.243883337303128,user,bench,heavy
1788983180574,9.367763492694497,-3.2613518662050365,-1.8107639124445616,25.53263706100376,-21.7539049121332,-12.199861060555104,user,bench,heavy
1788983180590,9.772533210864662,-3.5558380858823653,-1.0540466963618993,31.73736873324552,-41.59930812109768,-6.750277237384071,user,bench,heavy
1788983180607,9.885808876910804,-3.557334754180908,-0.1990172823481261,33.59871139528988,-61.414984639246974,1.3090757638719364,user,bench,heavy
1788983180623,10.187776976776124,-3.673902155248821,-0.2439085634760558,36.166643957161234,-69.79537403385332,16.513604488433703,user,bench,heavy
1788983180640,10.395625361964106,-2.8980314720153806,0.4531035409674048,31.903188650820503,-91.3045481453831,21.93548549121799,user,bench,heavy
1788983180657,10.07300493469238,-3.133261785125732,-0.0436931573845446,37.48210765545443,-131.56288522673216,15.854014827832865,user,bench,heavy
1788983180674,10.111461798858642,-2.3567922592163084,-0.8447036887019872,51.20353764137609,-170.24366717586173,12.919276348096083,user,bench,heavy
1788983180690,8.393173779407142,-2.690933028411865,-2.2360344207212326,71.50104985452393,-166.72075122461754,20.620766283544327,user,bench,heavy
1788983180707,6.597522534289956,-3.032555385534465,-2.9303526099056003,77.81721264797986,-132.64549753093587,32.91798400675515,user,bench,heavy
1788983180724,6.155792327991128,-3.7943610107973216,-3.51468774484843,69.56430190404262,-110.95884095382333,35.625044106925074,user,bench,heavy
1788983180740,6.534226996943354,-4.272303809466957,-3.833864461407065,52.16191563476643,-88.37691733125136,26.00622530257952,user,bench,heavy
1788983180757,6.478111726489662,-4.894646311242878,-3.994276264898479,15.573154034067356,-43.52242301399564,16.470309626832286,user,bench,heavy
1788983180774,7.065438736724853,-4.765508182415366,-4.075379261614383,2.584979433379236,-20.441065714028586,19.05634560509876,user,bench,heavy
1788983180790,7.959972916522622,-4.367622086279094,-4.514416575567424,6.806710821627656,-6.8348657151600944,25.629711124582567,user,bench,heavy
1788983180807,7.8540294930607075,-4.451868641717732,-5.314079637798667,36.515943246410274,10.349192276636176,17.96229614912987,user,bench,heavy
1788983180824,6.802676273566484,-5.203498325403034,-5.166836235699058,57.71940833597402,24.95365558544012,5.315690344210804,user,bench,heavy
1788983180840,6.251110897064208,-5.265746691784262,-3.9775162687554952,51.4084603919494,43.75736786106574,-6.646022510553466,user,bench,heavy
1788983180857,6.622511429595947,-4.83284568862915,-1.0521014075130224,-11.06765048391971,104.1245878212544,-19.831549877780404,user,bench,heavy
1788983180874,8.138041664996743,-5.002983936364949,0.4257195672184228,-56.41121195895773,132.32368633800155,-16.684497529014713,user,bench,heavy
1788983180890,8.673445011249184,-4.772392096710205,-0.1016030561700463,-74.3955337606136,138.29130457811172,-2.669585200071596,user,bench,heavy
1788983180907,10.386197023883462,-4.002805608312785,-1.66486724877879,-63.9726514267958,108.97286099980457,7.915289370621629,user,bench,heavy
1788983180924,10.11894367904663,-4.110394753155112,-2.375945141845196,-40.01273030898459,56.45838124536584,10.812917725050438,user,bench,heavy
1788983180940,9.30760859146118,-3.755155666351318,-2.086994928985089,-15.394927077865043,17.183079140310845,8.18648544671157,user,bench,heavy
1788983180957,8.26732855464518,-4.081216004943848,-2.43430409957245,-4.302509901128044,20.356005953199837,8.925677546994322,user,bench,heavy
1788983180974,7.535899947467445,-4.78825368270874,-1.8436843314021825,-16.531622527464197,40.08979533338984,7.665083319624784,user,bench,heavy
1788983180990,7.407808989605307,-4.991461256353557,-1.6787835459284484,-22.34842336051133,50.24962659170294,2.7445066122945234,user,bench,heavy
1788983181007,7.4419287013500925,-4.640860935266316,-2.167649743542075,-5.359028748268181,38.594902565600414,-7.705529992342306,user,bench,heavy
1788983181024,8.948179651752113,-4.789899696350098,-1.7528544520504772,8.88933752551527,14.425603706329758,-9.886834573603211,user,bench,heavy
1788983181040,9.572167874908446,-4.7527892783567305,-1.054644808385521,14.657459600347718,-2.0227882703427795,-11.350414339142713,user,bench,heavy
1788983181057,10.007014166912436,-4.722412260271609,-0.334289237755537,14.04828868865262,-1.987954519019126,-10.223749022339724,user,bench,heavy
1788983181074,10.386346661487222,-4.739172548675537,0.2139823578983545,9.145543897697973,1.97347601208258,-5.180315567974327,user,bench,heavy
1788983181090,10.493187910571692,-4.58354944076538,0.6259349733099341,2.4919059396633534,3.893979211396657,0.2407365806820049,user,bench,heavy
1788983181107,10.096797313690184,-4.4014404769897455,1.0513542424075304,-6.790396061021434,-2.848308625649204,0.0588186209347077,user,bench,heavy
1788983181124,9.95329485168457,-4.242525634057819,1.46959163717702,-16.282416245407113,-14.510844467171518,2.8626821184272613,user,bench,heavy
1788983181140,9.814432908961177,-4.0451539269596335,1.6053126515261829,-31.249478075547756,-25.824286138563306,7.466358111949616,user,bench,heavy
1788983181157,8.616582137298584,-3.781341954748332,0.8174708138614892,-76.58494406887202,-15.606668064777317,11.065080625244493,user,bench,heavy
1788983181174,8.116493265533446,-2.961028610937297,-0.2694967398494481,-127.23856951979204,6.403023589791453,22.332766859386364,user,bench,heavy
1788983181190,8.628554314643145,-2.3198314788267016,-1.499966463305056,-150.82535740324545,27.247943448404083,38.68948019503758,user,bench,heavy
1788983181207,8.454824472156167,-1.7488146751403808,-6.252905963787436,-107.21565140184622,27.19156877454209,47.400703462471846,user,bench,heavy
1788983181224,6.729653122931718,-2.5047841415956613,-10.527902227208765,-33.53823007018942,13.196329311399312,36.348487498529074,user,bench,heavy
1788983181240,5.532551123809814,-3.295618585205078,-11.651381648498027,42.98078901281363,9.690096950976518,10.548750767390086,user,bench,heavy
1788983181257,4.6648038286507125,-4.695478368377685,-10.46011697722748,108.83129849906688,24.402469564703846,-16.205322192697885,user,bench,heavy
1788983181274,6.787711928668617,-5.185690866033733,-6.077530838311463,128.78760178203757,39.270394614136336,-20.390872361365453,user,bench,heavy
1788983181290,7.926453508758544,-5.262155389294028,-2.9951458384640515,116.71628061279388,44.85965111007908,-18.08756864869708,user,bench,heavy
1788983181307,9.432406937518715,-5.572952984564006,3.3690912331730125,56.06467548122796,31.44068239117309,-18.803811313368584,user,bench,heavy
1788983181324,10.052803273662924,-5.504568307384848,7.315334411786496,-3.5812884554384183,9.801779081642689,-19.08707633372194,user,bench,heavy
1788983181340,10.538976432800292,-5.271732488195598,7.490260478320717,-50.38637380907576,-3.988415114408545,-15.724705686466184,user,bench,heavy
1788983181357,10.880153091982006,-4.4949645638614895,4.340837685858458,-81.92426686761107,-5.221981856345521,-8.995712599196342,user,bench,heavy
1788983181374,11.03083698992431,-3.1476275796085598,0.4985930802494287,-99.14486765212736,-4.527624825322025,5.644561818312802,user,bench,heavy
1788983181390,10.787374855041504,-2.586336051122844,-1.8912689432673155,-82.9794696226755,-5.590038552602706,13.550075053798029,user,bench,heavy
1788983181407,9.516503855353593,-2.1689970664978024,-6.062716569408774,-47.74509526080223,-9.890469088015305,17.242274682300053,user,bench,heavy
1788983181424,8.147020505744218,-2.793734354455769,-8.101828049712628,4.4985815803106615,-3.885997708464673,16.324058201229388,user,bench,heavy
1788983181440,7.576151878356933,-3.1802477004453538,-8.827869410894065,44.55960089984042,7.157338155783437,7.845078441048483,user,bench,heavy
1788983181457,6.5960255737304685,-3.50855260309428,-7.372494222857058,66.39033348730521,4.809261272445154,-0.7360897002956858,user,bench,heavy
1788983181474,7.743596356964111,-3.302650968059897,-3.247284762407839,49.18885040227577,0.9674844498229644,0.239503571454259,user,bench,heavy
1788983181490,8.494628074756264,-3.0910639808654783,-1.5620663611263037,9.93734723761004,15.31096014730349,12.659361183194063,user,bench,heavy
1788983181507,9.229947259631752,-3.321954511205852,-1.2931674410395324,-17.823960912775018,31.670135766150494,26.51597427316862,user,bench,heavy
1788983181524,9.16814809832275,-3.545065347455442,-3.189225664409995,-5.47943601871222,38.53795586339543,32.778310053322976,user,bench,heavy
1788983181540,8.686913564631343,-3.921253991046548,-3.6330510894224046,19.46680582327068,32.26604245047743,28.048060836083348,user,bench,heavy
1788983181557,8.2230352394104,-4.772990354864299,-2.3684629693962638,36.94913433413999,22.396335429991677,18.609859554149608,user,bench,heavy
1788983181573,8.11395059531331,-5.002834298761189,-0.0631464842647314,35.60075253914193,17.873305614433775,11.05439394051436,user,bench,heavy
1788983181590,8.12741681060791,-5.045779998779296,1.0205288960330188,19.4171913291397,18.26838424659482,9.360956965062773,user,bench,heavy
1788983181607,9.01581526412964,-4.910956810052693,2.3231246751531955,6.540496514763592,19.410610441874397,17.48009845410531,user,bench,heavy
1788983181623,9.042750617328286,-5.413289953613281,2.115427681134641,5.2038967960837965,22.387473259543583,27.62702748507625,user,bench,heavy
1788983181640,8.609100257110596,-5.982960603387654,2.3792386304326354,2.541879445612575,20.69525120399061,20.712471818435503,user,bench,heavy
1788983181657,6.899043474909663,-7.150433187921345,3.5603279446475207,-4.728269316153966,9.585100721734143,3.4181969849934424,user,bench,heavy
1788983181673,6.867468771472573,-7.15701695022583,4.5353668630070985,-20.111688379041183,-12.94583553868368,-14.085878634749786,user,bench,heavy
1788983181690,7.570166374206543,-6.724564275360107,4.38797360410802,-35.14252539300953,-19.42454402778122,-16.882277609263483,user,bench,heavy
1788983181707,8.481160690417886,-5.819556047821044,3.132514327759296,-48.29248711145456,-18.01776070028496,-15.644912001487508,user,bench,heavy
1788983181723,8.8287700129956,-5.002684953418374,1.278504563306272,-57.08981857375517,-18.47745121444704,-14.74436009715779,user,bench,heavy
1788983181740,8.924238804194331,-4.610484793964028,0.4107556607119739,-55.18483441800901,-18.993463468505038,-13.46622594399966,user,bench,heavy
1788983181757,9.404425290137528,-4.196736235046386,-1.6041140893913806,-45.00785255469001,-18.63073773489505,-7.723022106806709,user,bench,heavy
1788983181773,9.56947615160644,-3.929633696857095,-2.3246197360165417,-29.39555982913119,-19.08053472004436,-1.900953490362208,user,bench,heavy
1788983181790,9.235184575763345,-4.097376866149902,-3.0002332247309385,-19.37224356175914,-20.88207566081068,1.3831288882966262,user,bench,heavy
1788983181807,8.866477520099282,-4.407276051275431,-2.597707778356224,-22.90618002322915,-14.907541854165858,4.15221799174426,user,bench,heavy
1788983181823,8.659977626910806,-4.690241052246093,-2.3683137701839208,-38.6813898359657,-4.969557701415714,5.324327118416285,user,bench,heavy
1788983181840,8.428040510126948,-5.061791806903481,-1.255608694756776,-81.99786215591794,20.340863423809918,13.428353398825584,user,bench,heavy
1788983181857,8.614337573242187,-5.585522835540771,0.4439756471380591,-146.74367733638084,61.64093412718017,25.26047280559897,user,bench,heavy
1788983181874,8.43941179896891,-5.432294513812661,1.6805806584782896,-221.23362480189152,106.22415382117047,33.34967586796205,user,bench,heavy
1788983181890,8.070255830493569,-4.617816452026367,2.765901906286925,-288.04448620620525,126.31466349114277,36.48152592318258,user,bench,heavy
1788983181907,8.668506385803223,-3.046321752819418,0.4089604478582739,-287.4917053362978,99.24060641372344,27.322011727310997,user,bench,heavy
1788983181923,7.975835087043047,-2.681505859375,-2.226008409008384,-223.7367525289178,49.60769126255929,3.4887790926592963,user,bench,heavy
1788983181940,6.729801006969809,-2.275389110510051,-8.790610232079773,-47.55843302097495,-42.25141701701006,-39.220288346385125,user,bench,heavy
1788983181956,6.717233201819658,-2.9472622436523435,-15.08017726265788,97.6906862268858,-64.06324022575768,-57.28454385189765,user,bench,heavy
1788983181973,7.29034463969767,-2.4907179145812988,-14.472050333239135,182.4663043559779,-67.84419389365578,-66.2454515146309,user,bench,heavy
1788983181990,8.302343753924966,-2.329857782800496,-8.037483733965455,198.4720740343374,-59.72721757458015,-64.37333764426542,user,bench,heavy
1788983182007,10.162189531055091,-2.4886232803896067,-2.0299827096916734,150.6185119544208,-38.54169197687144,-45.41218609317643,user,bench,heavy
1788983182023,10.810120355334876,-2.687342018182576,0.3953432797856628,68.55493654849815,-6.165943881718902,-19.52366885565832,user,bench,heavy
1788983182040,11.539603673663734,-2.8516441071107983,3.050812342236936,-36.42479778703104,36.5913519499418,15.840690836309465,user,bench,heavy
1788983182056,10.953771285900473,-3.6358944961547848,3.2273847146734598,-110.51901775240952,64.32840865990508,30.612713199605803,user,bench,heavy
1788983182073,10.20139458324015,-3.4479496658325197,3.1384999780401586,-146.81733409639023,57.55736892810464,28.72245493171019,user,bench,heavy
1788983182090,8.824729213172196,-3.563769171142578,-0.6950657926812768,-118.07587074821993,15.712578685594826,10.087374904050307,user,bench,heavy
1788983182106,7.991098122626543,-3.0597897216796874,-5.990441314531863,-41.418789636428826,-18.110313178633216,-9.595333198884468,user,bench,heavy
1788983182123,7.4589862191349265,-2.877980033111572,-8.620621475817263,50.0106826688738,-35.567161668803806,-24.456510021416985,user,bench,heavy
1788983182140,8.259846674457192,-2.147748526763916,-9.580546996197103,137.63329781385104,-44.01518359657162,-27.47802349323784,user,bench,heavy
1788983182156,8.78492502605021,-2.0015528801515696,-6.208762870678306,156.16821823997455,-37.57941394546501,-24.859036974867934,user,bench,heavy
1788983182173,8.968380143737793,-2.108393544714153,-3.9610562784723937,140.8161386463203,-26.012331491697516,-16.599507777624954,user,bench,heavy
1788983182190,9.57545990219116,-2.959831510107219,0.1680439058050513,68.20275150432478,2.924518382304325,6.247203922935014,user,bench,heavy
1788983182206,9.686641226306556,-3.72822089767456,3.339313642285764,-3.2061522681065155,27.082463332740307,20.449031422148117,user,bench,heavy
1788983182223,9.29459070445597,-4.205564561407268,3.689764764160663,-61.37289701358135,41.36204442480436,25.554126543679917,user,bench,heavy
1788983182240,8.69484318858683,-4.533720410974324,2.567482589831948,-99.22715777124768,37.790347262507936,21.620704270486904,user,bench,heavy
1788983182256,8.059930251312256,-4.5039422355651855,-0.5771515070490538,-88.62160202807789,25.68302245860181,11.22906834457462,user,bench,heavy
1788983182273,7.957877990069985,-4.4577042160034175,-2.32252451730296,-55.2840087647576,11.134507790610378,0.4055388000706576,user,bench,heavy
1788983182290,8.232312770843505,-3.940556072887778,-4.565143138720095,-13.934291977631462,0.8286001302918656,-6.615961140468947,user,bench,heavy
1788983182306,8.946383415985107,-3.5863641570493576,-4.48493738310486,21.18868456019984,-3.139019192528106,-6.08647548449945,user,bench,heavy
1788983182323,9.310002793121336,-3.454533720397949,-3.5045119494013486,22.96393610285078,1.4498884379048005,-0.5413898219191832,user,bench,heavy
1788983182340,9.772532041820885,-3.513490644018352,-1.6533448610283434,10.025291045815832,12.070408485215852,8.459446272928314,user,bench,heavy
1788983182356,10.212617403522133,-3.715352063751221,-0.4168894872918725,-22.36919055068275,32.28002043261386,26.06647269370091,user,bench,heavy
1788983182373,10.217705082049966,-3.765929281561077,0.374543506732583,-54.93019813556177,43.009769505462,38.59784979222728,user,bench,heavy
1788983182390,9.79961703262329,-4.170549069866538,1.0462670022711158,-89.79283603676251,50.88438680712349,47.0503796448473,user,bench,heavy
1788983182406,9.267057385364174,-4.443189368438721,0.542586974146217,-116.20993136886416,44.31407950484056,46.16279314710956,user,bench,heavy
1788983182423,8.295310786548256,-4.559607716424763,-1.6765388357415794,-78.17508723973185,22.263930505383684,23.548767635438537,user,bench,heavy
1788983182440,6.453122246661782,-4.752789570617676,-6.22956235147044,-3.8282394944089297,-10.344584460267356,-6.093394466128673,user,bench,heavy
1788983182456,6.871060073962807,-4.476109933526813,-7.557296955761313,92.68177382924613,-47.11318664936016,-31.85063376025184,user,bench,heavy
1788983182473,7.377882637897134,-4.235642304284871,-6.657077277673036,131.02186594257546,-57.59809734612543,-41.50290000096295,user,bench,heavy
1788983182490,8.224681837573646,-3.895665376281738,-4.197782967620343,140.5593781750412,-50.611852013956224,-40.368791485511935,user,bench,heavy
1788983182506,9.444975911712646,-3.5046626099184155,-1.4179653487056494,112.39779788740492,-27.910017590315515,-24.102281043134493,user,bench,heavy
1788983182523,9.745300336024163,-3.624522622790933,-0.2355294421873986,72.29910281752656,-7.010168069737172,-8.483206793503495,user,bench,heavy
1788983182540,9.64683879275024,-3.984102369147539,1.128866813416034,29.829488577291272,11.277096527270858,4.046820488888147,user,bench,heavy
1788983182556,9.266608472552894,-4.465485371398925,1.2969098424382508,-11.94167564106039,15.937187748903405,8.475864340145732,user,bench,heavy
1788983182573,8.940996462249755,-4.618414710180462,0.7414549111515283,-16.159503576198148,6.562782568251698,2.1183993927787337,user,bench,heavy
1788983182589,8.260295002746581,-4.6055461685180665,-1.913714437700808,8.554257836344553,-6.638877278907986,-7.6799714244681185,user,bench,heavy
1788983182606,8.053046337017417,-4.342333331243694,-3.464708492931724,47.34449783579181,-19.521495147954965,-17.998482491352597,user,bench,heavy
1788983182623,8.323291849407553,-4.160224075207114,-3.4305909731440245,63.21929522172173,-21.98221081533005,-19.53543727159825,user,bench,heavy
1788983182639,8.779387850189208,-4.0063972030639645,-2.9391812285274264,76.49742885503665,-23.75263682933237,-23.48994946140097,user,bench,heavy
1788983182656,8.98304404438436,-4.001308940014243,-2.880522849462181,98.15011890140671,-27.934698478881355,-24.746980891344705,user,bench,heavy
1788983182673,9.274988178363442,-3.810820854949951,-2.7298379286065697,105.39171085569684,-28.25667359635576,-22.02916153568471,user,bench,heavy
1788983182689,9.26915231181681,-3.606116613006592,-1.0739483515314756,91.74339462974558,-25.082174132410373,-17.251208569734427,user,bench,heavy
1788983182706,9.08449892425537,-3.697694826507568,0.0381587580025196,64.88051334108472,-23.640690028835863,-13.2390162861646,user,bench,heavy
1788983182723,8.898050469970702,-4.284124887903034,0.9347869874700904,34.982091079595094,-21.949239784659103,-14.60935628557061,user,bench,heavy
1788983182739,8.671648190960287,-5.319915504345298,0.2917943502448499,29.092538486603576,-30.84018581972391,-20.902871879286074,user,bench,heavy
1788983182756,8.525752696338296,-6.120028356170654,-0.5442312342219054,45.1901400583539,-32.90099732628933,-30.03701704503294,user,bench,heavy
1788983182773,8.092102920642494,-7.1018006744384765,-1.913864075304568,55.43316985094692,-30.188958018214457,-43.74722161505368,user,bench,heavy
1788983182789,7.455843829455971,-6.058527008764446,-1.1935087969355285,53.24281356148845,-39.90480648990922,-48.35719290855668,user,bench,heavy
1788983182806,8.047660552325844,-5.440972618047892,-1.4722835066094997,56.957319734046095,-55.29028570860484,-44.35863965898572,user,bench,heavy
1788983182823,8.989628683471679,-3.883843713323772,-2.349908198790997,75.65151675651973,-57.7331028652599,-30.93952067591799,user,bench,heavy
1788983182840,9.549423543658852,-2.627785959625244,-4.470871594481915,88.78111426595437,-32.05043386894764,-22.194631406064733,user,bench,heavy
1788983182856,9.836278245544433,-2.556408530370891,-4.434360019164532,78.82034204081212,-13.605251029460684,-15.34420097044665,user,bench,heavy
1788983182873,8.824428768920898,-1.8088193542480469,-2.176029595483094,57.58624696791546,1.2756562885932987,-12.125207946700511,user,bench,heavy
1788983182890,8.129661959186196,-2.0917840629577635,-1.5719424429744482,43.30469707382314,7.064871481686628,-19.558007631710563,user,bench,heavy
1788983182907,8.214057567706703,-1.6701050033017992,1.0322009213872254,3.831253742267021,-9.683574120319156,-31.151816615700326,user,bench,heavy
1788983182924,8.863334545898438,-1.601271705572307,0.9660609543949366,-14.505079787512026,-6.680965331460428,-33.85736724406368,user,bench,heavy
1788983182941,8.51034002315104,-0.9026137336179614,0.2373258240848779,-23.369299292354576,8.087390500912086,-31.986486222843396,user,bench,heavy
1788983182957,8.26732855464518,-0.6871358764648438,1.1186914563603698,-41.63361274620407,7.727689687330766,-44.28090869113639,user,bench,heavy
1788983182973,8.754996920776367,-0.6151596045345068,1.5656588326603174,-53.39751393109466,10.920926921490434,-44.9603656644855,user,bench,heavy
1788983182990,9.78674936774373,1.0510548210695383,0.7097320314154029,-66.30474438681578,28.434769071416547,-33.2528169553421,user,bench,heavy
1788983183007,9.038561933466791,2.381182604107261,-0.8331817393429577,-49.5140288784709,26.70067283360952,-26.14037021787857,user,bench,heavy
1788983183024,7.45000913195312,1.1719614203855395,-1.3313250299982726,-9.86240640203666,-1.139106079489346,-32.25582448747909,user,bench,heavy
1788983183041,5.539734313312173,0.6151604813173412,-1.019779392839968,5.095956328422323,-49.2602941809941,-64.989598292319,user,bench,heavy
1788983183057,8.28678144313395,0.8230071129396558,-2.350207181737572,13.242670437370556,-65.44973447632441,-59.59266284793089,user,bench,heavy
1788983183074,9.69127999202311,0.657058425848186,-4.955697576794028,16.92776154649389,-19.19209561485276,-19.82445331123276,user,bench,heavy
1788983183090,9.86411142436564,-0.2060509803771972,-5.325751224761456,20.64275778512448,7.754817491166764,4.317285734736897,user,bench,heavy
1788983183106,8.76517286235392,-3.5113961559571325,-4.1762354449398815,26.31416608885684,11.719079776009677,7.202800748672688,user,bench,heavy
1788983183124,8.271967320361734,-5.737255658014118,-2.002599320464581,17.68515951600931,1.6733703065569132,-3.216330744073715,user,bench,heavy
1788983183140,8.56136644603312,-6.134692695208639,-1.832161943651736,8.873097043216273,2.552151196350628,-9.024117648407133,user,bench,heavy
1788983183157,8.614638017493485,-5.601084854070842,-3.545961565642804,13.675393657142129,15.160557674232518,-10.79909171462304,user,bench,heavy
1788983183174,9.67841291166544,-5.031713917895406,-3.3288376948483287,16.825708275010143,14.385196307199962,-7.033923894557299,user,bench,heavy
1788983183190,10.390687321040032,-5.078550634002685,-1.1429315791256724,-8.598199004596184,1.470396294331175,-11.317054841462724,user,bench,heavy
1788983183207,10.19510980388224,-4.53147540852651,-2.2029645102903244,-19.22060823954298,5.446695080038941,-18.12648365149322,user,bench,heavy
1788983183224,10.934618841663005,-3.093607966259867,-3.2276825285762545,-8.131654395602,15.017728173403796,-6.719081629010507,user,bench,heavy
1788983183240,10.937611009216308,-2.840420994567871,-4.440046101976931,24.21201144724533,18.26148575553311,2.994687476968805,user,bench,heavy
1788983183257,9.181464091491698,-4.06385775064677,-1.1246756453365088,12.7126742247606,14.86819142681012,-2.7492427081536928,user,bench,heavy
1788983183274,8.39631500004232,-4.239831572668254,0.053421209064126,-18.83638277797308,12.994517711992945,-15.352590150294718,user,bench,heavy
1788983183291,9.9030160322994,-3.10438128920868,-1.0250168551020324,-21.82696403059024,10.896851358439786,-8.21387706660426,user,bench,heavy
1788983183307,9.056516692352297,-3.049763709966838,-3.8522695944085714,7.751635476787185,11.411584659575702,-6.660510622443533,user,bench,heavy
1788983183324,8.114698198810219,-3.326443785449117,-2.829945485521853,21.262501829654752,4.864564460381101,-7.180607756512024,user,bench,heavy
1788983183341,7.328203537970781,-4.115034103393555,0.5963062893740833,-16.489792741439746,8.722566504098362,-19.72020071883627,user,bench,heavy
1788983183357,9.95928094035685,-2.5727191753111778,0.0026940613895654,-41.684893806492525,19.80530658344192,-15.34570190451676,user,bench,heavy
1788983183374,11.1083475151062,-1.5587749183654784,-1.4827579927422103,-28.734196026893443,21.01505432130895,-1.7842255574466896,user,bench,heavy
1788983183390,10.358064569854736,-0.8879493945799768,-2.9592326674312357,7.653904861274412,16.569405426405414,12.027148628333933,user,bench,heavy
1788983183407,8.532037475696205,-1.9155105273373425,-0.8236046404413878,13.776212371933395,7.9007854639191075,10.624088607708972,user,bench,heavy
1788983183424,7.584980496978759,-3.1510688061036167,0.0565640371344983,2.104508068667397,5.912357313969723,-2.9872511085099536,user,bench,heavy
1788983183441,7.013364850616455,-3.646967678833008,-0.2026081464469432,-13.781529674202249,15.645577944931585,-24.26157300741024,user,bench,heavy
1788983183457,10.79590419845581,-0.7722793807432055,0.9352356080204248,-34.961665398882175,20.93329695694389,-9.945248058932451,user,bench,heavy
1788983183474,11.609933931952714,0.048482583618164,0.3046625996463,-40.19181445392774,23.96059559899175,7.174228359827232,user,bench,heavy
1788983183491,9.463082061767578,-0.6212951846800744,-1.9922743258051572,-24.48487579704005,18.678615653429546,-1.117355982407675,user,bench,heavy
1788983183507,9.980230204883217,-0.8575731071472168,-3.030759003636986,-10.363585192764686,13.366613611370546,-2.7370888134124782,user,bench,heavy
1788983183524,10.931027539172767,-0.9832684020444752,-3.016544015801698,-0.1868805657568808,15.808582117021231,3.830959190359065,user,bench,heavy
1788983183540,11.174189814326166,-1.2958615024290978,-1.6244654610898346,0.7869517711672435,15.069311469563024,14.13799127056969,user,bench,heavy
1788983183557,9.738564890289306,-2.367116815484315,-0.7130225243281573,-7.704543030007239,15.928349484117406,14.4669570866596,user,bench,heavy
1788983183574,9.263915580207108,-2.807201154272258,-1.0402799637507647,-9.509948150296491,15.324222667124364,3.680503783322024,user,bench,heavy
1788983183590,9.303569545203446,-2.029983878735453,-2.111385712267458,5.927305609855119,12.925184461728144,-4.313716534008742,user,bench,heavy
1788983183607,11.350163051825762,-0.8053492911741137,-1.4555245333798228,19.83030849089875,9.449087749697094,5.946092898940885,user,bench,heavy
1788983183624,11.692235198542477,-0.6786069714419544,-0.38651305372864,18.16475832405468,4.754404181239373,17.17862756451929,user,bench,heavy
1788983183640,11.359887742504476,-1.70467099750936,0.6218944657474755,6.078595153744548,9.228343719685098,20.59086030026343,user,bench,heavy
1788983183657,10.134805849567057,-2.029085760851949,0.1860004182562231,2.477815899735852,9.293216002648233,18.75337207389533,user,bench,heavy
1788983183674,9.992050991058347,-2.143259106390178,0.1219552315860986,4.81863613396782,5.31880491047233,17.774795503581974,user,bench,heavy
1788983183690,9.724199680328368,-2.497750881958008,0.6836946499697863,2.4565086977331743,-0.0659396667736146,17.244842833427978,user,bench,heavy
1788983183707,10.249127809795736,-2.513163262884319,0.749236358807981,-4.401765356373023,-0.8211834519877309,25.624622633650908,user,bench,heavy
1788983183724,9.69861106556356,-2.6330231296263635,0.1215062457095831,-3.5134202807505863,2.138142268018067,27.40253111988898,user,bench,heavy
1788983183740,8.493730833655595,-3.0078654731750487,-0.1776192511409521,-2.425748940806021,-2.307320504230582,25.14990399576751,user,bench,heavy
1788983183757,7.863158555933833,-3.486406529998779,-0.5523118840206415,-3.834629990151123,-7.365686246225506,14.57449841514145,user,bench,heavy
1788983183774,7.636905330005288,-3.556586273901164,-0.8288418104425073,-5.618520014554836,-5.745766865678997,6.945394397630179,user,bench,heavy
1788983183790,9.023297728839516,-3.2154131218507884,-0.977431804845482,-7.586085351684416,-3.3404457400200136,6.261294603192749,user,bench,heavy
1788983183807,8.81634892283976,-2.925414861242473,-1.776496828118339,0.2041327564864736,0.9446298898081612,5.378456367588636,user,bench,heavy
1788983183824,9.005491438513994,-2.7314851112917062,-1.6144392301812769,7.634423454214242,-0.4955866267059305,6.015041097291226,user,bench,heavy
1788983183840,9.223812117877602,-3.010259090313315,-0.9855128930356352,10.015679262106332,-2.9219350766941794,2.74020551410812,user,bench,heavy
1788983183857,10.80862339477539,-3.225886877331137,-0.1514322320915758,-3.683878323658833,-1.0755012235040715,9.04563957448184,user,bench,heavy
1788983183874,11.239728746685383,-3.523067158398032,-0.2497443569574504,-13.372324503290322,6.237166533062856,18.877975214923875,user,bench,heavy
1788983183890,10.253320585310458,-4.5838487159729,-0.4504083835992962,-14.286902201080665,5.595737064804612,23.119884689527805,user,bench,heavy
1788983183906,7.445070506507157,-5.4996308509826655,-0.7146681726433336,-7.234265722631644,-0.725842282106551,5.326476493570723,user,bench,heavy
1788983183924,6.772448308563232,-5.805490113067626,-0.5677244110774249,-10.61570711182372,-8.88714418101805,-16.48072908041114,user,bench,heavy
1788983183940,8.643516905975341,-4.177582037243247,-0.189141346630454,-20.987718196703263,-8.715544215857943,-20.01275650400813,user,bench,heavy
1788983183957,9.311799028888345,-2.2945430160522458,-1.2548599952813235,-20.28424798577968,-1.8538683006582557,-15.927924304841572,user,bench,heavy
1788983183974,9.495703059387209,-1.6971894095823168,-1.6317969730217008,-11.593300988670244,-2.2336746298351544,-11.664710616442727,user,bench,heavy
1788983183990,9.364770156097412,-1.4408601943418382,-1.691352812383324,-5.821290401765944,-6.907624305293655,-11.282618735214813,user,bench,heavy
1788983184007,9.982324546813963,-1.075445165960491,-1.5824166368462145,-8.987011791967392,-4.841939885642256,-7.489902627792296,user,bench,heavy
1788983184024,10.077494647327065,-1.0610799559995532,-1.779190451116487,-9.413664681114115,2.135761306762083,1.0055621141155509,user,bench,heavy
1788983184040,9.530419567981362,-1.58316584777832,-1.484404371709749,-7.43619599657484,4.80536038065543,8.235972728569251,user,bench,heavy
1788983184057,8.336462296625971,-2.6071359703063965,-1.341799662261456,-4.286195140521822,3.5115342947660166,6.618580091128824,user,bench,heavy
1788983184074,8.172459482905268,-2.743755687060952,-1.6271587187618015,-0.0607315875005204,4.867689698813205,-0.0974081892292881,user,bench,heavy
1788983184090,8.799140598407387,-2.371157176916301,-1.037586194622144,0.8567607334355637,2.1674715272009246,-1.7938328588445474,user,bench,heavy
1788983184107,9.248053409686683,-2.125002734209597,-0.2391200870905071,-8.414022099853144,1.0940461475960082,-1.925729788133017,user,bench,heavy
1788983184124,9.513960600611568,-2.2978350433349606,-0.6311708281368017,-8.145370269229032,7.221772452866045,4.229307348698432,user,bench,heavy
1788983184140,9.777022338977456,-3.2110733390808104,-1.4794660385247318,-0.0648056886187272,10.96038663187289,12.993747608164028,user,bench,heavy
1788983184157,8.296208612170815,-3.891175955908,-0.444871865325421,-1.6835167660123789,9.376285617107577,5.001823515054854,user,bench,heavy
1788983184174,8.475773736682534,-4.001458869878947,0.3658648910406977,-8.531081296943407,-1.3600117928856006,-4.144920361502924,user,bench,heavy
1788983184190,8.805424793243407,-3.794809339086711,-0.0833474877070635,-8.537213099270787,-4.620687433423918,-9.445331145653586,user,bench,heavy
1788983184207,9.222315157318114,-3.6406826072141527,-0.4819817718621343,-7.364286911219299,0.4838476125959414,-7.795148050668398,user,bench,heavy
1788983184224,10.283397159144284,-3.494187685394287,-0.2623136964775622,-8.92598575928062,4.152347338451667,-2.523166861720856,user,bench,heavy
1788983184240,10.164583148193358,-3.615693127386272,0.105944446375221,-13.895796177695624,1.891013217242312,-6.692746554005054,user,bench,heavy
1788983184257,10.32933473445475,-3.2404023094177243,-0.059405471105501,-9.47978091227984,-6.984886978298016,-8.993771971698411,user,bench,heavy
1788983184274,10.205883711352945,-2.760664151763916,-0.7249936056941747,3.2113925173037963,-15.571093024485304,-9.93916919057114,user,bench,heavy
1788983184290,10.462063288989665,-2.567780988256633,-0.1149210951656103,1.1873694768251255,-18.04104823026012,-7.191840856375756,user,bench,heavy
1788983184307,10.40116078425944,-2.7026044692441817,-0.0245396171685308,-11.969027987365353,-8.049936304824676,-8.224643152283493,user,bench,heavy
1788983184323,11.005246621593832,-2.3171381480894984,-0.4073129729121923,-23.59716294080266,-1.1145699055565446,-2.080456197835432,user,bench,heavy
1788983184340,11.33849014968872,-1.7283137389034031,-1.6707030422601847,-15.5729388831085,-0.0186653195162713,3.388193244630046,user,bench,heavy
1788983184357,10.934170513373612,-1.823633623150736,-1.8436841122064735,-2.3013637255006847,-8.709903333377158,2.8610172598170704,user,bench,heavy
1788983184373,10.352378340911864,-1.9933220812924208,-1.4908385694757105,4.516972291537744,-13.635158720288876,3.3439363935727133,user,bench,heavy
1788983184390,9.625139586639404,-2.6849472320005296,-1.2904738180413842,-3.567799899044701,-6.327935478264094,2.4958704375897227,user,bench,heavy
1788983184407,9.34651436843872,-2.841917370605469,-1.085320809417218,-15.397017115751067,1.6555582404185778,2.7676289370691323,user,bench,heavy
1788983184424,9.042451342120764,-2.515856739751994,-1.5328867361322045,-11.390888332616916,5.819867161097641,3.768343858029795,user,bench,heavy
1788983184440,8.653243934741615,-2.314744092559814,-1.869870765929669,1.8119953990646689,-1.3861894533750263,3.7577220600967793,user,bench,heavy
1788983184457,8.295309617504477,-2.455702423040569,-1.6068072739981114,12.05859225795173,-6.05093886402152,0.5766153486247604,user,bench,heavy
1788983184474,7.860015581732988,-2.800767029571533,-0.8635577345147728,7.6315709964621155,0.1476960106123557,-1.5637609248604296,user,bench,heavy
1788983184490,8.301596734949946,-3.262848534503579,-0.6667844317011534,1.4272666379303065,4.414656911544599,-0.2638239274175439,user,bench,heavy
1788983184507,8.524256904822588,-3.550750991876423,-0.8002613203853368,-3.495243012935067,3.174126791748795,-3.181915341836725,user,bench,heavy
1788983184524,9.114875357818605,-3.3069907508298755,-0.8526343355707824,-9.612939719017469,-1.9582408482520437,-8.414568514986746,user,bench,heavy
1788983184540,9.93429087600708,-3.262249253436178,-1.3168100363031028,-9.34399589780634,-4.212296762570515,-4.4600943181112855,user,bench,heavy
1788983184557,9.823110720935464,-3.293074892071634,-1.3920776048637926,-9.91893219383404,-2.632416804712268,-3.374324758963746,user,bench,heavy
1788983184574,9.261222687861324,-3.630208705603331,-1.6861160807736215,-10.04376158487884,2.235721765595454,-5.260169870881886,user,bench,heavy
1788983184590,9.057415102496742,-3.675548753412068,-1.2138593649163842,-12.977175007916635,0.9627458993645625,-10.167504975845606,user,bench,heavy
1788983184607,8.94414119001627,-3.50152022023946,-1.3802569648191332,-10.0340678388993,-2.7830933391236874,-18.114727188384336,user,bench,heavy
1788983184624,9.189395469012856,-2.719364026995748,-1.7302590277522802,-2.2209534025060056,-5.1929744698273,-20.39471775786817,user,bench,heavy
1788983184640,8.951024519789218,-2.228403341320902,-1.3714279078058895,-2.240648039534326,-3.7512521634054847,-20.507304888599368,user,bench,heavy
1788983184657,8.736741717639564,-1.9931725898191333,-1.1969507540829478,-8.069871919464651,2.2516316240499408,-19.35929523064009,user,bench,heavy
1788983184673,9.10948957312703,-1.4079402137756347,-1.4104836146481334,-12.19877762179801,9.238020390191714,-13.42580744581246,user,bench,heavy
1788983184690,8.763226988983154,-0.9617204409725963,-2.339133706798404,-6.130950261279988,13.625217379951923,-13.596747443944016,user,bench,heavy
1788983184707,8.938601676067709,-0.6986576796934009,-2.098217895397544,-0.6326699640911145,7.486860632290702,-15.689651448098385,user,bench,heavy
1788983184724,9.718214760699867,0.0469866459719836,-1.7173901938289402,4.03907334682206,3.3161439269531083,-5.616955901234903,user,bench,heavy
1788983184740,10.339510091510414,-0.1249473991394043,-1.2144577692009508,1.851356285147572,6.22980188159029,5.709294082397951,user,bench,heavy
1788983184757,10.063277321404218,-0.669179071752727,-1.0152904108576477,-4.795982530925003,10.750172192240116,10.632191773385546,user,bench,heavy
1788983184774,9.446772147479653,-1.5189713157653808,-1.5207662363581358,-15.830221863859125,9.92297737336998,0.0442769947792985,user,bench,heavy
1788983184790,13.058423598259688,-0.6973107951290906,-1.676688765606284,-18.76904565049322,0.9803032207911976,9.423010941219632,user,bench,heavy
1788983184808,13.38059452819824,-0.6675329119808971,-2.414700988958031,-7.96585411482088,-4.02823511726972,19.620667787156258,user,bench,heavy
1788983184824,10.358063985332846,-1.3010985262997448,-4.421491331371665,19.50580278833686,0.3761867824840418,14.741964408306409,user,bench,heavy
1788983184840,9.44946562434733,-1.826326515496522,-2.187102412835136,36.34640429083222,-0.7232651663553405,-7.354875764316668,user,bench,heavy
1788983184857,11.44099190826416,-1.013196215057373,-0.3269570682365447,22.966048338851607,-7.47080798019388,-3.384980921286024,user,bench,heavy
1788983184874,16.56682860957682,-0.8607154968261719,0.9537906708866356,0.2682383640554877,-10.586352666318298,15.55409780628302,user,bench,heavy
1788983184890,19.738848287642,-2.7947818176820878,-0.7202052023738622,-29.308635426659023,2.371649787154701,46.04469234617088,user,bench,heavy
1788983184907,18.351557478663324,-3.059041972052306,-1.7328027208857235,-38.84689897993345,1.782598905207169,47.4304830872531,user,bench,heavy
1788983184923,11.149649247309563,-3.766079357556253,-4.5482343817561866,-19.29041277286051,-5.70818631109194,26.60504506258746,user,bench,heavy
1788983184940,7.94845082103312,-4.895394207000732,-3.4241565561823544,5.723337378218321,-8.491338133710396,10.969780703302597,user,bench,heavy
1788983184957,7.763947655597328,-5.484666798345744,-1.905783498571068,-3.64424700477348,12.2661540228656,18.83924121214073,user,bench,heavy
1788983184973,7.247398647418618,-5.4236149482727045,0.9801268891483544,-16.583147767015483,20.566739487209528,32.11597636422308,user,bench,heavy
1788983184990,2.180219886779785,-6.017975218145549,2.1339823056094347,-20.11912987014191,-0.2830443465462242,0.8948572874700734,user,bench,heavy
1788983185007,2.0126263550907373,-5.773018753051757,3.065476535144448,-35.03191730959034,-20.74843105686833,-29.621567373672328,user,bench,heavy
1788983185023,6.512678012958169,-1.898601916503906,0.3226192582279443,-36.49977618864485,-13.436969682463555,-24.64179085548463,user,bench,heavy
1788983185040,10.184335896411538,-0.8101379867553711,-1.9717739740900693,-26.20308842993221,5.4087213626877855,3.813156729174249,user,bench,heavy
1788983185057,9.909750893512369,-1.5719424429744482,-2.373401156450808,-12.086572981660334,8.610624826243729,7.688660278866021,user,bench,heavy
1788983185073,8.158242741504312,-2.1517887420654294,-0.8801675085321068,-2.196812098884596,-4.72577202823868,-6.1200074444559815,user,bench,heavy
1788983185090,9.603890462383628,-1.4809630721494556,-0.5737096960321069,5.871858561059779,-10.511849816625446,-8.592374560781456,user,bench,heavy
1788983185107,10.420464619666337,-1.2298711730405687,-0.2871544154845178,5.446400101244161,-5.511496499789437,3.757251203930872,user,bench,heavy
1788983185123,10.121337296184898,-2.4953566802978515,0.0598557721562683,-2.5063611812680398,-3.325661582118109,3.317537712430614,user,bench,heavy
1788983185140,11.550527218738198,-3.547159397125244,-0.2799710798516869,-15.751934235592438,-7.21979425932768,7.748736915258161,user,bench,heavy
1788983185157,10.455179374694824,-3.633201019287109,-1.3887858698420226,-10.98865763862122,-7.387793861021544,2.720950570507619,user,bench,heavy
1788983185173,7.593959337726235,-3.655047524914145,-2.5139110125117003,0.8487311523751262,-10.51439064699669,-11.003120564188722,user,bench,heavy
1788983185190,8.475323654827475,-2.2189760261535643,-1.8402428126461805,1.4967444961064398,-5.102269984536354,-15.454260931184944,user,bench,heavy
1788983185207,9.851691503253578,-2.028187789098918,-1.2665316553093493,-7.990313022238696,-2.710361642859984,-4.641256121222589,user,bench,heavy
1788983185223,10.346243199157714,-1.8960580772399904,-0.962917395672202,-11.58335537946506,-2.130270261556216,5.440228171555408,user,bench,heavy
1788983185240,9.06684168701172,-2.023399531909078,-1.8447312101066111,3.2120087284329784,-8.191793357470317,1.444805496501841,user,bench,heavy
1788983185257,8.268225795745849,-1.751508005877584,-2.6185074052788315,16.358236467836132,-12.529264008751896,-4.263158193111838,user,bench,heavy
1788983185273,10.166678659167886,-1.6693568152830005,-1.559971142412722,4.359749874580513,-0.893944336637966,7.142348024989374,user,bench,heavy
1788983185290,9.727941204944251,-2.1478980182372034,-1.3679862429194152,-3.5655583163364675,7.076880661794802,12.309782709962704,user,bench,heavy
1788983185307,7.109133501544594,-3.347542541448772,-1.9490289121881128,10.212437375300537,1.2424155721718448,-1.119597885281026,user,bench,heavy
1788983185323,7.299173258319497,-3.942801075335592,-0.7185588964715599,9.127758938872905,-6.990573964555698,-10.150777842568244,user,bench,heavy
1788983185340,8.68990456314087,-3.609857260839641,0.4309570294804871,-15.271898295440188,-4.57255935921107,-6.23256469310956,user,bench,heavy
1788983185357,9.185504306793211,-2.524536159161478,0.1466457284674048,-33.12521194617334,5.735449864937692,-3.0411201701636097,user,bench,heavy
1788983185373,8.68840818710327,-1.2535139144346117,-2.047490309331566,-15.704722260502018,-5.318439068464911,-10.455224133311456,user,bench,heavy
1788983185390,9.335293301722407,-0.6539163284301758,-2.779218922369182,5.059428049854272,-13.07901910485705,-9.029428120486816,user,bench,heavy
1788983185406,10.40639810039103,-0.4357448482789099,-3.004871990447491,6.392315987606988,-2.662006464857232,0.6988162907778683,user,bench,heavy
1788983185424,10.48855031389892,0.053420186150819,-1.8867798151545223,-1.4569493594027123,9.092906191085625,13.736707411547687,user,bench,heavy
1788983185440,10.52191774597168,-0.1678930991575122,-1.573737655828148,-7.102396114099854,14.9255940441422,23.8839386783894,user,bench,heavy
1788983185457,9.462633733478189,-2.165705039215088,-2.2058070402398706,6.739001021951204,5.542856032703081,22.921947514928128,user,bench,heavy
1788983185473,8.589497731018065,-4.559756477245688,-2.251895568328351,13.909821971156244,-0.2856953403982619,16.36050921328245,user,bench,heavy
1788983185490,7.987804341778158,-5.324255287115276,-1.4347243219353258,1.076731084441497,-1.4799249418318716,3.5236901104979355,user,bench,heavy
1788983185507,8.881291058349609,-5.034407833154499,-0.6554121199458837,-23.38524949161385,4.7210506599749085,-2.525079314688459,user,bench,heavy
1788983185523,9.720757430920004,-4.580855963897704,-2.9846707678094506,-17.027388393274986,5.219394922197379,-6.112968080742637,user,bench,heavy
1788983185540,10.131065493994951,-4.554220178167522,-3.7690712328486153,2.6114050083911926,4.13692092932437,-8.247855550177782,user,bench,heavy
1788983185556,9.625738721576331,-4.182969575500488,-2.7521339315667745,13.825475111322111,2.652667034940886,-15.0754671775525,user,bench,heavy
1788983185573,9.671078915515542,-4.039317475891113,-0.9877573840267956,6.964808356572294,5.045593928577234,-17.6635692880429,user,bench,heavy
1788983185590,9.735272278484702,-4.26332482258901,-0.7989139974296092,-3.401603680735131,11.340992946956328,-20.30356888339435,user,bench,heavy
1788983185607,9.48088893661499,-3.762936529485881,-0.8686454130426049,-5.847338608826256,11.943050216630857,-21.6381741868365,user,bench,heavy
1788983185623,8.875455776324868,-2.257433182580769,-0.624586773571372,0.4964510725227603,1.9027118371866627,-24.16130583039445,user,bench,heavy
1788983185640,8.935909952765703,-1.5749356334410607,-0.8334807222895324,10.57161567941035,-7.046934124265705,-20.79596405084974,user,bench,heavy
1788983185656,9.540596094080804,-1.818396599280089,-0.7731767679743469,3.943336292773284,-1.639720205672082,-13.841654975692226,user,bench,heavy
1788983185673,8.14612209559977,-1.9048864036008717,0.6955161667972802,-22.41470180866984,3.602573459326293,-22.767829418948665,user,bench,heavy
1788983185690,8.601019826507567,-1.2648862261898814,0.9557361058659852,-44.8317429571304,6.527432497315473,-20.70870667665553,user,bench,heavy
1788983185706,9.16814634475708,-0.0643438773557543,-1.3174084405876696,-27.50900010867114,-0.2821283274650756,-14.196073491724189,user,bench,heavy
1788983185723,8.514230600848794,-0.3948936363220214,-3.421762062261253,5.807559587100102,-5.65542011154583,-16.292439548014105,user,bench,heavy
1788983185741,9.048436846271157,-0.4227263767518103,-2.6421507311947643,8.509508998223568,-5.980432528766771,-12.544043684342157,user,bench,heavy
1788983185756,10.939257022857666,-0.5479726127073169,-0.235229436327517,-14.51700700535016,1.903352807751586,-4.561345469254378,user,bench,heavy
1788983185773,10.276513829371332,-0.8234557334899902,-1.6886596277765928,-11.037141736444555,0.3502526075663563,1.0507574758535252,user,bench,heavy
1788983185790,9.814432908961177,-1.1884221413210034,-2.6186574812740084,10.292086772532992,-6.294485053690781,-0.1774478610696817,user,bench,heavy
1788983185806,10.58596205585897,-2.057816034643352,-1.228374358611554,0.5850657333710941,-1.3970465726692909,4.629355797254311,user,bench,heavy
1788983185823,10.855161274066568,-3.5987842242918906,-0.8792696829095482,-25.53879106144594,6.786662935753198,5.715753733805491,user,bench,heavy
1788983185840,10.312425685229895,-4.100518963567913,-1.9681825254693623,-16.967837681448938,2.355602044256345,-2.53703876248174,user,bench,heavy
1788983185857,8.850764987182616,-4.392761349841207,-3.664624477685243,2.0458425066690995,0.3043968252325799,-17.129088202469184,user,bench,heavy
1788983185873,10.522067968097328,-3.293074892071634,-2.648285288427025,5.22158143650543,11.392218511957775,-21.426103643296777,user,bench,heavy
1788983185890,11.675175342670082,-3.0298619086667893,-2.0262420618586243,1.9625329818151616,16.531347612350103,-13.6307233661966,user,bench,heavy
1788983185907,10.133309473529458,-3.416974389593303,-1.4006068021476268,8.91781770680693,15.395026115608008,-16.64419258272247,user,bench,heavy
1788983185924,8.514380822974443,-2.465429159545898,0.3248638222843408,14.197351590872625,7.895772958841964,-27.53783545979964,user,bench,heavy
1788983185940,8.76472453406453,-1.8795977946959437,1.4003094266362488,2.6932321687518264,-1.37584822680651,-27.371072976119198,user,bench,heavy
1788983185957,10.702531502753496,-1.7132009254455565,1.8528136865362523,-14.099352890434927,-7.5389288718810015,-18.43617808883994,user,bench,heavy
1788983185973,8.885032582965493,-1.733102288354188,0.1057948087714612,-22.721688076010647,-7.702814992147227,-20.02910968442844,user,bench,heavy
1788983185990,8.668805661010742,-1.039382795715332,-0.2868542634941637,-22.79987495898708,-20.39788867319035,-19.646605430529384,user,bench,heavy
1788983186006,10.560674469867347,-0.9193732913695276,-2.192938060186058,-22.443028310705174,-18.55013125740514,-11.146056786723223,user,bench,heavy
1788983186023,10.08602399074137,-2.67971006199941,-3.969734967229515,-27.03410047077474,-2.8643427081692203,-2.047177808651837,user,bench,heavy
1788983186039,8.403498774066566,-3.420864967291057,-4.521299613079428,-26.156766086981182,8.505209394141046,-14.453672368723923,user,bench,heavy
1788983186056,6.2406368493229145,-2.030881558227539,-4.919634914287925,-12.243300209902738,5.711521150954199,-29.090445033622967,user,bench,heavy
1788983186073,9.167098297008872,-1.4449005557738244,-3.902847104479372,-0.1944771501765366,0.9578945440631492,-29.63478037462172,user,bench,heavy
1788983186090,9.9271088555485,-1.283741002655029,-2.815580129430443,-10.303468429011172,11.556577622824024,-25.742870283656757,user,bench,heavy
1788983186106,7.18275461807251,1.2985554176881908,-2.401234043011069,-8.26194110779364,25.12519578644499,-30.936686147412438,user,bench,heavy
1788983186123,9.524732169994712,3.792415356622264,-1.5526384614370763,14.889798730249456,-0.3549384908629553,-31.46422263814754,user,bench,heavy
1788983186140,13.073390281245112,2.855983378424123,-1.085770014489442,10.305218664985988,-0.2654609583429519,-6.115972510203797,user,bench,heavy
1788983186156,12.504766217914224,0.8620623813904822,0.0589580926641821,-4.960787738521417,17.94590369512184,12.743096741097483,user,bench,heavy
1788983186173,7.540538713183999,1.5683517980713395,1.1264724656254053,-2.2684392254934616,10.990652907632509,2.230284508129301,user,bench,heavy
1788983186190,6.571185731506347,2.83129339299947,1.0639240933842955,15.44759466655501,-9.888573710520626,-10.785676369319487,user,bench,heavy
1788983186206,12.380866282001136,2.72445170552358,0.8798701330207288,12.252956389841843,-16.067984163961853,4.698776132431028,user,bench,heavy
1788983186223,15.018079410663246,-0.8227073262754827,0.5099652458742261,-20.1845033182354,4.527391318229775,44.217493799787405,user,bench,heavy
1788983186240,12.274025032916663,-2.0232500404357907,-0.1066905885674059,-19.274957762316063,3.727830590967865,46.17397416678087,user,bench,heavy
1788983186256,6.585253419825435,-2.7899932682313024,-2.748542775207013,15.081414564772288,-14.00505615252738,20.447824186212312,user,bench,heavy
1788983186273,6.760626937866211,-2.95190093630366,-2.7554263972409068,23.341589214891837,-19.52563595013929,9.160293691210615,user,bench,heavy
1788983186290,10.658687100329994,-4.723161032812297,-0.7592603246942162,-15.405599248443188,7.052758994967256,14.006310346013723,user,bench,heavy
1788983186306,7.198616788592934,-4.530427872234955,-2.001851132445782,-7.980500601722326,5.196810047933085,-3.2145469974832843,user,bench,heavy
1788983186323,5.874173188671469,-2.927061167144775,-2.819471145519614,29.144772358281248,-11.020962725848086,-25.071952754317447,user,bench,heavy
1788983186340,8.349629236713051,1.1863271418031305,-1.553686363054812,34.25415683861182,-17.830686941560188,-16.095890609363234,user,bench,heavy
1788983186356,15.4421535487622,-0.9506478428162634,0.7507328809760511,-5.846031054487022,-0.8442490541757168,20.56987283649127,user,bench,heavy
1788983186373,14.061296572223306,-2.440738881860301,0.1206087854132056,-26.73626836446904,13.665342180004808,33.332948734684685,user,bench,heavy
1788983186390,7.072921201434731,-3.555239681597799,-1.2756601336605846,-2.158829203466743,-16.005506716076454,-10.036256914528288,user,bench,heavy
1788983186406,6.5795666063606735,-1.1858780097961426,-1.8798961931206284,10.22045601738613,-31.122149689040377,-35.754964550222475,user,bench,heavy
1788983186423,11.083808117133378,-0.1698386802673339,-1.7770957438595592,-5.016008964187324,-11.921222639590788,-13.40183092050478,user,bench,heavy
1788983186440,13.109601412311196,-0.1246479047361761,-2.5071771742120386,-9.626585583205507,23.997381290314145,17.41575807212379,user,bench,heavy
1788983186456,8.101080592346191,-0.377685165759176,-2.094027311839908,17.011540646853266,7.299104708422575,4.100962117778369,user,bench,heavy
1788983186473,6.983736020550132,0.3429695339478552,-1.241841450688988,33.431778156880185,-25.17096317652595,-19.87270518262432,user,bench,heavy
1788983186490,12.18813304835856,-0.0083795596800744,0.3905551687262952,-3.6656246431019737,-18.413411360788995,5.952431314490657,user,bench,heavy
1788983186506,12.239758606177569,-1.2020386518064885,-0.412999055724591,-31.45303820338164,1.785150727914109,27.044289405469105,user,bench,heavy
1788983186523,9.045295041114093,-1.6497545814514158,-1.8131586986266075,-18.677251323142837,-1.7702997622243857,16.668099952364805,user,bench,heavy
1788983186540,6.76706193934977,-1.1736077262878415,-4.155135958287865,17.660593033112068,-16.84800030491377,-0.6605846804246922,user,bench,heavy
1788983186556,10.152612724414467,-2.381781739044189,-3.008164163860678,11.716471497520375,-7.363805382882814,10.655037902385592,user,bench,heavy
1788983186573,8.567052090454101,-3.2369602061398326,-1.922842477660626,-5.764240392949765,4.780389209049864,2.6127471405631,user,bench,heavy
1788983186589,5.946299098205566,-2.3650221812926238,-1.7161925084769725,-4.470951757570667,1.9926575311495027,-20.02183211786779,user,bench,heavy
1788983186606,10.218602323150634,0.718260498046875,-2.871844306835532,11.095799401036624,-4.13188836056654,-11.388835860771328,user,bench,heavy
1788983186623,12.449849217334387,0.5274725532531738,-3.012652707451582,13.475529515422862,1.3443839998994942,12.428744968510465,user,bench,heavy
1788983186640,11.2745948928833,-1.6897075293943284,-1.5593725919976829,-0.9221818327706796,11.274061361958433,18.96954756112624,user,bench,heavy
1788983186656,7.822605011749267,-1.4437031626828014,-1.0631737134084105,-2.236195183082301,6.559353813288351,4.406619059551963,user,bench,heavy
1788983186674,7.643190109363198,-0.8409630408689379,-1.0480608999505638,-0.3575539463869677,-1.5485084721135565,-1.7585748887404125,user,bench,heavy
1788983186689,12.961012440821529,-2.8130374592103062,-1.3428471254877743,-14.789891845712388,3.272574790567832,20.912200210145016,user,bench,heavy
1788983186706,9.18071648799479,-5.612756879425048,-1.6916528182432051,-21.3476777036994,13.058737711890345,14.153090257503653,user,bench,heavy
1788983186723,6.556072918048501,-5.747729851885885,-1.7480656103387473,-9.906806046736328,3.378775907868479,-17.287903761050323,user,bench,heavy
1788983186739,7.174674187469482,-2.3971941199705005,-1.0407283651053905,4.663955828042303,-12.584114696655329,-36.54156670108158,user,bench,heavy
1788983186756,11.065401522827148,-0.3830721925597637,-1.0060125871635972,12.009212551573476,-15.42961248601766,-30.661774448414008,user,bench,heavy
1788983186773,12.274922858539224,0.1846529491700232,-0.0885848769038915,-6.415555706257957,-11.94651141499276,-19.136166610834117,user,bench,heavy
1788983186789,14.602834475708008,2.2242136345461008,0.1583171692997217,-23.68713873028653,-1.2083805260942595,11.774963530025074,user,bench,heavy
1788983186806,11.266215187072753,1.8905217050965877,-0.7618040178276598,-17.10865569156709,-3.3956511708734647,29.416395321194315,user,bench,heavy
1788983186823,9.242217543140054,0.492008660357818,-0.8156735551811755,-10.508328000334656,-18.06923471341747,19.096722268377288,user,bench,heavy
1788983186839,6.892158976092934,-1.5611689738951622,-1.0529993792660537,-15.024271494628668,-23.745758828838166,9.197144269330126,user,bench,heavy
1788983186856,6.681918142810464,-2.197427992016449,-3.2589563493706284,-13.873033718512913,-8.918092621921025,1.517612538289827,user,bench,heavy
1788983186873,7.254580667877197,-2.042552999059856,-3.613896891619265,-6.213817104498345,-3.3652224646776463,-2.3593992025480484,user,bench,heavy
1788983186889,9.529522326880691,-0.5662285464964807,-3.0799896291434763,-4.291888103195028,-6.7859231408887215,-0.4240932223944088,user,bench,heavy
1788983186907,11.454609514728189,-1.6463128434997052,-3.767125651738792,-2.116781705162498,-6.207698962549306,12.326213583784815,user,bench,heavy
1788983186923,10.7698678399235,-2.344372338104248,-4.350712306401879,5.960382081571376,4.6076695197526965,15.644281916536576,user,bench,heavy
1788983186939,6.906674408179521,-2.4431331565856933,-3.746925159753114,17.548941638297162,8.581617012838686,-2.7743609422698263,user,bench,heavy
1788983186956,9.272593976703286,-0.1174653728209435,-1.759737635692954,15.91302424716719,3.144810766057454,-12.31007299300243,user,bench,heavy
1788983186974,11.99031155166626,0.5116111133851111,-1.6252126992605629,7.701070732587934,5.714849160627288,6.637509960413515,user,bench,heavy
1788983186989,12.993931544604896,-0.4176384059630334,-2.7491416178829966,12.93566538700953,9.45284947638248,23.651988869270355,user,bench,heavy
1788983187006,9.092878630065917,-0.8451530399046838,-2.7265457551933823,35.200561510387125,8.062281871749473,21.71001240897941,user,bench,heavy
1788983187023,8.444049980163573,-1.051353365624696,-1.7552483614496883,30.35600395474546,-0.170048978609986,12.805730429560146,user,bench,heavy
1788983187039,11.321730153545737,-2.005892078399658,0.3268091111332178,-0.8009961342046706,-0.1793585264487134,18.25427649086416,user,bench,heavy
1788983187056,9.102155576977133,-2.790591234124452,-2.547579181096703,-2.964527709471556,8.994580495341411,17.599353557013732,user,bench,heavy
1788983187073,7.314586516028642,-2.7349264839172363,-3.316117621745914,24.93418100856912,3.848661760027268,0.7588878578889834,user,bench,heavy
1788983187090,6.512679182001948,-0.980874638775736,-1.6762398527950046,40.60612006860237,-8.955953214264051,-13.593908646570233,user,bench,heavy
1788983187106,10.849624682727455,-1.0085571570798757,-0.2846101378291845,15.33885293232653,-3.048179597557641,3.330149870176454,user,bench,heavy
1788983187123,11.370362959289553,-1.4176666580200197,-0.4876685122616588,-11.135360710482985,15.440359788676677,18.162866361654583,user,bench,heavy
1788983187139,8.998906799426674,-1.5951365638181567,-2.329258355602622,-6.11067271029469,18.232319140229865,18.212784799203625,user,bench,heavy
1788983187157,6.829609873199463,-1.2274774097718295,-2.624193341960758,31.620644215424587,-7.299447071654722,-4.056885626403807,user,bench,heavy
1788983187173,8.813505223846436,-1.0070610733032226,-1.66516593946442,27.835138226444663,-15.302345571212811,3.940352353879635,user,bench,heavy
1788983187190,10.74487836009562,-2.3720552947998046,-1.6464622619077562,5.307623037027373,1.290883768461019,14.414152894186232,user,bench,heavy
1788983187207,9.597756489673255,-2.535159990637004,-2.9008740019649264,-4.778006326803175,24.546912697723982,19.495328693244648,user,bench,heavy
1788983187223,8.927529662433265,-2.133083749334514,-3.0359967581599947,12.22357974622162,18.152884040182613,10.130003822207652,user,bench,heavy
1788983187240,8.665363996124267,-0.4162916675291955,-1.911769148851931,32.56227800006464,2.5219745668238653,5.497065163846846,user,bench,heavy
1788983187257,10.146776857867836,-1.311872872161865,-1.150562950786948,39.34453290248224,-2.788208937368616,8.876922802925126,user,bench,heavy
1788983187273,10.504111455646155,-1.7818847317017614,-0.6422434262931347,28.27123385211893,4.464075037736934,17.39913339168398,user,bench,heavy
1788983187290,9.632622051349282,-1.5565305004395544,0.0643453386604785,16.253866054676458,13.106371451162012,20.156397089800794,user,bench,heavy
1788983187307,10.460418444392085,-1.7509096015930177,0.6622963265016675,0.4026015519232876,5.1348102864027645,24.09477637278394,user,bench,heavy
1788983187323,10.462064458033442,-2.327463435009866,0.4475665112368762,-10.105836905376854,0.3267810360095777,27.08676464437012,user,bench,heavy
1788983187340,9.113530372950434,-3.504363042449951,-1.2247833483822643,-9.344987129009636,-3.052088600197004,20.913515021560244,user,bench,heavy
1788983187357,8.472183603236079,-3.5321956367492677,-2.4108109957821666,1.8038286272514492,-8.464388768566465,9.273043892708246,user,bench,heavy
1788983187373,9.266308612823488,-3.5972879943847653,-2.537403824041039,0.7494654518463921,-2.570799320332055,8.894864856101103,user,bench,heavy
1788983187390,9.20630334919393,-3.256114111682028,-2.34511950320974,-4.8942164460022415,1.8863317628965028,3.4852685888693213,user,bench,heavy
1788983187407,10.659435872870684,-2.211493853704632,-3.424156848443299,14.03677298971198,-5.352137514282461,-2.676573550809577,user,bench,heavy
1788983187423,11.701214039289953,-1.188421995190531,-3.5036142699092623,34.83087069137101,-10.306909990579213,6.28798015227999,user,bench,heavy
1788983187440,12.61519760044515,-0.6305725699827075,-2.0437495153680443,41.7156023370009,-12.175946006949951,21.31020216327083,user,bench,heavy
1788983187457,11.289259962573649,-1.947832395879924,-1.0119985297054053,34.61218852471472,-12.085568943852342,38.71422938549512,user,bench,heavy
1788983187473,9.336340180426836,-2.7985227577760816,-1.0470140212461352,29.86384784391102,-8.86002149982393,31.8103288139596,user,bench,heavy
1788983187490,6.859687616077065,-3.989039241027832,-0.8084913885921239,25.43020471402108,-9.704859551093854,10.716492529442782,user,bench,heavy
1788983187507,7.227795536804199,-3.550301494543254,-0.1440999895073473,11.506163142786514,-12.662333169256668,1.1334696793202044,user,bench,heavy
1788983187523,9.59610930698812,-2.216282257024944,-1.9180540743403136,13.250720669081062,-1.236822394293545,17.705334187270235,user,bench,heavy
1788983187540,9.914089214977622,-2.7238533012390134,-2.325666906981915,17.57572110248549,3.0708931781991065,34.04541259719789,user,bench,heavy
1788983187557,8.896255403247475,-3.709216629736125,-2.05602009113729,13.72330231152789,6.056365449317095,31.62953370662936,user,bench,heavy
1788983187573,7.007679206195474,-4.2547959175661205,-1.144427516771853,15.418718334291489,0.5691900258624574,9.366152177700211,user,bench,heavy
1788983187590,8.797942913055419,-3.491493916265666,-1.0479111162163317,17.391586032651116,-9.85915608576538,4.280152130653653,user,bench,heavy
1788983187607,10.356119865527749,-3.4136823623105883,-1.0139439646847546,4.633116670166049,-14.204676114983815,10.081132111148918,user,bench,heavy
1788983187623,14.668226693072912,-4.084059119415283,-2.604441616655886,-19.998267965231243,-8.031352213866716,40.28502263043632,user,bench,heavy
1788983187640,18.51316492168009,-5.145438350622356,-5.477184479766339,-19.653188025341983,-5.3822343159733,83.3780658022591,user,bench,heavy
1788983187657,17.321450460815427,-5.138106108038127,-6.425886595342308,1.757519411070234,0.0654599260257005,135.1332163511946,user,bench,heavy
1788983187673,7.458238031116127,-5.949740470831096,-5.78558787337616,13.689064280765908,43.39608158982333,170.95072835874146,user,bench,heavy
1788983187690,-2.46438169631958,-10.01569431697428,-1.826774843785912,8.765434478876653,79.04878454779237,139.3815803545642,user,bench,heavy
1788983187707,-4.516211934551596,-11.831695107159018,0.3526962704531848,17.81607716692553,87.22418630502831,72.44513226198143,user,bench,heavy
1788983187723,-5.5258174316406246,-13.947870684051512,3.914669936481118,12.908470135055476,40.96196609417086,-76.58542901230308,user,bench,heavy
1788983187740,-0.385166607555747,-7.283610070745646,8.922143147089331,-32.48660633425007,-18.32406736380335,-183.93748612206363,user,bench,heavy
1788983187757,5.536292063903808,-0.5545569595336913,7.361422574548795,-50.33523959785446,-76.51314512031684,-190.811811974493,user,bench,heavy
1788983187773,16.223110449218748,8.935759438379108,1.4275436166509985,-54.58376411066955,-77.35264367120311,-86.33999099621347,user,bench,heavy
1788983187790,18.054825525885818,8.49073632801473,-4.912003250365704,-45.483974796447846,-16.49945575156802,3.5546381245140863,user,bench,heavy
1788983187807,16.1376685465157,6.211307294464111,-6.300490429522097,-21.64620648930044,26.75209903541784,63.31871545528044,user,bench,heavy
1788983187823,8.978256810107826,0.4409817260190844,-5.632208891130984,26.81039982262577,31.57949915586443,52.98386742967493,user,bench,heavy
1788983187840,3.1308681679874657,-3.513640866144001,-3.0053211955197154,56.208276793432894,4.242898998259935,-2.6447668539487084,user,bench,heavy
1788983187857,3.644125733405352,-4.024204370172321,-1.3910301416374742,60.7701396495169,-25.666300447966325,-40.84674080287275,user,bench,heavy
1788983187873,6.623111733576655,-2.63930834737569,0.2057524358220398,34.74819808165718,-24.61242445714816,-46.73345203716954,user,bench,heavy
1788983187890,9.128044051471353,-1.4038997062131762,0.2492966862551867,-1.9418767822177505,-2.392641519795089,-29.83950846480368,user,bench,heavy
1788983187907,9.8709941696167,-1.1607386001035571,-0.2494453009456396,-26.73255615665514,27.5785024061179,-11.931061527090192,user,bench,heavy
1788983187923,10.287285398754475,-1.532587460924685,-1.0033191102959216,-34.413877397257984,33.07880422585768,-4.518328937861638,user,bench,heavy
1788983187940,10.14333519298136,-1.3524249550417065,-1.3838475366570056,-18.307241192783025,11.746130740217511,-13.930817972664864,user,bench,heavy
1788983187957,10.484360460993647,-1.115847903497517,-1.6407758868344129,7.315300794491968,-18.25589866079204,-21.622895053663186,user,bench,heavy
1788983187973,11.864317273822426,-0.8726865051269531,-1.5873549700312315,18.99634922342937,-29.520542045658672,-12.34989641095819,user,bench,heavy
1788983187990,12.577789953070878,-0.9891048531129956,-1.3600554499201476,11.021546707022123,-17.10254779490181,5.720964741255388,user,bench,heavy
1788983188007,12.456881600189208,-1.1252744880124923,-1.2267284911006688,1.222932777729501,-0.8330163811988078,20.739763546811584,user,bench,heavy
1788983188023,11.371412176081538,-1.3069354157596826,-1.383099787029624,16.591009314750167,14.802244242826356,29.01710587740996,user,bench,heavy
1788983188040,10.78198965487182,-1.605012937927246,-0.0876871974118053,35.78139738231042,13.988532217377823,27.980238765172416,user,bench,heavy
1788983188057,10.447099528613686,-1.5099930595397948,1.371429369110614,42.29797500148745,2.439078268414713,23.87956394222601,user,bench,heavy
1788983188074,10.73829489005208,-0.9229647399902344,3.531448325513303,38.21042097193664,-26.476675072231657,30.42533720501026,user,bench,heavy
1788983188090,11.160571623340248,-1.1813888816833495,3.7539594423040743,28.27832017338282,-45.52477151636033,54.59973650804363,user,bench,heavy
1788983188107,10.650755722808835,-2.194435166876018,3.35951457266286,3.5396437248517927,-44.82276125837184,81.95517347360537,user,bench,heavy
1788983188123,7.863904405865073,-5.100846052441001,1.78742176143229,-33.40133600374944,-35.770045607909864,91.66424639764348,user,bench,heavy
1788983188140,4.752490879932045,-7.730428540094197,-1.416169697460532,-52.55294396474966,-21.71249689029,70.2914165223255,user,bench,heavy
1788983188157,3.4855092888981103,-8.524704356329142,-2.7486922666803,-38.295566110130025,-25.25515379578282,41.55560857078794,user,bench,heavy
1788983188173,3.321954218944907,-9.877578516443071,-4.398596631865948,-12.366831865005237,-28.136190766944026,17.854998999910848,user,bench,heavy
1788983188190,4.057124350738525,-10.100687891387938,-4.038867832427472,11.059030785187153,-24.52417499797701,-7.532141371393301,user,bench,heavy
1788983188207,4.508730054363608,-9.74814111240804,-3.446751103697717,6.743448328874528,-23.709767147006787,-27.419821743772868,user,bench,heavy
1788983188223,5.793070776477456,-8.419210137939453,-2.92466579644084,-9.86084143494308,-18.549724861149524,-42.7930236974354,user,bench,heavy
1788983188240,7.832331455993652,-6.154894210107624,-2.7919375341668724,-46.26970951328236,-10.655976199622824,-45.45231345455025,user,bench,heavy
1788983188257,8.715643400031327,-5.001636905670166,-2.998886632427573,-77.74831652982195,-4.624748407772314,-36.63784846271666,user,bench,heavy
1788983188273,9.74799264384806,-3.364002677862346,-5.296123125347495,-91.34169071408962,8.703221700821592,-26.428266106489197,user,bench,heavy
1788983188290,9.152734256091714,-1.9566613067626952,-7.360373576952517,-74.0189854316708,20.29002120317563,-19.58767285082322,user,bench,heavy
1788983188306,9.112182465472817,-1.462408301544189,-7.929445384050905,-41.05629100660874,16.870847287687464,-17.991191264413608,user,bench,heavy
1788983188323,9.029434039637446,-1.1739072937563062,-8.506149293462931,-0.6103253203865352,16.75718440216199,-17.051937800699307,user,bench,heavy
1788983188340,9.408015423583985,-1.3789105186462405,-7.167192015020549,38.17177576161272,27.60320549279854,-12.045416823042776,user,bench,heavy
1788983188357,9.744400756835937,-1.4637544554561377,-5.807883730205893,51.548185571800346,38.16462796864629,-6.722282853297128,user,bench,heavy
1788983188373,9.861418532019853,-1.7956509528562423,-2.8544861986689267,54.35044484862191,43.602448925406094,-0.5080345931074259,user,bench,heavy
1788983188390,10.071360090094805,-2.3138465591982005,0.3901062559150159,37.07574896587911,31.660126123921845,5.735621046553765,user,bench,heavy
1788983188406,9.974394338336586,-2.602347566986084,1.1414366643927991,22.78287291059562,19.88569790997297,11.55495716044344,user,bench,heavy
1788983188424,9.642497548675536,-3.641431087493896,1.5509943474918604,11.496840788343093,11.314027360113116,15.009902484162254,user,bench,heavy
1788983188439,9.140015059772134,-4.1569326324462885,1.2618946431584654,4.982493652816895,14.832761528037974,15.255878086741925,user,bench,heavy
1788983188457,8.53577783126831,-4.583249581035972,0.2792247915290295,9.660862887555217,23.342287601734466,11.165576613597477,user,bench,heavy
1788983188474,8.770410178485513,-4.631283836364746,0.5391451631292701,23.00094206777391,17.335575066362427,6.898681880122815,user,bench,heavy
1788983188490,9.251943402862548,-4.875342768096924,2.226907257544249,27.93526879967705,-5.050565452519358,4.716361308222871,user,bench,heavy
1788983188507,9.101558195605874,-4.864718205969036,2.875137795422971,8.241270394044243,-11.972852039526916,4.726889617941623,user,bench,heavy
1788983188524,8.89341170425415,-4.928314187566936,2.5511720910221336,-16.83249919059243,-5.885684571487177,11.3568176414896,user,bench,heavy
1788983188540,8.492382926177978,-5.080495630590617,1.2413939991824328,-42.50459505406951,11.075855248660186,18.55953130525037,user,bench,heavy
1788983188557,7.962965668597817,-5.012410520879924,0.8634095582157373,-55.16460681278202,20.709825120132123,13.954005611123412,user,bench,heavy
1788983188573,8.194305404010414,-4.66989063039571,0.7466922272831201,-61.85255387823467,23.410703899103197,10.681826758084028,user,bench,heavy
1788983188590,8.422801440429687,-4.14975002746582,0.5201413335822522,-64.69012864815979,15.192096072725052,2.1864178316283054,user,bench,heavy
1788983188607,8.404695874896644,-4.064755576269328,-0.0586575022824108,-55.46540834382938,0.3546802510153906,-7.143645334044853,user,bench,heavy
1788983188623,8.63094793178141,-3.71864438329488,-0.6781568895868957,-50.64561705411818,-9.546616020855708,-10.872272068937848,user,bench,heavy
1788983188640,8.724321796527505,-3.4832644325807687,-0.8340795649655163,-54.111992699413015,-11.410152881170935,-9.84613433011275,user,bench,heavy
1788983188657,8.540417181506752,-3.353528630121052,-1.705419039397687,-54.32779252623957,-9.60343636456104,-12.073464141095789,user,bench,heavy
1788983188673,9.293841931915283,-3.117549544470012,-2.4748553056694567,-46.41539403318414,-10.071084049106185,-7.837082850851337,user,bench,heavy
1788983188690,9.45544995945394,-3.261501211547851,-2.887406325365603,-32.2225239001807,-10.436974721622828,-3.2594006363193464,user,bench,heavy
1788983188707,9.076120972010491,-3.994276849420368,-2.7257980055660007,-16.46165406960659,-16.298359614477214,-4.239695212652376,user,bench,heavy
1788983188723,8.173505777087808,-4.6091374710083,-2.2789799746088684,-7.155735622649423,-23.537996427117427,-12.981854541271742,user,bench,heavy
1788983188740,7.96146929256022,-4.738723928125203,-1.9650404280513525,-5.723092345181847,-31.305892022997472,-23.75741966929867,user,bench,heavy
1788983188757,8.243835450854897,-4.190301818084716,-1.756445170018822,-8.039857506930675,-35.8384362920692,-27.889351145434347,user,bench,heavy
1788983188773,8.43986129630208,-4.003853363800048,-1.913565092357993,-12.434478912318689,-33.39899324886412,-28.472218998635725,user,bench,heavy
1788983188790,8.355762624901532,-3.927687531225383,-1.8462278784051536,-19.05020014239304,-28.67256723001242,-30.09521708695062,user,bench,heavy
1788983188807,8.270921026179193,-3.8664866280704735,-1.5845122939512133,-30.051456064938343,-24.345919013470724,-33.07575796148786,user,bench,heavy
1788983188824,8.451232585144043,-3.4397193053647874,-1.4371183774650096,-34.94497241655066,-27.081575408148204,-39.03565467274134,user,bench,heavy
1788983188840,8.739284972381592,-3.190273419897258,-1.6647171727836132,-30.897108616266795,-33.84859728116938,-41.4198449006556,user,bench,heavy
1788983188857,9.26989933079183,-2.667439924621582,-2.1170719412103294,-23.38333191600437,-39.51709763186261,-38.34794683087485,user,bench,heavy
1788983188873,8.393622107696533,-2.8760347442626952,-1.933466601397097,-23.2636089451378,-40.941168168148174,-40.3081223302093,user,bench,heavy
1788983188890,7.855824559783935,-3.190871970312297,-1.486648716570437,-33.782528861327854,-41.77034630319855,-46.39836295648872,user,bench,heavy
1788983188907,7.236175242614745,-3.2790089573182164,-0.3793304487481713,-65.9205599063809,-41.78185175685544,-61.15414654503336,user,bench,heavy
1788983188924,8.242789156672359,-1.8996496719911693,-0.6733692169189452,-88.78707019091063,-36.56369651399242,-63.65308736609841,user,bench,heavy
1788983188940,8.800786027526854,-1.009754404040426,-1.5786758428826928,-89.79740543331725,-34.40868645348877,-56.01452140215255,user,bench,heavy
1788983188957,9.172037506976723,-0.2124853973388671,-3.537432368358969,-58.83132215171708,-38.537873901125394,-37.99444356019167,user,bench,heavy
1788983188973,7.976881381225586,-0.8237550086975097,-3.312377412304282,-39.91932405699008,-46.69069505296527,-27.747401031461266,user,bench,heavy
1788983188990,7.023841236445307,-1.563712959289551,-2.648884861755371,-40.38165273171907,-48.29756877219705,-27.11754830695937,user,bench,heavy
1788983189007,3.777901166644692,-3.1028853515625,-1.587953958837688,-65.69625649403768,-35.11507827782983,-46.38427227623098,user,bench,heavy
1788983189023,2.251298333087564,-2.670282966027781,-1.8368004171073435,-85.93647708042747,-25.054332573806107,-61.90080233453164,user,bench,heavy
1788983189040,1.8670283821105955,-2.2710496200010177,-1.9244883451715111,-98.4798599439674,-25.88405029380092,-75.02796146643259,user,bench,heavy
1788983189057,1.4202110818058251,-1.212812705407664,-2.4712644415706397,-106.39938232432716,-23.991976903133374,-88.87579434822909,user,bench,heavy
1788983189074,1.467496564593911,0.2491467541071935,-3.1209912093564864,-115.20544276838706,-24.30429584066867,-107.57053437074174,user,bench,heavy
1788983189090,2.240224565887451,0.8053496930329128,-3.2210978894889357,-130.37992378324265,-24.605992126497306,-136.17140510503654,user,bench,heavy
1788983189107,5.491551004901528,3.009960618823394,-3.5800793776914475,-160.59117553890803,-37.25611377129163,-170.4308826610118,user,bench,heavy
1788983189123,11.858182132068276,7.529614729718118,-6.2883700758785,-175.454841965393,-40.17655239622734,-165.84681485993607,user,bench,heavy
1788983189140,16.204256111145018,10.305541624804585,-8.333167638994754,-160.39141982644182,-36.26059320919477,-118.9335922438118,user,bench,heavy
1788983189157,22.912809162902832,14.236970826776323,-14.022090350994468,-105.89224760864288,-16.685819170619112,-33.40792030610933,user,bench,heavy
1788983189173,23.258621665191647,13.751696077783404,-14.58233353947103,-45.02526612197896,21.809348972720777,91.81975614466631,user,bench,heavy
1788983189190,20.835988860321045,11.672780702618509,-13.129502044567465,-36.06112436467371,56.95874724358263,152.99799959709148,user,bench,heavy
1788983189207,14.191481287494302,7.425317612158507,-9.973046723119914,-56.0389734793812,91.08325001627468,180.4535705509802,user,bench,heavy
1788983189224,9.73662018596232,3.930231808880716,-8.200139809252322,-104.32892659065368,144.42062071663278,185.04573895641155,user,bench,heavy
1788983189240,8.275408985248207,2.7636570499695834,-8.056487709642946,-133.74738462897736,185.30519052222365,172.22677162023993,user,bench,heavy
1788983189257,6.892158976092934,1.0226235302247106,-7.348702428381144,-158.09696803893775,224.3918223118354,154.4907784213328,user,bench,heavy
1788983189274,6.6165265099674455,0.6814496475219726,-6.201729611040651,-186.92383607249,270.2548213808002,128.91957469718056,user,bench,heavy
1788983189290,6.642113955688476,0.5753566229889169,-5.80504076186493,-199.5054406746253,307.7922296628696,107.27763536856408,user,bench,heavy
1788983189307,6.296153569361567,0.7688380446502938,-5.799503476406075,-195.982237855436,336.2501308774577,85.2849316751216,user,bench,heavy
1788983189324,6.391621191516518,0.5036801148898666,-4.271254519609734,-191.97874979418967,374.0489168386852,65.1300406420328,user,bench,heavy
1788983189340,6.096534667858481,0.5644329683165997,-3.012652999712526,-195.35906505594235,386.7218137492669,48.23410265442929,user,bench,heavy
1788983189357,6.027254210883378,0.1514331454070284,-1.403150056889653,-189.11519298466183,378.5802829001251,32.02209541408126,user,bench,heavy
1788983189374,5.749975146594643,-0.6346132236756384,-0.5017337163627147,-163.4018530238816,357.3726821310189,6.775008498595041,user,bench,heavy
1788983189389,5.885248709437251,-1.294515129321441,0.4273673344254493,-136.0289410193284,320.13326134205874,-12.546433396778014,user,bench,heavy
1788983189406,6.883779270282387,-2.0617070507325232,3.5410248398929838,-115.7370227311108,273.4976039534255,-22.58038170736684,user,bench,heavy
1788983189423,7.299622755652666,-2.156128597900644,4.8163873057812445,-105.50748256212856,224.7436180352261,-22.56359480993424,user,bench,heavy
1788983189439,7.337629537963867,-2.883816191919148,6.474071511188149,-105.39952459210734,187.3774972371622,-23.615732517608635,user,bench,heavy
1788983189456,6.257995980402827,-3.350386532703042,6.327129722383618,-105.4035202527718,185.01068642559105,-25.029890741861216,user,bench,heavy
1788983189473,5.794416345867514,-3.5227684677124023,6.37800475409627,-102.20338538132404,189.61917898313877,-30.524658400826,user,bench,heavy
1788983189489,5.59210747462809,-3.691859398352354,6.676531773597001,-86.65000645245118,186.50435317442447,-35.563370913814445,user,bench,heavy
1788983189506,5.33098868702352,-3.5414733143128454,7.026683766394854,-69.98418778326916,175.4322476996186,-39.11314999906431,user,bench,heavy
1788983189523,5.478382311248779,-3.343652548272908,7.232135611835122,-52.18609450442828,157.24543469473394,-36.732538790275136,user,bench,heavy
1788983189539,6.320991658020019,-3.0741549316406247,8.331971999469399,-40.26853113868532,133.47536551509242,-24.172003614181985,user,bench,heavy
1788983189556,6.184822607642412,-2.4971530621953306,9.188201290792229,-33.69313534547072,116.02835761996852,-14.554602074089203,user,bench,heavy
1788983189573,6.191555130767822,-2.481590313012898,9.1159239900887,-20.322225545112243,97.400874470213,-1.0501625023437935,user,bench,heavy
1788983189589,5.769277812957763,-2.6445456635072824,9.014770138990878,-9.586161108602788,81.04587038940157,17.542709090679526,user,bench,heavy
1788983189606,4.582503146582842,-2.7862529126591977,9.5762115973413,-12.169903850855428,72.92392169261016,25.103941945295205,user,bench,heavy
1788983189623,4.1570828545719385,-3.048567632050067,9.73512556349039,-17.46535890587642,65.30511205083856,23.546283154127945,user,bench,heavy
1788983189640,3.784335583606362,-3.2178076157718896,9.975293917524814,-27.664730129294725,43.32803583021708,18.28824131405934,user,bench,heavy
1788983189656,2.021754248920083,-3.655198331561684,11.003602946040033,-33.800895240006014,19.635229750466728,2.892271778572226,user,bench,heavy
1788983189673,2.6550194189876315,-3.834164613397419,10.606912489429115,-37.64003528944346,-2.286568255097968,-1.671876202675973,user,bench,heavy
1788983189689,1.355417122595012,-4.061314495904743,10.524611222839354,-42.581277587881246,-11.707703242173372,-19.84997431306651,user,bench,heavy
1788983189706,0.9840165900632738,-4.086752888543904,9.31464214335978,-46.80241304212458,1.322862073824784,-26.51837166956729,user,bench,heavy
1788983189723,1.5065513946533202,-3.8037881798341866,8.683321677619219,-49.15496241870875,16.363415458774295,-23.63258259429105,user,bench,heavy
1788983189739,3.1950621154785157,-2.859275917163491,8.227825396296382,-47.394453839381285,20.853170300243185,-11.819776401169529,user,bench,heavy
1788983189756,4.380640557806194,-2.0153195396974684,7.451054257091879,-35.96718877301853,18.9895309870904,-5.515319271290529,user,bench,heavy
1788983189773,4.370315270885825,-1.8924670670107009,7.1680901329040525,-21.428644473668022,16.74679397688711,-3.6365656032781546,user,bench,heavy
1788983189789,4.6104839171811935,-2.20610689996928,7.4676634465873235,-5.500297550871554,9.2577254859472,-2.0292617955720704,user,bench,heavy
1788983189806,4.116081566619873,-2.647987328393757,8.186224973407388,2.143503539629704,6.22313860516812,-2.6673803296301517,user,bench,heavy
1788983189823,3.873819162915647,-2.8109432634100315,8.449290218904613,4.700330427354029,6.963426950812659,-1.172646470460634,user,bench,heavy
1788983189839,3.9021003777652976,-2.915988568988442,8.532937054884433,7.477274461790589,5.016428167047634,0.5327233257186419,user,bench,heavy
1788983189856,3.79570774923116,-3.349488707080483,8.562714938032627,13.02334794047957,2.4020513860372508,0.9977869042408434,user,bench,heavy
1788983189872,4.156634526282549,-3.1826436556711792,8.983347995766996,12.467562641110938,-0.9981103777310668,7.270903711113239,user,bench,heavy
1788983189889,4.925920862689614,-2.4346043976932763,9.674971831300851,7.77643162479527,-9.920135160901609,17.946555978187575,user,bench,heavy
1788983189906,4.892851244519651,-2.842666727668046,11.62430031095743,4.484723553371529,-28.04362121312284,19.60779458811808,user,bench,heavy
1788983189924,4.113537142834067,-3.425055112457275,10.8852372633785,-1.282183921727421,-25.04266319560914,11.260830431762471,user,bench,heavy
1788983189940,3.16319018266052,-3.638139936994016,8.14552588327229,-13.175104498553496,0.2620384465993938,6.733856608845715,user,bench,heavy
1788983189957,3.3044463270440696,-3.8980592856809495,8.293813825988769,-15.797109106762903,1.0442143680720646,4.029534133872492,user,bench,heavy
1788983189973,3.7122108431160448,-3.608661621314287,8.42609697484374,-11.173268260376554,-2.79616333298733,4.113304696495405,user,bench,heavy
1788983189990,3.937413975469768,-3.3572692779541016,7.723396449500322,-4.033951558718197,-1.972040818583231,4.487549544140621,user,bench,heavy
1788983190007,3.8509246095404026,-3.339014659339189,7.478441445711255,-1.68208434727738,3.7012564593414607,3.402927456773644,user,bench,heavy
1788983190023,3.8477819276005034,-3.3065427148014304,7.397786192762851,-4.479803682735004,8.568549153409158,2.543516770022674,user,bench,heavy
1788983190039,3.614346096691489,-3.2372596274778247,7.366659233093261,-6.881407477938208,11.597758540877324,-0.4848124301770586,user,bench,heavy
1788983190056,3.555688156017661,-3.298760974884033,7.235726329803466,-4.316814878570989,12.713336753110092,-5.593402420768937,user,bench,heavy
1788983190073,3.653252165929973,-3.188777336120605,7.355736272540688,1.1583591020991424,12.31016861565081,-6.880222013230387,user,bench,heavy
1788983190090,3.954473539081216,-3.0428812569767234,8.098239815962314,6.318858583743971,8.45397614517678,-5.292782743508227,user,bench,heavy
1788983190107,4.086453321075439,-2.99095671621114,8.845528840094804,4.7331413754663005,4.22456122099892,-2.1686559246916874,user,bench,heavy
1788983190123,4.100519840350747,-2.91120016566813,8.979904577314853,3.767972466493676,-0.124051603253064,0.4106970869978982,user,bench,heavy
1788983190140,4.10231403029114,-2.9553423819944262,8.826822970581054,8.651194442366313,-6.972234479747391,3.882653050205483,user,bench,heavy
1788983190157,4.188357113757729,-2.7473469895511866,9.196579243037103,9.34679712913969,-6.336245684049884,6.130358596143136,user,bench,heavy
1788983190173,4.010736985833943,-2.747197351947426,9.40277986101806,5.601512416634681,-1.5071592539302396,7.361834019533618,user,bench,heavy
1788983190190,3.567659748840332,-2.968211800439656,9.021950990405678,0.6739493329179973,6.324162652521308,6.024018100294738,user,bench,heavy
1788983190207,3.6201825477600096,-3.1031849190309644,8.744522873035073,0.136965863467545,4.545984373811019,5.219173794823,user,bench,heavy
1788983190224,4.0641564413324,-2.8877064773559566,9.178770614624025,2.35405137787134,-0.5987939867159967,7.14349592365676,user,bench,heavy
1788983190240,4.283226770019531,-2.692130713763833,9.57590998404622,-1.0046701340986297,-12.198039107594004,10.617126937397437,user,bench,heavy
1788983190257,4.548385188403725,-2.6354183541998264,10.367644299104809,-7.588807182068666,-17.80842223241324,12.405060433789798,user,bench,heavy
1788983190273,3.046772419196367,-2.712182737189531,9.23728125578165,-20.60054038586463,-6.431543898444487,7.263336715286511,user,bench,heavy
1788983190290,2.8083976705804465,-3.1329628021791573,7.818715018573403,-22.050767131576755,6.809275984547818,-0.222886921822808,user,bench,heavy
1788983190307,3.4136817777886983,-2.973897152599692,8.24188899296224,-17.32728321671003,2.002683181634024,-1.6450201123028945,user,bench,heavy
1788983190332,4.022856462694704,-2.6672897024959323,8.567349612095951,-17.006177240807514,-5.284261655631813,1.5616573333177717,user,bench,heavy
1788983190340,4.186112549701333,-2.5339637665897605,8.701579218843579,-18.543838945632267,-6.606730139805675,2.913819531299735,user,bench,heavy
1788983190357,4.305073860168457,-2.447772214563191,8.81066327841878,-24.47442731515722,-8.874491255580601,7.012802815209504,user,bench,heavy
1788983190373,4.082711504198611,-2.5950147398799657,8.471282855004072,-26.502484649557843,-7.587115002701795,7.398284177813037,user,bench,heavy
1788983190390,3.878306829723716,-2.813037605340779,8.111853915295004,-24.21249980577099,-2.311833978611491,6.788490865129823,user,bench,heavy
1788983190407,3.963599387083947,-2.9438197019830343,8.373419862145186,-20.82097791113762,0.5019738140752446,6.945569421227661,user,bench,heavy
1788983190423,3.9963706068292257,-2.975693096105754,8.54879571827352,-19.23747197660374,3.05143247514986,7.215047277854521,user,bench,heavy
1788983190440,4.067898258209229,-3.010708879907429,8.801535384589434,-20.421133514483195,3.957319397551593,7.837307393320301,user,bench,heavy
1788983190457,4.330961457879841,-3.231873842786252,9.209747936689851,-24.813974801818773,-0.9382026817991792,11.08091812638246,user,bench,heavy
1788983190474,4.495263254547119,-3.1771058952882885,9.15482976706624,-28.284662004027176,-4.259232114999551,14.78079232619064,user,bench,heavy
1788983190490,4.268263594165444,-3.276017520417273,8.68766292169392,-29.07438725888427,-3.945195384887997,15.604757319357004,user,bench,heavy
1788983190507,4.153192276874185,-3.4281983789190646,8.440010933905839,-28.90999143575123,-0.1529569905009845,15.90327756722158,user,bench,heavy
1788983190524,4.12087084672302,-3.538331947547197,8.476523678267002,-29.55837787856596,1.834284654203948,15.342244121249442,user,bench,heavy
1788983190540,3.95207875289917,-3.760692842212319,8.511538293024897,-27.003270704408592,-0.6928424899358988,13.418437671698015,user,bench,heavy
1788983190557,4.043956826129556,-3.7770036332830794,8.34319715783894,-23.500169131946603,-4.373185283564751,12.662723343813004,user,bench,heavy
1788983190573,4.116380549566448,-3.6566944153383374,8.481310328021644,-23.030549230278623,-5.957703793643084,13.977894197745533,user,bench,heavy
1788983190590,4.0867523040220135,-3.617788346099853,8.671798997607826,-24.14736199920387,-6.766856240933808,14.916035194398768,user,bench,heavy
1788983190607,4.235043461608886,-3.388544121661782,8.986188187628985,-30.814569195241777,-8.674084113822317,16.795810829465704,user,bench,heavy
1788983190623,4.080618039050698,-3.29726606015116,8.900148903554678,-35.130941392177185,-8.829948176908363,16.73119211727551,user,bench,heavy
1788983190640,3.870226399120688,-3.346495370483398,8.800486167797446,-40.989983530146255,-6.663343443401796,13.95536311122095,user,bench,heavy
1788983190657,3.8974613197878,-3.207332983508706,8.641273510962725,-44.81905929584169,-4.7361859322888336,12.605728830283834,user,bench,heavy
1788983190673,4.183866524340212,-3.1084213583797213,8.818293042644857,-47.439116446364,-7.746851783047237,15.256135926383092,user,bench,heavy
1788983190690,4.311059364318847,-2.8640643204838034,8.933964079394936,-50.03477274607644,-11.67148360277844,18.66680625635459,user,bench,heavy
1788983190707,4.291457715009153,-2.7724872760266064,8.768765333887934,-55.07133374947632,-13.13063825950942,21.702372842392744,user,bench,heavy
1788983190723,4.381838243158161,-2.7425591707527635,8.742280647066234,-46.22321983069666,-20.013173145547505,24.57048538809699,user,bench,heavy
1788983190739,3.020435324151814,-2.375947041541338,8.966137917768954,-56.10648306913761,-10.731044247469494,21.879580392861435,user,bench,heavy
1788983190757,3.518428977203369,-3.2574615807682274,8.616733528468012,-70.62780333894864,-0.7940323828198724,23.686283249092988,user,bench,heavy
1788983190774,3.339761678314209,-3.144784465137124,8.630349381366372,-86.83586956014557,7.723610356848976,22.75900993718289,user,bench,heavy
1788983190790,3.800346222686768,-3.5115462319523094,7.751379265925288,-79.97850989761452,6.737927828477865,24.488205514260432,user,bench,heavy
1788983190807,4.236540714429319,-3.203593212458491,8.126970820406079,-74.73935865324287,-5.517622325701292,30.97195041409721,user,bench,heavy
1788983190823,5.091569105529785,-2.784756390491128,8.296957384711504,-77.06327587682635,-12.82977525675953,43.97178457458536,user,bench,heavy
1788983190840,4.644301723369956,-3.094205786022544,8.58051947479248,-86.10650780962575,-13.804497039060063,47.2641884715308,user,bench,heavy
1788983190857,4.203319997350872,-3.6354455833435058,8.040478531867265,-90.99139763231636,-9.346550388555924,43.85782969847287,user,bench,heavy
1788983190873,3.6967967086240647,-4.197484423065185,7.398681095775961,-95.41019534604528,-3.484943727996922,43.03609988471239,user,bench,heavy
1788983190890,3.5561379456117748,-4.578313293677568,7.313688105884194,-100.8186943006982,-3.371353413231379,43.32311809401467,user,bench,heavy
1788983190906,3.4983766615167258,-4.656272731670737,7.081748651012778,-104.859966968433,-3.339716190439292,44.376674773489135,user,bench,heavy
1788983190924,3.5908538696840404,-4.579510979029536,6.61981970629394,-103.79342609934636,-4.099589249755197,47.96118195557392,user,bench,heavy
1788983190940,3.556436928558349,-4.6293403010815375,6.4010489450752734,-100.23773890046444,-4.4514869990966,49.91639190738177,user,bench,heavy
1788983190957,3.539826277758181,-4.670937216839194,6.51881257019043,-100.62796809831477,-7.668771621776591,54.02256503261004,user,bench,heavy
1788983190973,3.4494466263920067,-4.685903899824619,7.029377827784419,-111.4104872126904,-12.342740080255307,58.70067429327308,user,bench,heavy
1788983190990,3.229179196874797,-4.75652992618978,6.423942621667683,-119.90953065355824,-10.199792133825904,62.15100582420754,user,bench,heavy
1788983191007,3.042730742590129,-4.709394665527343,5.998972411511838,-124.54669634524164,-9.243012404701346,63.37509183668972,user,bench,heavy
1788983191023,2.4622866237364707,-4.593126831927895,5.267394751252234,-124.01406453338568,-9.556670913087611,66.066678143295,user,bench,heavy
1788983191040,2.433555911553651,-4.254047437286377,4.936544548034668,-126.09033275804283,-9.434243187309717,69.2839021480461,user,bench,heavy
1788983191057,2.276586065209657,-4.179976823425292,4.770746083068848,-128.03279757685945,-6.863731802139861,72.80308198581429,user,bench,heavy
1788983191073,1.624465534155071,-4.379144474029541,4.345476305444539,-137.36140164337118,-0.4814756159632429,69.60303590682577,user,bench,heavy
1788983191090,1.0942995040342212,-4.844517421722411,4.184765811267495,-149.5052184404654,0.1476342454251347,64.12067528648831,user,bench,heavy
1788983191107,1.048959310095012,-4.801720482525229,3.928285643249005,-163.7871576553404,-1.6788180227502332,62.36976312294472,user,bench,heavy
1788983191123,0.8201636331420391,-4.83883294634521,2.5825959878116844,-179.50425621861848,-6.799121627686125,59.725735423530246,user,bench,heavy
1788983191140,-0.0827499602053314,-5.399372487419844,0.1556231079101562,-183.51859062026676,-6.772926571558656,50.94412364160442,user,bench,heavy
1788983191157,-0.3188780258730053,-5.716006826019287,-0.9989794005911796,-181.27839785552928,2.268348085156724,47.28957969977032,user,bench,heavy
1788983191173,-0.7223010056093335,-6.131700673785805,-2.3602333372976045,-175.10154360038493,14.391864279377188,49.60379805473238,user,bench,heavy
1788983191190,-1.6077067435884846,-7.485770765686035,-3.272574211562984,-168.42629044150476,15.521570737908126,48.157898233859456,user,bench,heavy
1788983191207,-1.5530889816835522,-8.219144661712646,-3.572746696715802,-162.58102821018616,7.662762762854271,49.0212273147599,user,bench,heavy
1788983191223,-1.6246158476122654,-9.442131628197432,-4.337844057000428,-159.86869178888242,-4.106518903554997,47.13112272612061,user,bench,heavy
1788983191240,-1.6264114075258371,-10.377966371154784,-5.74428818699941,-156.4745385638713,-7.166377057376303,45.85711486099481,user,bench,heavy
1788983191256,-1.4148238266763742,-10.653449784198402,-6.492924826348572,-148.63380924577683,-7.781947002550055,49.209641498109285,user,bench,heavy
1788983191273,-1.498471292843856,-11.10131513225138,-8.17185859440267,-127.37421707670848,-4.750776070129628,56.43713935704709,user,bench,heavy
1788983191290,-2.076521319635212,-11.528679544067382,-9.194332633154094,-107.62223207256956,-0.4998708095019681,56.9912555289373,user,bench,heavy
1788983191307,-2.428768275418318,-11.915193474578857,-9.21228885334432,-91.33712131753488,8.513295484344694,51.18845658368871,user,bench,heavy
1788983191324,-2.646491061954014,-12.39777591574788,-8.677933554840088,-82.1905896037282,13.629392333082093,37.84731787037501,user,bench,heavy
1788983191340,-2.291849904510751,-12.437279658618568,-7.666981319317221,-85.94105330717137,14.521144392439895,27.721630727722808,user,bench,heavy
1788983191357,-2.0358198914125563,-12.290783860015868,-7.287051151110232,-97.27987083887705,14.412226780840289,17.975309367046037,user,bench,heavy
1788983191373,-1.7088618002627043,-11.68310613566935,-6.987177685436606,-112.0956712996586,14.04423241005928,6.540957125645745,user,bench,heavy
1788983191390,-1.5471034044679253,-11.002852419933676,-7.922562638799846,-115.62454317585905,6.850870129045903,-4.662726820878524,user,bench,heavy
1788983191407,-1.494281366873346,-10.79620288914144,-8.28408650496155,-104.37498255622708,-4.874307725232124,-10.99118310106683,user,bench,heavy
1788983191423,-1.8388969144625589,-10.742782849121092,-8.832508615002036,-86.33041507099712,-13.98808483998719,-17.301746846950646,user,bench,heavy
1788983191440,-1.7564465217256915,-10.602124086108804,-8.870217875671386,-66.54060447923466,-14.284984625471182,-20.125321436624528,user,bench,heavy
1788983191457,-1.43951404042989,-10.594043070983886,-8.300696571239829,-62.297943683822034,-12.249355172601955,-18.50248727284972,user,bench,heavy
1788983191473,-0.5701196356508881,-9.897181334796548,-7.5519105865478515,-57.79138486944762,-10.738039214953234,-15.27692019202744,user,bench,heavy
1788983191490,0.0356134574338793,-8.993818536376953,-7.711872600445151,-41.77842983208127,-7.734603546318111,-3.0574436819497053,user,bench,heavy
1788983191507,0.2558799371030181,-8.539967684173584,-7.747786209869385,-29.012478424247277,-5.250042834776872,6.490085022933844,user,bench,heavy
1788983191523,0.031273930392228,-7.778461918640136,-8.057984962463378,-14.732233096286432,-0.1337530865562738,11.612942905175908,user,bench,heavy
1788983191540,-0.0207999557161703,-7.398233352008462,-7.721898904418944,-0.9033597524088286,6.794053627321976,16.088496929586697,user,bench,heavy
1788983191557,-0.1960255166536197,-7.235127194866537,-7.304559043011069,-0.4164517348170455,12.270082235412003,13.044016946681674,user,bench,heavy
1788983191573,-0.3024179625246673,-7.092223867797851,-7.080102637371421,-1.2617431932539829,18.52638610475559,8.89153770020166,user,bench,heavy
1788983191590,0.1843532721037045,-6.606350568389892,-6.616375703319907,1.4990400799977983,17.851939075162683,10.81813513580268,user,bench,heavy
1788983191607,0.2688984451627358,-6.451176373291015,-6.6044046950191255,4.265596997532357,19.0148590360801,13.765441163612284,user,bench,heavy
1788983191623,0.0703293449735268,-6.503549534606933,-6.795492499542236,6.116604729588846,20.1770771950603,13.668941689697403,user,bench,heavy
1788983191640,-0.8381205474520101,-6.905476138305664,-7.129034718322753,13.45942649068091,24.61353607043558,3.977354049934533,user,bench,heavy
1788983191657,-0.8789715767458081,-7.183951718902588,-7.132476383209228,18.64727703797023,27.40217253495756,-0.4590319345156983,user,bench,heavy
1788983191674,-0.7028481901858001,-7.237671618652343,-6.08381605606079,14.597142199787337,26.492708941308265,-1.4659543234931396,user,bench,heavy
1788983191690,-0.4258689490938559,-7.260566756549477,-5.659742502483725,11.581471954801428,16.53372451818127,-1.114361157900036,user,bench,heavy
1788983191707,-0.293589270837605,-7.273734281158447,-5.579088418579102,13.753368804254286,6.546466100098183,-0.1751099353415539,user,bench,heavy
1788983191723,-0.1951278006289154,-7.238869304004311,-5.303455952453613,16.088618165444462,-0.7540006974552805,1.9673947958437408,user,bench,heavy
1788983191740,-0.2564791451051831,-7.457189983367919,-4.586541023796797,10.242795858613947,-7.1764959826316765,2.09383290988149,user,bench,heavy
1788983191757,-0.3227686401033773,-7.598298828235269,-4.330062755474448,0.7099436294311712,-8.252926965636515,0.9979925569678842,user,bench,heavy
1788983191773,-0.2606689980104565,-7.71845723953247,-4.050390074047446,-10.23284683431418,-10.135805214133931,0.3826593205375545,user,bench,heavy
1788983191789,-0.2847606522157788,-7.724293106079101,-4.176683627098798,-16.089109939064702,-10.375126504914714,-0.8227488459681332,user,bench,heavy
1788983191807,-0.3045128524446859,-7.784896335601807,-4.716577270507813,-16.29493427460845,-11.800951546043326,1.3004754884898324,user,bench,heavy
1788983191823,-0.737414476654306,-7.964013131824135,-4.9917608238220215,-14.880581389964524,-11.022863225984644,0.6120266244592502,user,bench,heavy
1788983191840,-0.761057218048349,-8.100033713641762,-5.015253927612305,-15.7794803885151,-8.343333057038096,1.0029765673495836,user,bench,heavy
1788983191857,-0.6949173606539145,-8.068758869934081,-4.819377719768881,-21.794633330153985,-7.903803553758607,2.2240000937626543,user,bench,heavy
1788983191873,-0.2639610618257895,-7.877671649932861,-4.4819455078125,-31.263647302980942,-7.4739626738167795,4.504300583080077,user,bench,heavy
1788983191890,-0.2044052955294028,-7.759308889880776,-4.442740455627441,-40.45442156713639,-8.687739369520466,5.9160776326332645,user,bench,heavy
1788983191913,-0.5214874144289642,-7.957877990069985,-4.800673019298911,-16.158810311997392,-29.504255459582776,4.360567362846799,user,bench,heavy
1788983191923,-1.4218568762514738,-7.218817280578613,-4.604349652209878,-30.699798111523467,-19.82906539646981,4.898889149168177,user,bench,heavy
1788983191940,-1.5737389710024,-7.690325370025635,-5.0287207274287935,-55.72105549427379,0.891699072030883,3.115106700243892,user,bench,heavy
1788983191957,-2.378639714691415,-9.080309071350095,-6.160131233978271,-56.44869603712276,17.975483536869874,-8.969301965223194,user,bench,heavy
1788983191973,-1.0369889593813568,-7.739407088580727,-6.770203744506835,-40.85758714327473,6.884485758819768,-9.235590550394482,user,bench,heavy
