epoch_ms,acc_x,acc_y,acc_z,gyro_x,gyro_y,gyro_z,participant,label,category
1788967898024,1.0175360708925874,-8.807819579425454,-5.0089685637325045,1.1458382981334514,-26.98018466501395,5.283336164999277,user,ohp,medium
1788967898042,1.3904329794619232,-8.320449903979897,-5.094112068010866,5.295311194161601,-18.644392990593197,18.848110212777996,user,ohp,medium
1788967898059,1.2746135837497188,-8.518121178546547,-5.063735926708579,10.138085643543068,-16.125858064346666,19.83676472721171,user,ohp,medium
1788967898075,-0.6389520931301638,-8.8031808137089,-5.307346237890422,13.29563513928942,-5.595153937404223,9.782282306656889,user,ohp,medium
1788967898092,-0.3212716430112719,-8.897751779285073,-4.854841831859946,6.406460455604439,15.240757755466808,1.1638016956505848,user,ohp,medium
1788967898109,0.0149640526369214,-9.006089404407144,-4.894346159252524,8.938945189457073,9.036020106809524,-2.121712674856425,user,ohp,medium
1788967898125,0.520290277066268,-9.029133595386147,-5.007022982622683,22.090389058952,-14.629980041769464,-1.4962092867519456,user,ohp,medium
1788967898142,-0.2293939716396853,-9.58099824709594,-4.594622331182658,29.05681659724441,-24.89325451506241,-9.273337590842557,user,ohp,medium
1788967898159,-0.2056017022397369,-9.412654773822426,-4.546439022772014,20.96484389317289,-8.706416521805867,-9.2487967211547,user,ohp,medium
1788967898175,0.11162994466573,-9.705196289172768,-3.3074396636411545,7.414791891263312,-3.3800907192837064,-11.539170885724246,user,ohp,medium
1788967898192,-0.1351224274015054,-9.82565397567749,-4.388571058544517,4.778406746643268,-8.789313673988664,-21.202044410216388,user,ohp,medium
1788967898209,0.1921349024232476,-9.14824454345703,-5.266344949938357,17.27799827920651,-7.342236499257559,-19.446668718050184,user,ohp,medium
1788967898225,0.5843352080080658,-9.242367180743813,-4.946868665911257,31.49208297977202,-22.609935935905483,-21.65914799023032,user,ohp,medium
1788967898242,0.517447345257923,-9.09108473238647,-4.678868594360352,49.42355619272492,-43.88201881341847,-24.286148028043943,user,ohp,medium
1788967898259,0.8493434042666107,-9.119514708057045,-4.2465646803155535,42.5369394148841,-33.31549077116613,-19.98808756827334,user,ohp,medium
1788967898275,0.904709317657724,-9.759663792419431,-3.264044466289877,22.54270809145234,-17.959734828191117,-16.46139622996542,user,ohp,medium
1788967898292,1.0547958342287689,-9.37165465491414,-3.697395259039104,15.53484008791817,-15.754102820653918,-11.827152151699494,user,ohp,medium
1788967898309,1.2294226986207066,-9.430461064147948,-4.004750312639772,20.248823209649405,-24.79481782874418,-9.888215979362846,user,ohp,medium
1788967898325,0.771232575104013,-8.875455191802978,-3.869478211101889,20.84541291289334,-16.485460693958665,-2.614961615958065,user,ohp,medium
1788967898342,0.0939729266177862,-10.025420761218667,-3.907934783007205,15.715305638620952,0.4580197858580671,-6.220161069576817,user,ohp,medium
1788967898359,-0.6531677020199597,-10.568455040740966,-3.541771566607058,11.077454366699616,-0.2887934715170973,-21.768017790505738,user,ohp,medium
1788967898375,0.0447418627198785,-10.037241547393798,-4.805461130358278,26.0832612986808,-2.241736814376708,-28.543001956551866,user,ohp,medium
1788967898392,1.1320086916383356,-9.816825357055665,-4.407126121410728,39.10874794214423,-19.56541497186544,-16.760640477882017,user,ohp,medium
1788967898409,1.3413519915591925,-10.639084574237463,-4.485087020708621,56.50930030562828,-33.297899618958766,-5.578507058849609,user,ohp,medium
1788967898425,0.5135566214296966,-11.072285437121987,-4.777628536058962,67.31353600646999,-29.08136088202685,0.5809929129133568,user,ohp,medium
1788967898442,0.2232596701357513,-11.336544860839844,-4.421790606579184,70.1368288508406,-21.303947417538392,5.069289989242124,user,ohp,medium
1788967898458,-0.4493614318296313,-12.005873862457277,-3.334972398211062,65.20326026993534,-27.30750611306118,1.0187602807478369,user,ohp,medium
1788967898475,-0.6759128369871527,-12.029816463580726,-3.0364453787103294,61.91179210890619,-37.00937318752492,-3.675936948088224,user,ohp,medium
1788967898492,-1.3072336680538952,-12.19441724319458,-3.874116684557497,64.35836586960475,-26.494300375384874,-15.253972463963487,user,ohp,medium
1788967898509,-1.602169311999157,-11.301230970874428,-4.923226216778159,81.92197192404994,-10.813831262851927,-29.88976158162205,user,ohp,medium
1788967898526,-0.4629783076412975,-10.922646664318442,-3.878007262255251,98.16133407202388,-26.457080967050185,-37.35239211783213,user,ohp,medium
1788967898542,0.0559649752628058,-10.768970014300942,-3.2670370722346007,111.85001671596991,-55.15358288746162,-37.37538936476757,user,ohp,medium
1788967898559,0.8343797169558703,-10.010006918987632,-2.562542941472679,116.6458750228294,-72.16863254400099,-35.643396825224904,user,ohp,medium
1788967898575,0.9187753985416144,-9.529372104755044,-1.7345979337394235,110.52748718698034,-73.77236779130914,-33.15027874042728,user,ohp,medium
1788967898592,0.7091331156741827,-9.542240354156494,-1.8778016319941728,106.1788696669733,-67.81903830694263,-35.22094962505961,user,ohp,medium
1788967898609,0.4020766796939075,-9.105149498096107,-2.920177398980409,115.4915320719622,-54.195242460111714,-39.71029294763101,user,ohp,medium
1788967898625,1.051054967200011,-8.626458219146729,-1.9524705770745872,122.4914241220931,-59.21214617908032,-41.35519032997225,user,ohp,medium
1788967898642,1.348833944812417,-8.680479147669672,-1.4080888649987056,126.96581274547674,-69.79566090179847,-40.48687862607229,user,ohp,medium
1788967898659,1.69943499655202,-8.435821665522456,-0.9536398003070148,133.89359165835063,-84.02252147120649,-35.419605677069434,user,ohp,medium
1788967898675,2.404078180395812,-8.043919027709961,-0.3666113254938274,130.66104070910202,-77.93551835459365,-28.31615942138469,user,ohp,medium
1788967898692,2.167052216040343,-8.153155062976479,0.2036572901736944,123.432228038749,-73.47391584533626,-28.25954739844904,user,ohp,medium
1788967898709,0.3957921925969421,-8.610297942462562,0.429460872638598,113.60967152165112,-52.097233743326406,-45.3610587121443,user,ohp,medium
1788967898725,0.6072298344485462,-8.43941179896891,0.4502604264959692,108.10098735225245,-43.230227521302496,-57.41176295537831,user,ohp,medium
1788967898742,1.5426147878117855,-8.428488838416337,1.0191824498601256,103.33046904721373,-59.6867077226128,-62.004231889133145,user,ohp,medium
1788967898759,2.6964696197509763,-8.256253618401288,1.6642701596684752,105.73451805013978,-88.11086780270102,-60.40960128398861,user,ohp,medium
1788967898775,2.92032835175842,-7.985262256079912,0.6097739659734069,115.86716515555622,-94.33123036285836,-55.5371287452091,user,ohp,medium
1788967898792,2.819322092437744,-8.129211292809247,0.2608183433532715,132.6867382131444,-104.33639881760568,-56.17925190455493,user,ohp,medium
1788967898809,2.7620111824586986,-8.079682415008545,0.1387140586853027,166.8593084421204,-130.17463561754874,-64.08099871759971,user,ohp,medium
1788967898825,2.8893527832582597,-7.758261426654458,-0.1623565078184008,193.38789978223332,-141.95975820019055,-74.84065718882333,user,ohp,medium
1788967898842,3.0008333825811744,-7.836970221710205,-0.0908297332212328,219.5712797013155,-148.3478019044717,-87.61300848390962,user,ohp,medium
1788967898859,3.400066217151284,-7.486219678497314,0.7990653885990381,245.8086727563541,-163.93049600526228,-108.22082985142949,user,ohp,medium
1788967898875,5.1228448260203,-6.85669544852376,1.817948124860227,261.13911431071773,-181.8064534406413,-112.00140102873408,user,ohp,medium
1788967898892,6.065411799842119,-6.449082031360268,2.562395203565061,269.1342332248112,-198.54305336019215,-106.62952554841074,user,ohp,medium
1788967898909,7.061548743548989,-5.807883730205893,3.5416233903080223,269.2583514224087,-202.30599581924892,-95.72012200982375,user,ohp,medium
1788967898925,6.727557027435302,-5.292081741002201,4.167107697241008,266.85297736278363,-205.9581935911032,-96.1879080056996,user,ohp,medium
1788967898942,6.902634192878008,-5.055806302753091,4.656423538318276,266.29131724695515,-226.23427950082467,-102.25026096959786,user,ohp,medium
1788967898959,6.943185398975015,-4.90287608718872,5.391144172778725,255.11770150070456,-245.0111525481067,-112.71025172117632,user,ohp,medium
1788967898975,6.810006762585044,-3.8343136664792894,5.487959410150348,230.1296456675097,-225.91132083610975,-120.75221207259771,user,ohp,medium
1788967898992,7.281067692786455,-3.378369056867063,5.506365419934689,199.56165313149447,-201.61927493971757,-123.74435402344024,user,ohp,medium
1788967899009,9.28247005855143,-3.0573952277585863,5.017647837011515,162.8831411375542,-182.88495397096463,-109.35177940438936,user,ohp,medium
1788967899025,9.7228546954602,-2.650531167657673,4.783316810828447,143.4380843441481,-176.82607074316476,-98.73051422612856,user,ohp,medium
1788967899042,9.496602054053543,-2.441337505340576,4.047996164648235,128.71375377673138,-148.02002112620278,-84.98902055951997,user,ohp,medium
1788967899059,8.846124467900395,-2.432059389385581,3.1688752425596114,112.01425544475204,-105.74871118323507,-72.85417180080599,user,ohp,medium
1788967899075,9.5443370341748,-2.2596777466371654,4.346074855859578,69.97082793325262,-50.56478518038567,-55.7333293442123,user,ohp,medium
1788967899092,9.850344180297853,-2.3096561217710376,4.663305991308391,49.77299550085194,-40.79239298764696,-46.45577411155726,user,ohp,medium
1788967899109,9.433752506908776,-1.892017569677532,4.055627390179038,40.4176341682667,-39.6984289090427,-33.30201139283911,user,ohp,medium
1788967899125,8.609849614173173,-1.4960770546510815,3.177405170495808,32.9986929370826,-22.46284268948738,-19.665180129977237,user,ohp,medium
1788967899142,8.322693298992514,-1.401356159210205,3.174263365338742,31.954199918636743,-19.73379621037918,-14.644516391870544,user,ohp,medium
1788967899159,7.630770772773027,-1.4923355300351977,3.2202021096929907,31.16722210737329,-27.037095508725788,-13.329458236059322,user,ohp,medium
1788967899175,6.496815842437743,-1.351077632085979,2.489071316418052,19.48472994720008,-1.2977981610568932,-13.412231591063415,user,ohp,medium
1788967899192,5.941511279407143,-1.2367547950744628,2.4874267640814183,-5.547207290091202,33.0780255842923,-9.116740136194382,user,ohp,medium
1788967899209,5.450998629760742,-1.0619779277525845,2.9056635743290182,-8.366863912502437,15.247352303110455,-15.388911388753554,user,ohp,medium
1788967899225,5.5699593557059766,-0.350301192010194,2.645742472076416,-1.6162809174313022,-30.685430808604345,-21.27946972710036,user,ohp,medium
1788967899242,5.608866301727295,-0.0028429683409631,1.9864391899108889,11.421726636719525,-47.30296004035438,-25.112551398744003,user,ohp,medium
1788967899258,6.423344363513588,0.3564368452209979,0.635062574878335,28.773879425971217,-46.96241363852671,-24.07771626778454,user,ohp,medium
1788967899275,7.773972790527344,0.5650318840578198,0.185551213183999,50.967011605513136,-42.32031313516798,-1.858225747905312,user,ohp,medium
1788967899292,7.745842674586177,0.361374813079834,0.3947445832401514,59.10004228423289,-34.64236430046783,11.337681158982518,user,ohp,medium
1788967899309,7.005435811182856,0.1446994167052209,1.5289982042610644,52.983642033432325,-25.76936287989994,14.371602523204343,user,ohp,medium
1788967899326,7.263409286499023,0.0136172411378473,2.244564640918374,32.30892920827594,-12.75158410491487,13.670793524736125,user,ohp,medium
1788967899342,7.570915146747231,-0.2705446414671838,2.1785738731384274,26.24284696109085,-10.013409931754596,15.299222467214824,user,ohp,medium
1788967899359,7.856275226160883,-0.7080853601869195,1.991527891352028,29.64129637508991,-13.642099900032902,14.457206991619406,user,ohp,medium
1788967899375,8.283489415851236,-0.8702922304015606,2.4194908535830675,38.68341498705461,-26.41331140730145,10.224921253556026,user,ohp,medium
1788967899392,8.966287555372714,-0.9042600395202636,2.522291741235554,38.48301723680644,-28.799356031575364,14.811944818995066,user,ohp,medium
1788967899409,10.17565749991536,-1.2014404667176306,2.78011791703552,27.630464777776066,-21.80217898163956,25.95488789323041,user,ohp,medium
1788967899425,10.571747652545572,-1.5927426544189451,2.897432775469869,2.6109490932640944,-1.2665144005543538,43.63659304106699,user,ohp,medium
1788967899442,10.260201576995849,-1.7607853911802172,2.824110641888529,-11.790068493374555,2.16422462602423,46.37568672844428,user,ohp,medium
1788967899459,9.73527344752848,-2.092831672314554,2.904764725793153,-23.66290009646945,-4.8792766878533085,42.85251806020079,user,ohp,medium
1788967899475,10.276212800598143,-2.1594201137267053,2.387018762914836,-32.78308435555281,-15.245359595420105,40.432530810846494,user,ohp,medium
1788967899492,10.491243790766596,-2.286163602502644,1.7562967014588415,-30.659042372746,-15.327231365453754,40.18695135923869,user,ohp,medium
1788967899509,10.626515015521646,-2.601898508044332,1.0892124100282787,-22.54368480850365,-15.115575755906104,38.0490099414709,user,ohp,medium
1788967899525,11.042508138495682,-2.6412531978331506,1.2614451458252969,-15.590086073019815,-22.64970983498976,35.56807008396341,user,ohp,medium
1788967899542,12.157307117462157,-3.188028709710389,1.6382326320923863,-14.277356157941924,-31.416995295131485,31.50821930168617,user,ohp,medium
1788967899559,12.77560852715373,-3.5957911799557505,0.856525497790426,-11.209177126164253,-23.0284591923926,31.91301387794157,user,ohp,medium
1788967899575,12.5655185005188,-3.8401496791563927,0.5826885367795824,-3.601129301203659,-18.458278873446808,26.23104097911049,user,ohp,medium
1788967899592,12.533797082087396,-4.25494555516988,1.6192285102844235,-5.400539222948933,-22.623934408609426,11.811729584553603,user,ohp,medium
1788967899609,13.032987543708083,-4.645050788171589,1.970428404700011,-8.28573151044644,-26.779452235496446,-1.602622780247098,user,ohp,medium
1788967899625,13.212102001842856,-4.710591181835532,1.6154872779294849,0.6974772535354284,-31.675903860904576,-17.13683363698798,user,ohp,medium
1788967899642,13.48309804033935,-4.481646524865925,0.7224507893435657,28.99450819654097,-35.285074856082275,-37.593736852154535,user,ohp,medium
1788967899659,15.37287016917765,-4.053383264514059,0.7776664806090294,50.14673320695128,-39.41318996401921,-43.568560941839074,user,ohp,medium
1788967899675,15.940145740509031,-3.9003041419982902,1.482160319110006,53.35742072066669,-35.52242392974022,-47.08220149619039,user,ohp,medium
1788967899692,16.09277668086588,-2.7593172671996054,3.741837919616699,35.219949002346205,-39.18894460828393,-48.62793136197222,user,ohp,medium
1788967899708,16.046687714385985,-2.391508183288574,4.207808979333191,21.4783716659203,-46.0635914796043,-44.41525509701595,user,ohp,medium
1788967899725,15.725715638843178,-1.8055274730958044,4.02779501507543,6.878532395184455,-43.54484994013538,-40.61796020152859,user,ohp,medium
1788967899742,14.973787848994135,-1.722329111535847,3.623025443035736,-18.40655043576772,-32.79088443158496,-32.02545245205832,user,ohp,medium
1788967899759,13.794042642864584,-2.0576665431700647,3.750666757434234,-43.93735700607392,-31.666123030013114,-28.36084764157679,user,ohp,medium
1788967899775,13.396605751800536,-2.383278115081787,2.9025205270629373,-58.08526741886576,-33.77335933236711,-24.18569643592057,user,ohp,medium
1788967899792,11.940781504821777,-2.324769665881246,-0.1236008433686569,-43.64187619239,-34.1777440972723,-18.35767189451981,user,ohp,medium
1788967899809,11.046247325024009,-2.4902687095090745,-1.7699137599335983,-20.772138643477444,-30.77360172060004,-11.584769228623252,user,ohp,medium
1788967899825,10.19585799190104,-2.472462199987844,-1.535431123385392,-0.3183696847271335,-42.26566137652412,-9.486892846753117,user,ohp,medium
1788967899842,9.466822417339682,-3.0424314673826096,-0.2986768763002008,3.457064389908812,-46.35754916110331,-11.723193257437316,user,ohp,medium
1788967899859,9.169792358398436,-2.5049334869384765,-0.8505404320314526,-0.1762502567678287,-27.638584165151915,-10.790458355512143,user,ohp,medium
1788967899874,10.049960743713378,-2.1121347040038554,-1.115697298921022,2.335522141870153,-21.94810597325688,0.396448858822002,user,ohp,medium
1788967899892,8.84822173244059,-2.257283106585592,-0.4846759748155949,0.7163570169792545,-15.196689374941885,7.570507397734909,user,ohp,medium
1788967899908,7.536647550964355,-2.555361213275045,-0.7317275353253818,0.3649165968275505,-6.773655694252556,8.901989597179073,user,ohp,medium
1788967899926,7.919570763507485,-2.200420890222117,-1.0709566954348235,4.678315446998608,3.5247746164720866,16.859087409483998,user,ohp,medium
1788967899942,7.477240253227949,-2.191891400677338,-1.553986236483953,12.16686953931665,12.376894441199957,23.871217451060254,user,ohp,medium
1788967899959,5.823896122851967,-2.5294739078246056,-0.5912182318203384,18.930164690371942,10.02224392767236,14.952018338493689,user,ohp,medium
1788967899975,5.989095452880859,-2.4322093192502856,-0.5434834035377775,26.31537332479264,4.70119914203909,6.028770631296597,user,ohp,medium
1788967899992,6.616676147571206,-2.113930136053264,-1.276558251544088,40.38178933550248,4.833083691609689,-5.090922052117201,user,ohp,medium
1788967900009,7.30979752818644,-1.8764555511474608,-0.5877772016881033,46.33235259325513,-1.4809725220958223,-9.023204110605642,user,ohp,medium
1788967900026,8.552090083643794,-1.7337015694215894,0.0429460607777116,39.58829210867624,2.213584909052031,0.4915769854980157,user,ohp,medium
1788967900042,9.170092802649735,-1.3150155541017652,0.4831805623257998,26.325992561404718,14.513933420223657,14.343287974000058,user,ohp,medium
1788967900059,8.520665017810463,-1.0447696033202112,0.567276685576234,10.456928265509372,26.16368336106312,27.912044448951715,user,ohp,medium
1788967900076,7.771728226470946,-0.8637082489013671,0.4376905024539679,5.144162522923804,24.16765961386985,22.729752821873134,user,ohp,medium
1788967900092,8.351126781794429,-0.7303812900818883,0.0439936381684616,0.2532666427556727,22.01711308198881,22.929751006054868,user,ohp,medium
1788967900108,9.787499309328195,-0.0049386254459619,-1.554135239333473,7.373505105277878,25.0975881618198,33.83932529937109,user,ohp,medium
1788967900125,9.747094818225502,-0.0667386635378003,-2.0323779342651367,20.09773601011414,27.489793616725063,44.40934356828931,user,ohp,medium
1788967900142,7.946206256976724,-0.1451484756469726,-1.2791018350796772,21.339694920106947,32.44938863346267,45.14468173433288,user,ohp,medium
1788967900159,8.198795116645098,-0.3348892494753003,0.1693896213255822,8.530384617648066,32.21646210729231,46.61710659484755,user,ohp,medium
1788967900175,8.46529910441935,-0.2053032307498156,-0.3098997696474194,1.2587167791214324,43.21493472775084,52.13511055736871,user,ohp,medium
1788967900192,8.238747772327065,0.4207807956419885,-1.7556982241090386,13.293171148546335,48.9626447822487,58.38663585561423,user,ohp,medium
1788967900209,8.251168862482904,0.3884587809689342,-1.2879308555603026,50.92694571584184,26.768428310176045,69.18439312202818,user,ohp,medium
1788967900225,7.716961448016762,0.2855082557126879,-0.5467750004205852,67.34781672591429,26.625188997997125,76.67258905630162,user,ohp,medium
1788967900242,5.215620432612299,-1.1766010628849268,0.7996636467531323,73.83748681485605,34.59506182537091,74.72708480330435,user,ohp,medium
1788967900259,2.1122844146728514,-2.3722052246645093,2.748692705071717,74.08220566262843,31.704590655418627,40.95765282971,user,ohp,medium
1788967900276,1.7694664180248976,-3.005022943225503,3.106176794323325,77.19438818813391,25.96039985589061,7.490608698597747,user,ohp,medium
1788967900292,3.612551614490151,-2.4307135277345777,3.830273597308248,80.29074516533247,11.737271131090358,-13.791007415449288,user,ohp,medium
1788967900309,5.109077289691567,-1.5216647926330569,5.021688344573974,70.81122123892015,-5.739904002050187,-31.351876271584583,user,ohp,medium
1788967900325,5.740847252765297,-1.1361986176088452,5.7113689370855685,49.31012724117851,-8.788046673897627,-36.57272943916976,user,ohp,medium
1788967900342,6.218191793280839,-0.765396635492146,5.5865704448975615,22.01140475138997,-0.2017124015808429,-46.80849191048589,user,ohp,medium
1788967900359,8.079083280071616,0.4320039081849157,5.29118552281484,-7.664624843176746,2.436351101945174,-51.87050219873325,user,ohp,medium
1788967900376,9.146000563922524,0.6759130561828612,4.575020974133908,-13.295526710036343,2.2332535059841407,-40.94517407409639,user,ohp,medium
1788967900392,8.09539377888143,-0.3127422995969653,3.7110130116336046,-6.643396729704419,-5.677299341891496,-37.92723108366416,user,ohp,medium
1788967900409,6.340294324383139,-1.3090297576904295,3.9142208775393663,-1.2925028434594292,-18.684860153878223,-46.22287490614358,user,ohp,medium
1788967900425,5.832424881744385,-1.4275425937376915,3.743483640997112,-4.079782128048983,-20.53545892835816,-53.90729534508232,user,ohp,medium
1788967900442,5.996128420257568,-1.480962926018983,3.694253600012511,-20.00217483343649,-10.09306872049716,-58.80771701794552,user,ohp,medium
1788967900459,7.095515310558676,-1.571942735235393,3.1860838592529297,-46.92573210758916,1.6024551204473154,-60.07878107153904,user,ohp,medium
1788967900475,7.824552054163813,-1.2835913650512694,2.2616230354860423,-53.82512475427248,2.302544921340274,-53.468571804124885,user,ohp,medium
1788967900492,7.787291121783852,-0.3714006786622106,0.2623144271299242,-47.57939828663231,-1.3322360815738032,-54.21889199011289,user,ohp,medium
1788967900509,8.95057502245605,0.3733456752501428,-1.7431283000670372,-16.61998980739853,-9.319413193209815,-45.64795056294693,user,ohp,medium
1788967900525,8.955660947418213,-0.1167173309326171,-1.875108520452678,9.10312415408396,-19.34328526722558,-40.32131825568577,user,ohp,medium
1788967900542,8.20388221065104,-0.1634041171751916,-0.2406179974980652,17.98184585808174,-18.86203696849565,-35.304032046123645,user,ohp,medium
1788967900559,7.786394465205073,-0.5276224831178784,1.606360407013446,0.1252010093645435,-6.6562545608169685,-30.89631972941766,user,ohp,medium
1788967900575,7.502979674640297,-0.7665934440612793,2.133233971460164,-22.67258926116201,4.244975375767618,-29.09737084544136,user,ohp,medium
1788967900592,7.726539423701166,-1.3313258337158709,1.6989859376102685,-39.387996811265616,14.504955136559676,-28.356143348785945,user,ohp,medium
1788967900609,8.266129700249433,-0.5551555099487304,-0.0610524345949292,-36.97698101538614,20.568288232603827,-32.91636866701644,user,ohp,medium
1788967900625,8.781932273975015,0.2284966574737802,-0.8198641387388109,-13.988348656043884,9.50222747521344,-28.987049629967316,user,ohp,medium
1788967900642,10.372879861670732,0.6907270693572237,-0.6893795637384057,7.737525159735584,-1.0276194629881663,-14.456971350093042,user,ohp,medium
1788967900658,9.853636792102456,0.2054523568969219,-0.0822999514155089,11.490249655794033,0.0792689343513465,-13.247013583909036,user,ohp,medium
1788967900675,10.60332118693888,-0.9088987687041984,1.1945568446837365,-6.41552198219893,19.278678507866427,-13.747207973622936,user,ohp,medium
1788967900692,12.84459263153076,0.1541267318725586,1.7097588221676647,-21.48565264757553,31.41417784209885,0.3067320295572102,user,ohp,medium
1788967900709,12.878559198540447,0.4661213914399966,1.1737578022830188,-23.39394944506915,38.478601519508025,14.852002170929898,user,ohp,medium
1788967900725,11.355099923706057,0.3408746440278366,1.1532570121765136,-19.42293381068439,33.63047860511961,18.84813411844009,user,ohp,medium
1788967900742,12.050614921459555,0.123451169232279,2.1333833168029783,-23.045864221945084,24.444912360206303,28.33876734753743,user,ohp,medium
1788967900759,12.204742237854004,-0.3711011111937463,2.409464549609273,-32.28069662134169,22.493563172826804,34.52663699026572,user,ohp,medium
1788967900775,10.640431897193192,-0.8593686853270978,0.9482533488951624,-32.3413282106039,31.461152468115618,33.56630556277276,user,ohp,medium
1788967900792,10.250624770355223,-1.311872872161865,0.4076125403806567,-23.23177172586908,30.534210420380266,31.10320274428276,user,ohp,medium
1788967900809,10.040833434405922,-1.5985785940308124,0.9036614891052246,-17.85837652845542,26.51179248984928,27.495776862438,user,ohp,medium
1788967900825,10.587010688129066,-1.5933412048339843,1.5117891491763291,-13.23453568206907,22.99432702956275,30.36578478563692,user,ohp,medium
1788967900842,10.262747169825436,-1.1586441851075735,1.709759991211444,-11.62088470763334,25.23482886036016,35.37284620201152,user,ohp,medium
1788967900859,9.8310432675004,-1.5958853363588452,1.9946701349005105,-14.636222834670855,28.696749514768847,34.8730334491175,user,ohp,medium
1788967900875,9.424026062664389,-2.3392845134459432,2.5465321562618017,-18.56522939056545,30.57069387583189,31.517563000470755,user,ohp,medium
1788967900892,10.408194920679929,-2.5948659790590405,3.0343513290405277,-17.90305791845835,26.998735458799704,34.339479561723614,user,ohp,medium
1788967900909,10.115801289367676,-2.4464250377379355,2.941875582177937,-8.361844577236123,19.16419599964055,33.19667963055376,user,ohp,medium
1788967900925,9.439888233184814,-2.355744649859518,3.472340595245361,-1.75165868187554,11.915498941066318,25.713771970245208,user,ohp,medium
1788967900941,10.645219131469728,-2.321777206066996,4.151245818981528,-4.439241323688414,6.529944299382746,31.263527774670468,user,ohp,medium
1788967900959,10.699539335200187,-2.194136768451333,4.336048844146728,-11.317561129234951,6.381996425544745,37.74159337221239,user,ohp,medium
1788967900975,9.426869177135824,-2.384923544201255,3.983951854760945,-12.610281151365646,7.121241459793565,38.09216307664704,user,ohp,medium
1788967900992,9.262118175396322,-2.7617114688597617,4.272901190838217,-6.472784580653024,-4.482532770195247,39.94928126668975,user,ohp,medium
1788967901008,8.824279131317137,-3.153463007763773,4.348169782312215,-0.7329625942337306,-17.247627843062048,34.67052858551038,user,ohp,medium
1788967901025,8.845078758239746,-3.689464758300781,4.529231282861531,-6.562613521069739,-19.08091038044871,31.063488609353723,user,ohp,medium
1788967901042,9.615114451709388,-3.543717586108297,4.389470053210855,-17.518663409706495,-17.42095584608217,32.49971688236191,user,ohp,medium
1788967901058,9.56304173464477,-3.468599655151367,3.649062605285645,-22.41535238418828,-13.968337909323036,33.071711074404625,user,ohp,medium
1788967901075,9.793782919642329,-3.109768973596394,2.419640783447772,-16.48629739213199,-15.052130128705858,35.399292694477815,user,ohp,medium
1788967901092,8.966286970850824,-3.3879452789857982,2.159420698248595,-10.681777239212549,-19.245825297958667,29.21606587283784,user,ohp,medium
1788967901109,9.315987712749838,-3.611204291534424,2.259228395434469,-8.331947985465332,-23.860072289882087,26.81096160568501,user,ohp,medium
1788967901125,9.723750767517087,-3.77655355142802,2.1935377796448767,-11.01938324460252,-16.15637534955828,27.821590546225945,user,ohp,medium
1788967901142,9.527575868988036,-3.575290974371135,1.9533697178713976,-13.553389403092776,-10.610560564284116,26.31701257019344,user,ohp,medium
1788967901159,9.790638776397705,-3.4946365982055663,2.2014687187746165,-14.798475685951802,-12.305593242680548,28.636247699100878,user,ohp,medium
1788967901175,10.031855762702229,-3.524863686425984,1.868374974413961,-13.79408185434944,-12.523839984777258,32.23825041074465,user,ohp,medium
1788967901192,9.33439372253418,-3.849277426855266,1.7947529811032117,-16.765506987665653,-4.302452698293745,31.324254986581053,user,ohp,medium
1788967901209,9.108740800586345,-3.87860639719218,1.804479279217124,-20.505911530008685,1.9284424404505704,27.387460307485348,user,ohp,medium
1788967901225,8.713547304534911,-3.749619367273152,1.635239149364829,-20.710455205083058,4.890305735815586,22.10782482435575,user,ohp,medium
1788967901242,9.356839363098144,-3.5913027824953194,1.814954788263142,-19.12742055360191,0.6337008424081104,24.078681032004805,user,ohp,medium
1788967901259,9.349208429828286,-3.5284549889162182,1.7449243897035718,-17.888133955121873,-1.6056136560516232,27.55830382919488,user,ohp,medium
1788967901275,9.26346608287394,-3.63260246887207,2.2711994037352503,-20.53724160773153,-5.715049370547334,29.452684116254595,user,ohp,medium
1788967901292,9.702651865386962,-3.910030586242676,2.4832355960018933,-29.476173136810267,-3.448187491865322,33.67139826843716,user,ohp,medium
1788967901308,9.738415837207436,-4.064755868530273,2.143858679718524,-33.71089725240734,0.8005030265631075,34.76899600767987,user,ohp,medium
1788967901325,9.828049930903315,-4.316447194837034,2.0778684964604675,-37.05271073780865,-0.0304304937843902,36.518753869253736,user,ohp,medium
1788967901342,8.667458922576904,-4.853046765136718,1.7149964305602012,-34.42623320946653,-3.551785026431725,24.885305882415803,user,ohp,medium
1788967901359,8.952817248424887,-5.055955063574015,1.3426985107973215,-28.29742250494405,-0.114314755044601,18.392543425327315,user,ohp,medium
1788967901375,9.108591162982584,-5.377975479125976,0.7224499125607311,-20.478834952591463,6.614384220544321,11.270947649470552,user,ohp,medium
1788967901392,10.516980289569496,-5.453542469024658,0.4777931610658764,-3.1929490855540577,8.149569981794944,8.613259571716062,user,ohp,medium
1788967901409,11.519999394005536,-5.764039912304282,0.6986578258238733,12.123026555034338,9.799052982390208,11.728040984200732,user,ohp,medium
1788967901425,11.250054910388588,-6.004358488464355,1.497723068292439,29.44810105932152,9.06687975525329,6.369589386917418,user,ohp,medium
1788967901441,11.017518074145912,-6.423193849126994,3.8171060726992794,35.74765966290514,-4.1021556933358285,-14.74590884255209,user,ohp,medium
1788967901459,12.205789701080322,-6.359298592321574,4.323629361426085,25.736791415295443,-7.2708610224309265,-20.94779574100454,user,ohp,medium
1788967901475,13.575572910419108,-6.48020606842041,3.6314059525638815,9.47913119053504,-0.0207235543339723,-27.414852781151684,user,ohp,medium
1788967901492,13.989620160022378,-6.0624184632450335,2.2891565007083114,-5.0840542969067535,4.318093404606251,-38.8436307344156,user,ohp,medium
1788967901509,14.424914195793866,-5.874322826275229,1.353022628673911,2.4798231215781894,-1.4751164886561827,-43.852403113177296,user,ohp,medium
1788967901525,13.667151123920082,-5.578789143371582,0.1916854781553149,22.41917045993432,-15.424226881857106,-55.70511383275098,user,ohp,medium
1788967901542,13.556419297137856,-4.5742716170713305,1.1136029010497033,40.85192491645279,-37.83611636013619,-70.24848878339198,user,ohp,medium
1788967901559,13.919589176940915,-3.876362125396728,2.0388123512268064,34.26480851862245,-44.67645860635017,-69.00968371324842,user,ohp,medium
1788967901575,13.62465345993042,-3.568706919805705,3.8718725588925182,9.228692913106414,-35.802082610211805,-61.54671849776901,user,ohp,medium
1788967901592,12.51299628612101,-3.4808702309206128,4.388571204674989,-26.68797892703705,-24.815784801948823,-46.64724480456023,user,ohp,medium
1788967901608,11.79727904281616,-3.540575050298869,4.268113225909322,-51.124618220611175,-18.28038659651383,-36.52166352984016,user,ohp,medium
1788967901625,9.485677924457192,-3.763834939630329,3.563470188196004,-70.31049324067735,-20.542705759067545,-35.42667833795498,user,ohp,medium
1788967901642,8.249222404590249,-3.538480416107177,1.2012915597662328,-74.61137456857517,-27.36716952300853,-40.76840536328187,user,ohp,medium
1788967901659,8.014591810938715,-3.332878640802204,-0.6510732139587402,-46.41493641050975,-39.6123309594601,-43.88681360621582,user,ohp,medium
1788967901675,8.291718315014244,-2.842815196228027,-1.961000724206492,-14.46901126605248,-44.83950546712212,-40.442233094562496,user,ohp,medium
1788967901692,8.774000896453856,-2.848800408117473,-1.5693994074281303,5.921100382994163,-47.2583793956417,-30.14763537373588,user,ohp,medium
1788967901709,7.74449418258667,-3.16827713053599,0.814178640448302,0.0984008078147613,-33.41236675925901,-27.228716465890496,user,ohp,medium
1788967901725,7.327752871593833,-3.4525881392881272,1.7703630015384404,-13.507212201661613,-13.987535863532653,-24.50872340252715,user,ohp,medium
1788967901742,7.802702625927329,-3.454533428137004,0.8889967847410589,-10.585652571928373,-6.552681999129718,-18.38941007604557,user,ohp,medium
1788967901759,7.589020712280273,-3.453186981964111,0.63356576044932,4.041714068709917,-11.706890449662142,-21.86680793911351,user,ohp,medium
1788967901776,7.466765620964765,-3.7764042060852048,0.372896616308391,19.51621711927384,-16.84467741788256,-27.637515240546808,user,ohp,medium
1788967901792,8.42070709849894,-4.0417115314207965,0.7178118774965405,27.879705210779,-8.143795056851697,-28.760461519346727,user,ohp,medium
1788967901809,8.874858394953607,-3.7354036487855016,1.68641557517685,22.45198268870706,-3.513615154585344,-22.802340657277448,user,ohp,medium
1788967901825,8.975262304466963,-3.646368543896079,2.2243625414974986,16.515095177220058,0.5118735863077962,-16.35342630711315,user,ohp,medium
1788967901842,8.67030145252645,-3.6396348517268895,2.518999348626658,7.428933797939823,4.494365219158648,-18.12685931189757,user,ohp,medium
1788967901859,7.828739568981528,-3.5220202796936038,2.2571339804384856,7.730230517702012,-8.229091312980463,-28.60253047026311,user,ohp,medium
1788967901875,8.927381193873286,-2.98960983164683,0.7170635433472693,18.352713177182384,-17.851635131744615,-30.707741621528196,user,ohp,medium
1788967901892,9.191339588817954,-2.616712630816549,0.3335417438564821,28.098566669901007,-19.4084691775696,-28.74547608430772,user,ohp,medium
1788967901909,9.532813185119627,-2.16914655797109,0.076015610449016,31.92282544468429,-12.35654474634155,-22.670210647783552,user,ohp,medium
1788967901925,9.8117394320935,-1.802534574890137,0.8292920018954202,24.25569733717673,-6.730470969451504,-18.734630034812817,user,ohp,medium
1788967901942,10.005070047107338,-1.6738460895262657,1.278503576925583,8.355359312619196,0.1207812900021634,-16.098844666179264,user,ohp,medium
1788967901959,10.345046098327636,-1.5885526553831997,0.804751544476673,-5.343724428772298,7.881648981412024,-9.934679194965504,user,ohp,medium
1788967901975,10.0878190574646,-1.597381420135498,-0.8937846766047179,1.540247785199249,10.83868034482608,-7.972230950184733,user,ohp,medium
1788967901992,10.018387793841958,-1.7262192508421836,-1.375019502557069,19.39405577087357,1.9574457715439717,-5.675508978555307,user,ohp,medium
1788967902009,9.88221874346435,-1.9601029716491696,-0.6461357210239395,34.042263879990514,-9.412082638547613,-4.934434734269392,user,ohp,medium
1788967902025,10.206184155604245,-2.1643584469117223,0.0269350609377026,30.373116993710926,-0.6208146766826764,0.9286985802908124,user,ohp,medium
1788967902042,10.650606085205078,-2.2319943515501914,0.467318601867929,15.739586961120349,12.103149850775957,11.54161609344711,user,ohp,medium
1788967902059,10.67469832393229,-1.4915874881468711,0.9840171015199272,-9.794073774485268,26.95135614407462,21.05636159786189,user,ohp,medium
1788967902075,10.368240511432289,-1.1159971027098596,-0.0469861345153301,-16.04076415257206,27.19079696316588,24.665095460932715,user,ohp,medium
1788967902092,10.386196439361573,-0.7734767738342284,-0.843207093468681,-7.800252763299335,23.0841030360134,32.129442082171764,user,ohp,medium
1788967902109,9.64653717945516,-0.0026934768676757,-2.049287275750935,9.442868862457797,23.19669358183918,37.09736651460219,user,ohp,medium
1788967902125,10.20184291152954,1.196801408740133,-1.5041572660584002,14.383143835354376,27.850557378495967,51.17868258298641,user,ohp,medium
1788967902142,9.877579977747798,1.4909886454708874,-1.5500960834778843,20.63393659581141,35.030602498175114,74.02923754561498,user,ohp,medium
1788967902159,7.278674075648188,1.2638389090940356,-0.8262987018309533,30.810570119482733,41.65625482330266,92.94996803719584,user,ohp,medium
1788967902175,2.626288414543867,-0.0251386790402233,0.3568852465756237,40.072347615155046,39.19365402371666,81.81506580316089,user,ohp,medium
1788967902192,0.7451958512455225,-0.6980594215393066,0.8626603472836315,55.794746405229056,37.35823192957249,56.9849239435767,user,ohp,medium
1788967902209,-0.661847705951333,-1.8160016669675707,1.233611820873618,85.90945002188172,31.22486548887361,16.24230425195892,user,ohp,medium
1788967902226,-1.0749959608882664,-1.2801497001647948,3.918410876575112,91.96620906084974,14.646119778778203,-20.46497479121821,user,ohp,medium
1788967902242,-0.4593856899768114,-0.8837599800661206,5.527463153021038,76.3702985440152,-6.914095909532242,-48.12543434473439,user,ohp,medium
1788967902259,1.2828437615543604,-1.1870751106262207,7.055861783953755,30.13782380699316,-12.160267307710187,-64.86585575512588,user,ohp,medium
1788967902275,0.3535942422062158,-0.2175735142581164,6.392817561694234,-8.478780830921327,0.7310135890818968,-79.04517820791061,user,ohp,medium
1788967902292,0.8888473663330078,0.3471593868531286,5.039046745001524,-28.902000114422314,11.94182846654307,-84.12641547867155,user,ohp,medium
1788967902309,2.4245798472851514,1.8650828010007736,2.820819199127704,-33.26834539042012,10.906490462905966,-93.16122578822434,user,ohp,medium
1788967902325,4.498406813269853,2.6937761428833005,1.094749293628335,-21.270631462314363,1.0319750959662248,-99.8750900064826,user,ohp,medium
1788967902342,6.714689947077631,3.5022681159973144,0.6723227766059339,-6.508082571396828,-12.397946791769227,-87.53442715750863,user,ohp,medium
1788967902360,9.879675488722324,3.781791159820557,0.0944213279724121,2.1699414943595308,-13.36335561113645,-64.99799259480895,user,ohp,medium
1788967902375,11.365724778094886,3.251026652349904,0.7769193155035377,-6.004398381903877,-3.2310818182468277,-34.92696120770934,user,ohp,medium
1788967902392,11.42124032908976,2.588431196771189,0.5503669604979455,-4.530169924561501,-4.905286048212717,-17.56880382840356,user,ohp,medium
1788967902409,9.92142204208374,1.4532805538453162,-0.8869022236146032,9.69643536652629,-0.7707357814997225,-7.336511946959442,user,ohp,medium
1788967902425,8.837297018322348,0.3663129270691424,0.5237314670287072,18.05328792925278,1.5060348340381264,-6.358779758782226,user,ohp,medium
1788967902442,9.350406115180254,-0.3555389465332031,1.272967387445271,11.325311686395624,6.277537219925863,0.977693875084841,user,ohp,medium
1788967902459,9.661053196063635,-1.0386345346312968,2.773234002740681,-7.418676561353757,13.16010540313615,6.682756548570264,user,ohp,medium
1788967902475,10.078691163635254,-1.105073703765869,3.1212906306944785,-37.36502796779666,27.06179005766997,15.152323881188067,user,ohp,medium
1788967902492,10.217703913006186,-1.2249333513122052,2.643797183227539,-53.12585681723574,43.91877889153148,17.35455616206589,user,ohp,medium
1788967902509,11.959186930084227,-0.6624457449097186,1.291821287127584,-50.45269836101117,44.475135365469455,29.9834547015617,user,ohp,medium
1788967902525,10.735301553454995,-0.9325413274351508,1.1777977253235876,-31.443516919678647,35.15028107281208,37.98709086155015,user,ohp,medium
1788967902542,9.541341944012045,-1.3705305936399848,1.6442182823732494,-18.84775162784657,32.97978014327084,31.63409285790034,user,ohp,medium
1788967902559,11.3191874833256,-2.3425766137938946,3.17306538772583,-19.63438792965152,33.12182417234501,34.25317329137133,user,ohp,medium
1788967902575,11.846062655207517,-2.714426424463093,3.606715601813048,-26.676200265813364,38.8454987911536,40.56016997096111,user,ohp,medium
1788967902592,11.50369064876139,-2.8975827053345737,3.739892630767822,-24.009776376110427,37.28138888631526,41.092419292223525,user,ohp,medium
1788967902609,10.158599397608636,-3.0732571060180662,3.885340673883259,-10.247379769320672,25.43481679925813,37.88179325021065,user,ohp,medium
1788967902625,10.369287974658608,-3.8411972885131833,4.484489054815471,4.9110050509821335,7.230626939351319,32.28440541406101,user,ohp,medium
1788967902642,10.27262091358602,-3.913322467394918,4.355650493456423,8.607202047695907,5.176646475729561,28.264803229015364,user,ohp,medium
1788967902659,10.771663491168615,-3.715202572277933,5.156063497272133,3.7384579384295815,2.623423793452888,29.69012539746633,user,ohp,medium
1788967902675,10.98085627670288,-3.312826617376506,4.898237613733112,-4.350728475347395,5.675726690835101,35.56978787653967,user,ohp,medium
1788967902692,11.379042524829506,-3.258807588549703,4.676624030303955,-8.919073607840566,5.1856700093967945,43.78182335338897,user,ohp,medium
1788967902709,10.422560130640864,-3.428945836285501,4.033032988794147,-9.848758830301328,4.627031398502391,43.07196179294954,user,ohp,medium
1788967902725,9.94671255068481,-3.4998743527285754,3.4772792206913232,-3.316550750095548,-9.691787422796097,38.14559223142947,user,ohp,medium
1788967902742,9.881618439483642,-3.5357869392395016,3.234567027392983,4.052972781783036,-20.55465517502048,34.764959365880394,user,ohp,medium
1788967902759,9.994295555114746,-3.674800273132324,2.9041666137695312,4.177270698733044,-20.1759160629014,32.74776544735467,user,ohp,medium
1788967902775,10.311528444129229,-3.6538513008669016,2.9770404190614816,-2.881950722406102,-16.856486814957513,34.93277028359844,user,ohp,medium
1788967902792,10.204535803875329,-3.5339907034724947,3.1594480735227464,-17.072894528620196,-13.09755709203811,35.879215936508764,user,ohp,medium
1788967902809,10.211270080566406,-3.2799066368103027,2.276436135344952,-18.50478221641084,-15.373931076356424,37.692159878094415,user,ohp,medium
1788967902825,10.09230877009928,-3.220949420928955,1.836203766388446,-17.297781922137453,-16.646023073420032,39.91214211307781,user,ohp,medium
1788967902842,9.667336221855878,-3.1625904632017017,1.7966975392997264,-21.491226081938265,-12.76290002082229,37.443537577211366,user,ohp,medium
1788967902859,9.329906347987055,-3.149872143664956,2.075922330828756,-27.80404720534277,-10.8334714718103,31.673380106006256,user,ohp,medium
1788967902875,10.206482261767984,-2.832041288757324,1.9937708479732277,-34.15757113355867,-13.52678923137016,30.253841400234997,user,ohp,medium
1788967902892,10.723778873443605,-2.8707974281311035,1.871516925701499,-40.24959102411688,-11.860237588039036,34.718787287091104,user,ohp,medium
1788967902909,11.782764779773354,-3.344550373895466,1.7428290248595175,-51.02503064741781,-2.727300298558204,39.48390632759094,user,ohp,medium
1788967902925,11.986871640345454,-3.89431922236979,1.3052895482487976,-57.643921085267046,9.6758312471213,42.44244716281156,user,ohp,medium
1788967902942,12.222848972430825,-4.862473934173583,0.0858927152104675,-38.60733350988984,7.502953411748898,38.716353574327,user,ohp,medium
1788967902959,11.55486787829101,-5.919514843915403,-0.4777925765439867,-11.381578784778188,-6.8073191353506095,25.78581339051592,user,ohp,medium
1788967902976,12.25726503677368,-6.58555064920634,0.15322890625,9.749051728797482,-11.750464495245884,6.799180111180893,user,ohp,medium
1788967902992,12.515240265655518,-6.540808713421225,0.6750152305603027,8.956371563350714,-1.1147030942453595,-5.078360480459901,user,ohp,medium
1788967903009,12.599936318427323,-6.221782218988239,1.932570383209735,5.824578284077658,-1.8547461934100136,-16.870439183884557,user,ohp,medium
1788967903025,12.918215501624346,-5.757456442260742,2.2867625913091003,6.407891380235556,-10.57631911842755,-25.80066051422423,user,ohp,medium
1788967903042,13.526940104675292,-4.957044899749755,1.802235299682617,17.689173959693985,-9.674964666870354,-34.377373451238846,user,ohp,medium
1788967903059,14.558991242328286,-4.130746344049275,2.402132891546935,33.287623599352486,-27.71158522700101,-32.644113911605146,user,ohp,medium
1788967903075,14.083292130932213,-4.172793926183879,3.5754406119748947,31.711233014386465,-40.35352259762237,-33.71961940397745,user,ohp,medium
1788967903092,12.335378204023836,-4.5693338684082025,5.824044591411948,-3.66017500591795,-37.01762064094771,-36.52296809597164,user,ohp,medium
1788967903109,11.966969839045404,-4.44648168798238,5.847389372772724,-34.8614870143256,-30.744498284546616,-28.82977086394943,user,ohp,medium
1788967903125,11.64524723739624,-4.188655512182415,5.113266558074951,-56.706911338695086,-22.950706026428467,-17.28674262889142,user,ohp,medium
1788967903141,10.863689448437094,-3.9606075117915855,3.412036348669231,-68.73125105173285,-21.146974302485862,-3.9747419294638258,user,ohp,medium
1788967903159,8.606257727161049,-4.345027100372314,1.0543461176998912,-57.5318923225005,-29.28355497202674,-8.410181825992304,user,ohp,medium
1788967903175,7.430255214691162,-4.601655298559368,-0.0796076435916125,-32.55925222626232,-36.50544524565596,-24.856035106727717,user,ohp,medium
1788967903192,7.243807344928383,-4.876390231323242,-0.5838860029358417,-1.9060870178537068,-48.35797496521664,-39.79351880266761,user,ohp,medium
1788967903209,9.408764196124672,-4.51696099935323,0.4095577561642974,3.94093206618544,-40.26573759131479,-34.07370324074008,user,ohp,medium
1788967903225,9.803208919635416,-4.622006012670695,1.158345275226235,-1.6299092792595933,-31.63645951844775,-27.62972370225112,user,ohp,medium
1788967903242,9.723602883478998,-4.556315689142048,1.1903677224308251,-4.86820793941648,-23.038038532703546,-28.92699519168998,user,ohp,medium
1788967903259,10.123583029285072,-3.968389251708984,0.1084871896605938,3.1895006937968478,-22.67613071424666,-31.26161873679745,user,ohp,medium
1788967903275,10.3169142288208,-3.689913671112061,-0.5608419580873102,20.733334631255307,-27.5971334546264,-33.287736297473785,user,ohp,medium
1788967903292,10.54675817271769,-3.2842458350583907,-0.5948096576081588,34.24160295091733,-32.70654525571365,-30.019378081501383,user,ohp,medium
1788967903309,10.7318610576123,-2.9382842796877027,-0.0209493010589852,30.16256616726153,-19.11565213766198,-21.096956827193864,user,ohp,medium
1788967903325,10.694600125232338,-3.0551509559631347,0.3404258773470297,18.139916926043345,-1.885649597753148,-10.190286218048538,user,ohp,medium
1788967903342,9.56992447989583,-3.5081044209353625,0.0398031642086803,8.97593322513363,18.85459718494221,-4.777060345603129,user,ohp,medium
1788967903359,7.78130678667724,-4.232051147925109,0.7225999154906719,9.175961291392978,13.25472742880292,-12.524908055608718,user,ohp,medium
1788967903375,6.467485703057051,-4.519204540496319,0.5945101266723126,31.67720842703605,-8.800022556833598,-38.09229968043044,user,ohp,medium
1788967903392,7.002741165271401,-4.529081499127298,-0.4848260919099673,53.530774336896194,-17.605251425362038,-47.67439938779801,user,ohp,medium
1788967903408,7.766043166571855,-4.124162143353373,-0.4908106827449053,61.80162798778306,-15.297921316177936,-49.06256361961682,user,ohp,medium
1788967903426,9.031229106360673,-3.4281973560057577,0.9680059509828686,45.8673225787094,-7.782360228994841,-38.69150534612649,user,ohp,medium
1788967903442,9.51306102142334,-2.887856261090189,2.7678474143315106,17.713610668997,-0.1941420973812358,-30.696639149032336,user,ohp,medium
1788967903459,8.690952610889077,-2.813785208837688,3.0681691717619075,-8.058026663896555,4.507426248399005,-33.90919471948574,user,ohp,medium
1788967903475,8.124275005450844,-2.349609800366312,2.30831015052218,-15.681122249372333,3.980431477042447,-31.185643127564813,user,ohp,medium
1788967903492,8.742577584186195,-1.9129668342038988,-0.3634690454127267,-1.4417490935699664,-2.5113374009652167,-27.22241561638116,user,ohp,medium
1788967903509,9.055172292006016,-2.043601046808064,-0.9295485388273372,7.019285945392316,-2.7681949889965973,-22.424974413181538,user,ohp,medium
1788967903525,9.334545113703609,-1.6724997894838451,-0.6901284093443304,5.073575932946307,0.5712413771301355,-13.375696909193016,user,ohp,medium
1788967903542,9.126098178100586,-1.501613353729248,-0.5189433925019576,6.136764886697785,3.330764373758344,-11.373035925673795,user,ohp,medium
1788967903559,8.710404914855957,-1.4781202499389647,-0.7022495667055249,12.266387956844676,2.862060144325967,-10.404178714549364,user,ohp,medium
1788967903575,8.919748507037758,-1.5646109310425818,-0.7029970971371978,14.50353445721231,4.374348977044592,-6.193712015789589,user,ohp,medium
1788967903592,8.583214120703936,-1.8448821628846228,-0.0656912003114819,10.165448235131786,6.741803960831847,-7.412119579750545,user,ohp,medium
1788967903609,8.275410154291986,-1.5070005997255445,0.3485059060912579,1.220349045232532,8.880373756003275,-7.752626707990483,user,ohp,medium
1788967903625,9.943718045043944,-0.5307644344054162,0.8982749006960541,-9.861070246280276,10.814019946827749,6.470867431930366,user,ohp,medium
1788967903642,10.647913192859292,-0.0418985290527343,-0.1013050230715423,-6.026339510838896,16.22480018466347,16.291580651725976,user,ohp,medium
1788967903659,10.340407332611084,0.3841197288513183,-0.7438480168331414,9.198239660918269,13.426109681683236,27.21063354006289,user,ohp,medium
1788967903675,9.586832944598791,0.3959410995483398,-1.0319008424621074,18.69210527704032,15.265856993119312,34.91210213116997,user,ohp,medium
1788967903692,9.183858293151856,0.2840123180665075,0.0408516503483057,14.30289679656954,15.65027540753326,37.11826689346243,user,ohp,medium
1788967903709,9.17487945240438,0.4906621411196887,0.6316205446656793,2.0393493446459448,16.332201494267334,47.676038633198814,user,ohp,medium
1788967903730,10.218152825817466,1.2743142720095813,0.9852141292847691,-19.80354610218335,32.96761216126446,78.40857042631957,user,ohp,medium
1788967903745,8.65683465270996,0.98311905670166,1.0398317815918474,-35.21208745461152,44.30722541000844,94.15151442541698,user,ohp,medium
1788967903759,7.221811786219477,0.4203318828307092,1.2083243079472332,-41.26913677661926,48.16096840389138,89.67194851864245,user,ohp,medium
1788967903775,3.680187811389565,-0.9807251473024486,0.3573348900392651,-27.79082054401504,38.66103245714448,64.71512031033286,user,ohp,medium
1788967903792,2.862418891364336,-1.1881231583744287,-0.8014594441287219,8.912545654541328,28.78049787927696,33.14950692905107,user,ohp,medium
1788967903809,3.564218668475747,-1.0259151191160083,-1.130062452941388,38.96031085600693,26.45090989113508,17.882618577367086,user,ohp,medium
1788967903825,4.41131714335978,-0.1761237518861889,-0.035014468627423,59.28304354266504,19.3040355851601,3.8523795173698714,user,ohp,medium
1788967903842,5.577591458019614,0.6685808135986328,2.189197850744426,61.36036361645438,15.41406526791942,-5.651670764578316,user,ohp,medium
1788967903859,6.125415894427896,0.6304235169008374,3.0249240138731897,55.67222305680279,10.887513636070732,-8.056562442093234,user,ohp,medium
1788967903875,5.370643821063638,-0.2091933700561523,4.337096891894936,40.800425290110894,6.577663842905863,-15.491946499930489,user,ohp,medium
1788967903892,4.562600760760903,-0.7676411995485425,5.238363448687642,9.996532534315492,6.223477553305681,-23.955129740108447,user,ohp,medium
1788967903909,4.3911154823303225,-1.152957736968994,5.150975672613829,-12.431477044178468,8.829515313669713,-29.555615067046688,user,ohp,medium
1788967903925,3.757849727740884,-2.1974280650816858,4.05712405847758,-28.08712951813582,13.956088818820266,-41.72269548845396,user,ohp,medium
1788967903941,3.39003991317749,-1.672050584411621,2.820369847925007,-28.65717881381238,11.085383362552356,-61.06486914239212,user,ohp,medium
1788967903959,4.557662135314941,-0.8282439906798302,1.8022351535521448,-7.823133043245232,0.1279099130821808,-58.625733457699695,user,ohp,medium
1788967903975,6.7013722003430125,0.0688331515990197,0.7252933192931115,10.180708585284886,-6.2901773387586175,-46.044128855564345,user,ohp,medium
1788967903992,6.734740801459551,-0.0136173142030835,2.477101184900105,-0.6121817444586035,-6.079630781177451,-36.30663892948441,user,ohp,medium
1788967904009,6.536621198603511,-0.8001124134339391,3.6951517178960143,-36.75102469726377,11.918251507301832,-38.19006359311542,user,ohp,medium
1788967904025,7.438934195709228,-2.377891307476908,3.5292027385436,-54.749099084813466,22.70153218776994,-42.74652718466053,user,ohp,medium
1788967904042,8.701277605548501,-1.4504374393738806,0.9989803504392504,-28.31761083658332,14.999421558880869,-35.846625688884046,user,ohp,medium
1788967904059,9.437795060297846,-0.888697728729248,-0.308702230425924,20.706756657647496,-3.129012965394037,-19.98755652106537,user,ohp,medium
1788967904075,9.439290267291664,-1.0579380047120153,0.3369837375365197,44.07478041217457,-9.137109467846653,-10.615834324097012,user,ohp,medium
1788967904092,8.765172277832031,-2.791189930669963,4.700117572485655,7.585489417679332,-1.1482993006687716,-16.44135474739331,user,ohp,medium
1788967904109,9.310454628542065,-2.6249431374147534,5.838411262677609,-32.74576078683328,11.251193034843585,-7.010256435309559,user,ohp,medium
1788967904125,10.488997473144533,-1.573439257403463,4.538208954565227,-51.07289319802667,16.301812275102655,2.3794219020999408,user,ohp,medium
1788967904142,10.48899688862264,-0.6199483001157641,1.7161941159121692,-39.17792409805812,10.515157335731024,17.261243825172468,user,ohp,medium
1788967904159,10.925040865978598,-1.0729016189575196,0.934037922668457,-22.86778752990451,7.1834764359634296,26.09835601674653,user,ohp,medium
1788967904175,9.454403080749511,-1.792059942626953,0.5657805104680359,-14.647540458125569,7.990003102405106,20.5845577432068,user,ohp,medium
1788967904192,10.51443761934936,-2.522291741235554,1.4170691305182874,-19.04494089673213,9.979545000076026,21.763433026025368,user,ohp,medium
1788967904209,11.25020337894857,-2.9596818725034595,1.5625158584594725,-33.72154551732339,22.470461765506528,27.912141779147387,user,ohp,medium
1788967904225,11.365724193572998,-2.383278115081787,1.3189058395385742,-39.17146615419787,32.60474128613461,35.53136806245835,user,ohp,medium
1788967904242,10.913220664325356,-2.120215207672119,0.8078932765685022,-28.211263083658928,28.44293797766388,40.271051478489056,user,ohp,medium
1788967904259,10.619780154308677,-1.9107222701475024,0.6380550346925854,-9.408387506206632,15.610513461280032,44.87633726222142,user,ohp,medium
1788967904275,11.233594773975014,-3.693055914660543,1.1755528690062462,-7.671465277630514,19.21450034287769,48.62193445588096,user,ohp,medium
1788967904292,10.672303537750244,-3.906439283752441,1.538724210114032,-9.008623364274955,22.109062796142812,45.457231190752665,user,ohp,medium
1788967904309,9.72809201159179,-3.723732354083657,2.341829229492694,-2.992499895443697,15.674911899869498,39.90746343349635,user,ohp,medium
1788967904325,9.879375044471026,-3.7386964067205786,2.366219866644591,7.416899858395907,8.45964520218789,39.14494452965072,user,ohp,medium
1788967904342,10.250625939399004,-3.933673619897663,2.528876234192401,10.581069514995294,8.173130719336903,37.65407132818784,user,ohp,medium
1788967904359,10.082731378936767,-4.715978720092773,3.69185910609141,-13.96508930059905,17.663873231460965,35.62321020113293,user,ohp,medium
1788967904375,10.070909423717856,-4.757876956884562,3.966144687652588,-31.664306199693893,26.6937299463182,31.210433299157376,user,ohp,medium
1788967904392,9.913041751751305,-4.383783239746093,3.2846944556087254,-32.731673521670125,33.44191757270307,34.37350073397945,user,ohp,medium
1788967904409,11.147404683253168,-3.5869632919862866,1.3778639322027564,-1.0062897427055688,26.62326288465118,43.85303832077011,user,ohp,medium
1788967904425,10.966190622490643,-3.493588842718303,0.8098384192869067,28.06441060140907,14.880900701308224,44.63504033922321,user,ohp,medium
1788967904442,10.337115889850258,-3.6170401580810543,1.6837226097658275,45.15527535773557,1.3034165252577576,38.31605326254547,user,ohp,medium
1788967904458,9.39155470264852,-3.6967967086240647,3.840149825286865,39.7161703254118,-10.429292466353855,30.02768359153212,user,ohp,medium
1788967904475,9.77343279005289,-3.973626567840576,5.467907386724651,16.03143240661853,-7.106619732327861,26.311094211277624,user,ohp,medium
1788967904492,10.127922519794106,-4.14660793004781,5.565322635816037,-11.795440437156772,3.664606091141996,27.77085077842921,user,ohp,medium
1788967904508,11.441143299433588,-4.2645223618105055,5.173121599578857,-40.62068203191284,15.857889252639554,37.57148409583863,user,ohp,medium
1788967904525,11.429170537567138,-4.36058941116333,3.72822089767456,-45.6900484338963,19.565566943574478,40.78301855301112,user,ohp,medium
1788967904542,10.873418230769037,-4.518158392444253,3.218855078998208,-41.88208136783079,12.820021746624752,34.257428499224254,user,ohp,medium
1788967904558,10.236110507312416,-5.181052392578125,3.066224138641357,-34.002406311088905,-6.131840747193029,17.4588036318205,user,ohp,medium
1788967904575,11.009736918750404,-5.664531782586872,3.1474782342657446,-32.32618568121398,-14.365066032168642,7.879646028437918,user,ohp,medium
1788967904592,11.531971571350097,-5.825690605053305,2.920476528057456,-31.46879544979686,-13.455409485675297,-0.6857148673718731,user,ohp,medium
1788967904608,12.625223904418943,-6.1481596411556,2.5468326005131003,-32.79546065832887,-6.022988449277358,-4.716588838899598,user,ohp,medium
1788967904625,13.371467218890784,-6.13858371129781,2.370409573419392,-28.83218533582103,-3.8382128512576177,-6.912196263169332,user,ohp,medium
1788967904642,13.242329382324218,-6.348973305401206,1.933168202972412,-20.26936500357822,-5.178590945208899,-14.13991823768928,user,ohp,medium
1788967904658,12.229432442474364,-6.783820766448974,1.93271972855255,-6.61980995206625,-14.8655993700201,-36.246024415695125,user,ohp,medium
1788967904675,11.570129744830728,-6.869413768060505,2.287060843603313,4.293364277829397,-30.76022821020516,-53.485753144982056,user,ohp,medium
1788967904692,11.78485795266032,-6.541108573150634,2.441487142944336,14.227698121354992,-39.44683547587069,-65.01740399243012,user,ohp,medium
1788967904708,12.109424253302812,-5.762394775445759,2.1297915759213266,23.59921370510096,-40.65097050578726,-72.07815985825499,user,ohp,medium
1788967904725,11.979687281799317,-4.557961118261516,2.470068509784341,29.783644347582147,-52.28929866278717,-76.07315799436296,user,ohp,medium
1788967904742,11.969812368994951,-4.00909067993164,2.9984383041381832,26.2135915533284,-63.56827007698519,-75.8025117485012,user,ohp,medium
1788967904758,11.993902269634605,-3.24025237955302,3.6736030261717736,17.572949753229757,-69.57549658409228,-71.69823058567303,user,ohp,medium
1788967904775,12.237363819995522,-2.9100027725771067,3.028665100097656,14.174176759018772,-74.56861075418172,-65.62473758323848,user,ohp,medium
1788967904792,12.440870376586911,-2.7168197493404147,3.0443773407533765,2.8024439053725683,-71.04400774621253,-54.80698835312391,user,ohp,medium
1788967904808,13.045406295776369,-3.0151975696288047,3.1742629269473253,-19.82355172626232,-57.88901559344378,-37.37697738374959,user,ohp,medium
1788967904825,12.218659119525553,-3.3637034026548265,2.7947817446168512,-32.59909613478559,-53.265937166923536,-33.61033637725725,user,ohp,medium
1788967904842,11.456554803577063,-3.26090251500234,2.4286178706295787,-33.03558620388443,-58.96849967100761,-32.92521717708619,user,ohp,medium
1788967904858,11.131541928210854,-2.8860601714536545,1.425148611273244,-25.67030464636725,-67.42180133500386,-27.32172998200773,user,ohp,medium
1788967904875,10.69459837166667,-2.916586242620647,0.9491520513005556,-21.187289494061865,-59.88497445383992,-17.89448432350269,user,ohp,medium
1788967904892,10.427346195873618,-2.829048098290712,0.592714694622904,-12.578400389640963,-56.11630488116408,-9.91061387719861,user,ohp,medium
1788967904908,9.361478128814698,-3.008613515063375,0.0797572629290632,-8.64466051265155,-53.92872506360323,-6.261794060775807,user,ohp,medium
1788967904925,8.103325156402587,-3.106326870318502,1.2696751903429642,-25.930845627351967,-43.8095812421759,-2.6919098868171942,user,ohp,medium
1788967904942,8.028655992126465,-3.279756706945598,1.5852606828994116,-44.82348525842386,-33.13918651321518,2.041244508697212,user,ohp,medium
1788967904958,7.77606771697998,-3.240551800891012,0.9977834688048808,-52.932022878779954,-24.175584340854364,6.334187235788772,user,ohp,medium
1788967904975,7.898172586169839,-3.71565133895874,-0.7742243407985195,-44.35726679096254,-19.40515653582214,9.450724433776958,user,ohp,medium
1788967904992,8.063821998053788,-3.773411746270954,-1.6057609798155723,-28.233828321129355,-14.768062561125028,11.611321589021676,user,ohp,medium
1788967905008,7.703344426074624,-3.7295674899779256,-2.886958179739304,-7.380355785015401,-11.771988982641531,8.046840521583368,user,ohp,medium
1788967905025,7.2150769250065085,-3.742885236712545,-2.5770587754180654,10.32659203444625,-5.532966345671725,3.362141622475148,user,ohp,medium
1788967905042,7.672668717303871,-3.737648066711426,-1.9110212530940769,13.3526390443287,-6.068885612952552,4.294301294406158,user,ohp,medium
1788967905058,7.9553323972404,-3.684077366174012,-0.8641571617126464,10.39444057234022,-0.7056988803054198,3.8804776349548336,user,ohp,medium
1788967905075,7.976132608684897,-3.152863872826844,-1.6096519959047435,23.766602858637757,5.829300079228252,3.684653550129629,user,ohp,medium
1788967905092,8.33840524738729,-2.8986298762999474,-2.351106030273437,46.63499486028381,6.492969070310881,8.035851600982463,user,ohp,medium
1788967905108,8.565854405102133,-2.728342283221334,-2.47500603925176,63.99623606999985,6.251704163824406,10.219726040918584,user,ohp,medium
1788967905125,7.60952223303914,-2.6511294258117672,-1.1581950165679678,69.55693896011735,8.92217280617646,3.785401401708256,user,ohp,medium
1788967905142,7.210138884082436,-2.665644419506937,-0.4562449990645982,65.25879653807671,7.5816576815549555,-3.94402955697404,user,ohp,medium
1788967905158,7.163452536231279,-2.1474495438173413,0.0323219964067451,64.12325709799458,8.447747012653728,-9.053633457131696,user,ohp,medium
1788967905175,8.452879183307289,-1.6922518070496615,-0.0969651170039782,66.45246088799564,12.917733579117307,2.136044119282404,user,ohp,medium
1788967905192,8.883087294116615,-1.547402314349264,0.1496381249203957,61.78452519410134,16.631462817656857,15.14234668235797,user,ohp,medium
1788967905208,8.496572194561361,-0.8623613643370568,1.3278837943700608,48.7823653542008,13.432949262363357,19.715921605321256,user,ohp,medium
1788967905225,7.9107427294075485,-0.5255272644042969,1.7380407585365232,32.186098501337014,9.940319223672642,17.79941833553987,user,ohp,medium
1788967905241,7.769932575225829,0.2425624095641076,1.7506102350539527,13.642423480244831,18.84639412774903,27.19663165226436,user,ohp,medium
1788967905258,8.546551154217124,0.6229416367128491,0.2319380300993099,5.1575765875668855,28.90534690711562,44.30084259822907,user,ohp,medium
1788967905275,8.876503239551186,0.7062894897460937,0.1717838595183566,2.1899742257517665,30.44995662187357,62.22001122539218,user,ohp,medium
1788967905292,7.337480484881997,0.0873880683347582,-0.3356368529722094,8.273176768978312,29.095581335878816,63.17590986011381,user,ohp,medium
1788967905308,5.103240838623047,-0.5174468338012695,-0.5629367384094744,17.460007452661717,30.84651057489534,52.53315349162955,user,ohp,medium
1788967905325,4.580107191357016,-0.8702923034667969,-0.5131078547488898,30.322447235353188,32.04582349125788,39.71037149480647,user,ohp,medium
1788967905342,4.011933794403076,-1.468992356109619,-0.1077384901851415,46.04797083697248,32.16642072633821,16.277488263920947,user,ohp,medium
1788967905358,4.152593141937255,-1.176001927947998,0.9436146562438458,54.35797854727644,20.37757910569332,-1.9949390277756984,user,ohp,medium
1788967905375,4.748601471278072,-0.825401314599812,1.7109560691282153,52.61734581843371,16.278920896099358,-11.499432845133112,user,ohp,medium
1788967905392,5.909638469806313,-1.1391910774230956,2.685695785345509,36.72511095955274,20.37378835070396,-16.854144060072198,user,ohp,medium
1788967905408,4.761916879925131,-1.7757494438171386,3.6016271195676177,18.05322133490837,24.766865279565906,-29.591716031904788,user,ohp,medium
1788967905425,4.124611494556069,-1.913865244348347,3.750815810516104,1.1867671395176949,28.36166897182449,-42.311351926976926,user,ohp,medium
1788967905442,4.088250141364336,-1.7830825631842016,3.19536109842509,-7.180498473485304,21.9098586214521,-53.95497006548901,user,ohp,medium
1788967905458,3.839702666041255,-1.3192056992679833,2.8205190471373496,-11.263956950855045,17.400991203138222,-61.06321623661297,user,ohp,medium
1788967905475,4.256442223468422,-0.8110361046388744,2.6943754239507016,-16.40706890530714,18.716197061790247,-57.97617563744231,user,ohp,medium
1788967905491,5.625028916499018,-0.2370265488773584,2.423231647546589,-32.618347022961274,23.28748557892887,-44.48172649801852,user,ohp,medium
1788967905508,6.46120150822103,-0.3302497531063854,2.13712469528839,-45.14265658324397,30.49942426693739,-40.43159849002479,user,ohp,medium
1788967905525,6.656181059485673,-0.5624876064024865,1.7459715606689452,-50.01967119782154,33.37346200174662,-42.11294859196639,user,ohp,medium
1788967905541,7.412448924365639,0.019752163696289,1.3637977051883936,-47.47523107160044,23.62515305602137,-43.72530353800711,user,ohp,medium
1788967905558,9.134028386577963,0.2425627018250525,1.5083473381593822,-46.89837719996326,12.244052384485087,-38.84781764037682,user,ohp,medium
1788967905575,9.937133990478516,0.0701798900328576,1.386691381780803,-43.438794177798,9.200622543164956,-27.720923803143712,user,ohp,medium
1788967905591,10.55304236755371,-0.4882673549376428,0.4118023932859301,-28.08860654654384,12.503874488059664,-8.875584085847803,user,ohp,medium
1788967905608,10.110563973236085,-1.2120645904541014,-0.0356138958252966,-17.42497370486143,16.29308500089067,0.8380857689451324,user,ohp,medium
1788967905625,9.680206809344886,-1.7510592391967772,0.2629134159363806,-11.654039299638228,18.686364503042924,3.18507067578986,user,ohp,medium
1788967905641,8.64336902193725,-2.355296321570128,1.0552440894529225,-15.10230982099065,24.810317235518237,-3.321537001633068,user,ohp,medium
1788967905658,9.229049434009196,-2.416797084454447,2.555660780743509,-27.936600686565203,24.557591698491297,-2.3876454498606363,user,ohp,medium
1788967905675,9.76190718743205,-2.2912508426390588,2.8125884002685546,-33.544298693266974,28.444206685302213,2.939209905765611,user,ohp,medium
1788967905691,10.614992335510252,-2.4108112880431114,1.3551184319093823,-18.750025281202028,30.94176439306034,19.400057799606724,user,ohp,medium
1788967905708,10.551097663226724,-2.11198499333486,1.2333137147098778,-6.219267168569192,24.952738632544044,28.23576638730635,user,ohp,medium
1788967905725,10.3089851893872,-2.369661385400593,1.8435363012336197,-7.816954283367309,23.12578938806528,29.493777949395977,user,ohp,medium
1788967905741,8.935759146118164,-3.1097685352049766,3.2396541213989254,-28.099058443521248,26.910827509087056,22.36315095590917,user,ohp,medium
1788967905758,9.689933253589272,-3.860500539398193,3.7502171870358287,-49.51352002937774,37.10518708120186,23.41688351275476,user,ohp,medium
1788967905775,9.968709278437494,-3.9627031688965855,3.3831577524483203,-58.34178200333476,42.18529737074975,23.02798278669799,user,ohp,medium
1788967905791,10.68756774237752,-3.444358363342285,1.6521493676334618,-43.339886208427046,40.28841723445381,25.43602232764664,user,ohp,medium
1788967905808,11.238082733044028,-3.185784291784465,0.6425431398920715,-21.23608095039785,32.59928396498777,30.86994836903224,user,ohp,medium
1788967905825,11.426478814265131,-3.148674750573933,0.973991747394204,-2.3831913127481417,20.682567542701896,34.83735595598794,user,ohp,medium
1788967905841,11.07527935824096,-3.545364038141072,2.310105619104206,6.678223010508668,12.32807822542823,38.79041673059203,user,ohp,medium
1788967905858,10.600327850341795,-4.15004871815145,3.2516254219606515,-1.649261873220884,15.09041333900378,38.247607936872775,user,ohp,medium
1788967905875,10.148124765345454,-4.170550238910317,3.4769802377447485,-11.368954887644714,21.031540690418066,35.9532790927738,user,ohp,medium
1788967905891,9.968708109393717,-3.966294325256348,3.308487126867473,-11.783431257048596,18.717428203388145,34.82566950231805,user,ohp,medium
1788967905908,10.085274633678791,-3.955969038335979,2.210147699792683,7.530410772212349,12.336668895856814,33.67170562694981,user,ohp,medium
1788967905925,9.948805139049886,-4.186859860937297,2.037016699981689,27.738450068553963,7.589918795356086,27.826441688083943,user,ohp,medium
1788967905941,10.071507974132896,-4.399195620672405,2.1461025131225586,48.8086274315595,-2.86963333001163,22.926223213348557,user,ohp,medium
1788967905958,10.25960244205892,-4.327968413543701,3.7472248733520495,58.222970862722384,-16.246344308852983,18.2223795074402,user,ohp,medium
1788967905975,10.47732632457316,-4.345027100372314,4.158429300744832,54.32537805436797,-14.797510921731538,16.598210041682652,user,ohp,medium
1788967905991,10.516981458613277,-4.187160012927651,4.268712214715778,47.89427342246448,-7.338261329160612,16.26455700827482,user,ohp,medium
1788967906008,10.9242926779598,-3.791217744335532,4.331559716033936,44.14630273806836,-6.299611110662875,20.71974426235428,user,ohp,medium
1788967906025,10.675295705303547,-3.881000891113281,4.277989161626994,42.11360429012672,-11.822209656061345,22.5921654912324,user,ohp,medium
1788967906041,10.55199548884928,-3.831471136529744,4.8849198669984935,35.23278975798583,-18.124455085309727,22.623961729366105,user,ohp,medium
1788967906058,9.913791108813882,-4.201973843438923,4.675277584131062,23.65559691669941,-19.819436537287384,18.298650522354443,user,ohp,medium
1788967906075,9.974394338336586,-4.163516687011718,4.635473397009075,12.004731947477948,-18.822198182614255,20.23876575609656,user,ohp,medium
1788967906091,9.975143110877276,-4.1519948837831615,4.436306623187661,-0.31556749289843,-18.17203759816262,21.135089773330044,user,ohp,medium
1788967906108,9.463830249786376,-4.232349692480266,4.068197825677693,-13.42434578533008,-17.883687501972194,19.129747940561597,user,ohp,medium
1788967906125,8.992024054175614,-4.424036047418415,3.5157363771185275,-14.586989123586113,-21.96477163483171,11.328372464917436,user,ohp,medium
1788967906141,8.364443359485268,-4.553921487481892,2.683151873016357,-14.821652225352947,-28.443144590886277,6.51398001285831,user,ohp,medium
1788967906158,8.881441280475258,-4.301033644866943,2.4976015366151927,-19.958613594457443,-32.168415141575856,7.2899582313502815,user,ohp,medium
1788967906175,8.951621316638589,-4.268412939508259,2.312499528503418,-28.812661240078548,-24.90628822354608,9.980004330297708,user,ohp,medium
1788967906191,9.151538908827304,-4.064606815448403,2.1484975915655493,-39.627166130337365,-13.304200196508615,14.80874146027433,user,ohp,medium
1788967906208,9.068938367030023,-3.912724647632241,2.119617387909442,-48.94182978075309,-6.531270209855374,17.720674792146085,user,ohp,medium
1788967906224,8.645013866534828,-3.889829801996052,2.040458657129109,-48.09539517276468,-10.249745576094435,13.205173552600831,user,ohp,medium
1788967906241,8.180089831653238,-4.097975416564942,1.3670898786015808,-44.08808220558317,-14.87289742714826,6.621782169189091,user,ohp,medium
1788967906258,8.06202693133056,-4.218284634509683,1.2641396456062792,-44.21032893134806,-17.916057475996176,-1.781398499460539,user,ohp,medium
1788967906274,8.29980049918294,-4.274548958045244,1.0960955936707557,-48.05080769786283,-18.03403021088793,-6.373535528710392,user,ohp,medium
1788967906291,9.0530761965096,-4.155286618804931,0.4739021449767053,-47.35997162935647,-16.94438110429182,-4.242481076060095,user,ohp,medium
1788967906308,9.52607949295044,-4.153490675298869,0.1089360294066369,-42.87049853319085,-19.385024553243525,4.470760512273907,user,ohp,medium
1788967906324,10.18897349308431,-4.1172780829280615,0.2105401084899902,-38.432378214299966,-16.071901277450856,12.790902088872048,user,ohp,medium
1788967906341,9.323320539855956,-4.455010446874797,0.5820907170169055,-35.433802225259306,-10.40710203551413,11.282445419164624,user,ohp,medium
1788967906358,9.258975785717368,-4.487780789837241,0.8551789054870605,-29.1551474156305,-14.296101612119024,7.680327448078605,user,ohp,medium
1788967906374,9.2115418343693,-4.6541783897399895,1.1665747589111328,-23.737926309407456,-16.438465577374394,5.537485796468158,user,ohp,medium
1788967906391,9.79991513878703,-4.770595860943198,1.18902054560557,-22.59582134998565,-8.61224187352973,7.35865627402227,user,ohp,medium
1788967906408,9.724050042724608,-4.793341068975627,1.095946102197468,-14.83224072611376,-3.007414467270066,6.145857576030364,user,ohp,medium
1788967906424,9.469815753936768,-4.910058692169189,0.9986815866883844,2.159148941697264,-9.270329746286812,3.3539505181130096,user,ohp,medium
1788967906441,9.682003629633783,-5.183147903552651,1.4413096916750072,5.824115111874566,-9.473021586322464,0.0810118398789964,user,ohp,medium
1788967906458,9.550321369281413,-5.275025100000202,1.6264111152648926,0.4619353518823356,-2.8594595497994844,-5.791139812335391,user,ohp,medium
1788967906474,10.141388150566817,-5.428103491863608,1.4730321330197154,-6.6759182485506114,5.998376716376864,-10.564948561006773,user,ohp,medium
1788967906491,11.761366017913817,-5.559036687414348,0.4923082278262823,0.3184678953768788,13.929610736729064,-13.695045818931549,user,ohp,medium
1788967906508,12.100146137347815,-5.792172074072063,-0.0586575022824108,21.36221405380048,8.23622117670031,-26.179175937648,user,ohp,medium
1788967906524,11.60574466356933,-6.011990590777993,0.2570784261725843,51.340339500262274,-18.68688872006172,-49.51315802935173,user,ohp,medium
1788967906542,12.892926162067054,-5.8975169471189375,1.1748045348569751,59.58012945080392,-28.87575511253654,-57.72045335491703,user,ohp,medium
1788967906559,13.486538536182046,-5.587767107336223,1.8775030143737792,48.628484607295,-18.92686912409741,-59.76178516196958,user,ohp,medium
1788967906575,13.61103585346639,-5.029918120519817,3.0505126286379998,16.687019576365742,-7.557579557183367,-59.80066942891446,user,ohp,medium
1788967906592,12.34031507590413,-4.380042299652099,3.3659485512331124,-1.7775229007150857,-14.495548258525274,-64.98965976402152,user,ohp,medium
1788967906609,12.081441436877846,-4.008642059381306,2.7760775556035338,-7.165615491283846,-25.005344749531485,-64.57573663994042,user,ohp,medium
1788967906625,12.303352834209798,-3.408744613647461,0.9174274910639972,0.0176417382959082,-21.059711805649783,-56.05493221637693,user,ohp,medium
1788967906642,11.367369622692465,-3.4334342337459325,0.030226942089945,5.016096902872888,-17.291998459457744,-50.84215233239072,user,ohp,medium
1788967906659,10.568605847388506,-3.721337860162556,0.489015323760733,3.9251590249577646,-18.97103141972342,-50.57653310575809,user,ohp,medium
1788967906675,9.262567088207602,-4.2075095579952,0.7243954206053167,-0.2216431337027781,-19.216178861866226,-55.70800641786448,user,ohp,medium
1788967906692,9.047090107837318,-3.7391444427490232,-0.2558794987116009,4.7666801656120015,-14.814065592732357,-60.73616628858525,user,ohp,medium
1788967906709,8.980501374164223,-3.357418769427389,-0.7564185253970325,10.570924976530533,-8.896875493038026,-67.4427222044316,user,ohp,medium
1788967906725,9.249100288391112,-2.625690887042135,-0.5120597339354456,20.36627685016424,-13.178913182789426,-63.28452352829535,user,ohp,medium
1788967906742,10.85980062430501,-2.4528597469605504,-0.144100574029237,25.57795878124138,-23.424931183144327,-49.12715330350304,user,ohp,medium
1788967906759,10.962451435962318,-2.313846266937256,0.6331163361813873,14.986985491949568,-13.61047441662845,-39.406527114483865,user,ohp,medium
1788967906775,9.970355292078851,-2.697965995788574,1.944241531781107,-9.537730798519163,5.625321602307699,-35.23138615411139,user,ohp,medium
1788967906792,9.773281398883462,-2.6833013644896444,2.3665190687868742,-15.856195365725393,6.300264247502257,-39.07140388285718,user,ohp,medium
1788967906809,9.668085578918456,-2.5869347476683555,1.9240399438168847,-7.381265907722304,-3.56947137440065,-46.68616322245096,user,ohp,medium
1788967906825,10.421810773578285,-1.7755996600829065,0.8937853341918438,23.493354310702223,-24.70639761484378,-45.74556421147017,user,ohp,medium
1788967906842,11.8301999001652,-1.3961186969481407,0.0459390366151928,45.80755159328262,-28.702797647278896,-33.380746398496434,user,ohp,medium
1788967906858,11.954249473682044,-1.680729419299215,0.4297591979980468,48.04585922580915,-28.690773099245085,-25.95227193077829,user,ohp,medium
1788967906875,9.833734406280517,-2.46408242111206,2.9538465539461,22.350861738045023,-24.20404061648393,-30.81489704432194,user,ohp,medium
1788967906892,8.240393785968422,-2.929904281616211,3.788375762375258,5.522646356722659,-28.639107840815814,-40.32103480283521,user,ohp,medium
1788967906909,8.316560495325923,-2.4907178415160627,3.0473697275023905,3.514665936500468,-28.49404316058121,-40.19104264255152,user,ohp,medium
1788967906925,10.109068181720376,-1.4830580716673285,0.3860647619718685,20.469457102861035,-28.556144948062254,-24.82153582122998,user,ohp,medium
1788967906942,11.066448986053466,-0.9207200298033654,-1.2470796436034142,36.60983785693044,-24.342360484913147,-10.472448162850934,user,ohp,medium
1788967906959,10.556334979358317,-0.8870516785552724,-1.114351381329447,38.95007923263025,-20.67633499508426,-3.6164033117351,user,ohp,medium
1788967906975,9.28905294407308,-1.098040663323924,0.6799528148266486,20.11535789817277,-9.97041303715572,4.705970029174344,user,ohp,medium
1788967906992,9.626187634387612,-0.9430162519592792,1.088613293357659,5.001590007962604,0.969071188144523,17.18109326280966,user,ohp,medium
1788967907009,9.663745503887531,-0.9400232806883752,0.697610417396482,1.0561400918063184,6.863724545063867,28.79350597455125,user,ohp,medium
1788967907025,8.725818172565102,-1.4950292991638183,-0.2639604590375907,5.705476860425561,2.08534789394163,33.847039998038625,user,ohp,medium
1788967907042,7.998878108978271,-1.8507179563660172,-0.5015846815471537,5.501802753809896,6.866903144348862,32.78559445007279,user,ohp,medium
1788967907059,7.596053679656982,-1.838447453662008,-0.576403300763946,2.5467350697822195,16.005568187778984,32.322138794130744,user,ohp,medium
1788967907075,8.014441004291177,-1.5306431949891148,-0.4242230085177347,-1.5400513105389055,21.485749977771206,33.82040567537016,user,ohp,medium
1788967907092,8.098237477874756,-1.0265138156615197,-0.024240963015519,-7.849236318705729,30.153782543988893,35.48479641760262,user,ohp,medium
1788967907109,8.30039671151042,-0.6600513240538537,-0.1439511556211858,-13.851510084890908,29.61267788246756,33.69500340220873,user,ohp,medium
1788967907125,9.35908451167643,0.3932474765501916,0.0454899046082049,-14.905984571035097,19.151795791202392,41.436821335837664,user,ohp,medium
1788967907142,10.650007534790038,1.2764090523317455,-0.6313211598603055,-11.057278841665044,15.334138394251928,58.34083943722929,user,ohp,medium
1788967907159,10.390685567474364,1.5336359470643102,-0.639550680077821,-13.657533566236191,22.70012346125362,74.23259959796295,user,ohp,medium
1788967907175,9.430162373462318,1.4459481651306152,-0.6991068117003888,-15.472973941963486,36.30951102403039,90.9668294418718,user,ohp,medium
1788967907192,7.776069470545649,0.9109937316894532,-0.6052843994691968,-12.95116479378358,35.21710764365148,92.9848224925304,user,ohp,medium
1788967907209,6.832153712463379,0.8095395824708044,-0.5629364461485297,-8.088250250973863,34.12097839508032,92.47534502196083,user,ohp,medium
1788967907225,6.361244757953286,0.436043977355957,-0.7944255999691784,11.999971305626447,34.42953219083565,100.42155978159698,user,ohp,medium
1788967907242,4.923377023425698,-0.5638347832277417,-0.9196726396422832,35.469688039158555,42.571544568313975,102.75379617558954,user,ohp,medium
1788967907259,3.4534862571716305,-1.6659154426574707,-0.490213082177937,54.44176447782498,45.22062319261966,87.26740774209614,user,ohp,medium
1788967907275,-0.2454045011222362,-3.3592148590639237,2.111535934393108,57.424439786477855,35.870077143399286,42.8992536295966,user,ohp,medium
1788967907292,-1.974616065648198,-3.793313547571003,5.191227311242372,32.70317114226366,17.489489964214076,-21.697501209967232,user,ohp,medium
1788967907309,-0.72798635776937,-3.482965157373249,5.784839831487834,9.199232599668855,10.411426399032392,-52.67473648293474,user,ohp,medium
1788967907325,1.183633445739746,-2.5038857314512133,5.456235799761862,-9.0143760911034,6.493782289708936,-74.27744662005324,user,ohp,medium
1788967907342,2.794181805962324,-0.8906424330562352,4.040214716991782,-14.106130145638874,-1.073356330661276,-79.79320686543207,user,ohp,medium
1788967907358,3.33856516200602,-0.273687761798501,3.122189186969399,-6.501943938880278,-7.266741564587762,-79.76199973111427,user,ohp,medium
1788967907375,2.7584207567512986,0.7843997343868017,2.173336995398253,-4.107629663068771,-9.991666878305503,-91.25014568864394,user,ohp,medium
1788967907392,3.560477728381753,1.4712366279050706,2.5225905780516564,-12.364056246881272,-5.431079986935822,-98.4476351114633,user,ohp,medium
1788967907409,5.007472187694907,1.606808881433308,2.3473645056575534,-18.34415665769965,-8.849750602859523,-91.91888951027988,user,ohp,medium
1788967907425,6.810007931628823,1.4052470291689036,2.183212784985453,-25.30422528987478,-16.380893912860355,-82.26770243945764,user,ohp,medium
1788967907442,7.898769967541098,2.1110877522341904,0.6745658793576061,-22.055406537570487,-12.551648246209318,-71.79353221516222,user,ohp,medium
1788967907459,8.2100167678833,2.5210940558835864,-0.309899623516947,-9.978055165063315,-4.024632192482538,-58.33504060662396,user,ohp,medium
1788967907475,10.251372958374024,2.878428872857615,-0.758513013458252,3.181352918447257,0.8119561332233082,-33.6290920767181,user,ohp,medium
1788967907492,10.767323416137694,1.046415763092041,0.3130414286740124,9.4965191446146,-4.205893460223629,-6.092059591032759,user,ohp,medium
1788967907509,9.764003282928469,0.1415572462219745,1.162086361450702,3.9179369536841215,-8.383215385375447,-3.857745484736562,user,ohp,medium
1788967907525,6.904578897204995,-1.10836580411382,1.438765414019674,-1.9825652863205745,-1.659624550852263,-14.02913598444626,user,ohp,medium
1788967907542,8.757241484832763,-1.79490283790268,0.1583173154301941,-1.6940099642899282,15.057756497034656,-16.829732963978575,user,ohp,medium
1788967907559,10.5850648147583,-1.611746483965963,-0.4168900718137621,4.285433147542543,29.542425971759396,-3.465244822100371,user,ohp,medium
1788967907576,11.864168220740556,-1.0185830957274884,-1.1670242562443016,18.549000861097504,32.26826226195769,11.549570702509238,user,ohp,medium
1788967907592,11.310808946558833,-0.9684546445984392,0.3751416187562048,30.15874809151549,11.384443195361364,19.196233001942492,user,ohp,medium
1788967907609,12.136807934790848,-1.3925274675231427,1.3640971265263857,14.377939231206824,10.100889287096823,25.829273884204703,user,ohp,medium
1788967907625,12.814216197967529,-2.5912742381773888,2.496554511780292,-9.627988333306298,24.096798108778263,31.54037241720401,user,ohp,medium
1788967907642,12.693608289337158,-2.422782442474365,1.7929584989018736,-17.752409558577256,38.397749155208,38.72787268836223,user,ohp,medium
1788967907659,12.53918169773519,-1.89486083027944,1.1706152664735912,-4.02848100407984,32.55737392424057,45.75874989166287,user,ohp,medium
1788967907675,12.120497435981036,-1.607856198529154,1.864634472711384,4.753322876916395,16.965161954841587,50.02447282080805,user,ohp,medium
1788967907692,11.88122690756917,-1.9716253593996167,2.4884743734382093,0.2032738201777048,10.526106128970554,52.83798141919263,user,ohp,medium
1788967907709,11.318439879828691,-2.851494323376566,2.770240958404541,-14.382576929653265,23.17395588209221,52.73220910970581,user,ohp,medium
1788967907725,11.090690862384438,-2.980631429290771,2.3611327726386486,-15.12551026605389,31.27802143608924,53.39260302508142,user,ohp,medium
1788967907742,11.163563206371665,-2.815879989159852,2.0866963844299318,-7.260283620727515,32.52843099763264,57.28941377677587,user,ohp,medium
1788967907759,11.343578412738442,-2.8984802386961874,2.1712416305541997,7.4260343826371535,25.794721664740905,56.91172139114709,user,ohp,medium
1788967907775,10.973076874873042,-3.243096078546345,3.3089375009834763,12.90305123372272,13.93706418066084,55.34785395802429,user,ohp,medium
1788967907792,10.688613452038169,-3.2134675407409667,3.935169849804789,13.965521310064052,1.416922850040851,54.453720723967095,user,ohp,medium
1788967907809,10.720784952324628,-3.368641151317954,4.453513632445782,3.2883984178840477,0.1524731676478243,56.24480464511412,user,ohp,medium
1788967907825,10.312425685229895,-3.5640684463500976,4.77703042403534,-7.054041362983925,4.399273191099614,54.96393243987246,user,ohp,medium
1788967907842,10.385298613739012,-3.738995097406209,4.5233951240539545,-9.4775687847624,-0.3057454674285401,57.07901321448821,user,ohp,medium
1788967907859,10.78917050628662,-3.757998488561809,3.922300431359559,-10.620064772514189,-13.349515940330711,65.99369074182422,user,ohp,medium
1788967907875,10.151267155024408,-3.5898066987186668,3.950732160595804,-18.936349426665387,-18.351493988415537,72.44625924319449,user,ohp,medium
1788967907892,9.77492624348104,-3.5927979894891378,3.653102236065268,-17.797951552415608,-21.268257971577786,74.46378784098954,user,ohp,medium
1788967907909,9.494954286846518,-4.008042924444378,2.603544083294272,-5.74511586327373,-43.32846613213479,77.0670666318157,user,ohp,medium
1788967907925,9.924714653888344,-4.505737594549357,3.1191957042418417,-6.938498467889405,-63.905783874821374,80.62973428402937,user,ohp,medium
1788967907942,10.20842871966064,-4.888062548938393,3.4249054748535155,-25.833155139200567,-59.21693414168849,78.71863369388147,user,ohp,medium
1788967907959,10.321255472895505,-6.524649021258949,2.97838715749532,-63.2169797875931,-31.23693784823161,73.11763268766089,user,ohp,medium
1788967907975,11.50309268286824,-7.580043040576577,1.3111246841430664,-79.48976888136508,-16.41340219821503,66.56026859385513,user,ohp,medium
1788967907992,11.693432299372551,-8.103924291339515,-0.0981618296749889,-72.08419091529211,-11.450283657639348,50.910990393940686,user,ohp,medium
1788967908009,12.164640529090166,-9.570372515924277,-2.785354283319041,-35.6168615402994,-18.4355497114363,14.708173754935062,user,ohp,medium
1788967908025,12.779501442939042,-10.655545002911984,-4.073136085797474,-5.473081381463169,-16.150110358542086,-18.60962220507595,user,ohp,medium
1788967908042,13.15060328478515,-10.902297996033727,-3.8812995087336746,18.75198896058841,-9.089537200277514,-50.04502144492604,user,ohp,medium
1788967908059,14.189686805292965,-10.148573093634845,-2.6797101350646466,40.6335364479308,-3.218340740680403,-78.23104697960177,user,ohp,medium
1788967908075,14.781203668433427,-8.96314341212809,-0.7151181083679199,48.8795077196713,-13.561867375400054,-94.19996778738904,user,ohp,medium
1788967908092,14.372093290710447,-8.409483693695067,0.5852325221739709,44.23480832933338,-30.58386931074084,-112.1479632279442,user,ohp,medium
1788967908109,12.754959706878662,-7.6171519972652195,2.8707977203920483,11.376500539130284,-34.31084057853376,-129.01751960987855,user,ohp,medium
1788967908125,12.862250453296303,-6.134243636266887,3.754557554327696,-19.822580131852884,-21.474536514701335,-123.43980954872772,user,ohp,medium
1788967908142,13.51541800918579,-5.391143003734946,3.456928068188578,-48.75820697510647,-0.9043271846717374,-106.00265078638697,user,ohp,medium
1788967908159,13.106308800506593,-4.598812768609822,1.3100775131776927,-61.47285683208449,28.69904787342456,-93.96373203456582,user,ohp,medium
1788967908175,10.156502717590332,-3.748571319524944,-1.654693206897378,-27.835595849119056,29.79026963107706,-102.73060085316816,user,ohp,medium
1788967908192,8.545653328594565,-3.441963869421184,-2.642150950390473,29.18864949350941,3.647111842243477,-114.17140676956048,user,ohp,medium
1788967908209,8.151656933373213,-2.645442758477479,-1.6431710383426397,78.97548295761979,-16.367254025087842,-105.11361970363976,user,ohp,medium
1788967908225,9.12340411671102,-1.8068740653991695,1.565657736681774,79.25659305329,-11.369357015032096,-83.74651352684627,user,ohp,medium
1788967908242,9.349058207702637,-1.4097357188902797,3.1609452532779425,60.36127769561077,-7.32772063972399,-61.94402377159948,user,ohp,medium
1788967908259,9.16859525756836,-0.6329669177733361,5.112218729522452,25.071266320305863,-6.995577931896379,-36.168747655425605,user,ohp,medium
1788967908275,8.70262375946045,-0.5232827003479004,4.455908053301647,4.320232107590112,-1.6903146185055398,-27.606815247774893,user,ohp,medium
1788967908292,8.01144766769409,-0.3131915046691894,3.452438574749604,2.709346292551179,-3.2537300852043547,-31.13278770867267,user,ohp,medium
1788967908309,7.417086521038413,-0.2380731353208422,1.0966945094119758,26.087610421634807,-16.583873474614794,-34.725282796991785,user,ohp,medium
1788967908325,8.840290354919434,0.211438007177785,0.6854900820191949,41.23105505690186,-22.366036710833495,-22.313005414570224,user,ohp,medium
1788967908342,9.670179336327314,-0.0607527209959924,0.9992800640381873,43.83992777265827,-20.65842794662778,-7.9572941802435615,user,ohp,medium
1788967908359,8.494778296881913,-0.7233481035094708,2.6044419819820672,36.90760336889173,-23.566454410294284,-4.541129389971609,user,ohp,medium
1788967908375,7.562834716144204,-1.1833341705322264,3.321057562366128,19.02177118752015,-28.92821779555141,-8.924454089359244,user,ohp,medium
1788967908392,7.663840098682045,-0.98715934506841,3.5447654146607963,2.325223710705655,-29.74065855204067,-4.58042987156904,user,ohp,medium
1788967908409,10.021080101665854,-0.5337571864806115,3.0570961717467755,-13.88641064400238,-23.59778278046984,12.59005696123324,user,ohp,medium
1788967908425,10.556484616962075,-0.4137480474609881,1.4859016975954171,-21.61864155335756,-18.8684710066938,32.143628385077875,user,ohp,medium
1788967908442,9.249698838806152,-0.753125913592428,0.8949823984893038,-19.86727347468686,-19.28123812125789,29.626481694780157,user,ohp,medium
1788967908459,7.646781411853432,-1.4067431129455563,0.3450650814549997,-18.37201699932413,-18.30356142836768,27.27180300672223,user,ohp,medium
1788967908475,7.73790954349935,-1.3681363919798284,0.2545335639953613,-20.663798182862703,-12.794681744804004,27.64238858051961,user,ohp,medium
1788967908492,7.955782479095458,-1.5577271628782152,-0.3103489381870254,-17.78396161744813,-3.704715950156072,25.974878149383745,user,ohp,medium
1788967908509,7.757961566925048,-1.6846199969969688,-0.8554786190859973,-12.39162801301332,-1.2806483031029317,22.153628072929852,user,ohp,medium
1788967908525,8.591744048640132,-1.6762405834473668,-1.0844234952513128,-5.851971184630817,2.9493262697000464,23.57809646773457,user,ohp,medium
1788967908542,8.744673095160723,-1.560570715741068,-1.0538978259431198,-0.9479911966534538,5.08587838430197,23.525060048829424,user,ohp,medium
1788967908559,8.442404551044106,-1.5792755623415111,-1.1451766546387223,3.904835797082392,11.2528749689267,22.28270157277017,user,ohp,medium
1788967908575,8.567351950183511,-1.8001405193604527,-1.1881222815915942,12.69005263822952,19.16930156604513,18.35969875315601,user,ohp,medium
1788967908592,8.698434491077064,-1.6976384685240684,-1.345242459659092,26.505985121507475,19.745306786677943,17.477632755814934,user,ohp,medium
1788967908609,9.215582049670816,-1.5517422432497143,-1.087865415866114,38.5537472607565,17.965601960688158,17.952047450280265,user,ohp,medium
1788967908625,10.041581037902832,-1.6083051113404332,0.1197106675297021,38.0379860161505,23.45740873264774,24.048158624151316,user,ohp,medium
1788967908642,10.30404481037557,-1.5882536724366247,0.5425859512329101,33.516793521479336,29.39290971573323,29.237512666831684,user,ohp,medium
1788967908659,10.219799423980712,-1.804480009869486,0.7374138921324164,32.608163210908785,33.2107020089198,30.37349265411528,user,ohp,medium
1788967908675,10.274118458667395,-1.710806577654928,0.3718489338863641,43.03261648823568,36.55246085280775,36.587267496818136,user,ohp,medium
1788967908692,9.924115518951416,-1.5224125422604382,0.5464761636044829,49.08309175316729,35.273866515654284,40.270067931248576,user,ohp,medium
1788967908709,8.554034203448891,-1.813159137018025,1.6555906671937557,42.50462920501536,32.7498110890111,36.86452195070188,user,ohp,medium
1788967908725,7.58483027485311,-1.4167686862669884,3.242497528131306,9.570735126362312,31.855834949304807,30.452989225865057,user,ohp,medium
1788967908742,7.816022126227617,-1.201290536852926,3.1899751676030457,-15.752663358286338,36.10806142465004,36.71130714724015,user,ohp,medium
1788967908758,8.242639519068598,-0.1285388477601111,1.7556981510438023,-23.026174494115228,36.52451854891323,44.856621921182175,user,ohp,medium
1788967908775,6.374412867084145,-0.0085293434143066,-0.9103948890134692,11.099464651299982,25.64894322973803,43.00526499570437,user,ohp,medium
1788967908792,5.894823762512207,-0.1626560752868652,-1.7229267851680516,45.30951810466738,17.58471987671698,38.92289849482818,user,ohp,medium
1788967908809,4.90975941696167,-0.6016930969789623,-0.5559039902284741,62.13161491715388,13.505303163788591,27.17646722628719,user,ohp,medium
1788967908825,4.181024871173501,-0.8518874627262354,0.8402154373720288,54.20818566858889,11.9455799479447,10.10264635326081,user,ohp,medium
1788967908842,3.9010523300170896,-0.926555750219524,3.6945528752200314,14.808232611181165,16.660614065034473,-2.960954026431758,user,ohp,medium
1788967908859,4.822371056365967,-0.8325836273193359,4.619313120324909,-8.67461430725664,10.606340361150696,-8.972726451318309,user,ohp,medium
1788967908875,4.831649172320962,-1.0223244011476635,4.261978960938007,-18.066277241506853,-2.2474801496950425,-17.59548425484892,user,ohp,medium
1788967908892,4.479402253070473,-1.3353659759521483,3.289782718658447,-26.41431373756215,-11.425362004905264,-35.95513348913345,user,ohp,medium
1788967908909,5.043386966162919,-1.4202107895448803,2.5580552746646106,-29.08698212771377,-11.555274764239844,-44.69805907960033,user,ohp,medium
1788967908925,5.740397755432128,-1.3982139156617224,2.145952290996909,-26.22866236573203,-9.160393582727226,-44.328658543623945,user,ohp,medium
1788967908942,7.029826740595698,-1.312920481518656,1.5447095681339502,-23.577519316749704,-11.63042392058291,-41.964999864354745,user,ohp,medium
1788967908959,7.1128744416385885,-1.0998366798952222,2.000804399871826,-25.35683311440951,-10.390765076793103,-43.74391921858999,user,ohp,medium
1788967908975,6.971318437525629,-0.9659111706607044,1.843835138049721,-22.44319735788713,-10.868868073410242,-46.584526592506585,user,ohp,medium
1788967908992,7.660547486877441,-1.1429320175170898,1.7963994331359865,-20.865881282288576,-12.803906769051752,-45.00003540318493,user,ohp,medium
1788967909009,9.136572810363768,-1.0332476539611817,1.9485810222901403,-21.798391641744782,-13.13326702856623,-34.66008181117485,user,ohp,medium
1788967909025,9.789442844611406,-1.07724154785797,1.7443254008971154,-21.4633384195571,-8.763974525941563,-20.555133288262383,user,ohp,medium
1788967909042,9.20675343104899,-1.369932116290182,1.5453079724185168,-15.556476419661475,-7.858659418439407,-17.4733587649418,user,ohp,medium
1788967909059,7.978377757263183,-2.076221606036276,1.952172470910847,-13.373617970364394,-9.353615365478657,-22.33249877446144,user,ohp,medium
1788967909075,8.289326451441646,-2.2857145435608923,2.4718635765075683,-20.068168121197157,-10.91185813781995,-19.476205871115905,user,ohp,medium
1788967909092,9.366715444946289,-2.3410804569520054,2.7159228005006906,-33.3829867005442,-1.3361633336248548,-9.142982576759218,user,ohp,medium
1788967909109,8.990377456012368,-2.0127754081726072,2.302772791998088,-35.83600815981926,-1.1661151020668092,-2.78349930849248,user,ohp,medium
1788967909125,8.869768962860107,-1.8915688029967248,2.176778075762838,-34.745233779557395,-10.943092592894418,0.1232085151176038,user,ohp,medium
1788967909142,8.457519702589511,-2.316390106201172,2.138022374780476,-36.80842219195397,-20.98300024353408,-3.1236391006211184,user,ohp,medium
1788967909160,7.9848115897029635,-2.5655364242002365,1.547552098083496,-43.285166147891495,-14.794949600792782,-8.320215428018543,user,ohp,medium
1788967909176,7.936329590606689,-2.37983630406484,1.1596921597905456,-52.894996423289314,-2.19241110918158,-12.301630025414648,user,ohp,medium
1788967909193,7.308750064960122,-1.975665136309713,1.0859202366150915,-68.10681466724277,0.8574194198036469,-24.476110956787632,user,ohp,medium
1788967909210,8.221388641247152,-1.504755597277731,1.0860692896969617,-68.16890791698737,-4.491142223644048,-24.994455720447192,user,ohp,medium
1788967909226,9.725099259516597,-1.463904677581787,0.0424973717287182,-50.717672134767234,-8.455145815072145,-10.999816460177728,user,ohp,medium
1788967909242,11.872398288947345,-1.1563994018554686,-1.6600791377194224,-15.235843434358983,-4.788276369993936,10.199047643206372,user,ohp,medium
1788967909259,11.707647871729732,-1.4021044933594762,-1.742230328314006,8.088212684933428,-0.6859839127921482,20.26490318250291,user,ohp,medium
1788967909276,11.031434371295571,-1.6683094981871545,-0.8116345819886773,18.61828800758541,-0.5915320548852451,24.20377765420088,user,ohp,medium
1788967909292,10.3350221324414,-2.0207063473023474,1.431433317565918,14.412774903521182,-1.998878125936092,24.06011999293529,user,ohp,medium
1788967909309,10.17056865234375,-2.264765132904053,2.351854510553181,6.56319664847013,0.5402606529111625,27.53059375173213,user,ohp,medium
1788967909326,10.561570541924237,-2.2717979541502893,2.132485418115184,3.062585320290844,7.182599610428729,34.601799806987124,user,ohp,medium
1788967909343,10.556633670043944,-2.6421508773252365,1.5084966835021971,0.7496148088736333,13.273252609379288,41.36517265144423,user,ohp,medium
1788967909359,9.656413261303303,-3.0437782058164475,1.287332451275736,-0.2919963766705837,12.47785232109556,39.97487740060438,user,ohp,medium
1788967909376,9.601197570037842,-3.080140289660543,1.2478276124265044,3.362987071828348,6.005821622572178,40.3396231626614,user,ohp,medium
1788967909392,10.110414335632324,-3.1492727164670824,0.8114847251892089,7.6461517427928,4.4384217009880125,41.47972858420368,user,ohp,medium
1788967909409,9.700707161059976,-3.2324713702879846,0.8267479799684136,6.116630769685056,11.492871594661668,42.06866164538803,user,ohp,medium
1788967909426,9.88954923248291,-3.1168010641902684,0.574159631756693,4.552607949758639,20.179933921680657,44.34844218655488,user,ohp,medium
1788967909442,9.776273566436767,-2.986616641180217,0.7544727981567383,4.917326817945803,19.81740114091472,45.19378054918152,user,ohp,medium
1788967909459,10.155606645533442,-2.9138933502748605,0.9385271969117224,10.205252870067328,13.653922957486191,46.50727373789916,user,ohp,medium
1788967909475,10.356269503131507,-2.8143840515136715,1.0175362900882958,18.888343442083958,5.8813853942914776,49.90612271796466,user,ohp,medium
1788967909492,11.202919065204265,-2.671779415130615,1.3784617519654332,27.22431270142313,-3.34505441016248,54.441040477772965,user,ohp,medium
1788967909509,12.189330149188637,-3.169025464685261,1.7625810424253343,26.73951441187209,-5.944917252629997,64.43624368652124,user,ohp,medium
1788967909526,12.145786191016436,-3.618536534118652,2.333897705841064,7.252452808844096,-3.8941567963150767,61.57046023532397,user,ohp,medium
1788967909543,11.793837962451576,-4.636072239685058,3.3309337903447447,-23.55017294686027,5.152158540007774,55.20827904233508,user,ohp,medium
1788967909559,13.481600495257974,-5.442170011138916,1.8014868194028733,-31.3996363693559,11.239478406643366,52.87572504454612,user,ohp,medium
1788967909576,14.17292622462809,-5.855619002588093,0.9437642207823692,-25.43921544108362,12.235877501822229,45.84346814303313,user,ohp,medium
1788967909592,15.285481808581949,-7.083095973968505,-0.0565633064821362,-13.9307411330367,6.1193572958243605,32.30248492479404,user,ohp,medium
1788967909609,15.565452596172689,-7.9976801313653585,0.3754401633113622,-3.152485977693844,-1.5451986051304507,4.3231088978911565,user,ohp,medium
1788967909626,15.135692229130862,-8.281094045147299,0.7396582369931042,1.0448031517228609,-4.979669369595094,-27.00771374246369,user,ohp,medium
1788967909642,14.10229669113159,-7.811830812017619,1.3419495921261608,8.145577736225071,-13.55642969104708,-56.11823099451003,user,ohp,medium
1788967909659,15.237298500171304,-6.441450221307576,1.5397707965575158,19.33954915374958,-30.8275465546648,-71.17729205767615,user,ohp,medium
1788967909676,15.496321192279456,-5.907542958831787,1.667112543487549,18.76102871595492,-35.68458628101466,-71.80584704623575,user,ohp,medium
1788967909692,15.1365912237972,-5.018396025030315,2.3974936143737287,8.135411853419154,-34.000927575133595,-65.11800584871524,user,ohp,medium
1788967909709,13.954754013824465,-4.733635957336426,2.908805890942737,-12.1443205235455,-26.94323334160418,-59.288050071326666,user,ohp,medium
1788967909726,13.083866082552074,-4.703409453637898,2.9911067191410807,-24.986715408570277,-23.28646958828983,-59.42068551481914,user,ohp,medium
1788967909742,12.1813976026237,-4.710142269024253,2.4531585107114164,-30.3604367475168,-22.229750531229648,-58.72626701209311,user,ohp,medium
1788967909759,12.44880116958618,-4.525789325714111,1.440860778863728,-29.98489928657116,-20.49454951032437,-48.84679452864153,user,ohp,medium
1788967909776,12.282704013934731,-4.336647394561767,0.9048588091310114,-23.338291941070008,-17.468458104212317,-40.71050243459309,user,ohp,medium
1788967909792,10.979508953747152,-4.104260195922851,0.2492964670594781,-13.52354830660899,-22.13171511852516,-46.38778982365354,user,ohp,medium
1788967909809,9.485228427124024,-4.181921673882752,0.2759315586699172,1.5781068834383951,-36.14980071066799,-59.25087335167428,user,ohp,medium
1788967909826,9.542391160804032,-4.0014593082703644,-0.0836470186429098,12.13134231034883,-38.030776751481554,-61.84856504775938,user,ohp,medium
1788967909842,10.48854797581136,-3.2224452124446628,-1.2403456226406615,25.3926181830185,-31.55345564455917,-52.74076050654667,user,ohp,medium
1788967909859,11.189002768054603,-2.5945665577210484,-1.282393752764538,37.2824065845016,-24.780182440900138,-33.651262870763965,user,ohp,medium
1788967909876,10.31063003398478,-2.7979239151000974,-0.5539583908523432,30.689067884337376,-20.872880518640542,-32.75041556075264,user,ohp,medium
1788967909892,8.531588562884926,-2.829497449493408,0.9970357374438084,16.084436382125123,-16.534089933301864,-30.773113362074383,user,ohp,medium
1788967909909,9.249250510516765,-2.378938478442281,0.461033877308946,4.432353931684102,-2.762147923703609,-17.207550000559706,user,ohp,medium
1788967909926,9.419539272639154,-2.2562359356202184,-0.636407998137921,14.532421034759588,5.843132492957998,-6.221057958792205,user,ohp,medium
1788967909942,8.767416257366538,-1.999607152911276,-1.612644492251612,32.80730762144426,0.2376990141312004,-2.51094722640888,user,ohp,medium
1788967909959,8.281693764606118,-2.0832545734129844,-1.3833989891719072,43.95562093191453,-14.642670533247347,-5.508078843883491,user,ohp,medium
1788967909976,7.560740958735346,-2.4872763958252966,0.4131489307903684,42.55301426509573,-20.14388418324133,-6.101163379422739,user,ohp,medium
1788967909992,8.926332561603187,-2.3958473815366625,0.5804447947070933,39.11100190457034,-11.37249036431384,7.001500132793603,user,ohp,medium
1788967910009,9.25688202830851,-2.380435146740824,0.3535937033500987,34.74678764759357,-8.305763601508442,17.226846992512286,user,ohp,medium
1788967910025,8.206724740600585,-2.5215429686948654,1.5104416161580476,12.763512176526651,-11.923774569019434,19.98802609657081,user,ohp,medium
1788967910042,6.716184569549561,-2.981080488232523,2.7718871638421434,-16.9802600880019,-10.899359745412472,18.50560013156395,user,ohp,medium
1788967910059,6.379948873901367,-2.6945243309020994,3.0077164063934467,-48.89871762671197,3.233772485892989,22.55523636593744,user,ohp,medium
1788967910076,6.846518922424316,-2.0614073371335864,1.0854718535267749,-62.33081055410813,25.217638981766527,37.5747011149377,user,ohp,medium
1788967910092,6.598420359912514,-1.3277344581604005,-0.6355109123008791,-51.78994011747295,23.784994850525305,39.64257162201033,user,ohp,medium
1788967910109,6.17329992763102,-1.4133273136414586,-1.1773486298492175,-36.491241867276926,17.031553101121403,32.36758345777343,user,ohp,medium
1788967910126,6.2581438644409175,-0.5617397106446326,-1.0112509810074233,-31.727167845720103,13.18816894288844,23.499158263949443,user,ohp,medium
1788967910142,7.497293445697426,0.4538507060728967,-1.045368080670014,-30.390233447770974,16.854632418597856,25.895291077627466,user,ohp,medium
1788967910159,8.31251911098063,1.0527003963194788,-1.555033138021268,-18.78072185887936,22.912677240677127,40.63024429675085,user,ohp,medium
1788967910175,8.429684185680747,1.112854566900432,-2.665494306979142,10.207926889127387,25.9702421584846,50.41868743403909,user,ohp,medium
1788967910192,6.247819454303383,0.3245639625549316,-2.1025579338958487,26.07019685434586,21.372300535657292,43.06304156589351,user,ohp,medium
1788967910209,6.061970719477534,0.3179796157285571,-1.233911571005173,23.93553905002156,18.52006817977333,37.34536726827077,user,ohp,medium
1788967910225,7.530213134002685,1.1574471573427318,0.0885858267519623,10.728079091596063,27.21767375754988,58.99032212540581,user,ohp,medium
1788967910242,7.82051066981852,1.3380594528198242,-0.4231755087587982,7.744757476292982,38.75220182218581,75.23323597174814,user,ohp,medium
1788967910259,6.45461803817749,0.7630018493101001,-0.3266590351380408,10.185828665841456,44.2436875752544,71.33548606904283,user,ohp,medium
1788967910275,3.2401024496883157,-0.7766191635131835,0.4471170139037072,29.258979951393037,41.09480302824386,33.11653419083284,user,ohp,medium
1788967910292,2.138323695814609,-1.8683754128053784,0.5626371709410101,57.68393916361415,31.78471560457205,-0.9528754222402476,user,ohp,medium
1788967910309,2.6877912232548,-1.732654106195271,0.9950904303286224,86.03196312502423,8.003135848631748,-23.8336479955306,user,ohp,medium
1788967910325,4.21993064815104,-1.5638625968933104,2.913295238251239,92.92604871472246,-13.862124198861109,-49.48364819704269,user,ohp,medium
1788967910342,3.872621769824624,-1.5634136840820312,5.524321055603027,66.26270457247435,-12.53106888624007,-65.2581613304839,user,ohp,medium
1788967910359,4.534617944335937,-1.4573203307554126,5.979219517163187,37.74745025942567,-5.326219507703201,-71.64507805355198,user,ohp,medium
1788967910375,5.621884773254394,-1.2110171272277832,5.375880698803812,13.20212643445736,-8.007707806507426,-72.69185235518063,user,ohp,medium
1788967910392,6.089354400965571,-1.3088805584780872,4.6779706226073205,0.9946073444604966,-13.259477825370665,-77.44179130025012,user,ohp,medium
1788967910409,6.535123653522134,-1.1113581908628345,4.076577093096822,-7.381428124715092,-15.681952117356488,-77.19684022604595,user,ohp,medium
1788967910425,8.181435985565185,0.0615009090147912,2.7114338185183704,-14.502081334466393,-11.17631708606732,-65.81014306825848,user,ohp,medium
1788967910442,9.304467955347896,0.9470561019346118,1.2716205028809606,-16.60065012676364,-3.5918393901587957,-52.54718953037392,user,ohp,medium
1788967910459,9.483732051086426,1.1308113716125487,0.9240123493470253,-16.37628524271789,-4.175808611363838,-37.2967329062857,user,ohp,medium
1788967910475,9.395446449390054,1.1550525172911583,0.5930136775694788,-13.0304018183449,-12.446596521679938,-24.14003662131903,user,ohp,medium
1788967910492,8.616431915172933,0.4207807956419885,0.2133835882876068,-13.564096578390416,-10.621585343378165,-23.21324996038729,user,ohp,medium
1788967910509,8.51078718239665,0.3389294647768139,-0.0276836142826825,-12.685168199199312,-6.97956540716093,-16.114009393683986,user,ohp,medium
1788967910525,10.530448258429765,0.7032967376708984,-0.7137714429993182,-5.059037448411112,0.5173170336328848,10.478522762344014,user,ohp,medium
1788967910542,11.761517409083249,1.5767317230775952,-1.5047553050167857,4.415078248839024,12.332267692710388,36.84030551499959,user,ohp,medium
1788967910559,11.502642016491292,1.5450081126891075,-1.47542713839747,15.613990027567567,14.645668986292984,59.25714346533236,user,ohp,medium
1788967910575,8.790013289099932,0.2277482867918908,-0.0272330209709703,20.66036601280477,11.520719129681458,57.0916114984123,user,ohp,medium
1788967910592,5.251234182307124,-2.1440078789308665,2.231845809924975,6.968071906335091,4.778557010805008,27.125951147185777,user,ohp,medium
1788967910609,5.759401146587729,-2.7814634864255785,2.57750816315338,-2.7320908224873213,11.405367479883695,19.2143176353174,user,ohp,medium
1788967910625,8.410383272883296,-3.1799491558901964,1.2131118344847112,-3.966970881735644,26.5515117474202,25.43625626162571,user,ohp,medium
1788967910642,8.81604906311035,-3.1540614120483395,1.552789121954143,-4.534261207874339,33.30478444964214,27.89439353258911,user,ohp,medium
1788967910659,8.971970277184248,-3.330483562359213,1.813906302123517,-0.98308342794851,27.458625755995005,26.90773001829845,user,ohp,medium
1788967910675,9.294141791644693,-3.536385489654541,2.1678002579286693,5.152069747548564,18.253120481347132,24.488352363327586,user,ohp,medium
1788967910692,9.662100659289957,-3.8094742626465856,2.438643882342428,10.82860581580031,15.606838819506564,28.464459903738597,user,ohp,medium
1788967910709,9.8639606177181,-4.002057566424459,3.172915311730653,3.125467670327978,13.898873177916714,32.216766050710376,user,ohp,medium
1788967910725,10.24628703341186,-4.774187747955322,3.83027374343872,-4.73215526690488,16.516409988635285,31.623331894862982,user,ohp,medium
1788967910742,10.619482632666823,-4.59342581487447,3.4974807355903086,-7.415760924351808,12.913068559914189,33.848911469871204,user,ohp,medium
1788967910758,10.650009288355708,-4.497508110864461,3.283349032349139,-5.15169237959692,14.33898666237024,35.15237794088727,user,ohp,medium
1788967910775,10.901997844043374,-4.43391212926656,2.936189207104593,-2.313862971681808,15.63734073679255,39.72700642053003,user,ohp,medium
1788967910792,11.377397680231928,-4.775834346118569,2.9662665115907787,-2.078754840401864,12.152443326015938,41.66958052237336,user,ohp,medium
1788967910808,11.046996097564696,-4.83314496383667,3.1643864067077634,-5.5404086905461005,6.545225140103357,40.27471587497877,user,ohp,medium
1788967910825,10.910526602935793,-4.991012343542278,3.1803980687014755,-10.906358981764445,3.517087878891472,37.75570454303763,user,ohp,medium
1788967910842,10.538078022655844,-4.9735050361633295,2.651279063415527,-11.894138378210748,4.195656287318249,38.01777207130185,user,ohp,medium
1788967910859,10.42614909504354,-4.97305612335205,2.069338130132854,-5.676349945596864,4.254051416514096,34.4502037583587,user,ohp,medium
1788967910875,9.277084273859858,-4.963928521783649,1.6792333355225622,1.1433974660005235,3.939837528370945,28.59217078083949,user,ohp,medium
1788967910892,9.466372920006512,-4.627841586956381,1.4517835932858287,10.747199352403868,-8.654533551096803,25.69333775179582,user,ohp,medium
1788967910908,9.575907645958662,-4.488978182928264,1.7736543712340294,13.21077943036212,-16.393929328891325,24.77259751582684,user,ohp,medium
1788967910926,9.25658392214477,-4.30612220017761,1.7604868466250598,10.70462849085447,-16.930761707086816,24.202457720143776,user,ohp,medium
1788967910942,9.853786429706217,-4.083161586053669,1.1906669976383446,13.615928322680706,-13.973904513496596,28.198137167621454,user,ohp,medium
1788967910958,9.669880645641683,-4.0593686225339765,1.1139020301267504,14.26729614306814,-15.67565639048903,29.184708474358317,user,ohp,medium
1788967910975,9.587133388850091,-3.92290029694885,1.8616418667666608,13.194376731070337,-23.81624125843082,30.526765514184948,user,ohp,medium
1788967910992,9.996242597529292,-3.926940512250364,2.188449662725627,2.79400285877549,-24.94991776441683,34.94133534081763,user,ohp,medium
1788967911009,10.36764196101725,-4.4930186904907226,1.8667293991640208,-17.31174453634825,-10.93770101231834,37.6396630441337,user,ohp,medium
1788967911025,10.836607380244136,-4.700716853553057,1.0634744499206543,-27.778266656320557,-5.436698671301804,41.20004599807,user,ohp,medium
1788967911042,10.919206168475746,-4.709544595392048,0.5641331816524267,-35.03061615855345,-2.725150923403765,40.13776033683626,user,ohp,medium
1788967911058,10.791264848217368,-4.868757836748659,0.2352303131103515,-39.49354713960441,-1.7367978977888847,40.75705358888131,user,ohp,medium
1788967911075,10.927137545996905,-5.000889594434201,-0.6370069869443774,-36.338914988407296,-2.0969408593972574,36.66883703098101,user,ohp,medium
1788967911092,10.68038396835327,-5.1910778197690846,-0.9277524126581848,-30.762758795292644,-0.837770513026254,29.410842377399096,user,ohp,medium
1788967911108,11.131241483959554,-5.56113132160604,-1.1439796268738809,-24.12500166740854,5.940285530599082,24.05852343621681,user,ohp,medium
1788967911125,11.86835807364583,-5.950937863922118,-1.324740975432843,-13.945130634070626,8.289849260742312,17.51855754177436,user,ohp,medium
1788967911142,11.950658171191812,-6.260538066101073,-1.383399646759033,2.1314070611661995,5.133156526849975,3.9716218136736,user,ohp,medium
1788967911158,12.463766099005936,-6.967576328387856,-0.9545378359921276,18.9148223779488,-0.4449429351248281,-17.299361403383017,user,ohp,medium
1788967911175,13.516764747619629,-7.120954579980671,0.0059862348027527,25.10393853020062,0.2681814013450269,-34.35284965702392,user,ohp,medium
1788967911192,14.328700139185786,-6.762872086444497,0.8312365966245532,25.751199699349584,-9.6381243340346,-45.30657429313511,user,ohp,medium
1788967911208,15.892860842242836,-5.56412495046407,2.578555480249226,18.585456995792445,-24.17050951030104,-58.013406998608055,user,ohp,medium
1788967911225,16.43320047585368,-5.468805212347209,2.525583183996379,15.155460645564396,-37.873938532665136,-64.22277978439084,user,ohp,medium
1788967911242,16.970848970684408,-5.555894297735393,2.4001873835023493,9.746632134284006,-43.20096699089816,-56.71024788610464,user,ohp,medium
1788967911258,16.099959285846353,-6.589441811425983,2.4242794760990884,-7.081195633802958,-34.574540522009606,-53.11421475979546,user,ohp,medium
1788967911275,13.436858851733804,-7.406313198089599,3.639186742633208,-21.80827834056838,-35.993061529594534,-51.94733158161214,user,ohp,medium
1788967911292,12.27657004122436,-7.848792469190061,3.8015433965820815,-30.160933752049896,-41.87435642387951,-57.56908270253121,user,ohp,medium
1788967911308,9.525929855346678,-8.30892693170756,2.599205177307129,-19.566333632308808,-57.4657009592539,-78.87193045961324,user,ohp,medium
1788967911325,9.89538451450765,-7.430255214691162,0.0017963453648611,3.936829683815201,-63.78325028111134,-80.46150672477197,user,ohp,medium
1788967911342,10.439916923633216,-6.778434104974568,-0.8129804436396807,14.697648433424073,-52.50058031947776,-71.81126338624757,user,ohp,medium
1788967911358,9.465626485553384,-5.851728424890339,0.7483374554731883,2.367382839914147,-46.15195363689676,-74.64192600473264,user,ohp,medium
1788967911375,8.481159521374106,-5.2910360313415525,1.236306064926274,-0.3891746539950855,-38.85680275422997,-67.82155181655719,user,ohp,medium
1788967911392,9.164254598015546,-4.551077642358094,0.1264441422156494,7.304824991852461,-31.792491774942107,-50.16620949136957,user,ohp,medium
1788967911408,9.243114199718832,-4.231003246307373,-0.1966235830114688,-0.8266915193056702,-12.9925804995896,-39.52896508554551,user,ohp,medium
1788967911425,6.32697716217041,-4.342033909905702,2.191592152869282,-7.777992323020618,-21.121402074233337,-46.983935564601424,user,ohp,medium
1788967911442,5.710621041327714,-4.242674833270162,1.6151884776460006,10.433845641209317,-31.931704690605308,-54.681842212056345,user,ohp,medium
1788967911459,6.304084362360835,-3.6562457947880023,-1.7052702237778343,43.56079160165819,-26.844931551522063,-56.70085296090129,user,ohp,medium
1788967911475,6.936302069202065,-3.3611595633909106,-1.21056828748174,44.683801059707925,-15.579611977927602,-51.59076497108621,user,ohp,medium
1788967911492,6.927624841749668,-3.3702881878726183,0.3944445043150335,21.64295361170822,-11.963630430373753,-45.8950189957938,user,ohp,medium
1788967911508,7.356483876037597,-2.9040169761657717,1.7241242147916926,3.3091730785748754,-7.870383438149734,-39.88061737496361,user,ohp,medium
1788967911525,7.593061512103676,-2.0473415485106408,0.0909793708249926,7.523816224568702,-7.881044509670477,-35.0669117838029,user,ohp,medium
1788967911542,7.657555319324135,-1.7521067024230956,-1.1929109771728514,24.35693098596008,-10.486024871373628,-36.6432374819718,user,ohp,medium
1788967911558,6.777835846820473,-0.9181761174742132,-0.9307457127226516,28.5350447861688,-14.271770770748146,-42.96216650204159,user,ohp,medium
1788967911575,8.614936708179115,-0.2828152172364294,0.175225451339595,14.11654703789679,-17.941996826916593,-30.27619319429386,user,ohp,medium
1788967911592,9.495552837261558,-0.0653916328430175,-0.2762307973448187,3.4772025623463594,-1.0938839306032204,-13.89784694199392,user,ohp,medium
1788967911608,9.296236718097328,-0.0900818374633789,-1.0339955862516537,-2.7377039573246025,10.657590685587884,-1.3523144898561137,user,ohp,medium
1788967911625,7.0769614167362445,-0.7736264845032245,-1.1668741071838884,0.1107478354929073,14.230644494208208,-5.297196326372525,user,ohp,medium
1788967911642,7.008726084899902,-0.7439982389587908,-1.584512586212158,13.966460461074927,13.609231322199507,-8.878938562503926,user,ohp,medium
1788967911658,8.026261790466307,-0.2959833263672888,-2.2700024125030263,30.56252496958455,14.221932587921856,-3.819309448955962,user,ohp,medium
1788967911675,9.437046872279048,0.1735795472960919,-1.369034455064405,36.81894409837038,19.12702269508276,10.621018437677051,user,ohp,medium
1788967911692,9.652223992919922,0.1243485564634203,-0.3360861493759788,24.161056528489745,24.29102819820592,18.2518534812561,user,ohp,medium
1788967911708,8.486547059631347,-0.1894410602293908,1.4074916845568457,5.495567644871321,27.138745799048504,18.439297777743345,user,ohp,medium
1788967911725,8.77789264319539,0.2856581125121563,0.7266402038574218,-5.065751951252057,30.138127750411225,20.01757861756216,user,ohp,medium
1788967911742,8.563311734881996,0.6609492227416485,0.1622066327526234,-1.217348351031075,29.37367590303047,18.53279111464977,user,ohp,medium
1788967911758,8.97720817783773,1.069310316467285,-0.7148184587010648,2.890160609788457,31.052560306681706,23.33945136568162,user,ohp,medium
1788967911775,9.214983499255776,1.3325227153502404,-0.6974612729830667,11.686091669865808,27.860105982955645,28.91877505902387,user,ohp,medium
1788967911791,8.598475987243653,0.9029133010864258,-0.8152257383484393,28.98633587519905,18.4266892485355,27.411266931837428,user,ohp,medium
1788967911808,7.67970168468058,0.0372594710752368,0.5762550696659833,30.61584484134025,12.735095174484814,22.59612017076184,user,ohp,medium
1788967911825,7.996037332594394,-0.1568203548707067,1.2776067011510952,17.003404184004488,18.211673185916204,26.441624248958444,user,ohp,medium
1788967911841,9.183259742736816,-0.2400188625611364,1.788768572931364,-2.5171076301534083,27.017439931841785,40.21039939865934,user,ohp,medium
1788967911858,10.140342440906169,0.1922840285703539,1.8140574375646188,-11.510700095942695,22.849830962576547,54.794000748417126,user,ohp,medium
1788967911875,9.796626034113764,-0.1702878853395581,1.4826093049865214,-16.652817404096904,20.65139626687725,57.03391006030403,user,ohp,medium
1788967911892,7.760806434962153,-1.082927776800841,1.3883379799440505,-31.23557522549219,24.57246614295629,52.05667608003487,user,ohp,medium
1788967911908,9.080907621765135,-0.3175309951782226,0.207098589733988,-36.63722350040761,33.65649821076278,58.59094047406765,user,ohp,medium
1788967911925,9.351602046966551,0.0299278130128979,-0.976984353338927,-20.19540600769803,32.077365304845,57.69964859870517,user,ohp,medium
1788967911942,8.728063321143388,0.0029924598142504,-2.528126950195059,32.280686376057936,10.993371322922174,50.69584626527445,user,ohp,medium
1788967911958,6.935702349743247,-2.1052514472961423,-1.5194205208376048,55.83741459697413,0.3922099793900686,36.838102778992265,user,ohp,medium
1788967911975,6.356607745802402,-3.1911718300417062,0.3866630566585808,46.95515314743899,7.558195127982315,18.58807978843373,user,ohp,medium
1788967911991,6.468834195056557,-3.401412371063232,3.0648768887508657,24.64044018557626,13.620013629578018,3.7075491980011583,user,ohp,medium
1788967912009,7.797916560694575,-2.604293148095905,3.230975651837513,15.910228992249362,5.790927222697475,-1.8157270302290232,user,ohp,medium
1788967912025,8.174103742980957,-2.2731445464536546,3.176507344873249,7.083949480698943,-0.5019501218565611,-8.470298589745818,user,ohp,medium
1788967912042,8.334665476337074,-1.7227777320861817,2.733280470275879,-0.2578154420211954,-5.776892891500391,-12.024925401759091,user,ohp,medium
1788967912059,10.044424152374267,-1.4980220512390137,1.887828228228912,-6.775178826437468,-4.120709048442522,-4.138703181810921,user,ohp,medium
1788967912075,10.124480270385742,-1.626710390472412,1.7898160361576825,-14.522505307632022,-2.6808385770594265,-2.599324965070379,user,ohp,medium
1788967912092,9.495104508972169,-1.4908394462585448,1.056441117217764,-13.359118332530104,0.8028190476611236,1.7283550369228085,user,ohp,medium
1788967912109,10.421213392207026,-1.461361422839761,-0.2023097480222582,-4.446062121348318,4.871188463215544,9.437163093179898,user,ohp,medium
1788967912125,9.85677918178141,-1.8677762778684497,-0.5159506769593805,7.212949556005681,1.1066012092292552,5.53687961717932,user,ohp,medium
1788967912142,8.488342710876465,-2.538302964837849,0.0692816260188818,14.634761174188473,2.8340333168404657,-3.67553354004037,user,ohp,medium
1788967912159,9.39828956386149,-2.4875755249023435,0.5632360866822302,16.91310908317692,8.944358114374308,-1.8682202356517448,user,ohp,medium
1788967912175,9.696218032947185,-2.403330138507485,0.6355107570372521,19.83672545362398,9.761213734388337,-0.1459003645517299,user,ohp,medium
1788967912192,9.74889046947062,-2.136675636346638,1.232266032287851,25.74032262309634,5.495364446743513,5.947203658454659,user,ohp,medium
1788967912209,9.566033317676188,-2.410811434173584,2.146401423003897,22.37516696620651,3.891315010733528,7.622141920312913,user,ohp,medium
1788967912225,9.12834274215698,-2.626439513452351,2.5353102127626537,12.924925768313331,5.230395795629331,2.7179516905751604,user,ohp,medium
1788967912242,9.234884716033935,-2.6605565948486327,2.7234040961667896,6.457288162086734,6.266065917214827,5.845927747875826,user,ohp,medium
1788967912259,9.661204002711177,-2.7492922784000635,2.1293430284362285,5.802486464094075,2.614301648929513,7.682281735954875,user,ohp,medium
1788967912275,9.03362213897705,-3.038092269134521,2.378789425360411,-0.7140965445290975,-0.1321020750874083,3.3379655275776527,user,ohp,medium
1788967912292,8.266129700249433,-3.400514253179729,2.5556607076782734,-11.466125427645546,2.371844874432869,-7.939935254467974,user,ohp,medium
1788967912309,9.081656394305824,-2.810194490869343,1.1091142843935635,-2.175203087897968,0.8588341760963386,-9.576230013549589,user,ohp,medium
1788967912325,9.827599849048257,-2.268356727655232,0.2032083042971789,17.70490730044711,-4.70717555756285,-3.51846010658441,user,ohp,medium
1788967912342,9.832986802783608,-2.221818848364055,0.3315973683230578,24.86930616428505,-3.839865757036761,-3.365028658059947,user,ohp,medium
1788967912359,8.323741931262612,-2.726098157556355,1.4492400462828576,20.497921916227064,-1.263851587273401,-12.636276851346716,user,ohp,medium
1788967912375,8.357559445190429,-2.68479817891866,1.5884033100403845,22.031688705677617,-4.766313469830937,-14.883026597687389,user,ohp,medium
1788967912392,9.40996012791097,-2.3273136512756345,1.5903483066283166,20.849973771711618,-9.27791040249188,-10.814334989303216,user,ohp,medium
1788967912409,8.69618875797689,-2.5634413516171275,2.849698526000976,6.679456286540678,-6.066164209455125,-12.662738711738635,user,ohp,medium
1788967912425,8.204480761066078,-2.7404630752563475,3.124133745165914,-8.448412102324157,-3.64503631850944,-15.459356252305772,user,ohp,medium
1788967912442,7.930344670978188,-2.3994389762878416,2.9779383177492766,-21.87855927958052,-6.33889451678738,-22.011548185362543,user,ohp,medium
1788967912459,8.359955400416254,-1.3295306939274072,1.814206600244343,-28.88673464162734,-9.007504067024724,-29.76779489361313,user,ohp,medium
1788967912475,9.317185982623696,-0.7136218784607946,0.6958152958743273,-14.3865999110744,-8.227760279865958,-21.119510111833243,user,ohp,medium
1788967912492,9.868451499396562,-0.6096240361087024,-1.187972205596417,9.307146173460474,-8.635351818586468,-12.353891217849,user,ohp,medium
1788967912509,7.465121360889077,-1.5858591785155236,0.0176579678960144,18.88467221540507,-7.750062825730789,-22.43063834755077,user,ohp,medium
1788967912525,6.703166098022461,-2.079962692260742,0.8894454783566296,10.572599226650832,-11.46588295593001,-32.974018878705934,user,ohp,medium
1788967912542,7.173776946368813,-1.8438348457887768,1.96504028192088,-3.603840886304154,-13.888551908307178,-36.87720902708517,user,ohp,medium
1788967912559,7.972094731470942,-0.929997999627888,1.5761334649235008,-15.72339429014554,-7.406745074647391,-31.217376186448693,user,ohp,medium
1788967912575,8.151060136523842,-0.7674912696838379,1.108066017449647,-14.913391911189974,-8.102917228442818,-27.876880927557195,user,ohp,medium
1788967912592,7.67386464909017,-1.2816460762023925,0.7909848118655383,-11.1791114872115,-10.92236467631072,-29.723893852722878,user,ohp,medium
1788967912609,7.429805132836103,-1.710357518713176,0.7041939787715673,-5.563293239360228,-12.787716659397883,-34.227242478187385,user,ohp,medium
1788967912625,7.466017432945966,-1.7712601695738732,0.4632782404359429,1.816315066827879,-11.386852544591084,-35.73542337900707,user,ohp,medium
1788967912642,7.429657248798012,-1.6524480583190917,0.5087673413265497,11.371168722709443,-10.5607164050423,-34.35439327977634,user,ohp,medium
1788967912659,6.350771294733882,-1.6083051113404332,1.7476180127017198,9.51119722114096,-14.22265829552117,-39.95404190854126,user,ohp,medium
1788967912675,6.043863400378823,-1.9292774060789493,2.790591234124452,-11.73356916856021,-11.906490775324716,-47.14886072739513,user,ohp,medium
1788967912692,7.081749820056557,-1.80986710973531,2.9305023205745964,-30.942368864801885,-2.2274952296269968,-46.33250627251146,user,ohp,medium
1788967912709,9.09183175136149,-0.7224504970826208,0.8080429141722619,-28.780446652858185,6.7260108559234855,-30.48969807755929,user,ohp,medium
1788967912725,9.598503508648276,-0.2512417559083551,0.1610105731021612,-17.315390149817745,8.326078291647352,-17.872248642659716,user,ohp,medium
1788967912742,9.46742155227661,0.1158192861143499,0.1891422964785248,-12.873018038168526,8.913648730092284,-10.682137531691264,user,ohp,medium
1788967912759,8.820388553619384,-0.5707178207397461,1.7383398967467247,-29.013769330000404,7.404747244315162,-11.250293157420437,user,ohp,medium
1788967912775,8.61882670135498,-0.6982088399473577,1.7742529947143046,-39.75696021513512,13.825666356618871,-9.13845160001856,user,ohp,medium
1788967912792,9.26346608287394,-0.7365162857055664,0.4852739452753216,-40.185083302500686,21.753887836660272,-1.8236261440041428,user,ohp,medium
1788967912809,9.490615380859374,-0.8099883491516113,-0.5467758041381836,-28.85943779060938,29.246204082550523,6.7990866229666285,user,ohp,medium
1788967912825,9.67347194813192,-1.128866155828908,-0.4707593169063329,-22.033343319004054,29.528219178285767,9.879485290056277,user,ohp,medium
1788967912842,9.449015542492267,-1.8454805671691892,-0.0528217088010162,-16.358661647111965,32.49605590096678,8.594143579776489,user,ohp,medium
1788967912859,9.228749574279783,-2.291550337042287,0.2843115202087908,-12.32531541390896,33.89432198256804,5.199266354713351,user,ohp,medium
1788967912875,9.294889979663491,-2.288707149505615,0.3326439547665417,-9.652909132266736,41.37312640673271,7.296198462930735,user,ohp,medium
1788967912892,9.28366599033773,-2.09492623344101,0.6417959747865796,-7.736574909667307,44.55052016333889,9.859736651844832,user,ohp,medium
1788967912909,9.445126133838295,-2.195183793286234,1.28643477178365,-9.34280659111711,33.9241460035789,12.379420757419217,user,ohp,medium
1788967912925,9.887754165759684,-2.5110686286926267,2.445676995849609,-20.63737218096392,28.60903281035296,13.083410062719722,user,ohp,medium
1788967912942,10.004171052441,-2.4275707727294416,2.4841335677549243,-32.94857642404764,32.50708665647635,15.733137554996564,user,ohp,medium
1788967912959,10.143334608459472,-2.162113590594381,2.6108766181394456,-42.55679818989592,34.800503670321135,19.82370540551864,user,ohp,medium
1788967912975,10.59179909144938,-1.873163377734273,2.398841010394692,-41.43382629788661,33.69015396789801,24.62343472209022,user,ohp,medium
1788967912992,10.476127470177412,-1.937806530297548,1.889324092809856,-32.58534013379719,30.021488609954915,25.315722205795204,user,ohp,medium
1788967913009,10.378266230884194,-1.964442316027731,2.0017017871029674,-24.86634698482714,19.917987629274208,25.323747678069967,user,ohp,medium
1788967913025,10.396970931354163,-2.048089882659912,2.3424269031248985,-25.409823429537763,19.05230042556282,27.915732751103523,user,ohp,medium
1788967913042,10.430040841785072,-1.981351365252584,2.54398919378072,-32.52863931840233,26.862485137689,32.685880518379776,user,ohp,medium
1788967913059,10.261398093304038,-1.9541171752378343,2.587833011682332,-35.77333092890064,31.939566238339992,35.615751634559274,user,ohp,medium
1788967913075,10.270078243365884,-1.7966990006044503,2.0709850205570457,-26.48074415742969,31.692870050802885,38.66959409926909,user,ohp,medium
1788967913092,10.293722738325595,-1.9381066822879016,2.120514921271056,-15.44999547804827,24.528583885086253,39.34338884579626,user,ohp,medium
1788967913109,10.518178559443356,-1.9589061630800368,2.125751945141703,-0.981887504513523,15.987323044958588,42.92841170716338,user,ohp,medium
1788967913125,10.743082124328613,-2.0262425002500413,2.670282892962545,10.78430008620173,6.2894217490816855,44.51018106610079,user,ohp,medium
1788967913142,10.45817154224813,-2.259228541564941,3.610904870196432,11.671140385772649,2.547163023822403,43.91662396684834,user,ohp,medium
1788967913159,10.792911446380614,-2.521842390032857,3.982305694989115,4.048934005549443,3.04552051953639,46.05300468639078,user,ohp,medium
1788967913175,11.4278237991333,-2.8938413268491625,4.214692309106141,-12.675646061722668,10.92117622339514,50.01782363165105,user,ohp,medium
1788967913192,11.519551650238036,-2.8537390335634347,4.000412137304991,-24.001069592465957,15.045062590462187,55.30180482264007,user,ohp,medium
1788967913209,11.62519696753621,-2.671330502319336,3.6261684903018176,-25.35035980262363,15.512346567434024,58.39003045963173,user,ohp,medium
1788967913225,11.124209101104736,-2.524685650634765,2.5166056584231558,-3.088533635834545,7.832263298618247,53.9018550994084,user,ohp,medium
1788967913242,10.96843577106893,-2.5706241027280687,1.907430096734315,26.413340435605424,-11.906841676293324,49.13675313438149,user,ohp,medium
1788967913259,11.496208184051511,-2.8089968055173755,2.1951835010252894,45.58453225650336,-28.468822687070936,47.613129175848414,user,ohp,medium
1788967913275,12.923601286315916,-3.7708676147460936,3.2415994102478027,39.72987168488685,-25.619151652125726,47.55055098267275,user,ohp,medium
1788967913292,13.587843778449296,-5.162497037450969,3.510797167150676,21.230789261338384,-5.990108772386563,43.83453875340313,user,ohp,medium
1788967913309,13.68181677813232,-5.684433876147866,3.3322797981262204,5.3600618143801455,10.248935344904144,38.20468702812842,user,ohp,medium
1788967913325,13.686005461993812,-6.134842478942871,3.024026334381104,-7.110063428330016,13.99989679838308,20.629623331350544,user,ohp,medium
1788967913342,12.151321028789877,-6.407781468200684,2.8772315528318284,-9.23194920579322,2.084399778307468,-1.5524951681547283,user,ohp,medium
1788967913359,11.420043812781572,-6.254702491815388,2.735226489777118,-6.893706514199285,-14.968986235939292,-21.52182532941992,user,ohp,medium
1788967913375,11.13348721705973,-5.324704492187499,1.9846433925352989,1.8186962415272747,-27.852068557849837,-25.151886458174108,user,ohp,medium
1788967913392,11.016768132561443,-4.263324384197593,1.3857939945496618,4.931700524167272,-25.75364319952516,-15.14421644664326,user,ohp,medium
1788967913408,10.44575220565796,-3.973028017425537,1.4863504642762242,1.3976736694124623,-19.63279308048032,-6.084675729653152,user,ohp,medium
1788967913425,8.568397659844159,-3.833116565649211,2.2508492741458115,-13.750951771061748,-9.64018961248488,0.8388677188833931,user,ohp,medium
1788967913442,6.656330112567543,-3.713406774902344,2.907309295709431,-25.071119471238703,-3.988842001231671,-0.9462524866228624,user,ohp,medium
1788967913459,5.918915416717529,-3.6358944961547848,2.9638712870173154,-30.997375793282583,-5.10020598674654,-6.46766407320963,user,ohp,medium
1788967913475,5.297322564265132,-3.2650928062990308,2.716521497046202,-28.638030378474248,-13.36079087510311,-7.354928698282736,user,ohp,medium
1788967913492,5.386805851313471,-2.851195194299519,2.095825155042112,-24.653576346897488,-18.550411295161112,-4.697985538034598,user,ohp,medium
1788967913508,5.273978513556719,-2.661604350335896,2.012475986834615,-27.746624097443178,-20.232722746228397,-2.2970451249545327,user,ohp,medium
1788967913525,5.297320810699462,-2.2025155974790454,2.0030492561891675,-35.504276117115495,-18.18776581627387,3.045646237705801,user,ohp,medium
1788967913542,6.055834408679604,-1.7503110511779785,1.3260878599971533,-47.2750074911761,-7.991105324182417,14.35796434297912,user,ohp,medium
1788967913558,6.5104322798579926,-1.702875638525188,0.906055398504436,-52.64671904695935,1.7414935461215626,24.987014229346464,user,ohp,medium
1788967913575,7.50163293620646,-1.670105295562744,0.1188118189938366,-51.62264487903724,12.113615408131707,34.08679329828441,user,ohp,medium
1788967913592,8.014141729083656,-2.166303589630127,-0.5368992838986217,-32.94851495234511,16.295052095371634,38.57911116823934,user,ohp,medium
1788967913608,8.334366201129555,-2.545036657007038,-0.5355526915952563,-10.73748682340411,4.467507207794865,35.61164327577351,user,ohp,medium
1788967913625,9.333946563288569,-3.918710444043577,0.2908956478394567,3.939909672244053,-5.778779731258607,31.15186101192993,user,ohp,medium
1788967913642,10.613345152825117,-5.214121718487143,1.2357068934567272,7.111753900149595,0.8884056935513204,24.617190221641536,user,ohp,medium
1788967913658,11.150694956970217,-5.92759410547465,1.4477438163757324,6.347015611710526,12.0247981894858,18.160832672829216,user,ohp,medium
1788967913675,12.042535659900308,-6.742071875,1.4790182216919958,11.706605289264294,17.4066448922237,10.652264845582568,user,ohp,medium
1788967913692,11.964725274989007,-6.987927334760129,1.7622820594787596,22.675656016099342,14.975630302454425,-3.685795045494668,user,ohp,medium
1788967913708,11.522394180187582,-6.999298623602092,2.029534527532756,30.05352561225686,4.9937724295707016,-17.76840756916072,user,ohp,medium
1788967913725,10.73230763233602,-6.63642743448466,2.8618182951226827,34.953011549203765,-5.038291602580845,-27.20149303940612,user,ohp,medium
1788967913742,9.969158191248772,-6.0710974442631,3.5495546216987077,32.26164722374653,-14.112992778207444,-31.399315350464907,user,ohp,medium
1788967913758,9.331851052314043,-5.696404592187703,3.8685817006535834,23.063597100577727,-13.581411961710046,-31.351275214937623,user,ohp,medium
1788967913775,7.926005180469155,-4.980987208612263,4.109796202740073,9.818067375265876,-9.00910574638509,-29.69293260521521,user,ohp,medium
1788967913792,7.046285123443603,-4.042160590362548,4.036923274230957,-7.195998734033001,-2.6760220130340984,-23.162470919002832,user,ohp,medium
1788967913808,6.644359104266762,-3.5529952636718747,3.612251900891215,-11.430007387314518,-0.0380367365184192,-18.055567504888277,user,ohp,medium
1788967913825,5.594801536017656,-2.551770056915283,2.5746643180295825,-8.919450122018564,-1.5834214109428997,-14.623452088470223,user,ohp,medium
1788967913842,5.350592382159829,-1.7332523643493651,1.7748519104555247,1.123993218733635,-9.178082065130267,-8.983270555849517,user,ohp,medium
1788967913858,5.571307263183593,-1.4510358436584472,1.5122374774657188,7.229083316598897,-12.489340699279524,-3.019117996412883,user,ohp,medium
1788967913875,6.169260296851396,-1.2192477799564598,1.412131089594215,8.097973879031022,-13.686306591888515,1.9567407679555795,user,ohp,medium
1788967913892,7.372794374847412,-1.3807058776304124,1.751508298138529,0.2031212348188638,-17.23835927635834,14.158599658842911,user,ohp,medium
1788967913908,7.915380910602211,-1.6270093734189868,1.921946113342792,-12.470813811155864,-18.880357243396915,24.298386019489318,user,ohp,medium
1788967913925,8.704421164271235,-2.280926578631997,2.0160678738467395,-27.430299253959667,-17.996257557230468,32.6047207955671,user,ohp,medium
1788967913942,9.007287674281,-2.801815077319741,1.928680097772926,-41.78614794584338,-19.66665886593254,35.71220073582902,user,ohp,medium
1788967913958,9.823110720935464,-3.8127664360597726,1.5188218242920934,-57.14030050191074,-18.783062906217378,39.53946650139441,user,ohp,medium
1788967913975,10.907235160174965,-4.825364100702107,0.169987733349204,-63.1627480855832,-12.737540382207678,39.47513636469664,user,ohp,medium
1788967913992,11.386822511181236,-5.692513429968058,-1.382950441686809,-61.12098597661294,-3.755922305250481,32.77573507200588,user,ohp,medium
1788967914008,11.871499878802895,-6.132598207147419,-2.248305434881896,-50.99728300391463,7.62940838781616,19.49373725916804,user,ohp,medium
1788967914025,12.917615782165528,-7.313537883758545,-3.382557667663321,-27.46002252968027,9.697614427931764,1.980841730772204,user,ohp,medium
1788967914042,13.725208760613205,-7.848790715624392,-3.400963239056244,-0.022426420879161,8.671130057006287,-17.645575154674503,user,ohp,medium
1788967914058,14.560187758636474,-8.764274452209472,-2.308908664404601,24.891678448911424,3.5256990398875656,-45.32148801118783,user,ohp,medium
1788967914075,14.70264334193766,-9.192985894720255,0.4789893120478838,17.51069940913426,9.53294198213734,-68.21499120331744,user,ohp,medium
1788967914092,14.585626151275632,-8.908225534765421,1.9812022391054775,-9.336452807641706,19.988705700393226,-81.49917638423697,user,ohp,medium
1788967914108,16.086940814319252,-7.7917799576357,3.111713824053853,-39.52590516079734,37.93724755608199,-81.01805102891211,user,ohp,medium
1788967914125,17.171214306640625,-6.70675710825175,1.7048210735045373,-35.763058324388936,40.30334461288488,-65.79691982202533,user,ohp,medium
1788967914142,16.339229229736326,-6.742071582739055,1.301248310033977,-21.15983213359841,23.76428059431995,-54.88696645321017,user,ohp,medium
1788967914158,12.46855391780436,-8.100781609399617,2.1477482345029717,-9.104110262645383,11.928755484471663,-68.58085028620917,user,ohp,medium
1788967914175,8.914211915698647,-8.876352432903646,2.8700493862427767,-1.3396602837581957,7.66598831968981,-84.26154394121109,user,ohp,medium
1788967914192,8.439861880823969,-8.488642570605874,2.6734252826415,14.295578248873872,-6.999065597241316,-92.49340404212634,user,ohp,medium
1788967914208,8.652644799804687,-6.807014595031738,2.344671467181295,38.08952662362742,-26.283713690442337,-97.20432211646754,user,ohp,medium
1788967914225,7.671470447430014,-5.145438350622356,2.059911107226461,51.76774883285957,-30.899441125868357,-98.6850593172021,user,ohp,medium
1788967914242,8.07669024745524,-4.119972144317627,2.233341382244974,61.1369617890816,-30.82738263012472,-89.70541644557552,user,ohp,medium
1788967914258,9.220968418884278,-2.20101936757192,2.3915078910276293,65.2684339349956,-32.47549020137587,-62.34896519692202,user,ohp,medium
1788967914275,8.907778667780756,-1.4562733059205113,3.258209330395609,57.31199438217193,-39.44447906060704,-53.17690223599784,user,ohp,medium
1788967914292,7.043891506305337,-1.7850268291197715,3.883544511181488,40.12028188275019,-41.92252291790644,-64.25882269264099,user,ohp,medium
1788967914308,5.846940313830971,-1.3018471527099609,3.0255226373534647,40.311400821010906,-43.42699844110139,-65.46662553414185,user,ohp,medium
1788967914325,7.69272074072957,-0.0456393960814923,0.9238627117432652,51.85574557503144,-46.9229214847457,-51.46256915055424,user,ohp,medium
1788967914341,8.570645146510005,0.1952769267760217,0.5282213257938623,58.27188867755802,-44.15817019175126,-31.84470515605227,user,ohp,medium
1788967914358,8.26134421953857,0.5113115459166467,1.2792516553465276,46.63610476602394,-40.98606641665725,-21.47852705272392,user,ohp,medium
1788967914375,7.532010538813472,0.3898060308594256,1.7135002371856942,32.421282405028066,-35.05545072637562,-20.21729847153521,user,ohp,medium
1788967914391,7.904756056213379,0.5175964714050293,1.386991826032102,25.720335782037587,-30.44333133837866,-11.8250552836243,user,ohp,medium
1788967914408,9.233089064788818,0.7800608283996582,0.041450310361199,25.55571285511465,-27.359584597935235,6.777982192204935,user,ohp,medium
1788967914425,9.625887774658205,0.7387609228271991,0.2374747675688937,19.017336687201524,-25.1344865512635,23.431302042092657,user,ohp,medium
1788967914441,9.232641905543208,0.464325265270844,0.7047924378550611,1.6482391591143803,-18.505692339117743,33.999377122192,user,ohp,medium
1788967914458,7.618053330019116,-0.0269350609377026,1.015141850966122,-19.08102137102272,-6.125627409482433,33.71056257313801,user,ohp,medium
1788967914475,7.01605949652791,-0.5611411602295935,0.5169986881749704,-23.331526638697117,-10.78536132684402,34.84529946599267,user,ohp,medium
1788967914491,7.409605809894204,-0.7303810708861798,-0.0525229450501501,-22.97506589610332,-15.122901133790943,37.0891668725036,user,ohp,medium
1788967914508,7.285107323566079,-1.3581107455931605,-0.4486131068135146,-26.32130534408679,-19.51140012836169,35.742065737974904,user,ohp,medium
1788967914525,7.996932820129394,-1.6223708999633788,0.0383074389083427,-42.87638957134998,-11.17026980733092,39.24208006493205,user,ohp,medium
1788967914542,8.810662693896889,-1.5150807380676268,-0.1779193551822449,-52.38716161321511,10.583814397267991,51.344963538330376,user,ohp,medium
1788967914558,10.67978600246012,-1.4053962283812462,-1.870020791692496,-42.41350765129822,12.705793662945458,63.71998906901869,user,ohp,medium
1788967914575,9.305065336719156,-1.2966098365783691,-2.7118819314651006,1.107385933931866,-23.19371732690835,54.49829112339601,user,ohp,medium
1788967914591,8.441356503295898,-1.483956262616068,-2.842216837609233,34.76854863028923,-48.98725053873367,38.48941029386957,user,ohp,medium
1788967914608,7.052270627593994,-1.936310446520895,-1.8311154850724152,39.89621069683876,-53.9629887075746,25.031743430673583,user,ohp,medium
1788967914625,8.227375314441323,-1.7470190238952636,0.0769138744629919,8.872110080881205,-35.95211454552031,24.78442057328013,user,ohp,medium
1788967914641,8.813505808368324,-1.183783375604451,-0.1171660610808059,-10.79467514355098,-8.701112026141704,36.86600751684635,user,ohp,medium
1788967914658,8.061578018519281,-0.9521443649843334,-0.8678981748718768,-24.32814003106118,14.993335860330388,41.75225313208719,user,ohp,medium
1788967914675,6.974310020557046,-0.8457517364501953,-1.0348931561458856,-26.32722370300261,43.04595584768472,42.59901217406118,user,ohp,medium
1788967914691,6.83709292243123,-1.053897935540974,-1.3150149147809482,-12.911024625805062,44.66622698297349,38.79089142873935,user,ohp,medium
1788967914708,6.736834558868408,-1.497872121374309,-1.1288660096984355,8.118412366348638,19.963020774019395,32.7739523926325,user,ohp,medium
1788967914725,5.990592413440346,-1.6998831787109374,-0.7378628688757773,31.397826369225847,5.883619293036895,13.305886399459965,user,ohp,medium
1788967914741,5.616946732330322,-2.1832123465940354,-0.5171477686563041,37.60862666454516,6.9079623996575705,-3.681985507485093,user,ohp,medium
1788967914758,6.615927375030517,-1.3902832687929272,0.6555622553065652,37.89093545841471,0.904518429968498,-9.67401783189666,user,ohp,medium
1788967914775,7.997381732940673,-1.2014400283262132,0.8771752131146379,27.46981872849736,14.183704019137291,-15.112698538718238,user,ohp,medium
1788967914791,7.744794042316078,-1.0618278517574071,1.0625767886948772,15.55632103285786,16.543399481140593,-24.49986123207906,user,ohp,medium
1788967914808,8.577077809906005,-0.7794622779846191,1.2726672993869983,9.29951685215757,14.32017802894332,-29.278702122621443,user,ohp,medium
1788967914825,8.713397082409262,-0.5448303691588342,0.9458593298980964,5.808599483401236,0.3306353704551541,-35.32343319846107,user,ohp,medium
1788967914841,8.881740555682779,-0.4185365238465368,0.8538323679826222,3.712082309175931,-8.011664193584155,-35.70151490487254,user,ohp,medium
1788967914858,10.251672818103431,-0.5279217583253979,0.2956833844394888,-3.460125168430624,-3.245271536247529,-26.216241666726365,user,ohp,medium
1788967914875,11.487530956599116,-1.0130467235840857,0.0963660688320174,-21.12810931999829,23.88807094283726,-2.97312798485366,user,ohp,medium
1788967914891,11.22940609011352,-1.1317093433655798,-0.0278332884190604,-24.531430366422857,33.10050032175623,4.57724102700029,user,ohp,medium
1788967914908,10.073005519214272,-1.1947067745484412,-0.3914512590494938,-7.983763724598299,22.17127215910329,-0.0119226354748927,user,ohp,medium
1788967914925,9.702653618952631,-1.2906246246889232,-0.6679815690638498,18.969317042241748,8.113299115981238,-4.310579769632414,user,ohp,medium
1788967914941,9.791087689208984,-1.5939394629880783,-0.3435681939607486,36.17503825965118,1.638797276360484,-4.5370201774122005,user,ohp,medium
1788967914958,9.137470635986327,-1.9490297889709471,1.381005116305314,28.054961034692354,6.867089267003744,-6.225602169024379,user,ohp,medium
1788967914975,8.941896041437984,-1.8682257752016185,2.1438574010768905,11.733321574202796,12.445290248001172,-4.628541297195786,user,ohp,medium
1788967914991,9.648034140014648,-1.4483425129212435,2.485630309118702,-6.220669918669983,16.993594324809056,0.7417272744035908,user,ohp,medium
1788967915008,9.10918971339762,-1.3245920684814452,2.4663276427555827,-16.53167887652485,17.187102121731982,-1.1398511037174062,user,ohp,medium
1788967915024,9.020155339160562,-1.336562930651754,2.165405289083533,-18.20380993063423,8.217369854591075,-4.845159466062271,user,ohp,medium
1788967915041,9.20555574569702,-0.7906850982666015,1.9642928976196796,-18.92993246394016,-5.023571691145821,-8.687825600658737,user,ohp,medium
1788967915058,9.412355498614907,-0.5784991222657263,1.567005534561537,-22.13569711881128,-4.553514230484135,-8.248684564388292,user,ohp,medium
1788967915075,9.597606267547606,-0.2600697169430553,1.2936177055576816,-23.779831227512776,0.5171034834996161,-5.873258322952808,user,ohp,medium
1788967915091,9.587879823303222,-0.0246899123594164,0.8692454612949863,-25.70487906394585,10.164610683184812,-1.0599383173150805,user,ohp,medium
1788967915108,9.590722937774656,0.0242411456786096,0.4658219701020046,-21.84657179615005,18.26628908606692,4.54149822018679,user,ohp,medium
1788967915125,9.34636531535685,-0.1213559505186974,0.1945293963443487,-11.242840567262306,26.56639985226353,9.838334254080596,user,ohp,medium
1788967915141,8.318805059382319,-0.6184522163391113,0.1295856533993035,4.33991970098585,11.907453831997689,2.913667986477525,user,ohp,medium
1788967915158,7.394343943354487,-0.5907698441654443,1.578976360199228,3.166496403228833,5.016613862815693,-4.42639373785962,user,ohp,medium
1788967915174,7.100454520526528,-0.7716812687195838,1.720084620544687,-3.121467313908466,4.997815047785703,-12.517580970176589,user,ohp,medium
1788967915191,7.310395494079589,-0.866252380426228,1.8493715832583608,-7.236328439760988,6.310260229352571,-17.584415933298914,user,ohp,medium
1788967915208,7.898321054729819,-1.0582365492671728,1.1821367774412035,-1.7291243936997869,6.11949518026823,-19.09315349453596,user,ohp,medium
1788967915225,8.098686975207924,-0.9741406543456016,0.919971987915039,7.895254718238689,4.5108972651578405,-16.628676100475495,user,ohp,medium
1788967915242,8.360103868976235,-0.9760859431944788,0.9687531891535966,13.26566939185328,-1.603837700145714,-13.247017852777269,user,ohp,medium
1788967915258,8.655487914276122,-1.343595898028463,1.7200847666751593,7.471877758572632,-1.8974064877488552,-12.038759096149306,user,ohp,medium
1788967915274,8.44045926219523,-1.6018706943787633,1.737591489532217,0.5230403052705324,2.8626336667728363,-19.27450696983084,user,ohp,medium
1788967915291,8.407987902179359,-1.1595420837953685,1.847126653875783,-8.828582992848007,2.6130457478958764,-17.51149171107798,user,ohp,medium
1788967915308,10.41986490020752,-1.063923508862406,1.1782467112001032,-7.842541025771823,3.395002516345725,-4.509699847618973,user,ohp,medium
1788967915324,10.174010317230223,-1.4043489112854004,0.8304886278014629,2.582609784624065,1.4551528062075876,0.142630571569145,user,ohp,medium
1788967915341,9.149741504016518,-2.3701101520814,0.0169094145510345,25.81846510984316,-2.029023806168178,-2.2981501214961937,user,ohp,medium
1788967915358,8.21630330080688,-2.752135100610554,0.0811031428463757,38.82331775182399,-3.9971991645680047,-8.407816019218542,user,ohp,medium
1788967915374,7.759308889880776,-2.939331304522604,0.7589625838566572,39.50412027243959,-9.42502499325114,-12.497491676280289,user,ohp,medium
1788967915391,8.374618716540931,-3.719092857714742,2.186504300811514,27.60049732279263,-10.843441840451224,-15.956880891827842,user,ohp,medium
1788967915408,8.734944897350669,-3.691858959960937,2.2095493685733527,17.2190998504462,-5.234143008162729,-14.832279999701488,user,ohp,medium
1788967915424,8.849121311628817,-3.658340282849222,1.8420394137393683,11.859787649327462,4.131584844035298,-15.063099412512898,user,ohp,medium
1788967915441,8.419659635272621,-3.2130184817992147,1.2470797166686505,11.803985857582104,2.113645794559816,-18.805646926708025,user,ohp,medium
1788967915458,8.9002950340271,-2.464830463000387,0.9205700999386608,14.760359815288544,-0.8834194420137995,-19.339603795262946,user,ohp,medium
1788967915474,9.285462226104736,-2.1039047088623044,0.6705255909908563,14.25572153374591,-0.7062038340563247,-19.30893453834229,user,ohp,medium
1788967915491,10.595240756335851,-1.6014219276979564,0.249445447076112,12.327151881022049,6.58724787897186,-5.717295222123799,user,ohp,medium
1788967915508,11.117477747023106,-1.1540053463257849,0.4367927498966455,4.835128906379285,15.072024762210813,9.170065130591963,user,ohp,medium
1788967915524,10.647314642444252,-1.2937667221069336,0.5807435401916503,-3.020978796074888,20.02169039144251,16.239111138521938,user,ohp,medium
1788967915541,8.63783126155436,-1.740434677068889,1.0874171971745787,-8.134169612763857,17.097587370017088,16.471429777856166,user,ohp,medium
1788967915558,8.367585749164224,-1.579873820495605,0.8755296926636248,-10.05858907179329,14.376716627345392,18.8917961027094,user,ohp,medium
1788967915574,8.60565917674601,-1.6980872352048757,0.665737991388142,-11.122965624686705,19.52405646889372,24.910229242697177,user,ohp,medium
1788967915591,9.104402479121088,-2.056769155938923,0.000898337079212,-12.461047494416391,19.88206766442911,30.171619583006382,user,ohp,medium
1788967915608,9.33230171869099,-2.3520040020264683,-0.1952762691888958,-6.093869164275989,20.41795747651914,30.36448363460003,user,ohp,medium
1788967915625,9.04110343464315,-2.411259908593446,-1.0090070197392254,13.638625041292658,31.23390865933471,18.560484116639586,user,ohp,medium
1788967915642,9.015815848651528,-2.732981487329304,-0.64793111654073,28.866138206185163,25.627129313076303,12.642884205595056,user,ohp,medium
1788967915658,10.08841702335775,-2.3190834369383757,0.9078516342714428,36.72651797852177,13.217309091208651,9.629114460745704,user,ohp,medium
1788967915676,10.190619506725668,-2.5459338981077075,1.548449777575582,33.53189165463965,9.872322982937872,2.473917142380244,user,ohp,medium
1788967915692,9.747543146514891,-2.4488195316590367,2.5071783432558177,20.43135660012341,7.903592671667982,-7.03100953821582,user,ohp,medium
1788967915709,11.80595743931234,-1.4784195251464842,2.368314062444865,15.50694047270596,7.691445288500094,1.8761016336237049,user,ohp,medium
1788967915725,12.687623954230546,-1.1556510677061975,2.0317801145024594,15.225575952489162,12.726793933322307,14.644577863573074,user,ohp,medium
1788967915742,13.075934120509029,-1.122880870874226,1.191564384869486,21.987914023287004,15.828393080708857,28.52320636078987,user,ohp,medium
1788967915758,12.11091946029663,-1.652597549792379,1.7359452566951512,22.703159480339693,8.575076252934752,32.042838698590586,user,ohp,medium
1788967915775,11.585990161785483,-1.7943042144224046,2.2004205248959363,17.961124771687214,2.60557864358576,30.512627022603024,user,ohp,medium
1788967915792,10.321851685222985,-2.5273791275024413,2.641403127697855,8.627506492551063,-2.668494504238509,23.79688791741759,user,ohp,medium
1788967915809,10.479870163837075,-2.606687057495117,1.7735045874997972,7.859452574156775,-1.5647650693901274,23.203393997414963,user,ohp,medium
1788967915825,10.84752917175293,-2.7870002238951623,0.936581761932373,12.354321519766712,5.165724149473065,24.08461988148813,user,ohp,medium
1788967915842,11.333552693286537,-2.764853858538717,0.2711431918822228,13.272479090455784,11.428602929666434,30.782009683468324,user,ohp,medium
1788967915859,12.150873285022378,-3.008314239855856,0.5391444324769079,13.95191471946374,16.143703641100615,35.659396543355655,user,ohp,medium
1788967915875,12.12319208189249,-3.1841393010564145,0.522983863531798,14.174753910003638,21.59402213649425,35.59454731228097,user,ohp,medium
1788967915892,11.685948081097006,-4.00654654840678,1.4758758320130407,10.28575091830416,15.387092850887038,26.20310721295243,user,ohp,medium
1788967915909,11.933750291010735,-4.412962864740193,2.485480598449707,5.182116603481096,9.217324063232928,21.041640832653226,user,ohp,medium
1788967915925,12.0778507189095,-4.3541555787235495,2.6063880745485424,0.1703671693757734,8.289920123954952,17.726024537813498,user,ohp,medium
1788967915942,12.163144737574456,-4.584597196252644,2.622697988836467,-6.005598360763683,9.783847273750466,14.353014163378155,user,ohp,medium
1788967915959,11.618013778033852,-4.857685530853272,2.92870761917755,-14.584637830964336,9.182366301287155,11.620683217052823,user,ohp,medium
1788967915975,11.179874874225256,-4.763563770349323,3.2932246758058663,-25.00814512709119,11.65638034697625,7.791993357045498,user,ohp,medium
1788967915992,10.04217900379598,-4.663605558776856,3.2407008539728817,-33.613058207641494,9.09258773351557,2.181160933844923,user,ohp,medium
1788967916009,9.373899803492426,-4.123115118518472,3.0065199037849903,-33.13165281456066,6.128553291768137,-0.604071054901772,user,ohp,medium
1788967916025,8.990377456012368,-3.968688526916504,2.5701751899167893,-27.67886349823477,2.395302732250455,-3.824723227646843,user,ohp,medium
1788967916042,8.231265307617187,-3.508103982543945,2.019958597674966,-14.049267967024871,-2.6644713093739605,-7.991228267587477,user,ohp,medium
1788967916059,7.77562055773437,-3.082086016900837,2.0540761174626647,-7.026104181731281,-8.854371225833036,-8.267573452537961,user,ohp,medium
1788967916075,7.616853891101479,-2.827103247833252,2.445228521429747,-6.350917784160719,-13.153917251748116,-9.346155945131356,user,ohp,medium
1788967916093,7.172130348205566,-2.5803508392333985,2.65876123586446,-13.466654538370076,-8.287553463407543,-8.681777468148692,user,ohp,medium
1788967916109,7.144446806988119,-2.1683985160827635,2.3618799377441406,-20.4292870528049,-0.9054584347530208,-6.998148644345242,user,ohp,medium
1788967916125,7.222407414025068,-1.983895058386028,2.028487502697855,-23.97628625106256,5.790896913733032,-4.384137918785689,user,ohp,medium
1788967916142,7.406763864466548,-1.7094602776125072,1.377115598053485,-20.922380607102923,2.790205060153552,-3.702991754277468,user,ohp,medium
1788967916159,7.708432104602456,-1.7124527374267575,1.1366478226810692,-13.321054542059269,-7.966625926197091,-4.122401654696216,user,ohp,medium
1788967916175,7.99887986254394,-1.7871221939638255,0.950647404424846,-6.206690228986259,-10.710095203511418,-4.415828288987256,user,ohp,medium
1788967916192,8.36190068926513,-2.039561123767495,0.6352119202211499,-2.929546041863689,-2.9869049032963986,-2.3261938110112084,user,ohp,medium
1788967916209,8.813955890223383,-2.145204979760945,0.8578720900937914,-1.958204349428666,4.091515539269419,1.0837763178486592,user,ohp,medium
1788967916225,9.06459712295532,-2.3503572577327487,0.8330326862610876,-1.4309977354861316,9.403817255878248,3.391011764879733,user,ohp,medium
1788967916242,8.959700578197836,-2.7162217834472653,1.2042834350585936,-1.8446605653268435,9.52163545774003,3.6661228200245617,user,ohp,medium
1788967916259,8.478616266632079,-2.7052982383728024,1.4969750264041124,-4.490886945323819,9.638791985025966,3.8957264591637104,user,ohp,medium
1788967916275,8.025813462176918,-2.6050413361147045,1.6329957543522118,-7.100414505466905,9.17088133819778,4.764683615940243,user,ohp,medium
1788967916292,7.492656433546543,-2.3626284180238843,1.9048877187751232,-8.525144155007373,3.4615055069732006,9.49934598915734,user,ohp,medium
1788967916309,7.99887986254394,-2.3892639114931224,1.866729106903076,-6.14982292773038,2.8206107144609214,18.160279427506445,user,ohp,medium
1788967916325,8.288875785064697,-2.660107974298298,1.7648258987426757,-3.758569003553861,11.45310281821927,22.52797366586533,user,ohp,medium
1788967916342,8.679580153003334,-2.9780875900268557,1.6509521206729114,0.0292711592192197,18.891003800765677,20.90699731354476,user,ohp,medium
1788967916359,9.253439194378256,-3.1070752044677734,2.17438314345032,11.78703845070401,8.387545725309236,10.190707982229783,user,ohp,medium
1788967916375,9.624541036224365,-3.088071521051228,2.764853858538717,20.34554039584408,-10.153775441840237,0.3213543973531497,user,ohp,medium
1788967916392,9.923068055725096,-3.1171006316587326,3.2929252544678747,25.47426626435683,-25.63302718142461,-10.450065632940802,user,ohp,medium
1788967916409,11.127052800098062,-3.002478519439697,3.835660989435017,20.16738515662805,-31.729490110037908,-6.94733374446764,user,ohp,medium
1788967916425,11.73473052444458,-2.9396310181215406,3.448847783716023,13.197922453023216,-19.13835910155769,4.697412655917963,user,ohp,medium
1788967916442,12.011411038318276,-2.9933506256103515,2.880673363848776,9.070726005529652,-6.145789274138664,16.30121463355028,user,ohp,medium
1788967916459,11.284022646442056,-3.1521164154604078,2.7498898059017955,4.787338072756706,1.8807965349044424,23.08366590390652,user,ohp,medium
1788967916475,10.48974449211955,-3.333775881902873,2.967761864715069,-0.4373627324870098,1.9880048916642548,19.261476676441752,user,ohp,medium
1788967916492,9.279476137432455,-3.684676062719524,3.256414117541909,-6.0528978476528446,-6.31302560219278,12.422192255775482,user,ohp,medium
1788967916509,9.43719358727336,-3.82413801716268,2.53486042316854,-9.181193216297208,-16.56327020898345,9.118008843832712,user,ohp,medium
1788967916525,9.373898634448649,-3.830572726385295,2.185906407983601,-13.469751175385031,-19.19212122806215,10.183044509981032,user,ohp,medium
1788967916542,9.07193111910522,-3.6110552384525536,1.871966130773723,-22.145911666715037,-17.302750884758638,12.867209816053078,user,ohp,medium
1788967916559,8.362347848510742,-3.3259950187683103,1.627607631573081,-35.84263344331417,-12.490302048405203,14.938298195998426,user,ohp,medium
1788967916575,8.21704915073812,-3.201047327367961,1.076493359839171,-39.15287779437168,-3.905066742853703,17.895223691480346,user,ohp,medium
1788967916592,8.196102224299311,-2.623746036584675,-0.4930563427798449,-31.07090277969777,5.497322149714368,22.139212958686542,user,ohp,medium
1788967916609,7.985262840601801,-2.2378309487491843,-1.43487483632192,-6.048768144525925,9.110079847979971,23.725107751882632,user,ohp,medium
1788967916625,7.785046557727456,-2.117671368408203,-1.2595001492373643,8.953672784854913,8.394712301295872,20.210456329534157,user,ohp,medium
1788967916642,7.155821602961421,-2.224363564410805,-0.0359125865109264,15.009420955825767,6.5475034350783785,15.925567889577918,user,ohp,medium
1788967916659,8.124273836407065,-2.2439655059814454,0.3821745861329138,16.819815529303714,15.693662476688475,20.52949275811816,user,ohp,medium
1788967916675,8.610597217670083,-2.210147407531738,0.5681735430844128,18.277227634022697,24.118253440508568,28.215665140579,user,ohp,medium
1788967916692,9.203911485621331,-2.424129765430093,1.045518083599955,19.06384515280743,25.78095371092145,34.569083200862764,user,ohp,medium
1788967916709,8.156598481428622,-2.808549061749875,2.226009285791218,14.779807071402864,14.43936482996004,30.10540772919228,user,ohp,medium
1788967916725,8.294114854761958,-2.9272116815313693,2.587983379938453,10.845052911321702,7.8368403791358014,32.922713912755384,user,ohp,medium
1788967916742,9.24356603513956,-2.912696541705728,2.016366856793314,7.291033132370912,9.789736604362307,40.661041619718446,user,ohp,medium
1788967916759,9.53745253535807,-3.040935091345012,1.905185678808391,1.2082077436525995,17.581285999111756,53.74764991851703,user,ohp,medium
1788967916775,9.659106738170982,-3.270179608044028,2.0682909591674803,-19.11152158076141,30.89097852148671,66.51578357179083,user,ohp,medium
1788967916792,8.226926401630044,-3.751863931329548,2.839523315075785,-38.407441193640246,38.05091214915475,63.99515690011099,user,ohp,medium
1788967916809,7.885902887183427,-4.21978101054728,2.703053235924989,-45.04142293446063,39.604148392834425,59.53992695734922,user,ohp,medium
1788967916825,8.754100848719478,-4.571878292194008,1.530942616327107,-28.939402230317302,24.425499255037835,60.16445213429851,user,ohp,medium
1788967916842,9.6028435836792,-5.198260424749553,1.4832082207277415,-14.664728629171904,9.104082941888702,57.91379551975259,user,ohp,medium
1788967916859,9.494805818286537,-5.704484730529785,1.7751511856630444,-6.475810781342164,3.247866794688722,50.29116097204579,user,ohp,medium
1788967916875,9.470862632641197,-6.641065907940268,2.1245544059202075,1.6942033440208042,5.123411127564836,35.418990960044134,user,ohp,medium
1788967916892,10.8717710480839,-8.039430484119057,1.4821607575014233,18.69332788090175,2.259738631707923,24.03480048168206,user,ohp,medium
1788967916908,11.758523487964272,-8.82263311767578,1.287482527270913,35.54382974259904,-5.909344773658924,10.11402886351264,user,ohp,medium
1788967916925,13.235447221595049,-10.599281556159257,2.336141977636516,42.0465762287068,-12.637921219389396,-16.47433943844259,user,ohp,medium
1788967916942,13.64380648868978,-11.310357695659995,4.471171600341797,32.40196663005527,-20.06966222507809,-39.4747128929681,user,ohp,medium
1788967916959,13.601609853473304,-11.0447515335083,5.355380639349669,16.681734717495445,-27.5232444681852,-56.44723096154579,user,ohp,medium
1788967916975,14.0659329998523,-9.566032148632406,6.010492753435671,-2.67062232160838,-36.611367819304526,-67.263197512287,user,ohp,medium
1788967916992,13.634680932947992,-7.923910838538408,5.311537113709003,-17.456213282577774,-44.631396433301006,-66.38052533565707,user,ohp,medium
1788967917009,12.721291830554604,-7.018302891540527,5.051316151726991,-32.93027834726117,-42.557296793705326,-68.09347530779374,user,ohp,medium
1788967917025,9.846304549518226,-5.515941642053425,3.767276604516804,-49.32457992146226,-20.4593979417609,-56.76873138087287,user,ohp,medium
1788967917042,8.534132402148842,-4.694880110223591,0.5871783955447375,-41.965740939879694,5.1456993154870565,-33.629737529594664,user,ohp,medium
1788967917059,8.034941940528153,-4.824167292132973,-0.6949170318603515,-24.377713544057134,18.195320005495905,-16.984902909090216,user,ohp,medium
1788967917075,3.3239006768375634,-5.667824102130532,-1.6500534182675182,16.899151591608,-2.376812342950173,-48.30238405556191,user,ohp,medium
1788967917092,-1.156398817333579,-6.606949118804931,-1.420958977563679,40.42073507414988,-9.63711688113202,-84.9634824822133,user,ohp,medium
1788967917109,-0.8280939146846532,-6.16342355352193,-0.9177271315976976,43.322954169474585,-14.65604233609494,-92.7626637595866,user,ohp,medium
1788967917125,5.0302182725101705,-3.5357869392395016,1.6989849146969616,16.02621414209264,4.256015095900475,-64.74147118015077,user,ohp,medium
1788967917142,7.800309008789062,-1.2773065856933592,3.098247170367837,-10.110207372672017,20.933011796546047,-45.78205108201637,user,ohp,medium
1788967917159,8.349478430065512,-0.36391865234375,3.415179469000548,-15.377692803041809,8.806255958224881,-41.619303499892894,user,ohp,medium
1788967917175,8.394372049281001,-0.2141319955021143,1.9618983306333424,0.1879058678647497,-19.00708969589921,-46.54010304214482,user,ohp,medium
1788967917192,9.95224797298014,-0.8340797110959887,2.0374656127929685,-0.1830380507402197,-18.72091330741214,-39.752595724255485,user,ohp,medium
1788967917209,11.046398131671546,-0.9325415466308592,1.7314570053651928,-8.86840811835106,3.7072584880746096,-21.94909464313924,user,ohp,medium
1788967917225,11.539753311267496,-1.2868833923339842,1.3628994411744175,-2.7465560959323505,11.095562051962968,-6.383321482243728,user,ohp,medium
1788967917242,9.87608184814453,-2.634220084325969,0.9780318165652452,12.960071360461278,-5.739717452508481,-13.02949084186435,user,ohp,medium
1788967917258,9.165752727618813,-3.2888846007749435,1.1939585865296425,24.45471368166527,-22.410677119701408,-23.40578616290078,user,ohp,medium
1788967917275,8.912715539661049,-4.137629089300334,1.6704050091616809,26.41644817167778,-13.950710898622528,-22.397658779143363,user,ohp,medium
1788967917292,9.746046770477294,-4.128650833074748,2.214188207355141,21.30610746486341,-9.39671983555696,-19.26799438445724,user,ohp,medium
1788967917309,9.23084508525431,-3.957017378345132,2.4512135871887204,13.595635830656596,-5.094073330645515,-21.456083051111257,user,ohp,medium
1788967917325,8.5935367772758,-3.7044276418939233,3.254318314306438,-0.9268024557441932,-7.260957248134408,-22.45431690585591,user,ohp,medium
1788967917342,8.655487329754234,-3.631255292046815,3.588459521893412,-18.852899882933464,-15.30558478842669,-28.25562174722357,user,ohp,medium
1788967917359,8.234258644214272,-3.2487817229673266,3.122338093920797,-15.35030715956464,-11.436550708539391,-30.735540491450145,user,ohp,medium
1788967917375,8.697984993743896,-2.559401720837504,0.2485482059754431,3.1941597365844423,-13.276007736935744,-29.97358507821103,user,ohp,medium
1788967917392,9.257929491534828,-1.7666218422487376,0.6980595676697791,10.716147604889697,-18.05313766509104,-26.069407967496723,user,ohp,medium
1788967917409,9.194185041376947,-1.750610326385498,1.898602208764851,-11.083092687859462,-13.29804704984008,-21.403639151116604,user,ohp,medium
1788967917425,9.32646468310058,-1.590797657831013,3.2281315875180066,-32.10196764623539,-1.3634368125892449,-15.794735616026324,user,ohp,medium
1788967917442,8.142679261669516,-1.7972974048890171,0.604535919189453,-18.402385727921303,3.1430948944719,-17.221480171371947,user,ohp,medium
1788967917459,8.036437732043861,-1.8300676017209887,-0.7480383811950683,7.36375842533227,-4.6018390995224445,-21.933395453331965,user,ohp,medium
1788967917475,8.180688382068276,-1.607556777191162,-0.0960670493528246,15.348206876394864,-6.939820963267449,-21.376053724606216,user,ohp,medium
1788967917492,8.19655113711059,-2.133683176532388,2.949057602636516,-10.358271305590415,-3.061728985323654,-20.744300499967764,user,ohp,medium
1788967917509,8.522611475703119,-2.3424271953858438,3.066972765051573,-22.279318921583723,4.02254983855933,-20.051251450170327,user,ohp,medium
1788967917525,8.479514676776528,-2.41964005279541,1.1742065689638257,-11.174998859557506,5.558042104548958,-24.50439306259336,user,ohp,medium
1788967917542,8.79794349757731,-2.004395556231588,0.1686420178286731,11.81338675920098,-0.5576240076375399,-31.354195120807805,user,ohp,medium
1788967917559,9.677064419665932,-1.5913957698546348,0.4939543145328759,16.159426736569984,-10.010840073079375,-28.40975350358137,user,ohp,medium
1788967917575,11.391609745457767,-0.8740326590389013,2.1045025286249817,3.5278187464077964,-9.041937611951695,-18.429621107236727,user,ohp,medium
1788967917592,11.467629155299068,-0.4981438751772046,2.1517894727177915,-9.099131054740443,-6.734901200901903,-9.684561936427867,user,ohp,medium
1788967917608,11.1331885263741,-0.4551980290286243,1.2378029889531432,-0.4748021476181702,-8.65378479160904,-4.813026414225123,user,ohp,medium
1788967917625,10.030956183513998,-1.2675801414489745,0.6407487307559698,5.651438538146535,-11.695093005418236,-3.712960415371101,user,ohp,medium
1788967917642,9.574861936298012,-1.859995560864359,1.5987284508302806,-5.891903458726474,-9.347953138656717,-5.407866308381064,user,ohp,medium
1788967917659,9.804256382861732,-1.6403272662840782,1.8553569412782789,-15.134411710089708,-8.791083546757344,-3.0530992547507543,user,ohp,medium
1788967917675,10.944047179743649,-1.072153577069193,0.7580645390383899,-8.992691094262257,-12.832257176749184,-0.1518341314138181,user,ohp,medium
1788967917692,9.633667761009931,-1.59453815953359,-0.6908769626893103,15.634355944125254,-17.734299311992967,-6.185995182687944,user,ohp,medium
1788967917709,9.638159227210284,-1.909974228259176,-0.3088515027035027,17.23000253990883,-17.957801884656003,-4.490150138667103,user,ohp,medium
1788967917725,11.041760534998774,-1.6252144528262316,1.3826524816535413,3.115944038747453,-10.532803983225396,4.172709839914768,user,ohp,medium
1788967917742,10.55229534857869,-1.5500957912169395,1.5207677707280962,-2.5826383860412143,-13.90839275407242,6.095872117250095,user,ohp,medium
1788967917759,9.565283960613607,-2.1881505336485803,0.7900861094601452,7.912921002526927,-10.003806685781557,-2.929335159773065,user,ohp,medium
1788967917775,9.513959431567788,-2.558803316552937,-0.424072384533286,20.387228455443253,-1.7473983513807445,-3.7787590427404183,user,ohp,medium
1788967917792,10.657041086688636,-2.271050058392435,0.33683409993276,24.24690859126222,4.39802838912338,-2.349151570915502,user,ohp,medium
1788967917809,10.860547058758138,-2.4600419135496017,0.969052318230644,18.855123109508305,4.320783218478767,0.5458948119244826,user,ohp,medium
1788967917825,10.095449990734457,-2.8127381840027867,2.378938040050864,10.34683842269346,1.1357142502362,-6.749282591086188,user,ohp,medium
1788967917842,9.714473236083984,-3.139097651672363,1.4595656985294072,21.7882300278071,-3.882575783690497,-12.621116392710226,user,ohp,medium
1788967917859,9.852737797436118,-3.037343788854778,1.302595413793996,32.0245235463312,-10.81833577260955,-16.233329383389524,user,ohp,medium
1788967917875,10.029010894665122,-2.68285274393931,2.177227207769826,26.50794026315739,-18.020943568438184,-16.544029566091524,user,ohp,medium
1788967917892,10.498874139514564,-2.4399909130372106,3.226935436535999,5.4521195309004,-22.285382422019403,-12.040448714195238,user,ohp,medium
1788967917909,10.79620405818522,-2.141763241809234,3.568408302185312,-14.679898479318505,-10.004517879228883,-1.947077544383892,user,ohp,medium
1788967917925,10.299855541992187,-2.211344654492289,1.6282066934447734,-11.29290756142579,-5.910625434128302,5.2386534943358765,user,ohp,medium
1788967917942,9.300425986480713,-2.4289175111632795,1.340304163006693,-1.7068936220552764,-21.86492451444988,-7.384804799486018,user,ohp,medium
1788967917959,7.1522297159492965,-2.9957451195314526,1.7375922201845797,0.1970555999490693,-32.84123317105171,-25.145227023733344,user,ohp,medium
1788967917975,8.680028481292725,-2.695422083459422,1.7455228670533744,-7.483959509440739,-24.900540619359514,-26.39978592519753,user,ohp,medium
1788967917992,9.115474492755531,-2.5237877519469705,1.5533881472932174,-7.493690821460714,-15.402436870857471,-24.91416172411181,user,ohp,medium
1788967918009,9.540594340515137,-2.0012533126831054,0.1961748985290527,19.26439487476464,-31.49849652740266,-32.8972441373404,user,ohp,medium
1788967918025,9.635015668487547,-1.086518640899658,-0.3797804940706119,42.76430958216466,-45.64910486491666,-37.409871574792376,user,ohp,medium
1788967918042,9.67796224528849,-0.8098387846130878,-0.1379661994600668,48.59394434066224,-50.455744625381,-37.89600004368428,user,ohp,medium
1788967918059,10.27217316981852,-0.3324947190215811,1.5004159515050706,28.20530886624997,-40.48951166399733,-29.793459329419456,user,ohp,medium
1788967918075,10.7260234375,0.2650081597259268,1.2698241940487176,13.207888552795913,-25.010885740495656,-14.56339935774018,user,ohp,medium
1788967918092,10.815805415233967,0.6238392431396991,0.4296097658902639,8.177924658360606,-20.581849573200888,-5.100731057538986,user,ohp,medium
1788967918109,9.607332127270102,0.6908769992219284,-0.5377980045703239,5.628587713391434,-25.283041458163986,0.3251092404885113,user,ohp,medium
1788967918125,9.139566146960854,0.6290764131408184,-1.2978069739410654,3.035128813601039,-21.786413197487875,0.9137585019767616,user,ohp,medium
1788967918142,9.436746428027748,0.6661867580689489,-1.8182464867522936,6.071627933904312,-13.683081888826624,9.06340148141846,user,ohp,medium
1788967918159,10.15814873123169,0.8083422989776358,-2.7572222859480418,12.65697061698456,-3.989396954101735,17.517171013372845,user,ohp,medium
1788967918175,10.067617980957031,0.5056256092347204,-2.702904000180028,14.654490175606057,1.9440225288341924,21.94848163366123,user,ohp,medium
1788967918192,10.601375898090003,0.4010285588804632,-2.604143309562746,16.443145964503145,5.714923438934512,30.647584730413303,user,ohp,medium
1788967918209,10.364351102778317,0.4929059745237231,-2.7545287177488205,17.2564763531318,16.41014761307552,36.43634763691753,user,ohp,medium
1788967918224,10.202741321673988,0.6432918393675238,-3.0985463633769657,16.764697610249005,23.59238522347824,42.88528589274392,user,ohp,medium
1788967918242,10.721235618701575,0.9276036518372596,-3.4861069990629328,30.11877782449258,41.74535464102548,59.88678445396998,user,ohp,medium
1788967918259,9.995793684718013,1.1929109771728514,-4.622305571006005,62.1947258650848,47.59087641953251,73.32375413643354,user,ohp,medium
1788967918274,7.165695346722006,0.7568672920778393,-3.159598295648396,88.869162234545,34.67848234079886,64.98049365015537,user,ohp,medium
1788967918292,5.545571348902583,0.0264855636045336,-1.4549258003016934,101.08298164044268,26.665285623519683,50.52353766798796,user,ohp,medium
1788967918309,4.051438706317544,-1.4463972240723668,2.068740273837559,85.85310779141828,30.536775156413604,27.094043918478064,user,ohp,medium
1788967918325,3.611353929138184,-2.732831703595072,6.200533460058644,41.68079227789593,31.458563826420185,6.257327970832264,user,ohp,medium
1788967918342,3.662829849353432,-2.8420670082092285,7.917774527740478,-8.432106733228045,19.802895526664905,-15.63463939697581,user,ohp,medium
1788967918359,4.567389164081216,-2.6617538418091837,6.367080332238972,-42.36874600657254,-2.1654041143165266,-45.162003094068034,user,ohp,medium
1788967918375,7.273136899787187,-0.6241388836733996,3.338713995892182,-53.7603882213191,-9.26200545323586,-47.63544681896143,user,ohp,medium
1788967918392,9.31479178096354,0.2145803237915039,1.61204561304301,-60.155613869512514,-4.704323099810724,-35.879028106306585,user,ohp,medium
1788967918408,11.609185159412023,1.027561278887838,-0.6488292344242333,-56.58695614139674,8.49595875668391,-19.480891380886533,user,ohp,medium
1788967918425,12.85132690822184,1.5565299159176649,-2.977338671355694,-28.57431666634908,12.13118265467698,-3.190845814176517,user,ohp,medium
1788967918442,12.85746321901977,1.2580030425474047,-3.70053801404424,7.45075283724343,8.252138932561026,7.528437701315862,user,ohp,medium
1788967918459,11.141866338348388,-0.1198594283506274,-2.122011005047709,27.134932845944345,7.665434220593393,10.691408659715911,user,ohp,medium
1788967918475,9.9523976105839,-1.1454761490419507,0.7243960051272064,22.5628298287472,16.549428830630422,12.590662286748431,user,ohp,medium
1788967918492,9.41594797014892,-1.3135188858032223,1.652299151367694,14.53752489361688,18.13544485968428,10.13303813374643,user,ohp,medium
1788967918509,9.030181058612463,-1.1659765007570386,2.047790388256684,11.82221050983499,14.20229750160536,6.087719005815216,user,ohp,medium
1788967918525,9.76789444514811,-1.1294647793091832,2.410511939770356,5.460882663605527,9.837476211566116,8.191859951814724,user,ohp,medium
1788967918542,9.532962822723388,-1.1239278957091272,2.432957726464793,2.796652118399809,9.412061294206454,7.7546501515321,user,ohp,medium
1788967918558,9.45410439006388,-1.1435305679321288,1.8957590212281792,3.1386768292959597,10.328977478013876,6.810837109659989,user,ohp,medium
1788967918575,9.920375163379312,-1.495029591424763,1.704372233758494,1.723489701077938,8.784755376491328,7.8428031342812226,user,ohp,medium
1788967918592,9.777171976581217,-1.577329835101217,2.1148286923281847,-4.3849882773373565,7.339627366994614,4.749431803523604,user,ohp,medium
1788967918608,9.936087111774086,-1.5960348278321326,1.8948614148013287,-4.9929878115897965,5.622189533686425,4.355700853063165,user,ohp,medium
1788967918625,10.626364208874106,-1.27206941569224,1.3236934391412882,1.008168258170734,6.986448103410187,11.046402619185448,user,ohp,medium
1788967918642,10.543915058246254,-1.5958854824893176,1.1062702931392938,3.172749654857391,7.687436821230943,10.12054486398083,user,ohp,medium
1788967918658,9.745747495269775,-1.8128598618105047,1.9170066111139952,0.99953383184278,7.219383594203832,8.700534875156839,user,ohp,medium
1788967918675,10.06821594685018,-1.6403272662840782,1.7173909244813024,5.379526145967389,3.845287646577282,10.906355566669856,user,ohp,medium
1788967918692,9.632323945185542,-1.7112556365966796,1.7595888748720288,7.511693492565576,-2.212333276886626,7.709404417148996,user,ohp,medium
1788967918708,9.204058785137534,-2.195034155682474,2.0516815504763275,3.8226058690041382,-5.210074702188074,2.363598488227137,user,ohp,medium
1788967918725,9.207501619067788,-2.226158631134033,2.093579495007172,-7.426535547767503,3.793469562665334,2.8131743460020697,user,ohp,medium
1788967918742,9.610327217432856,-2.145055342157185,1.7012299902100114,-11.034750316461404,4.108075332912114,4.579425406874225,user,ohp,medium
1788967918758,9.197625537219643,-2.0202575806215406,1.5267518135737628,-12.269540942920282,1.8386258797517256,1.5413402953013338,user,ohp,medium
1788967918775,9.409959543389082,-2.0473416946411134,1.0495574951838702,-9.934583572317123,-1.9576026524514705,-0.4634344716834476,user,ohp,medium
1788967918792,9.46772024296224,-2.05736756022349,0.641945831586048,-4.246744821649475,-0.3363668063032939,-1.8044732263543688,user,ohp,medium
1788967918808,9.436597959467768,-1.9562126862123608,0.5699695596557111,-2.24570451395425,0.581880997588017,-2.1189005579090834,user,ohp,medium
1788967918825,9.560347088733314,-1.8246810863770544,1.1971013415347784,-5.93354413388828,-0.0804767372462083,-4.29691554931098,user,ohp,medium
1788967918842,9.600449966540932,-1.5937899715147912,1.416619560119882,-10.040127070466744,-0.0825366729410952,-2.5552013027018616,user,ohp,medium
1788967918858,10.313920892223717,-1.073649953106791,0.7993646638065576,-8.749181189972962,3.5224728427217924,2.797072175033765,user,ohp,medium
1788967918875,9.923965881347655,-1.1519104198731482,0.5960061373837292,-5.000571029115803,2.246614423217744,1.3325111034096022,user,ohp,medium
1788967918892,8.769662574988603,-1.311573743084818,0.9410708169799298,-7.606515301265571,-0.3252128939452516,-6.118213239138384,user,ohp,medium
1788967918908,10.014796491351722,-0.4652233100891113,0.8077442234866321,-8.773495809644562,1.6193015685917402,-0.2400500399487129,user,ohp,medium
1788967918925,10.65345095324218,-0.2412159633912146,0.5274721879269928,-8.165020723471159,3.97509069599832,8.91668816427294,user,ohp,medium
1788967918942,10.0159935921818,-0.4759976559512316,0.5756556424681097,-12.250646932128737,7.716605144081482,12.373240289994,user,ohp,medium
1788967918958,9.631723056682944,-0.6584053104124963,1.6947957924440502,-21.671862387370297,7.308598671368893,17.19933840563006,user,ohp,medium
1788967918975,10.18343807078898,-0.7179612228393554,2.037016626916453,-32.90248630752839,6.721146480573967,21.426831058443383,user,ohp,medium
1788967918992,9.67152958189249,-0.979528192602843,1.9316717538695785,-42.35291362807645,6.4525270933484125,22.08423505850982,user,ohp,medium
1788967919008,9.242516818347571,-1.3874401543214916,1.1143512351989746,-42.29507900127937,7.0065463619297725,22.68866923401551,user,ohp,medium
1788967919025,9.144204328155515,-1.5719433197572827,0.6383539445739239,-37.98122031395853,9.003479378056293,19.93105548870373,user,ohp,medium
1788967919042,9.261220934295654,-2.162861924743652,0.4462198458682745,-27.592564058071662,8.417069217996616,17.131039929024517,user,ohp,medium
1788967919058,9.46876887523234,-2.4200892578676343,-0.0876875627379864,-12.368952638742524,5.447095499879032,13.798034826331586,user,ohp,medium
1788967919075,9.263165638622642,-2.660256881249696,-0.2599202985350042,5.473063025329775,1.0589004487263556,8.692430855706618,user,ohp,medium
1788967919091,9.165604259058831,-2.932149430194497,0.5864297691345215,10.757189357838657,-2.3249174194100624,3.622357529144059,user,ohp,medium
1788967919108,9.797374222132564,-3.0714618931643662,1.927033207348734,5.900443756509929,-0.4124427339393653,6.6460677605567176,user,ohp,medium
1788967919125,10.403554985919596,-2.879476555279642,1.941997406116128,5.564841984754529,3.1391015816849697,13.762614319069543,user,ohp,medium
1788967919141,9.82505542526245,-3.044975452776998,2.4033299193117768,-0.9472568445959716,0.27246291609842,12.27513742917146,user,ohp,medium
1788967919158,9.000402006420492,-3.260602947533876,2.693327960724384,-5.470410777497694,-0.2966631034209949,9.073449543461194,user,ohp,medium
1788967919175,8.91780263366699,-3.320009660748392,2.498050449426472,-5.569086947323692,-5.890703479866667,2.807571883335367,user,ohp,medium
1788967919191,8.399607611846923,-3.076249711962789,2.4473236670780927,-9.389401287861292,-7.687771500500273,-3.66728480595711,user,ohp,medium
1788967919208,9.289951354217528,-2.466326692907512,1.8510167201168837,-10.295576145425224,-7.115414027771076,0.2614153786006152,user,ohp,medium
1788967919225,9.357139222827554,-2.302174533843994,1.622970107965544,-9.575345504052072,-6.585399885914549,-1.0343457052167482,user,ohp,medium
1788967919241,8.15854201671183,-2.535609487970173,1.552041883783415,-9.193339000188782,-13.294125667482849,-10.062618029629952,user,ohp,medium
1788967919258,8.463203008922934,-2.291250988769531,1.7169417924743144,-16.52904583859981,-15.438585647039764,-12.241916242822166,user,ohp,medium
1788967919275,9.00773600257039,-1.791311900738627,1.6120458322387188,-24.781661176855444,-10.611690960591751,-6.105756681639573,user,ohp,medium
1788967919291,9.986215709033608,-1.3636477753236889,0.5174468338012695,-22.674995195297143,-3.757749380853459,9.309840683088044,user,ohp,medium
1788967919308,8.772952848705648,-2.2860132342465223,-0.0504280916627496,-13.68488932763574,-4.22552683899283,9.760724522089037,user,ohp,medium
1788967919325,7.311144266620277,-3.1139585342407226,0.3315970029968768,-14.64044047648334,-11.345002267999124,-9.938539959393854,user,ohp,medium
1788967919341,5.730971170917153,-3.4060509906493124,1.61294321946986,-35.89682757928364,-15.734143300351848,-34.200898438558646,user,ohp,medium
1788967919358,9.304016704449056,-1.7070656375609337,0.1171658053524792,-35.26880534547931,-8.592343824930191,-23.39479468097894,user,ohp,medium
1788967919375,9.87593279506266,-1.4306854218080638,-1.155651286901906,-16.58699999370737,-1.0164257434338675,-16.398888046228755,user,ohp,medium
1788967919391,7.939322927203774,-2.1136310069762168,-1.9764136165894568,7.452754082670244,-3.752526420572516,-26.07331312815468,user,ohp,medium
1788967919408,7.59680362124145,-2.466327277429402,-0.8626605664793402,28.184608270422952,-10.390820572080113,-35.17198399889979,user,ohp,medium
1788967919425,7.382972069990634,-2.6770168773926795,0.0368104851987212,16.89333397798244,-15.79026525721455,-54.48953482088005,user,ohp,medium
1788967919441,8.691101663970947,-1.2047324940003454,1.905485136679001,-3.196019682472801,-8.604414476740896,-52.52032298127368,user,ohp,medium
1788967919458,11.840972638592124,0.3130417209349572,-0.5981014656951651,4.865060502869573,9.071738581074106,-25.115635229154265,user,ohp,medium
1788967919475,11.640758109283446,0.2750337695799768,-1.4000094207763671,27.666722836985077,6.033531273148096,-16.68944600106839,user,ohp,medium
1788967919491,9.251644127655029,-1.2418424736022948,0.0965161813598126,36.72388835569132,-4.414274847837901,-23.914689897580093,user,ohp,medium
1788967919508,8.120233621105552,-1.905185971069336,2.421885201373696,15.350611102982707,-8.042875596770175,-39.10576997966611,user,ohp,medium
1788967919525,8.894758442687987,-1.2942157810486852,3.038691257940977,-7.026235235985981,5.750383219784279,-30.97912211272572,user,ohp,medium
1788967919541,11.533767807117105,-0.3103483901977539,1.093851321875304,-7.141138654619459,17.18214169684726,-10.272902478701718,user,ohp,medium
1788967919558,9.836727158355712,-0.864606147589162,-0.0034411534298211,14.034017862155526,9.912218971653564,-10.64913918026364,user,ohp,medium
1788967919575,8.428188394165039,-1.3757679828368126,0.7691373563904315,15.739190810148488,-6.47408829301085,-30.434639922659816,user,ohp,medium
1788967919591,10.717045181274411,0.2488474811829626,1.4668975027222186,7.804311603213616,-6.580573930379111,-24.921639073705684,user,ohp,medium
1788967919608,14.546121239361169,1.8581999096192416,0.2928406444273889,6.798197417714057,13.97397025406736,16.81080821733576,user,ohp,medium
1788967919624,14.162750867572424,1.359158281884715,-0.2888010136477649,18.412987889060453,15.512498539143056,27.635500334741653,user,ohp,medium
1788967919641,10.255713033404946,-0.7899369833130389,1.0196304128233342,29.24161078033369,1.551430298974441,23.81530381496724,user,ohp,medium
1788967919658,8.352322713580728,-1.810465221758932,3.3517329788759347,12.698708195455216,-8.072579235696914,14.204676114983815,user,ohp,medium
1788967919674,8.020276870837808,-2.07008675654307,4.122815551050008,-15.80619325835902,0.7555165725642002,10.188031401848788,user,ohp,medium
1788967919691,7.977928844451903,-2.4284688175477087,3.906139424023032,-40.03090544236599,9.455975995475052,9.180061112442278,user,ohp,medium
1788967919708,8.52321061064005,-2.3716065281189977,0.7125740499082952,-23.71358351520553,5.240876720910715,9.155733686165984,user,ohp,medium
1788967919725,7.718157964324951,-2.479345602826029,-0.1563715881898999,7.23533037836852,-8.72393595702695,-3.559109977429741,user,ohp,medium
1788967919741,6.484846587702632,-3.018789164379984,-0.1713341795220971,18.890430064875392,-18.693346663921968,-24.1236663654258,user,ohp,medium
1788967919758,9.400234852710366,-1.9761141952514647,0.8351279780399053,8.066974211709272,-6.399797606069091,-17.024179911912373,user,ohp,medium
1788967919774,10.083629204559326,-1.6617256628174333,0.7125748536258936,1.38774748355773,6.176699295227556,-8.228424515762741,user,ohp,medium
1788967919791,9.23967253483236,-1.933317840576172,0.1907880178589373,5.630227812565884,7.986548734232373,-9.775105485386495,user,ohp,medium
1788967919808,8.319103165546059,-2.25084890881963,0.3736454619143158,18.57662385364833,0.1942665615706034,-14.726017624141722,user,ohp,medium
1788967919824,7.413945300403236,-2.6768671667236834,0.7773671323362737,13.133915042763736,-11.948685976469765,-36.40864097454937,user,ohp,medium
1788967919841,9.236680951800942,-1.7449240243773907,1.761683289868012,-5.585137038099576,-5.660631972769372,-32.10092945748154,user,ohp,medium
1788967919858,11.369764408874511,-0.9581293576780706,1.1616371563784778,-17.47704194445173,10.4129512387646,-13.778614890973946,user,ohp,medium
1788967919874,11.923124267578125,-0.4557962871827185,-0.6826464560911059,-6.43513871238203,22.256246542567418,3.6084918182421095,user,ohp,medium
1788967919891,10.255265289637446,-1.1161470325745642,-0.3787322636593133,4.164529407723208,15.150686343334556,1.722941364953633,user,ohp,medium
1788967919908,9.673473117175698,-1.4460977296691386,0.2171236515987664,8.532280848916391,11.836021152336755,-1.796940808360315,user,ohp,medium
1788967919924,8.69559079208374,-1.860594111279398,1.653046681799367,-7.071651298211511,4.363085995103241,-13.857260250398411,user,ohp,medium
1788967919941,9.50587841644287,-1.5602713674683122,1.933617700305581,-20.11579332273236,9.78768157119578,-7.600307513083675,user,ohp,medium
1788967919958,9.923367915454506,-1.1691185981750487,1.3801074002806095,-26.584586938475983,20.409529023083344,1.4628217212633368,user,ohp,medium
1788967919974,8.79794349757731,-1.0666169857300818,0.468515629632771,-22.596915887800144,21.40450829268849,5.611987365500542,user,ohp,medium
1788967919991,7.753173163604736,-1.6461632789611815,0.758063881451264,-22.82855833840654,21.68090043518952,1.7323822872121772,user,ohp,medium
1788967920008,7.109432776752114,-1.8041804424010215,0.8936360619142651,-29.63524141239069,18.54773556855376,-6.269173653287182,user,ohp,medium
1788967920024,7.717709636035561,-1.7148470852173865,0.7139207883421331,-34.91345792372022,27.644330061791187,-6.91102275129256,user,ohp,medium
1788967920041,8.190265188708901,-0.941370311383158,-0.5538081869930028,-35.05902633040612,43.74253952037764,-2.8693865894278634,user,ohp,medium
1788967920058,8.547599201965332,-0.5807435401916503,-1.0399809077389537,-31.890802102760684,59.05328280917498,7.224315844558228,user,ohp,medium
1788967920075,8.888921407097577,-0.1657981727048754,-0.7354691147401928,-34.858679806576724,70.45200109990168,19.502415014508536,user,ohp,medium
1788967920091,8.364592412567138,-0.6919242797851562,-0.0667385174073278,-38.01204495768279,72.2338608505746,24.469523239333157,user,ohp,medium
1788967920109,8.39526929038167,-1.252616381072998,0.1449988380432128,-35.26716268498392,75.71904000665448,28.009405380475663,user,ohp,medium
1788967920126,8.696490371271967,-1.4850037258423865,0.2060512726381421,-32.37429411863296,78.18873395769354,29.2018624944588,user,ohp,medium
1788967920142,8.306981350597738,-1.7932568973265588,0.5593449244625867,-28.34931828225781,80.48010532988191,29.835635747544284,user,ohp,medium
1788967920158,8.533086692488194,-1.9117704640261828,0.7209548516973853,-33.27362854174313,92.63273307100545,38.72391117864362,user,ohp,medium
1788967920175,8.783428650012612,-1.8460791175842284,1.57673201533854,-62.31795613809017,130.97169137293255,61.5393418934654,user,ohp,medium
1788967920192,8.989928543201088,-1.778293429211527,2.187851989093423,-91.49601200819689,164.54013136982093,83.01133928534279,user,ohp,medium
1788967920209,8.954764875361322,-1.6742955868594347,2.270751513837278,-112.99502962843084,182.74948399896664,99.07285013751876,user,ohp,medium
1788967920225,8.708910292384028,-1.949179718835652,1.83186471427083,-127.05650399727618,189.4454872725453,113.2839398001332,user,ohp,medium
1788967920242,8.164377883258462,-1.5996259841918945,1.2072767716556787,-123.40280358380456,194.18924489641591,122.45246472306734,user,ohp,medium
1788967920259,8.033444979968667,-1.8128598618105047,0.8672995513916015,-128.6847391331372,216.9892086478622,138.25800057571874,user,ohp,medium
1788967920276,8.445397303119302,-2.1860560455873608,2.6324253098636863,-185.74547817650105,275.5821230466,171.69273278941498,user,ohp,medium
1788967920292,7.751078821673989,-2.623147193908691,4.901231242591142,-245.6157882141929,310.12159737741075,185.96695389052783,user,ohp,medium
1788967920309,7.473499897655844,-3.2278321661800145,4.827308512768149,-286.15219595703155,333.49622592486526,193.4419675597032,user,ohp,medium
1788967920325,6.750900785882771,-3.959410410961509,2.084451820373535,-301.02378540295376,368.7197300406745,212.4942748154552,user,ohp,medium
1788967920342,5.660043823517858,-5.054460148841143,1.093402555194497,-321.4676890605825,407.0970876661153,226.7019698740521,user,ohp,medium
1788967920359,4.609437038476765,-5.297469279259443,1.5904969213187694,-351.25859731434696,436.4641143799888,230.46383316322004,user,ohp,medium
1788967920375,2.6936270898014305,-6.331017377471923,1.5870561332151292,-389.8792462780237,456.0980122435674,226.6420554546528,user,ohp,medium
1788967920392,1.2957123762819915,-7.1612073876529925,1.1094134865358471,-414.4720254035717,455.7456837654215,217.90808765728235,user,ohp,medium
1788967920408,0.693570768350549,-7.3923963164180515,0.548123419354856,-435.802323690928,448.4256061073787,203.4319661643039,user,ohp,medium
1788967920425,0.2961332562319934,-7.1225997168391935,-1.32758387070857,-436.2465318737889,403.7457324064436,191.62915339171172,user,ohp,medium
1788967920442,-0.1625061454221606,-6.701371031299233,-4.201523834649101,-414.6234643578492,356.9411234585008,190.7696423865573,user,ohp,medium
1788967920459,-0.7713815551206469,-6.615628684344888,-5.2222020029596985,-389.4873846649618,312.53399287150256,189.3881136835172,user,ohp,medium
1788967920476,-2.631227332250773,-6.611738691169023,-5.832873210033774,-375.467874978377,278.7518772366195,175.03384276533177,user,ohp,medium
1788967920492,-3.4093431640625,-5.842600823321938,-5.73007246851176,-387.4729159919149,266.538706698693,162.74589531637196,user,ohp,medium
1788967920509,-3.2369603522703048,-5.131373877173662,-6.076034900665283,-407.805952018936,246.41158721476944,154.15784768042968,user,ohp,medium
1788967920525,-4.461743846783041,-3.369838836669921,-8.204479592022299,-403.903919587621,199.42645636706328,139.6798410552403,user,ohp,medium
1788967920542,-5.5024736731931565,-3.095404055896401,-13.667000901794433,-363.53561646063474,172.40592748216935,132.4447582712292,user,ohp,medium
1788967920559,-5.604975431768596,-3.173365247455239,-15.11833543613851,-315.738253177209,172.46300054287397,124.74684820867968,user,ohp,medium
1788967920575,-6.746411365509033,-2.96207695094645,-13.827112553295493,-278.1854633091287,164.2530995001403,93.32235678093411,user,ohp,medium
1788967920592,-6.200832662200927,-3.024625469318032,-11.64479832458496,-233.4206766964319,210.07403826419616,47.301969662924726,user,ohp,medium
1788967920609,-6.204124689483642,-2.8116911591678857,-10.749217266082765,-163.71650617856577,241.9515010075078,-6.006545622624199,user,ohp,medium
1788967920625,-4.771194776684418,-5.562030316272377,-12.80074881362915,-85.35548752924784,-285.33683529467214,-15.671199692055596,user,ohp,medium
1788967920642,-10.409988233837485,-29.0163779671818,-43.01437607944906,0.5951248944712305,-672.0961877636174,-85.56174558180388,user,ohp,medium
1788967920658,-29.43251897419393,-32.56697932145446,-43.877335555809736,209.58531090832503,-26.12256732980693,-192.27481117395303,user,ohp,medium
1788967920675,-15.086463649450987,-4.84541583186686,-23.024289762225745,330.9178021924287,459.0776139670937,-193.18661410739307,user,ohp,medium
1788967920692,-6.974758275781199,2.174832348522544,-6.975954865154623,317.6012828959784,506.5598869637285,-112.32267946691312,user,ohp,medium
1788967920709,1.5488990557130424,2.225560080718994,-4.297890670666098,254.35086250220888,545.0472925970766,-6.573257944004381,user,ohp,medium
1788967920725,4.430470318249613,0.0945697965323925,-0.9632166708797216,200.2156300841449,589.0005434533492,73.73170084499088,user,ohp,medium
1788967920742,6.251260826928913,-2.864363595691323,-1.738040183147788,122.20836742250944,390.0503834978676,185.3366093924057,user,ohp,medium
1788967920758,8.041824101257324,-4.188955664172768,-0.9518442129939794,36.07462423356824,134.64443435381014,190.46937361026525,user,ohp,medium
1788967920775,3.501370436505228,-3.133561644855141,1.485453077045083,-41.65238552113785,-1.4900077951506914,163.13186930636937,user,ohp,medium
1788967920792,6.10326894454956,-6.781276927185059,1.9186539399296043,-113.72610575643232,-15.29448573102542,205.56461077037036,user,ohp,medium
1788967920808,6.182277599334716,-6.693738928985596,1.524209800940752,-183.22483784444285,8.495278299087847,229.4696854691464,user,ohp,medium
1788967920825,3.735553213324025,-3.8685815545231104,1.3935750038146972,-247.2379854628276,0.4903917875944598,245.3108885696436,user,ohp,medium
1788967920842,1.1100117446899411,-1.1577467248111963,0.829142546954751,-341.34720052671474,-41.09956708518994,265.7664035488613,user,ohp,medium
1788967920859,0.161458937924169,-1.2641390610843897,0.9677063835144042,-467.3802279976212,0.4957752573208993,258.74720938413594,user,ohp,medium
1788967920875,-5.01974320185557,1.993621210369468,-5.498284112548828,-453.4991799058909,-97.63486992098846,172.9544736347914,user,ohp,medium
1788967920892,-15.897349678094685,0.0875374136775732,-19.702334374237054,-291.2194040192373,-391.09354462942525,18.79799540729032,user,ohp,medium
1788967920908,-6.994809933880716,-2.3768441365115343,-20.944624591606853,-304.6719806839544,-182.99836243194355,73.60956340225272,user,ohp,medium
1788967920925,-11.353753039141743,1.301547439111024,-19.955820475006103,21.946287435390364,156.64032091540585,-57.740841469589526,user,ohp,medium
1788967920942,-7.211784459332376,0.2684494227536022,-13.198784839630129,132.45224415855952,-106.0376076945591,-126.48472154109773,user,ohp,medium
1788967920959,-3.18084668925181,-0.4245224663883447,-12.144887196350098,76.91372888494892,79.65680115751773,-21.337908825638987,user,ohp,medium
1788967920975,-6.17210268067047,-1.933617700305581,-9.564984685406088,125.75333122439444,78.3840090660642,-73.01041237807003,user,ohp,medium
1788967920992,-3.896114581353962,-2.243217902484536,-7.288697457012534,73.14987801073252,103.5751195930944,-50.255148799646896,user,ohp,medium
1788967921009,-0.2729391353882849,-0.6485299592167139,-5.419724370574951,73.07427464680966,-19.90711738321013,-72.53548883451154,user,ohp,medium
1788967921025,0.1548749198913574,-3.232621446283161,-8.462454820904135,38.48282257641509,-13.318072310712912,-45.46840196514022,user,ohp,medium
1788967921042,-2.1823149593628943,-4.127155333819985,-10.839448156628013,65.79825853910266,-28.966142420917905,-66.0807278424177,user,ohp,medium
1788967921058,-2.5790042469300327,-2.9216747979313133,-10.38080890110433,83.49544260314578,2.1709621807536243,-57.66568206796271,user,ohp,medium
1788967921075,-3.496132974243164,-2.899528432574868,-10.654197387695312,111.9304695142035,56.68980512991879,-51.050353573765626,user,ohp,medium
1788967921092,-3.3252468307495118,-2.846706358447671,-9.835080560192464,124.97259962112696,71.21645636237702,-40.39912777071055,user,ohp,medium
1788967921108,-2.59217220993042,-2.988862374280393,-9.153332221984863,114.38452916223238,43.31702215018044,-36.47861284750157,user,ohp,medium
1788967921125,-2.017563884558156,-4.303877343860268,-7.828141603088379,104.93245576609436,26.572058663990887,-38.87716013305119,user,ohp,medium
1788967921142,-1.623568073858693,-4.8888107369571925,-6.430676021575928,85.86877624537429,15.608700046055397,-38.77881906938135,user,ohp,medium
1788967921159,-0.7709330076355486,-4.99879437572062,-6.079027068218588,67.17636531736862,0.1532061723437709,-33.83942433711406,user,ohp,medium
1788967921175,-0.6103718588013202,-5.290139374762774,-6.019471301922202,51.58299904599991,-15.74655887671564,-35.16946365909605,user,ohp,medium
1788967921192,-1.6796821752686053,-4.777181669074297,-6.835744430431723,36.635734519168544,-6.87538922750578,-44.65505620858593,user,ohp,medium
1788967921209,-1.267280866241455,-4.677672078052163,-7.508664734539389,33.6545345313764,6.448554911459227,-43.39767302389994,user,ohp,medium
1788967921225,-0.5276222273895517,-4.543447147479653,-7.953088417705893,28.13815956897228,20.66757527747372,-34.49856491277697,user,ohp,medium
1788967921242,-0.1505353928497061,-4.39889722224772,-7.529165670776367,16.63359895931978,30.51102875833724,-20.972425403151604,user,ohp,medium
1788967921267,0.930745822320506,-6.402395098987221,-4.485237535095215,-32.46335295522076,-51.55227685511319,-21.10219387473997,user,ohp,medium
1788967921275,1.4553754072327163,-6.984934290423989,-6.451326010894775,-32.74251986207211,-50.52719864938309,-22.940675893632303,user,ohp,medium
1788967921292,0.2082955079009756,-6.533328002277016,-7.930493724060058,-18.73337840264741,-33.48607816078179,-30.654513957326284,user,ohp,medium
1788967921308,-0.9663596816131844,-5.251233013263344,-9.881767492565512,2.572181793308748,-16.71395613490498,-30.01133894884828,user,ohp,medium
1788967921325,0.5897217598846182,-5.315427545276284,-11.219677307781575,27.28345530944627,-5.797503414207728,-18.14678638880109,user,ohp,medium
1788967921342,0.9582792510101572,-5.570559659686684,-11.356296440014242,44.55829974880353,2.762681105345693,-6.815751857654637,user,ohp,medium
1788967921358,1.9123685395171863,-5.139752998462319,-8.851662228283285,31.688604597666213,-9.521497146409338,8.658431881565587,user,ohp,medium
1788967921375,1.9988591475555677,-5.134066184997558,-5.62517563149333,1.0370727649645817,-20.344888112778342,9.867868845825376,user,ohp,medium
1788967921394,1.2597988764556125,-4.963479901233315,-4.608089423260092,-24.63489236442292,-16.437280539553395,9.60134376535408,user,ohp,medium
1788967921423,-1.1308112985473129,-6.208015267181396,-6.954257412609458,-57.34394600710925,-41.5183328133926,38.5851797913169,user,ohp,medium
1788967921424,-1.1308112985473129,-6.208015267181396,-6.954257412609458,-57.34394600710925,-41.5183328133926,38.5851797913169,user,ohp,medium
1788967921442,-2.4416367805480954,-5.814169678607582,-7.038802658733725,-51.30083710119751,-37.8147276227503,18.16489151274349,user,ohp,medium
1788967921458,-2.6568157278198745,-5.083638897052407,-9.409361577495932,-32.655967704909706,-0.6205069980049086,9.926691288731174,user,ohp,medium
1788967921475,-1.5946880163330583,-4.517260566821694,-9.24565862350464,-27.999974596779168,17.47594228399536,11.502008680223854,user,ohp,medium
1788967921491,-1.3736732755798846,-4.163666909137368,-9.018059243664146,-28.922630700810338,26.904318338808032,10.225810031921776,user,ohp,medium
1788967921509,-1.428739840698242,-4.840477790942788,-8.91840118408203,-24.194664474300797,18.66996521884572,10.428585541774758,user,ohp,medium
1788967921525,-0.5051766233582049,-5.203648255267739,-9.345915233501792,-13.368660960574257,4.428983233328701,10.324977548481188,user,ohp,medium
1788967921542,-0.2171240899901837,-5.081543386077881,-9.548374911388754,-0.8749345327956454,-2.392325623545976,8.29926809160776,user,ohp,medium
1788967921559,-0.787841983795166,-4.904223410144448,-9.147046858105062,5.886602378156898,4.284019725271174,3.737526044494698,user,ohp,medium
1788967921575,-1.5183727653503416,-4.948216865649819,-8.00620976704061,2.654506703705146,11.98702041318646,2.679369019170816,user,ohp,medium
1788967921592,-1.4737807594299317,-4.951957805743813,-7.676707763561606,-5.368167968264481,23.266255643441177,5.276262223453259,user,ohp,medium
1788967921609,-1.0874163934569805,-4.547786637988686,-6.762571057671308,-18.51943297218052,38.67287600516528,12.313667380053149,user,ohp,medium
1788967921625,-0.6036380935668945,-4.6830596163094045,-6.87584730823934,-14.297291772581898,48.15138564848585,15.986165327894271,user,ohp,medium
1788967921649,0.076464742456004,-5.360767739215493,-8.127716085815429,-22.404106477719854,-23.3961931622115,10.9971578090433,user,ohp,medium
1788967921659,0.2325368362426757,-5.773468250384926,-9.660902389416098,-16.1527502266563,-23.830651250032258,14.119087868268034,user,ohp,medium
1788967921675,-1.7522564130920917,-6.000768062756955,-12.346448464092612,6.40760365851677,-6.12171840684307,0.1214124555103681,user,ohp,medium
1788967921692,-2.7997194932799783,-5.778406291308999,-12.383109677013756,34.349239902047564,8.016968689248316,-20.28038209870945,user,ohp,medium
1788967921709,-1.181837867559865,-4.439748288074136,-9.4563477850765,34.20702853333873,-1.3822006228997392,-13.197568136960022,user,ohp,medium
1788967921731,-0.077213003540039,-3.748123283496499,-5.445012541088461,0.0480350262256204,-1.7490810325158006,-2.844140502708204,user,ohp,medium
1788967921742,-0.2461538581848144,-3.4777275489807127,-4.432115601238608,-19.849521813034,-0.645110033086382,1.5985852846739743,user,ohp,medium
1788967921758,-0.4528034620422869,-4.032136039954423,-4.75638028858602,-42.26460952739194,-7.4890010428218545,8.136538834632207,user,ohp,medium
1788967921775,-0.8090905235290526,-4.830152796283364,-7.849689418029785,-44.30916518373273,-1.3954749888299531,9.250590499585476,user,ohp,medium
1788967921792,-1.354070676422119,-5.258714893451333,-9.56259106826782,-30.10782561615846,4.335558198313974,3.666285890790996,user,ohp,medium
1788967921809,-1.86418526763916,-5.585673057666421,-11.391910774230956,-2.0262484014876256,6.3275256669138935,-4.486856706826688,user,ohp,medium
1788967921825,-1.151760636138916,-5.3860564942508935,-11.042357331848144,15.01320829572054,2.016593288765578,-8.07811510401921,user,ohp,medium
1788967921842,-0.8072949453491717,-5.132869960950314,-10.059237690624592,20.567530081605955,-2.3362969414541266,-9.691075375575124,user,ohp,medium
1788967921859,-0.5505168172974139,-4.601506537738442,-8.051101632690429,15.517981473499283,-3.8016128557032816,-8.53669315112022,user,ohp,medium
1788967921875,-0.2744353652954101,-4.471172477124632,-7.161506078338623,3.474836755572596,-6.838663727225445,-4.437124818819356,user,ohp,medium
1788967921891,-0.2023099672179669,-4.480449716296792,-7.317128601726889,-2.439378156407959,-6.543375866385576,-1.3158178009129735,user,ohp,medium
1788967921909,-0.4839279374938458,-4.771793838556111,-8.10212747105062,-4.3494503761989565,-4.000821299262227,-0.7371978451276674,user,ohp,medium
1788967921925,-0.7031471731323748,-5.03066718532145,-8.716091143798828,-2.437631762414551,-2.365852023766418,0.3185504446163008,user,ohp,medium
1788967921942,-0.7465420051574707,-5.05625521556437,-8.895506046184897,-0.6219884020028609,-0.995460264333102,0.0293353623304072,user,ohp,medium
1788967921959,-1.0016740465026348,-5.010765091760456,-8.660575008282065,0.2406414116008743,0.9193333237216672,-0.941369541696538,user,ohp,medium
1788967921975,-0.8559270935058593,-4.68605178386271,-8.406939269909262,1.2378787257373698,1.1126674844292843,-0.4406291637358626,user,ohp,medium
1788967921992,-0.7839514060974121,-4.56439641200602,-8.323591709136963,0.7529850269813585,1.5952876906870332,-0.394425548682518,user,ohp,medium
1788967922009,-0.6615478462219238,-4.766856089892984,-8.25520673969686,0.2163314209832635,-1.1759772548980731,0.7025561928744205,user,ohp,medium
1788967922025,-0.5930138236999511,-4.857237202563882,-8.72162773513794,1.97646827526928,0.0176598142848249,1.6350073751447731,user,ohp,medium
1788967922042,-0.9299977804321796,-5.020042915454507,-8.857199404144287,3.014140709498648,3.7046519171326033,-0.1583574289786431,user,ohp,medium
1788967922059,-1.0242693977355957,-5.115661051996052,-9.259723973736168,7.192406908303221,4.933804649318459,-0.6283690793481221,user,ohp,medium
1788967922075,-0.7875427816528826,-4.77538543330729,-8.904784162139892,12.11010212957738,5.71378706621135,-3.334310309154638,user,ohp,medium
1788967922092,-0.7920318367004394,-4.698172722028196,-8.342295825085044,8.942622392551478,3.2375754071568053,-3.543310042332209,user,ohp,medium
1788967922109,-0.5702689079284667,-4.6929351136356585,-7.57809716720581,3.2072826644141523,-0.0416286156090525,-1.7326585897084454,user,ohp,medium
1788967922125,-0.4920085142273455,-4.836587213245034,-7.936478643688559,0.2455844675279802,-4.0108369179064045,0.8738849781801378,user,ohp,medium
1788967922141,-0.3851671190124004,-4.930708973748982,-8.371175882610679,3.7283889589325137,-6.5725134533848495,2.200723876288309,user,ohp,medium
1788967922158,-1.0263643241882323,-5.015853354810178,-8.843881072887777,6.554541091244431,-0.0786716529847274,0.3619995457629998,user,ohp,medium
1788967922175,-1.0963946496825665,-5.001487560327351,-8.41487006290853,4.2217813340067245,4.240998925010202,-1.0322850157998142,user,ohp,medium
1788967922192,-0.7882908966064452,-4.9362458573490375,-8.268674124035238,3.4107612568648253,4.003358714538887,0.3034235499562795,user,ohp,medium
1788967922208,-0.7722796730041503,-4.735881105914712,-8.124723333740233,3.422568946392485,5.743252929177609,0.0199506157097436,user,ohp,medium
1788967922225,-1.1558008514404297,-4.687697797504067,-7.853729633331298,1.0783446099112066,14.917249260523738,0.0827600414712957,user,ohp,medium
1788967922242,-1.197100866610743,-4.631583696094155,-7.683890368542075,3.3022385155766085,18.00009270844943,-0.5315746799993162,user,ohp,medium
1788967922267,0.7184101356506347,-5.552153649902343,-9.293542072185874,2.4630528727316925,-23.318942015151364,6.64835971591008,user,ohp,medium
1788967922275,-0.0797569158691912,-5.729025882068276,-10.443058728790282,11.32389612969014,-23.84144465646817,4.304707514493495,user,ohp,medium
1788967922292,-1.3210008390564472,-5.792621863666176,-10.98160446472168,29.58093116320534,-6.892638870254647,-7.760309817033101,user,ohp,medium
