epoch_ms,acc_x,acc_y,acc_z,gyro_x,gyro_y,gyro_z,participant,label,category
1789154975282,9.974096816694736,0.8936361349795013,1.0794864772405475,0.12842864727334477,0.6582757563201106,4.0688743159444725,user,ohp,heavy
1789154975299,9.993847811347246,0.7992148070070892,1.0459683846507222,-2.3350830887725684,-0.4489253356173422,5.131902760250454,user,ohp,heavy
1789154975315,9.866208688905834,0.7007532637331635,1.1460756127724423,-5.257067684338231,-2.0031173255331427,4.6747611873092625,user,ohp,heavy
1789154975331,9.837326877814531,0.6373068466737866,1.092355530359596,-8.323592102789467,-2.2585480443582253,4.306873111347213,user,ohp,heavy
1789154975348,9.800665664893389,0.5331588552612812,0.7309804250188171,-9.63308792329536,-0.22801433949665129,3.426709321689982,user,ohp,heavy
1789154975366,9.789144153925776,0.571915213830769,0.4453229335611686,-7.283554929003395,-1.305330579050948,2.8678562001669574,user,ohp,heavy
1789154975381,9.82445862841308,0.5060746681764722,0.33294461821354926,-3.8596750131770903,-2.5512050017071695,2.4984874672588955,user,ohp,heavy
1789154975399,9.669583123999834,0.56488224645406,0.3368352324439213,-2.789045635541942,-0.2142917957630081,1.2817504181585369,user,ohp,heavy
1789154975415,9.726146138221026,0.5467761694643646,0.394595420560427,-2.7659931067629144,2.9576915438860194,0.7828824725257968,user,ohp,heavy
1789154975432,9.779417125159501,0.6004959961488843,0.34626283987220374,-1.0152446543159843,3.5755408512518527,0.8884361092374681,user,ohp,heavy
1789154975448,9.88251801867187,0.6521209694460034,0.36347032405436036,2.2648506014148544,2.07889229795891,1.2265698534625327,user,ohp,heavy
1789154975465,9.741409173804522,0.6578071253236383,0.5731128261175006,2.265033522418564,2.799702224751043,0.24054688284997844,user,ohp,heavy
1789154975481,9.712828391486406,0.615160408252105,0.7133240280253812,0.28350791895571237,3.3152624056633533,-0.36721634286543503,user,ohp,heavy
1789154975498,9.793033562579751,0.6862382700379938,0.8135803822942078,0.31457095229026927,0.4569083860140591,-0.10469019141083323,user,ohp,heavy
1789154975515,9.80635189383626,0.7872436525758355,0.8054997324954718,-0.5550971044488996,1.1235740158733254,0.7406975700253585,user,ohp,heavy
1789154975532,9.870995923182369,0.8010104582522064,0.915483882715553,-3.241963163368304,1.3104668813067974,2.6674612246831333,user,ohp,heavy
1789154975548,9.94551603437662,0.8014592979982494,0.9699524454081431,-7.40467723487617,3.1486755859106235,5.746199728917646,user,ohp,heavy
1789154975565,9.737070852339267,0.7817071343019604,0.7962225298559292,-8.662062980883096,3.9052823206993814,5.733031551084685,user,ohp,heavy
1789154975581,9.560199204695223,0.7728785156801342,0.7948763759439811,-8.150025043148396,1.7836615332316348,4.039933950657482,user,ohp,heavy
1789154975598,9.564388473078608,0.6250364901002496,0.7049443587474524,-5.728313597915498,0.47407697362738527,1.8435393470859034,user,ohp,heavy
1789154975615,9.849149417555331,0.6645409636233002,0.5789496059795841,-3.8731543915041104,-0.3652823854741165,2.8410617949398205,user,ohp,heavy
1789154975631,10.040534743720292,0.6245875772889703,0.5976533931341022,-3.277067560937819,0.2929866206981034,4.789898539921814,user,ohp,heavy
1789154975648,9.74290438079834,0.6184523624695837,0.5334590437842532,-3.0327743193280887,0.9879023398513656,4.791180054164838,user,ohp,heavy
1789154975665,9.600299744415283,0.555903917163238,0.5864309016456827,-3.003354560138728,0.8409049828859081,4.650685624258614,user,ohp,heavy
1789154975681,9.484781852400303,0.614711568506062,0.6058843746563419,-2.5808990356803885,0.26440307943439334,3.65933105066863,user,ohp,heavy
1789154975698,9.638609309065341,0.7980177061770111,0.6422459470437839,-2.840086358548978,-0.0016605830718527388,4.978283268080405,user,ohp,heavy
1789154975715,9.753829679438471,0.8503907944276928,0.7447476325539871,-4.210019748255963,0.10226989653616203,8.87664874158468,user,ohp,heavy
1789154975731,9.578753098517655,0.8655041558748111,0.7389110718876123,-5.262316257828562,0.7498153923196494,9.69084827178522,user,ohp,heavy
1789154975748,9.097669371473788,0.750283347110264,0.8514395362956448,-6.745271989382921,1.1786789148799304,8.546713892406274,user,ohp,heavy
1789154975765,8.987087182295323,0.771232538571395,0.8521875416513532,-7.174166888124702,-0.5480572604878793,7.678937504582508,user,ohp,heavy
1789154975781,9.084799368506669,0.8400657267030328,0.8710419527903198,-9.515288504453796,-0.9604247022638158,10.356276890352772,user,ohp,heavy
1789154975798,9.200470405256748,0.8102879531526938,0.8629606819370761,-11.071642729489582,-3.5849165665481646,13.937292991998037,user,ohp,heavy
1789154975816,8.928128797370196,0.7698856905397027,0.7163159763829782,-12.10244719506509,-4.996532679769032,16.708304153366793,user,ohp,heavy
1789154975831,8.946085309821367,0.7658455117708072,0.5059261996164918,-10.38833609076952,-6.97333926284564,19.088628494210823,user,ohp,heavy
1789154975848,8.831463489863276,0.6286277560578659,0.4302094625161961,-10.358169706526512,-7.298336312140949,19.694433830192395,user,ohp,heavy
1789154975865,9.172037506976723,0.5276223917863332,0.2498956019964069,-8.24301123850895,-11.737682649987851,21.518179715950428,user,ohp,heavy
1789154975881,9.350856197035313,0.3933975160127505,0.12853976107556372,-5.063446335520355,-14.135985756274646,22.056933084849984,user,ohp,heavy
1789154975898,9.379735085517167,0.11073208251055329,-0.04084942185860127,-2.848919073806274,-13.992152217637933,21.69275764358866,user,ohp,heavy
1789154975916,9.50498175986409,-0.1396117153445026,0.035165823264233766,-1.0318423341642327,-15.00133230430118,21.19344520205134,user,ohp,heavy
1789154975933,9.425972520557046,-0.24031777472576357,0.1031015510994941,-1.8298354262899192,-15.73548201742917,18.06798137370477,user,ohp,heavy
1789154975949,9.70938672659993,-0.3202243624480441,0.12180608717268332,-3.7620967962601726,-15.368834047688301,19.049120972504177,user,ohp,heavy
1789154975966,9.79378175059855,-0.5339068788832985,0.04219924729866907,-7.10944785753107,-12.657546060422135,19.95494407532585,user,ohp,heavy
1789154975982,9.791090611818433,-0.5214869577712379,0.018705942578986286,-10.251249925259133,-9.285571313419696,21.507099441569373,user,ohp,heavy
1789154975999,9.901970907160639,-0.6335655960525386,-0.15023498513102532,-11.791184375530207,-7.361892076141563,23.408449936677087,user,ohp,heavy
1789154976016,9.768196058443188,-0.7752722424162551,-0.10669073469787835,-14.398300025122632,-5.436247878816583,24.839815114996224,user,ohp,heavy
1789154976032,9.674821609175204,-0.7965207456175237,-0.11761382311461492,-15.091323461710683,-3.4272766542779163,24.277320008541704,user,ohp,heavy
1789154976048,9.933545026075839,-0.9946409329954534,-0.24480560364732518,-13.62971420574673,-2.8326416657970754,24.38590294087198,user,ohp,heavy
1789154976066,10.017490552741288,-1.1791442080290988,0.12255432999040931,-15.396047228888925,-4.492093327485972,24.262327743313524,user,ohp,heavy
1789154976082,9.97200072119832,-1.2493242807250469,0.2935896909627132,-20.570830770522367,-1.6635134898109387,21.76517472426372,user,ohp,heavy
1789154976098,10.14258934305012,-1.2222398744445293,0.028731141441082582,-23.55197440925386,1.2089733651698757,20.344954707122753,user,ohp,heavy
1789154976116,10.493038272967935,-1.212064371258393,-0.25019315103772094,-19.021653366756972,-1.6356165426413736,19.413045404313504,user,ohp,heavy
1789154976131,10.523564928656816,-1.2509702943664043,-0.3651151229861658,-11.408764645222131,-2.2214880782519706,15.50977158611693,user,ohp,heavy
1789154976149,10.992529178839922,-1.364994221496582,-0.5153504460439086,-1.9495825162619942,-1.4345161366823345,11.78529846001295,user,ohp,heavy
1789154976166,11.51596327035725,-1.4027030437745154,-0.35882974997321143,8.498703638956608,4.150933916180298,6.951247442862057,user,ohp,heavy
1789154976182,11.54274606334269,-1.5077482032224534,0.037709205870423465,14.72619350151285,3.8248794682241067,-1.6688996275800225,user,ohp,heavy
1789154976199,12.048072835761308,-1.8435352052550762,0.7642001009176485,19.590514209517945,3.4206979014467245,-11.40112593240912,user,ohp,heavy
1789154976216,13.065758178931475,-2.11557636889033,0.8644569301105104,31.12849493477932,3.6001525841523474,-21.55619825641801,user,ohp,heavy
1789154976233,13.206868192842602,-2.1115362266540525,1.0989399502512067,38.21457031185743,-1.6128962385324435,-30.066994745300125,user,ohp,heavy
1789154976249,12.937519337031244,-1.893514237976074,2.2150866174995896,34.03048863386141,-7.369061213449138,-38.89409558709824,user,ohp,heavy
1789154976266,13.075334985572098,-1.5038578812530263,2.456153052884899,17.253097117039935,-6.534029606280059,-46.73923037720738,user,ohp,heavy
1789154976282,13.573629375135898,-1.1227306852811947,2.042554898755997,10.852154600511222,-8.351844326517579,-45.645525845791575,user,ohp,heavy
1789154976299,14.050373611670732,-0.9270047360960394,1.1891712883210275,8.276366467320708,-8.365343341638463,-42.99708925926787,user,ohp,heavy
1789154976316,13.441198342242837,-0.41838663051445035,0.6705273810891434,10.656980237430815,-5.771974301524335,-43.44489353672682,user,ohp,heavy
1789154976333,13.601462553957104,-0.10205263570160604,0.47839282572576775,18.27047769957543,-12.211697778386736,-41.8033634376464,user,ohp,heavy
1789154976349,13.057229420039057,0.17208339045420287,0.07646579733535182,27.576646302210946,-16.943156792883098,-43.04216167760078,user,ohp,heavy
1789154976366,12.319514864459633,0.19408015473950654,0.38277402931380783,28.63683851046408,-18.94060804961289,-47.831254682087355,user,ohp,heavy
1789154976383,12.281807357355952,0.18061280693374573,0.591967492984794,22.096956285838967,-20.43753621377498,-47.48014197761368,user,ohp,heavy
1789154976399,12.568212561908364,-0.14320296760238707,0.21862175380256957,15.388808935916003,-16.996592777854694,-43.139884609150734,user,ohp,heavy
1789154976416,12.292729148864746,-0.3001728139463812,-0.061051302083767946,9.259211905865325,-7.122220738165816,-38.99727925488962,user,ohp,heavy
1789154976432,11.807006656104326,-0.42197782340683043,-0.3886079984475858,6.0384857216172945,-2.6157238223807564,-37.37851076121826,user,ohp,heavy
1789154976449,11.98283084052205,-0.472555260412395,0.05102757365955039,-2.626873679313979,1.5105579133725557,-36.158707277345684,user,ohp,heavy
1789154976466,11.994054829847812,-0.5141543681271374,-0.04623677745275199,-11.936554706730174,9.208356024852701,-37.005725866508136,user,ohp,heavy
1789154976483,10.991780990821123,0.3660138710573315,-0.006882562587969005,-7.900177577082976,-1.0245201579305674,-45.91323852540481,user,ohp,heavy
1789154976499,11.5936234331429,1.1014826935365796,-0.915182379018329,10.951891584092687,-17.26010489112837,-45.385883034682706,user,ohp,heavy
1789154976516,11.84187221778035,1.5043071228578686,-1.7022762478599325,38.499283332314825,-30.288719761231665,-40.280924516934306,user,ohp,heavy
1789154976532,11.406126931110023,1.830966011865437,-2.18530654239431,66.70918037813975,-36.959311316003316,-31.28803790850706,user,ohp,heavy
1789154976549,10.965444772559403,2.0925325432375073,-1.59019764611125,75.63680452904752,-39.77695217883575,-24.831173218148866,user,ohp,heavy
1789154976565,10.994624105292559,2.173935545813292,-1.1638800399344413,72.84118761119379,-37.859028229707,-15.523488313517607,user,ohp,heavy
1789154976582,10.758946048414707,1.9952683930546045,-0.8470978903621434,61.22681975780229,-28.532322955784547,0.9117209711699821,user,ohp,heavy
1789154976599,10.650456447601318,2.189347926739603,-0.7417525789238512,53.013213337443894,-26.907035046550405,15.072332120723463,user,ohp,heavy
1789154976616,10.222343847766519,1.964143333081156,-0.7092815111689269,41.95073501427318,-17.243036248392507,23.60213531851843,user,ohp,heavy
1789154976633,9.609876551055908,1.6929999950684607,-1.3528726988092064,31.54113398329647,-2.518800236407102,33.10869654876024,user,ohp,heavy
1789154976649,9.553913256293535,1.7705121276855467,-1.7435762630302458,31.696790579386473,-1.6299453511961475,41.285177475885035,user,ohp,heavy
1789154976666,9.440188677436113,1.6371853149965405,-2.637661456951499,45.04133414200142,-0.8466048824699894,50.495858326376485,user,ohp,heavy
1789154976682,8.37551712668538,1.4338276653565465,-2.8610699609734116,63.32055277616717,-6.390821883726049,53.29267394242955,user,ohp,heavy
1789154976699,7.423822551295161,0.8129812473572791,-1.5447081068292259,58.905470685346735,-5.043859914301698,47.816634662168944,user,ohp,heavy
1789154976716,7.50148388312459,0.721103758648783,-1.081729360796511,43.1159072300694,2.6580293737695806,46.241668171644875,user,ohp,heavy
1789154976732,8.448391224238277,1.476923295239359,-1.3914794928401708,28.003188200783658,19.63283235406805,56.88045620022136,user,ohp,heavy
1789154976749,9.114428783094882,1.6229697061067445,-2.033275029235333,25.339537367883747,26.066257542742054,75.95137572146163,user,ohp,heavy
1789154976766,8.459912735205888,1.4191631071228532,-1.7684163244500755,19.83851325563923,26.980488608432015,83.69468605142421,user,ohp,heavy
1789154976783,6.258744752943516,0.8397662140334956,-1.075294870769605,8.612704618846,28.46113701670738,73.60324547727046,user,ohp,heavy
1789154976799,5.854723222792148,0.43230300072934474,-1.4839555319637059,11.811779957198734,24.481522174157572,64.5517558457645,user,ohp,heavy
1789154976816,5.793370636206865,0.39803606253359464,-2.415598960711062,37.14251406501598,22.52648809972085,60.10139582788095,user,ohp,heavy
1789154976832,5.313332034301758,0.4174890606202185,-3.0131014741323887,82.31225576341363,19.1551886876726,59.439407063334144,user,ohp,heavy
1789154976849,3.895965820533037,-0.49799401837773616,-1.0968427587762475,101.94926136306456,17.014411033851964,47.651169914430795,user,ohp,heavy
1789154976866,3.390939492365718,-0.5391444324769079,0.4278150781929493,102.3895558475311,11.618473650856327,29.139905848497616,user,ohp,heavy
1789154976882,3.7066742517769335,-0.8713399128235876,2.723255518008955,82.89456354110307,1.1394984952015044,9.715374627321088,user,ohp,heavy
1789154976899,3.7216380121529102,-0.8809167194642126,3.6381397908635433,60.69323171946255,-2.716524394482039,-5.323824672625466,user,ohp,heavy
1789154976916,3.986346933203935,-0.6075287443298846,3.9015022292090578,33.06090913023225,-1.847263934617676,-14.317944557084724,user,ohp,heavy
1789154976932,4.920533908954263,-0.1628057859558612,3.7217875766914337,-2.889043233528925,1.5911159392080365,-18.363812234583655,user,ohp,heavy
1789154976949,5.679795694953203,-0.08080445216074586,2.8214176764775067,-20.584677271517272,3.638326938310372,-18.43087615449672,user,ohp,heavy
1789154976966,5.138706119757891,-0.09501995145268738,2.2004219496680424,-23.81701819244891,0.8792156740230682,-30.06250048082626,user,ohp,heavy
1789154976982,4.438402718684077,0.07930778386220336,1.4486422630527986,-16.98122143712758,-13.122568391005052,-48.986536783965406,user,ohp,heavy
1789154976999,4.699220477515459,0.009576806640625,1.0723040914557873,-12.702822530656503,-18.417389945980528,-57.340264535146616,user,ohp,heavy
1789154977016,4.547786637988686,-0.09202708977963775,0.8503916712105274,-12.174422874765037,-17.970850961065313,-64.48719006754037,user,ohp,heavy
1789154977032,3.8175557161629197,0.10938505181577056,0.5928648071506991,-13.69622744165796,-13.438244366517408,-76.02792848167913,user,ohp,heavy
1789154977049,4.300435678973794,0.9285013336126343,0.11597001969665288,-10.494215975735765,-13.961565776760969,-81.77776614010345,user,ohp,heavy
1789154977066,4.609886243548989,0.9392752388000488,-0.019750921587273478,-10.252319703637886,-14.641145693515142,-84.87301662665648,user,ohp,heavy
1789154977082,4.783915361243486,1.0544961936950683,0.0718267804570496,-16.148529169749228,-9.799633548469659,-86.15084256752831,user,ohp,heavy
1789154977099,5.688476429536938,1.6503533510621635,-0.45504729544632133,-20.774003285120855,-2.2700007774924558,-84.58125826607021,user,ohp,heavy
1789154977116,5.945404195192456,2.2337905142519623,-0.982070643627271,-13.574843027275787,3.4922883157888016,-83.66221533210998,user,ohp,heavy
1789154977132,6.687455318671464,2.8740896015442905,-1.539321080028638,-0.2080529248843039,-0.43683459344552383,-79.37327317488133,user,ohp,heavy
1789154977149,7.9107427294075485,2.773383640344441,-1.0549443027887493,2.875608464874922,0.30756045679833877,-67.4092201265527,user,ohp,heavy
1789154977166,8.416666883197426,2.660107828167826,-1.118988904936984,0.9753264674854911,9.123080259291447,-54.116644058237796,user,ohp,heavy
1789154977182,9.000105069300531,2.8975828514650463,-0.8306376078180968,-2.5188743012709143,15.68039824932031,-42.64881791348891,user,ohp,heavy
1789154977199,9.512913721907138,2.5374052853457627,-0.5041285025447607,-9.035980833221798,21.146052226947916,-28.101660745595023,user,ohp,heavy
1789154977216,9.979632238990067,2.3844755081728097,-0.30496048661433156,-19.967299887534406,29.64823243219206,-17.27842858112422,user,ohp,heavy
1789154977232,10.970682088690996,2.029984024865925,-0.4059656864890828,-26.7528366958482,35.326377009993344,-4.331818242856569,user,ohp,heavy
1789154977249,11.503391958075762,2.0269912727907298,-0.6759123255304992,-24.178422284454502,33.67667800466558,13.407147368999986,user,ohp,heavy
1789154977266,11.010784381976723,2.1891982891358435,-0.9745886173088103,-14.989806360076784,38.853872603076034,19.555418990015127,user,ohp,heavy
1789154977282,11.164311978912353,2.4935611751832067,-0.22595186836179346,-7.793364517521378,34.24768181927865,28.564689514713944,user,ohp,heavy
1789154977299,12.424411409217118,2.248454926355183,0.010775034487701122,-5.9701872450117515,32.35383428697419,42.83326717202511,user,ohp,heavy
1789154977316,12.444462848120928,2.2098484245851635,-0.09920847091739997,-7.149958563272061,36.97096020363277,52.29694164446841,user,ohp,heavy
1789154977333,12.224196879908442,2.1585227264955638,0.111930078389775,-9.083949251762798,41.05524940276032,62.17881152431867,user,ohp,heavy
1789154977349,12.144439452582597,2.2116439296998083,0.3995333153540268,-8.579479163628472,40.594928803647306,74.34375409651572,user,ohp,heavy
1789154977366,12.131720256263018,2.1565772915162147,0.6052847647953778,-7.817105401302696,42.57912607829269,80.28332074970467,user,ohp,heavy
1789154977383,12.54502048689127,1.489792202227935,1.0791879326853901,-12.02124051470187,45.90632637396475,84.17303151975689,user,ohp,heavy
1789154977399,13.101520981708168,1.1363479994842782,1.8763066441960632,-21.936260717688786,35.48154866265228,94.04905475767761,user,ohp,heavy
1789154977416,13.053187451171874,0.6587047865494154,2.371158199829608,-29.766456176535808,20.206476036795326,92.91156188349287,user,ohp,heavy
1789154977433,11.702262087038159,-0.10339953396564815,2.4352036787606774,-32.74542952265853,10.891748353356139,78.45266612760118,user,ohp,heavy
1789154977449,12.522724483931064,-0.41150344687197354,2.4643822077762336,-29.614593750529746,-8.398327178914101,63.72220888049894,user,ohp,heavy
1789154977466,13.886669488635658,-0.5804442649841308,2.6020493146918713,-28.073301800161133,-35.20519579373898,68.3572640437288,user,ohp,heavy
1789154977482,14.195074343550205,-2.0657472660340366,1.9952684661198405,-30.764005304816173,-44.076467468899565,65.55448225743574,user,ohp,heavy
1789154977499,14.229040326038001,-3.7158009034972634,0.3552403289128095,-35.95949114982392,-25.000435551065536,56.50026055026177,user,ohp,heavy
1789154977516,14.453796591407059,-4.432265896429493,-0.2832629975365475,-34.02485372779615,-10.116345151414919,46.70537654458621,user,ohp,heavy
1789154977532,14.50512112045288,-5.38949735541977,-0.6658860580893233,-26.324539438658793,-6.706066276660225,28.82813161854863,user,ohp,heavy
1789154977549,14.920667084181307,-5.873126529162749,-0.9259565056847407,-15.019193248980764,-5.144382369637714,11.761315958289742,user,ohp,heavy
1789154977566,15.09813611319661,-5.712415523529052,-1.6476587782159446,7.663130739295806,1.5113961056497633,-11.540850258486424,user,ohp,heavy
1789154977582,14.775216995239257,-4.906616881152242,-1.4061438684107734,25.016080099359453,3.1977859267034843,-30.447545565096558,user,ohp,heavy
1789154977599,14.889540709033607,-4.482544131292775,-0.8066948970967903,34.88978790315154,0.7147424242924869,-44.272155803715016,user,ohp,heavy
1789154977616,15.165173759680986,-3.495684207562357,0.8218111811533569,34.0933092987526,-4.813195461407081,-58.018789187674024,user,ohp,heavy
1789154977632,14.49270295290649,-2.551919767584279,1.9617498255407437,24.53276054576372,-6.036980945565776,-69.28824614835823,user,ohp,heavy
1789154977649,14.5425316904366,-1.9671359024932606,2.3520044038852674,12.164531907073213,-9.435404319468619,-75.03322754228266,user,ohp,heavy
1789154977666,14.754719566133618,-0.844704291490186,1.706169565504044,4.57489058815216,-14.133169157015661,-73.7769781689989,user,ohp,heavy
1789154977682,14.926950109973548,0.1699883429872687,0.949152599289827,2.190031428586065,-18.092950837763045,-66.35168144679211,user,ohp,heavy
1789154977699,14.639946355006098,0.37110130298999133,0.49470268521476535,1.0979724391517076,-17.226807718924558,-58.561003754935484,user,ohp,heavy
1789154977716,13.322536306983231,0.4578911771027371,0.1815111074803397,0.9290757347990439,-18.564447333905488,-54.107006661318906,user,ohp,heavy
1789154977732,12.784439483863114,0.6545149884430691,0.40162873499700796,-1.6179671203826491,-24.86574592818018,-48.96412351820401,user,ohp,heavy
1789154977749,12.623130731531976,0.7833530018128454,0.4130001973689068,-2.8115831253688683,-27.93624893182295,-39.737265364663386,user,ohp,heavy
1789154977766,12.13606033129394,0.5928644052919,-0.2630621379413991,-1.8133834215700626,-23.032176522848378,-28.582248223522754,user,ohp,heavy
1789154977782,11.38293368704915,0.6214451876100152,-0.2926900546922698,-4.4971613278501215,-21.075448561497492,-23.483143177893055,user,ohp,heavy
1789154977799,11.351361321699619,0.3730467653688043,-0.11716550395837984,-9.500947668517709,-19.910469298545316,-19.85283957742333,user,ohp,heavy
1789154977816,11.10864679031372,0.5882254934448748,-0.6774086559023242,-8.900529644243981,-19.914193459190265,-12.392680715919148,user,ohp,heavy
1789154977832,11.128999257990717,1.2891281755860895,-1.2910724597879684,-1.7480937500156164,-25.941288986592916,-2.271826999321788,user,ohp,heavy
1789154977849,11.064057707002759,0.9702504419740289,-1.521215094370488,4.142879842488384,-25.79616454220307,8.035871237776327,user,ohp,heavy
1789154977866,9.422982106569409,0.955436319201812,-1.531091048354469,8.187069427885607,-21.961356540246705,14.536725761483988,user,ohp,heavy
1789154977882,9.041553516498208,0.7559693203248083,-0.3597280687861144,1.1993238019765287,-21.520655659524557,20.931394749260047,user,ohp,heavy
1789154977899,8.906432513868808,0.6964136270936578,-0.3806769314536825,-4.965683276609024,-11.57896356782874,30.272340967601973,user,ohp,heavy
1789154977916,8.015038970184326,0.5846342274872586,-1.2228374019462616,0.43130662252945634,-6.201703337118504,36.35908112193176,user,ohp,heavy
1789154977932,7.242759297180175,0.8081927709717303,-1.0036183124382048,6.324739376619352,-10.55691284344825,35.265776156582405,user,ohp,heavy
1789154977949,7.5546052324593065,0.5966051992554218,-0.7164638969536871,6.001738023222156,-14.337624039630823,35.127625335335146,user,ohp,heavy
1789154977966,7.337033325636386,0.9498996365311555,-0.6676821111932396,0.3549346755619736,-6.228588242352144,36.87932638572788,user,ohp,heavy
1789154977982,7.715018497255444,1.2880805479629895,-1.1456243984062224,-3.688096819244962,6.812992888116774,43.992719104391455,user,ohp,heavy
1789154977999,8.022970932227373,1.3259389576123328,-1.5146312042018397,-3.1141835574888823,18.11579952808403,54.4015141730461,user,ohp,heavy
1789154978016,7.742400425177812,1.300201166468067,-1.6904548406302928,3.4923958912682296,16.72726988114463,63.026642905992354,user,ohp,heavy
1789154978032,6.820482563892006,0.719457598876953,-1.7785915719078853,11.753870198320781,13.452779862844842,62.290833456896046,user,ohp,heavy
1789154978050,6.339996802741289,0.5532102210998535,-1.7896646449882536,18.17289649445075,14.86242503960334,57.662997803618886,user,ohp,heavy
1789154978066,6.162527189204097,0.1423054342407733,-1.391030433898419,26.712784466555245,14.810604394370452,51.65906003259717,user,ohp,heavy
1789154978083,6.568493423682451,0.15771796129755675,-1.6955428662179968,38.02424367554043,16.144425933605344,46.26340866377302,user,ohp,heavy
1789154978099,7.115269227820634,0.4529528073851019,-1.8201910266824997,53.94229323438946,16.306970775473307,46.8750896699881,user,ohp,heavy
1789154978116,7.555802917811274,0.8049005244933068,-1.4176654889762401,68.4364600871551,10.068826671585493,46.518324983976235,user,ohp,heavy
1789154978132,7.6023396280586715,0.9192235807005316,-0.5352530327952466,74.9670293488469,11.242094369095481,45.523238138891664,user,ohp,heavy
1789154978149,8.00546333258748,1.1854290969848633,-0.0766133114806842,71.41611645219483,13.209398878376131,50.90942969571534,user,ohp,heavy
1789154978166,9.212889741846919,1.4776711909972131,0.4706115047918341,65.68256879494098,16.403493301276637,62.22381564075988,user,ohp,heavy
1789154978182,8.748265566694736,1.760635607445985,0.45864029670329765,62.717850053616075,26.76154860213455,76.98207175778407,user,ohp,heavy
1789154978199,8.481161274939774,1.4053962283812462,0.510863509888202,67.6838415425114,27.220103597347112,85.73404393380662,user,ohp,heavy
1789154978216,7.370700032916664,-0.2059014889039099,1.2250838108998723,71.70965749215446,20.519892927239702,88.8029503807309,user,ohp,heavy
1789154978233,5.229086647906899,-2.241571450451761,3.211074581189826,50.36642282651016,17.147901958537986,70.26327614294505,user,ohp,heavy
1789154978249,4.668544184222817,-2.9314006576538083,3.9683903111549093,18.880934394381782,20.661078060025744,48.94819893215412,user,ohp,heavy
1789154978266,5.597195153155923,-3.563769463403523,3.8569106251474468,-8.185438720221265,22.452264434010324,35.55615140386174,user,ohp,heavy
1789154978283,6.0731929552376265,-3.677793609729409,2.688240720587969,-25.888076690316637,21.529937886606604,14.595094850583624,user,ohp,heavy
1789154978299,6.097733522254228,-3.3827076705932617,2.1915931483831255,-23.555309249116117,15.501073340208919,-0.8496172626982296,user,ohp,heavy
1789154978316,6.650345777460933,-3.1188968674257396,1.1327580487009137,-9.338436123821948,4.611774890330698,-15.053825723167312,user,ohp,heavy
1789154978332,7.509713951331377,-2.470517130334675,1.2581541414558888,3.067702412639653,-4.777712201782042,-29.126604055089015,user,ohp,heavy
1789154978349,7.8375716947346925,-2.287211357989907,1.2915234732247889,1.0552670015313204,-1.1966545853932289,-35.61601118174774,user,ohp,heavy
1789154978366,8.2987542050004,-1.372027919525653,1.5994779905559495,-5.183673459725036,1.8312885490358393,-38.964026478915414,user,ohp,heavy
1789154978382,9.126549428999423,-1.3204028000980614,1.2713221044562757,-6.107708835081727,2.8695056908515153,-32.199830596663325,user,ohp,heavy
1789154978399,8.84792421079874,-1.5723925248295068,1.1225827647104858,-2.532916316430814,3.9141923024716627,-29.457369626025223,user,ohp,heavy
1789154978416,7.220763738471269,-2.4064723820559677,1.3971670369572937,0.4894224877016998,1.6755908650891078,-33.52662899388415,user,ohp,heavy
1789154978432,4.51322093604207,-2.778770594079792,2.1381733275584875,-0.15919566127649035,-2.0847952889490937,-64.71972385783346,user,ohp,heavy
1789154978449,4.680663661083579,-2.057816326904297,2.4058741239018735,-2.7235099704556696,-7.399724493954264,-81.94473011436442,user,ohp,heavy
1789154978466,7.550266326472163,-0.9787798584535717,1.4405623073738067,1.2159726015218464,-10.583129670803698,-77.57982942337607,user,ohp,heavy
1789154978482,7.103447857123613,-0.42033232122212644,0.609474873428978,12.221248090393706,-4.971207192100271,-67.46150522464914,user,ohp,heavy
1789154978499,6.3338616609871385,-0.6742671886719763,0.9506486830664798,11.485718679053374,-4.260092291948149,-68.22445784550708,user,ohp,heavy
1789154978516,4.9476188997566695,-0.8601170925416052,1.7920608559424056,-0.2597954765089851,1.7606599107062646,-74.45817342549178,user,ohp,heavy
1789154978533,5.032613058692217,-0.1659481756348163,1.7444759883489458,-17.027618912159475,4.776352567250386,-84.32388307776579,user,ohp,heavy
1789154978549,5.803695046344399,0.33354214571528135,1.0886145902656017,-14.222887106858364,-1.6846939064271482,-80.23409557635638,user,ohp,heavy
1789154978566,6.088606212946773,0.7917324884276836,0.047136575836688274,-5.596937043664418,-1.6887485841949028,-77.44545228164525,user,ohp,heavy
1789154978582,5.9718894665360445,0.7338227723052725,0.08694112828485667,6.593202950154465,-1.0413581750602356,-77.74091260476165,user,ohp,heavy
1789154978599,6.498614416292309,0.9126397727302741,0.603788352225162,7.028793141830151,-4.4052116136961175,-71.07302921999592,user,ohp,heavy
1789154978616,7.347506204333901,1.6955436882019042,1.3537721318669615,-2.580185280912122,-3.2429345443343265,-61.302184065104214,user,ohp,heavy
1789154978632,8.027909557673334,1.929427335943654,1.7226293365914374,-23.990704780400456,2.948210600987807,-46.68014582579218,user,ohp,heavy
1789154978649,8.606856862097978,2.0874446089813485,1.3587100631931797,-47.876374911744456,19.432275801921676,-29.287892142149698,user,ohp,heavy
1789154978666,8.308479480201006,1.7613843434540555,0.19842048549875616,-48.7909748076496,26.332219986380473,-26.851215325558478,user,ohp,heavy
1789154978682,8.153754197913408,1.679831812872365,-0.14634418823756276,-34.605529090273954,23.876138602357248,-27.387704486748177,user,ohp,heavy
1789154978699,9.15468012946248,1.0645219862122088,-0.1147711653009057,-9.194179113456695,5.353391280881982,-21.14255858518745,user,ohp,heavy
1789154978716,9.622746554023028,0.37574009610600767,0.8327345800973475,1.0877885203775128,-9.736451737326101,-16.86715215534649,user,ohp,heavy
1789154978732,9.640253569141029,-0.05835859240107238,1.2743142720095813,3.7384297638992554,-18.508530282717885,-16.50233467630318,user,ohp,heavy
1789154978749,9.475354098841548,-0.806247335992381,1.5836153451114892,4.042476915462842,-18.557135616398988,-23.62542967868276,user,ohp,heavy
1789154978766,10.396073690253495,-1.0868177699767052,1.7124543448619542,0.6141644736694641,-14.272700530248914,-26.11662335768173,user,ohp,heavy
1789154978781,11.175385746112465,-0.9042599664550274,1.8100170396000146,-6.825796931489609,-14.395284496604072,-22.656691995868805,user,ohp,heavy
1789154978799,13.000815458899735,-0.2274489385191351,2.1600198697181416,-18.691343710947862,-23.28862622052026,-11.078705145091375,user,ohp,heavy
1789154978816,13.378051857978106,0.3477579372681677,1.1953059094853697,-23.88442874446235,-19.655095355667708,-3.171402826930429,user,ohp,heavy
1789154978832,13.705161413362621,0.9017164925172925,1.0432743963263928,-28.185701100690153,-13.12194001360141,9.605970364743117,user,ohp,heavy
1789154978849,13.665207004114984,1.5882536724366247,0.8342308830697089,-33.138308833906834,-10.465965459554946,23.60011699761869,user,ohp,heavy
1789154978866,13.069050790736078,1.8863317791260779,0.9609736046606674,-37.17372461442835,-14.842335745707038,29.400552697414472,user,ohp,heavy
1789154978882,13.026404073664546,1.7332525104798375,0.42781449367105956,-38.32918088613024,-16.51965945113292,33.60251922575217,user,ohp,heavy
1789154978899,12.377574839240312,1.6443677738465368,-0.07766063770968466,-35.48982002173717,-15.78584441727426,28.97831381801887,user,ohp,heavy
1789154978916,12.48022740446329,1.6944964441712944,-0.36152399402586743,-30.77409349422028,-14.377932401017654,25.068341291793804,user,ohp,heavy
1789154978932,12.803443459540604,1.8405426723755896,-0.09846044729538261,-32.850665662295505,-15.824916514421318,24.467329041062285,user,ohp,heavy
1789154978949,12.992885250422358,2.2047605268616226,0.22311078145066274,-46.07757287683531,-12.852435263104693,28.820758429339598,user,ohp,heavy
1789154978966,13.730448414832352,2.4381953348573298,0.6106718646612018,-64.10380471923838,-19.27065132804437,39.801803822130836,user,ohp,heavy
1789154978982,13.895947604590653,2.2916999381134286,0.5574015718424692,-91.51498627371119,-11.280682376585114,51.86905761372379,user,ohp,heavy
1789154978999,12.900109351569414,1.796998029216798,-0.808640807000175,-115.06584736213033,9.673886350755138,56.7373842276771,user,ohp,heavy
1789154979016,12.434736403876542,1.0296564724852446,-2.7287908124401232,-109.65726644520736,17.729579651276488,58.72972991800231,user,ohp,heavy
1789154979033,12.331485872760414,0.5900211629563011,-3.3818085845953783,-86.1498180391528,14.490300965695411,60.52203985810536,user,ohp,heavy
1789154979049,11.31335278582275,-0.7785643792968243,-3.7213370381786484,-53.41808987596932,12.487157600066057,53.16603198993376,user,ohp,heavy
1789154979066,9.8507948466748,-1.6861164826324209,-2.750039041646756,-32.66788980010596,6.658834237889117,41.17735269455263,user,ohp,heavy
1789154979082,9.767594585418701,-1.890371848297119,-2.3383862676982767,-15.88642749053916,1.8071105331476405,31.07927317652562,user,ohp,heavy
1789154979099,10.727072069770097,-2.2267570354185997,-2.059311424300261,1.4498401996937869,16.02143813231551,25.944046675470307,user,ohp,heavy
1789154979116,11.922977552583813,-2.3950994857788084,-1.3443435380579902,16.28914910438145,21.277495802430224,26.62065204484094,user,ohp,heavy
1789154979132,12.174217335730791,-2.5802012016296385,-0.4415797284448519,26.81335046434722,18.552842842505637,22.9839980759904,user,ohp,heavy
1789154979149,11.665747589111328,-2.7807155176024883,1.5445608073130248,29.162933831284313,12.920458824596142,11.084158197369984,user,ohp,heavy
1789154979166,11.673828604236245,-2.6779144838195292,2.7364243577921763,26.81385760589309,4.3221868223532045,-7.325777450905121,user,ohp,heavy
1789154979182,12.088175129047036,-2.4803928468566387,3.0250748205207287,22.535005345615858,-1.8150647153229436,-14.827819886173469,user,ohp,heavy
1789154979199,12.612504708099365,-2.154482145867869,3.3010065253211183,11.424373335022905,-6.10412981595664,-16.322331870916667,user,ohp,heavy
1789154979216,12.058995211791991,-1.86508287406601,3.0663752375498414,2.8167984016869965,-6.87202834754731,-16.028370774323072,user,ohp,heavy
1789154979233,11.722461409980058,-1.7369933044433592,2.7225079875772815,-2.349582940050271,-7.2085577443693625,-13.660705335332016,user,ohp,heavy
1789154979249,11.03113509608805,-1.3727753038268535,1.887080807395093,-3.8524644678476725,-8.80921513768279,-11.484725740302784,user,ohp,heavy
1789154979266,10.0490640871346,-1.1424831047058104,1.009456370941922,-1.3013343847779615,-9.17265121096646,-12.170451119762676,user,ohp,heavy
1789154979282,9.496005257204175,-1.0435726486206054,0.7022501146947965,1.46027993039674,-8.342445986219643,-16.376140101198025,user,ohp,heavy
1789154979299,8.978855945044755,-0.8976759484222159,0.5602441748572513,3.72260891134739,-8.561241704770891,-19.976527473103094,user,ohp,heavy
1789154979316,8.922441983905435,-0.6866868905883282,0.333692440906167,6.970395451313364,-8.319337748710195,-22.18169502777673,user,ohp,heavy
1789154979333,8.898650189429521,-0.49515072124321013,0.3146894881419837,8.493586973494622,-8.823590978338373,-21.84449371109508,user,ohp,heavy
1789154979349,8.742278893500567,-0.18151034029535948,0.36586470837760715,6.758436325234475,-7.282219627020657,-20.767970520536444,user,ohp,heavy
1789154979366,8.506300976893305,0.17103579936372115,0.410756391364336,0.3137633091013417,-3.374732649323243,-17.413423854974937,user,ohp,heavy
1789154979382,8.486698450800777,0.25902278343969953,0.35464265528060496,-5.066575415933867,-2.7690634902382465,-13.374686041195854,user,ohp,heavy
1789154979399,8.303989183044433,0.5476738489564508,0.23089148018844424,-10.172638716780517,0.464167222915343,-8.88890722359756,user,ohp,heavy
1789154979416,8.415918110656738,0.7541735229492187,-0.16430157747156918,-11.428776245716623,2.5311302219628558,-0.2522841627322487,user,ohp,heavy
1789154979432,8.462606212073563,0.870890890414454,-0.1451474892662838,-10.438553349094747,0.2651039475566866,5.993908918886029,user,ohp,heavy
1789154979449,8.194904538947343,0.8898949391571804,-0.09112783938497304,-9.704732338820563,-1.1017246676052777,8.653353635917684,user,ohp,heavy
1789154979466,8.613293032625316,0.98252052455293,-0.10205167672038078,-7.162497509927735,-3.494692969263469,13.47548426541961,user,ohp,heavy
1789154979482,9.139566731482743,0.9627684887208044,-0.23493034378308802,-5.339603263381841,-2.972440483625016,20.48953615147358,user,ohp,heavy
1789154979499,9.73003613139689,0.7728783695496618,-0.10205171325299889,-5.851505024219964,-0.8281533398706116,26.01952026579895,user,ohp,heavy
1789154979516,10.422409323993325,0.16774382687993347,0.19662516304720193,-9.21369979410459,1.3426367521324403,28.191896082267355,user,ohp,heavy
1789154979532,11.029937410736084,-0.3419218515258282,0.3238165051884949,-11.818208018981363,-0.07718992215155122,26.511640518140247,user,ohp,heavy
1789154979549,11.97654664568603,-1.496525675201416,0.3962411784734577,-15.447678336372343,1.57109131866544,19.302080443510185,user,ohp,heavy
1789154979566,13.506292453444003,-2.7718869720458983,0.35374431820139285,-21.652317801060306,5.775081610709868,8.415859420739878,user,ohp,heavy
1789154979582,14.176217667388915,-3.172316907446086,0.08484499625582248,-17.925983448407496,8.396773310877924,-0.8492885598444226,user,ohp,heavy
1789154979599,14.332590716883539,-3.690961207403615,-0.46612029546145345,-5.61154596452543,11.845000289774385,-15.881087990155503,user,ohp,heavy
1789154979615,14.469060796034336,-3.689165629223734,-0.4300573406944051,12.168103242235484,9.730207236877417,-29.896765940615897,user,ohp,heavy
1789154979632,14.915129323798418,-3.128024542059377,0.033519407764077185,32.39018113864241,1.010019773044336,-41.32837500729078,user,ohp,heavy
1789154979649,15.193155407062171,-2.0910358018737285,1.47108874386698,32.22059437174017,-5.601448383611212,-44.40710326624154,user,ohp,heavy
1789154979666,15.46130774656534,-1.6440683159759266,1.9497792921639978,20.272964513270818,-8.199905914657,-39.75694655475678,user,ohp,heavy
1789154979682,15.317206149622796,-1.1080664375747553,1.7990935310581697,0.15739299826370942,2.437080011195661,-31.419416597192257,user,ohp,heavy
1789154979699,14.221857721057534,-0.8152256104842759,1.4154234822031109,-15.732177913418177,11.360130283237057,-28.2848156832835,user,ohp,heavy
1789154979716,14.086886356031894,-1.26324043631081,1.028909076767601,-42.929275726093394,20.784977691569775,-26.362359903640446,user,ohp,heavy
1789154979732,13.970767575514316,-1.6047135257224086,0.581342967389524,-61.4385761126402,35.80917917675945,-28.779480181090626,user,ohp,heavy
1789154979749,13.750200578528641,-1.0908580035445279,-1.0944484475182368,-57.602174969059924,44.898545622307715,-27.45914826546651,user,ohp,heavy
1789154979766,13.752295504981278,-0.5765535959548317,-1.9804525167167186,-29.60275361760353,43.434989762430305,-18.39471713303067,user,ohp,heavy
1789154979783,12.815862796130777,-0.20545222903275862,-3.011604805833846,23.14771429530102,40.216478267020655,-2.506166093989871,user,ohp,heavy
1789154979799,11.252151005885004,0.2976293034760281,-1.9268823276359586,55.96677496475958,31.90608465102859,9.879454554205012,user,ohp,heavy
1789154979816,10.626965097376704,0.5979520472871139,-0.6640907356377691,66.90086280700699,22.194554566436572,19.420912074690065,user,ohp,heavy
1789154979832,9.292347309443354,0.1631051159623079,1.7977469752874224,42.387829555113555,23.02358243732521,18.60664082750324,user,ohp,heavy
1789154979849,7.809288434058427,0.0209493741242215,3.2369623250316826,10.114985943770085,28.3488418765632,6.325344275247721,user,ohp,heavy
1789154979866,7.544579513007402,0.21278481867685914,3.613899083576351,-16.596208796255837,19.23266181588076,-4.4193244920686565,user,ohp,heavy
1789154979882,8.372823065295815,0.4635774060456082,2.992902443451434,-29.89751043123543,0.8490585745684637,-4.764519691400162,user,ohp,heavy
1789154979899,9.105598995429277,1.1876736975738778,1.0206795565500855,-21.29321548280501,-5.448457268844804,4.483160720712065,user,ohp,heavy
1789154979916,9.343671838489174,1.3382092000214383,0.10534560369923711,0.21197015843522524,-5.293860205849796,20.605765480579688,user,ohp,heavy
1789154979932,9.437496369612216,1.5070004124958767,-0.6202470638666302,30.74193013341869,-8.543346609145457,41.96424171335688,user,ohp,heavy
1789154979949,8.028507523566484,0.9059060851276619,0.7231996349494904,36.82608164605304,-14.372338476087414,40.12261439235175,user,ohp,heavy
1789154979966,7.537995458441972,0.8505401580368168,1.7667719182439148,25.163188713703185,-20.530536069513875,37.8436534738853,user,ohp,heavy
1789154979982,6.960543945533037,0.22864633161015807,2.2985841812018304,2.4023738990321224,-15.438109241345156,33.88331513272056,user,ohp,heavy
1789154979999,7.090878298407793,0.22430684110112487,1.7999916124090551,-9.076202963470356,-10.18667560929854,34.51644976311865,user,ohp,heavy
1789154980016,7.538743646460771,0.2072480812072754,1.4303870233833789,-12.83454955898937,-5.711260323105269,40.24401417465956,user,ohp,heavy
1789154980032,8.15809485746622,0.49410322148427366,0.15831753462590276,-2.0817078300008367,-0.1009533375530024,53.186095670620674,user,ohp,heavy
1789154980049,7.5456281452775,0.4460696237426251,0.34701033377125856,4.762586320978225,-0.44102339371701926,53.608559946258886,user,ohp,heavy
1789154980066,7.294685883772373,0.05850823000483214,0.6467355500806122,6.212989797835127,-4.927715962560216,46.76114503915936,user,ohp,heavy
1789154980082,7.445369781714677,-0.5137058937072754,1.1314107988104223,-0.8693095518490226,-7.960179935167892,40.73700698366733,user,ohp,heavy
1789154980098,8.079234671241045,-1.1382933248657732,1.0896619073614477,-9.056458594127141,-7.1082816027302895,38.83190329961069,user,ohp,heavy
1789154980116,8.52934516787231,-1.308431353405863,0.9518461857553571,-17.83032664908147,-5.867523525370936,45.98631130424019,user,ohp,heavy
1789154980132,8.292769285371898,-1.839944268091023,0.20216171785369513,-26.47755616663459,3.78004567962532,55.07790780655246,user,ohp,heavy
1789154980149,7.246800681525468,-2.612074011230469,-0.38890696312785145,-32.807297376160506,15.745339687948793,51.15928484574358,user,ohp,heavy
1789154980166,6.935255190497636,-3.025971769360453,-0.34401619345657525,-42.92514346164553,25.222549887779767,39.74297198771493,user,ohp,heavy
1789154980182,7.0009455140262835,-2.5233390583314,-0.10818732993118464,-55.63129314820148,39.02505080405489,27.07531724732118,user,ohp,heavy
1789154980199,7.858219930487871,-1.8435354244507849,-0.9392744350824505,-50.35345912746547,45.53727417763604,30.3234239524045,user,ohp,heavy
1789154980216,8.0828248046875,-1.6819266662597656,-1.5927422890927643,-26.549821275600618,38.99857357573734,33.337511301050256,user,ohp,heavy
1789154980233,8.288577094379066,-1.1052234875001012,-1.5842125803522764,16.54908732117192,17.885687039851714,35.57678540534435,user,ohp,heavy
1789154980248,7.916429542872309,-0.8746319401063024,-1.744323939592391,55.991069947637314,1.2111372544763004,31.019024077856937,user,ohp,heavy
1789154980266,7.370551564356684,-0.48692090876474975,-1.3878876058280467,90.3230431314631,-6.794077959870894,19.843337076740553,user,ohp,heavy
1789154980282,7.645735702192783,-0.1206086392827332,-0.21772139829620718,116.6794658931675,-10.65867156302404,14.05520596273455,user,ohp,heavy
1789154980299,8.105722865194082,-0.06239961142018437,1.2954147815749049,132.9516539302925,-12.733429462100977,14.517853948807243,user,ohp,heavy
1789154980316,7.643041056281327,-0.17702143137827514,2.231846175251156,129.01604428901783,-12.81751677474665,9.257909901054791,user,ohp,heavy
1789154980332,7.252936992323398,-0.2971808655887842,4.183269873621314,108.79787838345801,-11.718991837324111,1.8619430783610913,user,ohp,heavy
1789154980349,8.432830082491039,-0.46327860576212404,5.289840099555254,63.00570154599709,0.08353746907727398,6.147615922854819,user,ohp,heavy
1789154980366,8.815153575575351,-0.4857242463260889,5.393240268275141,26.8549002126157,13.636565739257898,15.491775745201238,user,ohp,heavy
1789154980382,8.3062355006665,-0.8596683258607983,4.916344202179461,0.25237613016220584,22.80869956339473,18.924012397477053,user,ohp,heavy
1789154980399,7.291691962653398,-1.4215575279787183,4.187909369990229,-15.232180745416564,22.806664167022067,9.390088575646523,user,ohp,heavy
1789154980416,7.082050264307856,-1.6913541275575756,3.731663877735287,-14.149125332690458,16.31030903043015,-5.234859324251934,user,ohp,heavy
1789154980432,7.431305600526929,-1.6717518937259912,3.1420917189218103,-7.23503411891327,7.6335346758484945,-15.331061394030838,user,ohp,heavy
1789154980449,7.793726123267412,-1.832611879376322,3.179650319074094,-4.69589763458269,2.004842802072217,-23.790143105612202,user,ohp,heavy
1789154980466,7.662194085040688,-1.8677767162598669,3.4440598187871276,-15.40401122946116,5.149575447841039,-34.439644285901856,user,ohp,heavy
1789154980482,8.379407704383134,-1.313070265252888,3.7321122060246763,-27.62425613582052,5.854287045646275,-39.62181809221725,user,ohp,heavy
1789154980499,9.775227856776118,-0.5846344101503491,2.7536322073005137,-25.82924314835344,1.7027181353165772,-38.052237205853736,user,ohp,heavy
1789154980516,10.48301255351603,-0.273537685803324,2.242919211798906,-11.616089061062345,-5.623928243717017,-27.54671641326795,user,ohp,heavy
1789154980532,10.824187459132075,-0.17717121511250733,1.6506531377263367,4.580413649869761,-10.392166119346605,-17.93972578901756,user,ohp,heavy
1789154980549,10.223390726470946,-0.5351039249144495,2.1471505608707666,13.206401279104142,-5.999161334357769,-7.106200529467551,user,ohp,heavy
1789154980566,9.682752986696363,-0.9928457932069897,2.465131345643103,11.923398054841437,-4.6823870935175815,-5.074238461295798,user,ohp,heavy
1789154980582,8.381801906043291,-1.7741035763062536,3.449447357044369,3.0472237979606622,-4.569090476886349,-10.444966042951743,user,ohp,heavy
1789154980599,7.436539994049072,-1.9551649307250976,3.577087940790504,-8.339555108653434,-5.0968553520718265,-21.480174835861185,user,ohp,heavy
1789154980616,7.24590227138102,-1.7022773803710936,3.5553907805062828,-14.631762721142838,-9.122016457328217,-27.653673760575764,user,ohp,heavy
1789154980632,7.386413150355219,-1.3099275833129882,2.920777410700172,-14.848587076344893,-11.47094668742593,-25.98881173529057,user,ohp,heavy
1789154980649,7.133975681856274,-1.5842137493960557,2.4202397722542286,-11.662598380441901,-9.972509051457266,-29.55097053841108,user,ohp,heavy
1789154980666,5.746982394519448,-1.930025813293457,2.0168169386483727,-7.726046173061732,-7.266447012679805,-40.456303284252726,user,ohp,heavy
1789154980682,4.979643100526928,-0.9540895807679742,2.0251962060675024,-6.777331616686491,-5.148813881748583,-65.45166741985953,user,ohp,heavy
1789154980699,5.714363150465488,-0.1390136261537671,2.2058090860664845,-4.657552098808592,-10.84583240666073,-66.20203200207713,user,ohp,heavy
1789154980716,8.255805874633788,0.5584473911009729,1.7334028787359594,3.08620710264851,-17.675207930388602,-53.08060339888982,user,ohp,heavy
1789154980732,7.772326776885986,0.36017771224975587,1.6566384957462548,7.610623660051333,-21.919173291932704,-44.161503324066224,user,ohp,heavy
1789154980749,7.2538336489021775,-0.07422028799746185,1.987487383789569,3.3063302257762692,-22.5641275646895,-46.889904350297854,user,ohp,heavy
1789154980766,6.660221859309077,-0.5627869912078604,2.0048457842171192,-0.745606875213011,-23.38097550074071,-53.48913408862121,user,ohp,heavy
1789154980782,6.65887395183146,-0.23597851939545944,1.8819936037912963,-9.034385130276954,-16.8456934085216,-59.64985202185141,user,ohp,heavy
1789154980799,6.936004547560215,0.26007015533447264,1.6660661031745374,-13.148791194776024,-13.466905547822074,-58.39583612042624,user,ohp,heavy
1789154980816,8.241892500093579,1.2078748608464143,1.5493486261114477,-18.906344405641523,-11.780092148318106,-49.719231666800184,user,ohp,heavy
1789154980832,9.723452661353349,1.582268113487307,1.5635642715338616,-29.492101137954737,-11.67603507008661,-30.751721209593903,user,ohp,heavy
1789154980849,10.17550903135538,1.4939820003342814,1.4742304028935729,-36.07616444122608,-6.978621987281822,-14.613842012308018,user,ohp,heavy
1789154980866,9.993998033472895,1.4368203626328147,0.7003045701175927,-39.01823769035781,1.458415395475032,-0.47375264636351544,user,ohp,heavy
1789154980882,9.406370578986406,0.9928456836091354,0.1605617333561182,-35.81894293217798,6.044127030984901,11.971152176197227,user,ohp,heavy
1789154980899,8.96299435904622,0.6280291143112815,0.009128989807888866,-32.896274250478264,7.621586113669204,12.651397182621832,user,ohp,heavy
1789154980916,8.015189776831864,-0.16460129107050597,0.23149010366871953,-32.174896991098194,8.524113650216348,3.304214361237446,user,ohp,heavy
1789154980932,8.015038970184326,-0.6341640551360324,0.6666364015325903,-35.59161716112703,11.383348657546868,-8.572825705603233,user,ohp,heavy
1789154980949,8.834605295020342,-0.5491699327331035,0.6881849471263587,-33.792893673393344,18.2941494276914,-7.452098384509922,user,ohp,heavy
1789154980966,10.292077309206128,0.04249714339985512,-0.4103047020740807,-22.959948979922785,26.05074959823154,-1.1761470491319712,user,ohp,heavy
1789154980982,10.710013967463373,0.710030466372706,-0.3883081204518676,-9.178954621796736,23.637348358784433,9.086828176497958,user,ohp,heavy
1789154980999,11.276242075568437,0.7912837308800313,0.5237330744639038,14.676756592300297,5.097827800254907,19.76692775049562,user,ohp,heavy
1789154981016,10.671108190485834,0.13721779110391508,0.8747826006233692,29.179346775859855,-9.413134487679793,15.45314590280294,user,ohp,heavy
1789154981032,10.309882430487871,-0.7517792482238262,1.9430455999948084,31.53559469987959,-16.537199376921514,8.10695984665782,user,ohp,heavy
1789154981049,11.208903984832762,-0.8619125428573228,2.0534781515695153,27.816643781719563,-15.824472552125266,12.95097610980776,user,ohp,heavy
1789154981066,11.352407615882157,-0.8038531343322247,2.0561711900457738,23.26946412480379,-16.182383002370397,19.055940916390433,user,ohp,heavy
1789154981082,11.151295260950922,-1.0832265679511706,2.15897266222015,14.096659234581006,-15.0979248395435,21.826769370198896,user,ohp,heavy
1789154981099,11.15279105246663,-1.3428477465422823,1.943943133356422,1.3674430387025744,-10.169370471262665,24.053776454743648,user,ohp,heavy
1789154981116,11.481844727656245,-1.3376105400085447,1.590948026087135,-0.7104541327107767,-7.008230857333827,29.332360088741066,user,ohp,heavy
1789154981132,11.774983624377846,-1.399560507965088,1.043722943811491,3.2393610747379404,-9.288324733428857,34.61869086480457,user,ohp,heavy
1789154981149,11.268760195380448,-1.4404115737915038,1.0688627188302575,9.599301538792245,-13.326948141539344,31.824672211216622,user,ohp,heavy
1789154981166,10.185534166285395,-1.701229880612157,1.1803425144355744,19.19363069986872,-26.34108557192315,18.09110668668714,user,ohp,heavy
1789154981182,10.616640687239169,-2.226906928750686,1.552192690430954,18.485317884823598,-33.10736807696668,11.064893648815962,user,ohp,heavy
1789154981199,10.704627013728022,-2.2436662673065437,1.4456504973582922,14.274164752052235,-31.69043850345836,6.570330781058208,user,ohp,heavy
1789154981216,11.246164917212724,-2.061557340063527,1.1584957896128296,6.454249154792902,-23.587546034451286,6.8682781468061505,user,ohp,heavy
1789154981232,11.104308468848465,-1.6648680524963884,0.79278133989349,4.731439804589321,-17.990472387003464,6.350024310039916,user,ohp,heavy
1789154981249,11.283276211988925,-1.5239095028199254,0.7261921678289771,5.585843108905025,-20.380481936090572,9.792131439440045,user,ohp,heavy
1789154981266,10.919954356494545,-1.4718354705810546,0.8598183287907392,7.087185282818235,-25.089743689558038,8.325758126530008,user,ohp,heavy
1789154981282,10.463111336737871,-1.4143745576720683,0.9083010585393756,8.028026765514568,-31.382209141688612,5.364164196750384,user,ohp,heavy
1789154981298,10.43842113211751,-1.329230834197998,1.0791876769570634,4.147015522030826,-42.132677593383974,1.4491903712272838,user,ohp,heavy
1789154981316,10.247332743072509,-1.170016277667135,1.3549690865665673,-11.885213028512835,-47.93567802921309,-2.018964004737807,user,ohp,heavy
1789154981332,11.01302953055501,-0.8168716789245605,0.5125099984535947,-28.28750848536378,-37.69749767093078,3.070090204084807,user,ohp,heavy
1789154981349,11.479600163599848,-0.4804864187378436,-0.44053180856080726,-35.35699674804251,-20.49226310449971,12.595264980475374,user,ohp,heavy
1789154981366,11.153540409529208,-0.36706118815317745,-1.9876354596239048,-22.954075017236576,-18.402525746799288,13.988042151304878,user,ohp,heavy
1789154981382,10.402358469611405,-0.7986159643311053,-1.7969966364107326,-10.503437584888928,-28.761550934519345,7.408131603048903,user,ohp,heavy
1789154981399,10.30434467010498,-0.9935936889648437,-1.8769035255271125,-0.5088528817865052,-29.68892328417241,0.9969962031227085,user,ohp,heavy
1789154981416,11.142764748492837,-1.1595417184691876,-1.9916754465965554,3.440928067994656,-16.13944160305853,3.9971842235291954,user,ohp,heavy
1789154981432,11.597663648444414,-1.3230956193786114,-1.4722833239464088,-0.46910411566393995,-2.7331919770475746,9.322477386826213,user,ohp,heavy
1789154981449,11.490073626819253,-1.3636474099975078,-1.0711050361306407,-5.298601637794254,7.050978023141175,11.785009884520516,user,ohp,heavy
1789154981466,11.598411251941323,-1.3857938484191894,-0.8192646841414738,1.9348250387865356,7.455700455523457,6.980403812881549,user,ohp,heavy
1789154981482,12.239908243781327,-1.012597664642334,-0.6431414071793202,16.004313140518995,3.4916038027679197,-0.20721828110381366,user,ohp,heavy
1789154981499,12.904001098310946,-0.6961142057556658,-0.22565243789064696,27.39982294988307,-3.3143115152648406,-3.150650150910992,user,ohp,heavy
1789154981516,13.926773535487055,-0.7393593271117657,0.8934871275634039,26.684688483404397,-6.47345991560721,-4.1802431116824685,user,ohp,heavy
1789154981532,14.49285083694458,-1.0527003963194788,1.7758999856031965,15.214931102667697,-6.929495424789682,-1.996102080925305,user,ohp,heavy
1789154981549,14.45978209555745,-1.3825018942017107,1.9048879105713683,-1.4901938110838686,-4.0775695736447215,-1.0069705204667485,user,ohp,heavy
1789154981566,13.92378019888997,-1.9758149200439452,1.1303632533857133,-14.061020161265525,-0.18513425180475257,-4.337644821105413,user,ohp,heavy
1789154981582,13.0430126786381,-2.532616370568797,0.13931360461418515,-12.421113085886619,-4.438902802437675,-11.794905121080571,user,ohp,heavy
1789154981599,12.696152713122963,-2.6433483434814957,-0.3419210478082299,-3.4645910449307538,-8.317342479698906,-22.20553580307466,user,ohp,heavy
1789154981616,12.0983504861027,-2.0124760598998517,-0.8991714294106699,9.025937040047294,-12.032017699438503,-38.049590507550356,user,ohp,heavy
1789154981632,13.180681612184642,-0.8470985479492693,-0.5538077851342037,12.810052231757473,-13.757519851722362,-38.82475550664427,user,ohp,heavy
1789154981649,13.83414727423787,-0.4439748434204608,-0.28056977639719843,9.401794666110279,-9.945156705152304,-30.5759975177224,user,ohp,heavy
1789154981666,14.254030390387772,-0.033817988851852714,-0.1957249993370846,-6.740682956034319,0.24711306920031434,-17.37839693736382,user,ohp,heavy
1789154981682,13.47037767497599,0.07302322370000183,0.21996815430969,-26.18094495664303,9.972271702383608,-15.385202596034237,user,ohp,heavy
1789154981699,12.87691552298665,-0.047285482788085934,0.0035921975393779573,-36.153721239251574,10.888198362535025,-22.69428877215514,user,ohp,heavy
1789154981716,11.83603635123372,-0.22161325463559478,-0.8863023580253123,-27.28628642285724,0.6392160067194842,-34.02402385981199,user,ohp,heavy
1789154981732,12.722042356660962,-0.5211877738952636,-1.7576421612510456,-3.8029814548582226,-10.581867793354538,-32.20751797457417,user,ohp,heavy
1789154981749,12.878561536628007,-0.3000232539744349,-1.7616824861504137,8.669460929527865,-8.081140877821525,-19.747442928340867,user,ohp,heavy
1789154981766,13.02296182425618,-0.26949721848382757,-0.8195643155420198,8.696407733350858,-0.40745039926461496,-1.536703664071953,user,ohp,heavy
1789154981782,10.68651911010742,-0.9246106234841397,0.5497697069908491,-10.639085995579029,10.784879798507536,4.879355235028763,user,ohp,heavy
1789154981799,9.172337366706133,-1.3943229943290294,1.2339124660543166,-28.162478457512112,7.064051858986225,-10.530499648154166,user,ohp,heavy
1789154981816,8.78417859159708,-1.6433200137926962,0.8934872462944127,-34.719839136223285,-0.03353307719938875,-21.948025718534133,user,ohp,heavy
1789154981832,9.822063257709145,-1.2068271555915009,-1.300948176309932,-13.399920175084468,-10.166349820102228,-22.147586770608978,user,ohp,heavy
1789154981849,9.75457669841349,-0.7196071816817857,-1.810913075124286,10.889634409808021,-11.96735202969776,-15.39483657785854,user,ohp,heavy
1789154981866,10.509350525343418,-0.3079540606734343,-1.467943997834157,26.744416780148864,-13.459890089770825,0.44242785136510315,user,ohp,heavy
1789154981882,9.556009351789951,-0.18225847351523114,0.39639085260983553,14.846710481870431,-6.321597062714322,13.521624754583986,user,ohp,heavy
1789154981898,8.409335225135088,-0.5312133746161591,1.4300874559149146,-16.103885345786733,0.784789269242994,5.754501823853796,user,ohp,heavy
1789154981916,7.620445778113603,-0.9677063195823226,1.4814133732002228,-39.23589874373319,5.946188521589265,0.8884990216830263,user,ohp,heavy
1789154981932,8.673145736041665,-0.21188675559228284,-0.7468404401147738,-32.256309430910164,0.6300147280512721,7.609202126930324,user,ohp,heavy
1789154981949,8.832659421649575,-0.057460748512204736,-1.7949022533807903,-8.384632649628225,-0.19736085070803075,14.20673712456587,user,ohp,heavy
1789154981966,8.872762299457191,-0.005386844137497246,-2.033125282033719,10.981395439986203,-5.790729574098368,18.034021673151468,user,ohp,heavy
1789154981982,8.136994786292314,-0.25228887207480144,-0.5219348294029013,14.409843044819954,-12.627303690324611,13.655490485900712,user,ohp,heavy
1789154981999,7.554903923144936,-0.31902722508534787,-0.05895648522898554,5.2814147474083875,-7.3893169932064575,7.292284764536317,user,ohp,heavy
1789154982016,8.459913904249667,-0.1409584994441131,-0.1819586685847491,0.2795815206783071,-2.984506653124078,11.934970102842732,user,ohp,heavy
1789154982032,8.903289539667963,0.03711021706396714,-0.8044507714318111,3.533899962646635,0.8548060186724707,25.33904217916892,user,ohp,heavy
1789154982049,8.764574896460772,-0.0915781221694313,-0.7805087182976305,5.313036815718253,4.367946528471351,31.57188007984528,user,ohp,heavy
1789154982066,7.297827104407548,-0.7059900866744108,-0.35628596550822256,-0.5470706716787826,9.097193842337099,23.76450599056256,user,ohp,heavy
1789154982082,7.473650704303384,-0.4773438829284161,0.4554979252906516,-16.1362365367905,8.726779023268966,10.387205694461883,user,ohp,heavy
1789154982099,7.88470461730957,-0.190189357846044,-0.019152773031033573,-15.052246241921749,6.278165170442681,7.634137440042748,user,ohp,heavy
1789154982116,8.869172750532627,-0.08993219985961913,-1.5444089412195607,0.15237146186221456,0.5593828347096711,9.012193845663582,user,ohp,heavy
1789154982132,9.380335389497876,0.19153609627988188,-1.5964826811974868,19.058421982606443,-4.862955950831563,14.499719796560859,user,ohp,heavy
1789154982149,9.347712638312577,0.06599014672543853,-1.139788677990064,20.335462451723725,-6.473853932144954,15.39518491750621,user,ohp,heavy
1789154982165,8.59907570670247,-0.4176385520935058,-0.2124842282950878,10.81556356958017,0.9191669445823538,12.46365150403746,user,ohp,heavy
1789154982182,8.767567648535966,-0.3896563201904297,-0.13452307326886803,-0.8111636178361751,8.616604656862076,14.922841477906687,user,ohp,heavy
1789154982199,9.864411284095048,-0.12419917458798736,-0.5270224165991879,-7.0086090790591165,18.09305670569518,26.691510134837948,user,ohp,heavy
1789154982216,9.93429146052897,0.016460136413574217,-1.3946214623940176,-0.7816644576977132,21.498976639098935,35.53664438359219,user,ohp,heavy
1789154982232,9.578454407832027,0.04384381790161133,-1.402701856464427,8.690793317853108,20.283945749908906,39.0658885051024,user,ohp,heavy
1789154982249,8.534581314960121,-0.22520459365844725,-1.2039832922013942,16.08053292901446,20.296197401732616,33.63450158654075,user,ohp,heavy
1789154982266,8.358008358001708,-0.13377594469599424,-0.7739249514265684,19.201886691027976,16.614967910811277,32.1081831183801,user,ohp,heavy
1789154982282,8.391081191042066,-0.10489610636606812,-0.6712730175328965,21.360945346162147,17.753452869972975,31.534020341275898,user,ohp,heavy
1789154982299,8.2869316652596,-0.16519998761601745,-1.183632231030194,27.557000970610698,25.96064232760615,32.99875099369055,user,ohp,heavy
1789154982316,8.167071944648027,-0.2184709014892578,-0.9130870963726658,36.58367140222012,23.379918528966652,31.57101947600986,user,ohp,heavy
1789154982332,8.067562938147782,-0.25273805888071654,-0.7501323030007071,43.40765193027733,18.87951200748713,27.603823624918427,user,ohp,heavy
1789154982349,8.671499722400307,0.1336263801574707,-0.09965751159284263,49.76327614166301,13.804431298489302,28.518850407646696,user,ohp,heavy
1789154982366,8.858846586829424,0.15652093353271485,0.16235826138406992,50.25915470559511,17.646411852847827,32.638359477229415,user,ohp,heavy
1789154982382,8.778491778132318,-0.09876111074239015,0.3087034725349396,47.99035027842446,23.96271125008716,33.187185667607444,user,ohp,heavy
1789154982399,8.585458684760331,0.15382731053456664,1.1462247754521668,42.07366475895507,21.283315123603074,32.70378585928896,user,ohp,heavy
1789154982416,8.890120846015215,-0.25438407252207396,1.0145441956002266,46.28331866520361,15.80817742831291,37.14140757437044,user,ohp,heavy
1789154982432,8.155699486762284,-0.6971618881776929,1.1124065308719873,48.4017154966614,12.206590504434859,31.384770462627365,user,ohp,heavy
1789154982449,7.742699700385332,-0.9772831901550293,2.358140239759162,32.59512096468865,15.304240948707491,20.28677515577258,user,ohp,heavy
1789154982466,9.809195008307695,-0.03292041895762086,2.610728076514229,19.57297940637123,16.879053759975235,27.028322130736907,user,ohp,heavy
1789154982482,10.518628641298413,0.1149210951656103,2.070686695197597,16.1697181241019,17.982218103391507,38.51619146560519,user,ohp,heavy
1789154982499,9.593417583686113,-0.6411972782410681,1.8929168566048145,16.12956002687681,16.825703152368266,43.629134474493334,user,ohp,heavy
1789154982516,7.997983205965161,-2.0840034920841455,2.3588882085822522,12.88547886453557,14.508909816089112,37.28086637684376,user,ohp,heavy
1789154982532,7.276279873988032,-2.6852472378604113,2.7870011737432328,4.885301341588082,9.448427782668542,23.08228791324147,user,ohp,heavy
1789154982549,7.308750649482011,-2.8137857933595773,3.144037226966396,-5.71226436091326,5.385797113399107,8.26054262656108,user,ohp,heavy
1789154982566,7.980773127967119,-2.5574564319886264,2.6858468111887572,-9.417662903099512,4.273217781098798,3.001372524618955,user,ohp,heavy
1789154982582,8.318955281507968,-2.657115514484048,2.303971134937182,-11.115632562839048,6.401707497715756,-1.6006166256218184,user,ohp,heavy
1789154982599,8.238750110414625,-2.450166708484292,2.0943289251349864,-9.15353692657418,6.476966790859188,-7.652925582902161,user,ohp,heavy
1789154982616,8.056490924513339,-2.6717799996525047,1.6525992302928119,-3.302799444862196,4.687654876914954,-14.693569102942284,user,ohp,heavy
1789154982632,8.027012901094555,-2.636615308899432,1.844733255933225,1.38075176902205,0.6182686169478484,-22.22253614391882,user,ohp,heavy
1789154982648,7.979725080218911,-2.3968954292848705,2.174385043146461,2.168166285505562,-1.881655004305748,-29.252474196208595,user,ohp,heavy
1789154982666,8.443003101459144,-2.008585701397806,2.353950240723416,-3.565721387102901,-0.8887438946369418,-34.026537369426556,user,ohp,heavy
1789154982682,8.824129493713379,-1.6635212409973144,2.3216279337894172,-7.14060888807196,1.1858794283690048,-31.30129872078064,user,ohp,heavy
1789154982698,8.737641296827793,-1.6901573189884422,1.5746374542120842,-4.2994593678899875,4.365221709879339,-28.72761855472272,user,ohp,heavy
1789154982716,7.0874378025650975,-2.0979197892338037,1.7374436054941267,1.9196615919422841,0.0194984825330939,-36.498461377229624,user,ohp,heavy
1789154982733,6.461802396723628,-2.426673458563536,1.984046595685929,1.5240731501927185,-5.975976684106984,-47.884960459531165,user,ohp,heavy
1789154982749,5.559036979675293,-2.2082022648133335,2.394801014288887,-10.471298983523079,-2.156768193884692,-66.96852266092513,user,ohp,heavy
1789154982766,6.8881187607914205,-0.9490016830444336,1.7642285904366521,-15.265366927046363,1.350586558717806,-68.02621160484746,user,ohp,heavy
1789154982782,7.581839276343584,-0.47764337733164425,1.071106552234292,-13.16125970510588,6.687829244689468,-60.40212222684744,user,ohp,heavy
1789154982799,7.572861604639887,-0.3820250215943902,0.46058585954681036,-7.87634277820057,15.037448637084916,-51.751195869406054,user,ohp,heavy
1789154982816,6.482900129809975,-0.7020997099060565,0.8405160277538001,-6.431778686197206,19.82078379210117,-53.10411291001301,user,ohp,heavy
1789154982832,6.197241944232583,-0.6251859085083007,1.1839338169258087,-5.365937911500472,12.653294267663801,-60.098800355996346,user,ohp,heavy
1789154982849,5.588815447345375,-0.35868126314692195,1.8944127211857587,-8.78474598498122,0.5231670906570007,-77.3944649194911,user,ohp,heavy
1789154982866,7.5095643137276165,1.2065279625823722,1.3332717801518736,-12.34296291517698,-1.7505553928811712,-77.31998853678128,user,ohp,heavy
1789154982882,8.466496205249427,1.4478933809142558,0.6769613231267779,-4.8146648058522805,-1.2995578952635236,-61.292116366267614,user,ohp,heavy
1789154982899,8.236353570666909,1.498171716242237,0.5231337203312665,0.46229057508002913,3.560082425612821,-50.313164426456986,user,ohp,heavy
1789154982915,7.942614954486489,1.2906244054932146,1.4209601466074586,-8.198090791885068,13.571128258140945,-51.31112336608754,user,ohp,heavy
1789154982932,8.454974109759926,1.4501381276337428,1.5795758604623376,-14.262850543692108,6.471888972098107,-49.175384684327085,user,ohp,heavy
1789154982949,9.505879000964761,1.8157027570862323,1.8905223626837133,-16.78921798936935,-9.194249122895688,-43.64576598512232,user,ohp,heavy
1789154982966,9.95209891989827,1.7331028363434597,1.2529163869328797,-14.250310316375966,-12.57080778060485,-32.74108210725182,user,ohp,heavy
1789154982982,10.090513118854165,1.3443443417755887,1.2725190591558813,-15.229467452768777,-11.614801570403799,-26.267804472318083,user,ohp,heavy
1789154982999,10.788272680664061,1.4233529600281267,1.664270817255601,-23.031544730350152,-6.847196341046082,-19.605952144589466,user,ohp,heavy
1789154983015,10.946890878736973,1.2351090006288141,1.2571064590338616,-26.23701568708696,-3.7314505912279716,-9.49057688003669,user,ohp,heavy
1789154983032,10.61708843100667,1.2925697674073278,0.8366248655341565,-19.79826465840764,-3.968773197902881,-7.1599840003131705,user,ohp,heavy
1789154983049,10.366745888960361,0.6350622826173902,0.5057761236213147,-8.452638281873103,-6.845711201788428,-6.685801959166444,user,ohp,heavy
1789154983065,11.257687597224116,0.18091200907602906,0.7218528234504162,2.243716502018954,-7.910493724050634,0.5256030135914623,user,ohp,heavy
1789154983082,11.106403979822993,0.00688347590342164,1.1312612342718988,1.7672282048102899,-7.403399135727731,3.0222965956978776,user,ohp,heavy
1789154983099,10.188525164794921,-0.16370346544794737,1.9388556740242986,-8.164203662091696,-3.4642982005700897,0.24607456028135505,user,ohp,heavy
1789154983116,11.406575259399414,0.14694419995732605,2.4759053261790425,-25.660556258874344,-2.0853002960608515,10.002010346029843,user,ohp,heavy
1789154983132,11.967865911102294,-0.0234931037902832,2.2617728192202744,-33.983510592750065,3.6782984859937558,20.24566766225286,user,ohp,heavy
1789154983149,11.448026044684648,-0.07182594020683318,1.1164469653692095,-31.650608255313433,4.852431483094219,26.969818145401163,user,ohp,heavy
1789154983166,10.829274553138017,-0.09816212193593382,0.5406421967539936,-14.82683121629111,-5.325126250549176,26.250821206946846,user,ohp,heavy
1789154983182,10.784532325091957,-0.08424586131889372,0.5559045747503638,-6.259555893162158,-11.556791066235588,27.84959773691758,user,ohp,heavy
1789154983199,9.934590735736489,-0.6121673456496559,1.652449227362871,-6.373751960329717,-17.25879520235502,23.096935253916563,user,ohp,heavy
1789154983216,10.007166142603754,-1.1358989040099083,1.4197631919078528,-10.319963335856754,-20.245751332070192,14.891972437952814,user,ohp,heavy
1789154983232,10.552894483515619,-1.3602056355131789,1.1388923867374658,-13.004939726892738,-21.073063117929866,14.79509132721806,user,ohp,heavy
1789154983249,10.732460777071118,-1.6261117121932096,0.7722804036565124,-16.36519984569496,-18.1912884863383,14.913803430087468,user,ohp,heavy
1789154983266,10.362855895784497,-1.2618937709422082,0.20216171785369513,-10.877930026891557,-20.213792876943703,12.52244321109199,user,ohp,heavy
1789154983282,10.281150841522216,-1.2125133936675265,-0.17672106019221245,-2.6612600532469965,-19.547478895104987,11.326586370449478,user,ohp,heavy
1789154983299,10.165182867652177,-0.7866448098998516,-0.13826456135213375,2.6814543613017854,-18.7817600476332,12.092831996261005,user,ohp,heavy
1789154983316,10.245987173682451,-0.672770618554845,-0.0031417320918291805,4.111581354390446,-20.29594809982791,13.872777586419035,user,ohp,heavy
1789154983332,10.175208002582192,-0.7106288158583455,0.540492266889289,-6.584638746708915,-17.945980534750003,12.809094297726377,user,ohp,heavy
1789154983349,10.371384654676914,-1.040280557405809,0.4484655424358323,-17.451872697360233,-13.773007305665367,10.247280731577709,user,ohp,heavy
1789154983366,10.445155408808589,-0.9038110719100572,0.23433299894444642,-22.603776812821422,-9.849259995431678,7.651022521444665,user,ohp,heavy
1789154983383,10.793661387965082,-0.6615477914229966,-0.7450451176632196,-10.034291527594617,-8.378104696328986,7.031608033541842,user,ohp,heavy
1789154983399,11.239130780792236,-0.3752909823653288,-1.284039693340659,5.075192126458662,-8.537833792711611,9.075285156800636,user,ohp,heavy
1789154983416,11.013478443366289,-0.25617944977255536,-0.9436131218738854,13.614027822544148,-8.350142755640599,7.219743886682551,user,ohp,heavy
1789154983432,10.662877537757158,-0.3929482926742173,0.011074132526293396,13.28446521867551,-11.056226138759216,0.5999802518366104,user,ohp,heavy
1789154983449,11.258286732161045,-0.04144950664360076,0.6826473328739404,5.644252752252859,-14.397108157112465,0.6553086260951217,user,ohp,heavy
1789154983466,11.364528261786699,0.013467420870997011,0.8075954261330888,-5.758639637830355,-12.175333851245588,3.1514219622872033,user,ohp,heavy
1789154983482,11.677571882417798,0.4842272492339834,0.370354494077526,-13.151291044012249,-5.100216232030296,11.520559474009609,user,ohp,heavy
1789154983499,11.524192754042147,0.6413468245132826,-0.512208257294353,-10.140167997466277,-1.1320183708432825,16.797366405049175,user,ohp,heavy
1789154983516,11.364679068434238,0.6661866484710947,-0.6371554920369759,-2.8751529766346464,-1.2505028363142574,22.244981853078777,user,ohp,heavy
1789154983532,11.509227240100502,0.6358102149078622,-0.18839257408976554,2.6530894394523687,-5.114439674090024,30.95777435647485,user,ohp,heavy
1789154983549,11.13423598960042,0.39878432361762967,0.2329863153095357,0.19003084376920382,-1.8953538024598549,34.720638268356176,user,ohp,heavy
1789154983566,10.866235625788569,0.22116434182431546,0.5333089495227672,-6.559007608074796,-0.010435621917280341,35.309793310688555,user,ohp,heavy
1789154983582,11.077822028461098,0.07541742536015808,0.4020774103462696,-19.850679530098315,6.255076996613922,42.54408379275594,user,ohp,heavy
1789154983599,11.264869617682695,-0.10938508834838867,-0.10025633600251749,-30.389420655259748,13.817024459771513,52.09417381857824,user,ohp,heavy
1789154983615,11.104908188307284,-0.18016382105723022,-0.6640901328495703,-27.995335190785436,18.043904956880475,58.822408754850215,user,ohp,heavy
1789154983632,10.102036383387446,-0.6920739904541522,-2.018909198219888,-5.8627769707846005,19.003423591862205,55.3387868819011,user,ohp,heavy
1789154983649,9.361929964235424,-1.2773068779543042,-1.4220050525505095,7.254577851449616,19.11328718466186,46.5221362295331,user,ohp,heavy
1789154983665,9.510669742372631,-1.5264533420838415,-0.7074857137933374,18.041048230260117,13.113881244154442,37.250154431240794,user,ohp,heavy
1789154983682,10.26648635635376,-2.1835117679320275,0.42167949804738164,25.17596116745111,12.710288781192974,28.39596335164712,user,ohp,heavy
1789154983699,10.67424941112101,-2.3988404258728027,1.8020865023290737,22.550706242970424,9.83412429623093,21.899029356523044,user,ohp,heavy
1789154983716,11.259781939154863,-2.6042931480959055,2.296938496354036,18.14329103949333,6.886623181143158,18.300426371538645,user,ohp,heavy
1789154983732,11.938687747412919,-2.7931356579102573,2.66833891928792,9.639201796376167,3.7575551473489375,15.222126706958305,user,ohp,heavy
1789154983749,11.947367312952876,-2.941426523236185,2.890999198758416,2.9649159630371886,-1.163266913182914,12.14015666947273,user,ohp,heavy
1789154983766,11.531674634230136,-3.035249593054503,2.627637637195736,-0.06685262427582865,-4.481229484724244,4.357136473449336,user,ohp,heavy
1789154983782,10.405351221686601,-3.176656836346537,1.9913781441504135,-0.4399261878598802,-7.521603243277618,-8.540658929707059,user,ohp,heavy
1789154983799,10.160542932891845,-3.0380924152649937,1.2198470975564792,2.9863382110386993,-11.664560352280986,-13.833370810002647,user,ohp,heavy
1789154983816,10.025271708136797,-2.945017679595947,1.0790375644292682,6.128779968671217,-16.50862186543418,-16.15415895317261,user,ohp,heavy
1789154983832,9.424028400751947,-2.7932852955140173,0.8789720516698435,5.560602998600889,-16.28201838688796,-20.304986147647128,user,ohp,heavy
1789154983849,8.876655215242504,-2.488324005182087,0.8529351086156443,3.3725077152011114,-16.918615923195244,-23.2709428607591,user,ohp,heavy
1789154983866,8.826676255586742,-2.356642767743021,0.5811935124488548,2.8871909716033826,-17.66433939187182,-25.430834798972015,user,ohp,heavy
1789154983882,8.822034567260742,-1.8607436027526854,0.1569703578006476,-0.16932994111728353,-14.149619667631638,-25.988253367325925,user,ohp,heavy
1789154983899,9.188048146057127,-1.3069346851073205,0.12300346199739724,-8.764495327865777,-8.695126219107834,-22.551095563753115,user,ohp,heavy
1789154983916,9.25628406241536,-1.0600327850341795,-0.12659217067174613,-11.593324040558693,-6.3814167132389406,-20.410198381622006,user,ohp,heavy
1789154983932,8.844331739264726,-0.7878421299256384,-0.4390357247841544,-9.557527248054802,-9.573845423755609,-21.407527236301636,user,ohp,heavy
1789154983949,9.21214155382812,-0.4483144069947302,-0.7249934047647751,-5.4822564599526125,-11.089036659984666,-17.865046208179937,user,ohp,heavy
1789154983966,9.232491683417559,-0.29718035413213073,-0.5000874287267215,-6.712494338442853,-11.609954697414027,-14.248808528532209,user,ohp,heavy
1789154983982,9.32122795149088,-0.15846644157730042,0.07526859147399663,-14.1388091857228,-10.86792806862572,-8.907048206033114,user,ohp,heavy
1789154983999,9.051280545264483,-0.021398177337646485,0.11552128041530958,-28.040615929888034,-4.919123157697516,-3.306105256420482,user,ohp,heavy
1789154984016,9.12220876944661,0.12315182095952332,-0.2415138412260916,-29.169941605372745,-2.2749511705368337,2.5367177435907493,user,ohp,heavy
1789154984032,9.399936162024735,0.31169505556635557,-1.0423744244125206,-22.59960015214396,0.3624694947944084,9.104512390032767,user,ohp,heavy
1789154984049,9.637561261317133,0.2861070253234356,-1.0724514457709156,-11.750753924511963,4.802957007841232,19.488220173865958,user,ohp,heavy
1789154984065,9.814283855879307,0.17193346058949827,-0.7453436256857588,-4.906955175691139,6.699956245560825,25.105278954825234,user,ohp,heavy
1789154984082,10.145281066352128,-0.5948096210755407,-0.41733883849456904,2.2682415768943542,7.830902383426122,26.690219229084814,user,ohp,heavy
1789154984099,10.5912028791219,-1.5084968296326695,-0.04010216542156413,9.935361360108859,8.68709818551213,22.71757800967759,user,ohp,heavy
1789154984116,10.96784014326334,-1.981950207928568,0.2036577833640389,13.176921328872721,9.780471452753188,16.830825794245776,user,ohp,heavy
1789154984132,11.986871055823563,-3.042731034851074,0.49320612651407714,16.859828485008943,8.918563051200108,8.593201013671028,user,ohp,heavy
1789154984149,12.859557560950517,-4.056825075531005,0.8060986482366919,23.015075436713957,5.375958652786527,-6.388094503813098,user,ohp,heavy
1789154984165,13.123068796649575,-4.400093738555908,0.9353852456241846,28.590324922216293,0.8871370926346963,-18.99225110992736,user,ohp,heavy
1789154984182,13.199084699359535,-4.48014971043691,1.3350672487339004,33.23441984081267,-3.436346291722047,-35.51695294821504,user,ohp,heavy
1789154984199,13.57976217880249,-3.6994902585569767,1.5568305610983633,39.478906629118484,-13.935656307918173,-55.619316411491866,user,ohp,heavy
1789154984216,14.180858771193027,-2.955492457989603,1.7821849019584244,40.371291334748165,-25.975697772084146,-60.32052878702247,user,ohp,heavy
1789154984232,15.038580346900224,-1.783381107739359,1.948731719339825,34.40724186847931,-28.4906058678814,-56.743316246971254,user,ohp,heavy
1789154984249,15.248223214289546,-1.1623849060058593,1.9762653398257213,22.503005909354346,-30.15727960084394,-44.8882764328906,user,ohp,heavy
1789154984265,14.615107097303866,-0.9753380109040066,1.8022364150691137,-5.66460031267715,-19.254697713690515,-34.40963243468882,user,ohp,heavy
1789154984282,11.82990120947957,-1.2385505193848163,1.7269683156438171,-31.141236652675975,-13.263981481354643,-43.112744852483694,user,ohp,heavy
1789154984299,11.266815491053462,-1.062726152304001,0.09292605704651213,-44.44711109930489,-17.763341276343862,-53.13069259116811,user,ohp,heavy
1789154984315,11.103411812269687,-0.8313864716903306,-1.4721337685410398,-29.392779942138997,-18.332615345549623,-57.60540564853734,user,ohp,heavy
1789154984332,10.79545645468831,-0.3419218423926737,-3.6035716229652053,-1.6268949246797961,-20.623860359238343,-58.31278785030805,user,ohp,heavy
1789154984349,10.926838270789384,-0.20590119664296508,-3.5637679838324896,19.9544318111381,-20.00410436187702,-53.3990985349821,user,ohp,heavy
1789154984365,10.804733401599526,0.13452429711157454,-2.1089914375420657,28.325694365466028,-18.488739809597774,-44.7527313288117,user,ohp,heavy
1789154984382,10.633397176250815,0.00942727863471955,-1.1246753165429457,23.297604504184243,-11.173573057568268,-37.64605610119683,user,ohp,heavy
1789154984399,10.27801020540893,0.22924491855781523,-0.836922387176007,20.402447824461333,-9.14400454381378,-35.33812152027118,user,ohp,heavy
1789154984415,9.706393974524735,0.7647979754792525,-1.5215140225181356,32.08279189014058,-9.174235814853903,-32.34074422942986,user,ohp,heavy
1789154984432,10.324696553260088,1.1198880457337945,-1.3730736291863024,40.54870208334466,-10.59029710056398,-20.85835270627593,user,ohp,heavy
1789154984449,10.270677378302812,1.1649288914002478,-1.0717035317467525,43.2960978656581,-7.3209100873478405,-6.7138697677869645,user,ohp,heavy
1789154984465,9.783607562586665,1.1653778772767633,-0.1874950407281518,37.016094093668215,3.3115341895935844,11.063799111001469,user,ohp,heavy
1789154984482,9.153335144594312,0.7559693568574264,0.29448768098205325,29.123137734085233,6.527240398245067,18.116933339486252,user,ohp,heavy
1789154984499,8.286932249781488,0.4791397533692419,0.6793559266457334,19.78694874250022,4.197723700202647,12.516833918236117,user,ohp,heavy
1789154984515,7.645137151777744,0.1815106325563043,1.1903680512243882,3.9065079127685753,3.2959485516812617,6.030517452176828,user,ohp,heavy
1789154984532,9.022701516512036,0.4635775156434625,0.6073800565741956,-3.466707122912988,3.6178022198544832,12.659621584156172,user,ohp,heavy
1789154984549,9.197028155848383,0.6684312855927274,0.1363205876775086,-4.037479351424508,10.424501942424737,20.72252244179918,user,ohp,heavy
1789154984565,8.8738103472054,0.4951509039063006,-0.7142192598320544,2.6373819253520434,14.437023782622019,25.98756181067246,user,ohp,heavy
1789154984582,8.473081428858638,0.3437176489014178,-0.47210550735089923,9.059382768865554,10.843324873461688,25.739902566462384,user,ohp,heavy
1789154984599,8.340801202613115,0.35913034035498276,-0.07451879602000117,11.110085595459353,4.309686295511612,24.317092200078687,user,ohp,heavy
1789154984615,8.735245926123858,0.03965401979526505,0.3699048506138846,4.096018341479749,6.660805601238312,26.099631554574028,user,ohp,heavy
1789154984632,8.900746284925937,-0.044442322650877754,0.2934402908209711,0.6621207792968575,10.660753063173601,28.23540097218575,user,ohp,heavy
1789154984649,8.646662218263744,-0.14185642553137148,-0.17417725746091453,2.3693198388740804,9.416277228471644,26.124881056388272,user,ohp,heavy
1789154984665,8.516925246760248,-0.047435056459764015,-0.051474276247434315,3.7377740657389342,6.956682565894095,26.272525840581853,user,ohp,heavy
1789154984682,8.769961850196122,-0.13557160507426597,-0.041298919191770256,1.6803390205010305,10.317211623394885,28.44011881708396,user,ohp,heavy
1789154984699,9.006090573450923,-0.2998737214019522,-0.2183200400427915,-0.8620165640018885,14.034565131062774,29.71694755033697,user,ohp,heavy
1789154984715,8.995615941187738,-0.26665420989990235,-0.25318600357761606,0.008832375081858686,11.672865008538077,27.04286701857445,user,ohp,heavy
1789154984732,8.973470160353184,-0.2989760053772479,-0.4670180936845485,3.274763225866586,9.844700844160695,25.112547983649417,user,ohp,heavy
1789154984748,9.258378404346107,-0.07975687933657317,-0.5903191047232598,6.689497091507421,12.468418976078128,29.675078490724793,user,ohp,heavy
1789154984765,9.194482563018799,-0.48243163452148435,-0.7205042309862095,11.599026394742008,14.02475783318828,30.292872516247034,user,ohp,heavy
1789154984782,8.587703833338617,-0.6723217536926269,-0.48347790644195915,12.9773201494365,13.838064003736092,24.58159127568743,user,ohp,heavy
1789154984799,9.060410192659496,-0.4147955106873065,-0.258423504655587,14.191309434778104,9.826973941943573,27.36591276820125,user,ohp,heavy
1789154984815,9.143606946784258,-0.6168062757629901,-0.45175513573286585,19.030167197557393,13.743170478049812,27.60183262477537,user,ohp,heavy
1789154984832,8.832062624800205,-0.6365585125245153,-0.5240299202523194,23.326152987367603,14.423955923192493,26.53366958576083,user,ohp,heavy
1789154984849,8.728512233954667,-0.8123826238770038,0.017957087839907033,22.047451074734713,11.42430588690485,23.994698733517623,user,ohp,heavy
1789154984865,9.046492141944169,-0.38456864166259763,0.4073141054233536,16.203766617114415,10.144314776066121,22.649006325505248,user,ohp,heavy
1789154984882,9.474607079866528,0.05805917106308043,0.5888249754416756,7.095335406045353,11.414436263554181,28.06964423386059,user,ohp,heavy
1789154984899,10.43887004492879,0.5759549907408654,0.37933243977585807,2.5879311423177396,18.45523602417157,41.650852143669184,user,ohp,heavy
1789154984916,9.917831908637284,0.19512714304178952,-0.4988907480217516,10.693022291907326,19.819431414645507,52.221020676749134,user,ohp,heavy
1789154984932,8.921096414515375,-0.1319805126465857,-0.4746490178212523,16.862287353110148,17.211567859338967,47.48486163833016,user,ohp,heavy
1789154984949,8.016237240058183,-0.7209542671754956,-0.0034401305165141817,19.636640184530332,12.424274609698688,43.772534296117755,user,ohp,heavy
1789154984965,8.467993750330805,-0.8746319401063024,0.2660572303874418,17.85377298095483,10.767155457611352,43.10601711615123,user,ohp,heavy
1789154984982,8.095844445258379,-0.9507974804200231,0.2611181665500626,15.197292139136138,12.8089525713011,39.64150269740522,user,ohp,heavy
1789154984998,8.350977728712559,-0.9017167847782372,0.21996873883157966,10.720915930704011,16.562956020281632,39.516124329905885,user,ohp,heavy
1789154985016,8.890121430537103,-1.1338042698182165,-0.30540969168655574,12.845927800372964,19.94612288601278,45.41197777240674,user,ohp,heavy
1789154985032,8.537576405122875,-1.253365299744159,-0.22550240756124257,17.373713135140484,18.132844265157797,42.35375032624978,user,ohp,heavy
1789154985049,7.880814624133706,-1.4637548938475549,0.06658939126022159,23.936370625553007,12.123529427711981,32.82614869826974,user,ohp,heavy
1789154985065,8.232614384138584,-1.4034516701847315,0.604836363440752,24.85862374842315,8.924404570487761,30.553399836853412,user,ohp,heavy
1789154985082,8.653993291804193,-1.613841848810017,0.6854915433239192,24.808606273131144,8.304987521264,31.52558847274552,user,ohp,heavy
1789154985099,8.485351712366938,-1.773355826678872,1.0935532157115637,19.338449493293208,11.674878206795938,28.592351780852496,user,ohp,heavy
1789154985116,8.684071619203687,-1.8917191712528465,1.599477223370969,12.713666309737544,12.076182556385453,28.064806752380928,user,ohp,heavy
1789154985132,8.861990145552157,-1.8939637353092431,1.672201683320105,8.142514396382321,12.195079074362448,28.476060980043858,user,ohp,heavy
1789154985149,8.968530365863442,-1.9283797996520995,1.2807491273626685,8.665618094346087,10.543610196266005,28.67221206017558,user,ohp,heavy
1789154985165,9.309854324561357,-1.8975547455385327,1.042825264319405,13.748226525582913,8.144355986137285,31.837109985695214,user,ohp,heavy
1789154985182,9.1807159034729,-2.113631445367634,1.0966954592600464,14.296734258390897,9.5844501462157,32.276683885204314,user,ohp,heavy
1789154985199,8.735845061060786,-2.686893105371296,1.759590043915808,9.75973243711209,13.908320183312489,29.5920097300391,user,ohp,heavy
1789154985216,8.283639637976885,-3.196858351245522,1.8559557839542626,9.925805071686366,12.51646167292635,25.556172185336333,user,ohp,heavy
1789154985232,8.1515102183789,-3.437026705279946,2.0338758446726946,11.027261014036485,7.216503815695026,20.1539809103819,user,ohp,heavy
1789154985249,7.7602061309814445,-3.892223419134319,2.4150017254702747,9.750118092081651,1.8696921414178824,12.326741215898199,user,ohp,heavy
1789154985265,7.643938881903886,-4.026897847039997,2.868404468579963,-1.3908089024097765,0.09615864480725261,0.16323594495417768,user,ohp,heavy
1789154985282,7.640945545306801,-3.7984009338378906,2.895937933802232,-12.151794458044785,0.49661606427989846,-10.235208372219711,user,ohp,heavy
1789154985299,9.035269321662186,-3.010559534564614,2.1502937542673197,-15.465028724411468,1.395643609125088,-10.841683066739947,user,ohp,heavy
1789154985315,9.928906260359287,-2.6177608246952295,1.2158068457223474,-9.420135431579055,2.5490022656998406,-4.0447590524192725,user,ohp,heavy
1789154985332,9.954794150331615,-2.5902275056034325,1.0990891494635493,-4.2955623180816715,0.4201571124417774,0.5450236960010415,user,ohp,heavy
1789154985349,9.972750078260898,-2.5409967339664696,1.236456835041195,-1.4178331861911668,-0.524775973732509,4.312683041009955,user,ohp,heavy
1789154985365,9.701756377851963,-2.4733608293280005,1.2484277702767401,0.5672128461802973,0.14273211727219606,5.089320372756833,user,ohp,heavy
1789154985382,9.944318933546542,-2.6092314812809225,1.1113599444285034,3.649472526375363,1.7815688273029662,9.892859654224809,user,ohp,heavy
1789154985399,9.378988651064038,-3.0702649384647605,1.2366064726449548,2.7662306692799836,5.1745107609534635,9.67960748795867,user,ohp,heavy
1789154985415,9.254638048774003,-3.4006647675663233,1.3244435999214648,1.4104586095999627,7.761179812378631,9.625582399171162,user,ohp,heavy
1789154985432,9.210943868476152,-3.428796344812214,1.218949381531775,3.7797669225298187,7.304926590916365,8.533587122595156,user,ohp,heavy
1789154985449,9.067142715784907,-3.2231945695072413,1.3037930260807276,6.999904856735582,4.340126314208243,6.691358318056249,user,ohp,heavy
1789154985465,9.152436734449862,-3.4299937379032372,1.382203568842262,9.079881874112054,4.203341103908159,6.239300113404839,user,ohp,heavy
1789154985482,8.98199950376749,-3.5491052704960104,1.5132861097358166,10.605576233737299,1.7311370583491192,3.5772740117537434,user,ohp,heavy
1789154985499,8.615536427637934,-3.6776436798647043,1.80478016185984,9.49456485673833,0.11838564117142117,-0.152971397931265,user,ohp,heavy
1789154985515,9.114728058302402,-3.358616600909829,2.0027507116340098,3.3630156732454974,1.7638549451339498,-0.8842831407786887,user,ohp,heavy
1789154985532,9.401732982313632,-3.1735151773199437,1.8472770951971411,0.7078644771591369,2.7421568137766275,3.087961180604734,user,ohp,heavy
1789154985549,9.426870930701494,-3.2429464409425854,1.7191880370311439,-0.6490062824819041,2.694182632263516,5.6430514927325826,user,ohp,heavy
1789154985565,8.71429666159749,-3.559579610498249,1.7176907842107116,-2.3922761046744934,2.0495532203791207,1.3411539607523129,user,ohp,heavy
1789154985582,8.827422690039873,-3.5996827805668112,1.664718926349282,-2.3037463943039613,1.1930476051812273,0.12371005377392379,user,ohp,heavy
1789154985599,8.9954651345402,-3.5384807083681222,1.346889678876847,0.163952874693191,1.684718452419478,-1.1557899904758657,user,ohp,heavy
1789154985615,9.189545691138505,-3.228880798450112,1.3382099672064185,3.5805642419429855,0.48222490905953447,-1.9652906706925541,user,ohp,heavy
1789154985632,9.465327794867754,-3.144036277118325,1.2952641210578382,5.8739908607412925,1.5473951512788444,0.6788590649924728,user,ohp,heavy
1789154985649,9.575012158423661,-3.05185892868042,1.3655939409554003,7.942959320722997,1.1178668592132508,3.820050951367731,user,ohp,heavy
1789154985665,9.304617008429766,-3.2281323181703683,1.4000107359506189,9.68754075267964,1.0622768033321632,2.507555824042557,user,ohp,heavy
1789154985682,8.717289413672685,-3.436577792468667,1.6719024081125855,8.146359792885038,1.1753677672363552,-1.7866604131640933,user,ohp,heavy
1789154985699,9.067441406470536,-3.4811692138671875,1.9158115561105309,5.627137151966453,-0.10823370555842775,-2.82787739540758,user,ohp,heavy
1789154985716,9.047838880378007,-3.3650510178714987,1.9315237967662513,2.9305733450035416,0.19916985032209242,-4.0017971625398925,user,ohp,heavy
1789154985732,9.300428909090162,-3.24953078776896,1.7494142484687267,2.5236643983132088,-0.9184556444133204,-2.122639232706019,user,ohp,heavy
1789154985749,9.412955218073725,-3.296816270557046,1.5864586057133971,3.3643900353725513,-0.5296391751432639,-0.15677701391815213,user,ohp,heavy
1789154985765,9.2185753862679,-3.3289880631044504,1.6572371922917664,2.0629726211074915,-0.4788812112956959,-0.5765211133585554,user,ohp,heavy
1789154985782,9.164705848914384,-3.284396349444985,1.7295125932991504,1.0294139884708815,-0.7632054445789306,-1.2623066838605088,user,ohp,heavy
1789154985799,9.331102864295243,-3.232771083886921,1.4927854657597839,2.610854964719595,-1.5114557630832952,-0.9317567974916855,user,ohp,heavy
1789154985816,9.251645296698808,-3.2746699052006005,1.4648038183785974,4.078308087848729,-1.1802942546186383,-1.594445976593535,user,ohp,heavy
1789154985832,8.86213744506836,-3.3915362892150878,1.6166855478033422,4.340592047732273,-2.0095885028849065,-5.436844666595313,user,ohp,heavy
1789154985849,8.884283810424805,-3.3822587577819823,1.638532637952268,4.752403362699383,-3.63201584351728,-8.360938723397451,user,ohp,heavy
1789154985865,8.972572334730625,-3.2876883767277,1.577031436676532,4.8955363800593465,-2.7889237593539398,-9.183399367399122,user,ohp,heavy
1789154985882,8.947731323462724,-3.243694921222329,1.5073010439768433,4.545603163877968,-2.545496030778097,-10.530743827416993,user,ohp,heavy
1789154985899,9.030032590052485,-3.1956612504154442,1.5192716138862072,4.898280835445222,-1.8289801585397867,-10.36337260312677,user,ohp,heavy
1789154985915,8.99501680625081,-3.192668498340249,1.4770739557564259,7.258159431895641,-2.3949593018012503,-11.403136569346042,user,ohp,heavy
1789154985932,8.455871350860596,-3.3313822647646067,1.5200202402964234,12.191419800514614,-3.592842574193141,-17.505947305019223,user,ohp,heavy
1789154985949,7.951294520026445,-3.423109823608398,1.7206839746773241,14.993376841465407,-4.361730202552994,-23.929755587341848,user,ohp,heavy
1789154985965,7.866302114656567,-3.4268516404852267,1.9421476282417773,13.884582714625756,-5.093730967413369,-30.697274356625147,user,ohp,heavy
1789154985982,7.697059646716713,-3.181295455932617,2.313548014643043,8.508635587783454,-5.600514782129036,-39.41493849244673,user,ohp,heavy
1789154985999,7.930494308581948,-2.862567652185261,2.3596363966010507,5.0542106391020285,-8.16154244963633,-43.68747795038358,user,ohp,heavy
1789154986015,8.097340236774086,-2.62374574432373,2.353650746320188,1.6690330297122495,-11.22462274519859,-46.59122700808237,user,ohp,heavy
1789154986032,8.209418217468262,-2.0015527340210975,2.2275066847421225,-2.976384490983875,-14.934714054231462,-51.0691741600236,user,ohp,heavy
1789154986049,8.89924873984456,-1.3406034382142127,1.5343845734745263,-2.1122782626219325,-15.117141576773331,-49.8091750128855,user,ohp,heavy
1789154986065,9.056816552081704,-1.0696098839357495,1.0142443358708173,7.0921918114798554,-17.47437475558084,-45.139384922631535,user,ohp,heavy
1789154986082,9.189694159698485,-1.1867759815491736,0.43365043328292663,21.0744906274664,-21.58803206059215,-40.593566180907885,user,ohp,heavy
1789154986099,8.495677876070141,-1.1842325806766747,0.8512900813549756,25.551845260497128,-25.633448945605856,-44.53415503008753,user,ohp,heavy
1789154986115,8.315960191345214,-1.2597989860534666,1.1225817417971788,25.026866675606193,-25.024240467870325,-49.079915715203235,user,ohp,heavy
1789154986132,8.258650158149004,-1.1513120155885814,1.0248686057377605,24.363995109109165,-19.96627877425349,-51.07056410351969,user,ohp,heavy
1789154986149,7.991397397834062,-1.2440870376586914,1.1496668056648225,23.875105536245282,-16.38280807337525,-49.86646322454898,user,ohp,heavy
1789154986165,7.865851448279619,-1.1514615070618688,1.3359655492804943,20.424143920359878,-13.943692879250339,-48.16709166848229,user,ohp,heavy
1789154986182,7.211635844641924,-1.6316485775269567,1.9780604339484125,4.22117430094424,-16.67873626444981,-57.8173327581045,user,ohp,heavy
1789154986199,7.121404369574785,-1.4573207691468297,2.5438402868293224,-13.172001885123018,-20.292322976925924,-63.70604182273352,user,ohp,heavy
1789154986215,7.378633164003491,-1.1758525095399468,2.2575838430978354,-26.32750544830587,-18.31876542946013,-64.5291615799901,user,ohp,heavy
1789154986232,7.754373187044262,-0.3535938768800348,1.356466485517472,-33.766208124306104,-12.329447678356818,-61.45444947227131,user,ohp,heavy
1789154986249,7.92840113569498,0.06703750035390257,0.8553302235912531,-37.57147726564946,-8.85199688132281,-56.39147271225639,user,ohp,heavy
1789154986265,7.8368217531502244,0.04638758410029113,0.8044532191172241,-39.61601584651732,-10.887681829479043,-55.92746722608616,user,ohp,heavy
1789154986282,7.8092901876240965,0.382922554956004,0.3688582276377827,-37.92369646076868,-12.929636037519701,-55.594656013493534,user,ohp,heavy
1789154986299,7.860165219336747,0.36646248133286713,-0.1868963076500222,-31.035402871486628,-10.612940885209865,-56.6631537317774,user,ohp,heavy
1789154986315,8.073847717505693,0.7959224509308114,0.14904033198636024,-33.858063923359026,-9.327402806991438,-53.116690703369585,user,ohp,heavy
1789154986332,8.826524864417314,1.1816881751571782,0.4279651176555082,-39.372758659227316,-3.944276297557807,-47.125907876689304,user,ohp,heavy
1789154986349,8.9507252445817,1.4395138942994177,0.493206418775022,-44.15281532344196,-2.778780288106236,-41.367908142206815,user,ohp,heavy
1789154986365,8.917803802710772,1.33312144842837,0.3317477000465616,-42.307649964446775,-4.7243573253068405,-38.790164013592744,user,ohp,heavy
1789154986382,8.993521014735101,1.2196962178437039,-0.16295451024416832,-37.545840150599815,-3.5277630376773788,-36.89326680182388,user,ohp,heavy
1789154986399,9.362077263751626,1.2327146528381854,0.07886007662732154,-35.80926455412408,-5.472292494614033,-33.13130447491299,user,ohp,heavy
1789154986415,9.145701873236893,1.3902831226624548,0.004639569434151053,-39.498580989022706,0.6028725167849934,-33.3823719835189,user,ohp,heavy
1789154986432,9.90735786089599,1.5375265247620642,-0.15502320578824727,-40.91659314751447,3.0589262598864213,-27.773753608826468,user,ohp,heavy
1789154986449,9.8310432675004,1.580622300775349,-0.48886455364581194,-30.727282792743598,-0.29067273403420285,-22.168468366449,user,ohp,heavy
1789154986465,9.738267368647456,1.7664720585145055,-0.27608086748011407,-26.457156099131055,-3.1639754230948633,-19.36883358981601,user,ohp,heavy
1789154986482,10.591800260493159,1.9852422352112828,0.6557127833928913,-32.12669976122,-3.656928104741255,-13.433143922754702,user,ohp,heavy
1789154986499,11.172993882539867,1.7299607023928314,0.5484233521495014,-42.585174210802734,1.1607329130008393,-5.4325066426987085,user,ohp,heavy
1789154986515,11.074231310492753,1.5019127750672399,0.009427790091373026,-40.69219752761746,3.382580536679588,-0.8479120632832535,user,ohp,heavy
1789154986532,10.726174244147538,1.4036009424623102,-0.36391726410426195,-32.23001320260561,2.1249802800440407,4.268953608622595,user,ohp,heavy
1789154986549,10.238505293494462,0.9394250955995171,-0.32845380960032344,-17.95909449795643,1.4450399640894431,7.418629603803213,user,ohp,heavy
1789154986565,10.15066802008748,0.4810850422181189,-0.036361133996024725,-8.166567761318166,-0.23959500527568725,6.378439604534462,user,ohp,heavy
1789154986582,10.53374087023437,0.11731610054336487,0.5138571387462317,-2.8079846828933297,0.03076890164331657,6.44324145117178,user,ohp,heavy
1789154986599,10.924594291254877,-0.014514628368988633,1.1656775908757,-4.478166144881493,3.297263789983312,8.653309239688078,user,ohp,heavy
1789154986615,10.889579676496982,-0.011970716039836406,1.29391796714589,-7.46968270652812,5.453925689049045,8.786212768105479,user,ohp,heavy
1789154986632,10.9364156619519,0.19408019127212464,1.4784202557988464,-9.09590635167855,4.252526576781891,9.846122377281704,user,ohp,heavy
1789154986648,11.139622943335771,0.38756153986826536,1.5179251677133143,-10.50949340136179,3.196238675413065,12.768053398551064,user,ohp,heavy
1789154986665,11.741765245386958,0.5190930666383355,1.3612544504463673,-17.00438260860309,7.440593784626682,21.159830426051123,user,ohp,heavy
1789154986682,12.039544661390781,0.7603089569643139,1.1872257711432874,-23.2859983052371,10.51043852878819,28.14643434315175,user,ohp,heavy
1789154986699,11.757326971656083,0.8800189669068902,0.9931464566539973,-26.122072141092104,13.364869351811254,31.535775699892593,user,ohp,heavy
1789154986716,11.290009319636225,0.9615714244233444,0.34027671466730536,-17.13388128771924,9.133410920411091,32.325874907606746,user,ohp,heavy
1789154986732,11.113587169325351,0.89408486512769,0.18495295502990483,-4.196322230762325,0.610136422967302,30.73613813300252,user,ohp,heavy
1789154986749,11.389818770387768,0.7091327868806198,0.6169575208019464,6.010358575728358,-5.67675634185248,33.33648335758017,user,ohp,heavy
1789154986765,11.213843194800615,0.7074867184403352,1.0488106223393232,2.3781881991811074,-3.761415911777287,35.77079351362398,user,ohp,heavy
1789154986782,11.506384710150957,0.7015011777573265,1.611298301807046,-3.684576710501467,-1.6587555160020844,41.7250553188122,user,ohp,heavy
1789154986799,11.534517748701571,0.470011873239628,1.3524256856940686,-5.6956695625510685,1.1108978251040165,44.790485199448945,user,ohp,heavy
1789154986815,10.8716237485677,-0.004189788973191753,1.6009742569956928,-12.739427221965894,2.6261486120449,42.88365006243771,user,ohp,heavy
1789154986831,10.898407126075028,-0.2299929787124507,1.832462534033507,-18.111313801346622,-0.26763562654166057,42.20339054186112,user,ohp,heavy
1789154986849,10.94255021918416,-0.31274251879267395,1.9054869267772883,-24.19203485147034,-2.5104326143436015,43.23995712577518,user,ohp,heavy
1789154986865,11.187506976538895,-0.3482066674163565,1.5622176792304963,-28.424149834804467,-3.610363290074693,46.03259949624537,user,ohp,heavy
1789154986882,10.720339546644688,-0.6485294112274422,1.17914534054026,-30.433738337689377,-4.7069215599030905,45.70435768020748,user,ohp,heavy
1789154986899,10.535835796687007,-0.8948328704833984,1.094151473865658,-30.092765049038583,-7.671291961580325,42.60769334449627,user,ohp,heavy
1789154986915,10.161890840369463,-1.4374188217163084,0.6786076290290802,-24.75146661808211,-13.581468310770699,37.93488431062916,user,ohp,heavy
1789154986932,10.509947906714677,-1.9936217218261212,0.2843129084482789,-18.95184200325027,-13.862356425292887,35.09307823851322,user,ohp,heavy
1789154986949,10.468197846221923,-2.0611082811217756,0.27488500875905153,-17.59525885860631,-12.061734144969936,32.673292479739445,user,ohp,heavy
1789154986965,10.804883623725175,-2.2465093452453613,0.6256357711676508,-24.346392004070747,-12.858357037115095,32.338486851909174,user,ohp,heavy
1789154986982,10.375125010249018,-2.5212441318787633,1.025916068964079,-37.96510448261188,-7.51937062519267,27.28785395127176,user,ohp,heavy
1789154986999,10.067020015063882,-2.666541952868551,1.126473086679913,-52.409472426138954,-4.485816810525554,19.952816471399395,user,ohp,heavy
1789154987015,10.133310058051347,-2.719364026995748,0.5324114344274625,-61.71105967938868,-0.9975514761578894,11.969333638330712,user,ohp,heavy
1789154987032,10.449943227607012,-2.4052748428344723,-0.6884816285179928,-58.95523544363945,4.124180492088181,9.90832491005301,user,ohp,heavy
1789154987049,10.569951416778563,-2.1489454814635214,-1.184081226039864,-47.73700490173035,6.6445002321421995,7.867249235094344,user,ohp,heavy
1789154987065,10.02197968085408,-1.902492201940715,-1.5046051924889907,-33.3659726993217,8.497518601135612,0.8507107866565191,user,ohp,heavy
1789154987082,9.871295198389888,-1.5179241448000071,-1.0583862599361686,-25.05745226270951,8.945041987064956,-4.175125165560014,user,ohp,heavy
1789154987098,9.850046074134111,-1.3594576301574706,-0.8025059940395877,-18.54283320027698,7.155567429241111,-10.14590450259544,user,ohp,heavy
1789154987115,10.04233039496541,-1.2915223041810096,0.03576481207069009,-14.880017899357998,4.738200838093987,-14.536245940694794,user,ohp,heavy
1789154987132,10.628310666766762,-1.1002851543150842,0.5246309000864625,-16.40024213123171,6.015746314323029,-11.950408037914253,user,ohp,heavy
1789154987148,10.811467093768716,-1.1195885513305663,0.746991977414675,-20.87294540543766,6.594967700281267,-9.195444406000439,user,ohp,heavy
1789154987165,10.20244204646647,-1.163282731628418,1.1321588406987488,-30.27821834538277,6.926720660439364,-12.462394749230176,user,ohp,heavy
1789154987182,9.957036960822343,-1.127070577649027,1.2213432543983682,-36.108693217148264,4.345919595284883,-14.471284011498803,user,ohp,heavy
1789154987198,10.268880558013915,-1.0634744499206543,0.9997304016215726,-36.23241184867929,0.4392880987810129,-11.989045564275369,user,ohp,heavy
1789154987215,10.581923009601235,-0.8230066745482385,0.47315534519739444,-31.91758668959089,1.3182036713674237,-4.97488055321327,user,ohp,heavy
1789154987232,9.96586499492228,-0.6449380722045898,0.2567793701607734,-29.059022748346322,6.515645298355324,-3.1589569416021965,user,ohp,heavy
1789154987249,9.626486909595132,-0.7315781717162579,0.5710180092627182,-27.163406197046836,3.4216344911366625,-4.545785444551442,user,ohp,heavy
1789154987265,9.458293658447266,-0.85637578712143,0.9692042939219623,-26.456911919868226,-0.7784620061114763,-6.509488736592203,user,ohp,heavy
1789154987282,9.507675236731767,-0.9455599450927227,1.1559510005008429,-29.807273387015805,1.652892972538392,-6.676412583491792,user,ohp,heavy
1789154987298,9.823110136413574,-0.8892959868833422,1.2470811779733746,-31.919943104854546,1.2058562375874111,-2.8960475925227733,user,ohp,heavy
1789154987315,9.77373206526041,-1.1227309410095214,0.941371736155264,-30.731947811946718,0.658920088618766,-0.5450360757189122,user,ohp,heavy
1789154987332,9.318382498931884,-1.2987046899657695,0.8791222737954929,-28.005860512296426,-0.7029384166636768,-2.5041138355876935,user,ohp,heavy
1789154987348,9.084349871173501,-1.4525321466308085,0.6815997965823859,-23.379703378007797,-2.127988551486608,-7.203120060016386,user,ohp,heavy
1789154987365,9.419540441682933,-1.348534158148244,0.6075297672431915,-19.270888677118027,-5.281561169588719,-8.322601725359815,user,ohp,heavy
1789154987382,9.41714448645711,-1.4806640892028808,0.5505175844823941,-15.482333008673695,-5.920130923018844,-9.077926732462139,user,ohp,heavy
1789154987398,9.047389383044838,-1.523161168670654,0.8720892333535477,-18.97223182547005,1.177982769193118,-17.477432972781713,user,ohp,heavy
1789154987415,9.65237538408935,-1.256357248101756,3.331232992487028,-33.13554943748215,-10.482010427688952,-17.160201421685887,user,ohp,heavy
1789154987432,10.926987323871254,-1.3851951518736778,0.8509899658972397,-33.46857238593905,-16.942460113587757,-3.344833069344689,user,ohp,heavy
1789154987448,10.846484046614169,-1.1813889547485859,-0.2353784894093871,-23.37629511361196,-10.157290427941852,5.414279429124884,user,ohp,heavy
1789154987465,9.506178860694169,-1.074547705664113,-1.7345977328100242,-4.87890956518542,-7.16477196292135,2.6125926075331285,user,ohp,heavy
1789154987482,9.398142264345287,-1.0079589719910174,-0.993592392056901,12.246672615805434,-9.444411631436575,-3.5507186631475567,user,ohp,heavy
1789154987498,9.79917104242146,-0.9121909055847675,-0.39609007956497366,14.272230954743476,-9.199294925145034,-2.943617085327562,user,ohp,heavy
1789154987515,9.919328869196772,-0.741903239440918,-0.12674158907979727,11.072949856941992,-0.45015391589429826,-2.40504215512007,user,ohp,heavy
1789154987532,10.104878913336991,-0.6521205310545861,0.305860339797195,5.669929567777053,5.295166479528562,1.3542361208904143,user,ohp,heavy
1789154987548,10.020483304816484,-0.7330746208190918,0.4251211629338562,3.2278558345244655,6.0936177279371675,2.7535948193154605,user,ohp,heavy
1789154987565,10.17655474101603,-0.8758288217406719,0.48961491535538804,2.462201873849791,5.117295546936735,4.5140032936829035,user,ohp,heavy
1789154987582,10.210971974402666,-1.1031282687865196,0.38801153039177877,4.745603909380635,3.692588522397892,6.8930858207584595,user,ohp,heavy
1789154987598,9.936536609107256,-1.1861773580688983,0.3263611847026273,5.346082978470068,4.858039495289623,6.136966804165123,user,ohp,heavy
1789154987615,9.83059260112345,-1.3515266910277306,0.5596451129855587,3.543273756952243,3.7802616843578214,5.090291967166268,user,ohp,heavy
1789154987632,9.787945884051918,-1.507299582672119,0.6765131957667879,-2.672366154280849,2.017268410276351,3.7489798448459863,user,ohp,heavy
1789154987648,9.694722241431474,-1.5957354795593768,0.6180037967181764,-6.95987226423649,3.006678727830409,2.369783864850818,user,ohp,heavy
1789154987665,9.730485628730058,-1.564460928112641,0.22879668159997088,-7.401751352590465,2.885615545782637,1.0884878677154988,user,ohp,heavy
1789154987682,9.706393974524735,-1.4007576087951659,-0.0502765908954665,-3.157338400212315,1.602715628131128,-0.29419767193488483,user,ohp,heavy
1789154987698,9.511266539222001,-1.3034931663513183,0.05566606538146734,-1.6053058706521495,1.9552699294064992,-3.1918568956170903,user,ohp,heavy
1789154987715,9.713426941901444,-1.107168703283742,0.519991184521839,-2.4460930861357277,-0.3213821183162265,-3.5869532435812976,user,ohp,heavy
1789154987732,9.947310516577959,-0.903511924566701,0.2702462065098807,-1.752807647759983,-0.4999812131065991,-1.3961427465430276,user,ohp,heavy
1789154987748,9.903765973883866,-0.83243391665034,0.11836396562848239,0.20517821565652192,-0.44809562771574435,0.14189237753025474,user,ohp,heavy
1789154987765,10.065675614717602,-0.833631017480418,0.11222962759193032,1.8120103401034784,0.2300486953326837,2.509510325362238,user,ohp,heavy
1789154987782,10.035896562525629,-0.8515874568663537,0.14410221799705178,1.6346726958754425,2.2131420139730382,4.076740559434211,user,ohp,heavy
1789154987798,9.727045717409252,-1.04057989654541,0.31857926212213933,-0.08368449156720115,3.7910367346603397,2.2626369797935357,user,ohp,heavy
1789154987815,9.63411901190877,-1.2241851632934062,0.39968320868611334,0.2251464604580393,2.861769434399418,0.4497515750635022,user,ohp,heavy
1789154987832,9.627985039198398,-1.2508209490235893,0.37289855253715065,0.8100568070255157,3.2807658949299694,-1.0350037512545966,user,ohp,heavy
1789154987848,9.712978029090166,-1.1486181733947247,0.41793910594265904,3.52903601418394,1.147758008177048,-0.5675007813424957,user,ohp,heavy
1789154987865,9.957935370966792,-1.1206360145568848,0.4326038103068247,4.658095952621255,1.6520544600960672,2.3277299632442263,user,ohp,heavy
1789154987882,9.896134456092119,-1.1119568874083459,0.4878192093113437,5.307479603054802,2.037567732489629,3.7093826769064835,user,ohp,heavy
1789154987899,9.725399703767895,-1.1450269439697265,0.6334175476176663,3.647286438954136,3.4438415705624896,3.8967292163112326,user,ohp,heavy
1789154987916,9.508275540712475,-1.266083838476613,0.900968779422529,-0.28699011481322884,4.051646871310408,2.71061926905774,user,ohp,heavy
1789154987932,9.5178523473531,-1.2665327512878923,0.8815165485208853,-3.4527617976185265,4.4406509039783755,1.0313699838944441,user,ohp,heavy
1789154987948,9.70923767351806,-1.3792096477232874,0.7680911352731287,-6.891786377268865,4.601081375411397,0.6973765616060237,user,ohp,heavy
1789154987965,9.670780224829912,-1.4151228918213397,0.6049860741097479,-6.595080398402572,4.109614686796306,-0.35059897286247005,user,ohp,heavy
1789154987982,9.784056475397945,-1.4330793312072754,0.3965412208659574,-3.590090861731272,2.5503036301801396,-0.8684212537309507,user,ohp,heavy
1789154987998,9.74200772421956,-1.314566349029541,0.19408110458757727,2.9886150119098405,-1.106517325968511,-2.464157228943119,user,ohp,heavy
1789154988015,9.743205409571528,-1.24648138544932,0.15966489411424845,7.125622172372482,-2.7481304545360383,-3.9854298948544264,user,ohp,heavy
1789154988032,9.667937110358476,-1.1625343974791467,0.1767232886819169,8.651340437659822,-1.9203779080314891,-5.256131094648293,user,ohp,heavy
1789154988048,10.148423456031084,-1.4657001826964318,-0.4819811508076265,14.439554367709508,4.000826848790927,-6.248994286271203,user,ohp,heavy
1789154988065,9.201067202106117,-1.0342948979917914,0.7290349169742315,9.86012170375929,3.273191215140425,-10.056032873496413,user,ohp,heavy
1789154988082,10.07465211737752,-1.3820529813904314,0.6705271618934348,10.385421307541217,2.4718606151098355,-9.79622101520559,user,ohp,heavy
1789154988108,10.36091060693562,-0.845901374053955,1.9910795265300198,-2.0667580400115595,-2.631883836513595,-5.912050809230719,user,ohp,heavy
1789154988115,10.31033251234293,-0.9391256742615253,1.5508454770730808,-2.760315725458753,-3.437990446321316,-5.493898944279722,user,ohp,heavy
1789154988132,10.047418073493242,-0.7568671459473669,1.3467400047404692,-3.840049745257528,-3.5140956157047714,-2.570915220104534,user,ohp,heavy
1789154988148,9.972750078260898,-0.790834662805125,0.178668285269849,3.0965860019791673,-3.4351791831476213,0.12408000456701518,user,ohp,heavy
1789154988165,9.999982368579506,-0.9497496518675237,-0.09292407515197992,5.843690860922647,-2.109723344985525,2.7891967534773285,user,ohp,heavy
1789154988182,9.828498259192704,-1.0070610002379863,-0.045039676622673865,6.425065890903554,-1.2276890439910626,3.2429473509390205,user,ohp,heavy
1789154988198,9.623943070331215,-1.0966937787596136,0.1889930607335642,6.632213575598993,-1.2267892732896193,2.8527418453073654,user,ohp,heavy
