epoch_ms,acc_x,acc_y,acc_z,gyro_x,gyro_y,gyro_z,participant,label,category
1789040858760,10.67963811842203,-0.8476979020819068,0.21084062580652535,3.893910909504956,23.228955980383738,-5.1566464011792945,user,squat,heavy
1789040858772,10.999712952864169,-0.9436156060919165,0.13168269874379038,3.073124515623585,46.045238761304475,12.325127583706784,user,squat,heavy
1789040858787,9.323021849170326,-1.8917191712528465,2.6355684301950038,5.5830290709669805,29.50148240277975,3.5621865507640083,user,squat,heavy
1789040858804,8.353220539203285,-2.9926027298524973,1.6756429098151624,55.774983252865624,-41.442486977754186,-8.61667637384836,user,squat,heavy
1789040858821,8.21660140697062,-2.987365267590433,2.6258412552982566,66.16838649022564,-38.143331438814194,-21.841684795798912,user,squat,heavy
1789040858837,9.719261639404296,-2.626738934790343,3.121890642414242,56.627568446201636,-11.920796606541309,-19.059745331758133,user,squat,heavy
1789040858854,10.36120812857747,-2.289605413519591,3.7593468344308434,36.75189554638295,-6.242357049945243,-7.716255096886519,user,squat,heavy
1789040858871,9.626786769324541,-1.9844941933229565,3.6733053583994506,15.38571656776928,0.37888961640466284,-1.4086953535770417,user,squat,heavy
1789040858887,9.11652137145996,-1.7862245144717395,2.9364893590949475,0.1299961089867966,0.23045626552706308,-2.7989938060680655,user,squat,heavy
1789040858904,9.247604496875406,-1.6388314747683703,2.252794709125161,6.690817452451348,-4.956189313662707,-3.83529465293473,user,squat,heavy
1789040858921,9.749191498243809,-1.489343654742837,1.130812540656328,20.798346079322783,-6.4192051617088595,-1.4321828800288345,user,squat,heavy
1789040858937,9.695918757739662,-1.5973818585269153,1.1079171104982495,29.83510299278902,-3.1477061259353047,0.02537504656088329,user,squat,heavy
1789040858954,9.637560092273354,-1.7105077408388256,1.835604923712462,25.992926924265504,4.681612720820432,1.1420766781697727,user,squat,heavy
1789040858971,9.699210200500488,-1.6733977612368762,1.8879788156807422,22.20415268976773,7.3265817056798905,1.1772347567572958,user,squat,heavy
1789040858987,9.542090716552734,-1.7362458470769226,1.454179548511654,24.00444712101052,10.780277958554239,-0.9723227850762722,user,squat,heavy
1789040859004,9.681104050445557,-1.7063180340640245,1.3429986627876758,28.42358975929253,13.01802466179519,-0.9619162448238173,user,squat,heavy
1789040859021,9.928605816107988,-1.6825258011966944,1.3437468508064747,34.99260615582233,10.449197345142565,-0.583568641282392,user,squat,heavy
1789040859037,9.999982953101396,-1.6509522668033838,1.3670898786015808,40.06851587903067,7.8726971647310755,0.44324734066337246,user,squat,heavy
1789040859054,9.774479084235429,-1.665916319440305,1.5702978906378149,36.44315050533086,9.364319979455358,0.6008785817950257,user,squat,heavy
1789040859071,9.865905322045087,-1.5705965813234448,1.380706754413247,30.35382853949481,11.80365203208642,0.9130080349417063,user,squat,heavy
1789040859087,9.92755835288167,-1.543811888641864,1.135301668769121,26.48610585592815,15.51231583158276,2.0687392217576863,user,squat,heavy
1789040859104,10.071211037012935,-1.46974127478078,0.7896395347364247,25.567419799352052,17.94703579897677,5.399799001197633,user,squat,heavy
1789040859121,9.977538481581211,-1.5948378731325268,0.6419466353036463,27.175772254539144,15.491943084835905,6.217284706162595,user,squat,heavy
1789040859137,9.866206935340166,-1.5559323884159326,0.5192439463511109,28.603778687333925,14.55766199883737,6.311771408706436,user,squat,heavy
1789040859154,9.860220846667886,-1.3790604485109448,0.2744369727306068,29.395512017807,17.877501058131454,7.690216708223137,user,squat,heavy
1789040859171,9.751135618048906,-1.366640819659829,0.48542584790140386,29.564214275211732,16.248002337274002,7.394553186978919,user,squat,heavy
1789040859187,9.65955798906982,-1.3422498902469873,0.61097135906443,28.028494051658555,12.459092352766476,6.597433398571641,user,squat,heavy
1789040859204,9.416696158167719,-1.4773729387030003,0.48692222393900153,28.564322392046055,9.813630313626307,4.850881883926273,user,squat,heavy
1789040859221,9.597010055220126,-1.5020627049319446,0.3330943288825452,30.545248006079003,9.182158834291117,6.134059278012813,user,squat,heavy
1789040859237,9.707291800147294,-1.5906481663577257,0.41644232804626224,34.182211040989486,4.083510984448987,9.939399709455628,user,squat,heavy
1789040859254,9.31524010925293,-1.9897316555850206,0.78200640950948,38.18938057419842,-5.5596967178753935,11.870492263304165,user,squat,heavy
1789040859271,8.680777838355302,-2.567781718908995,1.1227325484447181,36.766696566314366,-6.823119070448142,10.308931726573537,user,squat,heavy
1789040859287,8.644266847559809,-2.7391173597358165,1.1794446157477796,34.11642948909309,-6.537520259832759,8.721255107777719,user,squat,heavy
1789040859304,8.84134015623331,-2.749142786926776,1.2060804014779627,31.116371349002545,-3.278575538640511,8.552686039061804,user,squat,heavy
1789040859321,8.695891236335038,-2.5249853642337023,1.329530986188352,31.1325759728084,0.4367088752761133,6.115690764900533,user,squat,heavy
1789040859337,8.883986873304844,-2.3546982095465063,1.529746684540808,34.53613778340121,-4.97945976816494,3.054316095640074,user,squat,heavy
1789040859354,9.398738476672769,-1.8757079476505516,1.9394542975045739,37.235172411296375,-14.187544292998133,-0.8328067264078001,user,squat,heavy
1789040859371,10.116849337115884,-1.4345759995058178,1.9849439829170703,36.748357508392886,-15.1923812331229,-1.646035462611699,user,squat,heavy
1789040859387,10.371681591796875,-1.2919713631227612,1.9919763657718896,33.10081792555263,-10.092284102516256,-0.735741894256544,user,squat,heavy
1789040859404,10.483013138037919,-1.0025725297123194,2.190546342743933,26.099585450797132,0.04776368628867106,0.5313509379431454,user,squat,heavy
1789040859421,10.018090272200107,-0.7245461541876197,2.5939688840888437,18.805255898378043,5.991925175818963,-1.4537234824020566,user,squat,heavy
1789040859437,9.698014853236078,-0.5508167500920593,2.719964330976456,12.483495764897285,9.77981490081922,-5.221408974228886,user,squat,heavy
1789040859454,9.756821262469888,-0.1774707825809717,2.870050116895139,9.662374066909083,8.645399880629203,-6.520935279867499,user,squat,heavy
1789040859471,10.168773585620523,0.043244829095155,2.7814655322521924,10.52889028483098,8.609999863934673,-2.5247536000424144,user,squat,heavy
1789040859487,10.149919832068681,-0.011821809088438748,2.814535296552628,10.608144384865223,12.94688311894763,2.070476437684397,user,squat,heavy
1789040859504,9.752930100250243,-0.3176809250429272,2.9997857732243833,10.211187450682424,19.311446340409564,5.224723750410458,user,squat,heavy
1789040859521,9.312547801429032,-0.6142629479557276,3.1792022830456492,10.584584501096911,21.0003967353501,4.052265003430294,user,squat,heavy
1789040859537,8.97601166152954,-0.795623577582091,3.298312792725116,11.40581314972704,20.72308251731112,0.6772835858108742,user,squat,heavy
1789040859554,8.86079129115641,-1.240795156506449,3.65759311774373,9.089712223874995,17.86302105709103,-4.379928814709669,user,squat,heavy
1789040859570,9.109040075793862,-1.3768160305850208,3.6046216982737183,5.291448722185959,19.918960931230934,-4.2863283292106376,user,squat,heavy
1789040859587,9.05995952628255,-1.395071818243712,3.574095334845781,2.1670898903810505,21.085342090510256,-5.956311288826048,user,squat,heavy
1789040859604,9.35878406742513,-0.9615716070864349,3.3571199326112864,1.0662133401716178,17.651838438143404,-6.076191354043527,user,squat,heavy
1789040859621,9.613169162860512,-0.7495352686893194,3.2436957980051635,-1.1058602404260147,10.499860273311134,-2.3449667993884,user,squat,heavy
1789040859637,9.511865089637041,-0.7875430739138275,3.2368124682322144,-7.184899676631731,8.89888100733307,1.227923298135253,user,squat,heavy
1789040859654,9.118617466956376,-0.6648403849612922,3.174862500275671,-16.390114668239875,9.826674267393738,4.257568110163007,user,squat,heavy
1789040859671,9.121012837660311,-0.49934126826822756,2.3666695101082325,-22.065393981684338,6.103543273461666,9.678478799198325,user,squat,heavy
1789040859687,8.823681165423988,-0.5291190052859485,1.8854349764168261,-16.893610600643825,-1.8644589358531831,11.774028647882428,user,squat,heavy
1789040859704,7.737161940002441,-0.8463505791261792,1.4255989123240111,-9.882136257227888,-8.981189909473601,9.91967924577451,user,squat,heavy
1789040859721,7.083396418219804,-0.8875012124210595,1.1737585329353808,-4.062585419266183,-9.019499586754558,7.885649764718359,user,squat,heavy
1789040859737,6.92014237703979,-0.8889977345891297,0.9002218700453638,-0.7354378441167726,-2.479601140430164,7.53598420657508,user,squat,heavy
1789040859754,5.720946620509028,-0.6135147599369287,0.5713181247204542,2.8092561652960097,3.6167776914789815,3.4362624084613027,user,squat,heavy
1789040859771,4.652084632331133,-0.08409677170440553,0.5017366389721631,5.085927476286629,3.291409464090965,-6.943942555544728,user,squat,heavy
1789040859787,4.202575608724356,0.40312297387644647,0.337883170594275,2.188908929684656,5.79540739990618,-14.352115993502299,user,squat,heavy
1789040859804,4.436456845313311,1.6234177786678075,-0.09591624270528554,-3.7043705987161637,8.63384832319542,-13.163536719420435,user,squat,heavy
1789040859821,4.650288981086016,2.845208813366294,-0.7363648945361375,-9.897058513017074,10.998824375200783,-0.7751394926062354,user,squat,heavy
1789040859837,4.406230633875728,3.11440671639964,-1.0522501683339476,-11.385141582203996,9.976499589479847,7.788841224743537,user,squat,heavy
1789040859854,4.202575024202466,3.0223794439569116,-1.931221160557866,-9.44928924027761,14.894666947580383,15.787063606041107,user,squat,heavy
1789040859871,4.440346838489175,2.024146989275515,-2.1068965841546654,-3.855357479847996,27.682673036244346,28.52223647392773,user,squat,heavy
1789040859887,4.171299011451006,1.2832916514523327,-1.6238658146962524,-1.5632585857913164,33.47144448048503,34.194829815481086,user,squat,heavy
1789040859904,3.8652895272403955,-0.1122287873417139,-0.5083174786671996,2.1017659611590482,36.00332388882248,35.31947510383705,user,squat,heavy
1789040859920,4.621258701434731,-1.001525066486001,0.6916258813604712,8.714970479967661,36.526133888651934,34.759946007029605,user,squat,heavy
1789040859937,5.255720972332358,-1.4576201904848216,1.1611889742195605,15.529637191317912,35.81080134668733,35.55901325312398,user,squat,heavy
1789040859954,6.195594177025556,-2.360234216363728,3.137751497760415,16.827946869510615,28.60697863096008,36.015717267071466,user,squat,heavy
1789040859971,6.244825533184409,-3.3922850617557763,4.8659164758428926,4.162237452369846,23.13688673791926,32.24841031713504,user,squat,heavy
1789040859988,6.291216112959384,-3.7063746843084693,5.312734652930498,-11.297371943822041,19.885269315602553,26.52513014175102,user,squat,heavy
1789040860004,7.376836928236484,-4.018817708697915,5.108779183527827,-23.215968375676958,15.84549928948515,23.84356713775275,user,squat,heavy
1789040860021,8.337957503619789,-3.9532764382511374,4.815040567347407,-28.247797765529324,10.672312304570202,28.764504991335375,user,squat,heavy
1789040860037,9.355642262268066,-4.049343779864907,4.540454687665402,-31.35842300790404,9.3537417239783,38.01418622198759,user,squat,heavy
1789040860054,9.394700014936923,-4.25644266185984,4.278290774922072,-30.904488635664993,10.028166555456407,41.57627330812181,user,squat,heavy
1789040860071,9.525781971308588,-4.269460987256467,4.138678598353266,-26.574565343416282,8.393751805943838,43.60195373669127,user,squat,heavy
1789040860087,9.985916433826088,-4.559009166009724,4.308217711152136,-23.82682122145517,5.715239762070448,46.85948268773462,user,squat,heavy
1789040860104,10.765978431269525,-4.962283384925127,4.746955165375769,-23.61919542351783,2.6208658876087183,50.89489846825614,user,squat,heavy
1789040860121,10.80293599678874,-5.204396151025593,4.9646764175415035,-21.262139829628744,-0.28312745607460155,51.40553707098463,user,squat,heavy
1789040860137,9.957036960822343,-5.964555762647092,5.107880481122434,-11.185479784838892,-4.8698565763273916,40.12673982661044,user,squat,heavy
1789040860154,10.518925578418374,-5.999720599530637,5.047277543860673,-5.0910428610881455,-3.693770145124304,34.25676597087476,user,squat,heavy
1789040860171,11.125856283789872,-5.798906935285031,5.041890297864377,-2.344262649573654,-2.248320262962954,34.02516791649797,user,squat,heavy
1789040860187,11.232547895270585,-5.623082458606362,5.607820007544755,-6.173884403515865,1.3453788596407887,32.802779206024546,user,squat,heavy
1789040860204,10.566063177168369,-5.806838020545244,5.865346615876257,-9.853891717462593,5.443708579824353,26.301613908709648,user,squat,heavy
1789040860220,10.522664764946699,-5.739051309259236,5.772719770105183,-5.789407505607147,-0.41616804184265194,18.468881034585962,user,squat,heavy
1789040860237,10.69968955732584,-5.50606614472717,5.348348402625322,2.4667727645084105,-9.762799192049426,10.368467070473953,user,squat,heavy
1789040860254,11.56743743700683,-5.096807590705156,5.1529216921150685,1.887104641489772,-8.506810219727766,11.375573340950455,user,squat,heavy
1789040860270,11.941830721613764,-4.917541449140012,5.03321248589009,-4.133570721536479,-4.2200357937869635,17.66590179764446,user,squat,heavy
1789040860287,11.493666682875157,-4.915447107209265,5.011814016291499,-11.716501379597995,-7.0487236338282475,21.09381494017566,user,squat,heavy
1789040860305,11.202320514789223,-5.121647140668332,4.358944274304807,-11.628168250609512,-11.81041221181744,21.703551050024572,user,squat,heavy
1789040860321,10.957812085723877,-5.335777967126667,3.9562691903263327,-5.589319675192562,-15.087787131267909,19.29140827293204,user,squat,heavy
1789040860338,10.275165337371826,-5.77092441112101,3.897612126435339,-2.3120207415966085,-14.545087620575377,12.474905948242348,user,squat,heavy
1789040860354,10.135703090667723,-6.0986307633548975,4.180875233569741,-4.653971372136214,-14.721622397410819,7.2717557772121975,user,squat,heavy
1789040860371,10.331730689680576,-6.032641456879675,4.078374936299026,-5.028803616050051,-16.497027619318082,4.751446282441934,user,squat,heavy
1789040860387,10.608857778277992,-5.853075747846066,3.7476749552071094,-1.9715368786885308,-22.913331231290154,3.8791500169349122,user,squat,heavy
1789040860404,10.603020742687582,-6.098031920678913,3.827880126300454,-1.3517882451249053,-27.440529169789055,1.931925623483865,user,squat,heavy
1789040860420,10.701783314734696,-6.0951893907293675,3.8394025140509007,-6.502955233764263,-23.676533154052795,0.29894310594330986,user,squat,heavy
1789040860437,11.452363781628012,-5.775263609369099,3.4250562815010546,-8.39064919251336,-23.243284009715133,2.91255018333117,user,squat,heavy
1789040860454,11.579556913867592,-5.728427331653237,3.0315099681347606,-7.168666024521903,-21.25908331997516,4.015808868735351,user,squat,heavy
1789040860470,11.569531778937577,-5.952434824481606,3.030311698260903,-5.950709253046168,-19.86305583287438,2.8435065757758617,user,squat,heavy
1789040860487,11.988517653986811,-6.3787532343760125,2.922124587525427,-2.3993020214529093,-17.723664707455256,1.4155044118493096,user,squat,heavy
1789040860504,13.040617307934165,-6.783371853637695,2.6379621934637427,0.3616982437071523,-11.837362430735018,2.9272058482993137,user,squat,heavy
1789040860521,13.300839438959956,-7.149536531342566,2.8089982668220994,2.5830592964488166,-8.483231552939237,0.8841738577519686,user,squat,heavy
1789040860537,13.762321224433183,-8.25445972072184,3.2118229884043332,8.35088041607096,-7.134603017357403,-9.112211720774663,user,squat,heavy
1789040860555,14.458586163771152,-8.98633811749369,3.758000534388423,13.316609796456882,-9.917040231433946,-18.00720293537541,user,squat,heavy
1789040860571,14.904356000849603,-8.922741551373898,4.004453083258867,13.273580458459449,-7.790834786207534,-25.125397277025506,user,squat,heavy
1789040860588,15.932067647993563,-8.431780865699052,4.312407271796465,9.298925187020718,-2.951982146070123,-29.652501300423317,user,squat,heavy
1789040860604,15.729305187767743,-8.161983681598306,4.4892780426576735,11.381154459276003,-4.323640371985948,-35.21944356834762,user,squat,heavy
1789040860621,15.228321412989496,-8.040477947345375,4.476261324696242,16.574452936202054,-4.88119981299149,-44.42600581476955,user,squat,heavy
1789040860638,14.941314735412597,-7.710676376397907,4.744560963715613,21.092594043861517,-9.320056084765444,-52.37683095209547,user,squat,heavy
1789040860654,14.535796829223631,-7.16015963216573,4.946871003998815,17.472066151641375,-7.307146402396619,-55.06858118324081,user,squat,heavy
1789040860671,14.125940601569413,-6.815694452832639,4.748900161963701,14.708271085130736,-5.440751961687384,-58.15282481994635,user,squat,heavy
1789040860688,13.047949550518393,-6.015581601007282,4.156185613471269,17.31175819672659,-7.949537646667365,-62.32566742166311,user,squat,heavy
1789040860704,12.255619023132324,-5.320515223804116,3.9571673082098364,17.958698346984566,-10.993563421992581,-62.70440824132949,user,squat,heavy
1789040860721,11.800571070098876,-5.018846106885373,3.9022500153690576,13.79518663744769,-10.177963703012189,-60.86195788252938,user,squat,heavy
1789040860737,10.708067509570718,-4.684555700086057,3.605370178553462,7.238468850292141,-8.825336091671312,-58.7550152783097,user,squat,heavy
1789040860754,9.626187634387612,-4.073584779413045,2.7518361176639794,4.745335397568889,-7.198200616266684,-56.11916331533174,user,squat,heavy
1789040860771,9.072977997809648,-3.7481234296269714,2.3760972636669875,9.15204282269324,-7.714650002431566,-54.96556827017868,user,squat,heavy
1789040860788,7.6976593661755315,-3.1863838651128114,1.969532186512649,20.355030943695812,-14.366123003942702,-58.581965605498254,user,squat,heavy
1789040860804,7.000345210045576,-2.609829447174072,1.6048641771063208,34.07516831631705,-15.91319500189644,-63.32873534279285,user,squat,heavy
1789040860821,7.109284892714023,-2.3648734204716977,1.7178410063363612,37.12811602624559,-17.61850540744645,-59.578831714861614,user,squat,heavy
1789040860838,6.457761596900224,-2.1902460446231067,2.5149609599560496,27.96992859462028,-17.782185768263925,-54.92867158828227,user,squat,heavy
1789040860855,5.2564714984387155,-2.1131828248173,2.5348624689951538,7.04100637383978,-13.26368607567304,-55.30009386025298,user,squat,heavy
1789040860871,5.166087463158369,-1.8989014109071343,1.9192521980836987,2.1778015479903345,-12.629607171622197,-54.52340572897415,user,squat,heavy
1789040860888,4.9449242538452145,-1.3221983052127062,0.4384389096684754,7.287983452906502,-12.604785410404725,-53.58637549183468,user,squat,heavy
1789040860904,4.8045647660404445,-0.7009029744021594,0.030227965003252026,16.31558876665857,-9.756439432158498,-53.318778925437336,user,squat,heavy
1789040860921,5.167734645843505,-0.33219599180333315,0.12060951606556772,18.624988423161188,-5.673524808601418,-47.90455285716535,user,squat,heavy
1789040860937,6.333859907421469,0.25543102429173886,0.5660799318060279,16.967028304032294,0.1288539732915235,-36.57457017515108,user,squat,heavy
1789040860954,6.378304029303789,0.4134483338620513,1.0913077748723328,16.116167733461708,4.0642784524066995,-23.25189858580581,user,squat,heavy
1789040860971,5.991489654541016,0.35419191583842036,1.2792526051945983,19.85251172834317,0.9685600978955357,-21.046010446174737,user,squat,heavy
1789040860988,6.200833831244707,0.3269576527584344,1.5272026991464196,24.712862388893196,-0.4895247270958385,-19.232132476220084,user,squat,heavy
1789040861004,6.819885767042637,0.30226739333914593,2.1718417884044348,27.363590503883447,-2.7077042723860254,-12.986855093517837,user,squat,heavy
1789040861021,7.0862407017350195,0.2855081278485246,2.6836025393933056,22.28126894059176,-6.6766721306802514,-5.2703494140661435,user,squat,heavy
1789040861037,6.7103498720467085,-0.10310063778404145,3.150022511921078,11.91771448367834,-9.17839113119021,-0.9763150306461447,user,squat,heavy
1789040861054,6.488287083545327,-0.21936927510108797,2.3895645018748937,-0.4020943303361349,-5.624758111701173,3.7381019148190946,user,squat,heavy
1789040861071,6.593481734466552,-0.21113898769859224,1.8269262349553406,-1.211130637730542,-3.6522541209148507,9.316974815676122,user,squat,heavy
1789040861087,5.721845030653476,-0.23822354010958224,1.343148738782853,4.7483270204253545,-7.54448010812893,8.19225695656023,user,squat,heavy
1789040861104,4.547486193737387,-0.37155044413013383,1.2636910250559448,17.788580532874352,-19.40153482801474,-10.816132182828575,user,squat,heavy
1789040861121,5.070172097235917,-0.22266111972071229,0.9235640210576355,27.592731397706327,-22.90612879681038,-17.53306657111876,user,squat,heavy
1789040861138,6.624606940570473,0.43290112188612107,1.0244204966440795,27.906346363636633,-19.442264953582818,-13.706175612184083,user,squat,heavy
1789040861154,6.929419908472895,0.8975260185575112,1.144131164173782,17.78377207969866,-8.107805082567609,-5.98433683565108,user,squat,heavy
1789040861171,6.767810127368569,1.0682624879147857,0.9792293557867408,13.765401890024556,-0.13260066555660607,-6.420112296208002,user,squat,heavy
1789040861187,6.932111047253012,1.1743555558303254,0.7058420382395386,19.813834074620683,-2.1727749556480283,-9.910282613023865,user,squat,heavy
1789040861204,7.697059062194824,1.151909862750722,0.3381825919322669,35.432193715709765,-2.3406245066235645,-10.11575263250442,user,squat,heavy
1789040861221,7.990947315979003,1.0176849824105623,0.7357688283391296,42.146717047222936,-0.24667607049556575,-7.941100655495108,user,squat,heavy
1789040861237,8.294861289215087,0.7122746742360759,1.6629231289736925,43.81859367678573,-0.6605090147352931,-6.384651234697765,user,squat,heavy
1789040861255,8.277054998889565,0.5160995839107781,1.9538197997264564,42.237111185793474,-3.2380387928033083,-7.659065922966002,user,squat,heavy
1789040861271,8.488643739649653,0.28969796248748897,2.184710183936357,35.950092809525984,-6.662236952756253,-8.261022447350273,user,squat,heavy
1789040861288,8.602367149463296,0.26141658324105665,2.1417638993963597,29.047353370149356,-6.287266824398547,-9.385461976257487,user,squat,heavy
1789040861305,8.88712692489624,0.32142126234872265,1.9315227738529444,23.04275990096731,-5.926072760709932,-8.072376037569105,user,squat,heavy
1789040861321,9.229197902569174,0.5222347987301648,1.19844800690338,23.105015367704688,-4.118503751114254,-4.333632511854853,user,squat,heavy
1789040861338,8.890421290266513,0.5355527646604925,0.7191603694960474,28.88496903772689,-5.0130655795418715,-4.892981462422939,user,squat,heavy
1789040861354,8.992324498426914,0.5737102440213784,0.7556707757696509,34.81653412430316,-5.045887626711545,-4.877158048550135,user,squat,heavy
1789040861371,9.509619356536865,0.7091322754239663,1.1167460213810205,37.48433429712385,-2.6257172429101314,-0.44570223338103665,user,squat,heavy
1789040861387,9.730636435377598,0.5294175498411059,1.6792346506968139,35.183110377057744,-2.2556176797608782,2.9631196232854755,user,squat,heavy
1789040861404,9.451412666761875,0.3426697838163003,1.8137592948682606,29.816518048057418,-0.5492321597468273,2.5040611150650376,user,squat,heavy
1789040861421,9.029882367926836,-0.17163484296910464,1.95965522788167,19.896991627765587,1.1511975420326783,-0.8788071433333369,user,squat,heavy
1789040861438,9.101260673964022,-0.21473025365620851,1.498472425355017,17.134572844372705,3.017790591836373,-1.1316379079621717,user,squat,heavy
1789040861454,9.120413702723383,-0.16445198226030916,1.245135962189734,21.441717455739425,2.937971933978546,-2.257812731805391,user,squat,heavy
1789040861471,9.172337366706133,0.11970979074686765,1.3216012161023913,29.30035723738497,-2.671220603490991,-7.150169445362685,user,squat,heavy
1789040861488,9.687688689532875,0.4967964426236227,1.8993512735664844,27.97880954808859,-7.068180281452675,-9.526411467517162,user,squat,heavy
1789040861504,9.944167542377114,0.7276873748227953,2.0687413332834836,19.591755596399594,-5.971696716818324,-8.912746291348196,user,squat,heavy
1789040861521,10.326041538128257,1.1743554028499872,1.9897326784983276,8.591893886218616,-5.903901112890424,-5.805847344052545,user,squat,heavy
1789040861538,10.203788784900308,1.6325458551602436,1.5735906485728919,4.85318536522386,-7.433504048268208,-5.003028616556538,user,squat,heavy
1789040861554,10.069864298579096,1.7081130277220158,1.285538261335343,4.84337422536796,-9.896395130893936,-6.556388657414919,user,squat,heavy
1789040861571,10.339660313636063,1.8855830065853894,0.6618490211255847,6.737659316666119,-10.043767561294363,-3.7151089367518932,user,squat,heavy
1789040861588,10.835258888244628,1.845480128777772,0.5457295099556446,5.972584214523603,-9.1113946593952,2.5122541404178795,user,squat,heavy
1789040861604,10.793510581317543,1.7018281752988695,0.6160591837227344,2.4677471336821952,-4.613103362124265,8.658265395704568,user,squat,heavy
1789040861621,10.32933473445475,1.2832917245175688,0.7279884035959839,-0.43488601518051323,-0.11632160336096826,11.349365905105117,user,squat,heavy
1789040861638,10.082582910376786,0.7049423494534567,0.992547833173722,0.07654211472735122,-0.49732016073379154,10.724572643230907,user,squat,heavy
1789040861655,10.059837410083412,0.4396347683895379,1.0760450315497816,0.8194162472616959,0.7366275776928243,10.345361394285446,user,squat,heavy
1789040861671,9.835980139380693,-0.10459697728902101,1.452833102338761,2.113148898297698,1.3582118245958907,7.680836297171772,user,squat,heavy
1789040861688,9.427319843512773,-0.4335003572877496,1.845033407923579,1.6337766604337014,2.154242944882491,2.9785490206205343,user,squat,heavy
1789040861704,9.344420026507974,-0.41240152822285886,1.9906306502513587,0.8938488207112917,0.6156259740692882,-2.867994938384473,user,squat,heavy
1789040861721,9.70280384107828,-0.10818820671401917,1.9918280433423816,-0.5629082261776026,-1.3579164189142876,-6.590376105611726,user,squat,heavy
1789040861738,10.058341034045815,0.27937307742591944,1.8567042642340064,-1.721431466260237,-1.9265649922024628,-5.687109201086927,user,squat,heavy
1789040861754,10.16398401325643,0.4156926787227392,1.8333609441779553,-2.8298910205522647,-3.270772687844006,-3.638097700086353,user,squat,heavy
1789040861771,10.191818361121415,0.48841688294354824,1.6892603701487183,-4.4125783996028,-2.17786237936263,-0.6860905811370768,user,squat,heavy
1789040861787,10.038738507953285,0.534205843563564,1.4255980355411768,-4.2807570292820225,-0.9455147194707952,1.208954688871364,user,squat,heavy
1789040861804,9.911696182361245,0.5029314747799187,1.29077528520599,-2.5046043285474653,0.1956879746296933,2.147832812346434,user,squat,heavy
1789040861821,9.758617498236895,0.3817250522671267,1.1225823263190686,1.6918993291146884,2.103649599266091,2.2377213034749754,user,squat,heavy
1789040861837,9.852591082441807,0.12120631291493773,1.2837424639597534,3.8739509623160635,2.5287716722650857,3.3494854953865256,user,squat,heavy
1789040861854,9.765799518695474,-0.036212738501280546,1.5008669192761181,3.8419378656762135,3.76941790527678,3.4876079286600508,user,squat,heavy
1789040861871,9.491664013129473,-0.24450810027178377,1.7503122202217578,2.804570228638558,3.640453688463184,1.2281539237414467,user,squat,heavy
1789040861888,9.457847083723545,-0.15831698663663119,1.7699156230971216,3.203938433041785,3.42226777773877,-0.6344137967635834,user,squat,heavy
1789040861904,9.459642734968662,-0.12090747609883547,1.780988075122982,4.600621191416066,2.391628730807223,-3.018702635533981,user,squat,heavy
1789040861921,9.56992564893961,0.07826032063588499,1.943344582941383,4.432438028388257,0.434472762055301,-4.681131192483946,user,squat,heavy
1789040861937,9.782111771070957,0.44232850098554044,2.065598797474056,0.6268803649133238,0.022866152660093644,-4.7712760291497744,user,squat,heavy
1789040861954,9.873388371276855,0.6169554019100963,2.009335204590857,-2.0958064076648006,0.2250451281983998,-3.579213785478027,user,squat,heavy
1789040861971,10.09829602781534,0.8650546950742601,1.6096527265571057,-1.7303107121812535,-0.18576188215645328,-1.6181221870211495,user,squat,heavy
1789040861987,9.966614936506748,0.7912832833554595,1.3850472678355872,1.6547601755027441,-1.4090891566713752,0.7110592447825576,user,squat,heavy
1789040862004,9.898529826796054,0.6801027629576623,1.3956709531806408,3.2191823480521955,-1.2928343210775866,1.8339198794135867,user,squat,heavy
1789040862021,9.81248703559041,0.44606936801429836,1.5545865267649293,1.964069987821826,-0.5202071107862993,3.1487362038395075,user,squat,heavy
1789040862037,9.547779283583164,0.2500442897520959,1.5661084761239588,-0.5493565972557684,2.3413685703562725,2.654083018533194,user,squat,heavy
1789040862054,9.532665885603427,0.22146336130350827,1.4704904857128858,0.9114434947349502,1.928603163339477,0.8079830975604764,user,squat,heavy
1789040862071,9.580248890033364,0.19752123510409145,1.405098122217506,2.9357036708438673,2.172434299963174,-0.32684186738187315,user,squat,heavy
1789040862087,9.674970077735185,0.19722214255966244,1.6303024236150085,3.751927925246493,3.2101735419803603,-0.7108310204147439,user,squat,heavy
1789040862104,9.663447397723793,0.1776193607388064,1.7441773707285522,3.8489106350451503,2.1879659366923714,-1.5971923529701149,user,squat,heavy
1789040862121,9.699811089003086,0.2477995430326089,1.9671372542001306,2.7187689653980347,1.0004822676420597,-1.9616642671301006,user,squat,heavy
1789040862137,9.813235223609208,0.28116865560580045,1.8845371507942676,0.05641542154328142,0.5524684421137968,-0.8654192788690243,user,squat,heavy
1789040862154,9.809044786182046,0.32561113352030513,1.7953538696058093,-1.4316368917820568,0.06968038929328005,0.46436898030012286,user,squat,heavy
1789040862171,9.80021675208211,0.28281463271453977,1.6256636578984558,-2.8536015953691405,1.323103798488379,1.3227230154421508,user,squat,heavy
1789040862187,9.798570738440752,0.1978206929747015,1.451635709247738,-1.0970567669161029,2.6829480382959026,3.228017197743607,user,squat,heavy
1789040862204,9.578902736121416,0.11492127782870083,1.4767751189403235,1.213183536462954,1.5118175496658943,1.839911449419569,user,squat,heavy
1789040862221,9.348011328998208,0.042646424810588356,1.534535233991593,3.181874574145117,-0.056582447682936,-0.37204317885494487,user,squat,heavy
1789040862237,9.461737661421298,0.06239866157211363,1.6446689487501978,4.189487772724081,-0.1895345478166804,-2.2205950310179916,user,squat,heavy
1789040862254,9.562142739978432,0.15442567828651516,1.7181398431524633,5.296940194278649,-0.8368734103674551,-1.7380967009482449,user,squat,heavy
1789040862271,9.502137476348876,0.30361429616976526,1.9107240237131713,6.269809287766817,-2.014045628205163,-1.4732220716568563,user,squat,heavy
1789040862287,9.579202011328935,0.4643250460751354,2.082357770703733,4.26423992432164,-2.2748179818480185,-0.7768798568232663,user,squat,heavy
1789040862304,9.663597619849442,0.5134062897061928,2.0838544390022755,1.8927337845829204,-2.354179443918278,0.6040904782522243,user,squat,heavy
1789040862321,9.669733930647373,0.6145613829130306,1.9265859019726514,0.008549957765354568,-1.9407833116203137,1.4482845173886107,user,squat,heavy
1789040862337,9.688887543928622,0.5771519454404711,1.783831627985835,0.006001186632189023,-2.605976715548325,3.0181361567196934,user,squat,heavy
1789040862354,9.674221889716387,0.5340563886228948,1.7678205505140125,-0.05970315711265086,-3.835407777942858,3.3027736182093967,user,squat,heavy
1789040862371,9.705347680342197,0.35942915890477595,1.5481522559337317,-0.6850998835423076,-3.036045766497113,3.8343747118308937,user,squat,heavy
1789040862387,9.696218617469071,0.3715498413419351,1.4652530234508216,-1.1945912279336504,-0.24147578857710017,4.115918524513404,user,squat,heavy
1789040862404,9.630379240858554,0.39070349115580316,1.3515287368543445,0.44772797143932724,2.044581909880409,3.653927944148327,user,squat,heavy
1789040862421,9.734077515742182,0.5446807315550745,1.4089889921762049,0.16791090261614727,3.107383890726723,3.43929928132102,user,squat,heavy
1789040862437,9.846005274310707,0.5713158962307497,1.4772240317516028,-1.6732603831999584,4.862190115870875,3.1095872670642866,user,squat,heavy
1789040862454,9.929801163372398,0.6832447873104364,1.4622596868537365,-4.82647249537994,5.749584514538211,2.643269334973183,user,squat,heavy
1789040862471,10.350134945899248,0.8277948586728423,1.17735012768656,-4.925714717133402,6.697966952965059,4.817004999416656,user,squat,heavy
1789040862487,10.408044698554276,0.852485172891058,1.2123651808358729,-5.570841452166738,6.841366774589477,5.98741938540087,user,squat,heavy
1789040862504,10.422710352766513,0.7739253943845629,1.2419938647717237,-9.517604792356076,8.730523674481427,4.978708447356238,user,squat,heavy
1789040862521,10.458321764373778,0.7047926753170788,1.2430410357370971,-11.891215057245983,9.946223922210118,2.4843756561034147,user,squat,heavy
1789040862537,10.461315685492753,0.7600089876370504,1.1924629411444068,-9.947367978896095,9.310726046359207,-1.1389609379694832,user,squat,heavy
1789040862554,10.402958189070224,1.0996864943021907,1.2777572520703075,-7.813274518951965,7.819268009948651,-6.0489862836925425,user,squat,heavy
1789040862571,10.664373329272866,1.6273086120938882,1.551294353351742,-12.324915847842513,7.965189878924096,-6.413687649519958,user,squat,heavy
1789040862587,10.558280852729082,1.800738412188366,1.6235691698372363,-21.293053265812222,9.39913857629679,-6.179824960546484,user,squat,heavy
1789040862604,10.49603044052124,2.051231907012686,1.3980655932322144,-31.95484537151331,11.298656873159649,-2.3572647684324193,user,squat,heavy
1789040862621,10.2853401099056,2.1930880996486173,0.7766198941655457,-37.371581534305285,15.007023559427093,3.066994207400087,user,squat,heavy
1789040862637,10.077345594245195,2.117222090270743,0.5020350373968482,-38.628339756682216,19.516408364570598,8.575981252999778,user,squat,heavy
1789040862654,9.370309085524081,1.8562542737104928,0.2075494022414088,-35.16748973442592,23.479821998409136,12.75698934586929,user,squat,heavy
1789040862671,8.82966666957438,1.590796872379724,0.34701077216267584,-31.071835100519476,27.51270548629587,15.165605184029157,user,squat,heavy
1789040862687,8.633941268378496,1.5472522383540868,0.6130667239084839,-29.94944377458962,32.48749425884217,18.742464261790822,user,squat,heavy
1789040862704,8.513630296868085,1.6660645779377314,1.3904337831795215,-35.21436532269972,39.15412430389521,26.23269046979505,user,squat,heavy
1789040862721,8.362049742347002,1.8085196977313258,2.0655983590826392,-43.2780115247359,38.83822122459295,31.183105712288153,user,squat,heavy
1789040862737,8.086865019989013,1.827074740047939,2.2688065172493457,-51.17458446948441,29.717890116442433,34.51681517823924,user,squat,heavy
1789040862754,6.867468186950683,1.7265183251203038,1.6472113267093895,-54.957775024335696,22.290505063896912,33.19395096998034,user,squat,heavy
1789040862771,6.186917534095048,1.4513348266050219,0.8017588654667138,-51.959588356077724,20.90148364333727,33.527165163734,user,squat,heavy
1789040862787,6.168063196021318,1.2572547814633697,0.3881611131966114,-47.231243054069246,26.695263323786868,39.793805670612755,user,squat,heavy
1789040862804,5.843650040113926,0.4489123728878796,-0.061948214390873904,-43.843042338919794,36.62554387692688,49.98150410073951,user,squat,heavy
1789040862821,4.444387053790688,-0.6714242203310131,0.2605199449285865,-45.42214450898631,42.24032137470338,52.22301167689219,user,squat,heavy
1789040862837,3.6053707630753515,-1.1596921597905456,0.46103550301045176,-43.22199372825804,38.497217200090894,47.1724897668288,user,squat,heavy
1789040862854,2.7841590091198682,-2.0163672951847316,0.37514322619140145,-35.52006409938198,36.414815465559066,37.943066877254836,user,squat,heavy
1789040862871,3.6056688692390915,-2.2545902142398058,0.54557958009094,-30.45119630120793,37.04842479410447,38.64955090914969,user,squat,heavy
1789040862887,3.8567619373917577,-2.273594482178241,0.806997350642085,-27.122570203546623,37.82402692530527,41.69578454312411,user,squat,heavy
1789040862904,3.7460277725219724,-1.627608654486388,1.5043085841625927,-22.915110495568943,39.055841296833314,40.75975834379264,user,squat,heavy
1789040862920,4.713436049872636,-0.8848075894229114,2.251448847474158,-14.092264861623748,31.788294623697134,40.44443241547524,user,squat,heavy
1789040862937,5.461774875319004,-0.7893390904851257,2.842816949793696,-7.966975119618408,19.283961659189433,44.35538165875162,user,squat,heavy
1789040862954,6.4384583460152145,-1.5445599305301905,4.45920205334574,-14.509792618039334,11.428506453244408,50.045332218533275,user,squat,heavy
1789040862971,6.855946091461181,-2.7878986340396104,5.112968159650266,-37.85004653094843,11.922205333057624,56.700945168455085,user,squat,heavy
1789040862987,6.86911595415771,-3.374328841565549,4.889709439362585,-51.89742680444144,11.258736978781863,56.97185779169447,user,squat,heavy
1789040863004,6.982389282116293,-4.281132135827839,3.7575516215771434,-56.680140412243226,10.933450927107298,53.60429449312221,user,squat,heavy
1789040863021,7.247699091669917,-4.904971890424192,2.9222748096510767,-50.95123045343582,7.8616706780897365,49.57658999617364,user,squat,heavy
1789040863037,7.071724100604653,-5.133468219104409,2.8281515878424046,-42.41259582104402,3.00116697861362,41.49901362332521,user,squat,heavy
1789040863054,7.414843126025795,-5.374085485950112,2.6800112369030713,-33.95920877968316,1.8528992675697598,33.939032400874936,user,squat,heavy
1789040863071,8.102727775031328,-5.054908769391477,3.2004502382576465,-30.470040793127993,4.256446678478655,27.73131935106047,user,squat,heavy
1789040863087,8.523060388514399,-4.784513911658525,3.3587668230354786,-32.68091838594776,10.715173449159323,25.83944062078427,user,squat,heavy
1789040863104,9.574262216839193,-4.314801181195676,3.298462868720293,-30.956203412965746,15.83016380725118,29.563787388388608,user,squat,heavy
1789040863121,9.420138407576083,-4.361937610901892,3.7639857462778683,-22.094861125311066,12.185815630300619,33.938721627267704,user,squat,heavy
1789040863137,9.071628921288251,-4.515314985711872,4.23878557074666,-20.073987442370004,7.026955820943417,32.720629105782216,user,squat,heavy
1789040863154,9.610177579829097,-4.838682431958616,4.868311262024939,-25.67367192962806,7.010351631071116,34.06246074936624,user,squat,heavy
1789040863171,10.164732201275228,-5.275174445343017,4.7352834322825075,-31.116863122622785,6.568367955445475,40.01362506376586,user,squat,heavy
1789040863187,9.721058459693193,-5.617845434735715,4.496461816681921,-28.352396990026193,5.829279588660742,38.50543391766242,user,squat,heavy
1789040863204,8.76457665002644,-6.018575814387202,4.103365000648797,-21.440592182073665,7.505167246813628,28.762684745921565,user,squat,heavy
1789040863221,9.399038336402178,-5.84170299769938,3.8500276607006785,-10.117367118469481,5.639368313222653,19.9937685781155,user,squat,heavy
1789040863237,9.719709967693685,-5.715258930261433,3.922900004687905,-7.480891900729757,7.171685821908695,20.91381213478914,user,squat,heavy
1789040863254,9.581895488196611,-5.483919779370725,4.28038453233093,-10.085017635013008,10.991785865261084,21.879757977779853,user,squat,heavy
1789040863271,9.81921897419393,-5.114763226373493,4.471770443017781,-14.045773471490763,8.532631749885,23.738233667920106,user,squat,heavy
1789040863287,10.002078464075922,-5.080347454291582,4.36926985348612,-14.833890216798318,7.966118784651218,26.9550956726452,user,squat,heavy
1789040863304,9.774629306361078,-5.288493361121416,4.191799947687984,-14.65078309043403,9.909772056383407,28.475246479985334,user,squat,heavy
1789040863321,9.266457665905357,-5.7808004929691545,4.220230215619504,-10.971949288364076,6.318050486987794,24.32940703115222,user,squat,heavy
1789040863337,9.217376531872153,-5.999421032062172,4.061165442822873,-5.529520942122277,3.7111931039233603,20.740463641201508,user,squat,heavy
1789040863354,9.373002562391758,-6.316653921076655,4.154988512641191,-1.3740347048601658,2.383142220763482,19.095769456988073,user,squat,heavy
1789040863371,9.197328015577792,-6.479908254517614,4.733488073298335,-3.6020932116502773,0.27854215798570153,17.35361359596043,user,squat,heavy
1789040863387,9.006988399073482,-6.444294212561846,4.95031325340718,-9.057489952691814,-1.7204488795151072,13.612702765845167,user,squat,heavy
1789040863404,9.326761620220541,-6.235847861480712,4.718074231067299,-13.252010721060548,-2.705574534025451,10.976108019794967,user,squat,heavy
1789040863421,9.813235808131099,-6.1188324243843555,4.46234415076375,-14.717280104645983,-5.601903871851487,12.051462394231883,user,squat,heavy
1789040863438,9.5578032494694,-6.222231716321408,4.421044464386999,-14.693415423685957,-6.931523990973176,8.523065216178752,user,squat,heavy
1789040863454,9.260025002509355,-6.670246701978146,4.088998913905025,-10.297649961611969,-9.367180974943947,1.8930272692738193,user,squat,heavy
1789040863471,9.463680612182616,-6.766612734277546,3.9541742638736963,-4.056880930648753,-11.097646967207112,-2.1175022901199347,user,squat,heavy
1789040863487,9.90795582678914,-6.768109694837033,4.082264637213945,-2.366344224273482,-10.02893580551168,-2.688711437294924,user,squat,heavy
1789040863503,9.92665994273722,-6.764069187274575,4.454861978314817,-5.989590531783288,-8.445107144539518,-2.11277089001582,user,squat,heavy
1789040863521,9.549573181262613,-6.686407270923256,4.446932062098384,-10.18221549577052,-10.544772182198553,-4.076365752803507,user,squat,heavy
1789040863537,9.321227366968989,-6.593333558167517,4.190003711920976,-9.829432810044777,-12.121035554891279,-7.104075486862031,user,squat,heavy
1789040863554,9.533411151012778,-6.292560805566609,3.7994489815860986,-7.205501234715782,-14.228872060118588,-8.741121566752348,user,squat,heavy
1789040863571,9.897928938293456,-6.234052794757485,3.6520559418827294,-5.384822103895088,-14.357668937297518,-7.580241271075824,user,squat,heavy
1789040863587,10.443058728790282,-6.197241359710693,3.622128421130776,-6.137936691027265,-13.696007168057227,-4.11908773228829,user,squat,heavy
1789040863604,10.681731291309,-6.43172436158508,3.4041067247137424,-5.394864189522299,-13.23503940852036,-1.098564637897089,user,squat,heavy
1789040863621,10.4894469704777,-6.614132600568235,3.367895009125769,-3.952603578816522,-13.385598122168597,-1.5003132699477713,user,squat,heavy
1789040863637,10.505159503394365,-6.8734545678839085,3.503466385871172,-5.344065511343976,-10.887135414345442,-5.234057203911281,user,squat,heavy
1789040863654,11.533171010267735,-6.9832894458264105,3.2918796909376975,-4.053616953999133,-8.829125139113376,-4.469399170194959,user,squat,heavy
1789040863671,12.026824880549311,-7.079506132782996,3.1693262011975047,0.39251968578024643,-5.760048791233493,-1.2665145072760597,user,squat,heavy
1789040863687,12.400766914257407,-7.525724005889892,3.461717494422197,6.172977269016723,-4.528676674454207,0.4320161084294914,user,squat,heavy
1789040863704,12.614001084136962,-8.06711314855367,4.1903021103456615,6.061710499229453,-3.6138065591900257,-1.1031359554425315,user,squat,heavy
1789040863721,12.843246477618813,-8.176050200873613,4.4499248141735785,3.3516118186525152,-1.9919802752046136,-1.9405536465094722,user,squat,heavy
1789040863737,13.76471601061523,-8.239347491785884,4.603153135901689,0.4704937389949202,-0.5316823622004497,1.8087019672242535,user,squat,heavy
1789040863753,14.247444582256675,-8.221089950561524,4.368071583612263,1.643299011353757,3.7309959567613427,7.957670694421559,user,squat,heavy
1789040863771,14.179960945570468,-8.4401605715096,4.344280958180129,7.269535111958297,6.9063205929358285,11.76903321827821,user,squat,heavy
1789040863787,13.334355924114584,-8.914211915698647,4.719271039636433,21.46986637285634,3.5392390361434694,9.448316792094529,user,squat,heavy
1789040863804,12.294974297443032,-9.329007353320717,5.3218631312817335,30.365665257326445,1.3656106270143071,2.868638256826924,user,squat,heavy
1789040863821,11.847857137408852,-9.470714164081215,5.681292363251745,34.1487943404752,-2.8129476690989903,-5.225355542908685,user,squat,heavy
1789040863837,11.224019136378168,-9.101409142524004,6.284332198664545,27.686497942179553,-7.34213831528824,-13.80133636902164,user,squat,heavy
1789040863854,10.793659634399413,-8.183082291467487,6.220286427472532,17.243196757838003,-9.624930116105427,-17.884104143511564,user,squat,heavy
1789040863871,10.691457151031493,-7.570915439008176,5.828085975757241,9.01192063809678,-11.469794093003488,-17.82390797880895,user,squat,heavy
1789040863886,10.226532531628012,-6.579715659442543,4.5582621470347044,8.366992832323021,-12.771704134662436,-17.824176063733873,user,squat,heavy
1789040863904,9.349808149287105,-6.032791094483435,3.4151810764357444,18.84602700508114,-15.445303138088471,-19.162157188173303,user,squat,heavy
1789040863921,8.756192852562666,-5.926846209716796,3.2389065179020164,28.27134996533482,-20.211325471106036,-22.89183321087754,user,squat,heavy
1789040863937,7.679853660371899,-5.998973288294673,3.2531238438248633,32.94392848031744,-25.946218675626373,-29.877890712844568,user,squat,heavy
1789040863954,6.648250266486406,-6.126164374707638,3.247585498920083,29.36140888328113,-27.189140642292152,-35.7642740980612,user,squat,heavy
1789040863971,5.954830779707431,-6.150107560352981,3.082386461152136,24.49847641122484,-27.550314215413255,-44.56730535322419,user,squat,heavy
1789040863987,4.822223172327876,-5.7721220964729785,2.509125093409419,18.861789374138237,-27.627860768154996,-58.704895350180145,user,squat,heavy
1789040864004,4.5163644947648045,-4.7812221766367555,1.881544690980017,15.179644637868119,-27.037377254029053,-65.40009949162594,user,squat,heavy
1789040864021,4.522945042198896,-4.1852141395568845,1.5985793977484106,10.30589485371382,-24.52504755464348,-67.2663393993052,user,squat,heavy
1789040864037,4.529232159644365,-2.877083084271848,1.268030515564978,2.76150759346892,-21.406518075851764,-62.62900295289255,user,squat,heavy
1789040864054,3.95806484157145,-1.990479697473347,1.1001374164074658,-2.7897002664852053,-16.610847599194468,-59.40747592896434,user,squat,heavy
1789040864071,3.7615912523567676,-1.6873144967779516,1.1469736941233277,-8.675503085622388,-9.394797137305602,-55.70285304013571,user,squat,heavy
1789040864087,3.788076523700356,-1.4251491227298974,1.5119392251715063,-15.11278903872474,-5.508536893444705,-50.05340550213223,user,squat,heavy
1789040864104,4.065055143737792,-1.5411182656437157,1.6373358293831348,-16.367460638310234,-10.360650772742519,-42.73343029692703,user,squat,heavy
1789040864121,4.056975297656655,-1.6609782785162328,1.6883623983956872,-15.285077145443728,-20.206228442437915,-38.06876967873975,user,squat,heavy
1789040864137,3.8046857131958007,-1.9134166237980126,1.5987293276131151,-17.609096821864757,-24.89920702492407,-37.27685364070638,user,squat,heavy
1789040864154,3.5025679757267234,-1.7955021920353174,0.8351289278879761,-16.55315811391725,-25.77960987120225,-39.202246401692534,user,squat,heavy
1789040864171,3.7009862692683932,-1.5842136032655834,0.23523148215413092,-8.651501800878963,-24.227073721912504,-39.055195843956746,user,squat,heavy
1789040864187,4.320637340003252,-1.1329068825870752,-0.7899357412040233,3.094913245962749,-16.965291728435815,-38.99302746213129,user,squat,heavy
1789040864204,4.4587534327954055,-0.9879081906743347,-1.0102022939383983,14.654910232240011,-9.054892773259917,-41.08054842344604,user,squat,heavy
1789040864221,5.093216288214921,-0.8203139283329248,-0.5412378976248204,30.536717099805657,-6.257558062829929,-44.046370240321906,user,squat,heavy
1789040864237,5.795615784785151,-0.7882916272588074,0.062400195942074056,40.761616155246884,-8.809407236753195,-48.92031809996213,user,squat,heavy
1789040864254,6.086210257720947,-0.7052423187807202,0.4255703680060804,47.45390380591707,-11.81150077321641,-53.62305702277224,user,squat,heavy
1789040864271,7.286303255352378,-0.5753570248477161,0.9205714151129126,50.6719201126119,-10.493843730425999,-52.71204980637052,user,squat,heavy
1789040864287,8.837448409491778,-0.09801321498453616,1.0727527120061218,51.16645995946668,-6.643091078739061,-44.22769127221823,user,squat,heavy
1789040864304,9.108442109900713,0.07287292850911617,1.235259734211117,50.062899465078544,-2.9948195984405626,-36.810959607230636,user,squat,heavy
1789040864321,8.475325408393145,0.24345986986048518,1.6077077299691735,49.390310246939876,-3.41847937062694,-37.9555114819226,user,squat,heavy
1789040864337,8.35606365367472,0.46911344939544797,1.7492644647344946,51.9338112221501,-7.062217099420431,-38.87038458539454,user,squat,heavy
1789040864354,8.827123414832354,0.5801444783199579,1.694048188947141,55.89700799748249,-10.07532132771253,-35.20202658596409,user,squat,heavy
1789040864371,9.426720708575845,0.5807428095392883,2.018911572840065,53.10971366513242,-13.083593624053666,-28.65744519119001,user,squat,heavy
1789040864387,9.259277983534336,0.2002145293086767,2.700960647559911,42.076420740285165,-13.638311706364483,-26.457864731257445,user,squat,heavy
1789040864404,9.125500796729325,-0.024840207550302147,2.8648132391549646,27.965319924477814,-13.401846288430411,-25.610354368474752,user,squat,heavy
1789040864421,9.010279257312417,-0.3158855295261368,2.8064544275581835,12.863345636530143,-13.942556506527177,-26.882067290039426,user,squat,heavy
1789040864437,8.831612542945146,-0.3417726157808676,1.9461882819347083,9.220143223812851,-14.437993669484161,-28.66587705972039,user,squat,heavy
1789040864456,8.698733766284585,-0.10504599969815462,1.2629419602543115,13.191164834613136,-18.09243003583883,-33.0850196980024,user,squat,heavy
1789040864472,8.760833371844887,0.04085057263607159,0.8951336069956422,17.693681884546194,-19.091406673655726,-34.08682744923026,user,squat,heavy
1789040864487,8.908077358466386,0.18644792456170542,0.7109295706368982,22.79655719459774,-18.395483821765005,-33.89665107707501,user,squat,heavy
1789040864504,9.103653706580399,0.4116525912853889,0.8774757852301001,23.373827707774293,-17.439125856821697,-33.10241277472383,user,squat,heavy
1789040864521,9.299228885650635,0.624287544029625,1.2927205740548668,19.38374560032144,-16.979698304942666,-31.750086545480084,user,squat,heavy
1789040864537,9.418341587287188,0.7543226216968614,1.433379337067157,12.171221223591594,-17.841056876267558,-28.104485028816825,user,squat,heavy
1789040864554,9.863962371283769,1.0528497051296755,1.5497976850531994,-0.4452033627673613,-11.580529388695966,-19.994379880046214,user,squat,heavy
1789040864571,9.621999535048007,1.179293644703459,1.4164716030165552,-6.154598937507511,-5.430702192097356,-15.96664806234096,user,squat,heavy
1789040864587,9.44288098526001,1.2110168897657654,1.3579625692941248,-5.330760729727614,-4.084737430291827,-13.979863853547434,user,squat,heavy
1789040864604,9.498994502148031,1.312620713120792,1.2620447191536426,3.897127928604032,-17.588433792078174,-10.156745720355543,user,squat,heavy
1789040864621,10.345943923950195,1.499518025417812,1.304990565302223,9.664705722736995,-25.458107744327876,-4.183632593058087,user,squat,heavy
1789040864637,10.551546576038003,1.4432541768062859,1.2107184365421533,7.626468845152116,-18.043843485177945,0.5059412468485228,user,squat,heavy
1789040864654,10.575936920928955,1.1791439157681538,1.3811558133549988,1.690951320202232,-10.057717368900468,5.785921974696325,user,squat,heavy
1789040864670,10.740688507190345,0.9307454387280159,1.3210013505131006,0.903186222915228,-9.108374862008409,8.650511423449311,user,squat,heavy
1789040864687,10.617537343817949,0.7411546495633199,1.1498162240728735,0.44221841001750706,-5.266013524603655,9.877493436139572,user,squat,heavy
1789040864704,10.30419444797933,0.24555488764466715,1.0006275331243872,2.813526314187737,-2.102224224163674,8.884683605369553,user,squat,heavy
1789040864721,10.124183333265782,-0.08634113483140245,1.0266644761785864,6.289402112287822,-3.985478986839086,6.114983840321437,user,squat,heavy
1789040864737,9.889998729816078,-0.2032082860308699,1.1180929059453308,8.335512490438433,-5.69539806253156,0.8656807470481889,user,squat,heavy
1789040864754,9.685593763080238,-0.2899980414126068,1.3006509286627173,6.372210045124587,-5.733391843563402,-5.146324704682936,user,squat,heavy
1789040864771,9.922470674353837,-0.09965906422911211,1.301100718256831,3.752169543188382,-6.157967074541974,-6.538418856595439,user,squat,heavy
1789040864787,10.11774891630411,0.05356978722196072,1.2478297313183546,1.5386673434583318,-6.373392521624645,-5.841311820657366,user,squat,heavy
1789040864804,9.975142526355386,0.26081799629339947,0.9572332125559448,1.5979947934758856,-1.8601919886126292,-4.642895793510214,user,squat,heavy
1789040864820,9.871593889075518,0.4201820260312408,0.6934218248665333,3.489092641030882,0.5411294209570765,-4.0810363215353265,user,squat,heavy
1789040864837,9.763554954639076,0.4789896225751377,0.730082745526731,6.477191760214975,-1.0657260488630198,-4.458589115172944,user,squat,heavy
1789040864854,9.717468326246738,0.6049844301419333,0.8473987730048597,8.871249477045783,-1.5676652317447382,-4.129796188246401,user,squat,heavy
1789040864871,10.00402316840291,0.6898290245389566,0.9063564272776246,9.093677148688188,0.11322843480145163,-0.9812103552903397,user,squat,heavy
1789040864887,10.15665293971598,0.7154169451840221,0.9861125394292175,7.179874364949894,2.3486568090874993,2.307508547876169,user,squat,heavy
1789040864904,10.012550758251548,0.6536167244290932,1.1819884550116955,3.2295723464402544,5.200876144923359,4.330526056442967,user,squat,heavy
1789040864921,9.917979792675375,0.5169973730007186,1.4272439030520616,0.04558191442642139,6.144113316471072,5.614858606272886,user,squat,heavy
1789040864937,9.9199280041337,0.4736027419050224,1.4579200502142309,-0.7368747451634141,4.875205041334334,6.037917108368891,user,squat,heavy
1789040864954,9.853637961146235,0.3916011523815803,1.3091808565989136,0.2035091815595926,3.9910195509164357,5.202482946925604,user,squat,heavy
1789040864971,10.107872249934077,0.4456205100019462,1.0769430033028125,1.4729641252939825,3.6523809063013193,6.335921250064309,user,squat,heavy
1789040864987,10.21381625791788,0.46447466541258614,1.0528512029670178,0.8326751919054245,4.83304569868243,7.348643216699031,user,squat,heavy
1789040865004,10.094403696551918,0.4537008127408102,1.1124072615243494,-2.5234345197589554,8.216820024362889,7.649314120378516,user,squat,heavy
1789040865021,10.23267059599161,0.5786482666791416,1.0735014845468103,-3.629574477775823,8.561561869888235,7.562064430147127,user,squat,heavy
1789040865037,10.178798720550537,0.6253350529217161,0.9677071141667664,-2.6987870335377506,7.754694547761704,6.323540678420015,user,squat,heavy
1789040865054,10.3492365357548,0.79263006745507,0.7700361318610608,-1.4618188573941084,9.033303399067153,7.421136283228608,user,squat,heavy
1789040865071,10.48854972937703,0.9481033642315305,0.961722048407793,-4.880092895459125,12.062874786561329,8.412481892195306,user,squat,heavy
1789040865088,10.475081175994873,0.9894034524670802,1.0923552380986512,-10.123714925529361,14.7107162928536,9.16684981904018,user,squat,heavy
1789040865104,10.333822693523764,1.1837826814847066,1.1885722173161803,-13.45728778769705,15.123039445121638,9.654093316314087,user,squat,heavy
1789040865121,10.186729513549803,1.3621507211493677,0.8927389669440686,-12.96748040816345,15.836585892618285,10.824184122086374,user,squat,heavy
1789040865138,10.115053685870766,1.4330788537145402,0.8409642099127173,-12.40391210823559,15.68100613615644,12.852045942322002,user,squat,heavy
1789040865154,9.96437037245035,1.3310259146209573,0.9687554541759192,-13.971386735013802,16.297446076675726,15.814573900470625,user,squat,heavy
1789040865171,9.4862782284379,1.2140092765147796,0.9712992934398352,-19.198101058680496,19.19530580376267,20.09858295357122,user,squat,heavy
1789040865188,9.21857421722412,1.1900673695110715,0.9660619773082435,-24.159741717074517,21.850287419058542,22.932573581729375,user,squat,heavy
1789040865204,8.615537012159823,1.18273518172577,0.9253609874770045,-28.4546637049215,24.093406919855354,24.331300701099604,user,squat,heavy
1789040865221,8.321198676520586,1.1602894680965692,0.9445131394535302,-30.434660413227327,24.406560848016685,25.852146480187788,user,squat,heavy
1789040865238,8.33690945587158,1.165526820760779,0.8251024777837097,-26.70513636223212,23.21807036639403,29.771165591968533,user,squat,heavy
1789040865254,8.421905952894686,1.0465646700434386,0.7284374625377357,-21.912274800870993,22.480293822816762,34.8605751840714,user,squat,heavy
1789040865271,8.09479698203206,0.6283279328610748,1.3114252745248376,-20.60591062209955,20.83724059155142,38.571027639356636,user,squat,heavy
1789040865288,7.969999805018305,0.298077376037091,1.6313510558851063,-23.237929141405843,17.970738262944007,39.81594572880735,user,squat,heavy
1789040865304,7.892635994830727,-0.27443565755635496,2.197878731458634,-27.167159385995756,13.562291700902241,40.380126184439575,user,squat,heavy
1789040865321,7.522582785254716,-0.8227081299930811,2.3397344491705296,-33.349269471706435,11.897148784087431,40.392065355108755,user,squat,heavy
1789040865338,7.539341027832031,-1.0295071522586048,2.2068568415537477,-36.43711603319916,12.50362262483402,42.405687084698556,user,squat,heavy
1789040865354,7.401525963813066,-1.315913525854796,2.096722834534198,-39.54105793547102,12.173501653000733,42.80661235878913,user,squat,heavy
1789040865371,6.918943522644042,-1.4600145382754504,1.942596979444474,-42.773479111125404,11.216836329544774,40.0729725774641,user,squat,heavy
1789040865388,6.562958001387119,-1.559673474640399,1.7338526683300732,-41.16787580707924,11.780431950229314,35.39454571300465,user,squat,heavy
1789040865404,6.243631354963779,-1.6314995244450867,0.9684558867074549,-35.7801952690165,14.090582073766987,31.280364190974552,user,squat,heavy
1789040865421,6.218938812255859,-1.7751511856630444,0.9160822870001196,-31.398359123981106,15.598960196298956,26.419448332270708,user,squat,heavy
1789040865438,6.286725231280922,-1.9524723306402563,0.9446635077096521,-31.304133249286195,16.76721965760003,23.91530973724727,user,squat,heavy
1789040865454,6.293459507972002,-2.278981582044065,1.1571486127875745,-31.89016348007329,18.92406533144312,22.32293480207613,user,squat,heavy
1789040865471,6.409729095137119,-2.5965122849613427,1.0342970168836414,-27.409069318471975,19.548057753637146,21.129576103122552,user,squat,heavy
1789040865488,6.264279590716957,-2.7073936032168566,1.1058229146979748,-21.147641953477233,18.182270929086595,17.94892605382957,user,squat,heavy
1789040865504,6.104915542712807,-2.7880479793824255,1.4133280442938208,-16.178389049253234,17.170521837521775,15.260922181443977,user,squat,heavy
1789040865521,6.183177763044834,-2.723704686548561,1.63688779335469,-12.619215892573669,15.39711444594674,13.614227605577373,user,squat,heavy
1789040865538,6.495467934960127,-2.6569657307498153,2.0207073702156544,-12.990062721106804,16.019279792537784,15.213083536497209,user,squat,heavy
1789040865554,6.688651834979653,-2.643349147199094,2.4151518014654516,-14.641553797318052,16.913655498310522,16.809959566331386,user,squat,heavy
1789040865571,6.732497406446933,-2.689886295837909,2.6152184467360375,-17.307950366264308,17.011588458177457,17.117823512980543,user,squat,heavy
1789040865588,6.8604369731396435,-2.621203074103594,2.80869899161458,-21.46398557998096,18.087546450582273,19.580794850329017,user,squat,heavy
1789040865604,7.046287461531162,-2.458696636420488,2.772786258973181,-23.026852390390353,17.79097622172573,21.54313551963036,user,squat,heavy
1789040865621,7.107637125506996,-2.4123081024721262,2.730139541901648,-24.060270257097038,18.50163862184534,24.270091960852536,user,squat,heavy
1789040865637,7.333291216498613,-2.461240183423459,2.7688950967535373,-25.40186796670199,18.040962852895493,26.730322684796544,user,squat,heavy
1789040865654,7.541585591888428,-2.510769645746052,2.6898867342293262,-22.19759741571181,16.735679551560207,29.83890057796755,user,squat,heavy
1789040865671,7.746440640479326,-2.566734694074094,2.593669755011797,-17.468075613618794,14.5389780163628,33.12010296467417,user,squat,heavy
1789040865687,7.725342907392978,-2.8015160943731665,2.7828122706860303,-14.740933049741736,12.068992928510367,34.66633484935999,user,squat,heavy
1789040865704,8.253112982288002,-3.012654461017251,3.163340697047114,-16.066449078945894,11.99286705511599,38.37029862493372,user,squat,heavy
1789040865721,8.63648686120808,-3.010260843878984,3.237561240772903,-17.532178646526656,9.839330607925772,44.04809827818192,user,squat,heavy
1789040865738,8.869921523073316,-3.2224472582712766,3.349938788935542,-20.085598763959027,9.501458225158167,48.833380037111624,user,squat,heavy
1789040865754,8.78373026330769,-3.8226436869516967,3.566314763972163,-22.483731115516573,7.874030759166521,48.25954852418217,user,squat,heavy
1789040865771,8.776246045032144,-4.222623832757771,3.7144551149114964,-23.41378431441887,4.995857771701671,45.39826275255336,user,squat,heavy
1789040865788,8.997109979137777,-4.904971598163247,3.5694562768682836,-18.348982186348266,0.11546848338516459,43.1531488365189,user,squat,heavy
1789040865804,9.50557972575724,-5.419874592700601,3.3250974854066966,-14.311964726466378,-3.1149391471658148,43.4927765779032,user,squat,heavy
1789040865821,9.62723568213582,-5.699397928784787,3.443162431555986,-16.401744772849113,-3.2648086520381154,43.7157856693987,user,squat,heavy
1789040865837,9.758765382274985,-6.219238379724324,3.845538240326941,-26.541134982523655,-0.4742367360209401,41.562643665633054,user,squat,heavy
1789040865854,9.814732768690586,-6.443696246668696,3.6984453526139256,-29.379546450622097,-0.02480521268296985,39.26483484015195,user,squat,heavy
1789040865871,9.829247616255282,-6.447137619294225,3.360114145991206,-23.03306444744048,0.4809925401620232,34.87272950569944,user,squat,heavy
1789040865888,9.770886612701416,-6.3937158257082105,2.6639994287788866,-6.732053438904831,0.7747249321401273,27.493536560390233,user,squat,heavy
1789040865904,9.954791812244057,-6.260389305280149,2.8960870599493385,2.70402706929162,-0.2259006627527968,24.71845119118156,user,squat,heavy
1789040865921,9.970653982764482,-6.206371007105708,3.248637346060574,5.608934697828369,-2.1644991142515,22.788065561912124,user,squat,heavy
1789040865937,9.862765270453691,-6.0580792649969455,4.016573729163408,-1.059232353231336,-1.8962645654969938,20.852461668116792,user,squat,heavy
1789040865954,10.171917144343256,-5.692365838190913,4.020913804194331,-6.530987610778465,-1.1626361879017457,23.000523718687248,user,squat,heavy
1789040865971,10.286537210735679,-5.558288791656494,3.818004628974199,-9.301297823983651,-2.0603429982770365,26.812228605776045,user,squat,heavy
1789040865987,9.767294725689291,-5.5579898087099195,3.350386240442097,-10.34187116761957,-0.9312069672634995,27.26199997771597,user,squat,heavy
1789040866004,9.035417790222168,-5.731868704278766,2.989759615381062,-9.074064260486496,-0.227456345057973,24.150030895622052,user,squat,heavy
1789040866021,8.833108334460855,-5.788132151031494,2.8302465142950415,-5.977735457818262,-2.4155215862975736,20.616461556819928,user,squat,heavy
1789040866038,8.8797952668339,-5.9123325311958785,2.648586755591631,-5.062449981675179,-2.6055803511330526,19.471272766987862,user,squat,heavy
1789040866054,8.856002887836098,-6.13484364798665,2.673426597815752,-7.250837469105387,-1.9662718700555089,19.09544843809708,user,squat,heavy
1789040866071,8.621369956097006,-6.244826702228188,2.6922803513675926,-9.78248208969011,-1.159384804413408,15.976831874393449,user,squat,heavy
1789040866088,8.163181951472163,-6.341044265967607,2.43520382489115,-9.693494116314952,2.739675961004032,9.862396156752906,user,squat,heavy
1789040866104,8.105569135937094,-6.253505098724365,2.181717724122107,-5.863965850587006,3.923025444615782,4.556228376905569,user,squat,heavy
1789040866121,8.335114389148353,-6.225075123053789,2.156877005115151,-2.0365566510490556,3.433342289147711,2.607775189734154,user,squat,heavy
1789040866137,8.844181517139077,-6.139781104388833,2.5031392969980835,-1.6840481333854647,2.512611871575659,2.953466858440955,user,squat,heavy
1789040866154,9.119214848327637,-6.376207933807373,2.999038023597002,-5.805344044488079,0.6772193393439938,4.27122678095574,user,squat,heavy
1789040866171,9.029284402033687,-6.607997751075029,3.1407448343574997,-9.040020036342215,0.5277031900395355,4.1218513975812066,user,squat,heavy
1789040866187,8.994118396106362,-6.8598372536808245,3.081937840601802,-11.049282397694252,2.30553526353627,3.7538399513272735,user,squat,heavy
1789040866204,8.900596062800288,-6.865674289271235,3.096602033509314,-10.314771538313897,0.014135850219708304,0.7130160939797662,user,squat,heavy
1789040866221,8.979006167170406,-6.79908555559814,3.1422415026560424,-8.035230907541639,-3.4030555228205817,-1.4112889044709425,user,squat,heavy
1789040866238,9.35923414928019,-6.787712513190508,3.0464734362497925,-5.93813828987876,-4.605202967688676,-2.4645316086870004,user,squat,heavy
1789040866254,9.682300566753744,-6.91999157039225,3.2252893498294055,-7.4660003807918365,-5.315406891360248,-3.872289091913635,user,squat,heavy
1789040866271,10.048464952197671,-7.042994265204667,3.2763163572333753,-10.734417507145835,-4.177085429851807,-2.821027356000292,user,squat,heavy
1789040866288,10.832565411376953,-7.3551371376037595,3.2199029806159434,-12.579159394412484,-2.8400340649131453,-0.4495214830658374,user,squat,heavy
1789040866304,11.314849161860346,-8.103476547572017,3.1301210028819737,-11.90325582697907,-3.1534044246937993,-0.7840626011483282,user,squat,heavy
1789040866321,11.494863199183344,-8.53548030962646,3.108423258075863,-8.51458553632418,-3.291589183443501,-4.581523982496711,user,squat,heavy
1789040866337,12.382660764202475,-9.23772783050537,3.016096272034198,0.2918121483259785,-1.927345341315137,-7.64268969065725,user,squat,heavy
1789040866354,13.765760551232098,-9.785551097869872,3.010259674835205,19.309194085530752,-2.7181151882284174,-8.029520869395508,user,squat,heavy
1789040866371,14.103644014087319,-10.023924969702959,3.3162700358286497,30.811417062939814,-5.413630134266909,-10.931525667535002,user,squat,heavy
1789040866388,13.842227120319007,-10.631602694049477,4.322881757929176,33.99386857462639,-3.989130576724104,-17.374305654050982,user,squat,heavy
1789040866404,13.272857207056878,-10.856359543940425,5.349096298383176,29.259082404230583,-3.611289207594053,-29.5615573316246,user,squat,heavy
1789040866421,13.096881631469726,-10.775403846740723,5.622185509766638,22.548706705090904,-3.6433356014061067,-37.992155446819716,user,squat,heavy
1789040866438,12.912229412952065,-10.095450867517291,5.513398679572344,16.44758900255824,-4.438163861346844,-45.030614160099084,user,squat,heavy
1789040866454,12.674903588867187,-9.016564036670326,4.7726928332224485,12.347002118297397,-5.421747387208646,-51.45107052708652,user,squat,heavy
1789040866471,12.62881579143107,-8.397363924573362,4.333057261115313,10.611024163374031,-5.348917933862446,-52.66280072736014,user,squat,heavy
1789040866488,12.088624041858315,-7.2822642090946434,3.6701626764595505,11.348420777678715,-5.5024213128166055,-53.0002974497234,user,squat,heavy
1789040866504,11.65108427298665,-6.327726226972043,3.002479396222532,16.267581074529843,-7.4076458058441865,-51.661761372413906,user,squat,heavy
1789040866521,11.345822976794839,-5.959019171307981,2.806902755847573,20.68164205206936,-8.643732460698073,-50.22055730659537,user,squat,heavy
1789040866537,10.996568809619545,-5.449952043317258,2.7374717844858765,22.587358745604003,-10.50978966081704,-47.47581163767989,user,squat,heavy
1789040866554,10.557083167377113,-5.278766332355142,3.0208854060068724,19.55186729164672,-12.057533578630379,-43.214921067372494,user,squat,heavy
1789040866571,10.234464493671059,-5.387104249738156,3.0746050134956833,17.591478348900708,-11.910257624651978,-41.958668278994146,user,squat,heavy
1789040866587,8.960150660052895,-5.607220872607827,2.8359330354988574,19.956834330178655,-11.255258704947034,-45.516817761071856,user,squat,heavy
1789040866604,8.190414826312661,-5.570410022082925,2.729690044568479,26.22961688466854,-14.166755758485554,-53.44925261405751,user,squat,heavy
1789040866621,7.074267355346679,-5.09815345235616,2.7449527878910303,32.03259682993015,-20.68681933546023,-64.02461550600125,user,squat,heavy
1789040866637,6.629395343890786,-4.221277386584878,3.0587431352362033,27.61047622917002,-25.05651140415134,-69.10609183338315,user,squat,heavy
1789040866654,6.562507335010171,-3.6608845605045555,3.1290735396556553,16.74792778828933,-26.759788120875978,-69.58814609443515,user,squat,heavy
1789040866671,6.758682818061113,-2.541894559589028,2.6669917424626646,4.05113503400948,-26.025138096391284,-62.35581587665955,user,squat,heavy
1789040866687,6.789057498058677,-1.8152540634706615,1.4345762917667626,3.015963516233395,-23.98528331774676,-53.85198788827814,user,squat,heavy
1789040866704,6.664858871459961,-1.564162164361775,0.89842461136505,7.753298627850083,-19.82393592440313,-46.698874204496356,user,squat,heavy
1789040866721,5.846491985541582,-1.5676042676396666,0.19482947526946662,20.69330118498257,-16.047826568173853,-46.874587651084106,user,squat,heavy
1789040866737,4.990715114161372,-1.8893254079841075,0.38067952526956794,30.121677239795247,-15.907003435413824,-50.11068005341737,user,squat,heavy
1789040866754,5.033659937396645,-1.9829984018072484,0.6663372724555432,34.37683045119983,-19.207359380100446,-50.90310494054391,user,squat,heavy
1789040866771,5.245698175489903,-2.144457522394508,1.5698498546093702,25.406830099134,-20.38555335154931,-49.84524865698692,user,squat,heavy
1789040866787,5.447856824603677,-1.988235279547423,2.2324448717966674,11.387285407829735,-16.116341903285544,-46.54727474077334,user,squat,heavy
1789040866804,5.530904525646567,-1.840692602240294,2.1731883807078,-0.3568694867269384,-11.439216189862988,-42.985846767894024,user,squat,heavy
1789040866821,5.674857069507241,-1.2593505116336048,1.4486432494334875,-5.523892866246187,-6.872918406573528,-38.226895388214714,user,squat,heavy
1789040866837,5.519234546118974,-0.8233066804081202,0.7700364241220057,-2.470014543043228,-5.704111249478381,-38.36454419055798,user,squat,heavy
1789040866854,5.307946834132075,-0.7641999730534851,0.6464359095469117,4.5930354125691215,-10.035622560709122,-42.529682338890964,user,squat,heavy
1789040866871,5.099649536132812,-0.8140291489750147,0.6323692441411316,13.271608241336608,-17.178673668296184,-49.742724102450445,user,squat,heavy
1789040866887,5.5760974200695745,-0.9762363114506005,0.8162745898142456,13.533189972396109,-16.025384274108486,-50.33345350338651,user,squat,heavy
1789040866904,6.079627372199297,-1.0028715857241302,0.85024217973724,8.116121691655746,-6.684976360050518,-44.56326529633013,user,squat,heavy
1789040866921,6.801928085547686,-0.9355348832279443,0.9347878642529248,-0.09640219708005911,4.676581859609894,-34.96066136107418,user,squat,heavy
1789040866937,6.412420818439125,-0.5261261801455169,0.8529350720830261,3.445802902071341,0.18027339827152492,-34.47692687348637,user,squat,heavy
1789040866954,5.85382422812581,-0.3645177142154425,0.591369271363318,16.651705790809483,-8.292443025079624,-45.07854501259965,user,squat,heavy
1789040866971,5.40027382017374,0.0028426395474001765,0.25528292105793954,34.1010308276093,-13.987405236164774,-60.33362225966138,user,squat,heavy
1789040866987,7.031172309985757,0.5410892464017495,0.378734236420691,39.850526976575125,-14.110162518570121,-57.95983099475847,user,squat,heavy
1789040867004,7.972991388049722,0.8705911539826309,0.5967554944463074,38.43733351654281,-9.722239821210598,-49.150304229694804,user,squat,heavy
1789040867021,8.655189808112382,1.410932563992031,1.2132627141974865,28.15341308893621,-4.866145222287136,-39.67969028505477,user,squat,heavy
1789040867037,8.639927941572665,1.6603784859921782,1.645566335981339,20.36238364233733,-3.194572109255582,-37.40550025372357,user,squat,heavy
1789040867054,8.664317117419838,1.7815849815702065,1.6525987188361584,16.506885289837705,-3.8727193938313453,-35.92309307173692,user,squat,heavy
1789040867071,9.07761617900431,1.944839315011166,1.4734826532661913,17.735110396956905,-5.5841761158607195,-32.47450665413539,user,squat,heavy
1789040867087,9.372700949096679,1.9246384576993063,1.1848314233526587,21.359393185673262,-6.83300107351668,-29.16145851042359,user,squat,heavy
1789040867104,9.437345562964678,1.864633742059022,1.1523603555977344,23.95726246667678,-7.2557919175745855,-25.217814859137654,user,squat,heavy
1789040867121,9.455152437812089,1.7450733697202057,1.1549037564702331,24.676394301367207,-7.230675604449156,-18.777943679434454,user,squat,heavy
1789040867137,9.31404359294474,1.7185875869199632,1.385944070544839,22.278079242249365,-6.371392983745124,-15.984421922108625,user,squat,heavy
1789040867154,9.215880740356445,1.7286133794371037,1.5053557551279664,18.959307400013095,-5.1928946419913755,-13.810578468742314,user,squat,heavy
1789040867171,9.022999038153886,1.7482158324643968,1.6087547548040746,16.78421146070773,-7.746500882078628,-11.758132236362869,user,squat,heavy
1789040867187,9.166202224951983,1.7947530541684478,1.2267306830577551,17.857514217072705,-8.167674251963708,-8.761946813531717,user,squat,heavy
1789040867204,9.253290725818276,1.7542014096800236,1.0987898011907935,18.962160711538868,-5.436044253801952,-4.984665226086135,user,squat,heavy
1789040867221,9.336042074263096,1.580322514111176,1.0232231035530566,19.837724368790095,-1.9570257149100156,0.7166176313847727,user,squat,heavy
1789040867237,9.232641321021317,1.2752113669797778,1.11854181875661,20.84590468651358,-1.3493276694764083,2.7993498296785524,user,squat,heavy
1789040867254,9.016416152632235,1.1914143819395453,1.2636910250559448,21.55374280341139,-3.4394171020842026,1.337573981131874,user,squat,heavy
1789040867270,8.722377092200517,1.0746971240721643,1.4300877481758594,22.066362160999187,-6.614190840813444,-1.4888572284406616,user,squat,heavy
1789040867287,8.861540063697099,0.9614214580260216,1.6059116403326392,20.359711330824563,-8.441995993372577,-4.363055686138799,user,squat,heavy
1789040867304,9.06549553309977,0.968454206207022,1.7383415041819215,16.418825368416023,-9.329155604287193,-4.68439175403898,user,squat,heavy
1789040867321,9.356839363098144,1.024867363628745,1.870620707514137,11.569443991673037,-10.189799567070175,-5.029372656185277,user,squat,heavy
1789040867337,9.48118821182251,1.2565063742488622,1.6340442404918372,8.609331359169659,-10.604653304425701,-6.254097718241672,user,squat,heavy
1789040867354,9.687389998847246,1.33521611915268,1.4107842050299049,10.488892697051385,-11.55703183040383,-5.637835789527632,user,squat,heavy
1789040867371,9.956438410407305,1.3935746384885161,1.1674733882512898,14.015656606119238,-14.076715935978214,-5.109317032212514,user,squat,heavy
1789040867387,9.95314638312459,1.3262377167966215,1.3826530661754308,13.1124443431078,-17.81656723299848,-5.387695479101548,user,squat,heavy
1789040867404,9.912145679694413,1.2996023694578558,1.4869496722783893,7.946643354006572,-17.853979594177222,-5.98096229531427,user,squat,heavy
1789040867420,10.021529598999022,1.2996022963926195,1.4202111548710614,2.24511989244998,-16.479653325616862,-5.528168564666615,user,squat,heavy
1789040867437,10.152764115583896,1.3557166169982402,0.8957317920845002,-0.7739232920471499,-15.385856586647266,-4.612938583810538,user,squat,heavy
1789040867454,10.038289595142006,1.3566142964903265,0.7220024610541761,-1.788907758844439,-13.875283412070782,-5.47311425174855,user,squat,heavy
1789040867471,9.941773925238847,1.3901329736020416,0.43275341137796636,-1.205884625561149,-11.32167973330447,-6.501770195943266,user,squat,heavy
1789040867487,10.036644166022539,1.4793171315733342,0.0691338881112635,4.2248711408325095,-9.77570398071252,-6.086979637837562,user,squat,heavy
1789040867504,10.15141562358439,1.5120875476010143,-0.0001483224295079708,8.177063200751538,-7.760447274590148,-3.919856236840896,user,squat,heavy
1789040867521,10.219351680213212,1.4817114062987267,0.08484554424509405,9.919389816508431,-4.380258798223945,-1.8546219693444839,user,squat,heavy
1789040867537,9.947011241370438,1.3992610866270958,0.39758864755965767,9.414842888745943,-1.8042849692653709,-1.4641495527266695,user,squat,heavy
1789040867554,9.821915373671054,1.362001177160442,0.5677258723821491,6.8215050113699025,-0.9867034282086167,-3.334530155868548,user,squat,heavy
1789040867571,9.751285255652666,1.3561651644833386,0.7893393827460706,4.077684833086965,-0.38852832066444665,-4.410625819273822,user,squat,heavy
1789040867587,9.971850499072671,1.4710869903013108,0.7796131576973945,1.7541537286350044,-0.6277383540669538,-3.4800200153789893,user,squat,heavy
1789040867604,10.141240851050615,1.506102189581096,0.7290356476265937,0.8672211681494383,0.17107402725380363,-0.42892582135603086,user,squat,heavy
1789040867621,10.320656337958575,1.504156900732219,0.6022923049811273,1.3109610028045657,0.7203428058859271,2.7834585408008716,user,squat,heavy
1789040867637,9.988610495215653,1.3997099994383753,0.6154610716991126,2.1824368985592457,0.44588408716768824,3.843951063934075,user,squat,heavy
1789040867654,9.770888366267085,1.3271357616148889,0.6420963459726423,2.0953543345191106,0.10613094777909603,2.0673063761358645,user,squat,heavy
1789040867671,9.497200019946694,1.2059293025694786,0.720656014881283,1.9919301160028964,-0.1656280853088424,0.017837245790793252,user,squat,heavy
1789040867687,9.507076686316728,1.232863925115764,0.7112290650401264,2.193027106867351,0.47783715284803596,-1.1623626601698278,user,squat,heavy
1789040867704,9.845108033210039,1.3365629306517541,0.5876278198126703,1.3609634303360538,2.590016697892121,0.9645466147062127,user,squat,heavy
1789040867720,10.090813563105463,1.458816999053955,0.5756572499033064,1.3684264792213505,4.254066357552905,3.631510409518699,user,squat,heavy
1789040867737,10.084977112036944,1.4633059810362756,0.5562039230231195,2.5579096861511834,5.259848425104072,5.777228851430191,user,squat,heavy
1789040867754,9.792284790039062,1.4004577490657568,0.6741187201119959,4.721970174191921,4.07825088501443,4.2313132898803,user,squat,heavy
1789040867771,9.666740009528398,1.3410520587645471,0.8746330360848457,5.692566095346944,1.9405254719791458,2.904301876134734,user,squat,heavy
1789040867787,9.818621592822671,1.3456906783506273,0.961722413733974,4.98083647816952,0.7298181992554389,3.3844033434143346,user,squat,heavy
1789040867804,10.082431519207358,1.350927921416983,1.0280112146124243,0.3238239643053589,2.0798854501529127,5.781379898898266,user,squat,heavy
1789040867820,9.92157226420939,1.336413219982758,1.0527014922980218,-4.36950594603623,3.591313038705881,6.335564372680175,user,squat,heavy
1789040867837,9.8314910112679,1.394472537176311,0.9804268950082361,-7.401304828973476,3.9452103259268063,6.193779890794466,user,squat,heavy
1789040867854,9.887006562262773,1.5625154931332914,0.7369666598215698,-8.311719526464692,4.274511248172869,6.515503145043223,user,squat,heavy
1789040867871,10.06073582022786,1.7016783915646374,0.47375331109054386,-8.2340372237132,4.341894052542807,7.479477197797918,user,squat,heavy
1789040867887,10.114307251417637,1.7784427745543419,0.3995336441475898,-9.415448214261135,6.369849787879524,8.494239256560359,user,squat,heavy
1789040867903,10.165332505255938,1.8971051751401273,0.3314481691107154,-10.572705094582966,9.133430557204955,10.002119629056564,user,squat,heavy
1789040867920,10.369737471991776,2.0880429036680606,0.27308935751393437,-10.738993733889743,10.392803888260355,12.920857536888942,user,squat,heavy
1789040867937,10.42480527921915,2.1739348882261664,0.2865578378308564,-10.94788909323906,12.043387403085635,16.02343596264774,user,squat,heavy
1789040867954,10.249428838568925,2.313995758410543,0.44427470314987,-14.00500577988225,14.137729162060293,17.646043022632647,user,squat,heavy
1789040867971,10.24688499930501,2.374598914868012,0.5223857515081763,-15.973693402469829,15.457735789925188,18.727922789047867,user,squat,heavy
1789040867987,10.346844087660312,2.328959299590811,0.5104151815988123,-17.732982793030448,16.312262464532775,20.133198352284847,user,squat,heavy
1789040868004,10.36689435752034,2.125452231542766,0.5198426428966224,-17.913511522983054,18.028509710491267,22.375175503942973,user,squat,heavy
1789040868021,10.16428445750773,1.8168993464596568,0.6070804891057312,-17.153318298549806,18.85013365631961,22.812358837242567,user,squat,heavy
1789040868037,9.992948232159018,1.6341916861385106,0.7408566529974341,-17.348583161636714,17.39529994801231,23.690504306000058,user,squat,heavy
1789040868054,9.66464625211954,1.460163445226848,1.0966956053905188,-22.033932422819966,16.070441324515766,24.27337557429602,user,squat,heavy
1789040868070,9.15438202329874,1.3564645127560944,1.2527668954595923,-27.342572304260024,14.168554659558206,22.95010326223421,user,squat,heavy
1789040868087,8.567952254164219,1.4097354996945708,1.121684792957455,-32.122861194906456,12.113011790163807,20.797803079283767,user,squat,heavy
1789040868104,8.519467916980386,1.4609116332456469,1.038336501532793,-32.766797769476916,12.274556009318363,22.55251795064777,user,squat,heavy
1789040868120,8.656086464691162,1.5156787952923214,0.6236908476449549,-32.34646451285975,15.296575768911444,28.790664615856524,user,squat,heavy
1789040868137,8.159890508711337,1.5925924688259139,0.37783626466765996,-29.793104159582615,20.07782600868355,36.518200623930966,user,squat,heavy
1789040868154,7.727585717883706,1.6850687865106622,0.32232085980325936,-27.16526400850108,22.55579302635479,39.940371284917475,user,squat,heavy
1789040868171,6.773796216040849,1.877951433994714,0.4638773023076355,-25.090237170725572,21.666586066236462,40.70842264199082,user,squat,heavy
1789040868187,6.211456932067871,2.0331256473599,0.834829068158567,-27.0592321518258,17.04647023426871,43.109295606952834,user,squat,heavy
1789040868204,6.101472708782553,2.0307316283628345,0.8690957871586084,-33.30578507235555,17.57628288554472,48.90941370295221,user,squat,heavy
1789040868221,6.1011751871407025,1.8100158705562353,0.7712336710825562,-41.41366357945673,22.30225128172204,57.0206390027467,user,squat,heavy
1789040868237,5.571757345038652,1.0649703875668346,0.6097744043648242,-48.4855799743854,25.048573016788495,64.77327254092636,user,squat,heavy
1789040868254,5.153519658008218,0.5514139853328466,0.5577006643868982,-51.276197193766684,25.018955609000027,64.89297843631999,user,squat,heavy
1789040868270,4.389919550544024,-0.5927152791447937,0.49470337933450936,-50.3991667533912,24.275853225417443,61.23572632447999,user,squat,heavy
1789040868287,4.692185756573081,-1.5698485394351183,0.1131273436166346,-41.886059953022325,23.736821526309207,57.43904273092334,user,squat,heavy
1789040868304,5.18988218024373,-2.046145324463397,0.10130611905008553,-32.13857746018665,22.699558263099803,57.19056727910745,user,squat,heavy
1789040868321,5.672911196136474,-3.2477351365238425,0.5105646730720996,-25.362088944975834,21.12494352731799,55.84710663540638,user,squat,heavy
1789040868337,5.531055332294106,-4.238784840094298,1.5477029047310351,-26.241422866648907,18.933490992497738,50.36573639249857,user,squat,heavy
1789040868354,5.496638098907471,-4.516212811334431,1.9601042868234215,-31.750318771911864,17.538105543178936,43.89997538074643,user,squat,heavy
1789040868370,5.689819660839438,-4.787355857086181,2.29035360153839,-35.83352538605596,17.08459976531031,37.9276545553927,user,squat,heavy
1789040868387,6.274454363250732,-4.666599041504413,2.2985841081365943,-37.75347790136821,17.16867597889858,33.211224518391305,user,squat,heavy
1789040868404,6.536468638390303,-4.474463481494039,2.2840688221804797,-35.63367746603597,17.116249154376852,30.758175738359565,user,squat,heavy
1789040868420,6.873903772956132,-4.032135455432534,2.3645745836555956,-32.59152145499605,16.726691022612467,28.098399330266343,user,squat,heavy
1789040868437,7.515998730689287,-3.5286049187809225,2.3244717058479782,-23.59897806357459,15.552332202382571,28.895757321520925,user,squat,heavy
1789040868454,7.900716425433754,-3.2848452622562645,2.3924073240853843,-19.99561785183328,16.593633814938745,32.856177624955706,user,squat,heavy
1789040868470,8.238747772327065,-2.9924533845096826,3.1335619371160863,-22.511318249574252,18.31184986292549,35.99974828479198,user,squat,heavy
1789040868487,8.253263788935541,-2.9444200059637424,3.5182805086433886,-28.4659386396939,20.4082859286544,37.47540040968948,user,squat,heavy
1789040868504,8.582613816723226,-2.919280596271157,3.760244221661985,-30.88452057762646,20.030050542986604,41.18568552534005,user,squat,heavy
1789040868520,8.935162933790684,-2.737471199963987,3.4823677760019898,-27.840679217408837,15.934044154337904,44.37555120737067,user,squat,heavy
1789040868537,8.962095948901773,-2.6897365121036767,3.45662952363342,-25.723096886009568,14.578710934312056,47.5247123770426,user,squat,heavy
1789040868554,9.374796460071206,-2.82830093318522,3.4445088777288793,-22.884108266926255,11.275396663941171,52.790381830866814,user,squat,heavy
1789040868570,9.801413268390297,-3.3108822053104636,3.3806133286625144,-19.752852438163515,7.287023811328115,57.145959313638095,user,squat,heavy
1789040868586,9.6332217708081,-3.669863693512976,3.369092402216792,-17.964965045548052,5.673344235475236,57.69354240958719,user,squat,heavy
1789040868604,9.050081690868735,-4.541352221027016,3.3845041986212134,-18.710753401021744,2.6600844069361083,54.417527551555196,user,squat,heavy
1789040868620,8.770559816089271,-5.2739785135567185,3.367745663782954,-21.36780968627801,1.1508697996742234,50.71295588914534,user,squat,heavy
1789040868637,8.820240669581294,-5.604528272522986,3.300407865308225,-25.33456328262068,-0.009455463090957066,47.40468204766338,user,squat,heavy
1789040868654,8.95670841064453,-6.108356915338337,2.9578878286935386,-26.824767125544895,-0.8596605756250573,42.244142865544,user,squat,heavy
1789040868671,8.804379668104648,-6.372617800360918,2.4109628253430126,-23.984648110153948,-1.5669817859409139,37.80708464106905,user,squat,heavy
1789040868687,8.794353948652743,-6.438757913483679,2.2372331289865075,-21.307784276304645,-0.4870546532155268,32.83140111374148,user,squat,heavy
1789040868703,8.685265212902426,-6.324733182635903,2.1797722891427576,-17.782407749411952,-0.71931005993908,25.790852362576093,user,squat,heavy
1789040868720,9.30132498114705,-6.191406369946897,2.076072699084878,-10.611556064355645,-2.5941724411152505,21.709213276846512,user,squat,heavy
1789040868737,9.704297879028319,-6.210858381652832,2.08894167913869,-7.124036714711393,-3.7015326551160235,21.848883815184102,user,squat,heavy
1789040868754,9.758018363299966,-6.309470439313352,2.5813996176339686,-8.283567194253193,-3.0196323950347495,21.444449531407432,user,squat,heavy
1789040868770,9.412655358344315,-6.486342086957395,3.055151686615497,-14.44944618917498,0.18294269489610407,17.509925890210756,user,squat,heavy
1789040868787,9.450063005718588,-6.575076309204102,2.993052373316139,-13.021437195059258,-0.06258631736550943,15.611218678311836,user,squat,heavy
1789040868804,9.641749945178628,-6.657078300586343,2.6018999693490565,-6.24325393916063,-2.6891731153941345,12.537242523476115,user,squat,heavy
1789040868820,9.402179557037353,-6.885724559131265,2.6367658232860265,1.581574911989469,-5.259577351971387,7.585838611100649,user,squat,heavy
1789040868837,9.335739876446127,-6.900239406695961,2.819771297509968,0.9330458889758196,-4.310679234262202,5.307487713904441,user,squat,heavy
1789040868854,9.509470303454995,-6.809559018817543,3.1272778884105383,-3.864760089014165,-2.723551378477513,5.268608569601437,user,squat,heavy
1789040868870,9.45455505644083,-6.7203767605423925,3.0502143763437863,-6.735639288219088,-3.412439348966533,4.816062860198017,user,squat,heavy
1789040868887,9.305065336719155,-6.699875239783525,2.8488015771612525,-6.201520202671383,-3.5784697217453187,3.309878935936914,user,squat,heavy
1789040868904,8.794202557483315,-6.441750373297929,2.524087977002561,-4.916884136310221,-3.0432539639490037,0.6570251380109107,user,squat,heavy
1789040868920,8.826075367084146,-5.989993863025307,2.140716290039569,-2.8420683940687512,-2.320564241031237,-0.38647587549928425,user,squat,heavy
1789040868937,8.947283579695224,-5.818660560286045,1.962947985816747,-0.29949629790522797,-2.0551375403558407,1.6244646579957411,user,squat,heavy
1789040868954,9.364622272059322,-5.645379046088457,1.6412264070808886,2.9824403074567374,-0.42406451425555364,4.744245982396272,user,squat,heavy
1789040868970,9.352349650463461,-5.887791379657387,1.6778874738715588,6.15539636209311,1.6745190589979448,7.737549919171326,user,squat,heavy
1789040868987,9.209297854834794,-6.090700554877519,1.803433715686947,7.67155748518431,2.5048141434210316,8.138579353646747,user,squat,heavy
1789040869004,8.919600038477778,-6.493674621802568,2.1360786933667955,7.730637767731273,3.9370473960949948,6.800396311739979,user,squat,heavy
1789040869020,8.848969920459389,-6.750602387458086,2.5664362956494093,6.6436332250044305,1.5791839188931416,4.076568524044491,user,squat,heavy
1789040869037,9.069237642237544,-6.733394063025712,2.7100882491283116,6.019151590511104,-2.133661450479127,4.401203146426966,user,squat,heavy
1789040869054,9.593415830120444,-6.666355832019448,2.807950803595781,2.606355577603849,-2.998834682455472,6.733280311634495,user,squat,heavy
1789040869070,9.974694782587886,-6.720376176020503,2.754081120111793,-1.9780720890637637,-0.3055983248766939,11.48093840040801,user,squat,heavy
1789040869087,9.97259751804769,-6.789806855121254,2.7162230986215175,-2.6083971638354484,-0.30420947527808057,12.401250042006577,user,squat,heavy
1789040869104,9.90122096557617,-7.064840186309814,2.67297812339589,-0.5856608669633845,-1.8954867777052586,10.722648237432256,user,squat,heavy
1789040869120,10.091262475916743,-7.520936771613359,2.664298996247351,3.497879892841515,-1.5809280717307277,5.616387287986499,user,squat,heavy
1789040869137,10.506654710388183,-7.714267971149087,2.7268473684884604,6.923143775748393,-2.739373084803024,4.302504351599343,user,squat,heavy
1789040869154,11.443386694446206,-8.249522264319658,2.8702001928903162,9.889376257748102,-3.900490516109794,3.093413592553108,user,squat,heavy
1789040869170,11.793988769099116,-8.773104239875078,3.405154918592423,8.195788164361128,-4.686043379157654,-1.0810823418296183,user,squat,heavy
1789040869187,11.966070259857178,-9.112332103076577,3.568558889637142,6.87187253385687,-6.717387315209521,-5.43326479369658,user,squat,heavy
1789040869204,12.592003771862387,-9.415496719250083,3.495385224615782,8.138841462156147,-6.122308364432629,-8.870586948696292,user,squat,heavy
1789040869220,13.008147116962075,-9.567380640631914,3.5203751428350802,11.273988791198502,-6.983514537161667,-13.067154212495092,user,squat,heavy
1789040869237,13.065458319202065,-9.513660156360269,3.629311464502662,12.164354322154793,-6.446954939646152,-17.955397658068158,user,squat,heavy
1789040869254,13.280488140326737,-9.433454400745033,3.93861253760457,13.079179614302546,-6.048074880325169,-21.79243400924124,user,squat,heavy
1789040869270,13.419502058741449,-9.36507060034871,4.084958990864456,15.670701088246185,-7.4340777841584895,-25.65004630528899,user,squat,heavy
1789040869287,13.247716920581459,-9.179220111957191,4.234446664759516,20.08064175416889,-8.431224785051468,-30.79526708064732,user,squat,heavy
1789040869304,12.989743445265292,-8.861091443146766,4.224570290650427,21.791995169587068,-6.048165380331672,-32.85710994577741,user,squat,heavy
1789040869321,12.90833883525431,-8.725219914411008,4.304925391608476,20.70457611975497,-4.152689274796991,-34.235083535354555,user,squat,heavy
1789040869337,12.089970780292152,-8.382849077008665,4.646398841779678,16.677445358696676,-4.899775366212986,-39.905465603164124,user,squat,heavy
1789040869354,11.458500092425941,-7.949647629602253,4.368521227075904,15.45132565738913,-6.120249489284694,-43.15630438391545,user,squat,heavy
1789040869371,11.231649485126137,-7.630920118115842,4.177583644678443,13.750291804033196,-8.142067872765331,-45.761130212588625,user,squat,heavy
1789040869387,10.603020158165693,-6.872107244928181,3.9447469487063582,9.663193689609484,-9.480403313267956,-45.7965993849485,user,squat,heavy
1789040869404,9.777321614184975,-6.0300970330938695,3.450494528009742,8.519838805569567,-10.48183540409147,-45.4444450766264,user,squat,heavy
1789040869420,9.34008053599894,-5.566370099042356,3.070863635010272,9.046709352860596,-10.89533334889675,-44.19955430793237,user,squat,heavy
1789040869437,8.869770716425776,-4.6884468623057005,2.3680161024115978,13.858629703326999,-13.954430790399245,-41.19803109226485,user,squat,heavy
1789040869454,8.45931301574707,-3.9098812408998604,1.8601460752509533,18.16572650336953,-16.20064692821101,-38.30305882764953,user,squat,heavy
1789040869470,8.352621988788247,-3.6291619730293747,1.5975326651744544,20.299411005737106,-15.17537576963686,-34.56375906840474,user,squat,heavy
1789040869487,7.851785513526201,-3.3001082978397607,1.3814558192148805,18.116608905500676,-11.981012408037786,-31.22117377162722,user,squat,heavy
1789040869504,7.311592594909667,-3.0958529687076806,1.1020818284735083,14.38685945826286,-6.182182656470608,-28.221189056070248,user,squat,heavy
1789040869520,7.265953710284829,-3.006967939813435,0.8696947759650647,12.213686217208856,-1.170785457355217,-23.96052046691088,user,squat,heavy
1789040869537,7.031021503338217,-2.9065611076906324,0.42182928178161383,17.480286284307486,4.101003098913389,-21.67670499149184,user,squat,heavy
1789040869554,6.1198804721325635,-3.0936089891731737,0.19916911190897224,28.169725288221493,6.408314851964097,-27.159157819383086,user,squat,heavy
1789040869570,5.855618125805258,-3.146130619049072,0.30301687826588747,39.364944922816825,4.648153758510655,-32.03948507570811,user,squat,heavy
1789040869587,6.038775721850991,-3.070115300861001,1.1050751650705932,44.28282114410399,-0.14115347646006365,-33.4802212735685,user,squat,heavy
1789040869604,6.020371465632319,-2.95250043656677,2.0820593722790477,40.18554775536425,-2.546258664087611,-33.79150372989725,user,squat,heavy
1789040869620,5.895123622241616,-2.9138930580139157,2.3837281969368456,32.13377583720013,-5.580957389214351,-35.37136746605622,user,squat,heavy
1789040869637,5.608270089399814,-2.739117505866289,2.6153670614264906,19.762792070953175,-11.320653497381675,-37.851965814105206,user,squat,heavy
1789040869654,5.755213047248125,-2.5365073135927316,2.237233567377925,10.620319197060772,-13.272786448968434,-38.05963771581944,user,squat,heavy
1789040869671,5.779603392139077,-2.4337068643316626,1.8617919427618383,4.29908968390116,-13.115197763116962,-37.91292183735298,user,squat,heavy
1789040869687,5.672312061199546,-2.1073469582706688,1.1436812284491955,0.4729781135838066,-10.182382835405187,-39.71529264610346,user,squat,heavy
1789040869704,5.280711036682129,-1.8824414936892686,0.32740766154825685,5.90142858441088,-7.384226794727505,-44.82047997518905,user,squat,heavy
1789040869721,4.9941561945259565,-1.8433862252384423,0.07467018718943,17.94584905360848,-9.226187941228313,-53.80229143187712,user,squat,heavy
1789040869737,5.010317640253901,-1.7841298802800476,0.1304858901746571,32.336335342320616,-16.079704768577596,-61.46479037867471,user,squat,heavy
1789040869754,5.931634028515219,-1.5554834756046532,0.9633683543100953,31.669343464206776,-13.993874279082423,-59.6974106290422,user,squat,heavy
1789040869771,6.251709447479247,-1.388188488470763,1.360655900031328,25.23428415277385,-11.8716687633887,-55.00656989576626,user,squat,heavy
1789040869787,6.39715836737752,-1.0365404118962585,1.9141655424691735,14.84642361392529,-10.19287998238585,-51.86496974550554,user,squat,heavy
1789040869804,6.235249311065673,-0.7598603364139794,1.7507612791635094,12.299453756390353,-9.403574784162714,-52.187539089437735,user,squat,heavy
1789040869821,6.44115182288289,-0.5802950657717884,1.4341284018687903,15.64572479399874,-9.73696229396656,-50.72733002225363,user,squat,heavy
1789040869837,7.001992977252602,-0.18629932813756167,0.979079718182981,25.448702573840766,-11.807853452199623,-44.10094686688489,user,squat,heavy
1789040869854,7.517945188581943,0.07930734547078609,1.0148444206558167,30.245819343054816,-11.557076226633436,-38.513131540857025,user,squat,heavy
1789040869871,7.658455483034253,0.17866649517156183,1.1207876979872584,32.102999004800054,-9.978526448116048,-34.080792977098554,user,squat,heavy
1789040869887,7.929746705085039,0.4920078566402197,1.233762919782102,34.82098399254742,-7.204767843153651,-29.031995689800585,user,squat,heavy
1789040869904,8.225729885321854,0.6497258910030126,1.2942170962229371,41.219894527798054,-5.944711920068073,-22.741015803814488,user,squat,heavy
1789040869920,8.204779451751708,0.6391017307339236,1.452683318604529,44.62904343313193,-7.262642597312109,-19.82838237755281,user,squat,heavy
1789040869937,8.562712015423179,0.6272805792326107,1.8968072881720959,45.55259770703896,-8.98211027746426,-16.03498581253423,user,squat,heavy
1789040869954,8.992471213421226,0.5639837632443756,2.2928980253241953,41.471573338334686,-12.809932703446997,-9.610498780162835,user,squat,heavy
1789040869971,9.089138859015703,0.5026322726376354,2.4787476369328796,34.235947554284564,-13.698909144680837,-5.89625813120918,user,squat,heavy
1789040869987,9.09048618197143,0.2662048586972058,2.549377316559851,24.815844566104065,-13.23839644649742,-3.5713428462332333,user,squat,heavy
1789040870004,8.869470856696367,0.19003948278026656,2.188151848822832,15.038608061696525,-12.961572294531388,-4.351120357451025,user,squat,heavy
1789040870021,8.886080046191811,0.2533359151760116,1.8797483090825378,12.914368003403784,-13.449626022995588,-5.00022781211001,user,squat,heavy
1789040870037,9.1222093539685,0.30630777303744106,1.1360500029183924,14.31160016511943,-13.322947358233009,-5.702696546546543,user,squat,heavy
1789040870054,9.306713103926182,0.28416124328421427,0.8979764292061329,16.023087623000066,-12.991145306090251,-6.026206322150081,user,squat,heavy
1789040870070,9.33379517211914,0.202010217086412,0.931794235394895,15.428620401040716,-14.434747622081112,-6.839045790932142,user,squat,heavy
1789040870087,9.291300430738925,0.05805906146522611,1.1602910024665296,10.853654680807686,-12.677712193946597,-8.649833527174188,user,squat,heavy
1789040870104,9.509322419416904,0.07466860715369693,1.1483204325571656,3.1771546999852265,-9.2078668125534,-9.069223363912249,user,squat,heavy
1789040870121,9.711332015448809,0.13302741875047794,1.0320521605663,0.7807642067485937,-6.827630410394935,-8.662162872399707,user,squat,heavy
1789040870137,9.65327087162435,0.3091509240414947,0.8066979293040931,1.8060631663271014,-4.6227352095144525,-9.16928905034752,user,squat,heavy
1789040870154,9.51815162256062,0.4556460148247191,0.8210629931345581,4.850786688164716,-3.9880765931578064,-11.151928188088496,user,squat,heavy
1789040870170,9.579798808178305,0.520588718873437,0.9518456742987036,5.871783428978909,-3.4865957800024194,-11.768765133353288,user,squat,heavy
1789040870187,9.904814606153964,0.5618886735366017,1.259501026020199,5.324923052421369,-2.885567521015035,-9.901108815194892,user,squat,heavy
1789040870204,9.967361955481767,0.41389724667333067,1.5261552359201014,2.94706931906618,-1.4755798743026858,-6.50364721730455,user,squat,heavy
1789040870221,9.854384980121255,0.29673104402862954,1.7135018080882727,-0.030546650355973398,-0.6949259644370172,-6.961021016677522,user,squat,heavy
1789040870237,9.37180312347412,0.01885399558043573,1.8526640489324926,-2.8114913447018965,-0.6259104246903291,-9.416984153050741,user,squat,heavy
1789040870254,9.342325684577226,-0.08394712496749125,1.797747486744076,-3.332455272464745,-2.780281222176346,-12.882710930374422,user,squat,heavy
1789040870270,9.528775307905674,-0.07347231917437165,1.6909060915291307,-2.314389750021545,-4.08110931918208,-12.887539020343974,user,squat,heavy
1789040870287,9.752181912231444,0.033219127909559755,1.5505464575938879,-1.3669396324164034,-5.243140074846928,-11.917604346877974,user,squat,heavy
1789040870304,9.76834335795939,0.19811989511698483,1.590050784986466,-1.0359931681888963,-6.202996804192575,-10.675030719859866,user,squat,heavy
1789040870320,9.684545130810141,0.25064262097142637,1.5925941858589647,-0.9336687168507602,-8.36988370988923,-10.999110389372278,user,squat,heavy
1789040870337,9.581296353259683,0.44113123575868085,1.6014223660893738,-1.915022612835376,-9.818904073439203,-11.621943386954692,user,squat,heavy
1789040870354,9.553763618689775,0.5961559576505795,1.5399218954659997,-4.063856688225451,-8.888148218826041,-11.269587588052074,user,squat,heavy
1789040870370,9.883865341627597,1.004517014843598,1.2710228292487562,-4.7696824606390456,-7.083735183513733,-7.128333757472977,user,squat,heavy
1789040870387,10.300157155287264,1.3476360402647405,0.9760869661077857,-2.705930557635938,-6.033120608024249,-2.2478944433568864,user,squat,heavy
1789040870403,10.358813926917314,1.4344255947170779,0.8897466532602906,0.08964695989803799,-4.307245783543801,2.284450896455264,user,squat,heavy
1789040870421,10.314669664764404,1.3901329370694233,0.8762791227914393,2.6349809004153726,-3.111795766043728,7.05654932306979,user,squat,heavy
1789040870437,10.234913406482338,1.118690469979681,1.085771768055111,2.8065354021288176,-2.434488594735876,10.228104121709253,user,squat,heavy
1789040870454,10.15650505567789,0.91682928770883,1.1388934096507728,1.659028616847179,-0.9260659692525955,12.163768633433465,user,squat,heavy
1789040870471,9.835680864173174,0.4173389846250415,1.2838922476939856,-0.7418507514171799,-0.21451861940843334,10.810269319199765,user,squat,heavy
1789040870487,9.599702363044022,0.010773450812976806,1.2970602106943725,-2.6684407164987958,0.4477586005688865,8.997540528572966,user,squat,heavy
1789040870504,9.598655484339595,-0.11162994466573,1.291224782539159,-3.596082645180666,0.5154628507166379,6.782447855261655,user,squat,heavy
1789040870520,9.58967547454834,-0.3109474703357555,1.1593928845830261,-2.131161814686314,0.7573920998216035,3.5317375674440914,user,squat,heavy
1789040870537,9.573813304027915,-0.3624226598986424,1.124676814380288,1.6302059656016656,-0.40203171137526766,0.47466965262044253,user,squat,heavy
1789040870554,9.584438158416747,-0.3179804559787735,1.1459256463751195,6.348634366543818,-1.9918769685934172,-2.220218303396583,user,squat,heavy
1789040870570,9.694421797180174,-0.18734679136388002,1.3011004259958863,9.456361901163158,-3.4152772925666732,-4.622345034958116,user,squat,heavy
1789040870587,9.96526702902913,-0.010175704115536064,1.5366301604442298,8.335481754587168,-2.3572788556975826,-4.204475342197205,user,squat,heavy
1789040870604,10.045771475329994,0.06703726289188489,1.631200541498512,5.368578633388328,-0.9491970452070784,-3.0250935581629976,user,squat,heavy
1789040870620,10.060136685290932,0.23163862702762708,1.723377451545,1.6228052421925454,-0.5521784258783357,-2.1552471961338946,user,squat,heavy
1789040870637,9.951200509753823,0.42916022745789956,1.6243167733341455,-0.382138518613341,-1.3924036448592687,-1.739079180971669,user,squat,heavy
1789040870654,9.948657839533686,0.5328592147275805,1.4996692339241504,-0.7330627525546065,-1.6472280776738069,-1.0405448489404752,user,squat,heavy
1789040870670,9.970203900909423,0.5629363548169843,1.0755955342166126,1.2862871578713062,-0.8179875637863997,1.0633430598946256,user,squat,heavy
1789040870687,9.821015794482827,0.5986997238492593,0.9475070605725049,2.1155725482359946,-0.4340298136154551,1.9315561529384497,user,squat,heavy
1789040870704,9.858576586592196,0.6102216732082888,0.914886062952876,1.846803964065758,1.695257327587102,4.118587420931587,user,squat,heavy
1789040870721,9.988012529322505,0.6459850605068728,0.8384202245183289,1.024416424432548,4.645910895141952,7.024661731155939,user,squat,heavy
1789040870737,9.725247728076576,0.5723634142559952,0.9877591375924646,0.9483512756887604,4.415792857380937,6.639423267154764,user,squat,heavy
1789040870754,9.614216626086831,0.525975775356777,1.105074726679176,1.9376531639897439,3.308491340318344,6.052720262734424,user,squat,heavy
1789040870771,9.826702607947587,0.49081092934007753,1.1466745650462806,3.057863311696838,3.433202483713137,8.791568490188416,user,squat,heavy
1789040870787,9.936835299792886,0.3687065898731816,1.2844903597176074,2.039628955515092,4.755514086979501,10.41362742749243,user,squat,heavy
1789040870804,9.779117849951982,0.2995742178655695,1.3482361250497399,-0.46626110278277505,6.032491376846962,10.633499754611604,user,squat,heavy
1789040870820,9.698163906317948,0.22744873302315827,1.5324400152780115,-3.879270825905857,6.0459191018683835,10.201320388652693,user,squat,heavy
1789040870837,9.73063409729004,0.26440920745208857,1.3929770379215478,-5.103086619028994,6.636357792877898,9.8158526864275,user,squat,heavy
1789040870854,9.814282686835528,0.3386293821413521,1.3458419233895837,-5.226269507596997,5.468390749050663,9.972980334509996,user,squat,heavy
1789040870871,9.935788421088457,0.4599854596679797,1.275662325617671,-5.216597105958613,5.431599508199566,10.450513010331438,user,squat,heavy
1789040870887,10.115351207512617,0.5927141694665188,1.2794029734507202,-6.1962101574785216,6.738730375705342,12.099821841102866,user,squat,heavy
1789040870904,10.176855769789219,0.6536166970296297,1.278206164881587,-7.455503233811173,7.666967598062061,13.040008479412522,user,squat,heavy
1789040870921,9.975741661292314,0.8158237407742067,1.3750209638617932,-9.307141050818597,6.675635649473702,11.996718428034232,user,squat,heavy
1789040870937,10.039188589808344,0.8764269337642937,1.5159792943425476,-13.735470293534268,5.3660958596250286,11.774077312980264,user,squat,heavy
1789040870954,10.301502724677324,0.8933359829891473,1.5035595193609594,-19.294753358078054,5.895543095780444,15.74569315023834,user,squat,heavy
1789040870971,10.526855786895752,0.961570967765618,1.232715894947201,-24.206648041199582,7.7915861070162356,21.276008528738455,user,squat,heavy
1789040870987,9.980231958448886,0.8547295908169821,0.9319447497814893,-26.094343280609145,10.338993950431702,24.48841554257741,user,squat,heavy
1789040871004,9.597457798987627,0.7064385428279638,0.7745254061043262,-22.825192762693018,9.78374396713927,24.464236672915565,user,squat,heavy
1789040871021,9.018508156475423,0.47689464132357384,0.790535899054259,-20.456981762342007,9.787985514613847,24.158893066070142,user,squat,heavy
1789040871037,8.767717870661615,0.5204390744198113,1.0137956422552465,-20.08987275483216,10.980017449321153,26.215708911971102,user,squat,heavy
1789040871054,8.641573370692134,0.596454904064536,1.1156994349375366,-20.951748712986685,11.336096555095073,28.996171347603866,user,squat,heavy
1789040871070,8.52321061064005,0.8062468245357275,1.1969522153876722,-22.342604039338475,12.186192998252263,34.474112835548326,user,squat,heavy
1789040871087,8.155997008404135,0.7775164776790887,1.3293813485845922,-26.709837239928383,14.606159757039045,41.3313324792014,user,squat,heavy
1789040871104,7.778613894331455,0.6581055237483233,1.3462912745922804,-30.589186613009694,17.142873231761563,44.67065294555565,user,squat,heavy
1789040871121,7.097760459136962,0.4361931765682995,1.1558014359623192,-31.635527197626043,18.92053753873681,46.9418479389358,user,squat,heavy
1789040871137,6.6431614189147945,0.1560717284604907,0.7339733232244848,-28.16096386306366,19.655460770788302,48.3671171734207,user,squat,heavy
1789040871154,6.58809536525309,0.022594693645834923,0.6805535754650831,-25.289991175644474,17.584554244629608,47.583335890688815,user,squat,heavy
1789040871170,6.532431930220127,-0.33878026556447144,0.7745254061043262,-24.12762104495524,16.898977421784164,47.818820322703345,user,squat,heavy
1789040871187,7.02234427588582,-0.5346555966250598,0.764350341309607,-23.896651367982088,18.69701106041168,53.79953886564161,user,squat,heavy
1789040871204,7.110631631147861,-0.6195007024787366,0.7419047007456422,-24.2492820819988,21.850774070036906,60.450316041631055,user,squat,heavy
1789040871220,6.635083326399326,-0.9310459012456238,0.7793139555551111,-25.701704733529088,24.11993878968627,63.21653582529704,user,squat,heavy
1789040871237,5.748330886518955,-1.5735897717900573,0.9373315573863684,-26.917432302014458,24.854011663186096,59.19302164940427,user,squat,heavy
1789040871254,5.6142567625939845,-1.8059777010813354,0.9027655631788074,-27.146603931688603,23.481193158885016,56.10590591815274,user,squat,heavy
1789040871270,5.570708128246665,-2.044797855377197,0.9199734492197632,-28.078916215658882,22.831319442378522,54.32724269601138,user,squat,heavy
1789040871287,5.91143412105143,-2.0771201623111963,1.015591439630836,-31.047283985547868,24.6327101189831,55.04399933241793,user,squat,heavy
1789040871304,6.2871741440922015,-2.0935800064638257,1.0205291882939636,-31.404509709328703,26.64170098031563,58.6681216116888,user,squat,heavy
1789040871321,6.628648324915766,-2.3165409128487107,1.0588377300307155,-29.14469722620038,26.651083952687934,61.24796602347265,user,squat,heavy
1789040871337,6.581660363769531,-2.9804820839479564,1.5278011034309864,-26.093245327700068,24.303303755691722,61.64689005213641,user,squat,heavy
1789040871354,6.5252499097615475,-3.293225844849646,1.7953543079972265,-25.863645103655504,23.315192241297026,60.75453266726342,user,squat,heavy
1789040871370,6.584652531322837,-3.970783745630085,2.1806696763738986,-25.759520577305953,21.84913994727798,58.48857642897667,user,squat,heavy
1789040871387,6.39730742045939,-4.622456094525754,2.8396739755928513,-28.8205535236645,16.46877112672174,52.511010018340365,user,squat,heavy
1789040871404,6.324135801264643,-4.827160920991004,3.079244655995071,-33.0564558468934,13.314992749170882,46.61898148177472,user,squat,heavy
1789040871420,6.862680368152261,-4.877288933728635,3.1467309230297804,-36.777191151974094,13.017538010816827,43.05643677296611,user,squat,heavy
1789040871437,7.265953710284829,-4.800075637927651,3.0044252695932983,-35.84429659437707,12.05218980937849,42.334123777669745,user,squat,heavy
1789040871454,7.791630027770996,-4.799626725116372,2.6511301564641294,-28.963591345262905,8.948767001483551,41.051233251528345,user,squat,heavy
1789040871470,7.770381488037109,-4.791695639856159,2.646640736090392,-23.9586933913079,7.709538459611458,39.001981840133176,user,squat,heavy
1789040871487,7.7953703833431005,-4.836137715911865,2.537106302399188,-19.046522085524987,7.689748840264992,37.452181181606015,user,squat,heavy
1789040871504,7.786543518286943,-5.1062341752201315,2.699164411792904,-16.813231226943824,5.733098999202738,35.14040803436682,user,squat,heavy
1789040871520,7.764397737452387,-5.426758799256384,2.9857202768623825,-19.270400318592372,5.405508185570118,34.369184054424004,user,squat,heavy
1789040871537,7.83338067278564,-5.547965550562739,3.0666748050183057,-24.611678258981335,7.736973621960106,34.32816876845808,user,squat,heavy
1789040871554,7.946655169788002,-5.776161727252602,2.872893962018937,-26.60810498733563,9.014624539234461,33.314240846548024,user,squat,heavy
1789040871570,8.137893196436762,-6.143523213526606,2.3551475607492027,-23.600309950462744,7.965031077025893,33.37898420969057,user,squat,heavy
1789040871587,8.118588776507973,-6.376507793536782,2.160169324658811,-18.357038394474294,8.254277635544886,32.59198249276503,user,squat,heavy
1789040871604,8.003367821612954,-6.83754066619873,1.9657905157662927,-12.419218562165588,10.071858421803332,30.579641423644603,user,squat,heavy
1789040871621,7.840413640162348,-7.037757533594966,2.2303502376049757,-9.948073195927899,10.799230025953731,27.09554314500088,user,squat,heavy
1789040871637,7.964910957446694,-7.0856409822762005,2.3114530881904063,-7.975414672111605,9.907341362812527,25.09570815225075,user,squat,heavy
1789040871654,8.611644096374512,-7.086687860980629,2.5754136750921606,-4.400252469471865,5.752369524172283,24.82236227411955,user,squat,heavy
1789040871671,8.77774183654785,-7.183802665820718,2.819023694013059,-3.1629013758478792,4.723210707299925,24.785610733743002,user,squat,heavy
1789040871687,8.738089040595293,-7.213580548968911,3.017742870197445,-3.912122755153149,4.608358088198399,23.630794792275804,user,squat,heavy
1789040871704,8.461559333369136,-7.353343239924311,3.3376686515577134,-3.444029400764665,4.78001867128739,20.11447509622255,user,squat,heavy
1789040871720,8.314314177703857,-7.369802207294106,3.2713778779178857,-2.3004901016171577,3.060490800093177,17.110110521860303,user,squat,heavy
1789040871737,8.271220301386714,-7.359178521949052,3.384953695954382,-4.185421675733808,0.5345529092817062,14.224719305103221,user,squat,heavy
1789040871754,8.263138117218016,-7.367856918445229,3.477729010285437,-9.702132598067726,0.7870981399867227,12.29727236472418,user,squat,heavy
1789040871770,8.263587614551186,-7.3775839472115035,3.068170304273069,-11.141509588283288,1.1392560234859688,9.92937982194322,user,squat,heavy
1789040871787,8.18413004695475,-7.419632113867998,2.8552367247752843,-10.742443833194246,1.096076207883383,7.696867604927438,user,squat,heavy
1789040871804,8.196101055255532,-7.459136441260576,2.420838030408323,-4.3203588929765795,1.586460098071615,3.70908172169618,user,squat,heavy
1789040871820,8.121580944061279,-7.442974995532632,2.3042706293404103,-0.358688664923689,1.7123298123043718,0.44176276169467316,user,squat,heavy
1789040871837,8.145523545184732,-7.410802910724282,2.3831299387827514,0.9261811219731337,1.0238572026942532,-1.874894397687905,user,squat,heavy
1789040871854,8.399757833972572,-7.41798610022664,2.58514099611938,0.44269019999834036,3.474264513786196,-2.2969362688146355,user,squat,heavy
1789040871870,8.82278217075765,-7.272537180328369,2.5855890321478245,-0.5367720804317256,5.763142866927509,0.5395777407158671,user,squat,heavy
1789040871887,8.765623528730869,-7.275681323572993,2.706198109821975,-0.6651463396557615,3.853595717928956,-0.1878643397809875,user,squat,heavy
1789040871904,8.434922670856118,-7.427862182074785,2.903269664929807,1.2688760451815917,-0.6908218745194857,-2.7672645891655945,user,squat,heavy
1789040871920,8.735993529620766,-7.664588286700845,2.9213759611152113,3.607193655412984,-3.920039371288017,-3.428656779377082,user,squat,heavy
1789040871937,8.909872425189613,-7.764845481219887,2.9682128233529625,4.559890212074342,-5.144695277679065,-2.755578989269349,user,squat,heavy
1789040871954,9.222763485607505,-8.002619049072266,3.157054602514952,2.6565702746081366,-4.846096055752209,0.6915833338902364,user,squat,heavy
1789040871970,9.71043360530436,-8.259099070960282,3.418771356012672,-1.0025003750983867,-5.89748585771249,4.10198237728564,user,squat,heavy
1789040871987,9.841665783801675,-8.389582476916909,3.518878766797483,-5.580992393933847,-6.780543086256867,5.950314382734777,user,squat,heavy
1789040872004,10.026168949237466,-8.823681165423988,3.4608201071910556,-6.761046738157889,-8.615672336040369,4.136883790170758,user,squat,heavy
1789040872020,10.393979348322748,-9.49241278567016,3.175012430140376,-4.007232285571931,-6.9649611820549735,2.5709965420443393,user,squat,heavy
1789040872037,10.68756832689941,-9.753829679438471,3.052010465980321,2.8239903774396082,-8.03066577985513,-0.7417591841936194,user,squat,heavy
1789040872054,11.607988058581947,-10.281301063647865,3.07819646211639,9.611252662292475,-9.697260111868568,-0.7648045626183598,user,squat,heavy
1789040872070,12.42470893085897,-10.792761808776854,3.229030582184344,14.665543129230429,-3.808589040166803,-3.5642919565756648,user,squat,heavy
1789040872087,12.345701445117593,-11.104906434741615,3.5238172461129724,20.204285253619044,-1.8964952978248932,-12.459696824508022,user,squat,heavy
1789040872104,12.358870723292231,-11.57417054465413,3.851823019684851,36.73835811144799,-6.432382304165106,-28.774091161835486,user,squat,heavy
1789040872120,13.41920161449015,-11.637167975836991,3.8682828638374804,46.6490957858253,-7.66079054573143,-35.62190221990687,user,squat,heavy
1789040872137,13.741819119152426,-11.591976250457764,4.399496211054176,43.93139766602308,-3.7533507390279714,-41.10960404817528,user,squat,heavy
1789040872154,13.826067428156733,-11.542148097449541,5.653310423609614,28.1526190794452,-3.740701655571931,-51.37538861598819,user,squat,heavy
1789040872170,13.38762749557495,-11.199476815795897,5.922208613044023,17.35244904870694,-13.400553675129986,-59.37094124709394,user,squat,heavy
1789040872187,13.263430038020013,-10.750116845270991,6.062119480298459,8.891693940778925,-22.345605907478696,-65.27530510530063,user,squat,heavy
1789040872204,12.377723307800292,-9.64010334701538,5.367951367109269,-1.8733505614920705,-26.999567034331154,-70.72772900650592,user,squat,heavy
1789040872220,11.533318894305825,-8.084022490039468,4.108152234925329,-3.9734787713541966,-25.803187684217136,-71.85529078563748,user,squat,heavy
1789040872237,11.291356058070063,-7.228246203181147,3.4325387462109327,-0.0856628651984446,-24.829662038795,-69.09142741723514,user,squat,heavy
1789040872254,10.980406194847822,-5.680991626739502,2.361880083874613,11.100129740970413,-22.968957999438032,-60.68605319064487,user,squat,heavy
1789040872270,10.594193877631426,-4.901979138348996,1.856554772760719,19.725038200315932,-18.321558976830662,-53.34110339873953,user,squat,heavy
1789040872287,10.203937253460287,-4.754585221862793,1.8034331311650573,26.956634172755745,-13.982478962225901,-47.77909594249055,user,squat,heavy
1789040872304,9.484631630274652,-4.71732721209228,2.1007636343576013,31.83705192908727,-7.785897413211261,-42.41464829288961,user,squat,heavy
1789040872320,9.062802056232094,-4.700567215949297,2.4696203276254236,32.27781769660653,-4.903268154199801,-37.727393408927924,user,squat,heavy
1789040872337,8.896404456329345,-4.623802248437703,2.6535245042547584,30.13322708968174,-4.602581028821037,-33.104830661690016,user,squat,heavy
1789040872354,7.97388921367228,-4.5615532975345845,2.794483565387875,24.510787827203785,-3.805095398406342,-32.07331500266718,user,squat,heavy
1789040872371,6.7760407800972455,-4.327221102307736,2.583195415009558,20.11113342617112,-0.9051910968800383,-32.670273536126295,user,squat,heavy
1789040872387,6.390124815478921,-4.104111142840981,2.3297082913272082,20.019166636544192,3.6641595675250063,-33.102764529466086,user,squat,heavy
1789040872404,5.9822127076298,-3.615245091357827,1.6566389341376722,29.312941860930717,3.9527171307114735,-32.863219549989985,user,squat,heavy
1789040872421,6.085313016620278,-3.097498982349038,1.2768584035344421,37.06907587106,2.6606489647596923,-29.898374450165434,user,squat,heavy
1789040872437,6.082469902148842,-2.823362892261147,1.2925707903206347,38.804384467444706,6.6269270091814025,-24.934268093481037,user,squat,heavy
1789040872454,5.657798382678628,-2.5502739731386304,1.4815633761301636,35.24273792851195,13.582280249508283,-22.672287025291237,user,squat,heavy
1789040872470,5.181652112036943,-2.5532670174747705,1.5827178117498755,34.77159147956447,13.531070906206113,-25.50257398337195,user,squat,heavy
1789040872487,4.628890219226479,-2.8827690209537744,1.7209829576238989,37.16125610409849,3.4878286291476064,-34.05018006923856,user,squat,heavy
1789040872504,4.417452285113931,-3.1865330643251535,1.5147829241648316,39.83134439029114,-4.615381657099287,-40.831048443254645,user,squat,heavy
1789040872520,4.267815265876054,-3.314024302728474,1.3367141756907104,37.40376538567438,-5.66942797575988,-46.38343899315224,user,squat,heavy
1789040872537,3.89416958476603,-3.314473507800698,1.3223483812078833,26.67663569037295,0.6110115409547099,-55.45495132421009,user,squat,heavy
1789040872554,3.979012937054038,-2.77383255315572,1.036540265765786,20.364550519851516,3.0996154043194797,-61.74574337999401,user,squat,heavy
1789040872570,4.172794802966713,-2.2385791367679833,0.6462862719431519,23.307586825656216,-0.09696545423285377,-65.1192694337117,user,squat,heavy
1789040872587,4.933402742877602,-1.1324581159062683,0.10025865582376718,37.99472018285306,-17.82673226203075,-65.44677017422462,user,squat,heavy
1789040872604,5.366006808912754,-0.1749269433170557,0.3553910624951124,44.31408633502972,-25.336788216742814,-62.10028483943103,user,squat,heavy
1789040872620,5.6009343396842475,0.23702567209452388,0.7263412209108472,40.61389282387785,-22.836710169180954,-56.24329858840213,user,squat,heavy
1789040872637,5.92490092086792,0.7896371966488659,1.5087968354925512,24.938098122058122,-16.887552222850022,-47.66694423631894,user,squat,heavy
1789040872654,6.260089737811684,0.8051995074398816,1.599626860974729,13.406631689717651,-13.778315216424112,-42.08041298585504,user,squat,heavy
1789040872670,6.225972948676348,0.7188584639400243,1.4374205752819775,5.935090317961641,-10.231394565341905,-40.42795458410259,user,squat,heavy
1789040872687,6.122723002082109,0.47300402709320183,0.911144830597937,5.928009546226454,-8.485698105003257,-38.990128046828616,user,squat,heavy
1789040872704,6.466290940314531,0.4315544108517468,0.3145394121468067,12.707870894226788,-8.137461763943804,-38.017427146748766,user,squat,heavy
1789040872720,6.498463025122881,0.42482071868255733,0.14739450100809334,22.25093265539315,-7.459757587890445,-38.06050173474945,user,squat,heavy
1789040872737,7.034315868708491,0.5681734700191766,0.48033831550404427,27.857300482754063,-5.625559805155003,-34.09087092121891,user,squat,heavy
1789040872753,7.664590624788403,0.8930366347163915,1.1173455947093665,27.639328655771447,-3.4284006472832065,-30.304832177483725,user,squat,heavy
1789040872769,7.851934566608071,1.0446196003902704,1.4025547213450074,27.787519855098626,-1.964382042089531,-27.098568918803196,user,squat,heavy
1789040872786,8.276306810870766,1.427991250820644,1.8270767493419349,27.33114539777859,-2.5944629375983874,-20.853125904013577,user,squat,heavy
1789040872803,9.05846373476684,1.544558761486411,2.3349461919806895,25.048217846951655,-3.3939777745268116,-13.59879223182679,user,squat,heavy
1789040872819,9.30177389395833,1.5556319258983247,2.561946436884254,21.747696270177656,-4.024942966089774,-6.036490879492828,user,squat,heavy
1789040872836,9.722553666687011,1.341051693438366,2.8339878927804527,15.058958610328578,-6.380000729646633,4.885755122281066,user,squat,heavy
1789040872853,9.736919461169839,1.0621274740247986,3.0439288663335144,8.53098994316326,-5.627071838282515,10.559294018147646,user,squat,heavy
1789040872870,9.65222457744181,0.8909419274594634,2.964321953394264,4.039505783173887,-6.919901997213576,13.70293554119656,user,squat,heavy
1789040872886,9.46817090933919,0.6405981798367575,2.790743063685298,0.48210351311920807,-11.858162918078644,13.943996822668405,user,squat,heavy
1789040872903,9.278878171539306,0.328603739465028,2.3743011740304527,-0.14349156227075008,-12.921105985020002,12.515056361504621,user,squat,heavy
1789040872920,9.3346929977417,0.2056016291745007,2.194436920441687,-0.26960701657128194,-12.000468201888568,11.970258275189602,user,squat,heavy
1789040872936,9.515755082812905,-0.013168584054894744,1.899501203431189,0.7101144375212743,-11.758388368456744,11.602822272373242,user,squat,heavy
1789040872953,9.539248771125077,-0.14215634462628512,1.6184814913094043,4.728516056737733,-11.98398866296862,10.13219972802581,user,squat,heavy
1789040872970,9.471013439288734,-0.2956842338228598,1.505206263654679,8.13144009841679,-11.313624378952087,6.7169160321567905,user,squat,heavy
1789040872986,9.458443296051025,-0.4517564372073859,1.606360407013446,9.524628788143788,-11.605662777294322,3.361187743868873,user,squat,heavy
1789040873003,9.690381581878661,-0.3631707931185141,1.8466791293039917,7.545198131765427,-10.813425720369958,0.02127136351985517,user,squat,heavy
1789040873020,9.83702760260701,-0.21652616062965244,1.8670295511543749,5.400269857363541,-8.656870329566594,0.05397466611657993,user,squat,heavy
1789040873036,10.212318712836502,0.04174856265541166,1.7941555997319518,5.762773182938682,-7.579736690850889,0.933582378990783,user,squat,heavy
1789040873053,10.360607824596762,0.05342018615081906,1.635240172278136,8.359238860067764,-4.974589416399898,2.96880426166563,user,squat,heavy
1789040873070,10.213364422497152,-0.029030133520811796,1.7039242707952855,9.218674733141299,-4.044291184461127,2.9485595809657124,user,squat,heavy
1789040873086,9.903315892028807,-0.32860443358477204,2.090887406378984,7.333985630740184,-6.684184058106797,1.657772715813543,user,squat,heavy
1789040873103,9.69771499350667,-0.6410481155613437,2.1452062949351967,1.6254879057107736,-5.240154001519163,0.28345282387510273,user,squat,heavy
1789040873120,9.582942951422929,-0.7097316660892218,1.968633922498673,-0.47430370389131793,-2.805492090733098,-0.07533529233816136,user,squat,heavy
1789040873136,9.478644957080483,-0.7600096452241764,1.6719021158516405,0.23284936637707984,-3.2968859951448457,-1.3173775386429696,user,squat,heavy
1789040873153,9.130138393402099,-0.8111859249057248,1.4835083727180958,3.214874419676622,-4.7048605503210394,-5.8653054214379745,user,squat,heavy
1789040873170,9.139716369086504,-0.8119340033266693,1.4906912699595092,4.293809520785917,-4.698114884742005,-8.792087584565335,user,squat,heavy
1789040873186,9.46083983579874,-0.6365588778506964,1.5776308638744054,5.18357997151077,-3.2418007329321044,-8.768238271530944,user,squat,heavy
1789040873203,9.80051485824585,-0.36062691732198,1.737293018042296,6.552872817539655,-1.9143020278779397,-6.953341749616312,user,squat,heavy
1789040873220,9.728090842548012,-0.23687665554527193,1.8710697664558886,6.573394120900958,-2.4750633335003367,-6.963510620629992,user,squat,heavy
1789040873236,9.821616098463535,-0.007631992715783417,2.2153866233594712,5.840058054057845,-3.875255101560713,-6.109053528574574,user,squat,heavy
1789040873253,10.014197940936684,0.03980320074129849,2.361731761445105,3.945404986318152,-6.5900072753965455,-3.4666586712585636,user,squat,heavy
1789040873270,10.060735235705971,0.0559641715452075,2.3654721170172093,1.5675672612188307,-6.1927288954359305,-0.1767534762910147,user,squat,heavy
1789040873286,10.0858749376595,-0.08484492319058626,2.1996742365732787,-1.205595623181893,-4.243418519523678,2.435810449783685,user,squat,heavy
1789040873303,9.820717103797197,-0.35299554566070435,1.9981119459174572,-2.4190645334861065,-4.452217829337791,2.8657981787926676,user,squat,heavy
1789040873320,9.669883568251132,-0.46342798763755705,1.8897749053172765,-2.325391263783732,-4.05912165958334,1.558551411514414,user,squat,heavy
1789040873336,9.611823008948564,-0.5223853861819953,1.6527482103094457,-0.9547095414758077,-4.0756315074677305,0.4431339221705532,user,squat,heavy
1789040873353,9.775078803694248,-0.41404783412516116,1.5670063017465172,0.9576426808375049,-3.8148450665597116,0.20948483669120005,user,squat,heavy
1789040873370,9.799170457899569,-0.3360864964358508,1.5429153781935572,2.1876991324279174,-1.4475204966969213,0.4847765183230631,user,squat,heavy
1789040873386,9.841965643531083,-0.1931826579105109,1.5240600172065197,3.106263099372606,-0.6290390782170181,1.5278062754609536,user,squat,heavy
1789040873403,9.909451618304848,-0.15667104606050997,1.573590064051002,3.4579335314806956,-0.1483246147996217,2.487335049004734,user,squat,heavy
1789040873420,9.759515323859453,-0.28221703214757143,1.6940484812080858,1.9171154254857503,1.1433307649344104,2.76016652851407,user,squat,heavy
1789040873436,9.714475574171543,-0.38576625394932923,1.826478637318313,1.2635969492834065,0.8329211854372507,2.539631246158583,user,squat,heavy
1789040873453,9.705196873694657,-0.39609121207613496,1.8273760245494544,1.5193177377048028,0.3222849039058582,2.299592572071536,user,squat,heavy
1789040873470,9.732432086622714,-0.3374331252718344,1.8691244776070117,0.5477158043902315,-0.2505593532038353,2.8436854413547517,user,squat,heavy
1789040873486,9.834334125739336,-0.24316158103365448,1.9210488722421228,-1.1453078912557175,0.9162802291626714,3.7514310289843746,user,squat,heavy
1789040873503,9.88865374494791,-0.18330657606236636,1.907282066565752,-3.1456579229579473,1.418966997593389,4.917792551469834,user,squat,heavy
1789040873520,9.8259538354069,-0.04773490705601871,1.8007396542973815,-2.859266810398843,1.0023852223778487,6.0962221644450585,user,squat,heavy
1789040873536,9.72913889029622,0.027682445238903165,1.6062115000620483,-2.4801770107545607,1.1290949431568114,6.308784481605025,user,squat,heavy
1789040873553,9.684247024646401,0.12360025884676724,1.6141427314527332,-4.798094340039006,2.7119033446217022,7.001858717725028,user,squat,heavy
1789040873570,9.973047599902749,0.22400709096956997,1.5783781751103698,-8.136762523327524,6.032125961726366,9.774985957076021,user,squat,heavy
1789040873586,10.279956078779696,0.354790320122987,1.4245520336195825,-9.516980683820666,7.2194740942103355,13.033195365715434,user,squat,heavy
1789040873603,10.308834382739663,0.37349509365819394,1.3525754694283008,-9.054243905288766,8.420018152170769,14.235008985087845,user,squat,heavy
1789040873620,10.150667435565591,0.2555806253628805,1.2669829062081872,-7.440720143126327,8.770603224531062,15.164896551902768,user,squat,heavy
1789040873636,10.104728691211342,-0.004190364361926913,1.3712795853763817,-7.15548546697107,8.907078088110731,15.459209403238617,user,squat,heavy
1789040873653,10.012402289691567,-0.21083974902369082,1.465850697083026,-9.925032406536507,10.986226091276695,15.793005870619018,user,squat,heavy
1789040873670,9.763405901557206,-0.4415810801517218,1.685519722315669,-16.190825116184534,14.493290881004585,14.85845669969556,user,squat,heavy
1789040873686,9.60778279364705,-0.45280375430323183,1.81121457882151,-19.31481874631226,13.975026372067772,13.561977512200421,user,squat,heavy
1789040873703,9.600151275855302,-0.36706155347935854,1.8213905203990637,-21.015715142111144,13.830664347544028,13.365627502809126,user,squat,heavy
1789040873720,9.840917595782875,-0.05282258558385074,1.7075158655464648,-21.614791034212963,16.524022234465267,16.351746080577325,user,squat,heavy
1789040873737,9.94072470844686,0.11596863145716488,1.7121540467411278,-21.319761013014265,16.67825815120791,18.99547154412102,user,squat,heavy
1789040873753,9.808296013641357,0.12255275908783078,1.7838311895944177,-21.557065690442602,15.958774561775227,20.19653298891108,user,squat,heavy
1789040873770,9.415198028564452,-0.005686740399524569,1.8791499047979712,-20.35290163222206,16.47470656111048,20.66019013543364,user,squat,heavy
1789040873787,9.342924234992266,-0.10624313706085085,1.8411428302258253,-19.45632660553658,15.150290192362696,22.695378187327755,user,squat,heavy
1789040873803,9.293694632399081,-0.2142819253668189,1.8855846140205859,-20.379848436045055,16.113058289842062,24.073490088235598,user,squat,heavy
1789040873820,8.842984416309,-0.33907924851104615,1.9653416029550135,-23.089521083572514,16.151874254895244,22.264464967686237,user,squat,heavy
1789040873837,8.718637321150302,-0.27787790696471926,2.099416749793291,-24.932784234883854,14.09715698461677,23.389431274933187,user,squat,heavy
1789040873853,8.722675782886148,-0.27054537211954593,2.0667958983041346,-25.44065661099849,11.263020361165108,25.305000516345576,user,squat,heavy
1789040873870,8.432081309950352,-0.2293951772160828,1.7742546752147375,-25.69257960079795,12.938389778714718,28.061523138937446,user,squat,heavy
1789040873887,8.389284955275059,-0.2507933545537293,1.5529408053845166,-25.127791258329594,14.522983420873922,32.337069587656394,user,squat,heavy
1789040873903,8.454377312910557,-0.20141294531300663,1.5475535593882201,-25.81503123223794,16.839146672202144,38.718402631078,user,squat,heavy
1789040873920,8.207774541914462,-0.39893487453684207,1.5291484263867139,-27.4811073236481,16.59846788132382,42.61899047738347,user,squat,heavy
1789040873937,7.198319266951084,-0.7592619321294128,1.447895499806106,-25.337247546964498,13.779652225954143,39.03172048377941,user,squat,heavy
1789040873953,6.707656979700922,-0.8930379498906433,1.3823542293593287,-21.134674839337965,10.375949542709701,32.95214861298355,user,squat,heavy
1789040873970,6.168361886706948,-1.0324999043338001,1.234063071772456,-11.52993646996639,2.9059041958253364,23.347587828530397,user,squat,heavy
1789040873987,6.370372651782631,-1.3307280870184302,1.0693114855110644,-5.977049450693499,2.5094960246536635,21.959449209920976,user,squat,heavy
1789040874003,6.552331393432617,-1.5536875320985912,1.0404314279854296,-3.5734538015735904,7.301076925545416,24.17335086899577,user,squat,heavy
1789040874020,6.774094322204589,-2.248454634094238,1.2038351067692041,-3.442031783875848,13.059786999701586,27.37055729683686,user,squat,heavy
1789040874037,6.271311389049887,-2.824111080279946,1.8348571740850805,-4.2368141534831,13.34020041607646,24.74922973112893,user,squat,heavy
1789040874053,6.252158360290527,-3.021632132720947,2.1392203523933886,-7.63401620418498,12.398778367300679,23.555560258568114,user,squat,heavy
1789040874070,6.829312936079502,-3.280506064008176,2.5453365167364477,-15.73168784734523,11.664250432447398,25.563255091505635,user,squat,heavy
1789040874087,7.509414091601967,-3.424457438825071,2.7720377786934374,-22.333128859412376,12.045186304158287,29.83228212466181,user,squat,heavy
1789040874104,7.938724376788735,-3.358167395837605,2.805107104602456,-26.988037675012173,10.60965300289815,36.050339495974264,user,squat,heavy
1789040874120,8.119785292816161,-3.4265517807558177,2.8995290170967576,-31.34303117660942,8.09605886474248,41.923147880215495,user,squat,heavy
1789040874137,7.978078482055664,-3.63559551320821,2.99080766312927,-32.94378504634487,6.282766156622331,44.05380490123346,user,squat,heavy
1789040874154,7.813327480316162,-3.7231335114076733,2.9738983216434716,-33.435073723154716,5.487461064100162,43.126009079851855,user,squat,heavy
1789040874170,7.633911993408202,-3.978863883972168,2.897434090644121,-33.20886127293848,4.519461895490213,40.264405704426636,user,squat,heavy
1789040874187,7.659647907689213,-4.05398196105957,2.748244815173745,-31.493408036471003,4.376258441804434,38.40617419354921,user,squat,heavy
1789040874203,7.625233596912026,-4.149899957330525,2.6271888705149293,-28.396497813949672,2.822697550695772,35.521081797568314,user,squat,heavy
1789040874220,7.333739544788003,-4.256891136279702,2.6255425646126267,-26.357221893837306,2.3202573094054095,30.46219973596082,user,squat,heavy
1789040874237,7.713967526897788,-4.164414512634277,2.596362355096638,-25.89138591696951,3.4711819640364046,29.912881771962542,user,squat,heavy
1789040874254,7.8639049903869624,-4.103811575372517,2.5062813944160935,-24.845975945627575,4.5404869253028055,31.23731350863596,user,squat,heavy
1789040874270,8.03060186549723,-4.054132475446164,2.4413389666453003,-23.970304712896922,5.911443349281411,33.11954630425681,user,squat,heavy
1789040874287,7.6867346520572895,-4.264372724206745,2.43864461299479,-21.748411732493217,5.7185408778736795,32.27848705514519,user,squat,heavy
1789040874303,7.4603323730468745,-4.406079534967243,2.3334496698126195,-18.849242316632925,4.650318928477549,30.362502879740727,user,squat,heavy
1789040874320,7.425915724182128,-4.497209127917886,2.276288397437334,-17.308513856870835,4.623159961903463,29.692434001405797,user,squat,heavy
1789040874337,7.466467514801025,-4.476259571130574,2.253842464612424,-16.600083221062526,7.683368589806554,29.964511171898668,user,squat,heavy
1789040874353,7.478587576183676,-4.431218652398884,2.2153853081852195,-14.206038737723235,7.658252276681124,31.552656512426278,user,squat,heavy
1789040874370,7.766789016503095,-4.24237541193217,2.213439434814453,-12.201415782364927,7.296222368592829,35.36373814475331,user,squat,heavy
1789040874387,7.5556532802075145,-4.287418084229529,2.1863570743605494,-12.480376075993881,11.908131728272812,37.629404100000336,user,squat,heavy
1789040874404,7.3874606135815375,-4.428526344574988,2.232445456318557,-12.980269937384298,12.306446162553152,36.37884768938978,user,squat,heavy
1789040874420,7.362619602313638,-4.691139754651487,2.3686147989571094,-13.9174171415133,12.571723025953633,35.563466536462826,user,squat,heavy
1789040874437,7.618351436182856,-5.0212406008064745,2.2255615420237183,-12.518263135319943,11.387624355967297,36.025354663990356,user,squat,heavy
1789040874454,7.631367569622397,-5.226093311309814,2.294244909888506,-12.165251638257002,11.136219606771114,35.984073000646795,user,squat,heavy
1789040874470,7.472752294158935,-5.578789727893471,2.3760963868841527,-12.632704662410799,12.924656829614761,34.60634188278519,user,squat,heavy
1789040874487,7.495349325892329,-5.738154944941401,2.4572002603828906,-11.97149539320302,12.797109023280298,31.912638217537218,user,squat,heavy
1789040874504,7.480981777843833,-5.779153894805908,2.5104703705385325,-9.720105387094968,10.618309413897496,29.715134135112333,user,squat,heavy
1789040874520,7.752575197711587,-5.7342631981998675,2.4566017099678517,-6.880020095763048,9.247806343725049,29.58979333365343,user,squat,heavy
1789040874537,7.8634566620975725,-5.67515692923665,2.785205595563352,-7.164718175181635,7.828648421000017,29.998856778140077,user,squat,heavy
1789040874554,7.912238520923256,-5.632509627643227,2.9550448603525754,-10.576016882556777,7.697316689865366,31.237689169040312,user,squat,heavy
1789040874570,7.770683101332187,-5.7638931973099705,3.1272777422800657,-15.127562737899478,8.621389204375669,30.877137143133677,user,squat,heavy
1789040874587,7.950695385089516,-6.1369379899173975,2.9822783197149634,-20.21116496166054,14.139332548967952,34.817657690421626,user,squat,heavy
1789040874604,7.907002373835444,-6.354961147639155,2.8341379687756296,-20.394664823902104,14.718910812310323,34.952492454826846,user,squat,heavy
1789040874620,6.799831990051269,-6.752547091785073,2.7029052057564256,-16.3907003569612,12.907109219863353,28.31768767621148,user,squat,heavy
1789040874637,6.761526517054438,-7.1061419185131784,2.444481940846145,-7.1021877933301685,9.67100913356727,19.974445972953532,user,squat,heavy
1789040874654,7.170933247375488,-7.130830369567871,2.47680220195353,-3.4859300500017545,7.671330381394406,20.36996856741063,user,squat,heavy
1789040874670,8.083723799353837,-7.153876314112543,3.0116081668347117,-5.373533935631173,3.629719619295686,24.461262125532024,user,squat,heavy
1789040874687,7.93498402121663,-7.350799400660395,3.6332024805918333,-13.910826008964237,-1.6518050514696558,26.48936214861496,user,squat,heavy
1789040874704,7.858069708362221,-7.474549114447831,3.730616268378496,-18.74389518642194,-5.031489161054335,25.909115380507572,user,squat,heavy
1789040874720,8.09554400100708,-7.639149309539794,3.334675168830156,-18.201765996525104,-8.001155093772445,25.949792572109583,user,squat,heavy
1789040874737,8.315063534766436,-8.001123842078448,2.9456176913157104,-11.76010018461748,-11.2747751167267,25.56864069566619,user,squat,heavy
1789040874754,8.288726731982827,-8.218397642737626,2.9049156785711645,-7.390623266885222,-11.237925392380834,23.463183657590985,user,squat,heavy
1789040874770,8.689754925537109,-8.657882115936278,2.9887131750680505,-5.187361334990019,-10.434580740318737,22.89226180524796,user,squat,heavy
1789040874787,8.793902697753905,-8.838944201007484,3.1383499020449817,-4.175474785868154,-10.633250452706898,21.462902994997513,user,squat,heavy
1789040874804,8.808268492236733,-9.144354550281166,3.3225542306646703,-3.9855041731616505,-9.087688780333378,18.60292178950017,user,squat,heavy
1789040874820,8.952667610821127,-9.360879578399658,3.3572695702150464,-3.9614858129453006,-7.401163956321844,16.00258339511169,user,squat,heavy
1789040874837,8.999206074634193,-9.476999527961015,3.268086581287533,-1.7372725959362005,-7.586557488510793,12.203350433447334,user,squat,heavy
1789040874854,9.191488641899824,-9.686939332470297,3.066524144501239,3.1654667522114535,-6.48081560245649,9.472329175895355,user,squat,heavy
1789040874870,9.432107662311196,-9.950303268653153,3.0291147435612973,6.827118146207184,-5.37766620007903,6.94608424673635,user,squat,heavy
1789040874887,9.256133255767821,-10.034099742236734,3.1797995182864365,8.752014864704872,-7.961741487166886,0.05200300594764079,user,squat,heavy
1789040874904,9.433903898078203,-10.192268442976474,3.379117975538224,7.080873761138321,-9.624230875489145,-5.4139255399485124,user,squat,heavy
1789040874920,10.254366879492997,-9.983074488398431,3.3470956744641063,4.166856367796067,-10.28396055496797,-4.564242750122933,user,squat,heavy
1789040874937,10.417022954779863,-9.88311598456502,3.3381171259775755,0.7241993548068985,-9.451836900838025,-2.908302445997657,user,squat,heavy
1789040874954,10.271424397277832,-9.869199102893472,3.1179999185860154,-0.04803401236941547,-9.580515957253771,-6.28460561194318,user,squat,heavy
1789040874970,9.797522106170653,-9.835381588965653,2.701557736670226,4.521881916890513,-9.072489901882808,-9.88987571533116,user,squat,heavy
1789040874987,9.936684493145346,-9.59625952911377,2.520795657458901,9.206343680368487,-4.5139273078283875,-7.248247973636307,user,squat,heavy
1789040875004,10.361658210432529,-8.857800877168774,2.478898297449946,14.389159524465862,-0.25107946143696125,-0.421926745086619,user,squat,heavy
1789040875020,9.531766890937089,-8.141634136530756,3.0156483821362254,13.398835882553728,4.166372278138643,1.0753211839864183,user,squat,heavy
1789040875037,8.883086709594727,-7.7693340248107905,3.320759163941443,11.205933640082142,7.0558061131107275,-0.38849555710077177,user,squat,heavy
1789040875054,8.19729815608561,-6.743419782477617,3.3074414172068236,14.503266372287388,14.392537053010434,3.651840467583242,user,squat,heavy
1789040875070,8.44674345703125,-5.691167568317056,2.8865103994391856,21.962937729039563,11.248479742195796,10.639206377663148,user,squat,heavy
1789040875087,7.7970169815063475,-5.481974198260903,3.2006000219918787,22.18794294332,4.122198029681585,13.322754405388956,user,squat,heavy
1789040875104,6.404339803314208,-5.793370051684975,3.9820074426949024,7.530870956207679,1.0995234257018296,10.437430636749925,user,squat,heavy
1789040875120,6.1189814774662254,-6.279243351092934,3.4697973405033347,-2.7658219251468408,-0.574625629142171,11.718025365556555,user,squat,heavy
1789040875137,6.197839325603843,-6.404190165710449,2.8700495323732493,-4.978880482745958,-5.249415311146877,11.956814755355724,user,squat,heavy
1789040875154,5.542726480865478,-6.602759850421547,1.575684990503639,0.6659097733780692,-9.620006403487492,4.016488045670944,user,squat,heavy
1789040875170,4.685751339611411,-6.792350109863281,0.67651219111979,8.777237899536082,-10.982295317409353,-6.179633288362901,user,squat,heavy
1789040875187,4.702810610961913,-6.742671594458818,0.5647337778940796,14.437013537338265,-10.80733660672489,-12.913852324121448,user,squat,heavy
1789040875204,5.166538129535317,-6.405837348395585,0.8361765372447669,14.023025526460037,-10.533092558717831,-18.12190059456014,user,squat,heavy
1789040875220,5.515194330817461,-5.795615200263262,1.484257437519729,8.419632246482664,-8.847331862119692,-19.574396670624008,user,squat,heavy
1789040875237,5.997176468005776,-5.487661011725664,1.5506959490671752,3.612548096835451,-5.761516855018223,-15.955912712512992,user,squat,heavy
1789040875254,6.5963260179817675,-5.046829215571284,1.4417593351386486,0.6316837488079882,-1.3505970174449728,-10.603903691164293,user,squat,heavy
1789040875270,6.168961021643876,-5.26634758028686,1.5034101740181445,2.5401919620007587,-0.7221028068968219,-11.664893324003025,user,squat,heavy
1789040875287,5.8174611213684075,-5.536292648425698,1.5852616510137916,6.242676361288941,-0.04944917887366385,-16.686881265035048,user,squat,heavy
1789040875304,5.486013829040527,-6.113893798938393,1.9900318075753747,10.774873571373467,-0.9696440702611578,-24.132549026441403,user,squat,heavy
1789040875320,5.296572038158774,-6.470929121509194,2.5377049989446996,10.501205820577626,-1.059718577322876,-29.49746625154778,user,squat,heavy
1789040875336,5.010915606147051,-6.411673799464106,2.709040639771521,8.257370857465256,0.3599749016021935,-36.40878099342736,user,squat,heavy
1789040875354,4.841974751502275,-5.6961061937630175,2.60100287437886,9.554749922383545,-0.6414898727437166,-41.16448803325091,user,squat,heavy
1789040875370,5.091868380737305,-4.73737748195231,2.0690400239691136,16.36373989275987,-4.891230372674477,-45.280814234680406,user,squat,heavy
1789040875387,5.174020009723305,-4.306272130042315,1.9357132112801074,18.976563872951132,-5.9315753318600235,-44.64165879252895,user,squat,heavy
1789040875404,5.717951530346274,-3.6646255005985497,1.905485830798745,17.57203792297556,-6.478236352271164,-39.51118951823055,user,squat,heavy
1789040875420,6.293308701324462,-3.220650730243325,1.7476190356150267,11.68893558988147,-0.12009737729087627,-27.657797487287162,user,squat,heavy
1789040875437,6.414217638728022,-3.10842369646728,1.6304527918711305,7.158418179445945,3.3548179521376014,-19.55147114067486,user,squat,heavy
1789040875454,6.3738154857128855,-3.0392911235302686,1.4845567127272485,6.27929855495808,2.6770224223040935,-13.057559504258517,user,squat,heavy
1789040875470,6.949920844709872,-3.2474364458382126,1.1902189616099,9.211655006221818,1.5584761727118381,-2.2510937466528023,user,squat,heavy
1789040875487,7.145944352069496,-3.577387362128496,1.2547121843084692,9.039521432532803,0.7701463041578387,5.215084645944278,user,squat,heavy
1789040875504,7.213879239654541,-4.198083558002114,1.9639947183907032,4.641251852354357,0.0708665076715483,10.766690150974146,user,squat,heavy
1789040875520,7.441029122161865,-5.025578922271729,2.4841350290596482,-3.1209851452417454,-1.1768286806667974,16.092468684589058,user,squat,heavy
1789040875537,7.894430477032065,-5.405659020343423,2.57556389721781,-5.662581991777412,-1.2195697633369158,20.876351962286204,user,squat,heavy
1789040875554,8.167820132666826,-6.454618622699379,2.6289845217600463,-2.737380590556085,-3.318721469591142,20.934579324960563,user,squat,heavy
1789040875570,8.00561121662557,-7.538144511523843,2.959084198871255,3.5896605598135616,-3.847636804764943,12.712873154020176,user,squat,heavy
1789040875587,8.208668860405684,-7.8261963142395015,3.167080468097329,7.089052058895765,-4.900812274306358,6.021091364235387,user,squat,heavy
1789040875604,9.164404820141195,-7.900266928100585,3.7084701952829953,8.140427773590883,-7.102580102320621,2.3757214336736747,user,squat,heavy
1789040875620,9.532364856830238,-7.955334735327958,4.403087075152993,1.5190596846202233,-9.25013202313744,-3.2132791436186006,user,squat,heavy
1789040875637,9.475053070068359,-7.961918205371498,4.552127005280554,-3.6109169622842874,-10.307155023615687,-7.234670411339967,user,squat,heavy
1789040875654,9.81847312426269,-7.617901938849687,4.103064556397498,-4.569092611320465,-9.36292576709103,-8.162328775164529,user,squat,heavy
1789040875670,9.917382411304116,-7.340922734290361,3.4537867014229295,-1.769424003906743,-6.870540220081894,-8.009710759481532,user,squat,heavy
1789040875687,9.5123151714921,-7.327605572077632,3.4379251154243944,-1.3023379956991303,-5.141521374149125,-11.273020611883652,user,squat,heavy
1789040875703,8.897152059826254,-7.259219433593749,3.256712808227539,0.6925206706321149,-3.6468616865651255,-14.930697902999494,user,squat,heavy
1789040875720,8.499715753284097,-6.969521617236733,2.7120328073248268,7.956985967957264,-2.446147727649088,-21.160428067603497,user,squat,heavy
1789040875737,8.289922663769126,-6.82512074508667,2.664597394672036,14.422975791046596,-1.3594586542845355,-24.034832925080618,user,squat,heavy
1789040875754,8.270771388575435,-6.331617681452632,2.7468992457836863,18.888705442109966,-3.3710706007110582,-26.30547808823258,user,squat,heavy
1789040875770,7.659200163921714,-5.850381978717446,3.2644948404058813,16.842834974353952,-9.118813952381128,-31.198965411540925,user,squat,heavy
1789040875787,7.740156445643305,-5.543476422449946,3.3674463885754347,7.30511442111854,-11.245418109900339,-30.905950296147378,user,squat,heavy
1789040875804,7.947702048492431,-4.825214170837402,3.2357638359621164,-3.6191392293845133,-13.24169457409289,-27.33351035077871,user,squat,heavy
1789040875821,8.115446386829019,-4.478056099158525,2.9227225534185766,-12.537216056493081,-12.243052615545325,-20.484068585042987,user,squat,heavy
1789040875837,8.308928393012284,-4.073136743384599,1.897555914582312,-14.399046223289456,-10.53135256802677,-11.330663993383975,user,squat,heavy
1789040875854,7.8540294930607075,-4.413412654334307,1.0714065580941736,-7.690275618604729,-10.933513252583476,-8.776007611711833,user,squat,heavy
1789040875870,7.56567666157186,-4.7387236358642575,0.8485958738349377,0.10659986294397987,-8.27088353296448,-7.651908738489475,user,squat,heavy
1789040875887,7.263707977184652,-5.238064904132485,1.018284916498512,5.092957021603041,-3.7962144449380326,-6.596533521148492,user,squat,heavy
1789040875904,7.421277542987466,-5.457733490973711,1.9167090894721448,3.6143499861158648,-3.3979599882563405,-6.609217609324029,user,squat,heavy
1789040875920,7.430107330653071,-5.48392007163167,2.324322506635636,-0.8159470447718583,-2.8626658967279823,-7.177908978016222,user,squat,heavy
1789040875937,8.023419260516762,-5.287146038165688,2.649335089740902,-3.921265390244034,-2.3601648240653246,-5.106607154659312,user,squat,heavy
1789040875954,8.609699392047524,-5.172673271289468,2.467824968641251,-0.5744180020635732,-3.5808067136585207,-3.4987733669623173,user,squat,heavy
1789040875970,8.648305893817543,-5.150376683807373,2.4860804640389977,4.013016602025285,-6.5255541952937195,-2.852888907817932,user,squat,heavy
1789040875987,9.096918260845541,-5.149478858184814,2.7862529126591977,4.501388788059536,-9.03252731882271,-1.0011013602572978,user,squat,heavy
1789040876004,9.229049434009195,-5.474791593280434,3.070115446991473,1.3193959662644141,-10.076778719326681,-0.2988106376260086,user,squat,heavy
1789040876020,9.406368825420737,-5.61170941619873,3.077896602386981,-2.96351492048369,-9.964549319753262,1.1085821775319704,user,squat,heavy
1789040876037,9.719860774341225,-5.850531616321206,2.811092754883319,-5.0937638376987495,-7.443294270669775,2.7469605711972624,user,squat,heavy
1789040876054,9.431809556147456,-6.171205585700273,2.3602356776684523,-2.1250752623621865,-6.7826181831040815,-0.062319980008518606,user,squat,heavy
1789040876070,8.982596885138749,-6.330569633704424,2.2565360876105722,2.9003911659480783,-4.546992680487242,-6.426893820280178,user,squat,heavy
1789040876087,8.48445388674438,-6.501306139594316,2.149545931574702,9.213225949730921,-1.8477134464424276,-14.449019302351854,user,squat,heavy
1789040876104,8.0496070102185,-6.426636975318193,2.4893732219740747,10.806519545345427,-0.3828226847886795,-21.230857563230085,user,squat,heavy
1789040876120,7.749284339472651,-6.297499723273515,2.7153251268684864,9.80090396365528,-0.2439987964234794,-27.481592267079172,user,squat,heavy
1789040876137,7.598747741046547,-5.561880970929563,2.6554705237559975,9.574005079427456,0.8347513026088439,-29.028061500838657,user,squat,heavy
1789040876154,7.407660521045327,-4.597765889905393,2.159720265717059,10.804000913088986,-0.17884424788876585,-28.251050643121545,user,squat,heavy
1789040876170,6.696134299689531,-3.8759143816292285,2.009633603015542,10.337510091834517,0.3830918636110867,-28.78042957738526,user,squat,heavy
1789040876187,6.4845461434513325,-3.5541929490238426,1.8561064444713293,11.951066297395512,0.2606704344138343,-26.509176527397162,user,squat,heavy
1789040876204,6.701819944110512,-2.9761434702217575,1.4311355036631226,14.37445071208824,0.7941020187328948,-20.860514461148238,user,squat,heavy
1789040876220,6.425588927569985,-2.7253505540594456,1.4679462080575525,12.840486700925403,2.2429867389948206,-14.681052781288235,user,squat,heavy
1789040876237,6.220435772815346,-2.619108147650957,1.605013960840553,9.735931789175535,1.2379496956717144,-11.71990110625737,user,squat,heavy
1789040876254,6.7205258136242625,-2.3958491351023317,1.6452670607738196,5.327682875732877,0.974491476859457,-5.4678409188224775,user,squat,heavy
1789040876270,7.265804072681069,-2.3392858286201954,1.5810720903694628,1.2117930593583275,1.3191421820480658,3.154843246731145,user,squat,heavy
1789040876287,7.54068659722209,-2.7328312652036546,1.4827594540469347,-0.12872093134505372,1.917929071770628,10.114288410701098,user,squat,heavy
1789040876304,7.318627315852045,-3.6599876116648313,1.4549275903999805,3.2377643045760385,0.06378743014343997,9.450904580016317,user,squat,heavy
1789040876320,7.299172673797607,-4.091541584125161,1.6451174231700598,5.263505137630967,-2.3192244567368565,7.989758069368632,user,squat,heavy
1789040876337,7.915828654369712,-4.708796115112304,2.2369339999094606,2.004426373976258,-4.467661740824837,5.2136080444230855,user,squat,heavy
1789040876354,8.315812307307123,-4.996251120978593,2.734329394806921,-1.5157611301379303,-7.8258770717442845,2.918259367703655,user,squat,heavy
1789040876370,8.780135453686118,-5.015702840423583,2.700207929496467,-3.0869895861952994,-8.403743518925921,4.056084359836801,user,squat,heavy
1789040876387,9.406221525904536,-4.928016665925085,2.4754566325634717,0.046586265729424,-10.410334422538838,3.824859831430243,user,squat,heavy
1789040876404,9.356541256934404,-5.048025147357583,2.638860019086301,3.0593426879823804,-12.188182290848028,1.1835638875186647,user,squat,heavy
1789040876420,9.338733797565101,-5.159356109076738,2.715624402076006,5.004564555346144,-12.223169081097772,-1.8375778726009517,user,squat,heavy
1789040876437,9.28321883109212,-5.283405390332639,2.882619675610959,6.591828374584,-12.387293404211302,-5.697978166490533,user,squat,heavy
1789040876456,9.301323812103272,-5.172673271289468,3.0868716437421737,4.096755575023288,-12.480388882598575,-8.937345217643998,user,squat,heavy
1789040876472,9.362526176562906,-5.0486242822945115,3.0951050729498264,1.37763933719464,-12.931178806498478,-9.452238174451763,user,squat,heavy
1789040876487,9.632173138538002,-4.626496017566323,2.8610722990609703,-2.0203223586089933,-14.670281572967125,-8.704052422579396,user,squat,heavy
1789040876504,9.890596695709228,-4.315997989764809,2.19563372901082,-6.332366136601317,-14.054194240963744,-3.7838885148070984,user,squat,heavy
1789040876520,9.950152462005615,-4.271256053979695,1.8592483957588672,-11.057342020914868,-8.937480113880104,1.907872258548019,user,squat,heavy
1789040876536,9.682451373401284,-4.217686084094644,1.1170457349799572,-12.988525074769905,-0.9960433917334918,7.06943191361808,user,squat,heavy
1789040876554,9.306112215423584,-4.26452265407145,0.5169983593814075,-5.590346764889002,4.033634808695438,10.379254500494342,user,squat,heavy
1789040876570,8.938752482715248,-4.462792771314084,0.5325609624333679,4.0583946713235575,6.49530414123338,6.251955173276404,user,squat,heavy
1789040876587,8.416067748260497,-5.137957347217202,1.0883156073190272,8.426256676203929,7.045507041615995,0.8990859749791047,user,squat,heavy
1789040876604,8.730007440948485,-5.5645741555362935,2.202816772382706,4.700881538242684,6.722385306134678,-3.4483166251293174,user,squat,heavy
1789040876620,8.953567774531244,-5.65884672268778,2.573170133949071,-0.7505024666614705,8.001484650399897,-4.227252315531905,user,squat,heavy
1789040876637,9.108741969630122,-5.606623198975623,2.766351403620094,-3.161620075048267,7.2188918205835915,-7.089464858453727,user,squat,heavy
1789040876654,8.87366129412353,-5.399075550299883,2.9158399542979896,0.7714840607398091,-0.8778647906712866,-13.914133528069815,user,squat,heavy
1789040876670,9.350704805865883,-5.131223947308957,2.8907003984749315,2.2049270039488054,-1.7416635537988725,-11.357169396231855,user,squat,heavy
1789040876687,10.278906861987709,-4.811448095813393,3.009363164386898,1.5551597957046794,-1.7242088986531992,-8.283147991392884,user,squat,heavy
1789040876704,10.400412596240638,-4.973804895892739,3.3466457387395203,-0.963545458384277,-4.71270246126186,-6.4694322384310174,user,squat,heavy
1789040876720,10.566959249225258,-5.142596112933755,3.272126650458574,-2.2098833734087076,-5.073450855107131,-5.625300684853366,user,squat,heavy
1789040876737,10.718540972790121,-5.637895996856689,3.084331019348651,-2.911222992198072,-4.787256964260312,-6.381465378336777,user,squat,heavy
1789040876754,10.738892271423339,-6.096535836902261,2.994997662165016,-1.149643460553089,-4.792613967003717,-9.80720652071191,user,squat,heavy
1789040876770,10.89137357417643,-6.248119021771847,2.959234128735959,2.426101762765335,-6.615153897486416,-13.160532289959274,user,squat,heavy
1789040876787,10.959457514843344,-6.562207183019816,2.8947407599069175,6.705964250709497,-5.82432044443649,-17.855552245233618,user,squat,heavy
1789040876803,10.781090075683593,-6.776189540918171,2.9396323332957923,12.584854064632982,-4.143840337840417,-25.811472703680362,user,squat,heavy
1789040876820,10.739791266089677,-6.826767635510861,3.1229381056405603,14.121780670348311,-6.743373623680481,-31.948496710679784,user,squat,heavy
1789040876837,10.499771965137123,-7.0057342096075415,3.5984861181281507,11.408096994230764,-7.238811213524287,-38.192119480055595,user,squat,heavy
1789040876853,10.347740159717201,-6.944532137408852,3.6315567592114206,8.523788362457127,-6.4490620530051,-43.08948122817063,user,squat,heavy
1789040876870,10.121488102832435,-6.567295738330483,3.3060939481206235,10.031799362321207,-8.974223970293835,-50.043518803308636,user,squat,heavy
1789040876887,9.496153725764154,-6.164920806342363,2.892944962531328,14.167800777428566,-12.153071703419577,-55.40546660367335,user,squat,heavy
1789040876904,9.572467150115965,-5.563077779498696,2.5028394372686744,20.521088210344455,-13.478205242030214,-57.92615816215031,user,squat,heavy
1789040876920,9.708338094329834,-5.175217110553383,2.348862927521765,23.42103797531742,-10.77465159022544,-53.878413890176915,user,squat,heavy
1789040876937,9.717317519599199,-4.669142442376911,2.143859264240414,26.613466685834087,-10.258736666363113,-51.06864482036292,user,squat,heavy
1789040876954,9.166949243927002,-4.587141327777505,2.1921920641243458,32.71301344485765,-19.40839746058331,-56.04520944209342,user,squat,heavy
1789040876970,8.232911321258545,-4.611382327325642,2.346318795996904,39.985611042885054,-28.651499511517514,-61.75193836157121,user,squat,heavy
1789040876987,8.849120727106929,-4.10815165040344,2.573019765692949,37.697145916188525,-29.463421173629854,-59.06655386673232,user,squat,heavy
1789040877004,8.853310580012202,-3.896564078687131,2.73507758282572,28.713609836735024,-28.11228510484898,-54.051757261122674,user,squat,heavy
1789040877020,8.224382562366127,-3.163788440814614,3.1099193418525157,15.340181404120099,-24.29459697204725,-53.03350924456259,user,squat,heavy
1789040877037,7.30351333335042,-2.6524766026370226,2.0877450167000293,14.580034283463746,-22.824535356985404,-54.07171848897203,user,squat,heavy
1789040877054,7.347505035290122,-2.5037366783693433,1.2801511614695191,21.301116304127422,-24.99154264476618,-52.96180250356121,user,squat,heavy
1789040877070,6.739229345050454,-2.765303502002358,0.6180040341801941,21.73902876012091,-19.27259451686324,-58.323497586926635,user,squat,heavy
1789040877087,5.25422576533854,-3.593547638812661,0.359281201801449,19.249085005740056,-17.47065230248318,-67.6031428574677,user,squat,heavy
1789040877104,5.287744588580727,-3.644574061694741,0.00808189190775156,19.243287882682008,-11.38106822813773,-72.97710837567705,user,squat,heavy
1789040877120,5.503970926013588,-3.0059207688480614,-1.001822734258324,26.683624681441167,-1.2545269916741584,-72.45612886654516,user,squat,heavy
1789040877137,6.395363300654291,-1.6244664840031415,-1.272516867198795,35.09953276727888,-0.9244794443744485,-68.39382604635588,user,squat,heavy
1789040877154,5.380668955993652,-1.2810478911135346,-0.5746070832632482,35.177294470979476,-6.613199182723323,-83.11716623634295,user,squat,heavy
1789040877170,4.074632534900307,-0.6292264526033774,0.8049015474066138,35.551834724306296,-15.38508136017647,-91.46392377947618,user,squat,heavy
1789040877187,7.229740825653076,0.946906464330852,0.24196488206237554,34.869051448831385,-9.981822014390579,-76.88019948631333,user,squat,heavy
1789040877204,7.943512780109048,1.5453073056982363,0.3652664136908948,30.345413746437355,-1.1523839672358507,-58.715331879231925,user,squat,heavy
1789040877220,7.6946654450565575,2.2492025207189377,1.08487379630208,22.257568184171816,-0.35863839900026595,-51.951771204572644,user,squat,heavy
1789040877237,6.930165758404136,2.291699408390466,1.5402204400211572,22.332748076366148,-5.393321420543522,-50.985903908757386,user,squat,heavy
1789040877254,7.8172186425358055,2.476950780111365,0.9928471083812415,26.67533966197794,-6.305139295022354,-41.271602474909635,user,squat,heavy
1789040877270,8.520366327124833,2.3684637731138616,0.884509044867754,25.280213759847598,-4.199794101294807,-31.713060089989444,user,squat,heavy
1789040877287,8.31775818067789,1.9337666437895968,1.2387009607061743,22.045164668910054,-2.9369311839037655,-27.928670836938817,user,squat,heavy
1789040877304,8.140586673304439,1.7486648183409124,1.2900269510567188,18.597017090962694,-5.08417809408546,-27.09730874890133,user,squat,heavy
1789040877320,8.092402780371904,1.4490901894833892,1.3826524816535413,14.084320497845377,-7.771037482898253,-26.25848297164831,user,squat,heavy
1789040877337,8.482059685084224,1.5830158448483793,1.1824375139534473,11.03602670806255,-8.858393353480528,-23.062408647662146,user,squat,heavy
1789040877354,8.61837895758748,1.665915223461762,1.0718559092968702,8.790529447660926,-7.8717588674938455,-20.149980127075565,user,squat,heavy
1789040877370,8.729560281702875,1.8409911467954516,0.8578742820508778,9.150436020690993,-5.977184346929607,-15.111913066963687,user,squat,heavy
1789040877387,9.072530254042148,1.9653401416502891,0.7915840929329395,8.686693496803809,-4.566827549836959,-9.638575980293465,user,squat,heavy
1789040877404,9.056367639270425,1.994968094933778,0.9012680180974304,6.551317241956185,-3.9089753186062426,-5.217483749890245,user,squat,heavy
1789040877420,8.79120980540812,1.8894736573483795,1.1076184198126195,5.9442922903209405,-2.760888821018799,-1.776962611759733,user,squat,heavy
1789040877437,8.969428191486001,1.7969976182248442,1.1771996132999658,5.700593275169002,-1.0988261060762536,5.529594793542678,user,squat,heavy
1789040877454,9.023298313361407,1.7193357018735258,1.3250427348583935,3.4215249946665307,-1.917567285188029,10.175289683952128,user,squat,heavy
1789040877470,8.53488059016764,1.3205514147885142,1.693898405212909,-3.3278954808635266,-3.115077671939919,12.479291783463141,user,squat,heavy
1789040877487,7.969400670081376,0.8315357987668365,1.7694658335030078,-9.973160480749357,-3.5527457352271696,12.609524707915067,user,squat,heavy
1789040877504,7.627029832679033,0.6373061160214245,1.6733983457587658,-16.10824642157179,-4.917675157593473,12.477316151245716,user,squat,heavy
1789040877520,7.238869304004311,0.6655877692624926,1.0857720603160559,-20.761871161607623,-5.532664963574598,15.516975728144,user,squat,heavy
1789040877537,6.569090805053711,0.8553283238951116,0.4116545092478394,-18.61305266758659,-3.073344789224318,15.510369227669306,user,squat,heavy
1789040877554,6.1092550332218405,0.8144771850034594,0.0740714906439185,-10.385511807547719,-2.711680509700031,12.687996751289344,user,squat,heavy
1789040877570,5.664532659369707,0.7396584561888128,-0.05835771561823785,0.1429911575325541,-4.829096568681694,7.454617016766364,user,squat,heavy
1789040877587,5.668273599463701,0.5729620194699615,0.3357878788154572,-0.04112047354718741,-3.048440852293394,5.674980065781454,user,squat,heavy
1789040877604,5.9409133135139935,0.5412389205381274,0.5119113384407014,-2.5549609654204417,1.7735492247220193,3.5701947341224365,user,squat,heavy
1789040877620,6.4480345681339495,1.0253164225704967,0.3537440990056842,3.0864269493624197,-0.6659953641861059,-8.213236736369572,user,squat,heavy
1789040877637,12.631658905902505,2.946663254845887,1.0663191718272864,36.572493797643396,-40.72782720942283,1.1988119646756008,user,squat,heavy
1789040877654,17.342549947467447,4.1389756816037,1.8378502184212206,48.10427783378027,-75.663981851755,52.51653905647349,user,squat,heavy
1789040877670,22.18542252459228,4.866513784148916,4.8885119732063265,12.310242040184388,-69.30259637580441,116.77510220192602,user,squat,heavy
1789040877687,17.59678423625529,2.474107494393282,6.6694990984812375,-77.19164928227674,-24.474026041543485,152.202282558785,user,squat,heavy
1789040877704,13.950864605170487,0.9376288232998922,6.375461280158534,-126.29731481065092,-7.8384821858575435,120.72176308927781,user,squat,heavy
1789040877720,10.68038396835327,-1.2509708058230578,1.7691661564366892,-123.81051123574098,-1.9759636950443453,75.05947595926303,user,squat,heavy
1789040877737,12.230031577411292,-2.044499018561095,-6.023062604412436,-40.65960386489816,-2.307430000700714,44.54551704977185,user,squat,heavy
1789040877754,12.587965310126542,-2.3077115635745225,-7.789833865069225,16.63797028038859,14.360675928079617,39.50911997091204,user,squat,heavy
1789040877770,10.242246233588457,-3.3461966797977682,-6.816441289144568,41.361511670049104,38.46646427335291,32.21141459749567,user,squat,heavy
1789040877787,9.193885181647538,-3.126079618536681,-3.302201982183382,42.84640504089363,49.51851289766102,27.172089075029213,user,squat,heavy
1789040877803,9.18071648799479,-2.57107374619171,-1.6545421079888938,31.939193993030226,50.20784632454997,23.43077099488469,user,squat,heavy
1789040877820,7.092671611565351,-2.397643471173197,1.4167700745064764,18.832322230511508,43.2967125826834,3.5701142659562772,user,squat,heavy
1789040877837,7.473501066699623,-1.7489647511355577,3.089418990137428,6.396304818082276,23.62455029182712,-7.405454168894258,user,squat,heavy
1789040877854,8.909273874774575,-1.0790371991030872,3.2377094170719385,-2.249495268943608,16.375416101146005,3.083710241620047,user,squat,heavy
1789040877870,9.787496971240639,0.11701631387919187,3.654151891248673,-22.694761762755164,24.475634551093023,15.590084365472524,user,squat,heavy
1789040877887,6.843077257537842,0.9305958193905651,6.048203329279273,-63.060158644249604,14.356588059861364,-2.974735000299317,user,squat,heavy
1789040877904,8.379855448150634,0.6117179396480321,2.686295870130509,-58.147968555446475,11.813251862964872,11.218841843839819,user,squat,heavy
1789040877920,10.318112498694658,1.497422916302085,1.5065524175666272,-55.407621528356486,19.574283972502702,25.34825098171739,user,squat,heavy
1789040877937,9.944017904773354,0.35239611846283075,-1.384595286284387,-23.655455190274136,25.1123242949541,40.68893611228877,user,squat,heavy
1789040877954,9.171887284851074,-0.07541764455586672,-0.8559256322011352,-6.324599357741366,11.383747369839668,34.907983527100455,user,squat,heavy
1789040877970,8.049455619049072,-1.453430629840493,0.41150428712218995,0.6714945736024653,6.390385605392813,21.602474495592137,user,squat,heavy
1789040877987,10.005369906836748,-1.8845367124028503,1.0676651796087622,6.826799261750309,0.6149039483688238,27.187940236545522,user,squat,heavy
1789040878004,11.326071397620439,-1.8041811730533837,1.4724353361703455,7.220016240475705,6.959415495335746,44.283937880033285,user,squat,heavy
1789040878020,10.895115683314204,-2.4380466471016407,2.6289839372381567,-5.569641473306932,13.736377854920233,48.92396542097892,user,squat,heavy
1789040878037,9.696068979865313,-3.5389297673098743,3.647417906818539,-28.24555746348156,15.350056150112644,36.93718491818706,user,squat,heavy
1789040878054,9.185205616107583,-3.7410906083807345,3.032557431361079,-29.714690172816283,10.730152907782808,20.840633488021624,user,squat,heavy
1789040878070,8.877848808941245,-4.131045911517739,1.5285494375802575,-19.37074092014174,4.996983472254254,6.6380585099812315,user,squat,heavy
1789040878087,9.205107417407632,-4.129699319214374,1.3195052667364477,-12.063751612096029,1.4984474543655943,4.495046530528357,user,squat,heavy
1789040878104,9.942672335383296,-4.012832789069414,1.728614475415647,-20.994322989630668,6.277592288326046,1.7583092584147224,user,squat,heavy
1789040878120,8.406490941619873,-3.8061828198857603,2.0516823541939258,-27.384887033715547,7.689426967600355,-9.50356192342253,user,squat,heavy
1789040878137,7.980773127967119,-3.607913141034543,1.7633308378793298,-24.246384374243423,2.919132351256947,-21.263886650508972,user,squat,heavy
1789040878154,8.368933072119951,-3.0184906198248265,0.5620397165045142,-1.7687679855813045,-1.1766469336018517,-27.95144098008435,user,squat,heavy
1789040878170,9.249251679560542,-2.163012292999774,0.3428210653878748,12.246109978972553,-1.453486453493516,-25.16783494988609,user,squat,heavy
1789040878187,9.502139814436434,-1.8951609822697937,0.5987016600780188,14.13540860528978,5.457464153925935,-21.04229311571896,user,squat,heavy
1789040878204,9.670180505371093,-1.3415017022281885,1.75375373897776,4.9435722467184,0.12681952407399852,-14.343175275878751,user,squat,heavy
1789040878220,10.41148577891886,-0.8243544358953833,2.108245952937007,-2.750855059684639,0.391696834748245,-4.148488708457434,user,squat,heavy
1789040878237,10.286386988610028,-1.5686512924745677,1.3956712454415856,-4.626067488055773,2.278873833554537,-3.808527568464273,user,squat,heavy
1789040878254,9.873090849635004,-1.5542865209050476,1.7787439494580028,-6.7694547010261745,-7.051494129310334,-3.3507868598668247,user,squat,heavy
1789040878270,9.705196873694657,-1.9704286969609557,1.2461826947636903,-11.972121209285723,-2.029627851022901,-3.645037599169909,user,squat,heavy
1789040878287,9.86949837810099,-2.155680196546018,1.2113178637400268,-18.740432280512742,-1.6344715254600444,-2.8199983453131474,user,squat,heavy
1789040878304,9.681703185382485,-2.3669683469243346,1.1210865348033607,-23.235304641217265,-3.6158543352805603,-9.645732310996346,user,squat,heavy
1789040878319,9.482685756903885,-2.4182940450139343,0.9695033499337732,-22.775679013852304,-6.45003706250912,-12.585826512816062,user,squat,heavy
1789040878337,9.746348383772373,-2.3047191037602723,1.0522529448129236,-24.139964904332746,-4.17600412552883,-14.326417406750126,user,squat,heavy
1789040878354,9.41714448645711,-2.089241100476682,1.479766848102212,-28.219877659749606,-6.350535720454021,-17.115692493959497,user,squat,heavy
1789040878370,9.623194882312417,-1.7217309995122252,2.007090494403988,-30.646908541685473,-7.124888780810353,-16.743423278531708,user,squat,heavy
1789040878387,9.374648576033115,-1.5723925248295068,1.7875719835579393,-26.507950508441148,-7.300685043441787,-17.415244100388747,user,squat,heavy
1789040878404,9.20675343104899,-1.3512281464725733,1.621175260438025,-16.136839300984754,-12.50545823817346,-16.40585654672946,user,squat,heavy
1789040878420,9.402479416766763,-0.9886559403017162,1.9065334401555358,-16.489104599880868,-12.731578480835903,-11.890643028902995,user,squat,heavy
1789040878437,9.623046998274326,-0.9757876909002661,2.454656567249447,-25.96635236575228,-10.561365273013452,-6.664733813784716,user,squat,heavy
1789040878454,9.529670795440673,-0.9618709553591906,2.7876003086801617,-37.64240878018004,-6.1506600527905295,-1.619590357527585,user,squat,heavy
1789040878470,9.456199316516518,-1.2186493756718932,2.2459119638741014,-35.85614014239788,-10.836435773910084,-1.290839799118237,user,squat,heavy
1789040878487,8.999802871483563,-1.316661713873595,1.7148480350654571,-30.53323370332895,-9.4217311345239,-5.751415432122597,user,squat,heavy
1789040878504,8.652795606452226,-1.59588562861979,1.530045082965493,-29.49326910030281,-8.084178604454888,-8.64461014000642,user,squat,heavy
1789040878520,9.251796103346347,-1.783830605072528,1.5652106505014,-31.78636168016202,-3.188182040400212,-6.4914429499182065,user,squat,heavy
1789040878537,9.274389627948402,-1.8169002232424913,1.314417369012907,-32.51425152491569,-0.5661722561880753,-5.6888039417747365,user,squat,heavy
1789040878554,8.838197766554355,-1.9200005322329698,1.1303639201059936,-27.853559246636188,-2.6533611529152883,-12.177855898596615,user,squat,heavy
1789040878570,8.870517150878905,-1.8638862846925854,0.7996647427316754,-21.045593804635367,-5.947689028772553,-14.525858930514497,user,squat,heavy
1789040878587,9.133280198559165,-1.8638861385621128,0.8255516097906976,-14.05364867960379,-10.059855218110682,-16.447448983680253,user,squat,heavy
1789040878604,8.311322010150551,-4.072986375128478,0.030826369287818668,47.2354436204088,-49.49265721655794,-49.83489067511059,user,squat,heavy
1789040878620,7.41170132086873,-4.6755772977299985,2.03881286268346,53.89225868362453,-44.547190446118506,-62.47327463981626,user,squat,heavy
1789040878637,8.955362256732583,-4.212747970105335,2.691083981189877,6.212068576070822,-27.143349346549094,-44.527150671093686,user,squat,heavy
1789040878654,12.530203441509604,-2.21433747963272,5.093664616504311,-38.84451182881853,-20.187860356212457,-19.122897260824068,user,squat,heavy
1789040878670,10.851869246783853,-0.04519077553115785,1.2617454804787411,-53.12737994942066,-4.971263114274101,-5.6868966114490105,user,squat,heavy
1789040878687,10.598532783618568,0.77661865205653,-0.23433186643328516,-33.581755450675324,-9.465311156523166,-3.856650946922067,user,squat,heavy
1789040878704,10.325145466071367,1.6636702940791845,-1.9494770943470299,-8.498532884227359,-9.82357165396326,-1.1663894835723734,user,squat,heavy
1789040878720,10.380960292273759,1.0501561917293816,-2.470515669029951,24.387374846638117,-4.825862900996516,7.593610512602478,user,squat,heavy
1789040878737,10.29072881720662,0.4589380192745477,-2.2906511231802402,41.45803931849431,1.077870765537537,13.77990323540614,user,squat,heavy
1789040878754,9.613169162860512,-0.7709331537660211,-0.3494032567897811,44.18153626890187,4.008580821046185,14.40791010128484,user,squat,heavy
1789040878770,9.088390670996905,-1.527650954370573,1.5096953552348538,33.204302121667496,3.365574646306725,6.986615016158029,user,squat,heavy
1789040878787,9.135224902886153,-1.6431705268859862,2.042104853433557,20.740678792160367,-0.9438273425806848,2.380150384463605,user,squat,heavy
1789040878804,10.184934446826576,-1.2135616971440613,2.035221742856316,10.884400777356499,-4.560755511664818,5.4129565068600165,user,squat,heavy
1789040878820,10.583569023242593,-1.0435734523382036,1.1754043273810297,5.902039459454772,-4.115504871181796,12.048951445938258,user,squat,heavy
1789040878837,10.175955021557211,-1.1332060116641223,0.9917986587742343,6.11158923630394,-7.11771580152137,11.395157200848175,user,squat,heavy
1789040878854,9.44228301936686,-1.5165775524966418,0.7023995696354657,6.089616090857186,-6.844889444653911,7.5659755672206055,user,squat,heavy
1789040878870,9.250147167095541,-1.5861590382449329,0.4194354089150205,5.596878987056473,-7.272349149896343,1.8673715846473704,user,squat,heavy
1789040878887,9.316288157001138,-1.5737389710024,0.14859079812057316,6.1652698274251865,-4.077494014677028,-1.0305863264088908,user,squat,heavy
1789040878904,9.714173960876463,-1.2903252033509314,0.5045792419869453,5.667085647761389,-7.657327639822234,-0.011711173084993445,user,squat,heavy
1789040878920,9.842563609424232,-1.152808683887124,1.5635649291209877,-4.3562916644263705,-7.906749072838174,0.8710869484979598,user,squat,heavy
1789040878937,10.056395160675049,-0.9584295827336609,1.6364373096408322,-9.782133750042439,-8.887186015926716,4.347591710971067,user,squat,heavy
1789040878954,10.037990319934487,-0.8857057073064147,0.6820492939155548,-8.843534276941165,-6.823358553955915,5.55281444851296,user,squat,heavy
1789040878970,9.656415014868974,-1.1022311738163233,-0.6682808442713692,1.9808361812435031,-5.239665216106684,5.358475076058586,user,squat,heavy
1789040878987,9.284565569525956,-1.3072346909672021,-1.1906659381924196,15.724592988344877,-6.959316030705958,-0.383848627226783,user,squat,heavy
1789040879004,9.151237880054115,-1.347337861035764,-1.2699728818044065,26.497527639767707,-7.800792348243767,-3.325849839207108,user,squat,heavy
