epoch_ms,acc_x,acc_y,acc_z,gyro_x,gyro_y,gyro_z,participant,label,category
1789154997566,-2.8636154076725244,-6.912659327808022,-2.8209666447743773,41.548272947619346,-50.9260202252093,17.13940691075778,user,row,heavy
1789154997582,-2.1597204118475317,-6.784869398719072,-2.004394533318281,62.01037905938615,-68.90107687525605,34.63833790395211,user,row,heavy
1789154997599,-3.579631341663003,-6.499809179034829,-0.7121238949880003,61.35098576672395,-50.85700116364632,44.994448308443864,user,row,heavy
1789154997615,-3.943251011060178,-6.4682362291634075,0.5342077067270875,51.67040156171397,-40.14946045088449,50.62066637308013,user,row,heavy
1789154997632,-3.5878617021307346,-6.145019005042315,0.7673430933848023,47.16445063417569,-39.637329451822346,59.05402729979451,user,row,heavy
1789154997649,-3.4225124422371387,-5.440375528937578,0.6106725222483277,60.21662111917907,-60.61799718575487,66.67286426232279,user,row,heavy
1789154997665,-3.4189205552250144,-4.926669050708413,-0.04833119244873523,87.93725122418847,-91.82850561699311,69.8820491344208,user,row,heavy
1789154997682,-3.206884655219316,-4.52579049475789,-0.6697761608630418,123.48225234423016,-109.17769837301324,79.21033901223069,user,row,heavy
1789154997698,-3.33243002025187,-3.85571330512166,-1.4024023072622716,159.11410614975773,-101.98801585641522,94.79358635834403,user,row,heavy
1789154997715,-3.952229559546709,-3.7967555047184227,0.19916911190897224,160.0775589737014,-90.4848912940357,104.36042742310579,user,row,heavy
1789154997732,-4.564995546942949,-4.3167461777836085,1.6047153432201593,131.05103085033141,-77.02279334561568,110.2519846766187,user,row,heavy
1789154997749,-5.720497123175859,-5.078551218524575,3.4635136388576586,86.48081583652079,-72.69215971369329,114.42008712705147,user,row,heavy
1789154997765,-5.651813463050127,-4.740670093756914,0.6655897511570248,97.54053134817224,-82.84621946215772,120.75584573323617,user,row,heavy
1789154997782,-5.835418218341469,-4.38587875072062,-1.3703791659379376,149.83590887932073,-95.15903562988555,123.15799594357298,user,row,heavy
1789154997799,-6.763919549670815,-3.647416591644287,-3.0762478853318838,224.36125038511042,-104.16341061649676,119.25567664431291,user,row,heavy
1789154997815,-7.435493699866533,-4.0345296570926905,0.16909253807514904,235.96675265295923,-98.35132944416611,115.92490757479952,user,row,heavy
1789154997832,-7.774871785193681,-4.541203167945146,2.0450990302808583,206.6594900943234,-76.38139077122729,109.6236141031667,user,row,heavy
1789154997849,-8.616882581549882,-4.962432438006997,5.724238647791743,121.5378887328243,-31.110439329708388,105.4479779540794,user,row,heavy
1789154997865,-8.557327984297276,-4.885519294196367,4.8259646969437595,89.41529050020088,-21.471886401303372,105.15276351777311,user,row,heavy
1789154997882,-8.798542632514238,-4.629039856830239,3.059941112849116,104.97741207121138,-33.99165217824072,97.70411437879405,user,row,heavy
1789154997899,-9.619154667010903,-4.455908857019246,0.8668523921459913,156.08681604544634,-53.84559141612042,82.87960542682075,user,row,heavy
1789154997915,-9.565884264594317,-4.365228469140828,1.7405866527602076,180.4195425485352,-58.37120645827917,72.68958473237619,user,row,heavy
1789154997932,-9.75487597362101,-4.397100694219768,3.1184502927020192,166.96468460063537,-44.81717416363077,63.23387767559971,user,row,heavy
1789154997949,-9.764753809034824,-4.729596326556802,6.7917541897967455,95.10420970141787,-9.572633918951578,59.895964228214474,user,row,heavy
1789154997965,-10.007463664245606,-5.167734061321616,7.32206898073852,47.34975708145272,4.541299290927213,55.81857352014865,user,row,heavy
1789154997982,-10.115504352247715,-5.0466781166628,6.535125991609692,29.23174115698302,-0.5720697510104111,48.40785242163066,user,row,heavy
1789154997999,-9.732729608264565,-4.185213847295939,3.997869905476272,49.9967422527778,-12.407935089656727,43.18071548000907,user,row,heavy
1789154998015,-9.523087325397134,-3.663277885381877,2.8010686428666114,76.39708654593998,-24.46217566333351,39.42472956862195,user,row,heavy
1789154998032,-9.644892919379473,-3.490147470092773,3.1513702732682227,93.75791111411665,-31.226395451247694,34.08311524141636,user,row,heavy
1789154998049,-9.803809223616122,-3.144784172876179,3.7258299108847974,95.41606930873148,-23.32955954421615,28.100467170037565,user,row,heavy
1789154998065,-9.21827786462605,-2.5125654431216415,5.131375923000276,81.33398825916022,-19.642693439682258,27.67741037548885,user,row,heavy
1789154998082,-8.971224427253008,-2.3856720244809986,5.507713035151362,63.094596458044805,-16.201126749000206,31.02543079529841,user,row,heavy
1789154998099,-9.172486419788003,-2.3039700389586386,5.418530192354321,42.580604814248,-2.3712066786322965,36.00520560593882,user,row,heavy
1789154998115,-9.508723869001864,-2.4356514225281773,5.180156905043125,33.64493470049795,4.9227756013561805,37.47456712661074,user,row,heavy
1789154998132,-9.849148248511552,-2.3912089080810546,5.321713493677973,28.73254995130347,6.400635158016064,35.27841542164151,user,row,heavy
1789154998149,-10.460718304121494,-2.7172691005431115,5.49020602003336,27.403159497292624,3.39154387930476,30.287818176261222,user,row,heavy
1789154998165,-10.759992342597245,-2.7301379344664514,5.424216421297192,27.576559217299028,4.857117419751671,21.532420660369905,user,row,heavy
1789154998182,-10.457575914442538,-2.55865324055776,5.411048312166333,26.03382438946825,7.573653553621346,19.950195386305403,user,row,heavy
1789154998199,-10.050411994612217,-2.3862707210265097,5.367653407076001,23.114543481596854,9.20084452431298,16.974799351760474,user,row,heavy
1789154998215,-9.833884043884277,-1.827074776580557,5.834222871077061,13.308769593063355,10.480496687014147,12.619969774703309,user,row,heavy
1789154998232,-9.381379345592856,-1.6072572097226976,5.741745662909746,8.44054457817395,8.586682451881897,15.18730640256958,user,row,heavy
1789154998249,-9.024345192065834,-1.4001586199887095,5.337425442072749,7.000571653953304,5.7786537996457845,18.815443125525114,user,row,heavy
1789154998265,-9.808146376037596,-1.6626230500485748,5.051767256495356,7.175303260847863,2.801641358145092,12.043658049331498,user,row,heavy
1789154998282,-9.935788421088457,-1.7389384471617637,5.058650586268305,3.407369214168268,2.2618235469520696,4.727272535421967,user,row,heavy
1789154998299,-9.306563466322421,-1.5420154336791485,5.179708576753735,-3.2938747354945166,4.380327953889291,1.7948136313206788,user,row,heavy
1789154998315,-8.540718210279941,-1.0146925180297344,4.7988814597070215,-4.986045778072125,4.430267735779486,5.1302063120153525,user,row,heavy
1789154998332,-8.416517830115556,-0.7785642331663518,4.453666338789462,1.4469678917043851,2.94593849587172,8.417026529314303,user,row,heavy
1789154998349,-8.413225218310952,-0.6304229323789476,4.247016223475336,9.27033060006046,1.3840248170166614,11.35411630167286,user,row,heavy
1789154998365,-8.537125154224038,-0.6684308106686919,4.686352228114009,13.068275217292621,-0.37196012268742046,15.511969199482381,user,row,heavy
1789154998382,-8.783131128370762,-0.8001120481077582,4.8545454792618745,11.166094854200749,-0.4679457582693881,16.333982466093417,user,row,heavy
1789154998399,-9.289802885657549,-0.8406636925961822,5.0424903095841405,9.324928570964602,0.09373812314895663,14.667914912419715,user,row,heavy
1789154998415,-9.23772783050537,-0.7372641083981841,5.097257088038325,6.6265790964205555,-0.23342558354702034,13.410179119217826,user,row,heavy
1789154998432,-9.296235549053549,-0.5491695674069226,5.122395620948076,5.109474126563425,-1.6740078620272516,12.787849848086699,user,row,heavy
1789154998449,-8.70756413847208,-0.07182586714159697,5.008822433260083,5.214196294465353,-4.659704462170793,18.090637111181703,user,row,heavy
1789154998465,-9.320478009906411,-0.39175099091473964,4.67318411898315,8.159537789114932,-3.1858422737226593,17.783748174036567,user,row,heavy
1789154998482,-9.687091892683505,-0.5430346083158627,4.711941427400708,10.511621859061895,-4.2309359219286575,11.34385991886044,user,row,heavy
1789154998499,-9.744552732527255,-0.42407274985946714,5.1818029186844825,8.977225838434055,-3.881103024150713,6.550341805565342,user,row,heavy
1789154998515,-9.23084683881998,-0.27892416461464015,5.632661603334546,0.9727541542110408,-3.5013052327102763,5.176397173824856,user,row,heavy
1789154998532,-9.1932866312325,-0.1216551161283627,5.8032484716206785,-4.346276472669016,-7.128487436729303,2.3280543972298022,user,row,heavy
1789154998549,-8.877253765657544,0.11073208251055329,5.498886754617095,-6.8470132065989615,-8.495219388706255,0.615498174826615,user,row,heavy
1789154998565,-8.574387255647778,0.07032981989756226,5.096958981874585,-6.911140145168919,-3.3388026526378023,2.461677443387581,user,row,heavy
1789154998582,-8.527548347583412,0.16564915615562348,4.868909520179033,-6.7492915557094735,0.9123145572975385,3.101537675684015,user,row,heavy
1789154998599,-8.863335130420326,0.22340941733736544,4.785712181532383,-4.7582969621794575,1.7272963576014564,3.192495731747898,user,row,heavy
1789154998615,-8.940399080878496,0.17148491310440003,4.686353397157788,1.079291338163194,-0.6081902459406715,3.347162804181898,user,row,heavy
1789154998632,-8.961198707801103,0.20739790147412568,4.693685055220127,7.721091724592534,-4.289357944994362,4.389520961625306,user,row,heavy
1789154998649,-9.314793534529208,0.25004461854565885,4.796037760713697,13.91800453778192,-5.312627004368053,4.39990626425831,user,row,heavy
1789154998665,-9.380484442579746,0.2753334831789136,4.898091190999746,17.03283205404349,-2.8544747923658447,4.707081642461763,user,row,heavy
1789154998682,-9.006237872967123,0.19033932424336672,5.249437362018227,17.32216740502169,-1.2299682994614372,8.258047046193086,user,row,heavy
1789154998699,-9.043051646101475,-0.12135565825775264,5.4367859800130125,18.511298216879034,-5.928835145342379,7.98611416344643,user,row,heavy
1789154998716,-8.98349412623942,-0.12135573132298887,5.634305863410234,17.450066112324762,-10.724962817787244,9.217162700013787,user,row,heavy
1789154998732,-8.864682453376055,-0.354790320122987,5.828836501863599,5.5274249278207295,-9.847414136808483,10.424248371651801,user,row,heavy
1789154998749,-9.041851622661948,-0.5376476363142021,5.783195279151201,-6.080450830764676,-5.984319760178154,6.116165889934672,user,row,heavy
1789154998766,-8.926483952772617,-0.5581479332303628,5.658250218099355,-15.76536067995339,-4.0268054732990715,0.2551527621423747,user,row,heavy
1789154998782,-8.33735895320475,-0.4317040667218156,4.814741292139887,-15.290655702448335,-4.9442168458213205,-7.070856008060027,user,row,heavy
1789154998799,-6.980746775606274,0.27922407914297653,4.050692856386304,-7.313558242479968,-5.719031370833451,-3.112373984245652,user,row,heavy
1789154998815,-6.476615934973955,0.39160210222965103,3.7349563434094186,3.9362286271682394,-6.00171539822053,4.730094257322828,user,row,heavy
1789154998832,-6.874204217207431,0.07766233647642656,3.6966497013688087,15.277212182614457,-4.447808088454902,9.378271494608756,user,row,heavy
1789154998849,-7.709778258514404,-0.3990831056348048,4.407129044020175,17.02607358185976,-5.2694614894740415,7.808203957266877,user,row,heavy
1789154998865,-7.911789023590088,-0.5137055009816307,4.891056470057368,12.749913269889156,-4.716695133718556,7.293980358997773,user,row,heavy
1789154998882,-7.889941933441162,-0.8664012051792349,5.2863996037125585,2.3752352095821347,-3.1198355390270676,6.795110599096035,user,row,heavy
1789154998899,-8.360851472473144,-0.9904510389909846,5.446062342402339,-4.122157048546565,-3.6024552116762876,2.284362317439465,user,row,heavy
1789154998915,-8.346335455864667,-0.8201632267166628,5.417779081726074,-11.100963024049154,-2.4846574014066776,0.7750239663597269,user,row,heavy
1789154998932,-8.085817556762695,-0.7003036476689856,4.999843007990718,-14.815254045647938,-0.19833329889111131,0.9939303019590191,user,row,heavy
1789154998948,-8.41442231914103,-0.6838434747227933,4.18102604021728,-6.361609591532726,-1.8869842594056505,-1.4485006288428182,user,row,heavy
1789154998965,-8.421754561725258,-0.728884311256092,3.8857910479992626,7.214239607985166,-5.031233882734106,-3.480258004782882,user,row,heavy
1789154998982,-8.679881181776523,-0.6437406608472578,4.237590808004141,12.562228209233668,2.6985793530983,-6.235604554177039,user,row,heavy
1789154998999,-8.762479385486245,-0.5526113966901787,4.944925422888994,10.653665888136066,5.1218474411317265,-8.298580803822528,user,row,heavy
1789154999015,-8.684518193927406,-0.3784331711148843,5.175217695075273,7.795389668610286,5.9476378023537775,-7.900570312960252,user,row,heavy
1789154999032,-8.706367622163892,-0.20111264719218014,5.141551572316884,8.943901345473563,4.022052088523566,-7.8314889259210965,user,row,heavy
1789154999049,-8.736143167224526,-0.0267846652821172,4.899286538264155,12.001867536894775,2.416446863486699,-6.755644485411231,user,row,heavy
1789154999065,-8.690504282599687,0.04938068323535844,4.910658996149897,14.610116144115775,3.0089416548797985,-4.724660841838084,user,row,heavy
1789154999082,-8.804977049475907,0.009577235898887738,4.986227155092358,11.53330289945356,11.23820201504222,-3.2830452571220494,user,row,heavy
1789154999099,-9.050832801496982,-0.264110087508196,5.2585687629789115,8.194540801063955,12.15444713276369,-7.18154946884384,user,row,heavy
1789154999115,-8.924236466106771,-0.2353795671216212,5.407606062757969,7.113166468647318,6.826657962211854,-9.700974027229762,user,row,heavy
1789154999132,-8.51034060767293,-0.20440466534174045,5.395934329664707,4.674108904243527,1.2254220615168532,-11.897077920874793,user,row,heavy
1789154999149,-7.980324215155839,0.12000976007413118,5.379175502565503,-0.5185178129054848,1.3858863637306071,-10.558144838819791,user,row,heavy
1789154999165,-7.761103372082114,0.14260496517661958,5.171626392585039,-5.539955336739941,2.589108709619332,-8.536880981322394,user,row,heavy
1789154999182,-7.674314730945229,0.30570993500845506,4.81953086450398,-9.113504334075088,5.510062586950557,-6.9967138777327165,user,row,heavy
1789154999199,-7.606527142876386,0.17612373361987993,4.189705021235347,-4.407891609171702,4.341376665713178,-6.725839674307411,user,row,heavy
1789154999215,-7.562983184704184,0.09098013800997287,4.006398956629634,3.6653352138358946,1.8913948540621863,-6.843469619080195,user,row,heavy
1789154999232,-7.229743163740634,0.2168252714403905,4.1313469402909275,9.647860768696452,0.2501693120496306,-5.254204981302349,user,row,heavy
1789154999249,-7.282116325056553,0.12060831048917024,4.630537986433506,8.0254910577852,1.3005552096040511,-4.004105766479357,user,row,heavy
1789154999265,-7.38012661743164,0.1333276346729137,4.809952304297686,4.4504624707210985,2.0474887957024843,-4.623771690721002,user,row,heavy
1789154999282,-7.197567571800946,0.20081413916964083,4.732739885279536,5.196100135146227,-0.27595530387883854,-4.142568641994325,user,row,heavy
1789154999299,-7.103297634997963,0.15607225818345322,4.757130814692378,6.608134597453759,-2.4444587499333905,-1.1468960169594513,user,row,heavy
1789154999315,-7.269094930920004,0.0664395709933713,4.986375039130449,2.6202349488841383,-3.5940557865444647,-1.0151363317846163,user,row,heavy
1789154999332,-7.745095071089267,0.060154572439752516,5.309444379213452,-3.9432906158832095,-4.295651110540882,-0.13391879868492598,user,row,heavy
1789154999349,-8.018032891303301,-0.10639208054486661,5.158758143183588,-12.426672006097364,-5.029861441597756,3.3510989141345293,user,row,heavy
1789154999365,-8.461107497948408,-0.2576756431470625,4.9720086601257325,-14.562321895398611,-4.449908371624681,1.783498249021789,user,row,heavy
1789154999382,-8.927229802703858,-0.33099806898934764,4.532075858637691,-12.379528332898643,-4.540699514940722,-0.21982039366909706,user,row,heavy
1789154999399,-9.16171309683919,-0.056413011291250585,4.230407618501782,-3.80783473115034,-6.696607318433403,-1.9010422828214177,user,row,heavy
1789154999415,-9.151538908827304,0.10310063778404145,4.13598629052937,1.8885306569224238,-3.6037879523380867,0.3660630013910549,user,row,heavy
1789154999432,-9.37838834708333,0.1993175987352617,4.4870361089497806,3.2916613273166093,0.1281536387777592,2.941440602859855,user,row,heavy
1789154999449,-9.83897172241211,0.22400791295347733,4.894348497340083,1.308724329294798,4.379250918434545,3.8763432360728602,user,row,heavy
1789154999465,-9.900623584204912,0.2409169439120218,4.999843007990718,1.4924975058248668,5.649042849295154,4.791644933915221,user,row,heavy
1789154999482,-9.717317519599199,0.15996301854429765,4.979492878401279,4.419286072254575,4.460493030404085,6.694939044728628,user,row,heavy
1789154999499,-10.113559063398837,-0.0276827009672299,4.965577165773511,10.482032625803754,6.857330634227089,5.030322479366732,user,row,heavy
1789154999515,-10.327391199171542,-0.14604602727489546,5.15067946614623,15.560248391630616,2.9361576649802617,2.226947320389515,user,row,heavy
1789154999531,-10.592847139197588,-0.2497448136151768,5.786189200270176,15.8509771011995,-0.8682041284205383,1.178911995085357,user,row,heavy
1789154999549,-11.17927515476644,-0.23897085134554652,6.2559004694283,4.40072972894012,4.853331360517369,-1.6280802826659109,user,row,heavy
1789154999565,-11.334150659179686,-0.18869268954750149,6.30109102576375,-3.3319647795049736,7.828504987027447,-5.447013537608992,user,row,heavy
1789154999582,-10.7513121925354,0.17343032981744036,5.783045641547441,-1.2034880829361208,7.727519786375162,-4.279253533890974,user,row,heavy
1789154999599,-10.644921025305985,0.4924577192995697,5.326352843916416,9.930575958821619,5.564439430480321,-0.7275785375379094,user,row,heavy
1789154999615,-10.781390519934892,0.3699045035540126,5.168635394075513,20.155857504856364,0.9992232716789559,-0.5715421722578805,user,row,heavy
1789154999632,-11.819425408172608,-0.09112884403197094,5.07481144747436,25.758504586666913,1.0310250593413584,-9.15960469587809,user,row,heavy
1789154999649,-11.489027917158603,-0.19497751457118428,4.994159117135405,27.81387755510571,4.1248489968531965,-17.354195869587173,user,row,heavy
1789154999665,-10.891375327742098,-0.012569229922257364,4.830903322389721,29.902896035395983,6.655104100828644,-14.042057848582276,user,row,heavy
1789154999682,-10.831966276440024,0.5407907749118283,4.666898755103349,34.05774791883893,6.606958097369224,-12.365827827197243,user,row,heavy
1789154999699,-12.246942380201816,0.6099231925852131,5.115064547407627,31.71486667502491,1.179769503991311,-24.894407109484845,user,row,heavy
1789154999715,-12.763641025984287,0.5105638054224196,5.529261434614658,17.733758019501245,4.29242512681852,-39.1656297575521,user,row,heavy
1789154999732,-10.931625505065917,1.0586866128559225,5.462970807105303,3.738330299269467,10.532056931284927,-37.20428288077499,user,row,heavy
1789154999749,-10.162190115576982,1.2916720513826236,5.350743773329258,-2.2420300856241955,-0.12868229808756085,-29.869687655651383,user,row,heavy
1789154999765,-10.1068224486202,1.1893201130740343,5.281160534015298,-7.880440891702578,-11.127412931610028,-29.70547283253135,user,row,heavy
1789154999782,-9.670780224829912,1.0583869540559128,5.348199349543452,-17.561092544830615,-12.105851190592695,-28.21162166859035,user,row,heavy
1789154999799,-9.275137231445312,0.8390184096071869,5.219661232435703,-22.89556420171166,-12.670915301948789,-24.350660872302008,user,row,heavy
1789154999815,-8.574684192767739,0.8050506004884839,4.910658996149897,-25.11645143676008,-11.10099119857948,-17.125792636194653,user,row,heavy
1789154999832,-8.53518044989705,0.374543141406402,4.85798714414835,-29.156243660992285,-8.678469095269467,-13.288101440634895,user,row,heavy
1789154999849,-8.604311853790282,0.20126301544830202,5.033061971503495,-33.75342542527443,-9.51259314105258,-13.23318074329247,user,row,heavy
1789154999865,-8.128616249525546,-0.11791421256698667,5.1276352751672265,-32.30141600018893,-22.17892709361558,-11.844321539725614,user,row,heavy
1789154999882,-8.098090762880444,-0.4574421546936035,4.7325920012414455,-31.908710858764458,-22.048508046508775,-11.188613134120635,user,row,heavy
1789154999899,-7.832034518873691,-0.5066729263305664,4.9115579908162355,-35.20787664298821,-22.68388468650192,-5.249633450313494,user,row,heavy
1789154999915,-7.31009680339396,-0.9473553771421312,5.171327701899409,-38.95719970483999,-20.150149174257525,4.2157600953665355,user,row,heavy
1789154999932,-8.46499924468994,-1.7064666487544775,5.1797068231880665,-38.729225065817886,-22.45645133997154,1.3413881081747974,user,row,heavy
1789154999949,-8.792856403571367,-2.004395483166352,5.407007512342929,-40.9299564126256,-24.39136026201882,-6.306770002686695,user,row,heavy
1789154999965,-8.079982859259843,-2.11647397531718,5.333086536085605,-44.097173187368455,-20.80989422166198,-3.2678171369240947,user,row,heavy
1789154999982,-6.776490861952304,-1.9357118961058555,4.790501753896475,-39.8037026147201,-22.329473000659124,6.285126413867394,user,row,heavy
1789154999999,-6.832604963362217,-2.003049110058695,4.654181312349438,-35.93431507254326,-23.08095261125873,9.844635957363579,user,row,heavy
1789155000015,-7.344812142944336,-1.912817196600139,4.791248188349605,-33.65482481441612,-21.69395975688258,8.784403621749071,user,row,heavy
1789155000032,-6.2143023846268655,-1.686715069580078,4.736781854146718,-31.405110765975664,-23.742854290893618,15.135519908282543,user,row,heavy
1789155000049,-6.016631694582104,-1.6527474796570836,4.667050730794668,-28.284066070022092,-22.019549751975212,22.49131091794799,user,row,heavy
1789155000065,-6.861185161158442,-1.786224076080322,4.6342789265275,-26.723685448470583,-11.232479170291395,20.496832501054445,user,row,heavy
1789155000082,-7.239170332777499,-1.7815853103637693,4.966924488729238,-24.208417060194613,-8.702675285687992,17.534203797615568,user,row,heavy
1789155000099,-6.638972150531411,-1.75105880080536,5.045332839533686,-18.02286968178413,-19.261970157609284,23.163994051187746,user,row,heavy
1789155000115,-5.939117662268877,-1.5688003455564379,5.287746342146396,-15.46280549783663,-21.669384736248876,30.25109566418865,user,row,heavy
1789155000132,-6.291066475355625,-1.108964281463623,5.586424168294668,-19.45412216198196,-17.86597682145435,32.90125004328862,user,row,heavy
1789155000149,-6.00720277197957,-1.0099038955137134,5.638197610151767,-22.80957895025037,-15.595574130017923,36.985890997158414,user,row,heavy
1789155000165,-6.251710616523027,-1.0803833530150353,5.402817659437656,-25.9191079472633,-11.773390025195031,36.41202191818853,user,row,heavy
1789155000182,-6.642114540210366,-1.0090059237606823,5.161003291761875,-24.0687516444989,-12.652088739275294,34.57879914495711,user,row,heavy
1789155000199,-6.403145040571689,-0.8840588168822229,5.120452085664868,-19.510462684898105,-17.106755191430537,37.19237103086249,user,row,heavy
1789155000215,-5.951386192211508,-1.1225807919491082,5.205145215827226,-18.858193279540224,-21.63878719631451,40.10049823981925,user,row,heavy
1789155000232,-6.027852176776528,-1.0428240952756256,5.432744595667719,-23.367977650750177,-21.534848792619844,40.32719221837198,user,row,heavy
1789155000249,-5.75162291380167,-1.0872669019836931,5.223851669862866,-26.40755526537842,-19.714833897695932,41.71177060087653,user,row,heavy
1789155000265,-6.013637773463129,-1.1501145494323224,4.691441660207509,-27.66619520487169,-13.744120728118089,38.188478989227974,user,row,heavy
1789155000282,-6.175097332441807,-1.336413219982758,4.267368691152334,-24.156717650819495,-12.305940728554573,35.4393380935816,user,row,heavy
1789155000299,-5.973085982844233,-1.445499252319336,4.128654047945141,-18.778879415350744,-14.53354118578347,35.239678003763785,user,row,heavy
1789155000315,-5.65615178451538,-1.483506765282899,4.229808483564853,-16.949498623527454,-12.503265747449888,35.24589006081391,user,row,heavy
1789155000332,-5.7258852459549905,-1.7925088554382322,4.216940818685293,-19.82898343419977,-3.244177638763269,31.414375917584785,user,row,heavy
1789155000349,-5.663784471350908,-1.8691230893675237,4.123716007021069,-20.771295115114945,4.963956946296303,28.255731030250296,user,row,heavy
1789155000365,-6.041769642969966,-2.0410566960874945,3.6965006482869383,-17.664569910756306,12.302733954739251,23.087402017382516,user,row,heavy
1789155000382,-6.763021139526367,-1.8266258637692778,3.752313720923662,-6.119638614240801,14.889023503778661,13.720807584933544,user,row,heavy
1789155000399,-7.004984560284018,-1.8197426070615648,3.9680917300671337,3.794454390566285,13.835022862008143,7.8604250223398555,user,row,heavy
1789155000415,-7.595158192121982,-1.9961654149595647,4.736332356813549,10.803855771569124,13.17836335256124,2.8969954947135244,user,row,heavy
1789155000432,-8.023869926893711,-2.191442487866059,5.645680074861645,13.841973433262277,11.703561586215406,-3.0768881632996736,user,row,heavy
1789155000449,-8.288579432466626,-2.115426585156098,5.9609670905053616,11.362422665477242,13.125884447847094,-8.362548086720635,user,row,heavy
1789155000465,-8.169165117534995,-1.9301753047667443,6.411374524256587,6.211084601943517,13.770159116781471,-11.751176542466858,user,row,heavy
1789155000482,-7.878421591517329,-1.6002244615416974,6.659025927522778,-1.7779029367093735,12.198942400111738,-13.29486759678144,user,row,heavy
1789155000499,-7.772925911822915,-1.4607620687071232,6.5696911090344186,-6.146585844950617,10.817701418790385,-11.06026363433234,user,row,heavy
1789155000515,-8.193556631469725,-1.1001352244503795,6.363491075575351,-8.535488476505359,10.899980438853298,-9.936607869632386,user,row,heavy
1789155000532,-8.399607027325034,-0.9264061856810003,5.845744382044673,-4.645700866824974,10.636317207644234,-13.59965112811492,user,row,heavy
1789155000549,-7.9592258975476025,-0.9085994569640606,5.836917516988516,-2.0770965985374317,7.806583494886291,-16.21063095723028,user,row,heavy
1789155000565,-6.546495526885986,-1.1439790423519909,5.9669496720463036,-3.0052561274923417,6.17259862040461,-15.67341950353585,user,row,heavy
1789155000582,-5.796212581634522,-1.267879051330313,6.004958792445064,-8.586190678261655,10.967243288025937,-13.151090407205379,user,row,heavy
1789155000599,-5.919065638843178,-1.1954545241758228,5.857116255408525,-6.816934334154695,12.263782239676315,-15.708021241871135,user,row,heavy
1789155000615,-5.807884314727783,-1.0815802346494048,5.595400670954585,0.4776503898629184,9.82387474360768,-18.55294871043777,user,row,heavy
1789155000632,-5.12628619864583,-1.535880291924998,5.8957245107442136,8.528737688284448,4.71708488138807,-24.4898754955125,user,row,heavy
1789155000649,-4.412216722548008,-1.8507179563660174,6.202781458181143,6.499319865578524,3.021659040227539,-23.702325655906055,user,row,heavy
1789155000665,-4.118627743971348,-2.41964005279541,6.566400250795483,0.858234346748994,2.2419447082595703,-21.7956322453201,user,row,heavy
1789155000682,-4.805464345228672,-2.2301989195007828,6.218942903909086,-3.3656585295674692,5.629450878547795,-17.88688915314564,user,row,heavy
1789155000699,-5.359270778656006,-2.6191065402157605,6.188264857050776,-6.274136212606019,5.267329616679351,-21.934419981707467,user,row,heavy
1789155000715,-6.380849037611484,-3.445854885510355,6.623861090639233,-14.528707119398392,5.7609802582815535,-30.596143160679354,user,row,heavy
1789155000732,-5.730222398376465,-3.5432685271665454,5.466861969324946,-18.198786326499686,7.907972530473253,-35.920210731907176,user,row,heavy
1789155000749,-5.791874260169267,-3.3186626300536095,4.322434744814038,-0.560145628101744,3.9540174279747147,-40.50909381634776,user,row,heavy
1789155000765,-6.21863953704834,-2.4744071235105394,2.766950684687495,27.830724216693543,-3.9306351291248225,-41.1612334481114,user,row,heavy
1789155000782,-6.47257747323811,-2.091036313330382,2.9909599310815334,56.79106609945882,-10.182472481638042,-32.318358284425145,user,row,heavy
1789155000799,-6.8813874067097895,-1.876904756219685,4.19958285664916,50.732138475429316,-0.24916863597537084,-27.525221807949922,user,row,heavy
1789155000815,-7.511361134016513,-2.353350594329834,5.935079200533032,39.24474383870835,3.7532077319422243,-26.233207856624677,user,row,heavy
1789155000832,-7.4785881607055655,-2.177974884331971,6.09040186419189,32.406320875651154,2.3201721454841957,-24.673699791739637,user,row,heavy
1789155000849,-7.427264800703525,-1.8347066596984862,5.077357040303945,45.3758870528324,-2.196253730919947,-28.487894282780907,user,row,heavy
1789155000865,-7.006631742969155,-1.3139676524840294,4.718673366004229,62.477256640102375,-12.971073941440523,-24.989316003096757,user,row,heavy
1789155000882,-6.742520787811279,-1.2391485583432018,4.942681443354487,69.12271651382297,-12.197697598135502,-15.845500997032444,user,row,heavy
1789155000899,-7.3738412535518405,-1.27221846877411,6.113745330378413,49.42310198514511,4.908417689947168,-7.06018341059506,user,row,heavy
1789155000915,-8.9631428276062,-1.3715778376705943,6.787563460108637,31.854803590740133,13.46976739708431,-7.733317763206857,user,row,heavy
1789155000932,-9.55062122901082,-1.561618032836914,6.4962196301102635,29.669300150686965,10.740757630242898,-11.184468063068083,user,row,heavy
1789155000949,-8.987683979144691,-1.5304929728634655,5.340120087984204,43.167102912993236,2.994583530027374,-7.439083459046462,user,row,heavy
1789155000965,-8.869319465526939,-1.5114889971859753,5.053862182947993,51.626206822689404,2.750145146897781,-6.128806008767428,user,row,heavy
1789155000982,-9.335291548156738,-1.527200799450278,5.213974418970942,56.87373529407807,-3.382453751293119,-11.299368066606977,user,row,heavy
1789155000999,-9.921873292982578,-1.772756545611471,5.772123850038647,48.564383281934425,-6.119704354811562,-17.086536123940007,user,row,heavy
1789155001015,-9.366418507826328,-1.3570633554320781,5.984609831899404,37.99961059829879,-1.244160792226489,-13.136989481663887,user,row,heavy
1789155001032,-8.992322160339356,-1.0196303397580981,5.812075921198725,31.379019443346216,4.166635667308511,-6.987889700211883,user,row,heavy
1789155001049,-8.865430056872963,-0.8095389248836785,5.697603154322505,27.999487945800805,1.7985538002214954,-6.3179745011332775,user,row,heavy
1789155001065,-8.70801305128336,-0.6090249742370099,5.892582121065258,24.076421946936826,-1.5185448591115336,-5.881230861261506,user,row,heavy
1789155001083,-8.30488817771077,-0.5433338469907641,5.7475832830220455,21.560675445418955,-2.7475488212395294,-1.6786856878350642,user,row,heavy
1789155001099,-8.189219479048251,-0.26500790399760005,5.4927504438191646,17.658808646191403,2.190700573681315,3.9630089451302135,user,row,heavy
1789155001115,-8.738089040595293,-0.17043693842142818,4.940138188612461,17.579960942412775,9.22148535598476,5.970881362986154,user,row,heavy
1789155001132,-8.77190655452311,-0.012569120324403047,4.711790620753169,23.399007200149544,10.919614671396145,8.537346287959602,user,row,heavy
1789155001149,-9.20540610809326,-0.17178345765955746,4.523547099745273,33.60274462199477,5.503501763365937,5.537063178513264,user,row,heavy
1789155001165,-9.800963186535238,-0.5755059317991137,5.142447059851884,37.138279347730574,1.9884923964162644,-1.373642929478242,user,row,heavy
1789155001182,-9.779117849951982,-0.6269811944272369,5.488410368788242,34.81354250144669,4.261457049121683,-4.355942897891877,user,row,heavy
1789155001199,-9.332449018207193,-0.4339486855771392,5.628469996863603,26.042956352388558,15.237810528839947,-5.51716598368737,user,row,heavy
1789155001215,-8.332122221595048,0.2721911300325766,5.858613800489902,15.029016768554534,20.819910694079805,0.050660083368099844,user,row,heavy
1789155001232,-7.963715610182285,0.529268533291854,5.773021675661206,9.031618049889452,19.978120614726997,8.868545575908104,user,row,heavy
1789155001249,-8.875906442701815,0.7474400134431198,5.050720962312817,19.579990595554246,9.588129910631043,10.031208550958002,user,row,heavy
1789155001265,-9.678560795703529,0.4346975677156821,4.904075526106357,26.823322540535436,6.990732766453901,5.85402280270276,user,row,heavy
1789155001282,-9.477747131457924,0.45908853366114194,5.2569209957718845,24.014316744361192,4.983912197730142,5.902377980705511,user,row,heavy
1789155001299,-9.31494200308919,0.46552287755757565,6.013788580110669,8.35388484553212,7.383805884319903,7.415167551667663,user,row,heavy
1789155001315,-9.329905763465165,0.7055417583850212,6.187815944239497,0.07845324701384573,6.2732269436727615,9.117774909853638,user,row,heavy
1789155001332,-9.533414073622227,0.77617052469654,6.033241468599439,0.6163538694635705,-1.323409022566914,8.572263068770352,user,row,heavy
1789155001349,-10.033802220594882,0.8839095994035713,5.599890383589267,4.039769599230579,-4.10789988242781,4.91125862175507,user,row,heavy
1789155001365,-10.58461824003458,1.3377606890689582,5.45100155237019,2.4201729451223524,1.1034520651350563,2.9076070473627853,user,row,heavy
1789155001382,-10.608111928346753,1.5984290842912159,5.308846413320302,3.3883736043128163,2.389554274290243,3.539793989013533,user,row,heavy
1789155001399,-10.665271154895425,2.0028995637864804,5.344458409449458,3.3085387247557105,4.1958654618615805,6.313691545636856,user,row,heavy
1789155001415,-11.489773767089844,2.0310317072879522,5.627272896033525,1.792837358773018,3.6428258985392943,5.080888077339629,user,row,heavy
1789155001432,-11.916391744452714,2.062455604077503,5.720349239137769,-0.4474136760158009,5.302451730052026,3.4354701065175814,user,row,heavy
1789155001449,-12.081589905437827,2.1719903482959606,5.741147697016596,3.451999591195835,7.05673373817738,5.154196070814553,user,row,heavy
1789155001465,-12.291382410430908,2.0682914706241338,5.601984140998125,11.868734343366532,5.72963310508578,2.7291886324203007,user,row,heavy
1789155001482,-12.334779653608798,1.9886842106250113,5.822251862776279,20.02472470298129,1.8591348033951582,-1.827268982709287,user,row,heavy
1789155001499,-12.335228566420078,1.7058690207880456,6.869566036012769,22.648992665126908,-4.685930254149526,-5.328528965416312,user,row,heavy
1789155001515,-12.559833440619707,1.216554230023548,8.013095434901118,8.56453812481907,-8.187509121313425,-7.923769904249847,user,row,heavy
1789155001532,-12.835913065990805,0.8342300245531834,8.217350179511309,-10.800167469417316,-9.017439430946151,-11.779137629381598,user,row,heavy
1789155001549,-12.99153792746663,0.43350061301607634,7.554158073213696,-28.67335270176697,-9.00727440191388,-16.933613311065297,user,row,heavy
1789155001565,-12.57733987121582,0.03351938949776813,5.0867824557751415,-27.62995080604102,-10.625195098354514,-28.760980613723646,user,row,heavy
1789155001582,-12.09864917678833,-0.07407024853490293,4.083462322565913,-13.164177049655123,-10.960003287505723,-34.346046788610586,user,row,heavy
1789155001599,-9.630079965651035,0.4417305350923911,3.277216082552075,4.673058762658637,-12.811343137510605,-26.75594613946785,user,row,heavy
1789155001616,-9.05322583411336,0.23687676514312622,3.4234108523815867,20.123325313839594,-9.617277742914073,-16.89165545899391,user,row,heavy
1789155001632,-9.75427917677164,0.12659381463956088,4.0851100897729395,17.05040442323064,-0.9821792816571295,-21.617323326847746,user,row,heavy
1789155001649,-8.945935672217606,-0.10444657250028103,5.973386427095532,4.953908457366745,-12.258791078940328,-23.468389969285827,user,row,heavy
1789155001665,-6.79863722730875,-0.34925380184911187,6.7393813207417725,-23.989234582181613,-23.608031479319447,-9.55601094605906,user,row,heavy
1789155001682,-6.623260202136636,-0.3431186600949615,6.4665908000439405,-50.50553328933581,-13.730147868623536,2.2005038161309876,user,row,heavy
1789155001699,-7.183056231367588,-0.3140890380308032,5.181804087728262,-66.4734705498826,0.7696449255840775,7.862509083810355,user,row,heavy
1789155001715,-6.959494728741049,-0.6747153708308935,3.819201729804277,-57.81561838062282,-2.3990375650659828,14.717440614091478,user,row,heavy
1789155001732,-7.100455105048417,-0.9288003873411566,3.550154487287998,-41.234333547703464,-15.449001685524033,17.011702863846054,user,row,heavy
1789155001749,-7.1151207592606545,-0.9377785705015063,4.20661465498209,-31.510128339559195,-23.46564423323948,22.69400873439917,user,row,heavy
1789155001765,-6.635231210437417,-0.977133406420797,4.809205869844556,-30.299764177119574,-25.087122604464046,36.4003218041403,user,row,heavy
1789155001782,-6.711099229109287,-0.9865605023924261,5.302711271566152,-41.65846780459375,-17.97947236734516,44.04401382505825,user,row,heavy
1789155001799,-7.180960135871172,-0.9798267371580004,5.711370398390293,-57.03714756997062,-7.922948574002152,46.56472245900814,user,row,heavy
1789155001815,-6.711695441436767,-1.1409865094725042,5.257069464331865,-70.27802252136311,0.8427896348491556,49.30183197643154,user,row,heavy
1789155001832,-6.458959282252192,-1.341500825445354,4.832698973634839,-70.25869308601197,2.6454270344206723,49.999556290715844,user,row,heavy
1789155001849,-6.12197481406331,-1.2990039651732892,4.127606000196933,-58.131104818385715,0.7528276658261838,51.234867719098936,user,row,heavy
1789155001865,-5.882704285651445,-1.4529808402463793,3.896415317866206,-39.091078242761405,-2.79337597547573,51.25468551297573,user,row,heavy
1789155001882,-6.60710109449625,-1.9927238231383262,4.446933231142163,-17.654309259075657,-7.893857944553422,43.04184065870979,user,row,heavy
1789155001899,-6.103571142366528,-2.5164555824279784,5.614257347115874,-11.450862516171506,-10.07410470026662,40.44146811337546,user,row,heavy
1789155001915,-5.768682185152173,-2.6752210069518534,6.447439524850249,-17.71862402784779,-9.892723904215055,39.37661771610838,user,row,heavy
1789155001932,-5.674109466010332,-2.9189805538786575,7.2171730205029245,-29.58184640855412,-7.771671836717418,36.45618933645642,user,row,heavy
1789155001949,-5.889885721588135,-2.6059385772153734,6.9398933716923,-32.09122717376554,-8.33543565081027,33.02611273150562,user,row,heavy
1789155001965,-5.826889459449053,-2.376544276782125,6.7131947400838134,-26.2738133312404,-14.56259339541812,32.967062331036274,user,row,heavy
1789155001982,-6.049401745283603,-2.272546032571234,6.416763816079497,-18.514508405788938,-19.502201571096972,30.854320896211252,user,row,heavy
1789155001999,-6.799982212176919,-2.1971286072110754,6.5429059779614205,-17.292626836861384,-17.576912970495655,25.83533226199851,user,row,heavy
1789155002015,-7.080554472792148,-2.2090994693813846,6.595430530446768,-17.296933271133078,-18.28666524790836,18.147414766204726,user,row,heavy
1789155002032,-6.7878633198380465,-1.9388541761869564,6.438011186769605,-15.074321413319229,-25.408512033217118,11.601901904382583,user,row,heavy
1789155002049,-6.252757495227455,-1.7227774763578547,6.361694839808345,-16.740916599106313,-24.613085277950358,8.282152491321353,user,row,heavy
1789155002065,-6.17300240598917,-1.6168341990264132,6.088160222744941,-20.271052060303212,-19.507127845035843,4.903978493873483,user,row,heavy
1789155002082,-5.750123615154624,-1.4131771645810454,5.525370272395015,-16.52500236661116,-16.800257282615384,1.857484458936954,user,row,heavy
1789155002099,-5.951985911670326,-1.1988962986601517,4.922780226576328,-7.653352469725286,-17.81976034643546,-2.4696930972654143,user,row,heavy
1789155002115,-5.863851116621494,-1.1712135246276856,4.821327684792876,0.5489974787158138,-18.243990225974123,-5.078632407366232,user,row,heavy
1789155002132,-5.395634469935298,-1.2630909037383273,5.250038250520825,0.0197776831906847,-18.961069588818958,-5.4511978822492715,user,row,heavy
1789155002149,-5.942260051947832,-1.4157212595732882,5.9822156302392475,-10.462086765880025,-12.25496873432606,-10.882611267793955,user,row,heavy
1789155002165,-5.9047010134041304,-1.3005002681456506,5.94884586007893,-20.682989306883144,-3.903024516291869,-12.410854995526908,user,row,heavy
1789155002182,-5.102194544440508,-1.0048162900511175,5.551258746889233,-26.76241432861185,2.929416695156282,-6.172254976511994,user,row,heavy
1789155002199,-5.63670006507039,-0.9735420308653264,4.874447280561924,-23.646524717934344,6.528506971449281,-5.287596495494072,user,row,heavy
1789155002214,-5.921760869276524,-0.9256581437926739,4.782572129940986,-15.356746320404671,3.236387594571458,-5.951078510148172,user,row,heavy
1789155002232,-6.357504986903071,-0.8604160024229437,4.7517456145226955,-5.01389160554462,1.2730987029142462,-11.619424754698251,user,row,heavy
1789155002249,-6.245873580932617,-0.8355760140683501,5.372889554163813,-2.7521476729850636,0.7351088744587013,-12.763283365189455,user,row,heavy
1789155002265,-6.209812087470293,-0.8420107232909649,5.52657204940021,-3.0804251340726827,3.8473068212506667,-13.90950863622807,user,row,heavy
1789155002282,-6.8219783554077145,-0.6956649276182055,5.826440546637773,-2.66004641400885,11.887523339999591,-14.902711202875366,user,row,heavy
1789155002299,-6.192904207289218,-0.562338041863963,5.8803135911226265,2.5982562539086835,15.079082055170728,-9.314921490056888,user,row,heavy
1789155002315,-6.107160691291093,-0.5982508475705981,5.880460890638828,11.861817923058249,17.443345206181473,-5.155227429379225,user,row,heavy
1789155002332,-6.107607850536704,-0.949899143340811,6.117785545679927,23.354144810133608,15.348242734888006,-5.625564927796881,user,row,heavy
1789155002349,-6.216098035871982,-1.5716437522888183,6.950670201772451,26.42277975703838,13.142287147138878,-11.114530341061737,user,row,heavy
1789155002365,-6.222979027557373,-1.9262844348080455,7.2283958407849065,25.405856797177275,10.268873520865059,-18.644591066079123,user,row,heavy
1789155002382,-6.388030473548174,-1.9217955989561974,7.8758789212971925,17.76984020133913,7.378037789565828,-27.553826640193932,user,row,heavy
1789155002399,-5.138105815777182,-1.7582414057858287,8.170065281245112,7.13096722228484,3.817729540823573,-25.967537403573274,user,row,heavy
1789155002415,-4.71807364654541,-1.9122186461851,8.093301775038242,-7.92728574412511,5.08229765762959,-24.66655882896239,user,row,heavy
1789155002432,-4.586840883526206,-2.0031982362058014,7.2258514169991015,-21.248546045633127,9.541245784620783,-22.22316793641705,user,row,heavy
1789155002449,-4.888512046271562,-2.234388553210348,5.7436915362805125,-17.765082974582214,8.373566035625512,-22.084088209442662,user,row,heavy
1789155002465,-5.567717714259028,-2.1639093879699707,5.185694080904126,-5.371147211403076,4.510284682566655,-25.6734123824396,user,row,heavy
1789155002482,-6.982839363971352,-2.517652537127584,4.936996383455395,12.476763759696592,-3.69409329844941,-37.57041858632811,user,row,heavy
1789155002499,-6.858941181623935,-2.734028658294678,5.282359388411045,17.16980808275351,-5.22048903312505,-44.367443772825865,user,row,heavy
1789155002515,-6.050896952277421,-2.842815050097555,5.64927079282999,9.035055342589262,-2.9183737733722523,-44.14397705865597,user,row,heavy
1789155002532,-4.841975920546054,-2.939331450653076,5.970992225435376,-6.423408289369356,1.7428745249943747,-40.61939454125429,user,row,heavy
1789155002549,-5.307199815157055,-2.84401258931905,5.03560931789875,-19.367597325576238,7.4003255506012255,-40.447495755317995,user,row,heavy
1789155002565,-5.981764963862299,-2.5899276458740235,4.331562054121494,-11.06449579029681,8.561473077429026,-42.77000595993245,user,row,heavy
1789155002582,-6.4559653611332175,-2.002300483648479,3.218557557356357,13.933825817220608,2.584928847290696,-40.72044035983546,user,row,heavy
1789155002599,-6.410326476508379,-2.135927009936422,3.7137089727193113,48.3990961191147,-6.807450616492132,-36.08173787558881,user,row,heavy
1789155002615,-6.322188758850097,-2.2825715693600475,4.516363910242915,54.735831442350715,-11.825771599713505,-32.94848421649384,user,row,heavy
1789155002632,-6.85011197848022,-2.3487119747437535,6.861186330202221,38.727100876986015,-10.456368189997432,-31.76069041416653,user,row,heavy
1789155002649,-7.6298723626285785,-2.041505389703065,7.184552022883295,6.172226801981668,1.6126027538415446,-31.550839682107057,user,row,heavy
1789155002665,-7.637504464942216,-1.5762826641358434,6.317851606428623,-3.6328269284812187,13.390708811215058,-26.193478353770004,user,row,heavy
1789155002682,-6.700473790198564,-0.9663596450805664,4.2627287563920016,5.484804120513027,20.807194589392534,-14.529948506280043,user,row,heavy
1789155002699,-7.6306223042130465,-1.2565072510316968,3.7597985237210985,30.192007697678868,20.409003098517253,-9.322387740593358,user,row,heavy
1789155002715,-8.402302257758379,-1.6716015254698693,4.412815272963047,37.74110501368673,17.04975726280678,-12.11913846984931,user,row,heavy
1789155002732,-8.326286355048417,-1.5577273090086876,5.559188955366611,34.83917620140175,18.531993690064173,-9.40983721385797,user,row,heavy
1789155002749,-8.303392970716953,-1.445649036053568,5.75775864007771,26.445881164358656,27.499232938158023,-2.1594353827555817,user,row,heavy
1789155002765,-8.265235966280102,-1.3923783413760362,5.576398448842763,24.2718541496584,31.629284404724654,3.6235694608349127,user,row,heavy
1789155002782,-8.985738690295815,-1.5765813548214733,5.2570700488537545,26.929798359506766,31.026718285956957,4.358278395701198,user,row,heavy
1789155002799,-9.476701421797275,-1.4405612113952635,5.081846168416738,38.18521074371013,24.665138149615025,3.919237677834187,user,row,heavy
1789155002815,-9.345916402545571,-1.3145659106381238,4.822522447535396,49.43790300507653,25.02930676068718,5.9536782509010076,user,row,heavy
1789155002832,-9.188798087641596,-1.0761935001097618,5.263955132192373,58.722127917456085,23.52967554916106,8.611168680056393,user,row,heavy
1789155002849,-9.068191348055004,-1.2466310230530797,5.9448062292993065,61.52786717565977,27.98598636935898,11.840952548917505,user,row,heavy
1789155002865,-9.311499753680824,-1.4330791120115667,6.72860624422729,52.538716680708525,24.559321443898604,7.908320016347277,user,row,heavy
1789155002882,-9.37883667537272,-1.740733806145936,7.82694567130208,36.11210831173327,20.440934232887063,1.6407837941919,user,row,heavy
1789155002900,-8.243686397773027,-1.1122559434201569,7.637954546797275,6.177492450944924,20.966981742383105,7.719145974452727,user,row,heavy
1789155002915,-7.889793464881182,-0.7682391654416918,7.1160185848832125,1.4426477970543519,21.901947554845933,13.39489486340263,user,row,heavy
1789155002932,-8.593689922010897,-0.4978440885130316,5.883005898946523,6.224125994390009,17.918927862994874,15.145744701470052,user,row,heavy
1789155002949,-8.762180694800614,-0.6019916415341198,5.770028339064121,7.638081874288431,11.789774795240247,14.182910863419925,user,row,heavy
1789155002965,-8.964490150561929,-0.8248019604671746,6.164772337782383,2.680440078210039,8.573725583026382,13.116993249095028,user,row,heavy
1789155002982,-8.67539205366373,-0.6515219075743108,6.061073478376865,-7.393750639751442,12.53894494812674,15.417850900266897,user,row,heavy
1789155002999,-8.549696466505527,-0.444872522912547,5.680395414412021,-8.427209487593146,14.38635402426428,18.494258602447143,user,row,heavy
1789155003015,-8.513931910163164,-0.4532520825926214,5.032314952528476,-1.6385419980402547,10.053424595007115,19.78967911062093,user,row,heavy
1789155003032,-9.345018576923012,-0.6283281520567834,4.971262810194492,3.306567788293339,3.4943832628732916,12.61996721338237,user,row,heavy
1789155003049,-9.798719207000731,-0.5802941889889538,5.511304337641596,-2.9730067489958922,0.037648569664172245,10.05276292043127,user,row,heavy
1789155003065,-9.15512787322998,-0.4439744050290435,6.001666765162349,-13.776688777628003,0.37540816759908685,11.323730497602766,user,row,heavy
1789155003082,-9.204508866992592,-0.3266587428770959,5.903505666139721,-24.27278134783823,8.49175648279706,13.053894253995159,user,row,heavy
1789155003099,-8.861392179659008,-0.10369864020980894,5.795168041017651,-34.219080402129215,14.507343995221886,18.608934063517072,user,row,heavy
1789155003115,-8.154055226686596,0.8394671032227575,5.530458535444736,-38.80834597716331,16.542246886718154,23.987165034863096,user,row,heavy
1789155003132,-8.79689778791666,1.3295304016664624,4.2182875571191305,-18.223200837687894,10.289305177993505,24.674454527642922,user,row,heavy
1789155003149,-9.014770138990878,1.298106285681203,3.5766420967191457,4.334720219480178,5.785307684557846,26.080399449418564,user,row,heavy
1789155003165,-9.733179105597733,0.8966288139894604,3.9469934124588963,12.427905709016198,1.4909805634988893,23.88214233863769,user,row,heavy
1789155003182,-10.771811959728598,0.33054994162935764,5.855321188685298,1.208971764344289,6.665138502493039,17.083138104827924,user,row,heavy
1789155003199,-11.08306051363647,0.23029267404507844,6.241686650636792,-8.177362021527726,9.174637942241288,10.126355647417219,user,row,heavy
1789155003215,-11.055675663104653,0.2313401372713968,6.155494806349277,-10.166289202173344,6.694649188575726,3.913439274115669,user,row,heavy
1789155003232,-10.937910868945718,0.909796996185556,5.259762941199541,3.327502318099428,4.4903520561344425,-1.0864585544800645,user,row,heavy
1789155003249,-10.861745913153886,1.076642741714604,4.760274373415112,20.047703166896504,-0.6677172121871838,-1.2413028916673674,user,row,heavy
1789155003265,-10.618884082251787,1.3184572555208578,4.569336206495762,33.04793518590381,-2.637993013839348,-0.1188511345716134,user,row,heavy
1789155003282,-11.268462673738599,1.5028106372224166,5.215921461385488,38.225942576825496,3.380500530633907,0.707290207660327,user,row,heavy
1789155003299,-11.731740694978832,1.490989229992777,5.783646530050039,37.11566459138866,2.5768997464779346,-2.95746081155812,user,row,heavy
1789155003315,-12.401667662489414,1.2038349241061135,7.000797629988193,33.61342362276209,-3.014376351025013,-8.131409362565526,user,row,heavy
1789155003332,-13.035081301116943,0.8958805894380435,7.944561412379145,21.827117709846565,-9.284280407666564,-16.22216031654926,user,row,heavy
1789155003348,-12.893373905834554,0.5879266566287726,8.131159504267574,10.302168131747932,-13.38193714077347,-22.429023007812063,user,row,heavy
1789155003365,-13.161525660815835,0.00897854848653078,7.175873626387119,4.9800283814133435,-10.908198010198468,-33.84742248863214,user,row,heavy
1789155003382,-12.957721582582591,0.28775333122573793,5.931637535646558,8.115815186916741,-8.222553968171116,-40.75933145696951,user,row,heavy
1789155003398,-12.425308650317787,0.5273233175082132,5.532853321626782,14.16974482002108,-11.247631091191423,-38.626201907472,user,row,heavy
1789155003416,-12.074407300457358,0.8315365294191985,5.566370391303301,16.415287330425954,-19.453932624232493,-37.975291709758956,user,row,heavy
1789155003432,-11.973255787447094,1.0097546963013708,6.246624691560864,8.493243756488829,-25.657774664334855,-35.04772578242434,user,row,heavy
1789155003449,-11.296444905641675,1.0488101839479058,6.4981666725248095,-8.989468098747658,-20.3599076987632,-28.294792882113597,user,row,heavy
1789155003465,-10.289233610212802,0.8343794977601617,6.420353365004062,-27.26180360977733,-12.2847406751445,-21.4475538523852,user,row,heavy
1789155003482,-9.046790248107909,0.401477983148396,5.229835420447587,-31.34405570498492,-15.343451357185241,-12.414166783500717,user,row,heavy
1789155003499,-8.976013999617098,0.19048881571665405,4.456959535115957,-20.924267446861137,-22.840854386459856,-11.439271685149993,user,row,heavy
1789155003515,-8.826374057769774,-0.36077567814290523,3.7017356263309713,-6.35489636935225,-29.430284510871537,-12.816173788801096,user,row,heavy
1789155003532,-7.478140416938066,-0.40656522328481076,4.80636217085123,-3.3224138271677686,-32.182809765251655,-3.4037174108398385,user,row,heavy
1789155003549,-7.028329195514321,-0.5160997300412505,5.212328989851475,-13.729259090257788,-25.36273952049428,4.567122955518562,user,row,heavy
1789155003565,-6.871658624377846,-0.8960295329220592,5.971589022284745,-25.949686704177445,-23.359637989773592,9.661045595115514,user,row,heavy
1789155003582,-6.6340335250854485,-1.2747624541684985,5.6688727344006296,-34.81729569039561,-29.224255269652687,17.44496908365664,user,row,heavy
1789155003599,-6.65213967514038,-1.5068503045346586,5.417631197687983,-39.34479586476529,-28.329841997839516,19.705230651722893,user,row,heavy
1789155003615,-7.348256145918369,-1.5940891736570746,4.750398291566968,-38.077997264308436,-27.21659117256643,19.5223079404662,user,row,heavy
1789155003632,-7.139212413465977,-1.7913116084776817,4.279339699453115,-33.32467054541063,-28.26551015359446,23.212539620713613,user,row,heavy
1789155003649,-6.827068956544995,-2.227056456756592,3.9830584130525586,-34.70873666372743,-23.852762279922878,20.85544816833138,user,row,heavy
1789155003665,-6.6632140268623825,-2.3828290561400354,4.655078553450108,-42.33780866472697,-23.41935262613972,23.83845644870629,user,row,heavy
1789155003682,-5.520880559760331,-2.146252004595846,4.537613619020581,-50.26938974406637,-16.07365834361484,30.38080778671636,user,row,heavy
1789155003699,-5.800105497419834,-2.139518458557129,4.201228285768628,-46.64610074787425,-11.973207209363755,30.951586205086816,user,row,heavy
1789155003715,-6.34508506579101,-2.3205798129759727,3.617941490834951,-31.884634441940165,-15.494552217098848,32.056038039161635,user,row,heavy
1789155003731,-6.464495289069414,-2.357091242162883,3.4391228007763623,-14.428533857483693,-17.7171179711358,32.81906920719502,user,row,heavy
1789155003749,-6.680124829652905,-2.1068976801332084,4.220232845968008,-6.875376420901086,-16.30798847365964,36.124207991847946,user,row,heavy
1789155003765,-5.792474564149975,-1.8592474459107964,5.931788342294096,-14.986326378694661,-14.962574395855944,38.8976814364125,user,row,heavy
1789155003782,-5.9679977197945115,-1.873462579876557,6.643912529543042,-26.72859976957841,-13.75204716264989,37.31015081291019,user,row,heavy
1789155003799,-5.749226958575845,-1.6300022716246545,6.865974733522534,-32.60204677650704,-15.138240031119501,38.66544817444289,user,row,heavy
1789155003815,-5.2371664939880365,-1.6109979306209832,6.083069037085771,-27.440303773546443,-22.02625358264558,41.92329472928265,user,row,heavy
1789155003832,-4.873099957606196,-1.6719009468078612,5.838413308504223,-21.184946739176553,-23.439720250244697,45.1069346938848,user,row,heavy
1789155003848,-5.544073803821206,-1.8197425339963287,5.743692705324292,-19.473564295454402,-19.507290062028634,42.99497190062516,user,row,heavy
1789155003865,-5.718251974597573,-2.0697871160093695,5.8473903956860305,-20.775965256959942,-17.097811058712406,40.49444647567266,user,row,heavy
1789155003882,-5.768230934253334,-2.108393617779389,5.939867019331455,-20.84174339376175,-15.031158032859333,34.621784940498586,user,row,heavy
1789155003898,-6.0896519226074215,-2.2928966370847075,5.7465352352738375,-19.595042624937662,-16.60603231582961,27.477331936584378,user,row,heavy
1789155003915,-5.575647338214516,-1.9265838561460376,5.769878701460361,-20.07369545178299,-14.155943569029423,28.11458517105198,user,row,heavy
1789155003932,-5.259762941199541,-1.720383384295553,5.659446734407544,-23.553782701836617,-9.180250650191745,28.049490053167176,user,row,heavy
1789155003949,-5.657199247741699,-1.3745708089414983,5.517738754603267,-27.1903137272821,-3.883837661139657,24.8417565962678,user,row,heavy
1789155003965,-5.1328690841674804,-0.9742901458188891,5.098154913660884,-23.4491954301708,0.017392529772695342,27.13993595951138,user,row,heavy
1789155003982,-4.970962365943193,-0.8427587651792913,4.781223637941479,-14.433284254051438,2.919694347759592,25.748587151992055,user,row,heavy
1789155003998,-5.645528099170327,-0.8629599147520959,4.652535298708081,-3.160244432260744,4.780714496809085,21.753083581885505,user,row,heavy
1789155004015,-5.212925202178955,-0.8804673682615161,5.130926133406162,6.977825416469869,3.071571714804465,20.11132467146788,user,row,heavy
1789155004032,-4.9468712962597605,-0.9844656490050255,5.621887695863843,5.433803951754188,5.461982750948722,19.52561716711907,user,row,heavy
1789155004049,-4.905870008307695,-1.1804908733977004,6.426638728883862,-9.216193666925292,12.937149245606715,16.00039944212458,user,row,heavy
1789155004065,-4.720319379645586,-1.2689265510892496,6.582407382744551,-19.25960861970375,15.87955802778142,15.17378604310754,user,row,heavy
1789155004082,-4.887462829479575,-1.3684355575894935,6.421699518916011,-20.178916223494326,14.325882944447573,11.03680791094887,user,row,heavy
1789155004099,-5.50950634830892,-1.4853024165280162,5.780203696119785,-8.78339958394108,9.553206299631121,7.5559795853702925,user,row,heavy
1789155004115,-6.390127153566479,-1.7561467715941368,5.50831392365396,-0.2800240422313299,8.774107111575278,2.21645401539026,user,row,heavy
1789155004132,-6.865524067145586,-1.79879348866567,5.900961242353916,4.149190083507829,10.192823633325197,-2.3610149691735796,user,row,heavy
1789155004149,-6.905476138305664,-1.9937710306363179,6.673688659125566,3.6153775026991286,16.751301901739318,-5.639647070318155,user,row,heavy
1789155004165,-6.729653122931718,-2.197577629620209,7.245006199324131,4.155054227797108,18.65501905739444,-7.919766559622572,user,row,heavy
1789155004182,-6.874802183100581,-2.3312038636472074,7.354841369527578,7.8834743494677095,13.868533477623519,-17.061383952321435,user,row,heavy
1789155004199,-7.633913746973872,-2.532017820153758,7.363669988149404,17.44698057436721,3.491850329908275,-35.39561122251518,user,row,heavy
1789155004215,-6.824820300835371,-2.167949091814831,7.524228798896074,20.955481411368094,-2.2857381736703997,-39.65474643420588,user,row,heavy
1789155004232,-5.852927571547031,-2.015019753033295,7.654265630128979,16.403554772979167,-1.4283619227967415,-37.428671670482835,user,row,heavy
1789155004249,-5.209635512983799,-1.8001403001647442,8.026563403761386,8.00152733908221,-1.8062115094981375,-36.10000521652401,user,row,heavy
1789155004265,-4.6665994798958295,-1.6992844091001897,7.662644751417637,1.9403252620590998,-6.7296248797680684,-33.3474082451576,user,row,heavy
1789155004282,-4.878188220655918,-1.862239905725047,7.241565118959546,7.782658195997382,-9.083946690441858,-37.53312575345984,user,row,heavy
1789155004299,-6.412270596313476,-2.24172072272934,6.35166970487833,21.78513424456579,-11.521819643911476,-35.784047495708386,user,row,heavy
1789155004315,-6.930317149573564,-2.175431191198528,6.551136630690097,34.69080741715615,-15.20759377195181,-32.12293291189274,user,row,heavy
1789155004332,-7.443423323822021,-2.2400745629575103,7.087586271125078,25.459712838782828,-13.875318416790279,-34.96724907852866,user,row,heavy
1789155004349,-7.37324445670247,-2.5327659351073204,8.237702647188305,3.330495008172951,-7.800800885980229,-43.19419485833609,user,row,heavy
1789155004365,-6.085162794494629,-2.524685212243348,7.505374460822344,-19.929192554607614,4.444464710856181,-48.80065318570351,user,row,heavy
1789155004381,-5.693861629706621,-2.4964039973936973,6.464048129823803,-12.649761352315613,9.267073453600009,-55.86970431627536,user,row,heavy
1789155004399,-6.394314668384194,-2.1511897532589734,3.7814942227005957,21.845680456463366,4.204089436509099,-67.50250685023673,user,row,heavy
1789155004415,-5.643733032447099,-1.7308581626892088,2.994999561861157,69.77460342858731,-13.55540857776616,-70.5229667653781,user,row,heavy
1789155004432,-5.261258148193359,-1.4920362548276782,3.9987674388378855,70.3243312039358,-8.416737100048223,-65.7959499351632,user,row,heavy
1789155004449,-5.044433260345459,-1.283740564263612,6.982690895411372,43.22550103039685,4.442444255522327,-53.06545745440532,user,row,heavy
1789155004465,-5.550957133594155,-1.3667897266112268,7.671323732435702,15.856128771380984,17.56546215835213,-41.7486980186242,user,row,heavy
1789155004482,-6.21145810111165,-1.651699870300293,6.687905400526523,15.407351191965295,18.141964275247055,-42.909594536,user,row,heavy
1789155004499,-6.817489811816811,-2.044797855377197,5.028274152705073,26.256476603579618,13.878418468899818,-42.79472099944414,user,row,heavy
1789155004515,-7.000798214510083,-2.047940537317097,4.4250878945589065,36.00636673809772,13.412669576943943,-40.28232470571416,user,row,heavy
1789155004532,-6.77364657843709,-1.7755998062133789,4.626049442842603,38.96767038483762,15.913341850963596,-32.42760374510491,user,row,heavy
1789155004548,-6.3805480088382955,-1.0598830012999474,4.541055283907055,47.92354419815257,13.626166776246555,-24.260970243215983,user,row,heavy
1789155004565,-7.026682012829184,-1.0857697222284972,4.733337266650795,45.114331788755926,17.62045713400178,-21.929369056816242,user,row,heavy
1789155004582,-7.237672787696122,-1.2196961082458495,5.475392481783032,29.99590955151322,24.18152319033769,-21.302721398582374,user,row,heavy
1789155004598,-6.653787442347407,-1.5568294833861291,5.899166175630688,20.52535024838654,20.974798893888185,-15.023417720982417,user,row,heavy
1789155004616,-7.132178861567378,-1.7323545387268064,4.954353760969639,19.499643665252805,18.890252479956974,-17.44239751743413,user,row,heavy
1789155004632,-7.677008792334795,-1.6666633384153247,4.2904117130875585,23.06723929895264,24.53534918745915,-19.363997815883643,user,row,heavy
1789155004648,-7.8667510274678465,-1.1347022415712475,4.144216943258047,26.714343457233298,27.161230781796185,-12.415679670401875,user,row,heavy
1789155004665,-7.540688350787758,-0.9066538027890026,4.8334459926098585,29.751822496239058,28.71990385605519,3.600336572373114,user,row,heavy
1789155004682,-7.853131082916259,-1.0286083037227391,5.5068140404850245,28.05502592148947,24.50488995885548,7.760095519847892,user,row,heavy
1789155004699,-8.649053497314453,-1.2888283889219163,6.10267214770019,24.022417348716825,22.328605566634533,7.911522521294367,user,row,heavy
1789155004715,-8.706215646472574,-1.394472537176311,6.155793497034907,15.824252278524535,24.37670096851268,5.23868679150808,user,row,heavy
1789155004731,-8.73255244925618,-1.5324385539732872,6.264431566408276,9.4306709983738,24.649625082462634,5.740416266237938,user,row,heavy
1789155004749,-8.96269683740437,-1.8412908603943883,5.657801889809965,12.790651079420051,18.940705379808566,4.819519362804867,user,row,heavy
1789155004765,-8.992923048841952,-1.7492637340821324,5.546770787820219,16.51491759230164,15.986979827952796,5.174535520389204,user,row,heavy
1789155004782,-9.176825910297035,-1.6736963057920335,5.760152841737866,12.867208962279431,14.996769737935612,7.213273989991256,user,row,heavy
1789155004799,-9.115474492755531,-1.4348745440609751,6.10925561774373,8.125631022527696,17.48565139790053,10.581684232020594,user,row,heavy
1789155004814,-8.880992952185869,-1.3039419330321251,6.229115922877192,4.371785521671722,17.08425484075722,9.477390346070335,user,row,heavy
1789155004832,-9.309255189624428,-1.2771565827634186,6.160582484877109,0.17084412201912397,15.12316409607399,7.085626719027004,user,row,heavy
1789155004849,-8.160635774120689,-0.8475470223691314,6.041021454951167,-2.5771272771546605,15.861393139683772,11.13238701687309,user,row,heavy
1789155004865,-8.022522019416094,-0.5581479697629809,5.904103632032871,-4.421960518201458,18.505086159828906,16.894700015816444,user,row,heavy
1789155004881,-8.221988360705971,-0.41374768213480706,5.43289423327148,3.9361197710283427,22.95534713996949,21.508101771830074,user,row,heavy
1789155004899,-9.07043532758951,-0.715716658782959,4.907368722432851,17.028735648088773,16.589052465552957,19.099966608233043,user,row,heavy
1789155004915,-9.655217914038897,-0.9838670985899866,4.926372113588452,24.636082524885794,11.762727246126996,12.48506841595368,user,row,heavy
1789155004932,-10.188076836505532,-1.1065697144772857,5.646427678358554,16.906912394052426,13.169367139650687,4.195200372191151,user,row,heavy
1789155004949,-9.188649619081616,-0.5642834037780762,6.646906450662017,0.3028657156001599,18.749449837764452,6.017847024379631,user,row,heavy
1789155004965,-8.179341059112549,0.05252309118062257,6.669499390742183,-8.178038210255558,21.41638428410785,16.1186983185492,user,row,heavy
1789155004982,-7.451054841613769,0.7846999594423919,5.656752088496089,5.064075993584466,11.676243390856294,21.856257004393132,user,row,heavy
1789155004999,-9.140465726149081,0.32591084711924195,4.647297398054599,21.55661489795738,6.952888395810152,15.104140311688212,user,row,heavy
1789155005015,-9.40367710211873,0.14664514394551514,4.803967969191074,26.77812547125017,1.4363629558008824,12.419174165935983,user,row,heavy
1789155005032,-8.685118497908116,0.175525238003768,6.041770227491855,9.426824748097438,1.1678963940580074,15.476228527102997,user,row,heavy
1789155005049,-8.217950483492016,0.3708022378450259,6.561013297060132,-11.51984828056228,11.1848744593237,18.94561970091639,user,row,heavy
1789155005065,-8.303393555238843,0.5137060763703659,6.297352423757315,-20.785457512358967,15.480618631192023,18.185732127448496,user,row,heavy
1789155005082,-8.61822931998372,0.31603498446680606,5.052665082117914,-12.271858938369855,9.67591320939134,16.468424494621363,user,row,heavy
1789155005099,-8.789863651496171,0.24780031021758914,4.31480205797851,-0.4467251876113783,0.2665321241038804,15.75548251886626,user,row,heavy
1789155005115,-8.636336639082431,0.369904631418176,4.369271899312734,2.6885744066247006,2.3297188289531694,16.90443986557288,user,row,heavy
1789155005131,-9.020007455122471,0.20784685081802307,4.805016016939282,-0.9327935988633523,5.191553363593115,15.539682692039708,user,row,heavy
1789155005149,-9.013720337677002,0.007332534845173358,5.1075826672196385,-6.524883129207766,6.034577999638401,12.739218901196208,user,row,heavy
1789155005165,-9.321824748340248,0.024540859277546404,5.140203080317378,-9.295466549979752,5.778037801960014,9.30549582900227,user,row,heavy
1789155005182,-9.502137476348876,0.25513240667134524,5.044284791785478,-6.197032768386684,6.118287517445608,9.306784173434464,user,row,heavy
1789155005199,-10.008809818157554,0.07691413019131868,4.57023344759643,2.045722764915213,6.159546128900716,5.452395726674963,user,row,heavy
1789155005215,-10.723329376110433,0.048632550015486775,4.566192647773027,10.811332267389348,7.074997237131171,-0.03353550845324858,user,row,heavy
1789155005232,-11.50503680267334,0.32441490947306156,5.453993719923496,12.125992564681416,3.422069061922605,-3.483803726735765,user,row,heavy
1789155005249,-11.406426790839433,0.8702925957277416,6.775144123518467,4.5911152756387015,3.599055058130091,-0.5633201186010661,user,row,heavy
1789155005265,-11.90666588473022,0.8961800107760355,7.09836193216145,-4.515619060308435,5.194095474624828,-5.239988796318613,user,row,heavy
1789155005282,-12.862999225836992,1.0729018746858463,7.538146849611401,-12.314004620643418,5.891132074237086,-9.317243754374692,user,row,heavy
1789155005298,-11.978043606245517,0.9570822963105514,6.961742799928784,-6.9452799919615815,1.6742296297318655,-9.043620399808457,user,row,heavy
1789155005315,-12.30859131938517,0.7495350494936108,6.4016486645340915,4.318422534346881,-6.069163089387583,-14.815226724891257,user,row,heavy
1789155005332,-13.185617899543047,0.11357537964507937,6.031445232832431,11.089951905333447,-7.8585646495646735,-25.672454448408505,user,row,heavy
1789155005348,-12.859108648139237,0.030676001031696796,6.220736801588535,9.932880293892852,-2.268980517985185,-37.6828708208232,user,row,heavy
1789155005365,-11.869406705915928,0.32306773264780636,6.221785433858632,10.794133851059255,-6.842195361913164,-32.301521868121064,user,row,heavy
1789155005382,-10.473584799957274,0.6226424345705658,6.271912862074375,8.538200061605853,-15.201750545116864,-30.432597696097982,user,row,heavy
1789155005398,-10.824635787421464,0.4439750626161694,6.939596434572339,-5.629267744100674,-21.909110715737985,-29.164491114415075,user,row,heavy
1789155005415,-10.848278528815507,0.2347817656252533,6.803425630629063,-19.84214350118309,-16.988029428182788,-30.22110088844854,user,row,heavy
1789155005432,-10.670209780341386,-0.0594058364316821,5.848138583704829,-32.53750148885042,-9.915978137018008,-27.854797218423254,user,row,heavy
1789155005449,-9.430162373462318,0.06853446091338991,4.349667035132646,-30.592823688742726,-8.197720254122595,-19.543732536345235,user,row,heavy
1789155005465,-9.306861572486161,0.0629978695742786,3.4380759220719335,-15.486075952338863,-11.006057545531826,-18.581478410600916,user,row,heavy
1789155005482,-9.242068490058184,0.14440072601959109,2.7873019833207127,2.992501816434401,-20.35127263210501,-18.3971469728279,user,row,heavy
1789155005499,-8.763526848712562,-0.2814681865416467,3.6311078464001416,15.682956155164481,-34.09436114788478,-18.24933655654695,user,row,heavy
1789155005515,-8.295010926818847,-0.2557302994992584,4.576966555243731,6.044711865932584,-30.380585805568337,-10.307030372663334,user,row,heavy
1789155005532,-7.584532168689369,-0.4366422355100512,6.133049165785312,-17.031979987944528,-20.38114275689277,-2.9023851542988988,user,row,heavy
1789155005549,-7.7908841778397555,-0.8467991996765136,6.9298705748498435,-46.62885793531456,-12.2807774578786,1.1214100198451948,user,row,heavy
1789155005565,-8.16587367477417,-1.0345938078731298,6.564154517695307,-56.59586953826361,-13.652259806423295,1.916558338181571,user,row,heavy
1789155005582,-7.611617159491777,-1.3082814235411584,5.76434152559936,-58.602374210738255,-20.97555362979147,3.551086639589091,user,row,heavy
1789155005599,-7.18230628978312,-1.4000091285154224,5.037252408930659,-54.339591678030764,-25.433993761463142,7.281645891130376,user,row,heavy
1789155005615,-7.242612582185864,-1.6322472740724683,4.7420191702783105,-53.355402399766945,-24.443546322372303,7.94749371255824,user,row,heavy
1789155005632,-7.017855147773027,-1.9056347377501428,5.095463190358877,-54.60062784773031,-23.330804346192384,12.049091464816243,user,row,heavy
1789155005649,-7.04119861395955,-2.272097375488281,5.537491502821445,-66.17194501878322,-15.027522664673594,14.90150567448686,user,row,heavy
1789155005665,-7.2369251841992135,-2.422333529663086,5.685034764650464,-72.27730768388506,-11.414601895641555,11.655961144115942,user,row,heavy
1789155005682,-7.539642641127109,-2.7000612145021554,5.322613072866201,-76.21036966459934,-8.245751851913417,13.143911878387696,user,row,heavy
1789155005699,-6.697482207167148,-2.820220064190775,5.205296606996655,-77.68224127979124,-8.40981641087171,16.708078757124184,user,row,heavy
1789155005715,-6.657080054152011,-2.807052101190388,4.8925545996606346,-75.2408106515377,-13.419994101055135,19.21439618249285,user,row,heavy
1789155005732,-6.405387851062416,-2.759167629595846,4.386928552034497,-65.44594372133506,-16.90833307339979,20.560018581066235,user,row,heavy
1789155005749,-6.050147595214844,-2.977039834539592,3.878908302748203,-50.94382994347011,-19.95197465058419,22.019968101061874,user,row,heavy
1789155005765,-6.0808233039855955,-2.9462144881650802,4.081367396113277,-42.47642735393238,-21.2875225201318,22.70834871656161,user,row,heavy
1789155005782,-6.0709478066593405,-2.956988541766256,4.660315869581699,-39.779796952625055,-20.799730900177003,24.80803082969357,user,row,heavy
1789155005799,-6.139780519866943,-3.021631986590475,5.019295896479487,-38.95243564789391,-23.376421472111605,24.35374641025956,user,row,heavy
1789155005815,-6.587199293196201,-3.1714196663454173,5.928495145967602,-46.13422588090599,-24.205818173215423,23.59884658243307,user,row,heavy
1789155005832,-6.714091981184482,-3.245789409283548,6.235103180593252,-52.52214664178207,-21.175693540398477,24.073324456148224,user,row,heavy
1789155005849,-6.786515412360429,-3.159448365783691,6.213854056337476,-56.5812939145748,-17.429339903288362,24.022041688312477,user,row,heavy
1789155005865,-6.489333962249756,-2.6813559295102953,5.922658694899082,-54.01049608834663,-21.744967609604238,24.429266104365098,user,row,heavy
1789155005882,-6.559663051494955,-2.417694179424643,5.122694311633706,-44.31903822217798,-25.329319404885407,21.771808545495094,user,row,heavy
1789155005899,-6.528091270667314,-2.3479636405944824,4.879235099360346,-36.42104459808212,-26.71319940054732,22.64953908026051,user,row,heavy
1789155005915,-6.073342008319496,-2.16405902557373,5.047578572633862,-28.453745044478133,-29.404053169364104,26.416955313223653,user,row,heavy
1789155005932,-6.129605747333168,-2.420986498968303,5.334582912123203,-24.639077562836842,-29.29976301092718,25.467828811064095,user,row,heavy
1789155005949,-6.502053743091225,-2.5266309394836424,5.264402875959873,-20.424434203399603,-27.525529166462572,23.43972878798116,user,row,heavy
1789155005965,-6.271162920489907,-2.707841785375774,5.431248219630122,-23.864573384545125,-24.874498815601548,21.280962123434005,user,row,heavy
1789155005982,-5.928192363628745,-2.6976661360591647,5.9495917100101705,-30.3194829332534,-21.522566404944868,22.044934150025565,user,row,heavy
1789155005999,-5.805340475463867,-2.6997613547727464,5.78319644819498,-33.8217853735825,-15.619612980801781,24.119762912315142,user,row,heavy
1789155006015,-5.890636832216382,-2.8283012254461646,5.002240132260322,-26.323603702742503,-14.287516918105965,24.531899941928295,user,row,heavy
1789155006032,-5.893627830725908,-2.582595403289795,4.213648206880689,-12.969719002663922,-19.730449417685875,23.370795103782807,user,row,heavy
1789155006048,-6.03219283632934,-2.63347248082906,4.156337589162588,-4.382316392711412,-22.976409735822514,19.572238330846282,user,row,heavy
1789155006065,-6.212655201941728,-2.5665844719484445,4.913204004457593,-8.160422298612447,-16.217720693588753,16.340756306202774,user,row,heavy
1789155006082,-5.9120332559883595,-2.396146949005127,5.595701115205884,-17.3569228226133,-9.526395245817882,16.773532459940416,user,row,heavy
1789155006099,-5.443365942925214,-2.1881502413876355,5.834520392718911,-23.15858795645968,-6.719510650267749,21.955294747358316,user,row,heavy
1789155006115,-4.635772964477539,-2.081608559771627,5.365408258497714,-23.448199930099268,-6.5500399965813925,24.855155719872073,user,row,heavy
1789155006132,-5.157262351667881,-2.1101900727421046,4.9417865403413765,-19.1646860657135,-2.5639783092287396,23.669936898861856,user,row,heavy
1789155006149,-4.977096923175454,-2.2444142726622522,4.642209719526767,-13.120264055933818,-0.2516011704956738,19.865794738731555,user,row,heavy
1789155006165,-4.895694066730141,-2.7467480007447302,5.0139095272660255,-12.946946298197453,3.336895108868665,15.270356380235057,user,row,heavy
1789155006182,-5.048771581810713,-2.810193760216981,5.621586082568764,-13.049084093272176,6.230131865104567,12.080187608560019,user,row,heavy
1789155006199,-5.169978625378012,-2.7989709399349985,5.602732913538813,-9.324673292644373,5.240065209059953,9.65504698147695,user,row,heavy
1789155006215,-5.324555439105629,-3.051559361211955,5.694760624372959,-4.608937373617381,7.804161339051875,7.494040868655678,user,row,heavy
1789155006232,-5.077804199549555,-3.3888431046083567,5.839311718648672,-0.7057755064901708,15.411643965858648,6.990233735757666,user,row,heavy
1789155006249,-5.320515808326006,-3.6948517120361326,5.752969652235508,9.770098956724876,19.383648270125768,2.4165930722236197,user,row,heavy
1789155006265,-6.380399540278315,-4.426430249078572,5.6334103758752345,28.15007654152666,14.575307792558098,-19.80419326260721,user,row,heavy
1789155006282,-6.627749914771318,-4.514716289166361,6.501008033430576,34.81313269009649,9.161286629961205,-31.497543716013446,user,row,heavy
1789155006299,-5.765387235260009,-4.436604875481874,6.872856894251703,32.372091382625634,9.892334583432364,-34.70581334276267,user,row,heavy
1789155006315,-4.774039279395342,-3.7627874764040112,7.241864978688955,23.70187827851542,13.23110778087937,-33.391982059681105,user,row,heavy
1789155006332,-4.463990748926997,-3.413234180151671,6.9288225271016355,19.027824442672078,14.618580456044713,-32.51922048753688,user,row,heavy
1789155006349,-4.30223249926269,-3.321955241858214,6.475420587709546,16.065467239252705,15.339100526683943,-32.611977871560235,user,row,heavy
1789155006365,-4.455910318323969,-3.560477436120808,5.682640562990308,12.630067355617527,16.27592585814831,-35.25991926936912,user,row,heavy
1789155006382,-4.765211245295405,-4.109647441919147,5.293733015340567,10.589684091085973,15.80219589014727,-37.02312577341874,user,row,heavy
1789155006399,-4.873697923499345,-4.1566333572387695,4.986526430299878,13.051292805695029,20.016658249571503,-36.75231218792232,user,row,heavy
1789155006415,-5.563826552039385,-4.073584487152099,4.0282466313004495,19.597614191160172,23.80082893656869,-41.374400237012914,user,row,heavy
1789155006432,-5.9804188099503515,-4.050690518298745,3.924250250253081,31.529379227734875,22.439160716087653,-46.837930025808646,user,row,heavy
1789155006449,-5.849782843780517,-4.007294736425578,3.9290363154858348,36.78931132265628,17.101895511836073,-55.81992931269889,user,row,heavy
1789155006465,-6.312610783165693,-3.5136399893611667,4.633530153986811,37.18868272871068,13.11933002756482,-58.934007215699054,user,row,heavy
1789155006482,-5.50292404730916,-2.761711907251179,4.425535053804516,36.81081617325807,15.037511816334737,-48.571619867360056,user,row,heavy
1789155006499,-5.259462496948242,-2.409015490667522,4.220681174257398,40.19906128463712,19.140935790422073,-37.69860416157632,user,row,heavy
1789155006515,-5.549760617285966,-2.804657607269287,3.919610315492749,41.71861786551946,20.714660894064494,-31.38369470783309,user,row,heavy
1789155006532,-7.294384854999184,-2.9647695510312913,4.530878757807612,41.74416277301531,21.019690312208095,-32.88352911748702,user,row,heavy
1789155006549,-7.603385922241211,-2.9985876494809984,4.708499177992343,47.08271034528356,17.63059484227737,-31.200071902186465,user,row,heavy
1789155006565,-7.513155616217851,-2.638110954284668,4.328868577253818,58.565661943949436,17.234501927024578,-23.57948128858879,user,row,heavy
1789155006582,-7.448063258582353,-2.703053674316406,4.882378658083081,59.8600852445044,13.9811812262836,-16.946469434630554,user,row,heavy
1789155006599,-7.845051236835122,-2.8848630706235765,5.844697503340244,41.65459167223976,14.976770944045814,-14.517910297867894,user,row,heavy
1789155006615,-8.659080385810137,-2.9849709197998044,6.9479761403828855,30.336701840151004,15.708881845706555,-18.856251798268648,user,row,heavy
1789155006632,-9.307009456524252,-2.4757538619443773,5.175965883094072,45.946477641000676,10.778620783906865,-18.500332348166577,user,row,heavy
1789155006649,-8.972869856372474,-1.9957164290830491,4.317496119368076,66.31742121791532,9.646516075203605,-6.320794515486846,user,row,heavy
1789155006665,-7.75706432582438,-1.6618749350950122,4.591632209455967,67.71056124254449,12.065588932982763,4.870116550402675,user,row,heavy
1789155006682,-9.386317971038817,-2.1954823378413915,6.97101916231811,45.34788669232993,14.14831424772652,-2.2958048052899405,user,row,heavy
1789155006699,-9.81817151096761,-2.3666677565425633,7.25218821978271,37.017473791880555,15.109143425255247,-2.695463079289482,user,row,heavy
1789155006715,-8.277503327178955,-1.6509512438900769,5.693114026209711,41.13209586111213,14.582262632680463,8.742233180039767,user,row,heavy
1789155006732,-8.551042035895586,-1.0465652545653283,4.7321425039082765,55.08842971296887,16.585820078528247,17.604158595094837,user,row,heavy
1789155006749,-9.260923997175693,-1.2660840576723218,4.839283028200269,56.323782122486975,21.4560045039358,20.730365206513646,user,row,heavy
1789155006765,-9.980978977423906,-1.8737619281493125,5.862804237917065,52.32968557134945,23.203243733253224,17.06361230153815,user,row,heavy
1789155006782,-10.465656345045566,-2.046294231414795,6.174200091341137,50.82890859559006,17.23856759712803,12.214980538056574,user,row,heavy
1789155006799,-9.83867303172648,-1.7706614730283616,6.065113693678379,50.39273613028763,8.706523243511647,9.518513207515689,user,row,heavy
1789155006815,-9.238924931335449,-1.1008834124691784,6.183026956397295,45.93727737618867,7.78513243202422,7.555496349486514,user,row,heavy
1789155006832,-8.706516675245762,-0.8764272990904748,5.757011036580801,45.79297596959381,8.988413688294536,10.535419945677512,user,row,heavy
1789155006849,-8.468590547180176,-0.8598175250731408,5.460577189967036,47.05404062624243,7.012921489746334,11.943104858144215,user,row,heavy
1789155006865,-8.351724747687578,-0.5550055070187896,5.637449422132969,43.311021828994576,6.177723823603059,12.571216738181406,user,row,heavy
1789155006882,-8.227225092315674,-0.24151465407684444,5.880758996802568,33.89453371843231,8.810658015144954,12.943500467761181,user,row,heavy
1789155006899,-8.001873783662914,0.15382745666503905,5.938970947274566,22.614795615499947,14.734051634152948,20.44941903538351,user,row,heavy
1789155006915,-7.8351751549869775,0.37753596654683347,5.387105126520991,22.377781221111334,15.757306179374654,28.90606749207306,user,row,heavy
1789155006932,-7.989003780695795,0.39504349312148984,5.181204952791333,25.68564183614851,13.397975278718306,36.50937260442872,user,row,heavy
1789155006949,-8.828020071411132,0.16250687607452272,5.310490673395991,20.470191348196813,19.411206375879477,42.82104454850537,user,row,heavy
1789155006965,-9.919028424945473,-0.42646669579129665,5.733517348268628,8.340033221895334,24.031733726744722,42.22060603366413,user,row,heavy
1789155006982,-10.037391184997558,-0.78858987955302,5.736358709174394,0.42865514842974267,20.7900969183527,37.015691112507184,user,row,heavy
1789155006999,-10.389338829040527,-1.5381244906552134,4.712836914935708,9.23678924859382,10.495042428625336,19.45070535984966,user,row,heavy
1789155007015,-10.340258864051103,-1.1152487685605883,3.9181139394551514,13.083682416512877,6.073259068455475,10.772039896641557,user,row,heavy
1789155007032,-9.77447791519165,-0.5771517262447625,4.290411128565669,1.3808976575938534,8.809420897131536,8.052116842717203,user,row,heavy
1789155007049,-9.005940351325274,0.9385273978411219,5.639544348585606,-19.890409032952988,16.505000157626778,13.469769958405248,user,row,heavy
1789155007065,-8.373571837836504,2.0646999489381908,5.256023754671216,-20.334328640321505,15.504394519692838,19.780391760897007,user,row,heavy
1789155007082,-8.192809612494706,2.362927802829258,4.983083596369624,-10.736487054464348,11.392984346918464,26.304062531527094,user,row,heavy
1789155007099,-8.698436829164624,2.042404037309531,5.290590041139722,-4.674572503333441,14.999739162677274,30.977633131486662,user,row,heavy
1789155007115,-9.816678057539463,0.9858130176265257,6.489187247255444,-7.8185388872547525,21.107434337380663,28.689301193478947,user,row,heavy
1789155007132,-10.588359180128574,0.5234328768077772,7.177669862154126,-14.724526935355366,26.611576430981287,21.15994483171972,user,row,heavy
1789155007149,-11.717672422137856,0.14619623113423585,8.049158097407222,-17.62364853989147,22.65578870335107,6.472341045243796,user,row,heavy
1789155007165,-12.047921444591879,0.02214682201417163,8.102129224616288,-13.87118188347419,15.892610519285315,-5.65941747975758,user,row,heavy
1789155007182,-12.101044547492265,0.09098008321104571,8.22887344404459,-5.984551132836288,8.601389556712226,-19.76062519343899,user,row,heavy
1789155007199,-12.41094402487874,0.5533603336276486,8.212264254549146,4.837742734397284,4.830527920199635,-34.22404594965582,user,row,heavy
1789155007215,-12.086380062323808,1.2467810442493297,8.43911486184895,10.034961739906924,-0.4940721923400389,-38.61355581222372,user,row,heavy
1789155007232,-11.997644378772378,1.3319246763918549,8.525454590174554,8.308507630007494,-7.225068872914222,-40.3376868040317,user,row,heavy
1789155007249,-12.016051557600498,1.088314511340484,8.37491974531412,-6.422297102968759,-11.706608704358878,-42.781292847535894,user,row,heavy
1789155007265,-12.429650478914379,1.0408793909486382,6.935407166188955,-13.362255096906432,-10.713960236808001,-44.43703998537371,user,row,heavy
1789155007282,-12.279262349048256,1.0670661908023058,5.8004036035835735,-17.172297686705978,-6.937470951306142,-48.022872224157474,user,row,heavy
1789155007299,-12.284798355865478,0.8670007145754992,3.687670860621333,-2.8106049142136755,-11.249546105479965,-56.58554229223855,user,row,heavy
1789155007315,-11.428871846881508,0.9367317648623138,2.9727029743790623,16.452607484050905,-22.099112918069398,-56.58796359429932,user,row,heavy
1789155007332,-10.708217731696367,0.7975686472352593,3.1416444135457278,27.11238468394684,-30.379383692274413,-51.169246676648044,user,row,heavy
1789155007349,-10.378266815406084,0.16430238118916748,5.126735695978999,10.441169311546862,-25.109435124935185,-44.420743154014055,user,row,heavy
1789155007365,-9.302972163832187,-0.08888459050282835,6.741176387465,-14.461788341005192,-17.75236345480036,-34.12043197994672,user,row,heavy
1789155007382,-8.843584720289707,-0.20380641632080077,6.856846839693188,-36.621640423816224,-16.4299449163848,-22.713631867884615,user,row,heavy
1789155007399,-8.44644535086751,-0.2632122527524829,6.311566242548823,-53.55867224456111,-24.494711269444867,-15.18468019483371,user,row,heavy
1789155007415,-8.862437889319658,-0.7097310085020959,5.261110848677158,-55.74985840200373,-30.17792043251572,-16.703126869975925,user,row,heavy
1789155007432,-8.783878147345781,-0.9136870624266564,4.610636769655347,-52.61382144082198,-31.139033916668648,-16.263085102508683,user,row,heavy
1789155007449,-7.909543875011801,-1.2918211409971116,3.9700370189160106,-45.23922179772961,-32.890977438776915,-11.361202622936748,user,row,heavy
1789155007465,-7.632866868269443,-1.823783406884968,3.9917362250268456,-39.092311091906595,-40.71938509560869,-8.659402622201377,user,row,heavy
1789155007482,-7.744793457794189,-2.0023003375180064,4.012833373591303,-35.49601158821978,-44.506492763948984,-11.090279754413608,user,row,heavy
1789155007499,-6.875998699408769,-2.1303907108582556,4.369271314790844,-37.01259703681317,-41.27556398462824,-3.5909019466952112,user,row,heavy
1789155007515,-6.3242842698246235,-2.3174372771665452,4.458304519984126,-38.35352368033217,-34.366947167470826,1.895075472251177,user,row,heavy
1789155007532,-6.223578162494301,-2.4464250377379355,4.358794928961992,-33.97924513961339,-33.72489572511128,7.6351816052121135,user,row,heavy
1789155007549,-5.899612750354409,-2.6252416819699107,4.522049554663896,-26.993191052740947,-35.398490147250335,12.718300593089399,user,row,heavy
1789155007565,-5.570560828730463,-3.0729581230714915,4.878488664907216,-26.101127366002263,-34.799865047633745,17.79863286378532,user,row,heavy
1789155007582,-5.748778045764565,-3.381809552709758,5.290589456617832,-33.61849503822083,-26.75768954525349,17.83388176254446,user,row,heavy
1789155007599,-6.199636145892739,-3.5488051185056566,5.639094851252437,-39.32984458067213,-25.476381915452244,15.155967787110269,user,row,heavy
1789155007615,-5.899611581310629,-3.4313393072932956,5.012561619788408,-34.55399872808079,-24.518610101350742,16.308055068004048,user,row,heavy
1789155007632,-6.112396838378906,-3.527855707848817,4.646548625513911,-24.903269279932935,-23.172933061264,12.758609808249874,user,row,heavy
1789155007649,-6.2306117143929,-3.366995722198486,5.3154298833638425,-17.511711984678715,-26.64426571634897,12.75665893546819,user,row,heavy
1789155007665,-5.85367517504394,-3.5009215236939486,6.0844181136071676,-17.294520506808773,-30.507419003360887,12.804676019107026,user,row,heavy
1789155007682,-6.393267789679765,-3.5087026790894567,6.272960909822583,-20.579081639039742,-28.890416113589975,8.89032363407669,user,row,heavy
1789155007699,-5.919813242340087,-3.248332810156047,6.454321685579418,-24.69039618916573,-28.56860150556107,11.183532327151791,user,row,heavy
1789155007715,-6.018125148010253,-2.9625251331053675,6.432025098097324,-25.365348652757223,-31.10274512160837,11.68056946192185,user,row,heavy
1789155007732,-6.662466423365474,-2.819771297509968,6.370974124807119,-26.124780311098018,-30.665858901537675,10.666821686251158,user,row,heavy
1789155007749,-6.293309285846353,-2.111386589050293,6.558170182588696,-24.320304096535885,-38.14197906135853,19.565406434128978,user,row,heavy
1789155007765,-6.923881563568115,-1.8755574332639573,6.6349336887955666,-26.491143120441038,-38.68449074184889,23.706147146746677,user,row,heavy
1789155007782,-7.293187169647217,-1.9910776633664964,7.018903780043125,-37.87711457062919,-38.453609857334946,22.1829090939017,user,row,heavy
1789155007799,-6.7746934571415185,-1.7345988105222583,6.681171708357334,-46.88845293509923,-37.63829359120511,25.60514293413803,user,row,heavy
1789155007815,-5.60527558375895,-1.6276079238340257,5.9156257275223725,-47.84843943803911,-37.09207653309002,28.164131363291254,user,row,heavy
1789155007832,-5.377677957484126,-1.5680527420595287,5.5306093420922755,-42.580837040679775,-34.38374601773447,30.01879751542193,user,row,heavy
1789155007848,-5.080796367102861,-1.8028338500976562,4.89599509550333,-36.113993443944196,-27.92332450636599,30.69024950706379,user,row,heavy
1789155007865,-4.358195209503173,-2.159120692388713,4.809952304297686,-25.755854473268947,-20.859296979928683,34.41727200127548,user,row,heavy
1789155007882,-3.9217052419453857,-2.475754446466267,4.88911351929605,-16.234201940055993,-22.387449353881486,35.127276995687474,user,row,heavy
1789155007899,-4.188506751361489,-3.1905729873657225,5.3778275950878855,-11.915744827876438,-22.805987978294237,30.425197186132273,user,row,heavy
1789155007915,-4.671836211505532,-3.910928411865234,5.982214461195468,-13.522043103670649,-17.429259648565612,18.743435856200257,user,row,heavy
1789155007932,-4.624253791597485,-3.7425866921573876,6.324287776955962,-14.622033116670154,-14.345613653412446,13.977181296750912,user,row,heavy
1789155007949,-4.36058824211955,-3.3936306311458346,6.196494340735674,-12.07247290989249,-13.559901988466383,15.355684225988734,user,row,heavy
1789155007965,-5.01764929831624,-2.8763340194702147,6.368130425813794,-13.608607213664097,-9.811360129500924,16.2854488493986,user,row,heavy
1789155007982,-4.956147074127197,-2.6856954200193286,6.628648909437656,-19.572489340298283,-8.467671528236302,18.464648024847847,user,row,heavy
1789155007999,-4.770297754779458,-2.6001027106687427,6.535873010584711,-28.12118142624292,-4.018293776932766,20.599188008408966,user,row,heavy
1789155008015,-6.0166299410164354,-3.038840749414265,6.144123517507314,-30.718437697768433,-0.7781091841521629,11.765822175594657,user,row,heavy
1789155008032,-5.825092639160156,-3.158849815368652,5.811477370783686,-23.251152387638985,-1.9834314396846966,6.3293292637416005,user,row,heavy
1789155008049,-5.166687182617188,-3.3611595633909106,5.3781268702954055,-12.34094032540901,-1.2051525146594884,3.327102752032982,user,row,heavy
1789155008065,-4.841075756835937,-3.4123356238767504,5.643434926283359,-0.727562102395219,4.892822660524736,1.5154757562966708,user,row,heavy
1789155008082,-4.914548404803872,-3.201047327367961,5.859660679194331,7.5874249225353845,6.831085632341315,2.3658022914515238,user,row,heavy
1789155008099,-5.637150146925449,-2.9126965417057273,6.465246399697661,13.662284816577582,6.259997721024093,-1.8377456391224403,user,row,heavy
1789155008115,-6.08396627818644,-2.868103659002483,7.504178529036045,10.969171962692819,4.369970398899791,-8.654843470930393,user,row,heavy
1789155008132,-5.567118579322099,-2.7659017601564524,7.741804212850332,4.8857670751121125,3.1191158078432775,-2.567639504067278,user,row,heavy
1789155008149,-6.117185241699218,-2.698863236889243,7.8932357142895455,2.515724303403069,1.2010225980891578,-0.4194107275119684,user,row,heavy
1789155008165,-7.194126491436362,-2.778769717296958,7.822905456000566,4.41806987169549,-3.7357301316298077,-2.509110972739204,user,row,heavy
1789155008182,-7.281218499433994,-2.8012165269047022,7.903114718747139,4.92357857547048,-8.478436760141888,-4.312592967890275,user,row,heavy
1789155008199,-6.928222807642817,-2.8223151367738843,7.786545271852612,4.698719783370375,-12.493583954301394,-5.43385347062567,user,row,heavy
1789155008215,-6.587945143127441,-2.6538226104184983,7.789686492487788,-2.336812834179874,-11.063290261908302,-3.500596814027299,user,row,heavy
1789155008232,-6.752547091785073,-2.6666920288637277,7.767840571382641,-10.191963883263423,-8.704302578257748,-3.5542304475980013,user,row,heavy
1789155008248,-6.872406227874755,-2.472611180004477,7.269396544215082,-13.057247876877634,-7.489793344765576,-3.6411875069121376,user,row,heavy
1789155008265,-6.290316533771157,-2.1709426476076246,6.450879436171054,-9.83303573483196,-10.365626565552873,0.7682691760748488,user,row,heavy
1789155008282,-6.3148571007877585,-2.039111918695271,6.073343761885166,-2.689389760456871,-10.804346691415718,3.3027388269333118,user,row,heavy
1789155008299,-6.456115583258867,-2.078616246087849,5.612909439638257,4.850992874500285,-8.56227818597744,3.636817466503799,user,row,heavy
1789155008315,-6.678775168609619,-2.401383680614829,6.025160453474522,7.803582480519717,-3.5609801686018545,1.471131286718892,user,row,heavy
1789155008332,-6.573429711040854,-2.428168811687827,6.312014570838213,7.248299200055081,-1.9655182013692802,1.2235922111495243,user,row,heavy
1789155008349,-6.311564488983154,-2.347364797918498,6.538118159162998,5.093835981571858,0.034612677310127196,3.0027340801413147,user,row,heavy
1789155008365,-6.171655667555332,-2.2834707101568577,6.72082801144123,1.6834816545711768,0.22081566695700164,5.29889192083398,user,row,heavy
1789155008382,-6.147113346973061,-2.449716918890178,6.629097822248935,0.3267773007498754,1.4182673300902857,4.73934147968538,user,row,heavy
1789155008399,-6.288372998487949,-2.586037944959104,6.589295973214507,0.4275524464047558,2.2514301334694258,2.9196693748804394,user,row,heavy
1789155008415,-6.070349840766191,-2.6420018242433665,6.4791621123254295,3.076300980474464,1.7537358064351642,2.8554982535242885,user,row,heavy
1789155008432,-5.757157751575112,-2.562543964385986,6.358553034651279,9.554817370501599,1.9809727850269034,4.857211334852759,user,row,heavy
1789155008449,-6.005257483130693,-2.8266543350219724,6.426489675801992,15.19275689352725,2.2454716471922356,4.089530515541884,user,row,heavy
1789155008465,-6.192451787346601,-2.9182319640010594,6.784719761115312,15.805397541320714,2.5427127286913165,1.7852248994996271,user,row,heavy
1789155008482,-6.494870553588867,-2.9909558394283056,7.516448228022456,9.926901317048152,2.1549599013019307,-3.1163120151889876,user,row,heavy
1789155008499,-6.095340489637851,-2.9113498032718894,7.788342092141509,3.1891228989583813,3.579651771358554,-2.8657712849228107,user,row,heavy
1789155008515,-5.943306930652261,-2.817975354003906,7.5954580518513914,0.9116583255286883,3.583353307001878,-1.0031333415353767,user,row,heavy
1789155008532,-6.141575586590171,-2.8440120047971607,7.210888241145014,3.36755967003426,3.188358344658163,-1.8189376460257523,user,row,heavy
1789155008549,-6.34508623483479,-3.0436294449955223,7.293191845822334,4.226754138609317,2.2226502776279307,-4.783339850771309,user,row,heavy
1789155008565,-6.4745204239994285,-3.0699650787353514,7.4910104199051855,1.8320550243267617,0.8431794358795223,-9.267928081019907,user,row,heavy
1789155008582,-6.170308344599604,-2.8538886711671947,7.74883718022704,-5.3231454956898725,-0.5615741514944815,-11.002406809420455,user,row,heavy
1789155008599,-5.776461002460122,-2.5212439857482907,7.610271590101719,-10.820838183166714,0.8479554456566537,-10.881361343175843,user,row,heavy
1789155008615,-5.596446380615234,-2.4621368400022385,7.313839497053623,-13.587580476304213,3.1353861722198944,-9.337047034099497,user,row,heavy
1789155008632,-5.431097997504472,-2.5246856506347655,6.639871729719639,-8.52773023538187,3.210393815581093,-8.142224113342595,user,row,heavy
1789155008649,-5.907393321228027,-2.536656366674602,6.182129715296626,-0.2849671515192886,2.049961110738617,-9.116468636174874,user,row,heavy
1789155008665,-6.032638826531171,-2.4827865370601416,6.0645145587414495,10.539419021436556,0.5679055767725247,-10.2404155376882,user,row,heavy
1789155008682,-6.436959631890058,-2.4522604658931493,6.484248037287593,19.14126876214411,-0.41216563103030385,-11.616939419614011,user,row,heavy
1789155008699,-6.456416027510166,-2.487127196612954,7.416044318509101,17.32426939573876,-1.577330056142012,-12.17333345959242,user,row,heavy
1789155008715,-6.598420359912514,-2.4919150154113767,7.995289144575596,7.140269939934398,-4.077881201025604,-12.858031749355872,user,row,heavy
1789155008732,-6.370371482738852,-2.4666256758540865,8.402900808173417,-15.922782879943846,0.16705660870157998,-12.25476809751919,user,row,heavy
1789155008749,-5.607969645148516,-2.5335142692565915,8.492984983724355,-37.9583357651444,6.539734094897489,-7.887599783726397,user,row,heavy
1789155008765,-5.540033588519692,-2.6318264671877025,8.045567963960766,-49.95086045702824,10.590073411868662,-7.3444025229981,user,row,heavy
1789155008782,-6.074838384357094,-2.773832260894775,5.937623039796948,-31.925666803379016,6.519748534499209,-8.963849766718232,user,row,heavy
1789155008799,-6.2521612828999755,-2.852841792462766,4.447084037789702,-3.252073337443804,-1.2678813988837085,-10.309998089857705,user,row,heavy
1789155008815,-6.606202099829912,-2.9842230240419507,4.675130576875806,18.306479626690567,-8.860289584748852,-14.461482690039835,user,row,heavy
1789155008832,-6.944384837892651,-3.3827082551151513,6.246925720334053,21.19974263646609,-10.35257151272804,-19.61077084304891,user,row,heavy
1789155008849,-7.2852581302136175,-3.279009395709634,7.573162048891186,7.516365341957864,-4.623714914773526,-22.969581254199795,user,row,heavy
1789155008865,-6.8372419755131,-2.9809307044982907,7.893835433748364,-5.940284676825436,-1.8110165475792415,-18.210411308467044,user,row,heavy
1789155008882,-6.371719974738359,-2.501193131366372,7.0609531157433985,-14.936457460017106,2.0851485377952304,-12.377323889344021,user,row,heavy
1789155008899,-5.86744008102417,-2.322824230901897,6.114194243189692,-9.428294092542636,-7.723985163479681,-9.601202892702448,user,row,heavy
1789155008915,-5.905898114234208,-2.449568158069253,5.700448606881499,-6.412334845177472,-11.326661502530348,-12.014981500101198,user,row,heavy
1789155008932,-6.2584431396484375,-2.5438392639160154,6.152502054274082,-10.492166065211116,-11.422417339599342,-18.16402749381349,user,row,heavy
1789155008949,-5.635651432800293,-2.353799507141113,6.014236908400059,-7.861825211119708,-12.162477727680331,-14.103622612439834,user,row,heavy
1789155008965,-5.74593434677124,-2.2783818625852463,5.702690832850337,-1.8226705578505757,-10.496462254199052,-8.388107508368469,user,row,heavy
1789155008981,-6.187964412799477,-2.596362355096638,6.183327985170483,2.1220144838403745,-11.889008906144069,-4.402183278572863,user,row,heavy
1789155008999,-6.3055789848327635,-3.1396956175655126,7.1127253885567185,-0.34211203593190603,-18.781083858905365,-3.1715923646798974,user,row,heavy
1789155009015,-6.366333605524897,-3.2273841301515698,7.489515212911367,-5.067716057525259,-21.899527960332456,-4.5756444702818,user,row,heavy
1789155009032,-6.419454370337724,-3.322254370935261,7.76799079350829,-11.6632481021867,-22.954110875729718,-6.598703386870441,user,row,heavy
1789155009049,-5.917418456158042,-3.1941634130731225,7.625383819037675,-18.147168879394606,-25.67023975957013,-5.908660900968277,user,row,heavy
1789155009065,-5.684133431896567,-3.2243905012935397,7.566426603156327,-25.542935278724848,-19.985227426558396,-3.585967988793523,user,row,heavy
1789155009082,-5.770176223102212,-3.196708421380818,7.18141080224812,-29.40536115059016,-17.815317308380365,-4.541340698949057,user,row,heavy
1789155009099,-5.77780774089396,-3.257012375696003,6.962192297261953,-28.451349355626753,-21.845214296052514,-7.881823151235859,user,row,heavy
1789155009115,-5.445760729107261,-3.2073321067258713,6.716485598322749,-25.544379863734306,-25.49334639780326,-5.515148943448101,user,row,heavy
1789155009132,-5.468357760840654,-3.3339266885504126,6.886176394551992,-26.729441590393613,-23.086992206032313,-3.645750073277706,user,row,heavy
1789155009149,-5.70762712020874,-3.600130816595256,7.214180852949619,-35.06704155739713,-11.623446028572095,-1.8706827322909458,user,row,heavy
1789155009165,-5.499183107215166,-3.7756568948492406,7.018156176546215,-34.78138255573969,-11.724535389609223,2.2470084397554886,user,row,heavy
1789155009182,-5.445762482672929,-3.9832042512640355,6.804025350087881,-31.823937965880845,-9.28455703032795,3.5503707503867092,user,row,heavy
1789155009199,-5.7146600875854485,-4.099022587530315,7.103449610689282,-32.32684820956347,-1.706979746471842,2.9335355126692115,user,row,heavy
1789155009215,-5.474642540198564,-3.968988678906858,7.4072139463216065,-34.69836843656735,-0.5395872923085345,4.742981543626173,user,row,heavy
1789155009232,-5.389049830847978,-3.982156788037717,7.410954886415601,-33.292442297811924,-6.438350608839229,5.337403515582274,user,row,heavy
1789155009249,-5.026027250561118,-3.8977597182124852,6.49217883028686,-22.7993678174412,-7.289074575626412,8.817747751503427,user,row,heavy
1789155009265,-5.196315428161621,-3.969436130413413,6.400001481848955,-18.13757929379991,-2.133969449322012,9.659575396896669,user,row,heavy
1789155009282,-4.9984951005131,-4.301632487542927,7.176023263990879,-21.556222162080104,0.5497111267623743,12.308434601375273,user,row,heavy
1789155009299,-5.456385583496093,-4.664653022003174,7.592165440046787,-31.151072125080795,5.043973893083472,10.793984440671162,user,row,heavy
1789155009316,-5.420773002845048,-4.691887942670285,7.242014031770825,-31.94494159721679,10.859424483109054,12.430559237508747,user,row,heavy
1789155009332,-5.43872951529622,-4.7165781472906465,6.733994367006421,-22.699257734776324,7.647827700460392,11.584011931399028,user,row,heavy
1789155009349,-5.884650159022212,-4.945374920222163,6.492779718789458,-1.2810743361524113,-7.284054386586452,5.175361546391953,user,row,heavy
1789155009365,-5.914127013397216,-4.952256496429443,6.618622605463862,7.464866569389614,-8.697200889068226,1.9194107959336977,user,row,heavy
1789155009382,-5.280862427851558,-4.778378769904375,7.3729486886262885,3.748126924973381,-0.9251237233122511,4.961264144216026,user,row,heavy
1789155009399,-5.2434506888240575,-4.464287686046958,8.185627592036127,-9.331474453510413,4.921341261630478,9.961551720481273,user,row,heavy
1789155009415,-5.6785991786450145,-4.450223212598264,7.9698513364583246,-13.409826510701924,5.260302205797054,7.5908494086305,user,row,heavy
1789155009432,-6.553080750495195,-4.5802582902655,7.860616470235586,-14.760204428484927,3.799483117342707,1.6341724912404447,user,row,heavy
1789155009449,-6.631192164179683,-4.558112509430945,7.650974771890044,-9.719326745529587,-1.241746533798301,-2.710752457746555,user,row,heavy
1789155009465,-6.100425830078125,-4.140771771240234,6.781877815687656,6.644317097695079,-11.058182987956425,-3.129557246093523,user,row,heavy
1789155009482,-5.600637987086176,-3.798851307953894,6.003764029702544,19.93918341381605,-17.391246230739906,-1.8987411494013582,user,row,heavy
1789155009499,-5.7052329185485835,-3.7544074783325194,6.267273511835932,16.62460701527746,-14.783968364154694,-1.3830394555071812,user,row,heavy
1789155009515,-5.493046796417236,-3.9875425727292892,7.2655059665173285,1.53678039697841,-13.985402283190668,3.867166876922948,user,row,heavy
1789155009532,-5.921161149817705,-4.046650887519121,6.909670082864165,-8.068353056147968,-7.134822864071313,4.073045000206411,user,row,heavy
1789155009549,-5.871480296325683,-4.080467816925049,6.585852554762363,-6.975412225258739,-4.963710632599359,3.030702210688636,user,row,heavy
1789155009565,-6.228665841022133,-4.176236175592243,6.209814425557852,5.152703247594082,-11.41827909873596,-7.049926174008993,user,row,heavy
1789155009582,-6.110750824737549,-4.2914565459653735,6.947825918257236,8.78833524939006,-12.683076453765997,-12.699454393622041,user,row,heavy
1789155009599,-5.618143248638511,-4.149150892528891,7.4040698030769825,6.742378123608951,-15.37995871829896,-13.421718723820563,user,row,heavy
1789155009615,-4.500950068011879,-3.9342721703127026,7.882014063051343,-0.9674749515911499,-16.280751386796922,-0.27297883550459395,user,row,heavy
1789155009632,-4.865168580085039,-3.7934637696966527,7.180513561147451,-3.2050553824144936,-15.091094650373488,3.0447115690065667,user,row,heavy
1789155009649,-5.1713265328556295,-3.6022263275697823,7.595308414247632,-4.0581893387616335,-19.80215445113996,3.948565656356575,user,row,heavy
1789155009665,-5.3320379038155075,-3.636942836163938,7.133976266378164,-2.9933675429117,-15.214178074311702,4.124915591197603,user,row,heavy
1789155009682,-5.68862314453125,-3.768473413085937,7.291992406904697,-2.4352315912515263,-16.797861593764,1.80073818009543,user,row,heavy
1789155009699,-5.853674006000161,-4.054580803735554,7.333890935957432,-3.6399158110660457,-20.410983853376557,-2.2103584984428464,user,row,heavy
1789155009715,-5.291187422510982,-4.181624298371374,7.171086976632475,-7.110041230215214,-20.39737128636072,-0.1341471297744454,user,row,heavy
1789155009732,-4.454711463928223,-4.033481901605427,6.625057606947422,-5.996101836496426,-18.602038987549946,6.796751552044131,user,row,heavy
1789155009749,-4.7399219057381154,-4.135834607098996,6.288673442739248,-1.1205068340491664,-14.934420356097151,9.456221882285172,user,row,heavy
1789155009765,-5.387103372955322,-4.187009790802001,6.480956594526767,6.467766526047181,-19.50288971265585,6.947830640729758,user,row,heavy
1789155009782,-5.340115996330976,-4.2365389608636495,6.86297964335978,7.811163136724785,-20.01003979626576,5.0115172610343945,user,row,heavy
1789155009799,-5.0959103496044875,-4.192397913581132,6.890217194375396,7.657051870934494,-18.777501424685695,5.636719480485158,user,row,heavy
1789155009815,-4.987570386394858,-4.1308951048702,7.408409293586015,2.8878710023126217,-12.673977788017893,5.178062032435046,user,row,heavy
1789155009832,-5.146336760766804,-4.1522941589906806,7.638253237482905,0.05497971111067011,-9.23725370145738,4.732868594786323,user,row,heavy
1789155009856,-5.3669028809696435,-4.476708483941853,8.447345514577627,-13.767585843011668,-6.8713679536319345,3.181689732150703,user,row,heavy
1789155009865,-5.07226673142761,-4.530578898078203,8.914813388723134,-19.3909070536662,-6.94860800163467,5.211016841406712,user,row,heavy
1789155009882,-4.657770861274003,-4.120571571515501,7.927504479116201,-24.59672014469901,-0.45257767255430076,8.776787960824507,user,row,heavy
1789155009899,-4.758326161956787,-4.025401178741455,7.458388837763667,-24.139244319375308,2.7464051914403758,8.167294322691127,user,row,heavy
1789155009915,-5.326500143432617,-4.481197319793701,6.218342599928379,-8.975076036392794,0.6435615544963461,2.735281161159952,user,row,heavy
1789155009932,-5.384710340338945,-4.648792312787473,5.549912592977285,5.951875934733771,-5.353055747839004,-2.111053310882973,user,row,heavy
1789155010810,-4.678122159907222,-5.665730344721674,6.15953735973835,-2.3682186843138275,11.454229799432323,-4.457880056159732,user,row,heavy
1789155010815,-4.764012975421547,-5.685481339374184,6.281639890840649,-3.0305892991239194,12.022498123282798,-5.34101924697415,user,row,heavy
1789155010832,-4.733786763983964,-5.60482725546956,6.431876629537344,-4.243647757747698,12.962012841732854,-7.084335813273871,user,row,heavy
1789155010849,-4.1880584230721,-5.551855543738603,6.224179635518789,0.11069650235242642,8.454391079168857,-4.945333154863794,user,row,heavy
1789155010865,-3.7030820725038645,-5.370044686126708,6.184524501478672,6.734110606505474,3.473443183538502,-1.3274617793439645,user,row,heavy
1789155010894,-4.466831525310874,-5.31183507374227,8.135947907587886,7.049781886262776,-1.0608029765753215,-1.6388015452287152,user,row,heavy
1789155010898,-4.466831817571818,-5.31183565826416,8.135948492109774,1.451728960442707,0.03921847263664381,-1.338325515383987,user,row,heavy
1789155010915,-4.301481973156332,-5.819256188091635,8.774002650019526,-16.963906907581595,3.4389718591276823,1.3011531713215447,user,row,heavy
1789155010932,-4.497058905792236,-6.060622227478027,7.617004697749018,-19.33864756877914,3.7702400892981203,0.689397780077538,user,row,heavy
1789155010949,-5.356129265759885,-6.161478556933998,5.74488980615437,-8.075831259515486,4.696375747824591,-5.430446486890303,user,row,heavy
1789155010965,-4.925771809607744,-6.027852761298417,5.682789616072178,-3.8543649679842287,6.912595829235778,-6.347648257982398,user,row,heavy
