epoch_ms,acc_x,acc_y,acc_z,gyro_x,gyro_y,gyro_z,participant,label,category
1788983570992,-2.548327667084668,-3.750366678509116,-11.342530364990234,0.9937410843746686,-22.45660843432245,-5.207973138357825,user,squat,heavy
1788983571009,-1.5031089808481743,-4.598213049151003,-11.37021332168579,11.355764938583771,-59.27335150423279,7.0983654487159,user,squat,heavy
1788983571025,-1.669506032761652,-2.7923867392390966,-12.661585842132569,16.014814556367888,-40.820058668880094,-8.056667456251724,user,squat,heavy
1788983571042,-1.4155710739802567,-2.9421739806026217,-13.450176013946532,8.562222690690435,-11.414495173935771,-27.856624294026236,user,squat,heavy
1788983571059,-2.822314150393195,-3.806181212450564,-12.490401007953285,18.96892430636447,-47.66601874568641,-18.92510181264967,user,squat,heavy
1788983571075,-2.104801876897737,-4.211100860485434,-13.603255282592771,25.228785850491988,-42.75671782690219,-28.004933314116595,user,squat,heavy
1788983571092,-1.4853022338649258,-4.243721565844118,-14.309544772338866,38.47720474582275,-28.507377397388368,-29.756979289062414,user,squat,heavy
1788983571109,-4.196735504394025,-5.978769581438601,-14.43598854751587,61.072095482534,-9.781411457537711,-42.11216653530643,user,squat,heavy
1788983571125,-5.809978510528057,-7.351994163402915,-13.116184882354736,75.93983953195348,25.531996730769077,-55.06027225811549,user,squat,heavy
1788983571142,-4.123562862285971,-6.666803575786948,-11.058369139972328,80.88506041558279,5.825012001089954,-53.95480272585434,user,squat,heavy
1788983571158,-2.739414917910285,-6.95590313398987,-9.839421219745278,95.02290312953804,-21.08507742067992,-52.12778517948387,user,squat,heavy
1788983571175,-2.887256980022788,-7.531708633257448,-9.887155615344644,122.7142931947106,-63.05876528565892,-48.38548696719345,user,squat,heavy
1788983571192,-3.080738401684165,-7.293934773144126,-9.501838785663246,132.13018707881508,-87.34057955867449,-53.85724371884447,user,squat,heavy
1788983571208,-3.206882901653647,-6.982239644512534,-8.330026710620523,134.4321657347845,-112.96082404106744,-58.28617060311251,user,squat,heavy
1788983571225,-3.2686832320064303,-7.362767486351728,-8.192510337287187,138.51230217889668,-171.36256144493657,-62.92059738893873,user,squat,heavy
1788983571242,-3.552695550072938,-7.873181937298178,-8.724172158923745,136.652714875469,-196.7752091576961,-71.5107145721995,user,squat,heavy
1788983571258,-4.908561877740175,-8.026710118755698,-9.030929246631263,124.30414266743614,-194.7532545973189,-84.77943620483813,user,squat,heavy
1788983571275,-6.488735265704244,-8.002019914135337,-10.065074726215004,121.26229059981428,-185.8975455081822,-112.96216958833392,user,squat,heavy
1788983571291,-6.31126492151469,-7.864353903198242,-10.748320024982094,128.47670523139692,-165.87882112638675,-124.70782050776224,user,squat,heavy
1788983571308,-5.851578202764689,-7.087584517559408,-12.274922858539224,160.9910284732989,-187.02619328739175,-126.36267972100794,user,squat,heavy
1788983571325,-6.536768936511129,-6.962188790130615,-11.990761048999428,203.670968143741,-161.27133943683623,-130.31821985428076,user,squat,heavy
1788983571341,-6.810156984710693,-7.40586370075643,-11.392809184375404,227.1184474888828,-146.28959269998006,-154.3341895044211,user,squat,heavy
1788983571358,-6.035782385253906,-7.401374572643637,-9.150041071484983,238.54241698897104,-167.77735416846184,-184.37259649295007,user,squat,heavy
1788983571375,-5.17791000289917,-7.627925904735922,-8.56391057755798,259.450145132757,-213.29475932580232,-207.8396921413882,user,squat,heavy
1788983571392,-5.327697244262695,-7.560739205169678,-8.634240251325071,278.3492512454256,-226.35137626395536,-231.0021067113304,user,squat,heavy
1788983571408,-5.28729523737803,-7.324909757122397,-7.676260165924578,290.66962843256465,-228.31203670672087,-261.2535336396938,user,squat,heavy
1788983571425,-2.0334257262850177,-6.938994377025962,-6.616676732093096,297.1182559147838,-208.30833874109948,-279.0941516763072,user,squat,heavy
1788983571441,-0.7240967299196869,-6.783672297888994,-5.528511858356371,291.62702970890365,-204.8759091359796,-279.7260807783168,user,squat,heavy
1788983571458,1.3162119242794812,-6.240337574115396,-3.653552870476176,283.6296431720058,-209.50043897769848,-271.69293137092467,user,squat,heavy
1788983571475,2.0087350467406213,-6.029499359461664,-2.9759934672918167,276.8304903815816,-209.80830292434763,-259.6564714872047,user,squat,heavy
1788983571491,2.805405210766196,-5.371989974975586,-2.3784910269357264,260.7154240161235,-197.17778050737667,-248.02411291553943,user,squat,heavy
1788983571508,4.026448057445884,-4.530278453826904,-1.578378613501787,241.4213963656448,-183.7335776545821,-236.0058486557684,user,squat,heavy
1788983571525,5.023783271026611,-4.112941515028476,-0.7221513680055737,213.4432476383584,-162.55757334057634,-212.10164822120612,user,squat,heavy
1788983571541,5.113715470886231,-3.9282869584232567,-0.4293108697086572,192.92856956055,-151.4301843146284,-197.3030325163764,user,squat,heavy
1788983571558,5.142444721764326,-3.469945809063315,0.0281312849849462,172.35937291278654,-136.56557532203797,-185.79022957594293,user,squat,heavy
1788983571575,5.393538374438881,-3.117402537214756,0.2091936623170971,154.64355609268765,-121.54999182803355,-174.51160650139258,user,squat,heavy
1788983571591,5.769427450561524,-2.829347811889648,0.587625993181765,132.2232005949323,-125.96915154178848,-153.4674794798815,user,squat,heavy
1788983571608,6.842478122600912,-2.546682962909341,0.9365808851495384,111.27798154279218,-108.32613087786356,-135.95435535359186,user,squat,heavy
1788983571624,7.089380753326416,-2.511668348151445,0.6217442436218261,92.3506462582839,-94.06498958901126,-117.16145868251697,user,squat,heavy
1788983571641,7.02892716140747,-2.659659353747964,1.0853209555476904,80.27873086258242,-93.40754290026253,-99.54972711517988,user,squat,heavy
1788983571658,6.619816783684492,-2.3823802894592285,1.4145236838191746,67.57220210052753,-80.28276067419273,-92.16545933931737,user,squat,heavy
1788983571674,6.560113133350014,-2.365771684485674,1.510740663036704,53.710302444135394,-66.17785996260446,-86.83270718255986,user,squat,heavy
1788983571691,6.947821826604009,-1.8484733192443847,1.047313296453655,41.24070952929367,-8.613417519840619,-70.12062764212934,user,squat,heavy
1788983571708,7.19472679541707,-2.4540578707039358,0.5217863243103027,46.02132626902026,3.187613000264985,-60.67670949186029,user,squat,heavy
1788983571724,7.22659902049601,-3.090017978943884,1.1727096084043382,56.32287029223278,-2.587731999614752,-57.4701883935386,user,squat,heavy
1788983571741,6.44130087596476,-2.906262709265947,3.5202240439265964,43.90737930580673,-41.10038670789034,-72.10631389801378,user,squat,heavy
1788983571758,6.834695798161626,-3.0111577927187083,3.963599971605837,18.754343668304767,-39.98133534446463,-75.9362127015042,user,squat,heavy
1788983571774,7.299921446338295,-2.883069465205073,3.5676600411012767,-10.914923185209991,-21.585260711336414,-73.17235616329103,user,squat,heavy
1788983571791,8.622717279052734,-2.1622645433723924,2.912246752111613,-45.94108520665095,11.666439508076389,-53.87157004062856,user,squat,heavy
1788983571807,9.286810133582351,-1.7814374263256787,2.5380033973693847,-65.54611527570246,29.26826217847508,-38.1933933103358,user,squat,heavy
1788983571824,9.281123904639482,-1.5927444079846145,2.416048750305176,-77.03960244116308,37.52027475253646,-28.346283970719032,user,squat,heavy
1788983571841,8.830564495196938,-1.4543290399849411,2.1972785736083984,-80.57604899715308,36.76128705649172,-27.726842162059526,user,squat,heavy
1788983571857,9.249697085240484,-1.5334864555910228,1.7853250814139845,-72.71930971564409,31.04777234407352,-26.24370756492628,user,squat,heavy
1788983571874,9.709087451392412,-1.7396882426157592,1.2964596144527196,-58.254027732878434,23.892435433716894,-20.374500397924933,user,squat,heavy
1788983571891,10.542565981724858,-2.7421093811586497,0.8904922109305858,-40.80646317733719,23.04274624058897,-5.153205693384901,user,squat,heavy
1788983571907,10.602721467480064,-3.902848273523152,1.1149486165702345,-35.01188094966011,27.683653168390244,6.3843916875093045,user,squat,heavy
1788983571924,10.522215267613529,-4.635025068719685,1.0313020728513598,-32.38402713820023,33.83463637450588,17.46370600009728,user,squat,heavy
1788983571941,10.129119620624184,-5.813422659632563,0.9926952788203954,-25.00783264593666,33.34833373579014,24.80694653716283,user,squat,heavy
1788983571957,9.106796096259355,-6.79549396084696,1.025316568700969,-15.198373016572294,31.51333169827993,25.596548848614862,user,squat,heavy
1788983571974,8.469489541846514,-7.200712591828405,1.2137100195735693,-6.270263495346622,30.497361549808044,19.320878831653356,user,squat,heavy
1788983571990,7.923909669494629,-7.373243872180581,1.6720497076287866,1.4929655872264245,28.078888894902203,6.951960343856677,user,squat,heavy
1788983572007,7.834277329364419,-7.018454282709956,1.5593734687805174,7.620480476797308,24.241801317310344,-1.982875419597575,user,squat,heavy
1788983572024,7.914183809772133,-6.81165511431396,1.64735979526937,9.26876563296688,24.140543762864905,-10.047053736058784,user,squat,heavy
1788983572041,7.827842327880859,-6.196045135663449,2.6731258613035083,4.013187356754536,12.251990771847934,-18.738279063376897,user,squat,heavy
1788983572057,7.810933278656005,-5.4394774110540745,2.3555945738643405,1.7937878222847077,5.533239980125349,-21.37010121474455,user,squat,heavy
1788983572074,8.14612151107788,-5.245547368842363,2.050783359527588,-2.790950404546729,10.143762384516997,-18.36596374417221,user,squat,heavy
1788983572091,8.563311734881996,-4.739622630530596,1.9143138648986813,-9.503539725307729,21.514590451541583,-10.854303548778836,user,squat,heavy
1788983572107,8.626458219146729,-4.2099052209600805,2.2149358108520505,-21.905340451316132,33.95949223253371,1.9259703388578489,user,squat,heavy
1788983572124,8.37671247394979,-4.205416092847288,2.1000132543817163,-27.50661295755622,37.76117210946823,8.654638565255292,user,squat,heavy
1788983572140,7.382668118607998,-4.312106827545166,1.8833374196156856,-25.918474447217783,31.65644465195921,7.011900376465417,user,squat,heavy
1788983572157,6.904877003368735,-4.361787388776243,1.879597648565471,-20.259695163260773,19.79858909239321,-0.0720919796788234,user,squat,heavy
1788983572174,7.0557117079585785,-4.314501905988156,1.9382550047174092,-18.413759700436668,15.798365861570186,-1.854167334877855,user,squat,heavy
1788983572190,7.211186347308755,-4.418051420050859,1.6967410812929271,-17.095306086834302,15.348268348097394,-4.447148548313173,user,squat,heavy
1788983572207,7.445667303356528,-4.291158147540688,1.9607003530204292,-16.248849280731083,10.550595772239635,-8.75339541669086,user,squat,heavy
1788983572224,7.678652467888593,-4.209755583356321,2.3175860379874704,-17.839241753495628,3.241239376759694,-9.712150778032845,user,squat,heavy
1788983572241,7.649322913029789,-3.9208044937133786,1.6325453802362084,-13.769681003539567,4.058080055734913,-10.133126072431994,user,squat,heavy
1788983572258,7.180509469494223,-3.1865333565860983,1.4585174315854903,-12.243644280682178,14.025057507738117,-11.331622781188717,user,squat,heavy
1788983572275,6.974158044865727,-2.8827687286928296,1.5064000034838914,-9.877734200307817,18.166957644967425,-13.612209284677633,user,squat,heavy
1788983572291,6.524200108447671,-2.1586729486212133,1.868826955965161,-11.763224142389117,21.785716518192533,-15.30386528830314,user,squat,heavy
1788983572308,7.150881223949789,-1.1436807900577783,1.9669857169002292,-14.677321790454116,21.351106458662745,-9.133847198744323,user,squat,heavy
1788983572324,7.4438722366333,-0.7214037645086646,1.9366098678588863,-17.056244234971,19.88375984379598,0.6811093455197276,user,squat,heavy
1788983572340,6.883031666785478,-0.1701394167795777,1.9532199341371652,-20.571016893177248,23.489010310390096,8.414030637589606,user,squat,heavy
1788983572358,6.387430169567465,-0.2289461182743311,1.8399428067862984,-23.83876380721894,26.672675888201635,15.601680319135914,user,squat,heavy
1788983572374,5.9394157684326165,-0.347758375659585,1.827373540331423,-20.59219218715158,21.001238556165305,17.039112412985315,user,squat,heavy
1788983572391,4.522197438701987,-0.966360229602456,1.395818691088259,-6.566292004824614,7.902130157411953,11.361832707887682,user,squat,heavy
1788983572408,3.903446531677246,-1.6888105805546043,1.0524009749814869,4.910847956631223,3.158168268196472,6.989804714500425,user,squat,heavy
1788983572424,3.752014445716143,-1.9671371080696585,1.0199299072265624,11.09734046246811,4.232494058833066,3.28860225634209,user,squat,heavy
1788983572441,3.329285877007246,-2.6735753586366773,1.6374837134212257,12.60171182527822,3.656778694353161,-3.3261828109291462,user,squat,heavy
1788983572458,3.572747427368164,-2.914941398023069,1.5819681624263524,10.425259239648964,8.263178225807058,-10.24309894825837,user,squat,heavy
1788983572474,4.219928894585371,-2.7699416831970214,1.3929758688777685,10.782585708720058,10.92050430353554,-7.838229468858253,user,squat,heavy
1788983572491,4.861726915198564,-2.793884868842363,1.511190160369873,10.540532342271268,12.351558708247442,-4.961519422536255,user,squat,heavy
1788983572507,4.773141453772783,-3.122339701355993,2.3662191359922287,4.418210317460298,14.872584945993731,-7.755578203485575,user,squat,heavy
1788983572524,4.80725882743001,-3.276466725489497,2.7578210372924805,-0.6114981919330733,15.31394664751808,-11.156395985579332,user,squat,heavy
1788983572541,6.1343923970878125,-3.499275948444009,2.837427073448896,-2.5503486667399797,18.57805990092132,-7.911898181698718,user,squat,heavy
1788983572557,6.419155095130205,-4.0598192889109255,3.136553812408447,-1.7061585229458538,25.193823819677984,-7.062964151360901,user,squat,heavy
1788983572574,6.310515856713057,-4.323180010223388,3.5037630307301875,3.4349490911499565,23.20269390302504,-11.50689311925406,user,squat,heavy
1788983572591,6.956950889477134,-5.093814838629961,4.001458577618003,10.226092630998684,21.13227061275012,-13.459143891604,user,squat,heavy
1788983572607,7.246799512481689,-5.859510457068682,5.266943792614341,9.369452012842975,19.58892619053592,-16.03005270840619,user,squat,heavy
1788983572624,7.392544784978032,-6.01378565750122,5.7845399717584245,4.902456642349039,11.656110554504036,-17.673377439691038,user,squat,heavy
1788983572641,7.300518827709555,-5.961263443103432,6.353911346325278,-2.0094431479216324,0.9854174316539502,-20.449859582584978,user,squat,heavy
1788983572657,7.928247990959882,-5.553201113128662,6.053886781743168,-11.313938567653906,-4.892205809065319,-20.391982267105583,user,squat,heavy
1788983572674,8.386889584571122,-5.360020427979529,5.398924451391399,-9.970602574905186,-3.688365757943531,-15.790369417599392,user,squat,heavy
1788983572691,9.331549439018964,-4.808754326684773,4.9806858875781295,-2.297936037754396,-8.609771906371124,-7.47654533909669,user,squat,heavy
1788983572707,8.7853733543396,-4.921581664441526,5.852624789208173,4.185397343184889,-20.08675306592876,-3.6911533288985434,user,squat,heavy
1788983572724,8.521561089867353,-4.99280828704834,6.330566711094975,-0.6060149907725811,-21.047844351966887,-5.231863432527237,user,squat,heavy
1788983572741,9.700555769890546,-4.854693071039021,6.63358344323039,-9.661177076257037,-14.480953851816247,-0.1735410062046476,user,squat,heavy
1788983572757,10.78976847217977,-4.932954122327268,6.272508489879965,-16.262209130747628,-9.50082643265994,10.632658787570046,user,squat,heavy
1788983572774,10.84079547958374,-5.140201911273598,6.292709566387534,-17.378741861916907,-12.424612704062604,14.234338772775535,user,squat,heavy
1788983572791,11.068093246129154,-6.193350782012939,6.526443211199343,-14.21261791744125,-24.38116791222987,11.837355600545848,user,squat,heavy
1788983572807,11.365724193572998,-6.842479291644692,6.371269308361411,-5.066606578671956,-38.23163212440412,9.594923387534267,user,squat,heavy
1788983572824,12.917615197643636,-7.969250740216672,5.820751687346399,-0.7314554169438321,-33.88992675583713,18.14663441709205,user,squat,heavy
1788983572841,12.730267748692633,-9.112332103076575,6.438306662584841,-8.938006038446195,-22.49336680488817,20.557788524302225,user,squat,heavy
1788983572857,11.991957565307615,-9.561544189563394,6.982389866638183,-19.02529556513188,-15.289863400504617,9.442558942624208,user,squat,heavy
1788983572874,12.811672358703612,-10.328286978967489,6.644058367754519,-11.913561728662971,-17.056964819928435,-7.353786349144051,user,squat,heavy
1788983572890,14.72927766636312,-10.666917168536784,6.129454063902795,7.71060140780104,-23.72782787471959,-16.222462552420033,user,squat,heavy
1788983572907,15.485247425079343,-10.848277944293615,6.348374170464277,24.67463552765593,-25.483609963141408,-24.804065904880375,user,squat,heavy
1788983572924,17.07933623341024,-10.576536640387772,7.585728392736613,28.363081113435385,-16.584705050146244,-25.928055495076016,user,squat,heavy
1788983572940,18.740015528979896,-9.76370488450378,8.526798405998944,20.013270475743177,-5.063134708139473,-20.063154762346365,user,squat,heavy
1788983572957,18.991853862541912,-9.488071833856404,8.684816592352092,15.570669552756764,-6.063738211639301,-16.082481240475207,user,squat,heavy
1788983572974,18.730587775421142,-9.169194684766232,8.629600024303793,11.727686668137538,-5.091225995535266,-12.339934580053724,user,squat,heavy
1788983572990,18.31923458720744,-8.958953559222817,7.842954556816815,14.877309729352088,-3.205812679638719,-6.266807419626596,user,squat,heavy
1788983573007,17.43562453700602,-9.057565324622392,7.475745338495075,20.977331186522967,-6.385378222957548,-4.448707538991228,user,squat,heavy
1788983573023,14.70369022064209,-8.955961099408567,8.268824053899943,13.184352574689694,-17.602500566673815,-16.02005501900858,user,squat,heavy
1788983573040,12.82005206451416,-8.099136180280148,7.841908262634277,0.7517945997142194,-23.85908020490514,-27.82700517869047,user,squat,heavy
1788983573057,12.562225304192305,-7.250840312305092,6.597969985796511,-5.666353536859727,-22.35693889885904,-33.45303370557727,user,squat,heavy
1788983573074,11.966520341712236,-5.178958342908323,4.008941042327881,-0.3483651007974792,-13.96951014053934,-32.762484505016054,user,squat,heavy
1788983573090,11.155032693913578,-3.180398214831948,2.2589283895745877,13.22977760153851,-12.20862675458117,-29.47508372163765,user,squat,heavy
1788983573107,10.761638356238604,-2.3986919573128223,1.7693150268554687,28.57373951536421,-11.609094093578609,-23.117354104440317,user,squat,heavy
1788983573124,9.9215716796875,-1.5875059228092432,1.859246642193198,36.17816990138564,-6.728343792411867,-12.262247154660354,user,squat,heavy
1788983573140,8.410380934795736,-1.7181395508915185,3.1708205314084887,25.643386870848225,-2.2225486785640265,-5.129872486519668,user,squat,heavy
1788983573157,7.82754129910767,-2.122609409332276,3.731511755913496,6.067361626993993,-4.084987585970179,2.4942685447859434,user,squat,heavy
1788983573174,6.16087942199707,-3.7159514909490943,2.668935423876345,-9.406617633437955,-7.008868199360754,5.151030278134252,user,squat,heavy
1788983573191,4.362386231452226,-5.675006999371946,0.9961366514459252,-16.173478143239993,2.555462557437614,-0.7272046380417041,user,squat,heavy
1788983573207,3.023727059173584,-6.438159070807696,0.5256766097471117,-12.939393816522712,6.663327221702517,-21.31538456930358,user,squat,heavy
1788983573223,1.4712357511222365,-6.810157569232583,-0.001048047748208,16.311410398433814,-11.351314216565862,-62.81903930616981,user,squat,heavy
1788983573240,2.0412077219307423,-5.581034584210813,-0.5862801315307616,48.27836569534556,-23.19978082734403,-88.5594677971983,user,squat,heavy
1788983573257,3.180097770580649,-4.401142078565061,-0.1720838288456201,71.42897086821279,-27.514167146778256,-101.1739734205656,user,squat,heavy
1788983573273,5.217562214329838,-2.055871476446837,1.6490055166497826,75.87743892369625,-31.694164371650604,-98.85972091465769,user,squat,heavy
1788983573290,5.996725217106938,-0.487519897571206,3.730314362822473,59.33871641458982,-31.399178746681507,-91.5808088067426,user,squat,heavy
1788983573307,6.388478217315673,0.0185541860833764,3.960308528845012,40.68939373496317,-29.303017596066688,-79.7038679910883,user,squat,heavy
1788983573323,7.088482927703857,0.526124791906029,3.6752486014217136,23.838056882639844,-31.379808330195356,-60.87923826112952,user,squat,heavy
1788983573340,6.973561248016357,0.2688978971734643,2.892644226019084,18.400867718378265,-33.1666746095299,-48.60371492626994,user,squat,heavy
1788983573357,6.637476359015703,-0.0561152704536914,2.486378424072265,18.892291291424225,-35.089669974117385,-42.72333186223917,user,squat,heavy
1788983573374,5.931037231665849,-0.7205060119513422,1.3163622925356029,27.49320871131007,-34.86379903335965,-40.0480765379394,user,squat,heavy
1788983573390,5.280860089763999,-1.2252336494330316,0.9555848608270286,31.23179130069201,-31.9612486738602,-42.176387388977474,user,squat,heavy
1788983573407,4.97290882383585,-1.2982569461982696,1.045368592126667,29.28332274559496,-28.97942030866441,-48.882318342514765,user,squat,heavy
1788983573423,4.921281512451172,-1.114501749585569,0.9413700191222132,29.403551150460107,-31.371482329597107,-57.53072436015242,user,squat,heavy
1788983573440,5.907542958831787,-0.4121028010046109,0.1096840712949633,33.49935946362288,-29.66072484818401,-55.84790235244468,user,squat,heavy
1788983573457,6.187963828277588,-0.1518829624006059,-0.0260367969237267,36.30720242009093,-26.11827455591358,-53.53634094106975,user,squat,heavy
1788983573473,5.955127132305503,0.3896554890733678,0.2163752443842589,35.657928052684106,-22.06166299085022,-53.85435796392013,user,squat,heavy
1788983573490,6.322637087139487,0.912638832015358,0.505923861528933,32.66196119590639,-19.56017109413016,-53.01803203590334,user,squat,heavy
1788983573506,6.517315025109053,1.1339528845086693,0.508917198126018,31.57675683491267,-18.270788473182662,-50.927700451745125,user,squat,heavy
1788983573523,7.101352930670976,1.4249980238214135,0.5792476025454699,33.94319881626865,-20.155379391614463,-46.7216631306621,user,squat,heavy
1788983573540,7.230638066753745,1.3245910455681382,0.8143274012692272,36.8960159529648,-21.487665845833394,-43.65398270269384,user,squat,heavy
1788983573556,7.320420044487714,1.3124702535331247,1.1324570929929614,34.74758677972646,-20.572548563098625,-41.18283050626698,user,squat,heavy
1788983573573,8.229620463019609,1.2648858608637004,1.4330797695986923,33.072318961240754,-21.18891337153704,-35.52390608079011,user,squat,heavy
1788983573589,8.210314874047041,1.2003916883170604,1.490540171051025,33.07409822551954,-21.21652953389869,-31.151816615700326,user,squat,heavy
1788983573606,8.253411088451742,1.1553509157158437,1.5031092913754285,31.86609047834358,-20.270164135711116,-29.561133859896056,user,squat,heavy
1788983573623,8.399607611846923,1.237950872991234,1.7404345309384166,27.77625004296811,-21.608937562094265,-27.712725868592404,user,squat,heavy
1788983573640,8.734645622143148,1.266681292913109,1.6639697154171764,18.927644350568208,-22.01734530842059,-22.720841132553563,user,squat,heavy
1788983573656,8.751255980682373,1.264885641667992,1.489193286486715,13.5174532165484,-20.828023251266487,-18.44527760836169,user,squat,heavy
1788983573673,8.505100953453779,1.23899819008708,0.9328402373164892,11.602226338368158,-19.33099263426685,-16.769902214396556,user,squat,heavy
1788983573690,8.611943371582031,1.612194519994408,0.6916241277948022,9.385147787555663,-17.224958445206777,-15.696119637242388,user,squat,heavy
1788983573706,8.693645503234864,1.9699783228449523,0.6356603946410119,9.025543450396372,-16.79801698056762,-17.60336117050924,user,squat,heavy
1788983573723,8.990975421905517,2.6422997842766343,0.1381150698788464,14.112872396123324,-18.686577946454484,-17.76518030477789,user,squat,heavy
1788983573739,9.71716671295166,3.2809532232537864,-0.1707365789551287,22.7587794182984,-20.20565982918951,-13.5099254943094,user,squat,heavy
1788983573756,10.143033579686284,3.5715491574943066,-0.1155206684939563,24.73410598475923,-17.98664918861555,-4.767378125567813,user,squat,heavy
1788983573773,10.525209773254394,3.7819399206414817,0.2687488440915942,22.77800810835928,-15.603239309813969,5.193691212803328,user,squat,heavy
1788983573789,10.484508345031738,3.325844212120771,0.7802103198729455,14.22432998432053,-13.93503732202464,16.771546582439235,user,squat,heavy
1788983573806,10.273668376812338,2.992900689885765,1.0339948921319098,4.530298844382085,-12.115625191294985,21.180329531297623,user,squat,heavy
1788983573823,10.257658322253825,2.145503085924685,0.9473554502073674,-2.2478137617473157,-10.67754252192714,24.050096690328303,user,squat,heavy
1788983573840,10.030957937079668,1.3729242838434874,0.7372640353329479,-6.81795928941702,-7.551628754868994,25.15131613737841,user,squat,heavy
1788983573856,9.759216048651933,1.0781382044367491,0.7609065575312822,-9.600424251137069,-7.607753273052635,22.2836970728417,user,squat,heavy
1788983573873,9.35220235094726,0.5110115400567651,0.6398496630243957,-11.79710358821967,-9.404843491801044,16.23114372285512,user,squat,heavy
1788983573889,9.432705628204346,0.2979275923028588,0.5659288328975439,-16.683350057234154,-8.117629455915026,9.008035968006336,user,squat,heavy
1788983573906,9.610324879345296,0.4011773927666247,0.5888240438599139,-20.126861644282368,-8.222930482349112,5.826670456397798,user,squat,heavy
1788983573923,9.611972062030434,0.7915820471063256,0.2702447086725383,-18.47692358233365,-11.11214062862588,1.0663276391185097,user,squat,heavy
1788983573940,9.593265023472904,0.9762342656239866,-0.1663979652289301,-10.54332418209451,-12.318352889823778,-3.084670950415492,user,squat,heavy
1788983573956,10.277260263824465,1.3416497323967516,-0.3033157150819897,-6.192071489728317,-7.773928360464461,-1.0356067288922617,user,squat,heavy
1788983573973,10.727669451141356,1.5653580961480735,0.1623565078184008,-10.739644309408186,-1.0945683369023969,3.38736764551412,user,squat,heavy
1788983573989,10.663176812964675,1.6355382784418762,0.4770440962642431,-19.622884183541927,4.688924865213753,7.324287615892412,user,squat,heavy
1788983574006,10.034098573192953,1.6154864011466503,1.031302511242777,-29.88787986450571,6.362992277952832,5.341952421569503,user,squat,heavy
1788983574023,9.539396655163168,1.2392976114250718,0.7553698931269347,-28.54102461678714,4.573972354595616,0.9309612938967906,user,squat,heavy
1788983574039,9.69187912696004,1.1254233949638903,0.5568018158510327,-21.08986879838268,1.192592223662658,-2.012178852127634,user,squat,heavy
1788983574056,9.922617973870038,1.1309598401725292,0.434397086931765,-8.442784880221714,-4.16611657293159,-3.7754895165620974,user,squat,heavy
1788983574073,10.128370848083495,1.2381005105949938,0.6382035032525658,-3.5368341692253904,-4.4980915142377125,-2.9290438095162816,user,squat,heavy
1788983574089,10.09230877009928,1.3413506033197045,0.8321343491818756,-3.0721125804093656,-2.7160482022308425,-1.0999879852870962,user,squat,heavy
1788983574106,10.229526452746986,1.449538590838015,1.0606314085144548,-5.886935776765759,-0.7803416421545522,3.073069020336579,user,squat,heavy
1788983574123,9.87742800205648,1.4243991811454295,1.0342943134699016,-7.499011538824154,-1.750556460098229,2.4265386814288044,user,squat,heavy
1788983574139,9.5886291803658,1.3813038435235618,0.8845078758239746,-6.425241768274681,-4.768345451109016,-0.9039482158945076,user,squat,heavy
1788983574156,9.779566178241373,1.137843316075951,0.4186857230588793,-2.1597470101364635,-4.443120444250158,-1.386683895037912,user,squat,heavy
1788983574173,10.1632375788033,0.9222156751886008,0.2712921718988567,-0.9995208117946746,-0.0139791894257277,2.4095989585135267,user,squat,heavy
1788983574189,10.177751257324218,0.8852550409294664,0.438437740624696,-3.463204943416065,5.163495373369525,5.70423120467568,user,squat,heavy
1788983574206,9.81308383243978,0.7846984250724315,0.7176618745665997,-5.783370899041325,6.770768231780933,4.608248805171678,user,squat,heavy
1788983574223,9.455750403705238,0.7006024570856243,0.7535745341427624,-4.4132823359741336,4.875233642751484,0.9418937587153364,user,squat,heavy
1788983574239,9.447070838165285,0.6166555421806872,0.881215921606496,-5.543855801642842,2.2365234590492844,-0.7843030451514537,user,squat,heavy
1788983574256,9.662550156623125,0.553209344317019,1.457319819298759,-15.858331507388312,1.808960020308833,-1.1647778790933678,user,squat,heavy
1788983574273,9.561992517852785,0.4999383573785424,1.433976426177472,-22.824385092823665,1.749745481855996,-2.7634742610630605,user,squat,heavy
1788983574289,9.441384609222412,0.6159073541618884,1.167023306396231,-22.43824547073887,0.3755999465043761,-6.320420135742965,user,squat,heavy
1788983574305,9.497498710632325,0.95618355737254,0.4534012818049639,-11.771796883571126,-4.128507416927384,-9.346866284805037,user,squat,heavy
1788983574323,9.90750574493408,1.2566557195916772,0.2880521680418402,-3.9301826290923088,-5.590711326235952,-7.59025945104094,user,squat,heavy
1788983574340,10.132560700988767,1.3105249646842478,0.4801865590084344,-2.5139934907787054,-4.881547298865514,-2.620146796755163,user,squat,heavy
1788983574356,10.069114356994628,1.255308835027367,1.0951966720696538,-9.035345625628986,0.5672189293175269,1.942770042895141,user,squat,heavy
1788983574372,10.161890840369464,1.1406867228083313,1.198447641577199,-13.430937771652788,3.4746713369286346,4.77579035730433,user,squat,heavy
1788983574389,10.152911415100098,1.089809645269066,1.070207484502718,-12.757704808184847,3.307724865027421,7.776079870053015,user,squat,heavy
1788983574406,10.00416988339722,0.8066952258903533,0.741602795189619,-7.549038405626266,2.4585946801943783,9.386864726358278,user,squat,heavy
1788983574422,9.76220763168335,0.4436744722343981,0.5499177554257214,-2.4356900676995634,4.815418261095097,8.99309322164964,user,squat,heavy
1788983574439,9.674518826836348,0.3360849620658904,0.5563524646483361,3.107795196180805,5.487182733891483,7.189363205254334,user,squat,heavy
1788983574456,9.459191484069825,0.2563283384576439,0.900518953295797,7.812996188743287,0.5688954205936476,2.484126994528944,user,squat,heavy
1788983574472,9.485376895684004,0.3127415689446032,1.218947335705161,6.378183472440586,-0.2226674886555081,-0.6345156626317519,user,squat,heavy
1788983574489,9.635762687462568,0.3749906659781932,1.3051388146664946,2.41770340485057,1.879367958150852,-0.4717043900253049,user,squat,heavy
1788983574505,9.913341026958822,0.6163562669731676,1.336412854656577,-0.9327515505112745,0.5650856691406615,1.195931759279971,user,squat,heavy
1788983574523,9.873837284088134,0.7567164854303002,1.120935143633932,-1.4323026217827215,-0.5330160099967476,1.7904720856077836,user,squat,heavy
1788983574539,9.824605927929282,0.7739248098626732,1.016039402594045,-1.611420810950015,-0.5772108023821679,2.75482254581877,user,squat,heavy
1788983574556,9.808895148578284,0.7477383022699504,0.8833109211243688,-1.3019605210257814,-1.963874687100246,4.34890993748088,user,squat,heavy
1788983574572,9.623194297790526,0.6576561725456267,0.845451511394605,-1.2955533766974865,-2.3317678857041733,5.776952655655628,user,squat,heavy
1788983574589,9.547028172954915,0.6301230726495385,0.8469480335626751,-2.7385466319134526,-0.0261953162616261,5.690740727291258,user,squat,heavy
1788983574605,9.555257656639814,0.7100292607963085,0.823604348180443,-2.418709150205854,0.6136320924401734,5.531388998860276,user,squat,heavy
1788983574622,9.636812488776444,0.8231557276301086,0.7166143382750451,0.3776622634273233,-1.4904786513165993,4.985612487946652,user,squat,heavy
1788983574639,9.712078449901938,0.8993210487481206,0.7038950688902288,0.8597084403101003,-0.2006870327719079,6.3282530820605,user,squat,heavy
1788983574655,9.875332491081952,1.1863258996941148,0.7881400899589062,-0.456448895709817,0.8006337072918368,7.461570149341437,user,squat,heavy
1788983574672,9.994145917510986,1.3109740966912358,0.7070371663082391,-2.4243408546199414,1.6246316774652891,7.975761304211983,user,squat,heavy
1788983574689,10.215760377722978,1.3473361074700951,0.6314708339966834,-3.482431072156004,2.52094811745766,10.659889044243592,user,squat,heavy
1788983574705,10.56052366321981,1.2458817390557375,0.4314046271175146,-4.651228197410807,5.503728013382194,15.157897315550798,user,squat,heavy
1788983574722,10.387393540191647,1.0319000387445092,0.3233667886596172,-5.978123924827306,11.352072367563734,18.51226810374117,user,squat,heavy
1788983574739,10.225635290527345,0.934934871508181,0.3950431277953088,-7.451960926952875,16.01551123566323,18.65858612368848,user,squat,heavy
1788983574755,10.25945455802083,0.8010090700127184,0.3208221456781029,-5.571676869679596,18.035145239269934,17.858839273771686,user,squat,heavy
1788983574772,10.670058389171958,0.7531249637443572,0.1777691079404205,-0.9289626097909156,23.00279304903898,17.727253971864098,user,squat,heavy
1788983574789,10.685471062359213,0.6898283304192125,0.3507502509519458,-0.6086653709748105,29.644762696093693,17.020450628625547,user,squat,heavy
1788983574805,10.306439596557617,0.6530174798943102,0.7926298025935887,-2.4427512026408875,34.125544376540475,14.228033654397969,user,squat,heavy
1788983574822,9.994894105529784,0.7448950416680425,1.04207641871348,-4.6707211304152,32.557773490307014,8.602788891718433,user,squat,heavy
1788983574838,9.95823406165242,0.818666380321607,1.007359910119325,-5.597176954059015,30.280042005891165,5.973655700449648,user,squat,heavy
1788983574855,9.76879168624878,1.1757016298271714,1.1786945280328391,-8.301214695521214,26.48221264810125,4.983411886373438,user,squat,heavy
1788983574872,9.57545990219116,1.4948788943750784,1.4136260043270883,-18.124555830599984,23.95383029661885,6.190215385821365,user,squat,heavy
1788983574888,9.381080654907226,1.6915024865197017,1.3123214927121996,-25.903975663157137,25.17094780860032,9.479414643385596,user,squat,heavy
1788983574905,9.07881386435628,1.921346028557792,0.904858005413413,-29.70110492655713,24.08242226812268,13.917752674556276,user,squat,heavy
1788983574922,8.636485107642411,1.8803450693992896,0.4948519940249621,-27.41918312108547,19.381911694529293,21.44719185235919,user,squat,heavy
1788983574938,8.408438568556308,1.6874624173486603,0.5090668357297777,-25.40563310848196,17.26271060829673,26.99464588303416,user,squat,heavy
1788983574955,8.155249404907225,1.460162787639722,0.8699922976069152,-27.94529893247321,16.536405367430497,33.81808341105236,user,squat,heavy
1788983574972,8.12068311843872,1.4182643407853786,1.0757444411680102,-34.216706911392635,15.785185304019354,40.02273312102408,user,squat,heavy
1788983574988,8.026261790466307,1.4038991719236364,1.111207968737185,-40.27524862973403,16.07798185335946,48.49067188041165,user,squat,heavy
1788983575005,7.938872845348715,1.5912454929300583,0.7686876398615539,-40.78855442133341,16.532240659584083,56.72620320800579,user,squat,heavy
1788983575022,7.161956160193681,1.4754258962884546,0.6066306995116174,-38.7863698435088,13.38476825418444,64.80697269429119,user,squat,heavy
1788983575038,6.532879673987627,1.3955194158807396,0.5829873735956848,-41.15485746652119,13.26218941047116,68.59584255143734,user,squat,heavy
1788983575055,5.502772656139731,1.2262794321589172,0.581041792485863,-50.75899819434039,18.21161342176097,73.53107086831093,user,squat,heavy
1788983575072,5.357774402618408,1.0140933100275695,0.3603269114620983,-61.19892526523196,23.38193172722451,82.35135176622279,user,squat,heavy
1788983575088,4.5031934630244965,0.6576566840022802,-0.5832875255860388,-65.17873306062582,28.69822483562957,93.7926562864245,user,squat,heavy
1788983575105,3.2978625647395847,-0.1023527054935693,-1.578078753772378,-60.82342195523217,35.74433677587393,97.61704312725472,user,squat,heavy
1788983575121,2.6463398534476754,-0.6052846917301417,-1.6934499307930468,-52.162055653644416,44.11818284925542,95.07529068047204,user,squat,heavy
1788983575138,1.7898153785705566,-1.751509321051836,-1.4730325714111328,-29.68208967990781,48.57400701847497,82.98733117041019,user,squat,heavy
1788983575155,2.249202237591147,-2.6859952797487376,-0.5422875528082252,-9.106563154331065,44.23978412214374,75.54657089992249,user,squat,heavy
1788983575171,2.351704580688476,-3.011906565259397,0.1568199164792895,8.973483748542534,36.68016831481406,68.51469307390843,user,squat,heavy
1788983575188,2.1115362266540525,-3.4774294428169727,2.12934222471863,12.05799120130477,31.986271071884538,50.44528419066712,user,squat,heavy
1788983575205,3.1506191626399755,-3.174113143213093,3.8397006202146406,0.0935730847010722,31.299570682920628,40.94586733829715,user,squat,heavy
1788983575221,4.261528732952475,-2.964321222741902,4.067747743822634,-10.573432509729573,25.38755872039081,40.71885234085343,user,squat,heavy
1788983575238,5.560233495983481,-2.980781359155476,3.861996330913901,-15.509617906860605,14.508551231157686,43.66660830737461,user,squat,heavy
1788983575255,5.746532897186279,-3.209727477429807,3.6487621610343455,-18.784416991220333,12.452619040980595,45.094841843959294,user,squat,heavy
1788983575271,6.091746264538169,-3.369390508380532,3.439420030157268,-22.10944528673633,17.68583570473714,47.36009798785612,user,squat,heavy
1788983575288,6.574925502556562,-3.766977913831174,2.9707544706597924,-19.878324720763946,21.306841710199183,47.64050798913641,user,squat,heavy
1788983575305,6.9430351768493646,-4.169652413287759,2.7274437269464133,-12.532245386324604,19.29782865075185,46.865961122162375,user,squat,heavy
1788983575321,6.959795757514238,-4.409821936365962,2.782211382183432,-5.77814921942085,20.387428238476478,44.71639472242723,user,squat,heavy
1788983575338,7.3273039587825535,-4.920683838818967,3.2549162801995872,-5.748843439013264,30.53533398649873,40.27869787526488,user,squat,heavy
1788983575354,7.853730217853188,-5.340118626679479,4.002655970709026,-8.339459486005053,33.41339811782368,35.97455854713297,user,squat,heavy
1788983575371,8.451233754187822,-5.459080521668493,4.37659975798279,-12.535549490335598,30.77226983371189,36.16623756090562,user,squat,heavy
1788983575388,9.79393255724609,-5.699548443171381,4.765808626666665,-14.92171108159905,25.571036384517573,42.3646547232597,user,squat,heavy
1788983575405,10.210971974402666,-6.423943498450518,5.112368732452392,-14.310538924477138,20.415696683903867,44.08012162010552,user,squat,heavy
1788983575421,9.871593889075518,-6.801928670069575,5.325453264728188,-11.803068050912383,14.487751597587703,40.12164450548961,user,squat,heavy
1788983575438,9.656415014868974,-7.365164318360388,5.373785626220703,-9.10105204544451,11.191678181510678,32.77277418500068,user,squat,heavy
1788983575454,9.955837521904709,-7.566724709320068,5.630262725499272,-10.12954193066503,7.030955750476106,29.148727037810687,user,squat,heavy
1788983575471,9.900473946601153,-7.54891929577738,5.7327656531184905,-12.850642338447566,2.3035387138645107,25.11268287988553,user,squat,heavy
1788983575488,10.274416564831135,-7.553258201764524,5.767481577190757,-19.452991765674323,1.1698706388932585,24.411357348361324,user,squat,heavy
1788983575504,11.011832429724931,-7.540090677155554,5.599587893511354,-21.820130426325644,3.448088240678945,27.145432554245943,user,squat,heavy
1788983575522,11.388618162426352,-7.676110382190346,5.32485296074748,-17.896485568929506,6.316343793468937,32.564146056802635,user,squat,heavy
1788983575538,11.144109733361006,-8.30009860534668,5.256019370757043,-6.156735079170432,1.7576667937459185,33.36072711403913,user,squat,heavy
1788983575554,10.748618131145834,-9.093477180480956,5.556342918285727,-2.8796702929969635,-2.309937960786578,29.07286071160477,user,squat,heavy
1788983575571,10.883591834259033,-9.313445042529702,5.921907584270834,-7.098054248221842,-9.197724835409575,26.734741817189544,user,squat,heavy
1788983575587,11.29404778137207,-9.792135736957192,5.638343740624189,-12.24609461104692,-11.14729475851029,25.667726249955564,user,squat,heavy
1788983575604,11.056272459954023,-9.891344299206136,4.998943136541545,-14.791288619397656,-6.989621153166481,22.182666622186165,user,squat,heavy
1788983575621,10.864886549267172,-9.941773925238849,4.706700019615888,-9.37367392352369,-6.123994140497153,15.306916675314843,user,squat,heavy
1788983575637,11.284320168083903,-10.002525623321532,4.406377641130984,-1.1958760505495531,-8.34765315168813,10.774556821350709,user,squat,heavy
1788983575654,11.350160713738202,-10.143184970855712,4.52668656681478,8.218579651847815,-9.482669228525108,4.625677313499436,user,squat,heavy
1788983575671,11.403882951575516,-10.247932462531328,4.792741934038698,11.393064601641212,-7.6528197149700254,-0.0388272908942085,user,squat,heavy
1788983575688,12.044182258063554,-10.41866896842122,5.205143170000612,13.077056279244315,-7.971450601072059,-3.0523577523389847,user,squat,heavy
1788983575704,12.443714660102128,-10.88374322542846,5.733963338470459,15.20606551712502,-9.3890913680277,-8.908613173126692,user,squat,heavy
1788983575721,12.716503427234292,-11.146955770441888,6.155492176000774,14.801687582409,-11.1052575054898,-14.483177078391089,user,squat,heavy
1788983575737,13.582306602588297,-11.852795762854814,6.69284431823343,14.639016382041392,-19.41561697053601,-20.86992304672993,user,squat,heavy
1788983575754,15.00909998539388,-12.010513797217609,6.909215909355878,7.832502355239197,-19.406146913251792,-21.37734292281205,user,squat,heavy
1788983575771,15.728559337836504,-11.9376402841866,6.942585971777141,1.9387641369469288,-14.258242727323289,-15.94999093850259,user,squat,heavy
1788983575787,15.425690489739178,-11.620108704486489,6.872554988695681,2.743571089821643,-17.26148288179342,-17.878737322371226,user,squat,heavy
1788983575804,14.586074479565024,-11.585692640143632,6.318597164098918,16.655607536372855,-30.452244735245525,-33.68328279759298,user,squat,heavy
1788983575820,14.884450692418216,-11.62549507369995,5.9846057402461765,27.802699950528982,-32.84006520870364,-42.09952044005815,user,squat,heavy
1788983575838,15.244780380359291,-11.58045590853393,6.107458797454834,32.28098690438142,-32.03016869768021,-46.7571493784949,user,squat,heavy
1788983575854,14.22380242538452,-11.273548598700762,6.429179353277385,27.19261208593781,-30.19331226381034,-55.94884913328288,user,squat,heavy
1788983575870,13.780573504960536,-10.808623102514446,6.424390073174238,17.01928608137206,-26.96911463591665,-61.420469281150496,user,squat,heavy
1788983575888,12.874222046118971,-9.358186978314816,5.671414820098876,11.71688045509693,-26.57969652303025,-65.3285191091242,user,squat,heavy
1788983575904,12.331186013031004,-8.67928117005676,4.888210725237429,15.111493010329731,-29.92807211267665,-67.25362158707063,user,squat,heavy
1788983575920,10.676045646888015,-7.314586808289587,3.753210669763386,22.267861279251026,-32.27521880962734,-71.13276605447685,user,squat,heavy
1788983575937,8.248172603276371,-6.099229021508991,3.581125964134932,22.45268961328616,-34.13689956603562,-77.38690390007989,user,squat,heavy
1788983575954,7.192030395939946,-5.62143615270406,3.158848061802983,22.738686709307515,-35.55630166802349,-83.838502514588,user,squat,heavy
1788983575970,5.520877637150884,-4.729895601764321,2.389412087792158,16.591779418579083,-30.951019299385703,-92.208632965061,user,squat,heavy
1788983575987,4.048894867053628,-3.799748549054563,1.891867639812827,7.4065085793473795,-26.770769357514062,-96.7383597811001,user,squat,heavy
1788983576004,3.565115325054526,-3.29397315608561,1.2756596952691674,1.011484848621304,-18.86884325200357,-99.30080087087876,user,squat,heavy
1788983576020,3.12203838032186,-2.36562117009908,-0.1209080606207251,-1.230175873179182,-2.4427573924998227,-95.86214213323584,user,squat,heavy
1788983576038,2.6042940248787403,-1.645865026666969,-1.1165966760382056,2.179547941983742,11.19091490787093,-91.99734106308664,user,squat,heavy
1788983576054,2.12590026757121,-1.415721953693032,-1.1058221840456128,7.74926540114519,12.013393481119172,-92.27251572436812,user,squat,heavy
1788983576070,1.237502398571372,-1.0814314007632433,-0.2157777168825268,15.833906750916348,-8.171435978649093,-96.96425462751994,user,squat,heavy
1788983576087,1.1791443176269532,-0.6765123372502625,-0.0055365913391113,19.01209110191895,-15.802096852404306,-99.6293739510914,user,squat,heavy
1788983576104,2.046295400458574,-0.3772374950569123,0.3429696800783276,20.611451613063725,-21.531382471616062,-95.5965707179274,user,squat,heavy
1788983576120,2.6638486221313475,-0.1903398357000202,0.925208281133324,12.88522358621534,-19.76748441091297,-86.97959723085015,user,squat,heavy
1788983576137,3.277363966590166,0.1845023617181926,2.2245124713622038,0.6352842723567899,-18.692885626152997,-79.28722645171752,user,squat,heavy
1788983576155,3.5015199279785154,0.5225335624810308,1.8020849314264955,-1.0492444822306617,-25.81237087355622,-72.17240280842283,user,squat,heavy
1788983576170,3.568108661651612,0.5886735294733196,1.4499879420407116,5.604793041870403,-34.088125185172565,-69.90178838112213,user,squat,heavy
1788983576187,3.654001815253496,0.4897629729234147,1.517624285070598,7.967509581920962,-40.24903094860493,-70.3873533594075,user,squat,heavy
1788983576203,3.896564370948076,0.5430340283605503,1.5318404419496654,6.970662682464641,-43.727038406056295,-69.39547328813825,user,squat,heavy
1788983576220,4.809950550732016,0.7899359603997319,0.6774087015680968,8.629745940825181,-42.35247649596957,-61.7404841343331,user,squat,heavy
1788983576237,5.623830062103271,1.083225809899345,0.1544258609496057,7.44600158690204,-36.751304735019744,-52.20287969431358,user,squat,heavy
1788983576254,5.667076498633623,1.332971007107012,0.1631049880981445,4.035326561175485,-30.35163263367665,-45.51089598706145,user,squat,heavy
1788983576270,5.4518964553833005,1.7952014555230735,-0.2920928948000073,6.429163150631915,-23.881814489557527,-45.76410475997216,user,squat,heavy
1788983576287,5.974879296001792,2.187251904308423,-0.5077206818178296,11.701258958691463,-19.34140867275112,-47.54391203879951,user,squat,heavy
1788983576304,6.761074097111821,2.402729980657249,-0.4869219316780567,18.26233782163207,-17.1664390919454,-42.851654041270784,user,squat,heavy
1788983576320,8.518868197521567,2.531867451897636,-0.1316821142219006,24.749851278343403,-19.244541222394705,-27.47953979523358,user,squat,heavy
1788983576337,8.64980285437703,2.570324462194368,0.5105632117673754,26.276227803112,-18.03407460711753,-17.582732291668506,user,squat,heavy
1788983576353,8.518568922314047,2.4609389354545623,0.6437399484612047,29.017208330247502,-17.671845769769664,-13.925490425112256,user,squat,heavy
1788983576370,8.39437146475911,2.2158329058222472,0.90829981643036,33.2593773520399,-19.602668531145984,-11.505506590852546,user,squat,heavy
1788983576386,8.712948754119873,2.0421033555962143,1.0588355380736292,34.74265538314572,-20.831170260926573,-10.502311457449522,user,squat,heavy
1788983576404,8.960150660052895,1.8653814916864035,1.0498570626523345,33.21207146184839,-20.64949064409882,-7.989156158948025,user,squat,heavy
1788983576420,9.221865075463056,1.7552479230582714,1.201888941137493,22.244244192648413,-16.834980256808436,-6.011614903648818,user,squat,heavy
1788983576436,9.198523947364093,1.603066918426007,0.856525497790426,12.88275447283038,-11.208138083636763,-4.909933565056088,user,squat,heavy
1788983576453,9.288005480846762,1.747167492455244,0.5473734777703881,8.496981577512118,-8.902687984021707,-3.055350015525685,user,squat,heavy
1788983576471,9.568575987896322,1.926134212682396,-0.0854439485296607,12.10785670488774,-13.916015245186154,0.1027544197505164,user,squat,heavy
1788983576486,9.923666606140136,2.1291925871148702,-0.4694135283205657,17.378352541134216,-15.534522484121764,3.651613790680162,user,squat,heavy
1788983576504,10.082730794414877,2.1751313314691183,-0.5433339200560003,21.53777723622649,-13.197499835068324,8.52419732003368,user,squat,heavy
1788983576521,10.429293238288164,2.1125829592280088,-0.4279634736876934,23.285434814630573,-7.326619271720325,13.95778441328172,user,squat,heavy
1788983576538,10.471489873504638,1.792807107732445,-0.266205297088623,24.2772073104204,-2.5478947078372407,15.762196594820384,user,squat,heavy
1788983576554,10.390236654663086,1.6303006700493394,-0.1240505233649164,26.13987844425833,-1.6293764177826264,15.720097016323717,user,squat,heavy
1788983576571,10.53343925693929,1.132605999944359,0.321272008337453,24.354200617839364,-4.022553680540739,14.470063115184663,user,squat,heavy
1788983576587,10.467449658203124,0.7900858171992003,0.8882480122003704,17.785197881687903,-1.8006188652283666,12.995068395994778,user,squat,heavy
1788983576604,10.29701359656453,0.650473932891339,1.0468647489685563,9.08213583653816,0.4680446892906475,9.315923820317586,user,squat,heavy
1788983576621,10.032155037909746,0.6964125311151147,0.9711481945313511,1.003946134046608,0.0688211594998203,1.473028265039157,user,squat,heavy
1788983576637,10.25376716003418,0.7980165371332317,0.575206948852539,-1.6965055446579216,-0.9106030613019214,-1.8899393834387388,user,squat,heavy
1788983576654,10.407895060950516,0.8740325859736651,0.4326012895561754,-3.620547529014005,0.7245744816027202,-2.870972687419187,user,squat,heavy
1788983576671,10.52116955795288,1.0324985891595482,0.1774698327329009,-3.0683636603286746,0.8381272836886814,-2.151334564956535,user,squat,heavy
1788983576687,10.199599516516924,1.125273976555839,0.040851065826416,0.5461956070522276,-2.838363656774254,-2.8075087040855444,user,squat,heavy
1788983576704,9.963919121551513,1.11928825320974,0.0674856094475835,3.519399471038698,-4.887148480871748,-4.988373165031806,user,squat,heavy
1788983576720,9.715520114788411,1.1508617876030505,0.227148786528781,2.8989856410829367,-2.2993787017731497,-7.878081061344338,user,squat,heavy
1788983576737,9.906907779040932,1.2237355198297648,0.4592375136777758,-0.0421491440588949,-0.0948104028176891,-7.494031477145569,user,squat,heavy
1788983576754,9.976787370952962,1.2367539182916285,0.4686641712579876,-2.5672040795076896,3.2006759504960463,-6.230161320295362,user,squat,heavy
1788983576770,9.8507948466748,1.2116148008599876,0.4016265247736126,-2.1762028568377283,6.652523996869672,-6.193268053493538,user,squat,heavy
1788983576787,9.785251822662351,1.2448343488946556,0.4185358662594109,3.517240277487328,0.0806545155977203,-7.417321622577155,user,squat,heavy
1788983576804,9.67182651901245,1.2521665914788842,0.3306985928524285,13.263750108696508,-11.085230537069677,-10.069733379197812,user,squat,heavy
1788983576820,9.56423532834351,1.2237353006340563,0.3684069767389446,19.30888501947081,-16.8931837138207,-13.111801451552171,user,squat,heavy
1788983576837,10.2280294921875,1.5068497930780052,0.6073788875304162,16.771391195635616,-13.57228426765797,-9.423867276186822,user,squat,heavy
1788983576854,10.510844563293457,1.6931486097589137,0.6685808501312509,11.023099721284655,-10.241473363235906,-0.974709829469486,user,squat,heavy
1788983576870,10.676045646888015,1.9768616526179013,0.6718728043487295,6.605160050070219,-14.15537068691279,7.872586174157063,user,squat,heavy
1788983576887,10.253767744556068,1.9852413584284485,0.4234742359770461,6.6408426658416575,-26.00086018898648,11.720859040288463,user,squat,heavy
1788983576904,10.037092494311928,1.917754506871849,0.5377968537928536,8.647062177918455,-38.14645625035947,10.59023135999322,user,squat,heavy
1788983576920,9.515306754523516,1.694046435381472,0.7411545216991565,10.6605592565559,-53.69512917889421,10.222284800536402,user,squat,heavy
1788983576937,9.528922022899986,1.3115725740410389,0.8913903379472438,2.9746628564262085,-60.28991587916247,11.565234887597017,user,squat,heavy
1788983576954,9.8639606177181,1.1818366985160855,0.5813418440115172,-7.898932775106741,-53.505915863411936,15.419102532432303,user,squat,heavy
1788983576970,10.075100445666909,0.8773243940606713,-0.1153708299607969,-16.484673514656823,-40.91113582636763,18.91091892483814,user,squat,heavy
1788983576987,9.66554115513265,0.8518860014215112,-0.8617636541722342,-15.925970870738947,-22.25831438233864,22.795539496411408,user,squat,heavy
1788983577004,9.434051782116294,0.9748880386468024,-0.9111436250215396,-12.364646204470832,-16.56190417114945,20.177189893181605,user,squat,heavy
1788983577020,9.341426689910888,0.9082993049737066,-1.2258319075871258,-4.776958746539225,-16.946554811995178,14.56277098033654,user,squat,heavy
1788983577037,9.568276712688805,0.9279016849357634,-1.6464630290927365,6.803064781271337,-9.730186746309908,11.506922147558033,user,squat,heavy
1788983577054,9.649681322699784,0.913686258709058,-1.7140988971985875,9.51957188683704,6.729788377421325,13.924371981635664,user,squat,heavy
1788983577070,9.947309932056069,0.985362743975222,-1.5068512909153475,6.266906030482738,28.33171005457752,20.14895901379465,user,squat,heavy
1788983577087,9.83208839263916,0.9078505382928996,-1.24857643976612,-1.5087338259773393,50.688708717591794,24.443669265777363,user,squat,heavy
1788983577104,9.690380997356772,0.6735179046746343,-0.4653730390244163,-4.747292246766097,49.69441075935636,20.165278043269105,user,squat,heavy
1788983577120,9.407117013439535,0.9677053606010972,-0.143652768612944,-4.6658652928021445,44.21015476152422,17.24115623882346,user,squat,heavy
1788983577137,9.96616368560791,0.6413458929315209,-0.3321954986129887,3.1977210399063694,39.50709140472854,14.476217115626843,user,squat,heavy
1788983577154,10.068964719390868,0.438437411831133,-0.19647479479108,7.522367370691013,42.282849547570464,18.470663713959336,user,squat,heavy
1788983577170,10.020331913647055,0.3339901086784899,0.2841617730071768,3.4269005669867427,56.07296391578577,20.56878683641324,user,squat,heavy
1788983577187,10.882843646240234,0.7393585599267855,1.2795504556300117,-10.277809969620373,48.3045492255288,23.327585619546014,user,squat,heavy
1788983577204,10.033051694488524,0.4795876432672142,1.5252558028623462,-22.69845518754885,37.02337507532345,21.823618945444228,user,squat,heavy
1788983577220,10.250326079669597,1.0980399326715615,0.6997052159849554,-33.658550682608364,43.10973273905972,28.158464013827437,user,squat,heavy
1788983577237,10.008661349597572,1.2430386428506113,-0.7169138326782732,-28.521305860653317,51.44826331933765,36.2886687017781,user,squat,heavy
1788983577254,9.99713925410807,0.9843151711510494,-1.2183491506163031,-15.066671601448816,54.61499515064944,41.33938868732743,user,squat,heavy
1788983577270,9.658210081592202,1.24199133488792,-1.0850232877753674,-6.811817668692709,60.773397649751,47.93072614206484,user,squat,heavy
1788983577287,9.229048849487304,0.9006678145814221,-0.6989581239446997,0.5820595430017894,52.2618686230804,46.54346349521647,user,squat,heavy
1788983577303,8.32568605106771,0.5270228367242962,0.0472847521357238,10.977561996314533,30.430483752549865,37.47122374901201,user,squat,heavy
1788983577320,7.899966483849287,0.2536348250573501,0.3538917638480663,15.119443350523628,22.92959391170396,29.457168135444707,user,squat,heavy
1788983577337,8.215255253058672,0.2931391159173101,0.458489325658977,10.513075835581462,29.138778867284564,30.52763294820954,user,squat,heavy
1788983577353,9.170091633605956,1.071404256539233,0.604235767199099,-7.903297265986379,59.02103748610335,48.80888697874796,user,squat,heavy
1788983577370,9.747692784118652,1.8644835929986088,0.0025435470029711,-23.432406825190903,89.47324465530845,68.26815739581681,user,squat,heavy
1788983577387,9.60164706737101,2.44866887114197,-0.4225768852785229,-34.168700926811205,115.34073515546666,90.82378479008425,user,squat,heavy
1788983577403,7.368005387005209,2.406022300200909,0.5585965903133153,-30.39502141037916,73.07783317536723,91.90318007518886,user,squat,heavy
1788983577420,5.223998384857177,1.2337613123469051,1.1623843214839695,-27.254621665865063,51.080508858951234,84.57498815241213,user,squat,heavy
1788983577437,5.080643806889653,0.527920735412091,1.0286074269399046,-31.597776742083383,57.66089410535452,84.47334810737318,user,squat,heavy
1788983577453,5.16474189376831,-1.1327576833747326,1.330277128380537,-38.13762140066806,57.97914676973127,89.94053204737486,user,squat,heavy
1788983577470,3.2462381759643555,-2.957887244171649,2.429964170671999,-44.97575749578012,45.279048630779954,77.11112818215146,user,squat,heavy
1788983577486,2.70724352722168,-3.57185047852844,2.4857795813962817,-47.92306266981608,38.18556932864155,59.40429989100028,user,squat,heavy
1788983577503,3.3663960027396675,-3.893122121539712,2.0361185820981857,-43.62505685155884,35.99227605783998,44.802267275767214,user,squat,heavy
1788983577519,4.715378416112065,-3.419219830432534,1.700779250767827,-36.168744240331016,35.68150586569899,41.87566099001098,user,squat,heavy
1788983577536,5.142444721764326,-3.0162457635074853,1.9598031119197603,-31.80129930387684,33.458894007885135,41.18785411040152,user,squat,heavy
1788983577553,5.546614720475674,-2.473210607202351,2.73926480538249,-31.737337997394253,30.7752512112846,38.18457553611732,user,squat,heavy
1788983577569,5.81596591437459,-2.4598937372505665,3.10273512943685,-31.04406013625962,25.80375629746554,34.415352718118704,user,squat,heavy
1788983577586,6.120625737541913,-2.5447373817995187,2.939630141338706,-27.25301657141011,24.214991117270756,34.09039622307159,user,squat,heavy
1788983577603,6.451624117058516,-2.874688590350747,2.753630015343428,-24.96844465254049,29.557066482245315,35.7338660958763,user,squat,heavy
1788983577620,6.259488849309086,-3.35487536855489,3.0763986189141868,-26.66458552912976,31.77704871722871,35.972810018705445,user,squat,heavy
1788983577636,6.156839791217446,-3.6382898668587207,3.2083789854303,-28.102985802294008,29.98339322985917,31.83686751397968,user,squat,heavy
1788983577653,6.007349486973881,-4.141519959259033,3.248331933373213,-30.782593664642363,28.638583623797015,25.462644697484052,user,squat,heavy
1788983577669,6.453119908574223,-4.502595497131347,3.0632296330004927,-31.67988927628528,29.85849639069632,24.140849413830264,user,squat,heavy
1788983577686,6.640618748694658,-4.657322532984614,3.0430303100585934,-29.488884118855665,25.936198788113963,22.000350090218305,user,squat,heavy
1788983577703,6.756136640709638,-4.983381410272419,3.1961084096610546,-25.012038334918092,21.43024103038651,18.81434517261604,user,squat,heavy
1788983577719,7.178416296607256,-5.036054723578691,3.761291100366413,-22.358818908428084,18.62868867814404,18.01261927538723,user,squat,heavy
1788983577736,7.294386024042963,-5.01480647610575,3.904344649560749,-23.598045742752888,20.683955778650702,17.973663291456063,user,squat,heavy
1788983577753,7.742997222027182,-4.646098251397907,4.368968240191042,-28.734838064675422,25.117320578331967,18.046980249554277,user,squat,heavy
1788983577769,8.425943830108642,-4.582802129529417,4.678717787712812,-33.77814729497529,14.985469189953823,19.70970101053467,user,squat,heavy
1788983577786,8.81051130272746,-4.62185666732788,4.48508643618673,-33.97542364877277,7.296806349766866,25.49719520940057,user,squat,heavy
1788983577803,9.137172529822587,-4.839430912238359,4.31270508569926,-38.71800306501156,10.457105850427793,33.89611832231975,user,squat,heavy
1788983577819,8.658629719433188,-5.341613833673298,4.247163522991538,-45.510960873858565,19.226722966397432,39.30172810695377,user,squat,heavy
1788983577836,8.442852879333495,-5.565921186231076,4.288612554711103,-44.64531294373491,16.696083237394348,39.004013821411256,user,squat,heavy
1788983577853,8.261490350010991,-6.007201895196736,4.110843373705446,-39.45772621250228,11.44995068591731,37.16295682120183,user,squat,heavy
1788983577869,8.242638934546708,-6.471677894049883,4.023606112018228,-30.394843825460736,8.722714206939163,33.618577000490866,user,squat,heavy
1788983577886,8.560616504448651,-6.581211450958252,4.078820634239912,-25.64599429556388,10.164935970944034,34.6596139432167,user,squat,heavy
1788983577902,8.643218799811601,-7.081152438685297,4.367173173467815,-23.697781872560704,10.137307001977687,35.047391103155,user,squat,heavy
1788983577919,8.021022720769047,-7.458387084197998,4.732886308012903,-25.584000083562252,13.839708371778771,31.449001561582165,user,squat,heavy
1788983577936,7.76963330001831,-7.631069463458656,4.736627832628787,-23.828842957449496,14.157579399335642,25.24424598367831,user,squat,heavy
1788983577952,7.996932820129394,-7.652467640796304,4.619911086218059,-19.461112860597467,11.872193834181145,20.82198024139832,user,squat,heavy
1788983577969,8.221239003643394,-7.464821501159667,4.566190894207358,-15.780593709349812,9.674393492301013,18.87774298849209,user,squat,heavy
1788983577986,8.206126190185547,-7.463176072040199,4.543595616039633,-14.912971854556018,10.26078743066141,17.898797587963553,user,squat,heavy
1788983578002,8.060528801727294,-7.4764932342529296,4.438848708885907,-13.3366495714817,7.615641287770353,16.453724219980202,user,squat,heavy
1788983578020,7.595456882807612,-7.544580097529292,4.282329821179807,-11.816349353753472,3.556695078671318,10.24769993443802,user,squat,heavy
1788983578036,7.77636640766561,-7.495348156848549,4.129547489653527,-11.652820110871382,4.375665069120289,9.685047733632585,user,squat,heavy
1788983578052,8.041824101257324,-7.466767374530434,3.6828804114744074,-9.19370185398844,6.160768305875325,10.987003025294785,user,squat,heavy
1788983578069,7.339125914001464,-7.516447058978676,3.7615897910520433,-3.872839349028644,3.801562909944976,3.704252351066158,user,squat,heavy
1788983578086,7.2843579665035,-7.505972426715493,3.7385453078120943,1.8674535469174107,-0.8524023790540081,-3.534933242202011,user,squat,heavy
1788983578103,7.937078363147378,-7.477243175837397,3.902249138586223,4.517772704331104,-3.1570346702376613,-5.964122037028781,user,squat,heavy
1788983578119,8.141483329883217,-7.57166391928792,4.308066027721763,-0.197980370210092,-3.3064360937084043,-7.226652623028019,user,squat,heavy
1788983578136,8.160487305560707,-7.56478058951497,4.389319831085205,-4.86401121505833,-3.627603114426628,-9.465544236728594,user,squat,heavy
1788983578152,8.319252218627929,-7.562835300666093,4.0667008651182055,-5.792048654381826,-6.617558550961084,-12.40532851871472,user,squat,heavy
1788983578169,8.951470509991049,-7.598896794128417,3.803637373186648,-1.5049630279469632,-11.979620756994397,-13.903194126340392,user,squat,heavy
1788983578186,9.192537274169922,-7.682695605799555,3.8474817756101487,5.809472466954529,-16.39516730067839,-14.559588112183311,user,squat,heavy
1788983578202,9.729436411938073,-8.03194801940918,4.138974658690393,13.225268822912655,-18.581807967228368,-13.447941527591531,user,squat,heavy
1788983578219,9.668684713855384,-8.702475290900468,4.618563763262332,21.384605121447077,-20.33863678214049,-13.970226456628543,user,squat,heavy
1788983578236,9.128642017364502,-8.979304273334145,4.803515841509402,23.923164454792783,-18.51547146246191,-20.68702253358804,user,squat,heavy
1788983578252,8.556728264838457,-9.05906170065999,5.591507755169272,18.477698808804448,-13.693021521616286,-27.6899044990281,user,squat,heavy
1788983578269,8.807668772777914,-8.795548711395263,5.891829841393232,7.268744517561869,-8.721465989868342,-31.17030935287813,user,squat,heavy
1788983578285,9.133281952124834,-7.908498165351152,5.789029976654052,-2.038033466013659,-9.748108308918374,-34.94223692578807,user,squat,heavy
1788983578302,9.64085270407796,-7.361423670527339,4.64504961912781,0.9594293089139924,-15.342676130714445,-34.984099155211084,user,squat,heavy
1788983578319,10.02317502811849,-7.23961749202311,4.22950599348694,4.052874170926894,-16.32058163494185,-31.832687438207632,user,squat,heavy
1788983578335,10.421509744805096,-7.311442372784018,4.063407668791711,2.2939747414792,-10.022340404094386,-26.333403316654177,user,squat,heavy
1788983578352,10.967239839282632,-7.67970226920247,3.740491181182861,4.650429065277915,-8.286496491633482,-21.121849451623973,user,squat,heavy
1788983578369,11.303175675201416,-7.943513364630937,3.5977366149351,9.172419838308326,-7.930229555657386,-16.22900928873949,user,squat,heavy
1788983578385,11.89424304100871,-8.624063432964682,3.730614222551882,17.127568485378855,-10.507893429548716,-13.141901241450771,user,squat,heavy
1788983578402,12.983305521172284,-9.080159433746337,4.105756279699504,22.914062061531347,-11.97683660113397,-8.93708481668189,user,squat,heavy
1788983578419,13.488332433861494,-9.125649265289306,4.295196609276533,28.55216977796531,-12.367828218850413,-1.5577820547374357,user,squat,heavy
1788983578435,13.622857224163411,-9.037064388385415,4.876389939062297,34.69372049283716,-8.811558746341749,4.105162257231104,user,squat,heavy
1788983578452,13.29290572335124,-8.678233414569497,5.732466377910972,36.46329614828782,-0.5181839340489476,1.3367618289508774,user,squat,heavy
1788983578469,13.338994689831138,-8.386140519769489,6.0178249960199,41.10866148206981,5.395209114075384,-0.9942308302824996,user,squat,heavy
1788983578485,14.4781875208199,-7.767689472474157,6.133944068798423,51.12404106962631,8.510811856807749,6.1830556400239,user,squat,heavy
1788983578502,14.579192903357743,-7.712622542029619,6.810306914575397,50.3957960550358,11.54597119281664,14.21959495567842,user,squat,heavy
1788983578519,14.09002640762329,-8.146121803338826,7.281964057104289,44.17068309831072,5.536083900141013,14.823064366963848,user,squat,heavy
1788983578535,12.29587270758748,-9.071781189240514,7.943662125451862,33.79236433373267,-9.860306118866882,1.7724093301825676,user,squat,heavy
1788983578552,11.545438371166586,-9.905410818481444,7.247846391186117,25.226349180505583,-10.357344961184234,-9.500859729832143,user,squat,heavy
1788983578569,11.112089039722084,-10.12867100007385,6.761375125885009,21.35276107198918,-9.057660707421064,-23.68585977736445,user,squat,heavy
1788983578585,9.694869540947677,-9.88580858464986,5.8638481940120455,25.643262219895878,-18.384799698355813,-45.94601318813712,user,squat,heavy
1788983578602,7.912986124420166,-8.59219179240763,4.496759046062827,33.34421171662604,-21.91648219739972,-64.13656913668693,user,squat,heavy
1788983578619,7.429057529339194,-7.628226056726277,3.988589451433718,40.46228311487107,-24.289163556562503,-79.09290756983066,user,squat,heavy
1788983578635,6.849810949707031,-5.575348063006997,3.440018288311362,42.9478367651629,-27.131939515540587,-88.42943465577959,user,squat,heavy
1788983578652,6.476015046471357,-4.004901411548257,2.8538872098624704,39.093328790092926,-25.30605919566693,-88.48339315022268,user,squat,heavy
1788983578668,5.989994447547197,-3.4174247637093065,2.5764599692746994,33.73305097098028,-22.7621501166538,-87.71714154799564,user,squat,heavy
1788983578685,4.74351262370646,-2.7910420466318726,1.785624941143393,29.802758631974427,-16.849241691795424,-90.51071623928752,user,squat,heavy
1788983578702,3.864240310448408,-2.574665194812417,1.1944064764276143,32.565570151244586,-19.255044345790893,-94.06572041925244,user,squat,heavy
1788983578718,3.702482060784101,-2.519897539575398,0.9235624136224388,37.87257590992572,-21.106379073153896,-95.92588828875957,user,squat,heavy
1788983578735,3.4778771865844726,-2.341978867096454,0.8303381864801048,41.00554611617013,-16.447293596876634,-94.6469763478097,user,squat,heavy
1788983578752,2.937835659137368,-2.1935383641667663,1.3437448049798606,40.95996484874405,-18.701573626777247,-94.61111785466711,user,squat,heavy
1788983578768,2.4589947425842285,-2.122161519434303,1.5854092427909374,40.32759861462759,-25.14070031586092,-98.8630608771618,user,squat,heavy
1788983578785,2.1977274864196774,-1.7646771379217503,1.5571280279412865,41.15206391915066,-31.63225895210819,-102.14627816967358,user,squat,heavy
1788983578802,2.8733412673950194,-0.9418198087163268,1.5746362121030688,39.83760767376005,-37.07085855043338,-97.84547197385665,user,squat,heavy
1788983578818,3.0843302886962887,-0.5735617389287799,1.593639895519614,36.577507156494185,-40.48852128656768,-91.37264513140812,user,squat,heavy
1788983578835,3.131166858673096,0.0834970522455871,1.56101919016093,30.471936170622676,-40.181664792821095,-85.16638691188686,user,squat,heavy
1788983578852,3.0921114440917967,0.4010279012933373,1.0987880476251244,26.710340966379672,-41.60558848003951,-80.12404073825996,user,squat,heavy
1788983578868,3.469945224541425,0.6102212790555888,0.707036800982058,28.75596042468369,-42.21942441093772,-72.65521522047268,user,squat,heavy
1788983578885,4.165909719628095,0.9506469295008108,0.4592366368949413,29.152101151260677,-41.22702183019697,-62.37520678371322,user,squat,heavy
1788983578902,4.455609289550781,1.2132607049034907,0.480485176628828,26.963501927966195,-38.488105727738095,-50.40282431969174,user,squat,heavy
1788983578918,4.53312098377645,1.3878879711542278,0.54617637694031,23.15963809804457,-33.179621233101656,-46.33832559368431,user,squat,heavy
1788983578935,4.69906967086792,1.7375909050103275,0.5801446975156664,19.920236469058437,-28.247278671152404,-44.723166854989294,user,squat,heavy
1788983578952,6.367829981562495,2.496253848333284,0.29538419143036,21.180023880332264,-26.5283010570732,-33.397927739353605,user,squat,heavy
1788983578968,7.147290505981445,2.899826246477663,0.2262516184933483,24.513489167020527,-22.75875380508901,-18.70237105136285,user,squat,heavy
1788983578985,8.037785639521479,3.548505477971956,0.6444888671323656,23.55576004160134,-14.475346266507668,-5.167976404351877,user,squat,heavy
1788983579002,8.610747439795732,3.739442841173709,1.1584943283081055,19.46383469098172,-5.699269072243665,7.762312770007207,user,squat,heavy
1788983579018,8.81036517225504,3.638287967162579,1.402553260040283,17.64860263602411,-5.808354023477939,13.537962567078656,user,squat,heavy
1788983579036,9.248501737976074,3.090913466478884,1.7143971494928,16.872667533101275,-8.467293306511012,17.51372176784199,user,squat,heavy
1788983579051,9.668234047478435,2.406470920751244,1.908027916496992,15.251143058099812,-9.33741757186197,22.32551832112969,user,squat,heavy
1788983579068,9.657163202887771,1.933017761651054,1.9704275279171763,13.983681075519824,-11.7092118602063,22.207417520191,user,squat,heavy
1788983579085,9.90226842880249,1.0562908220268783,2.088791310882568,9.992131331169066,-12.089009651646736,22.736287605361547,user,squat,heavy
1788983579101,10.149470919257402,0.4635764196649193,2.012475840704143,1.8497053003591328,-8.399754688450633,25.975803640016284,user,squat,heavy
1788983579118,10.012702149420976,0.2983765051141381,1.912518798175454,-3.475459370004125,-5.252354853810922,26.70717346615208,user,squat,heavy
1788983579135,9.264514130622148,0.1247968847528099,1.4963758914671836,-5.698150201880253,-1.3155497159880507,22.177989650152,user,squat,heavy
1788983579151,8.504353349956869,0.1032488871483132,0.8815148314878344,-0.3249281871146531,4.897508170295365,7.150333369902765,user,squat,heavy
1788983579168,8.691550576782227,0.164899726027809,0.8008600169308483,6.889257499728667,4.211881401691614,-2.276624566883487,user,squat,heavy
1788983579185,9.669732177081704,0.5924143234368413,1.0592841586239636,11.887204028655892,2.382380868114437,-5.3959514702608,user,squat,heavy
1788983579201,10.282347942352294,1.0790358839288354,1.3640955190911888,12.534568504416056,2.697891638426245,-3.862171020431907,user,squat,heavy
1788983579218,10.395473970794676,1.2641373805839569,1.4618087282158434,10.884009749026514,4.769745213002045,-1.980121359258179,user,squat,heavy
1788983579235,10.339208478215337,1.290922548189573,1.7269671466000378,8.234299332222598,7.493318576150949,0.0996219175723127,user,squat,heavy
1788983579251,10.378865365821122,1.2223888179285451,1.829768034252524,5.598712892848622,9.356560884558224,3.456434091514466,user,squat,heavy
1788983579268,10.360608409118653,0.8804668568048626,1.8897724210992453,3.788045965577521,8.8698561184551,7.894715987067904,user,squat,heavy
1788983579285,9.80006652995646,0.3016684958642348,1.8888747416071592,3.961855496934128,8.999380410780638,7.342911834211744,user,squat,heavy
1788983579301,9.63950655016601,0.0387551164604723,1.964293116815388,4.609392861857656,9.084600681054887,6.472291526372314,user,squat,heavy
1788983579318,9.446320896580817,-0.2476513302009552,2.359185437963158,3.5059348203070755,6.980376919011692,3.094225744734105,user,squat,heavy
1788983579335,8.957607405310869,-0.2868560535924509,2.718914675793052,1.240039840279444,4.392159975965869,-2.984529705012527,user,squat,heavy
1788983579351,8.876651123589276,-0.1942304499303922,2.853587934654951,-1.1331815307145945,0.2085069857217643,-8.328094904999798,user,squat,heavy
1788983579368,9.386616077202556,0.1235996012596413,2.7186152544550595,-3.529949551985429,-2.7135536890799066,-9.18680250915308,user,squat,heavy
1788983579385,9.725098674994706,0.5315119648370892,2.476652125958353,-5.937131263863006,-0.3536314968126763,-7.182875379316468,user,squat,heavy
1788983579402,9.924413040593263,0.8397651728538795,2.397343026921898,-9.42039412499387,1.0209682461187493,-2.3001714306036942,user,squat,heavy
1788983579418,9.946262468829753,0.938226898790896,2.2224168142572043,-8.198974447608938,0.0574520161416432,1.91412316229905,user,squat,heavy
1788983579435,9.846453018078208,0.8683459186393767,1.734598079869896,-4.092744546433197,-0.411211378898059,5.228310453498361,user,squat,heavy
1788983579451,9.6281323387146,0.8209109809106215,1.6856668757013975,-1.3556437801896717,0.972567071060806,7.635031341050373,user,squat,heavy
1788983579468,9.440785474285482,0.4525032004540786,1.83739882139191,-2.419190038212105,4.985260306317573,9.393224486249206,user,squat,heavy
1788983579485,9.184606481170654,0.1900387703942135,2.0790638437248767,-3.526313756912866,5.02246263917934,8.655261820017056,user,squat,heavy
1788983579501,9.125948540496823,0.133475756173022,2.140565775652975,-4.373130642051391,5.934602386322808,7.57280319506968,user,squat,heavy
1788983579518,9.227702111053466,0.1285377517815679,2.172588368988037,-4.3093080737863225,6.312064679953924,6.681888260772026,user,squat,heavy
1788983579535,9.313891617253422,0.0852923746971413,2.326713639555871,-3.623887918404965,4.292081482925904,5.890740192133456,user,squat,heavy
1788983579551,9.2688524520874,0.1216544220086187,2.546083389580995,-6.1649722873094674,2.929060031215561,5.159318712692063,user,squat,heavy
1788983579568,9.536253680962323,0.0861904195154085,2.7699413909360766,-11.387845483341676,2.0369782017868925,5.631272831508896,user,squat,heavy
1788983579584,9.6396544342041,0.1369174027931876,2.589029381860048,-11.350010504208036,-1.7244958733200455,7.0079294752367005,user,squat,heavy
1788983579601,9.750835173797606,0.1207567242502234,2.435052433721721,-8.966176299904268,-3.786995823992631,9.281107784797094,user,squat,heavy
1788983579619,9.711329677361247,-0.1035500985845923,2.328060670250654,-6.802149962809379,-2.935536331209202,10.233755249473791,user,squat,heavy
1788983579634,9.66509399588704,-0.3229187526311725,2.4678236534669997,-6.384921880943627,-2.4853884450912807,10.760532735437378,user,squat,heavy
1788983579651,9.75547393951416,-0.5183456732039805,2.4925126890435814,-7.361750349716286,-1.348668129334679,11.17011015165907,user,squat,heavy
1788983579668,9.534458029717207,-0.7685396096929907,2.524386083166301,-7.095765707963064,-0.9912894733494572,9.019219548998588,user,squat,heavy
1788983579684,9.545382743835448,-0.9204217592428438,2.4302644687928256,-5.347239414873916,-1.371112984720987,6.848441996795964,user,squat,heavy
1788983579701,9.501989007788897,-0.900370283806417,2.4158992588318884,-3.748484229244337,-0.8092386250681423,3.954551463390445,user,squat,heavy
1788983579718,9.530719427710771,-0.8318362475847126,2.3751969538263977,-0.9604028243141306,-0.5370914451362766,-0.2637180861658351,user,squat,heavy
1788983579734,9.721657594630122,-0.6839942996366415,2.3627773249752817,1.6628410363428097,-1.8731080897765349,-2.998669690698334,user,squat,heavy
1788983579751,9.771932906883954,-0.6109712357668439,2.3543977652952077,3.405907126799062,-2.5691502565343205,-5.161828807212042,user,squat,heavy
1788983579768,9.815926362389323,-0.4255702858076896,2.356043194414675,4.012789925122205,-1.8563316510711028,-6.813137175862991,user,squat,heavy
1788983579784,10.077344425201415,-0.3107982985228765,2.3356924803033468,3.1743807894085547,-0.0421517187200469,-4.3768044300512114,user,squat,heavy
1788983579801,10.192266104888915,-0.2287968277304433,2.36891232059896,1.6244389380646478,2.199791555466602,-1.4281811362271477,user,squat,heavy
1788983579818,9.765500828009843,-0.2299938828947488,2.239027026665956,2.441035971385568,2.7305843388885105,-2.0043441982628063,user,squat,heavy
1788983579834,9.400233683666588,-0.1292879034285899,2.1588206865288315,4.709912328985911,1.8186601695907203,-4.186524751284765,user,squat,heavy
1788983579851,9.446023374938964,-0.0456404281279537,2.144754605644941,6.08008541564408,1.534927601444338,-4.4210392964371525,user,squat,heavy
1788983579868,9.310749812096358,0.2109882358499802,2.308608220153302,4.737986114021955,2.70618348807864,-3.979009090147792,user,squat,heavy
1788983579884,9.12909093017578,0.5790966315011493,2.4169455530144277,0.9756919893277926,5.766570768117209,-4.674328750957437,user,squat,heavy
1788983579901,9.17428148651123,0.7463913446404039,2.4284683791562918,-1.81497272121256,7.328033974652164,-4.04780275546816,user,squat,heavy
1788983579918,9.565285714179277,1.0348929004175589,2.362926816448569,-2.8693419797548465,7.024943476459202,-1.6900035247331868,user,squat,heavy
1788983579935,9.951199340710044,1.0324986439584751,2.219423623790592,-0.5288888148299145,6.707940309813747,5.869007810854945,user,squat,heavy
1788983579951,9.915884866222738,0.915930950629618,2.210745373424888,3.046422104506832,6.551158866944805,10.461036624295136,user,squat,heavy
1788983579968,9.674221889716389,0.3983344244256615,2.417993454632163,5.087687103771554,5.94542567483634,13.670451161503978,user,squat,heavy
1788983579984,9.357289444953205,-0.1427550411717966,2.822763465063274,3.595421397491644,4.123552541571363,15.04389121301953,user,squat,heavy
1788983580001,9.354444576916098,-0.4088107600221643,2.973447947527468,-0.1284251254570539,2.1369807089723416,15.518058313127447,user,squat,heavy
1788983580017,9.233088480266929,-0.8198653785645379,3.023576252526045,-3.88756779820013,-0.8822048956411538,14.817473857128192,user,squat,heavy
1788983580034,9.027937079077958,-1.050905708622164,2.7819129837587475,-7.533106135613566,-2.7753018008279957,11.97561570481983,user,squat,heavy
1788983580051,9.055320176044106,-1.0714060694704064,2.589628370666504,-7.539272942660441,-3.957192185278301,9.163882955619457,user,squat,heavy
1788983580067,9.279326499828697,-0.9307469274322036,2.2708998362667856,-6.0280385203949365,-5.858138845451339,7.504345062792288,user,squat,heavy
1788983580084,9.433902729034424,-0.6869870608449913,2.145203956847638,-4.345862819337407,-5.521711047693191,5.979925387220898,user,squat,heavy
1788983580101,9.527875144195557,-0.5939126813689712,2.0465924837090075,-2.262351605952276,-4.46134723093716,4.933264210600382,user,squat,heavy
1788983580117,9.77477660587728,-0.3281562696921639,2.0486882869444787,-0.5720328786610636,-4.0502991896098,5.037031005792154,user,squat,heavy
1788983580134,9.932345587158204,-0.2109898432851769,2.135028745922446,-1.850941991485728,-1.392952941478926,5.621683672801021,user,squat,heavy
1788983580151,9.993995110863446,-0.1903398174337111,2.165105904278159,-3.5336843848009565,0.8172609490525866,6.161952916809499,user,squat,heavy
1788983580168,10.164881254357098,-0.2741369851370342,2.0567678407646715,-4.495942139083274,2.936050089500834,7.4008207393160514,user,squat,heavy
1788983580184,10.052354360851645,-0.4007305075156502,2.0438992991022764,-4.682568093530588,5.163887682359977,7.9620616522842305,user,squat,heavy
1788983580201,9.890748671400546,-0.4733047270728275,2.068291105297953,-3.335720529774834,4.7079243170506135,6.035167530341138,user,squat,heavy
1788983580218,9.642346742027998,-0.5771532240821048,1.9544163043148812,-0.0672810252131552,4.382055991749305,2.851160443071096,user,squat,heavy
1788983580234,9.662548987579346,-0.5515650842413305,2.225859648187458,1.3899226853649675,3.679886504975784,-0.171824027381396,user,squat,heavy
1788983580251,9.687090723639724,-0.4891662400061264,2.394501227624714,-1.9094594237564009,4.229956643556407,-1.3668416618904962,user,squat,heavy
1788983580267,9.714771342247724,-0.3399776038565673,2.513910866381228,-7.036277321613192,6.534044547318869,-1.52520141206624,user,squat,heavy
1788983580284,9.702351421135663,-0.0721260921971872,2.489520521490276,-13.898370305239071,9.809767841650665,-1.0735073418749568,user,squat,heavy
1788983580301,9.72973568714559,0.0236419376764446,2.3081588689506054,-15.350349848246957,11.376662756123071,0.0069826944875744,user,squat,heavy
1788983580317,9.69666577671468,0.2449558623055927,2.006788734978437,-13.587767452732743,11.504902119111,1.1046821395158932,user,squat,heavy
1788983580334,9.574862520819902,0.304661211406812,1.9360107329219576,-10.972298481785392,12.281540731518348,2.497313315051888,user,squat,heavy
1788983580351,9.26331586074829,0.4548972559837624,1.9105726325437429,-10.78037358120262,16.621610269779115,4.59253125923101,user,squat,heavy
1788983580367,8.997710283118487,0.6681309874719008,2.160467723083496,-16.720292842907458,21.29827494543269,6.977860848076189,user,squat,heavy
1788983580384,9.09153189163208,0.9578294614160432,2.3174369849056005,-25.682680949143307,22.46929551070575,8.71914543309783,user,squat,heavy
1788983580401,9.255086377063392,1.0965433374382554,2.1719898185729978,-28.37783944468449,20.99302354614107,12.741636788162394,user,squat,heavy
1788983580417,9.185803582000732,1.366190262880735,2.090586377605796,-30.1888350748094,19.54950063109931,17.466152915367438,user,squat,heavy
1788983580434,9.158719175720217,1.3271350309625267,2.10390441660136,-31.816913116319487,18.155711738499,22.772016324909885,user,squat,heavy
1788983580451,8.475925127851962,1.1338031738396734,1.903838940374553,-30.51104924890475,15.510574133344406,24.883608580407053,user,squat,heavy
1788983580468,7.8800658515930175,0.7543221376396715,1.6503522550836205,-29.21355577831786,14.382505212666976,24.580629926561752,user,squat,heavy
1788983580485,7.252037997657061,0.2991246200677007,1.5013134939998387,-29.20307143794189,12.802669651038334,22.14599021389049,user,squat,heavy
1788983580501,6.839186679840087,0.089781758538261,1.4642027837455271,-29.53174697099208,9.801998501469775,17.782417994695706,user,squat,heavy
1788983580517,5.988046820610761,-0.4592385365910827,1.4580685187742113,-30.421812827398533,6.489410114866482,10.438891443458662,user,squat,heavy
1788983580535,5.639093682208657,-0.878672812994942,1.2756599875301122,-31.728380204297785,6.590189982956843,-0.387925316346355,user,squat,heavy
1788983580550,5.789031145697832,-0.975638272492215,1.1239280418395996,-31.92762023748164,7.329651021938164,-2.9385870778906704,user,squat,heavy
1788983580567,6.420950746375322,-0.9871602949164808,0.8469482527583837,-31.996342185815724,11.922341083067376,1.4647260633813008,user,squat,heavy
1788983580584,6.711247697669267,-0.8162741514228284,0.7510305487483739,-32.80048084736883,18.438454249380847,9.629292045664124,user,squat,heavy
1788983580600,6.623259617614746,-0.4212305852361023,0.947505014745891,-30.80510938324131,20.6226633685863,15.67389078658858,user,squat,heavy
1788983580618,7.218218145641684,-0.1677443383365869,1.2964593221917748,-27.12760234541763,17.77496455076393,23.41918528650505,user,squat,heavy
1788983580634,7.764693505528569,-0.1099843694157898,1.5321385481134056,-25.002834655011505,18.373067140909026,36.957030032820526,user,squat,heavy
1788983580650,8.199242275890708,-0.4780925824038684,2.3329987111747266,-29.785020630699904,20.290437844715,54.2988120335912,user,squat,heavy
1788983580667,7.6190978706359855,-1.2285256036505103,3.2942709699884056,-38.49611753963452,21.77589812126064,60.68539749248455,user,squat,heavy
1788983580684,7.627178885760903,-1.5462065286934374,3.4509415411248803,-45.36859924098799,21.61984537419877,65.63038614968208,user,squat,heavy
1788983580700,7.693916087993979,-2.3234239503607155,3.260303526195884,-43.99802616137655,18.35935382860293,68.92358234857124,user,squat,heavy
1788983580718,7.473201206970215,-3.077746818652749,3.0865739759698507,-41.13043612514382,19.75025013608974,67.78317981380006,user,squat,heavy
1788983580734,7.340623459082842,-3.4609690141424534,3.1516672103881835,-38.02788416636805,20.56677534570267,63.78698639458734,user,squat,heavy
1788983580750,7.1981684603035445,-3.9736274446234106,3.242646288952231,-33.99988938637976,20.35653017021863,56.920849938972815,user,squat,heavy
1788983580767,7.381174080657958,-4.107253824780881,3.08058905634135,-30.954004092053,24.386806233389716,52.83892057020351,user,squat,heavy
1788983580784,7.396586169323324,-4.10859997869283,3.0695152891412376,-27.07404683213556,25.673870005113997,48.90628547631234,user,squat,heavy
1788983580800,7.221510757446288,-3.944896732440591,3.1383491713926195,-22.977861151021145,29.525995951710925,43.88796790818555,user,squat,heavy
1788983580817,7.589768900299072,-3.3876462960392235,3.1057275892511007,-20.02760192016916,31.802388719049457,43.94336415744894,user,squat,heavy
1788983580834,7.744944264441728,-3.1504712786018847,3.145083155822754,-18.41167649273981,31.834104702460408,46.56260851546001,user,squat,heavy
1788983580851,7.727436664801836,-2.9571394945442675,3.463661614227295,-18.92768191660864,29.62547082678299,49.378094453609314,user,squat,heavy
1788983580867,7.4494088279724116,-3.122937374988198,3.5119939757198093,-18.548597879936477,28.69598794867639,48.7286117654328,user,squat,heavy
1788983580884,7.765892359924316,-3.2761665734991428,3.4564784247249363,-16.4471877289445,27.05827763288929,51.06839551845822,user,squat,heavy
1788983580900,8.196250108337402,-3.770419578717649,3.5913013211905955,-18.85207343004389,25.184708932230603,57.0213664178933,user,squat,heavy
1788983580917,7.772776858741045,-4.603302773505449,4.2042186997562645,-26.023628624584717,23.779324085966905,57.15800435223941,user,squat,heavy
1788983580934,7.585577878350019,-4.9634793167114255,4.243421413853764,-30.985658603761426,20.9246174940561,53.608522380218446,user,squat,heavy
1788983580951,7.5816884696960445,-5.429900604413449,3.750366678509116,-26.967511249008997,15.613776584156009,49.0743422808405,user,squat,heavy
1788983580967,7.926303871154785,-5.789180491040646,3.591600596398115,-22.850039283346234,14.42574884784962,47.41707884100695,user,squat,heavy
1788983580984,7.795968349236249,-5.992237842559814,3.815309398540854,-23.033663796540147,13.923047778710329,43.576227829182415,user,squat,heavy
1788983581001,7.188290624889731,-6.289119432941079,4.423735310906172,-27.146680771316767,13.807238506238177,33.1718894589612,user,squat,heavy
1788983581017,6.920289676555991,-6.457311515045165,4.253896338377893,-25.35747515219149,14.04287917882997,23.738745932107857,user,squat,heavy
1788983581034,7.163750642395019,-6.410924442401528,3.961056424602866,-17.8871708984489,15.892301453225372,17.416383034432847,user,squat,heavy
1788983581051,7.924806326073408,-6.3313160681575535,3.788972595757246,-7.002336404080106,16.755475147322194,15.128869011578244,user,squat,heavy
1788983581067,8.434920917290448,-6.424091967010497,4.559755600462854,-6.530930834830989,15.694594797510184,17.53090993888833,user,squat,heavy
1788983581084,8.346037934222817,-6.473623182898759,5.012859141430258,-11.676636980507215,15.391722011597016,18.4087634170588,user,squat,heavy
1788983581100,8.379106675609945,-6.6331356994628905,5.225792282536625,-15.854899337330382,15.448725062862648,19.43386723599829,user,squat,heavy
1788983581117,8.370279226031899,-6.80551938803792,4.8780362449646,-14.02185414901738,14.988151746750347,21.16675282277493,user,squat,heavy
1788983581134,8.30024707390666,-6.860285581970214,4.856337331114709,-11.695589901680355,13.955531304629265,22.052763254361693,user,squat,heavy
1788983581150,7.600244117084145,-6.739828479987382,4.964825762884319,-10.22694469709764,10.292282286697985,19.29539881095462,user,squat,heavy
1788983581168,7.349452662226557,-6.539314675471187,4.966022863714397,-8.367488874811494,2.8543791697174643,13.091764237848292,user,squat,heavy
1788983581184,7.668776970562338,-6.342240782275796,4.990412331822514,-9.278194709116082,-0.0905060229388323,13.110517375988213,user,squat,heavy
1788983581200,8.183829602703451,-6.226420692443847,4.870104575182498,-10.680628059884691,-1.1269262513736265,15.252099284583611,user,squat,heavy
1788983581217,8.164825042504072,-6.351217869457602,4.767602816607058,-13.323912976226918,0.6688258906276944,20.81842000529345,user,squat,heavy
1788983581234,8.017282949718833,-6.441299706920981,4.698620173534751,-15.43650926953208,2.0084995145991127,23.040120032853103,user,squat,heavy
1788983581250,7.258919573864341,-6.437110438537597,4.438849001146853,-14.518854571520649,-2.785175479603484,21.4848859588412,user,squat,heavy
1788983581267,7.479036488994955,-6.398504521289468,3.7481218221917754,-10.510790283530447,-1.420275085541152,19.978492860036763,user,squat,heavy
1788983581284,7.679400655907392,-6.43531478729248,3.581574584685266,-8.989839490283776,4.353162584012859,21.729591146235247,user,squat,heavy
1788983581300,7.642739442986249,-6.855946091461181,3.758746384319663,-9.814922073153086,7.508111058345904,24.169385944182576,user,squat,heavy
1788983581317,6.893205270275473,-7.371746911621093,4.048892821227014,-13.140864760244224,10.496988178765143,22.8599550104738,user,squat,heavy
1788983581334,6.573730155292153,-7.512108737513422,3.99981285623759,-12.62544502509672,12.080943198236952,18.39224118945654,user,squat,heavy
1788983581350,6.34583091572225,-7.39269617614746,3.8082761389032,-7.460965677599891,8.929082396295573,12.97243912550088,user,squat,heavy
1788983581367,6.826168792834878,-7.063195341712236,3.9462428863525383,-3.1558878387873337,8.72783770259032,12.36620007250701,user,squat,heavy
1788983581384,7.135168691033124,-6.897246070098877,4.128799301634729,-4.865405854309482,10.463036162174657,16.973180596927183,user,squat,heavy
1788983581400,7.090277994427084,-6.903681071582436,4.583998061315715,-7.006512210983923,10.48572605059744,20.603405650221447,user,squat,heavy
1788983581417,6.728006524768471,-7.034614559394121,4.718671904699504,-6.191708635928659,6.565299492960847,21.8482247019292,user,squat,heavy
1788983581434,6.567744651141762,-7.122451832801104,4.776282382147014,-4.851473975949948,4.118571626119131,20.897535793997,user,squat,heavy
1788983581450,6.4718257780879735,-7.177966799274087,5.065082957403361,-6.084136571595544,3.5660876559971437,20.8059036836394,user,squat,heavy
1788983581467,6.670395462799072,-7.180211363330483,5.258862485228478,-10.170024461875697,2.439095984217873,21.94962910544179,user,squat,heavy
1788983581484,6.853849995964765,-7.25293406971395,5.088874751879275,-9.030803549830928,-0.3830475207423345,22.994948576777222,user,squat,heavy
1788983581500,7.412748199573159,-7.557448346930742,4.652980704388022,-3.7422034434156872,-3.111281794308685,24.98155690819962,user,squat,heavy
1788983581517,7.503428002929687,-7.872285280719399,4.524292657415568,2.882957748421856,-4.675839930311302,25.695166534946093,user,squat,heavy
1788983581534,7.052867424443364,-8.794799938854574,4.736028405430913,6.412090665914644,-5.4042872892559775,18.87421348823849,user,squat,heavy
1788983581550,6.9255293307751415,-9.27543884474039,5.1563618956968185,5.668224154918665,-9.70380343309344,11.035908033525722,user,squat,heavy
1788983581567,7.101351177105308,-9.2963857711792,5.272330454088747,2.374507580992117,-15.094962244991008,5.029499868458569,user,squat,heavy
1788983581583,7.875126641625165,-9.16111337738037,5.037099556456506,-4.082662760331435,-16.48426370330662,2.5901340917684803,user,squat,heavy
1788983581600,7.921515467834472,-9.099613491278886,4.387673525182903,-4.082941517426937,-17.32045302754002,-0.0493392922022953,user,squat,heavy
1788983581617,8.052596839684247,-9.070732849231362,4.061462379942834,0.0191294989054611,-17.66346000501618,-2.041234476856868,user,squat,heavy
1788983581633,7.961917036327719,-9.259276229968666,3.98424966866374,4.071468507168608,-16.15201427377323,-7.783564903609702,user,squat,heavy
1788983581650,8.220041318291425,-9.588478373718262,3.986045027647912,9.095961846965556,-15.337691800167628,-11.880396037600685,user,squat,heavy
1788983581667,8.602816062274576,-9.762358438330889,4.031087407684326,14.625854607510776,-13.630019856712089,-13.214303807973849,user,squat,heavy
1788983581683,9.325117360144851,-10.13091702543497,4.436456260791421,21.798330170042256,-15.89266857589326,-13.874453544086627,user,squat,heavy
1788983581700,9.807696294182538,-10.574290907287596,5.228485759404301,21.01750635922098,-18.960973966170577,-14.589128680343618,user,squat,heavy
1788983581717,9.861716053661704,-10.688315345874429,5.730221813854575,14.32996739757124,-22.097861285903992,-16.610666599181464,user,squat,heavy
1788983581733,10.465953866687416,-10.645669213324783,6.120775667406618,4.338694535803479,-23.56746698583874,-16.27765218846103,user,squat,heavy
1788983581750,10.8078746222347,-10.621576390075685,6.00121551426351,-0.3805383066764276,-22.67793046909296,-15.58602894065283,user,squat,heavy
1788983581767,10.523113677757978,-10.647613333129884,5.942707211193442,-3.4723657211969323,-15.29031077789525,-17.57411088538866,user,squat,heavy
1788983581784,10.289680769458412,-10.592847139197588,5.025727683092653,-1.2076540714430055,-9.558602149075432,-26.935023454221827,user,squat,heavy
1788983581800,9.56962462016642,-9.60134896120727,5.098302797698974,7.875999561194777,-10.980313708776402,-28.02487917404033,user,squat,heavy
1788983581817,9.21243907546997,-9.183709240069986,4.825512277001142,15.214290772433008,-10.048607604094965,-32.267077224136685,user,squat,heavy
1788983581833,8.638280174365638,-8.031949188452959,4.648491868536175,20.232758604721536,-6.572703418021141,-36.10019646182077,user,squat,heavy
1788983581850,8.21031428952515,-7.184848960003256,4.522345615001022,20.809542466919726,-5.325800731729715,-37.08871949511296,user,squat,heavy
1788983581867,8.284985207366942,-6.8122519111633295,4.168603781017661,20.06245637550373,-3.621286896991659,-32.27823433814591,user,squat,heavy
1788983581883,7.690026679340004,-6.275951908332109,3.650558104540408,19.372287957988743,-0.8755228361987657,-29.65455035717432,user,squat,heavy
1788983581900,6.322489787623286,-6.12167670789957,3.3409593636661765,17.82158059184927,-0.0437900436461376,-32.909391628779275,user,squat,heavy
1788983581917,6.277146671074629,-5.903802018737792,3.055000149315596,18.268742831526247,-0.226886931396776,-34.36889035628969,user,squat,heavy
1788983581933,5.887341882324218,-5.4991825226932765,2.4917642087638376,24.04265178413299,-2.924903220775373,-37.14313219713586,user,squat,heavy
1788983581950,5.462521309772134,-5.1907805903881785,2.5203458678647874,27.47333627591992,-2.8553567405424225,-41.15043150393903,user,squat,heavy
1788983581967,5.702987185448408,-5.033211024585366,2.744501829253137,28.63700243500416,-6.235041490457336,-42.19070005038324,user,squat,heavy
1788983581983,6.351667951312661,-4.738875027033687,3.4759313132137057,22.293703299975768,-12.7501762321722,-39.68212524749388,user,squat,heavy
1788983582000,6.633585781317949,-4.800225860053301,3.793312670788169,15.81292611733336,-14.605254756974018,-37.68950976469645,user,squat,heavy
1788983582016,6.617723026275635,-4.8988364564090965,3.8419451842710375,13.068423773907067,-17.831074554795585,-37.37509225153867,user,squat,heavy
1788983582033,6.567894873267412,-5.149031114417315,3.8236896888732903,16.073707862486323,-25.369429690786305,-40.52992247822171,user,squat,heavy
1788983582050,6.7721478643119335,-5.354632305200398,3.8474808988273135,18.94976733328988,-30.106258087743942,-42.99497531571974,user,squat,heavy
1788983582067,7.102697331017255,-5.361664980316162,3.914967750383913,19.52174274231238,-29.614484467503026,-41.79154721038228,user,squat,heavy
1788983582083,7.362918292999267,-5.303306899371743,3.969286200548708,22.3669468335404,-34.56805867248726,-40.76519517437197,user,squat,heavy
1788983582100,7.620894690924882,-4.934749773572385,3.9020995009824633,25.24907321987422,-38.29883094055329,-40.3460913518054,user,squat,heavy
1788983582117,7.683890368542075,-4.805462299402058,3.9223002852290874,25.31864552675997,-40.94988348952912,-40.74813336182528,user,squat,heavy
1788983582134,7.554153981560468,-4.610335448621213,3.809623169597983,23.05151791103056,-39.40848396368107,-40.83624280211844,user,squat,heavy
1788983582150,7.816170594787597,-4.652383323016762,3.3695389769405124,20.62747523685657,-35.22254447423081,-38.684965439996205,user,squat,heavy
1788983582167,7.620744468799233,-4.680815344513952,3.229777747289836,19.093676004007463,-29.450966323678337,-39.44752532497687,user,squat,heavy
1788983582184,6.99750326461792,-4.726603866742551,2.7596155194938183,22.73938680369744,-24.81832563232007,-47.40242808523728,user,squat,heavy
1788983582200,6.987627767291665,-4.70789916627258,2.18979669342041,30.393026995141515,-22.943346497597776,-53.172216726227205,user,squat,heavy
1788983582217,7.053318090820312,-4.62245580226481,2.160466846300661,36.50749430240697,-20.684898344756164,-55.46273432476932,user,squat,heavy
1788983582234,7.268049221259355,-4.361937318640947,2.2143372604370115,36.65726669052701,-9.566624206255613,-54.59687807387598,user,squat,heavy
1788983582250,6.466139549145102,-3.909133345142007,2.5804990155324337,34.03380810579804,-3.7938183291998273,-57.33943125206788,user,squat,heavy
1788983582267,5.962158346116542,-3.5675104034975167,2.6333210896596317,37.76967911007947,-10.022745946576356,-64.48764086002559,user,squat,heavy
1788983582284,5.591807030376792,-2.5665850564703345,2.3570909499019383,50.4910259675387,-24.01927546169862,-73.4150054637449,user,squat,heavy
1788983582300,6.099378366851807,-1.694496955627948,2.616711607903242,52.017549341374455,-25.7496475388607,-74.1246006468067,user,squat,heavy
1788983582317,6.624757162696123,-1.3615534333929418,2.959682457025349,42.19128403155727,-24.202406493725004,-67.4487600916579,user,squat,heavy
1788983582334,6.65288786315918,-1.2621940644964575,3.364750865881145,27.349564710422825,-24.978891426876025,-60.67279579346588,user,squat,heavy
1788983582350,5.858162549591064,-1.545607539886981,3.091213326208293,10.21994802206661,-28.457776563635733,-59.320397847235846,user,squat,heavy
1788983582367,5.425560237121582,-1.6008236695438622,2.686593245641887,5.876884726515262,-32.365172400996414,-63.59465509774896,user,squat,heavy
1788983582384,5.439326312145591,-1.5204687147162854,1.472582781817019,11.188526049208717,-37.10314143954544,-67.0548084407099,user,squat,heavy
1788983582400,6.11539075949788,-1.2991548448860644,0.6022910628721118,23.255564689842814,-36.28813936211743,-64.58707475396264,user,squat,heavy
1788983582417,6.048801441302895,-1.1314107257451862,0.7713812628597021,25.678294260148867,-32.707634670886264,-63.295615755507455,user,squat,heavy
1788983582433,5.98819821178019,-0.6031899844732135,1.0084075194761155,24.177857086300683,-28.36790151944212,-63.45101621950359,user,squat,heavy
1788983582450,6.6516895932853215,0.1759729452386498,1.3371613349363207,18.82968406994459,-23.926477096540243,-60.40738830269752,user,squat,heavy
1788983582467,7.226747489055991,0.561439412523806,1.500415960638225,12.488558642619555,-20.03841410962529,-51.66493058018879,user,squat,heavy
1788983582483,8.519017835125327,1.319353912099637,1.6783341947257515,6.263464468914698,-16.07069574906235,-37.30020947257324,user,squat,heavy
1788983582500,9.116520786938072,1.6979371226770803,1.586007647075504,3.2355156782352235,-13.875432822458878,-16.809548047433893,user,squat,heavy
1788983582517,8.8995468460083,1.700480925408378,1.7495624247677624,3.445522437428548,-18.023916408274435,-8.035165166970877,user,squat,heavy
1788983582533,8.219443936920166,1.3030433402245865,1.596333664648235,8.01782417044186,-24.25119965760828,-5.248144469074432,user,squat,heavy
1788983582550,8.526201024627685,0.9677053788674064,0.4951499540582298,17.516764617117232,-16.379080497635716,-2.3487656652273965,user,squat,heavy
1788983582567,8.983493541717529,1.0374365387520752,-0.0615014935366809,23.518841161590124,0.6714107437025739,3.73393720697268,user,squat,heavy
1788983582583,10.032155037909746,1.22283762114197,-0.7529764221191406,33.53221950371981,7.739522136294167,13.272662651789728,user,squat,heavy
1788983582600,10.27801078993082,1.4451991003289817,-0.4951503924496471,62.15619676797676,-24.728115908857127,28.197913478926136,user,squat,heavy
1788983582617,9.405323115760089,1.4882945840813218,0.4329015876770019,78.89639619722021,-81.87839531714525,23.521269293840067,user,squat,heavy
1788983582633,7.005435226660967,0.7875417222069576,3.598485241345316,68.00531122598721,-112.72607043929408,3.950044392311883,user,squat,heavy
1788983582650,9.662101243811843,-0.9211700020605698,3.1655830691464244,44.07613620472482,-89.36555989285402,9.671115855273053,user,squat,heavy
1788983582667,10.714800617218016,-0.2962833687597885,3.8682808180108665,22.989955708493945,-84.59120985169092,16.64986163973358,user,squat,heavy
1788983582683,11.33833934304118,-0.8429096448920667,1.306185912566632,12.036388166733666,-52.178762296354265,19.180974359336687,user,squat,heavy
1788983582700,10.078541526031492,-0.9627692924384028,0.8426094198364764,1.1191497608384495,-6.815196051010926,10.137984898252812,user,squat,heavy
1788983582717,9.298781726405023,-0.9021662821114064,1.2633903616089373,-2.375080036221928,-7.723516441747889,4.309165066700575,user,squat,heavy
1788983582733,9.508871168518066,-1.6102512404395266,0.9757860103998331,-6.766598828179463,-8.359764784633855,-7.579311511575056,user,squat,heavy
1788983582750,9.469216034477949,-1.2475296889258547,0.9238618349604308,-22.983272368391088,-10.372074264129363,-22.6612938358221,user,squat,heavy
1788983582767,9.516801376995444,-0.9105457687262444,0.3462605383172631,-25.28377741104705,-3.7271919682804686,-21.495689610560863,user,squat,heavy
1788983582783,9.904063495525715,-0.2765313146613538,-0.6563107492860406,-15.567903326142908,2.854139472766279,-16.538440763803163,user,squat,heavy
1788983582800,10.077495231848957,-0.2886518509680405,-0.8388689911991357,-5.342580372086321,6.78891519063201,-17.307719847379822,user,squat,heavy
1788983582817,10.088418776923415,-0.0225961001516319,-0.2388219809267669,1.635998713069777,6.511378564558181,-18.79849401109973,user,squat,heavy
1788983582833,9.681102881401776,-0.0897833294408395,0.7522279418393969,0.8398401137056207,3.388788111418072,-20.68880521296141,user,squat,heavy
1788983582850,9.598653146252037,0.0110721414986066,1.030553227245435,-6.622943728234816,5.771463317997054,-20.231727246156865,user,squat,heavy
1788983582867,9.894935017174484,-0.0031433897593757,0.7433987386956811,-12.532958287319223,16.57019260570726,-14.729521511185938,user,squat,heavy
1788983582883,9.942969857025146,0.2931390691098932,1.1602894680965692,-15.745496782299702,8.277211703230495,-16.64932888497832,user,squat,heavy
1788983582900,9.867404036170244,0.4031227386977174,0.8750806337218731,-13.966604748821146,5.372532459144119,-15.62261997158388,user,squat,heavy
1788983582917,9.890446473583578,0.8502398736157222,0.5835861432064324,-4.550611826973703,0.1886187154985169,-7.98125363007832,user,squat,heavy
1788983582933,9.84421020758748,0.6296740685067139,0.7445964971128851,3.5576939938374323,-6.92556465092234,-6.451279303164416,user,squat,heavy
1788983582950,9.84540613937378,0.4215281251442618,0.9418182743463664,8.216583529062877,-20.389813682044103,-8.772919512433342,user,squat,heavy
1788983582967,9.764453364783526,0.3613738632317632,1.1014820359494537,8.357938562804524,-25.150288193908324,-7.369978166345213,user,squat,heavy
1788983582983,9.675866734313963,0.5502164552445058,1.1394894027825444,-0.3318780113168468,-14.355877720187683,-1.844925448600593,user,squat,heavy
1788983583000,9.612121115112304,0.6021407950806896,1.033546198516339,-7.315182973728785,-0.7061087450164735,3.4994085745551287,user,squat,heavy
1788983583016,10.300903005218505,0.524478942661453,0.282964781774953,-9.758303220028266,17.999918538625593,13.97879151384774,user,squat,heavy
1788983583033,9.98471816395223,0.7116756351972697,0.3227677998531609,-7.793069965613421,17.893109747932225,21.09262990235466,user,squat,heavy
1788983583050,9.662548403057457,0.4759963419186242,0.4517558526854962,-0.8078560987305964,9.80881929912968,19.186791972962247,user,squat,heavy
1788983583066,9.316886122894289,0.1903379953693831,0.4040205803032964,9.75593570570721,2.147890868954379,14.862976577378817,user,squat,heavy
1788983583083,9.664494276428222,0.045638437100267,0.3359362743102014,16.80368091493685,4.467196861074453,16.8263110392044,user,squat,heavy
1788983583100,9.7107317114681,-0.0734728306310251,0.5095161138672382,19.67781256484717,7.922766720215501,15.871708432877783,user,squat,heavy
1788983583117,9.725396781158446,-0.4403842898488976,1.0844233491208404,17.610544821968798,7.167241076306309,12.646560554915816,user,squat,heavy
1788983583133,9.6779616607666,-0.6476324806540272,1.58720613614507,16.43411133177851,3.397568106152711,9.651616518966312,user,squat,heavy
1788983583150,9.722703304290771,-0.7544738028037361,1.6757906477227806,15.149871843276031,2.3499761028143697,8.97340947023531,user,squat,heavy
1788983583166,9.772980370110274,-0.6072301997747271,1.6563374669730662,11.860632885237251,6.806732592855635,10.33193836501908,user,squat,heavy
1788983583183,9.90167104743123,-0.8367745031379162,1.792358779443055,9.59669752917118,2.908774582824034,6.057529142796936,user,squat,heavy
1788983583200,9.83747651541829,-0.6842937849067151,1.5469537668641655,8.506762408403578,6.7180857020521545,5.883045130259791,user,squat,heavy
1788983583216,9.893140534973144,-0.6506251779302954,1.3970168148316442,8.282591330975528,4.8670792506561344,3.431086832617725,user,squat,heavy
1788983583233,9.586533084869384,-0.6693298966665752,1.3429972014829517,10.67059280444665,-0.0651391939492942,-2.512598638084142,user,squat,heavy
1788983583250,9.44856896776855,-0.6355119808799586,1.2521673221312462,12.776122413281788,-1.3021844231645108,-8.576776970038086,user,squat,heavy
1788983583266,9.786149648284912,-0.2145813467048108,0.9165303230285644,12.739107910622195,9.102500045548553,-6.5058405618017705,user,squat,heavy
1788983583283,10.213813335308432,0.0549160872643813,0.7071865847162901,11.386243803981309,16.010923056088274,-2.421789992408353,user,squat,heavy
1788983583300,10.231021659740804,-0.0410017080771736,1.0532988006040451,5.01064256993381,20.27729826829919,-2.39697634204052,user,squat,heavy
1788983583316,10.051906032562256,0.0140651127695105,1.1207850676387547,-0.4047323308204936,27.272842903023363,-0.0245092133618783,user,squat,heavy
1788983583333,9.992949985724689,0.1366182737161405,1.2384005164548757,-0.3489284846822994,26.837102447185934,1.4286984163350702,user,squat,heavy
1788983583350,9.958084424048662,0.1167162714866921,1.084273930712789,5.931101060599531,22.431065234373897,2.8358791754636616,user,squat,heavy
1788983583366,10.018985759735108,-0.0456404007284902,1.1707638811640442,13.371352055107243,15.845854459321991,4.9468490299727135,user,squat,heavy
1788983583383,9.918580096656084,-0.1948290551443584,1.4962263999938965,13.69768312572482,15.897167963009004,6.91874171882832,user,squat,heavy
1788983583400,9.68484499053955,-0.283264933765307,1.7592887228816747,9.878986686246868,16.558938161502372,7.22883657601513,user,squat,heavy
1788983583416,9.39858708550334,-0.4086612822486087,2.069038708794862,4.824827700450436,17.571471017274447,5.148615806262653,user,squat,heavy
1788983583433,9.35908509619832,-0.5304663647742942,2.163460475158691,-0.198313275231064,17.891765908213028,1.7221627233882515,user,squat,heavy
1788983583450,9.429113156670333,-0.4956007665656506,2.182613211657107,-1.9361673844018543,14.592678671164732,1.4351753566589465,user,squat,heavy
1788983583466,9.55660673316121,-0.3766388898429461,2.2819731650754806,-3.2086068673394887,7.389961592309377,1.2470899828850723,user,squat,heavy
1788983583482,9.529370935711263,-0.2805714386313222,2.2149350801996883,-6.532920554313579,4.757494414951981,1.114691141414312,user,squat,heavy
1788983583500,9.494805233764648,-0.2032088888190686,2.188000749914348,-9.603531133435776,8.122940781768357,0.7475027329553655,user,squat,heavy
1788983583516,9.74140800476074,-0.2328369517004117,2.068290228515118,-10.936853215087613,8.885296614847562,0.3800504550788741,user,squat,heavy
1788983583533,9.76100994633138,-0.1951284216834232,1.9122189384460448,-8.166952813232626,4.412646274607677,3.014763537373588,user,squat,heavy
1788983583550,9.766098209381102,-0.268899541141279,1.8534106295160948,-5.514029646197865,2.1415740111891752,5.379692631828408,user,squat,heavy
1788983583566,9.41699367980957,-0.4513079627875238,1.9298758834287524,-5.108061558065701,2.534197830673838,6.014192446286852,user,squat,heavy
1788983583583,9.171588009643552,-0.5446818640662356,2.0516808928892014,-5.868208678722053,2.5204954039817347,6.6204852870204345,user,squat,heavy
1788983583600,9.285014482337235,-0.6548151039008051,2.0195083696894347,-5.770171131583452,-0.0053073771502172,8.26060409826361,user,squat,heavy
1788983583616,9.349357482910156,-0.8584719191504642,1.9430435541681943,-6.149643635264667,-1.0049737573515778,10.326543369348414,user,squat,heavy
1788983583633,9.342323346489668,-0.9208707999182864,2.0428521281369028,-8.281177481817334,-0.0084287335802734,14.683463838065247,user,squat,heavy
1788983583650,9.431058445519207,-0.925808585114032,2.0596111013665794,-10.027225696898238,-0.615362371456008,16.859352079314334,user,squat,heavy
1788983583666,9.229198487091065,-0.938976876907982,2.0132235903315245,-10.7054412833657,-0.0740439330177793,15.53273297455922,user,squat,heavy
1788983583683,9.222614432525637,-0.7312798463568091,2.0205556867852805,-10.606114111134438,1.4392161606049494,12.17565657768387,user,squat,heavy
1788983583699,9.477897353583574,-0.5900220945380628,1.8939632969178255,-6.882743206807768,4.342486571453305,12.671761391632224,user,squat,heavy
1788983583716,9.842263749694824,-0.3847191560491919,1.8059760936461389,-2.534323121956425,7.896198991891444,14.29981979634845,user,squat,heavy
1788983583733,10.14438207168579,-0.3224699128851294,2.0768201564513147,0.1053004794853444,12.998291391509378,19.285635055536087,user,squat,heavy
1788983583749,10.253916797637938,-0.4230263095464557,2.2099977699279783,0.6372523806939584,14.247742165248042,23.81743312644099,user,squat,heavy
1788983583765,9.949853186798094,-0.775871779211983,2.296936633190513,2.974826994409701,13.260796905654123,26.17556789021894,user,squat,heavy
1788983583783,9.46757235892415,-1.2271789382819085,2.4772500918515026,5.133225682515321,11.046496534286533,25.343111264366957,user,squat,heavy
1788983583799,9.350554583740234,-1.5092458213690667,2.5665843258179724,3.6215665078608064,12.009873372375676,23.177008976651205,user,squat,heavy
1788983583816,9.477298803168535,-1.767370614789426,2.628234580175578,0.4332402330752311,12.65122642789258,21.629563025840408,user,squat,heavy
1788983583833,9.67766238555908,-1.9629471090339123,2.4530088000424204,-3.3261548498422315,11.440922883381845,20.152107731002022,user,squat,heavy
1788983583849,9.656263623699544,-2.033426274274289,2.360832036126405,-5.305448902437193,9.861073661374862,17.48314813356972,user,squat,heavy
1788983583866,9.546130347332358,-2.123807386945188,2.171839888708293,-5.358883606748318,8.148596679838217,12.88257432659102,user,squat,heavy
1788983583883,9.618854807281494,-2.0753249494574963,2.029684457397461,-2.657651792374526,5.680821585069107,8.67403801004542,user,squat,heavy
1788983583899,9.668982820019126,-1.9960165810734032,1.927181529778242,1.9806455762769777,2.442631460887001,3.2627568205227613,user,squat,heavy
1788983583916,9.74185691757202,-1.7651260507330298,2.0766705188475547,1.7120566047375714,2.206539355479752,0.5724129680162042,user,squat,heavy
1788983583933,9.771036250305174,-1.666365378382057,2.160018518011272,-2.526636597819222,3.501842683220592,-2.345433600129488,user,squat,heavy
1788983583949,9.835679695129397,-1.3174104864142837,2.112433906146139,-8.589538324728608,6.5206023081454605,-3.677963806724425,user,squat,heavy
1788983583966,9.94611107766032,-1.028011068481952,1.8136068807855248,-10.893475537442509,8.841208597528775,-3.7226370858777167,user,squat,heavy
1788983583983,9.94760745369792,-0.8930379498906433,1.7124517145134508,-12.28396800999464,12.120250083136728,-2.557399983284371,user,squat,heavy
1788983583999,9.853784676140544,-0.6726217595525086,1.597380543352663,-11.809260471168646,14.00458913834288,-0.7671126863101481,user,squat,heavy
1788983584016,9.34022900455892,-0.6462855412907899,1.6641192068904638,-10.284752856911693,12.116331262100433,-2.847453571342483,user,squat,heavy
1788983584033,9.133429836162923,-0.6610996640630066,1.7465689420402049,-9.653802179500715,10.88963184848708,-5.667308055796237,user,squat,heavy
1788983584049,8.973616875347494,-0.6096241822391748,2.00140265802592,-13.778974329679018,11.727253804898888,-7.853689602044577,user,squat,heavy
1788983584066,9.134477299389244,-0.3363860639043152,2.0269903960078954,-19.13510793151276,17.526123683827443,-5.114289836815107,user,squat,heavy
1788983584083,9.393350938415526,-0.1095357488654553,1.9515736282348632,-24.987051795386897,24.67645235797515,1.4808948286940136,user,squat,heavy
1788983584099,9.733476042717694,0.1856993894830346,1.8133081900998949,-29.248816629908053,26.06929014673354,8.768718946093784,user,squat,heavy
1788983584116,9.096318541386722,0.5330087062008678,1.946784640392661,-32.788606563496764,25.925898862845585,11.092103414922,user,squat,heavy
1788983584133,8.818441511204838,0.4450216490596532,2.0253435055837032,-36.14065850246392,23.918422595961506,9.793015948937562,user,squat,heavy
1788983584149,9.051127985051274,0.222360894665122,1.8541586714044207,-39.44806832501588,23.923094445353797,15.158604240129891,user,squat,heavy
1788983584166,9.860069455498456,-0.1786678834110498,1.4561223531424998,-40.95024548955512,24.535070857250474,27.284679620855,user,squat,heavy
1788983584182,9.76086323133707,-0.4477173178844154,1.3965677558898926,-42.86444698558622,25.803165486102333,41.6251569720116,user,squat,heavy
1788983584199,8.71489345844686,-1.0871180680975316,1.26443658272624,-42.91914655555426,25.242931172263084,47.077959948715815,user,squat,heavy
1788983584216,7.120058800184727,-1.825430589570105,1.2253823371887207,-38.174357573118975,18.52718523688848,38.45428604606278,user,squat,heavy
1788983584233,6.610839696502685,-2.1232088365301487,1.1592422240659594,-29.90607890354921,14.20371476585814,27.76228401366272,user,squat,heavy
1788983584249,6.426638144361973,-2.5484796370677647,1.3347668410152196,-24.73489828670295,21.71148089965096,15.902563812453316,user,squat,heavy
1788983584266,6.220286719733476,-2.756026701221615,2.1276973801210524,-27.78689489278957,29.82019268983089,8.995085929339993,user,squat,heavy
1788983584283,6.336553968811034,-2.6874919480472803,2.3814815870538357,-30.76055264419073,34.021739161534626,4.787012784997484,user,squat,heavy
1788983584299,6.654683514404296,-2.190695688086748,2.560748313140869,-29.59673963603933,35.01220879874027,4.665440967299957,user,squat,heavy
1788983584316,7.302913613891601,-1.5073003133244811,2.6871915037959813,-29.55837446347137,38.74076808551521,10.199115945098072,user,squat,heavy
1788983584332,7.489213599616288,-1.2764100752450525,2.906261540222168,-32.335963097010854,42.934050028323234,17.65124933432749,user,squat,heavy
1788983584349,7.543382412177324,-1.1466738343939185,3.147926562555134,-37.08677289119951,44.915286415963415,28.025722702402824,user,squat,heavy
1788983584366,7.600542223247885,-1.485453077045083,3.372980641826987,-37.95559344419264,38.95331332720225,36.63363082090418,user,squat,heavy
1788983584382,7.615358684107661,-1.7787433649361133,3.384203169848025,-38.88627160540399,33.61115258486306,44.71062321257857,user,squat,heavy
1788983584399,6.829310013470053,-2.3285113366276025,3.536683303557336,-40.85291187878786,28.63280357621189,47.70763850339388,user,squat,heavy
1788983584416,7.0085758627742525,-2.842965418353677,3.2034406522452827,-39.5570508234126,27.342152247626068,50.32353948380623,user,squat,heavy
1788983584432,7.139060437774658,-3.123685563006997,3.0997423773616557,-37.47826908914088,25.95225997794725,54.40920496605153,user,squat,heavy
1788983584449,7.056013321253657,-3.7545579927191137,3.2646433089658617,-36.11071495314259,21.730636165178257,55.2498646490967,user,squat,heavy
1788983584466,6.343137438854575,-4.295497638049722,3.454083930803835,-34.98823141965894,17.28633964773039,51.12573837163506,user,squat,heavy
1788983584482,6.406285092163086,-4.403985193036497,3.33916254337728,-32.70921585967913,18.663386039127708,48.04683252776588,user,squat,heavy
1788983584499,6.568342617034912,-4.388871502795816,3.275117941229045,-25.556158524957997,18.19681240182955,42.68559506707485,user,squat,heavy
1788983584516,6.80581690967977,-4.094983249011635,3.3951272994443773,-22.1588787808543,20.973412365486677,39.69830938073222,user,squat,heavy
1788983584532,7.045834457066655,-3.972878379821777,3.4266990802720185,-19.443974208422613,21.137840632018268,38.541510976858426,user,squat,heavy
1788983584549,6.901285116356611,-4.026748209436238,3.461116898180544,-19.5783615954372,21.14459568910741,36.07312842214001,user,squat,heavy
1788983584566,6.92088705792725,-4.230554625757039,3.2450396138295527,-22.19814724594,24.900518421244712,34.2234346477251,user,squat,heavy
1788983584582,6.975355730217695,-4.397998519842327,3.029112843865156,-18.882976620943616,22.806464383988843,33.02506088237344,user,squat,heavy
1788983584599,7.033415704998373,-4.590433062799274,2.6633988325372338,-11.386620318159304,20.861342621585106,32.61636285300739,user,squat,heavy
1788983584615,7.1220011664241545,-4.771045650537312,2.9161370375484226,-4.145220462939582,20.46795275369634,33.398880550742824,user,squat,heavy
1788983584632,6.815693576049804,-4.86756248948425,3.2890342383787035,-2.5314205050025813,18.723766618937912,31.170657692525808,user,squat,heavy
1788983584649,6.815093856590986,-5.02767355646342,3.843141116057336,-3.781476177369615,17.803091269766043,28.63873559550605,user,squat,heavy
1788983584666,7.297527829200029,-5.014506908637285,4.382436501312256,-9.6745557092938,17.422784629232442,29.985155418665038,user,squat,heavy
1788983584682,7.642740612030029,-4.929362527576089,4.486134191673994,-14.112318297026906,15.963917694220248,35.19626873649377,user,squat,heavy
1788983584699,7.42516753616333,-4.871752634650469,4.544642494744062,-16.488691373436083,14.19656697289172,38.8933750021408,user,squat,heavy
1788983584716,6.676530020031333,-4.916942606464028,4.305223205511272,-16.187012163080375,16.732008324881324,38.266537806157466,user,squat,heavy
1788983584732,6.616076428112387,-4.919485861206055,4.291007340893149,-16.563232642943017,18.87209954469037,37.21432325885491,user,squat,heavy
1788983584749,6.2114575165897605,-4.980389534980058,4.167556610052287,-16.76275783652472,17.668669731805608,33.53466471144267,user,squat,heavy
1788983584766,6.362890187072754,-5.165940163642167,3.660733169335127,-13.17492605986143,13.940597949782676,29.289145481862395,user,squat,heavy
1788983584782,6.44848231190145,-5.347599045562744,3.473087321959436,-10.959096579893403,12.665028532657884,27.17145045234182,user,squat,heavy
1788983584799,6.497865059229731,-5.876719366022944,3.615244506835937,-12.972079686795809,14.759758758641585,25.377192200778023,user,squat,heavy
1788983584816,6.254401170781255,-6.361094535827636,3.668813307677209,-15.009644644521083,15.495728717183384,20.55423511838653,user,squat,heavy
1788983584832,6.189010122460126,-6.502053158569336,3.737197984856367,-15.052428949482046,14.614502833110215,15.590290978694917,user,squat,heavy
1788983584849,6.675034228515624,-6.62700114223063,3.788673028288781,-10.596761874613398,10.278492988537376,13.116732848132925,user,squat,heavy
1788983584866,7.120505374908447,-6.6823676401436325,4.164863717706501,-6.159590525130321,7.925692602501205,14.308885164924348,user,squat,heavy
1788983584882,7.063942945209146,-6.756737529212236,4.506635420171916,-8.195758282283508,7.452142780739527,13.824640120696078,user,squat,heavy
1788983584899,7.283161450195312,-6.910863676562905,4.848706105583906,-11.803195263185676,7.73021941864461,14.110498051613098,user,squat,heavy
1788983584916,7.789236410632729,-6.943485843226314,4.706851118524372,-13.224334794543656,7.724518772008588,18.206352468552765,user,squat,heavy
1788983584932,7.728183099254966,-6.988975090247393,4.830899522997439,-14.000625067303334,7.156052372672182,20.924156456287125,user,squat,heavy
1788983584949,7.200861352649331,-7.119907993537187,5.180154566955566,-14.937186582711004,5.901871266046461,20.31962495058576,user,squat,heavy
1788983584966,7.220313072094321,-7.005284420013427,5.193471144646406,-16.285517151290296,6.084453748505126,18.973840335019588,user,squat,heavy
1788983584982,7.371148945727944,-7.006183999201655,5.214720853424072,-14.473838502248388,3.4606963429999658,18.98996811919728,user,squat,heavy
1788983584999,7.875276863750815,-7.071424825397133,4.881626670672,-8.855138768341016,-0.0336253147686636,23.842851675437192,user,squat,heavy
1788983585015,7.751676787567138,-7.197270050159096,4.9245723706901074,-8.586813079249772,-0.5751445100756805,28.97505581778477,user,squat,heavy
1788983585032,6.519710980334877,-7.422624281421303,5.693261910247802,-21.2202400341653,2.596734829271063,28.563965514661923,user,squat,heavy
1788983585048,6.387281116485595,-7.687932337409258,5.492148386272787,-26.93188156720362,2.861806146666207,27.59234207692364,user,squat,heavy
1788983585065,6.743119922748208,-7.747637741309404,5.060893689019978,-21.22125773235163,-0.5356547575330468,31.65654368970217,user,squat,heavy
1788983585082,7.453150352588295,-8.20373315756917,4.424933288519084,-3.806633044743241,-7.109389374036301,39.50129598921779,user,squat,heavy
1788983585098,7.5047735723197455,-9.194932060351968,4.7767295413926245,6.794851051907575,-8.872028118611166,42.16519953911699,user,squat,heavy
1788983585115,7.551461673736572,-9.864560921698809,5.194668829998374,13.322820145959716,-10.315662024226938,41.13291206871794,user,squat,heavy
1788983585132,7.7783116965144865,-10.972477155414223,6.085909813469648,16.877732118370837,-14.66694331801028,34.74771313822611,user,squat,heavy
1788983585148,8.428637306976318,-11.646744197955726,6.786214675848186,16.775291233651693,-19.67351979095382,27.694055546496173,user,squat,heavy
1788983585165,8.715642230987548,-11.80326630053222,7.117063417761028,11.652632280669206,-22.81854357353601,19.336941729033928,user,squat,heavy
1788983585182,10.139444030761718,-11.700614319831132,7.319522803387046,0.6830354588656712,-25.31546095105945,16.00941870692358,user,squat,heavy
1788983585198,10.627860584911703,-11.45341124485433,6.884974325285851,-7.966931577162449,-21.948172567601286,15.325139620020437,user,squat,heavy
1788983585215,10.17760161972046,-11.46613161021769,6.266971898540854,-10.842404505471029,-15.161093844082364,9.464910736683075,user,squat,heavy
1788983585232,9.483134085193276,-11.093086817610263,5.2787660400941965,-5.24817563181252,-12.195294225321303,-1.2029920404476486,user,squat,heavy
1788983585248,8.337357784160972,-10.671855209460857,4.378843737517297,2.6468099342841884,-13.011935548150124,-11.328618351727556,user,squat,heavy
1788983585265,7.618198875969647,-10.315866181072591,4.262725249260663,7.222637325569697,-11.864065055295182,-22.54427049722498,user,squat,heavy
1788983585282,7.122898407524824,-9.201066617584228,3.786428464232385,5.866623647947788,-3.347165365502837,-28.788267219457847,user,squat,heavy
1788983585298,6.874051656994223,-7.787739450073242,3.394827147454023,1.3197794173532869,2.4642210485231764,-27.577175641871623,user,squat,heavy
1788983585315,6.879588832855224,-7.151032030597329,3.191170660997927,-2.597167052179478,3.5178404803606425,-22.056316660277396,user,squat,heavy
1788983585332,5.755660791015624,-6.258294671088457,2.953995935821533,-4.546393758274397,-0.7679261725124672,-22.761557597743305,user,squat,heavy
1788983585348,4.856487260979414,-5.922206859478354,2.8046564382255075,-5.290804976856685,-2.666509693954386,-27.78806114759035,user,squat,heavy
1788983585365,4.976348150634766,-5.701941475787758,2.575412213787436,-0.9008016331212472,-3.051907386740587,-28.76463134983502,user,squat,heavy
1788983585381,6.247818285259604,-5.553949301147461,2.1247037512630222,13.420984478484788,-6.308298684400308,-17.81475381777384,user,squat,heavy
1788983585398,6.1611781126827,-5.975927928271889,2.817225996941328,20.076830508612023,-8.806541972396376,-11.117623562982107,user,squat,heavy
1788983585415,5.698200535693764,-6.366931571418046,3.311928791753948,21.226091798736707,-9.243080706593046,-11.628533665730108,user,squat,heavy
1788983585432,5.334131076702476,-6.7296525384098285,4.2904084982171655,16.391955404221193,-6.852196039518532,-17.633965540632772,user,squat,heavy
1788983585448,5.9015568701595065,-6.774394181933999,4.3441286902278655,16.197665550638302,-5.643410077664009,-21.15047648198279,user,squat,heavy
1788983585465,6.323984410095214,-6.575974719348549,4.337694273266196,18.16914501304912,-5.940167282949076,-21.899719205629214,user,squat,heavy
1788983585481,6.796240687561035,-6.206819335395098,4.574870167486369,18.620692234173248,-7.530278437297181,-22.10120124840813,user,squat,heavy
1788983585499,7.529613414543866,-6.146363989910483,4.706101469200849,14.481245842403268,-8.174927912862263,-17.07458670798707,user,squat,heavy
1788983585515,7.517643575286865,-6.157738201361894,4.815936054882407,6.810774784183812,-9.03459345104664,-13.166155243193488,user,squat,heavy
1788983585531,6.726060066875815,-6.388927130126953,4.582350878630578,-2.2036670474903497,-8.880751123954918,-13.391862259411145,user,squat,heavy
1788983585548,6.102219727757573,-6.277447115325927,3.758147541643679,-6.660793221520442,-11.689749236166348,-18.05395387269685,user,squat,heavy
1788983585565,5.88659252526164,-6.178537243762612,3.201346310314536,-2.5959933268592934,-12.448531172762344,-22.571464895405384,user,squat,heavy
1788983585582,6.086359895324707,-6.020070436859131,2.580798875261843,3.4927181908196894,-10.892416004347508,-24.303274727387752,user,squat,heavy
1788983585598,5.834219948467612,-5.714062121692299,2.662949627465009,10.131998237445297,-8.47721330250681,-27.80254797881995,user,squat,heavy
1788983585615,5.677699599456787,-5.512201578742266,2.7573718322202563,13.071527241111191,-6.404795596994248,-32.289729546519034,user,squat,heavy
1788983585631,5.907243099102377,-5.212925786700844,2.943819994243979,14.830977141117309,-5.8021688602976695,-35.94524679030986,user,squat,heavy
1788983585648,6.977302772632241,-4.953304544177652,3.2995094551637765,13.685440865411218,-5.642987032822291,-31.69965925883788,user,squat,heavy
1788983585665,7.244255673217773,-4.84511714118123,3.503764199773967,8.043767790230508,-2.633792874386613,-25.916994003715185,user,squat,heavy
1788983585681,6.947972048729658,-4.7481508049011225,3.671357146941125,4.70568273434238,-1.41468297487991,-23.181072939207365,user,squat,heavy
1788983585698,7.100005023193359,-4.67976758902669,3.332577904289961,9.132152458056517,-2.591024577681521,-18.595374430467302,user,squat,heavy
1788983585715,6.911162951770424,-4.732739300757646,3.1624414101198317,16.52283890419156,-3.990117965945994,-18.066033062244024,user,squat,heavy
1788983585731,6.337302741351723,-4.778378769904375,3.4166748221248384,18.630421838645933,-3.067144471561828,-20.31480283703173,user,squat,heavy
1788983585748,6.307523104637861,-4.403983731731772,3.658488313017785,12.928671273299438,1.148558207526997,-21.20072447615928,user,squat,heavy
1788983585765,6.594828472900391,-4.051887619128823,3.619733050426841,8.745387873662667,0.3268047015478348,-17.793213108678913,user,squat,heavy
1788983585781,7.160309562030434,-3.5428210756599903,3.2299279694154857,9.180278824722071,-0.1704334435550637,-11.258286186296642,user,squat,heavy
1788983585798,7.401376326209307,-3.886089738684893,3.2291800736576315,14.168295112369744,-0.0228287133516841,-4.485634529852079,user,squat,heavy
1788983585815,7.283010643547773,-4.413410900768637,3.294719298277795,22.00681144917314,-2.5212723379998234,-4.749352402574503,user,squat,heavy
1788983585832,6.370670173424482,-5.403413871765136,3.83745517937541,27.96077955622705,-8.43395515317218,-10.245584283342607,user,squat,heavy
1788983585848,5.727677974590659,-6.011091596111655,4.346223032158613,28.312443798476203,-14.046558089471668,-22.925359194418547,user,squat,heavy
1788983585865,5.978771627265215,-6.004958207923173,4.584596611730754,21.110526705527384,-18.25168955671602,-28.304022175229576,user,squat,heavy
1788983585881,7.21432756794393,-5.631312526813149,4.660013964025676,9.615951832441445,-19.596251568420755,-25.746329774471366,user,squat,heavy
1788983585898,7.392694422581791,-5.163843483623862,4.145259438048303,-2.340316934667502,-20.816985665567746,-21.728766400892965,user,squat,heavy
1788983585915,7.165545124596357,-5.03425761102885,3.639784197069704,-2.1879731937683644,-21.15585354840688,-21.72890471222366,user,squat,heavy
1788983585931,7.171831072998047,-4.640262969373167,2.9442689070552586,0.8891600025677837,-19.315353208614813,-21.062843447384235,user,squat,heavy
1788983585948,7.282113402447104,-4.517110636956989,2.7886455068841576,5.678188547144067,-19.227697975901453,-20.97904214891005,user,squat,heavy
1788983585965,7.908947078162432,-4.3939603503674265,2.6473879011958834,9.58598523123166,-17.776651607488922,-14.047686778232016,user,squat,heavy
1788983585982,8.052598593249916,-4.473417333441972,2.9366376815244557,6.947480166647972,-15.461849271352827,-9.090696624889125,user,squat,heavy
1788983585998,7.691972552710771,-4.603901616181433,2.70065947265625,6.051024241386145,-10.943177970259043,-7.265459196571093,user,squat,heavy
1788983586015,7.760952565434574,-4.650886362457275,2.6786615758597847,8.967497087735019,-8.218522449013514,-6.872468894748776,user,squat,heavy
1788983586032,8.00591224539876,-4.7367798083201045,2.9725501219049093,12.11775791786332,-6.405335608825502,-6.449733119091055,user,squat,heavy
1788983586048,7.952790896064043,-4.627244790107012,3.222296159362793,16.059832333187444,-5.909617127452079,-7.685443259766945,user,squat,heavy
1788983586065,8.154201941680908,-4.198083850263059,3.2508763571590182,27.320649104571576,-8.04021865318304,-9.73042068028898,user,squat,heavy
1788983586081,8.594586578589677,-3.904046543397009,3.6378397850036617,33.70623564829881,-10.70889223644385,-7.54845442445223,user,squat,heavy
1788983586098,8.78567204502523,-3.9879917778015135,3.9924806136533615,32.083983758150744,-11.310347595697772,-3.416038645215718,user,squat,heavy
1788983586115,8.462306936866044,-4.340389795960486,4.650287227520346,19.299377396146152,-8.784148343428843,-1.3946938926653387,user,squat,heavy
1788983586131,8.252215741187333,-4.615872624482214,4.457553993877768,9.316244839208576,-7.314896959557291,-1.5242113548017056,user,squat,heavy
1788983586148,8.27331405879557,-4.666300496949255,4.149599805340171,3.282823489417436,-5.051783360625735,-0.4153021286023677,user,squat,heavy
1788983586165,8.545355222430825,-4.86786234921366,3.776703773553669,-1.1858435698758625,-5.015148787238726,3.3413473249904557,user,squat,heavy
1788983586181,7.96760384979248,-5.039346458600461,3.790020643505454,-4.433965429441402,-2.71416733888815,1.829930835494888,user,squat,heavy
1788983586198,7.53979110968709,-5.064635798157752,3.6508579642698167,-0.2757623510347857,-2.2496594069271,-5.766229685545532,user,squat,heavy
1788983586214,7.736115645819902,-5.034857915009558,3.177703276659548,14.131449656892112,-7.982628205648785,-13.265169934270224,user,squat,heavy
1788983586231,8.500763801032305,-4.725856263245642,3.582024082018435,18.99977456329813,-9.33470940185606,-13.2626128821997,user,squat,heavy
1788983586248,8.690504282599687,-4.614825161255896,3.97108272857666,15.059803846238369,-9.220053577579996,-10.258364421053347,user,squat,heavy
1788983586265,8.869767209294437,-4.370166217803955,4.741864856499434,1.7028263511262396,-8.369569521187408,-5.528908359531092,user,squat,heavy
1788983586281,8.88757466866374,-4.350115071161091,4.449473563274741,-3.901495834578256,-7.299908963197344,-3.167515382075634,user,squat,heavy
1788983586298,8.779387265667319,-4.421193517468869,4.092588170568645,-1.427359485814336,-8.18989285733376,-3.6844068095458624,user,squat,heavy
1788983586315,8.288875785064697,-4.566791198188066,3.730614807073772,7.087411959721315,-10.598719577584252,-9.237194791075789,user,squat,heavy
1788983586331,8.518869951087236,-4.624102692689001,3.65519745477885,10.988264902743945,-10.357256168725025,-11.498783977161962,user,squat,heavy
1788983586348,8.730157663074134,-4.688296932440996,3.8280283025994897,10.90474449579938,-10.531680417106932,-11.79784124865003,user,squat,heavy
1788983586365,8.915406093919277,-4.746055878448486,4.249706777733564,3.1809591153529237,-9.73163218509301,-10.736393993136907,user,squat,heavy
1788983586381,8.940248858752847,-4.504841522492468,4.118625698144734,-0.8691603549043401,-12.427055350464531,-10.887528150222716,user,squat,heavy
1788983586398,8.90583104084432,-4.387225489154458,3.722982704760134,1.524943679146778,-14.599174181065417,-11.723130078187491,user,squat,heavy
1788983586414,9.062951109313964,-4.176835310529172,3.134159318487346,9.79613478406732,-13.682555964260532,-10.877592786301287,user,squat,heavy
1788983586431,9.277979176872968,-4.1525934341982005,3.287686623162031,13.196093669872946,-11.669899852664646,-7.857492309864981,user,squat,heavy
1788983586448,9.209595960998534,-4.228160716357827,3.6447228225156665,10.206541214499522,-9.428117361397865,-6.659334122358998,user,squat,heavy
1788983586464,9.031229106360673,-4.271855773438513,4.013130310711264,4.196034935930362,-6.91453944494147,-6.582385211169634,user,squat,heavy
1788983586481,8.999653233879805,-4.128352142389119,3.865586756621301,1.496040239569988,-6.677962609546561,-7.042173909301028,user,squat,heavy
1788983586498,8.863034686169028,-3.989937358911335,3.737796827532351,1.4159316188375528,-7.126189504960417,-7.842085110644725,user,squat,heavy
1788983586515,8.902091854315996,-3.7590474130928513,3.22753318323344,6.85899549283728,-6.615778432908649,-8.402514938648965,user,squat,heavy
1788983586531,9.209145294621589,-3.763984577234089,2.9801813474357126,12.760381388565849,-7.077167102853119,-6.80516549132794,user,squat,heavy
1788983586548,9.21872385482788,-3.842694249072671,3.184735951775312,13.976390702354482,-6.785482166800432,-5.516441983635349,user,squat,heavy
1788983586564,9.413103102111815,-4.01552626593709,3.702931850378215,10.022074026716757,-5.7726086553435,-3.0150422944690893,user,squat,heavy
1788983586582,9.471462936621904,-4.122367807282507,3.908833485412597,5.2782634688800725,-8.242224059207105,-1.5968623694558386,user,squat,heavy
1788983586598,9.405320193150638,-4.210503479114174,3.845087573949992,4.396671315912663,-10.57683394393624,-2.943847177325227,user,squat,heavy
1788983586615,9.650729370447992,-4.269910776850581,3.637391456714272,5.071136274752143,-9.751891379944915,-3.313408009303695,user,squat,heavy
1788983586631,10.024074607306718,-4.386926798468828,3.71550170135498,10.02620458361732,-10.918888110023186,-3.2242330595000084,user,squat,heavy
1788983586648,10.02317678168416,-4.455011908179522,3.855412568609416,14.306626933630014,-11.888652028759935,-5.758103467980509,user,squat,heavy
1788983586664,10.440962048771976,-4.4407957513004535,4.309861386705935,17.745135407111192,-13.94849620978415,-8.072756820615334,user,squat,heavy
1788983586681,11.059114989903568,-4.331260733087361,4.323628338512778,23.40724782338317,-15.072313337703246,-8.458793989862578,user,squat,heavy
1788983586698,11.402686435267327,-4.217986528345942,4.335151603046059,25.7777315691805,-13.150193944876817,-4.664620063939086,user,squat,heavy
1788983586714,11.748499522078037,-4.146908666560053,4.624400798852742,23.50767038720257,-10.072288723721044,0.8556209456178179,user,squat,heavy
1788983586731,11.894095741492508,-4.639365436011553,5.101145619909465,13.331214448449662,-5.812102516671807,7.862287956435977,user,squat,heavy
1788983586748,11.547532713097333,-5.168333488519489,5.01495319110006,11.05397046878582,-7.050444841499091,7.32052076656515,user,squat,heavy
1788983586764,10.652549620488283,-6.997953054212033,4.1458588652461765,18.38363173600774,-5.922903126048223,2.079504880550096,user,squat,heavy
1788983586781,8.521410867741704,-9.096470224817097,4.467130800518393,33.35389009467995,-3.8007782919640714,-16.600559626757136,user,squat,heavy
1788983586798,6.890811653137207,-9.893739669910072,5.081992006628215,41.02957813676482,-6.787396327315329,-45.48935357041923,user,squat,heavy
1788983586815,4.151245818981528,-9.557054769189657,5.672013078252971,45.93657045160957,-15.3299309977232,-79.61887994724583,user,squat,heavy
1788983586831,3.80483651984334,-6.49247752097249,4.881926822662353,47.04369288964986,-27.421846894861776,-110.57579028479068,user,squat,heavy
1788983586848,4.140322858428955,-4.418799023547768,4.239382659856975,40.97650415181924,-35.44240143342435,-115.6027958535417,user,squat,heavy
1788983586864,5.399672931671142,-0.6781583508916199,2.5752631607055663,32.17112672667635,-37.80401447103713,-104.2549214909966,user,squat,heavy
1788983586881,5.887343051367997,1.5601203416250644,0.5035308289125562,26.38189253711939,-30.314486649875537,-75.3239203933584,user,squat,heavy
1788983586898,5.492448246002197,2.1685472769036886,-0.3449155534490942,30.86606882158367,-22.02284873334433,-57.282829474415976,user,squat,heavy
1788983586915,4.41161583404541,2.5076259408928454,-1.2807485428407788,40.53631895037943,-16.440318266186758,-46.205218867139095,user,squat,heavy
1788983586931,4.595070367211103,1.762580311772972,-0.776021489880979,43.11007083342363,-9.06400509938636,-27.407846714610542,user,squat,heavy
1788983586948,4.500350933074951,1.2437867395378648,0.2391205985471606,27.97552934973969,-1.2296355411828106,-15.00661887071877,user,squat,heavy
1788983586965,4.124312803870439,-0.3645180795416236,1.164778523144126,12.437921327660376,6.74648050597919,-5.031519043131953,user,squat,heavy
1788983586981,3.1166520111083984,-1.7751518432501705,1.1682204802915452,11.281800820061704,13.919438877507623,-7.459613300144229,user,squat,heavy
1788983586998,2.973149549102783,-2.5887313487615438,1.073349947246909,29.305087143385204,13.304662088051238,-15.744023168986272,user,squat,heavy
1788983587015,3.656095572662353,-3.955222092426196,1.820939707891643,51.21822937828079,8.474165330589692,-21.74125881688492,user,squat,heavy
1788983587031,3.748870886993408,-4.787506590668484,3.472639578191936,66.24916713753939,-1.08710731572951,-32.31937598261148,user,squat,heavy
1788983587048,3.3411084167480465,-4.86277423229441,4.415655172564089,63.963772180874784,-17.53754205257241,-54.46231651703755,user,squat,heavy
1788983587065,5.06882535880208,-4.041712810062431,5.378124532207846,53.720192558053576,-39.17428702232509,-76.12889916817943,user,squat,heavy
1788983587081,8.780734588623046,-1.887379899939522,5.195716585485637,28.158008098700336,-63.179666464157314,-96.60182429959154,user,squat,heavy
1788983587098,10.745923485234378,0.4562439715847139,5.039195359691977,-1.3311747342098068,-61.09319393688016,-123.53580102732306,user,squat,heavy
1788983587115,19.49643303146362,6.190356678230874,1.9111711829587816,1.5411973949372926,-50.482317476346935,-113.94881773469892,user,squat,heavy
1788983587131,25.7518816654712,8.586653410970232,-0.5970546235233545,40.68680167817315,-35.79058398674409,-29.610826901202483,user,squat,heavy
1788983587147,25.17069038151205,10.471339139922335,-1.141286880658567,68.8071754345467,2.470038875592146,48.97304716035463,user,squat,heavy
1788983587165,16.112676728600263,7.619695288539864,2.15522953016907,42.908231913260586,16.461013739371896,47.63359583769636,user,squat,heavy
1788983587181,14.093616541069744,5.270833785790205,2.193836616460979,11.592804092408128,24.907654261380085,41.67685467383942,user,squat,heavy
1788983587198,13.098678451758625,1.000326339954417,0.4607341819763183,-18.88454073426355,41.30324674133431,60.877264336459376,user,squat,heavy
1788983587215,9.099611737713218,-2.6657948596866508,-0.3847188637882471,-33.243845501867284,52.529721321571614,69.33881003878382,user,squat,heavy
1788983587232,5.372739332038164,-3.826833284128643,-0.5000894562870264,-37.85667864463251,61.25853915630783,48.42242804531947,user,squat,heavy
1788983587248,-0.3321960648685693,-4.686351460929028,-0.681150664575398,-18.685888097348315,58.90336698708237,-9.505756975467044,user,squat,heavy
1788983587264,-1.306783440068364,-3.672556658923998,-1.02142686778605,12.965654186334117,49.60506163972884,-47.35240719485069,user,squat,heavy
1788983587281,-0.4442746300846338,-2.7672493160076206,-0.8683475991398095,47.14227642503524,35.55962113996011,-63.87781425017017,user,squat,heavy
1788983587298,1.6008230850219725,-0.7734778332801535,1.0202288901731371,63.82744160504133,20.20542077256856,-56.4961760971381,user,squat,heavy
1788983587314,1.882889383587241,0.8038521479515358,3.836407716149092,47.32737455154259,18.183377419732132,-45.80004863047936,user,squat,heavy
1788983587331,1.90892691116333,1.4850026298638432,4.876090371593833,19.36444177817969,14.4586208407776,-35.26265817522629,user,squat,heavy
1788983587348,2.692576703965664,2.160167498027905,5.706727833281457,-14.004888812892714,-0.407666190553705,-18.155233625257097,user,squat,heavy
1788983587364,3.816804605534673,2.7220565905479712,5.605124192589521,-32.80287824376751,-9.559384205735398,-4.079581491242114,user,squat,heavy
1788983587381,3.6091105341255663,3.636492096721753,5.709423355975747,-50.07146110720316,-15.85274953528912,-13.268775420378343,user,squat,heavy
1788983587398,7.867048549109697,6.019620939525962,4.777778758184612,-11.34682763605481,-28.8576107150064,-29.01063427317137,user,squat,heavy
1788983587414,22.296900201305743,5.71106790831238,2.529623107036948,57.63319768827012,-66.54539244184284,50.650637243158144,user,squat,heavy
1788983587431,25.907358642908928,5.303006089794263,3.275567438562214,104.35957364945952,-94.1759733328348,151.31849706132036,user,squat,heavy
1788983587448,20.0291423163265,1.987785051561892,6.792200179998576,68.3476539675666,-48.86169117122133,170.81327763188412,user,squat,heavy
1788983587465,13.300988492041826,-3.5922013022376222,9.694421212658286,-18.192174703383117,5.382128448041164,107.58972037212033,user,squat,heavy
1788983587481,13.327622816467285,-5.472697068686597,8.659677474920452,-80.58113748808474,41.29286485379589,42.51221754518325,user,squat,heavy
1788983587498,15.710451434215903,-6.422147774140164,2.725648075701296,-71.7417867020102,23.626239056099408,4.004823363229032,user,squat,heavy
1788983587515,13.144765664672851,-6.438159143872931,-0.6979097839355468,-37.73217795644152,-3.3668926593731263,-12.114639936507208,user,squat,heavy
1788983587531,9.93354385703206,-6.273407922937721,-1.1903677224308251,-17.34578961426618,0.8457758148986263,-39.65143379245843,user,squat,heavy
1788983587548,4.782270516645908,-5.1241911991279565,-1.06646661747396,-3.3868432150519103,38.79665610839884,-82.36648063523437,user,squat,heavy
1788983587564,3.3719337631225583,-2.374899340853002,-0.278775440326333,16.366530025035818,46.244096303894814,-96.39816854910929,user,squat,heavy
1788983587581,3.919008257946372,-0.3422220263490686,0.4427770850032568,36.32995378021624,36.78952305852055,-83.64874619906671,user,squat,heavy
1788983587598,5.062838101086021,3.036744580852613,2.0823566016599533,48.130659439449445,24.4307226422056,-36.09666525401988,user,squat,heavy
1788983587614,4.642057743835449,5.10039697523294,4.1057568642213935,47.04277081411191,18.66527117133863,2.719255616376398,user,squat,heavy
1788983587631,3.9003041419982902,5.6094635735007,5.092466931152344,41.0765049514574,11.749507414988436,34.03856191746036,user,squat,heavy
1788983587648,3.9710821440547694,6.034584462439921,6.550834432873129,32.3674297785171,-12.759004251674442,74.35914934290494,user,squat,heavy
1788983587664,5.121497795325517,5.949590161940479,7.238420098932087,17.993580123075823,-34.711338965801204,101.25784131338418,user,squat,heavy
1788983587681,6.442795498436689,5.426756534234062,7.1422028274536125,-7.023813507038388,-51.4948759453284,125.78091152826292,user,squat,heavy
1788983587698,10.249725191166997,3.097497374913841,5.761795348247885,-41.785447851453455,-57.32150200549659,155.61725420038633,user,squat,heavy
1788983587714,14.33902221123576,-1.1535571641668676,2.753630892126262,-47.04516138032142,-53.19141638798411,174.34921192368637,user,squat,heavy
1788983587730,15.187617646679282,-4.123863598798216,1.6059101790279149,-35.72439603859208,-48.910612401151546,175.09260971295055,user,squat,heavy
1788983587748,12.68657356839478,-9.83089246085286,1.1083648542657494,-16.508633818265228,-41.55309506117337,113.60583295533758,user,squat,heavy
1788983587764,8.727014104351401,-13.670143875995278,0.8566744047418237,-2.873907961215,-30.76558990870361,27.72713756774113,user,squat,heavy
1788983587781,8.413074411663413,-13.676578146826476,0.8078931304380297,6.163582770700193,-16.924160329254,-49.72926862978552,user,squat,heavy
1788983587798,9.760561618041992,-10.209026539423316,0.5936122279845177,14.78154364699934,-3.481710487198568,-106.44754198816491,user,squat,heavy
1788983587814,9.463829080742595,-4.79633484396413,1.0905581255488097,11.443911091143724,4.371955422627326,-123.25958817728775,user,squat,heavy
1788983587831,9.049783000183105,-2.25174768429026,1.440262228448689,0.3604637937363782,13.927669255457488,-122.59246994067426,user,squat,heavy
1788983587848,8.665363996124267,1.905334439629316,1.5596727439880371,-7.620203854135922,22.898478984939963,-106.9247468149062,user,squat,heavy
1788983587864,9.089735071343185,4.086003385350853,1.1112085532590743,2.6589668172331646,27.59683463385021,-64.01727305264349,user,squat,heavy
1788983587880,8.828467815178632,4.39605264647156,1.2571049246639012,18.1201793868893,22.28108452548417,-29.904279148702912,user,squat,heavy
1788983587898,7.258023501807451,3.8298238077141344,2.591723004858196,28.47768485751903,14.330064727766912,-6.660496108291546,user,squat,heavy
1788983587914,6.796689600372314,2.65157731570974,3.795108906555176,32.38937517632035,2.018285041245625,16.885890779334417,user,squat,heavy
1788983587931,7.25892015838623,2.07906377065964,4.563198142132163,20.611799952711397,-10.99734649301912,35.136822185052566,user,squat,heavy
1788983587948,8.278848312047124,1.1285659307733178,5.535992204174399,-3.1890509685286843,-17.701526356807953,52.48514750704811,user,squat,heavy
1788983587964,8.991873247528076,-0.4020772642157971,4.60928652409017,-25.250575861491622,-15.565584476919687,65.27637744500032,user,squat,heavy
1788983587981,9.189994603949785,-1.05300098670125,4.017171110534668,-28.866356772238603,-14.381747061669106,69.90924011750661,user,squat,heavy
1788983587997,9.720310271674396,-2.1790239549934864,3.643824996893108,-32.618012343691944,-8.631438120192051,75.69413030675145,user,squat,heavy
1788983588014,10.252569474682211,-2.898631191474199,2.779218337847292,-29.294684765279275,5.127958752891595,73.46542592019794,user,squat,heavy
1788983588031,11.355099339184164,-3.1510696828864515,1.9657894928529855,-7.612700891332663,10.6376345803804,71.88585588217327,user,squat,heavy
1788983588048,13.067252801403402,-4.03797161424011,0.8640066473260521,25.69465085566376,12.97856580518638,71.9239819981203,user,squat,heavy
1788983588064,11.787851873779296,-5.45668588161692,1.724572798809409,58.31313618995572,20.465746602594425,51.91562925857952,user,squat,heavy
1788983588081,11.033379075622555,-6.089204032709449,2.3852228194087743,66.12476890218595,25.97346771532014,22.799205600448413,user,squat,heavy
1788983588098,10.905587392967938,-6.625504912323504,3.545064470672607,64.02350218516655,22.68140362028591,-5.012030378995791,user,squat,heavy
1788983588114,10.57204458966553,-6.6953852348878975,3.4684497252866624,54.86858982924825,25.623946444923074,-34.31142455970779,user,squat,heavy
1788983588131,9.705045482525229,-6.523901271631568,3.4472014778137203,46.69885029883426,26.162638342120104,-57.86614128991341,user,squat,heavy
1788983588148,8.904932630699873,-5.064934488843381,3.058891019274294,38.6843063267413,24.706196124263265,-71.64991382748435,user,squat,heavy
1788983588164,7.76918555625081,-3.091065003778785,2.360981819860637,29.87596801459321,25.40820125960988,-85.11896490847947,user,squat,heavy
1788983588181,7.582135628941654,-2.148796720642596,1.8656804746329785,30.37441131455865,22.654263863618866,-85.75516970890948,user,squat,heavy
1788983588197,7.678353777202964,-0.1466458745978772,1.64077632522583,34.486267157176364,14.882353824054142,-75.95735896717456,user,squat,heavy
1788983588214,7.536646381920575,0.6287763342157006,1.6349404586791991,38.04255199761065,12.035028959088832,-61.67350046914279,user,squat,heavy
1788983588231,6.6910448675960295,1.6395784206781536,2.399737666973472,28.22363938643499,12.09130459520786,-45.35829590062503,user,squat,heavy
1788983588247,5.906945577460527,2.299180503127165,3.379116075842082,12.695328105589706,9.723068835421108,-34.086707920919785,user,squat,heavy
1788983588264,5.530158091193437,2.529323283840157,3.40635011972636,-3.133861332487689,3.832910063140749,-20.30487003443124,user,squat,heavy
1788983588280,5.647173528289795,2.541294547869265,3.340808849279582,-6.575374448873439,-6.340536323509122,-9.267425208342264,user,squat,heavy
1788983588297,6.022315000915527,2.366368152541481,3.751863931329548,-10.360602107644684,-22.57998384884768,2.317698763231005,user,squat,heavy
1788983588313,6.29480507736206,2.2300483320489524,3.838504103906452,-17.993750877805073,-30.531386137158464,17.99478052882245,user,squat,heavy
1788983588331,5.421669659423828,1.4047966550529003,3.639635436248779,-32.19217053950916,-28.21513580091832,32.67950112169498,user,squat,heavy
1788983588347,4.106504175457358,-0.0224465904120355,4.267364307238162,-46.75226237814376,-30.089732445047098,32.18511153900195,user,squat,heavy
1788983588364,4.316745593261719,-0.5931644842170178,4.334252608379721,-54.91034277564454,-41.66668110707069,28.058094383974097,user,squat,heavy
1788983588381,4.061912169536948,-1.3263887426398693,2.220321887804568,-27.38153682592765,-60.34893554378056,15.768475246214916,user,squat,heavy
1788983588397,5.307199230635166,-1.8689749861337244,-0.684740798021853,16.939034773718994,-70.42623079616321,9.366328055071342,user,squat,heavy
1788983588414,6.28777444807291,-2.172888813239336,-1.3494319107055663,56.73929326555012,-67.35025510344798,7.986887682369934,user,squat,heavy
1788983588431,9.362674645122883,-2.30516823576726,0.3784332076475024,55.53625789608992,-28.397998748019784,24.35328366494329,user,squat,heavy
1788983588447,12.323555664283036,-2.0400107672311365,2.6470890643797813,29.92637139557332,2.5683839946868097,42.33800332511832,user,squat,heavy
1788983588464,13.928118520355223,-1.5812215818427502,3.327940307617187,1.6975216420186667,21.637246988656678,63.28642915107379,user,squat,heavy
1788983588481,16.831836221313477,-1.042675845911354,3.867384161432087,-20.49492175563413,19.10395373116104,80.4665542345686,user,squat,heavy
1788983588498,18.127549401313065,-1.588404186823219,2.356343346405029,-5.689066477170959,21.093700534507057,83.73760696016858,user,squat,heavy
1788983588513,18.608484659796957,-2.010083100348711,2.0853502305179834,10.396011515849322,28.11003114242288,83.71275873196807,user,squat,heavy
1788983588531,19.6709110619694,-2.027740483722836,4.587739878192544,-28.33270896974363,39.65136890566131,95.7675576736095,user,squat,heavy
1788983588547,19.033454285430903,-1.7916119065985083,5.834369878332317,-98.47044794329112,62.16061590036976,112.26154927384152,user,squat,heavy
1788983588564,17.929727320098877,-1.4453504914984106,5.32485354526937,-177.49007441351674,89.69153067099288,129.5716938383767,user,squat,heavy
1788983588581,14.42760942622721,-0.3519493976086378,2.3937530396059152,-255.7806943030593,133.11395288535036,144.0221338200759,user,squat,heavy
1788983588597,12.065728319439293,1.003020565740764,-1.0727531503975392,-279.6646637173,152.1314671574703,155.18204820685145,user,squat,heavy
1788983588614,11.29524312863648,1.5617676704406738,-1.973271957562864,-274.5472947458297,145.30223421394135,167.06631781548518,user,squat,heavy
1788983588631,9.692625561413168,1.662622830852866,-3.531597670856118,-233.93884216762575,132.5021318602573,185.8256099558436,user,squat,heavy
1788983588646,6.791004540473223,0.8119318844348192,-4.045751308330893,-207.08159578503015,143.5338845774467,186.57764110421869,user,squat,heavy
1788983588664,5.430348055920004,0.3489543074458837,-2.7958298654302958,-196.7166744365091,143.80557584225147,176.4176527515547,user,squat,heavy
1788983588681,5.856966033282876,-0.9895546427071094,-0.8155249404907227,-199.97599972730416,139.5404915357937,174.6581277194677,user,squat,heavy
1788983588697,6.646603083801269,-1.3723270486027002,1.4401114218011497,-212.1415911674724,114.6186748771696,179.87937020783556,user,squat,heavy
1788983588714,5.781248821258544,-1.6874638421207666,2.955940201757103,-230.1613377452585,66.51431508111928,170.0198418767604,user,squat,heavy
1788983588731,4.016571975597739,-2.6191075631290675,3.624221886278689,-267.52509529786954,26.177584503571385,152.12396760976162,user,squat,heavy
1788983588747,2.539648826488852,-3.114557084655761,3.353976446953788,-297.58672492957663,31.58166774092591,141.84729230531713,user,squat,heavy
1788983588764,3.0162448867246505,-3.8159091179996727,1.8391949840936808,-302.02301475776994,43.97586561261445,140.62020783978932,user,squat,heavy
1788983588781,4.055328114971518,-5.445312400817871,-0.3854675632636994,-287.0989967797788,57.539016209804814,147.41833610183804,user,squat,heavy
1788983588797,4.923226509039104,-5.539584091186523,1.906382048986107,-296.206343698317,45.59157759663223,165.05753185982775,user,squat,heavy
1788983588814,4.250755117742717,-5.165789356994629,2.7644042150750754,-324.4737919180885,37.49851718493539,188.80273915089043,user,squat,heavy
1788983588830,1.671601087078452,-5.246892353710532,0.1253957274287939,-348.02884674265806,48.445271612998575,212.8037370263701,user,squat,heavy
1788983588847,-0.3908538594119251,-5.811175172966719,-3.8236905656561255,-344.8983251592311,58.00840046994643,231.00849976839356,user,squat,heavy
1788983588864,-2.10989050527364,-6.017825872802734,-4.949863463813066,-314.8239640549111,32.88814291027136,214.4691420516943,user,squat,heavy
1788983588881,-5.368249107946828,-6.392517848095298,-5.441123132434487,-281.13165174723537,2.22910032408195,166.49968532194092,user,squat,heavy
1788983588897,-5.090970774310454,-6.345681278118491,-6.119131115069985,-263.690490494041,-10.976756033992473,139.67940392313344,user,squat,heavy
1788983588913,-3.763984467636235,-5.892129116600752,-6.514173804473876,-254.38348348568485,-17.39795176895757,139.7435940409532,user,squat,heavy
1788983588931,-1.9155111757913137,-4.859330959972739,-7.1864961426883935,-252.10460452948848,-23.617648385670822,158.50315938887843,user,squat,heavy
1788983588947,-3.916315621328912,-3.969136855205893,-8.045715263476968,-257.0698788485209,-31.95288169212693,172.58434568366843,user,squat,heavy
1788983588963,-5.978471256079152,-3.9270881040275096,-10.293720984759926,-239.8788391227324,-26.07185488276688,159.65430581121404,user,squat,heavy
1788983588981,-6.170456374768167,-3.929781580895185,-12.44371407558024,-210.48755157692707,-28.47446613087266,146.06270747613058,user,squat,heavy
1788983588997,-5.267542927551269,-3.7529099332511424,-14.0717706199646,-153.50484061464144,-32.45912506812452,140.48533892443825,user,squat,heavy
1788983589014,-4.771494417218118,-3.707121118761599,-15.114445442962646,-97.65911026235284,-25.016314033338524,141.82327736019536,user,squat,heavy
1788983589031,-2.163310691424459,-6.226718506346643,-16.747889525604247,-16.592670758265772,50.33135322021673,158.54159969352727,user,squat,heavy
1788983589047,-3.8708253879271446,-4.344427380913496,-13.990367763519286,3.276790938276433,-6.649404734853092,168.00243622237045,user,squat,heavy
1788983589064,-6.102670248004049,-4.075379261614383,-12.418125460815428,8.311337035871173,-36.9789925060967,142.97253865032005,user,squat,heavy
1788983589081,-5.737105728149413,-6.370969740892947,-13.212851358905434,42.579826172682615,49.278216597376215,115.1946100883634,user,squat,heavy
1788983589097,-5.225195339556783,-4.68964162504822,-10.595838722229002,59.47542948101679,91.58084978787764,89.39816721595166,user,squat,heavy
1788983589113,-5.342810496111959,-4.0641564413324,-10.015395041766762,46.49089152917488,77.78916106105862,72.45979667812945,user,squat,heavy
1788983589130,-4.962132432147115,-3.737347622460127,-10.71973865814209,32.263112299323495,80.09965013273386,57.01498019101934,user,squat,heavy
1788983589147,-3.614944939367473,-2.9213743536800143,-10.65479652263224,20.079591612584,109.24300181166774,48.06783535946367,user,squat,heavy
1788983589163,-3.0291137206479903,-2.1995222608819605,-10.249278616443275,1.2762013163447246,110.40535657443134,47.22538275176137,user,squat,heavy
1788983589180,-2.5611969336912037,-2.227055872234702,-10.563517584338785,-15.871045904528293,95.69684472513237,40.29114931012182,user,squat,heavy
1788983589197,-1.0045168687131256,-4.124160828179121,-11.6316302154541,2.4416763016202565,118.5758542558432,37.41473466948143,user,squat,heavy
1788983589214,-0.5798453492429108,-4.384380913378298,-10.279804687610268,9.729118675478446,92.86854535210011,37.06018296476065,user,squat,heavy
1788983589230,-0.0083793404843658,-4.665549970842898,-7.989450939941406,9.241208380986818,64.8984903989802,33.44440376156096,user,squat,heavy
1788983589247,-0.0522231949185952,-5.060742590111494,-7.895928022113442,9.666589147400629,53.52655327998912,24.496791062047137,user,squat,heavy
1788983589264,0.0401032431337982,-5.167883406664431,-8.501361766925454,9.905361461726873,62.460604638905885,16.102917166471883,user,squat,heavy
1788983589280,0.4709099774233997,-4.229804976433515,-8.46544815750122,8.441677535802526,66.18416422720837,20.184003006878694,user,squat,heavy
1788983589297,0.8457521748416126,-3.906887319780886,-7.848492317199707,0.2535061262634462,60.95035419076768,27.454432019844617,user,squat,heavy
1788983589314,1.1019316953961156,-4.360289259172975,-7.8900915710449215,-8.267895325202598,63.27835586747483,33.07743135783451,user,squat,heavy
1788983589330,0.3652657561037689,-4.533270329119265,-9.119065795245763,-7.498007501016163,72.16327084550252,28.6695653618722,user,squat,heavy
1788983589347,-0.1650498202892951,-4.332755940081179,-9.46098713531494,-0.014857715837614,67.56520798681744,20.82831182675892,user,squat,heavy
1788983589363,-0.4933547046719119,-3.795407304979861,-9.18640271693766,11.276014796061055,48.10268981479825,9.789334476974926,user,squat,heavy
1788983589380,-0.1530787571895867,-3.83401380674988,-8.57408505783081,11.955320651474784,26.44702009840276,2.844770374215726,user,squat,heavy
1788983589397,0.3221702358188107,-4.101116929461062,-8.193107718658446,9.251946292135724,13.284258605453116,1.321360926311262,user,squat,heavy
1788983589418,1.343297134277597,-4.190899491716921,-7.866897742462157,-8.747950048375067,-0.8892859875414587,8.790722400504979,user,squat,heavy
1788983589430,0.7499841815005988,-3.8370065588250752,-9.437643669128418,-22.43455887613436,30.091839558406047,13.278421355033696,user,squat,heavy
1788983589447,0.2066500787815079,-3.047518853649497,-10.321552994537353,-22.98070933990504,47.63318261125157,15.831953316813724,user,squat,heavy
