epoch_ms,acc_x,acc_y,acc_z,gyro_x,gyro_y,gyro_z,participant,label,category
1789072198930,9.425971351513265,-0.9718962364196777,0.7474388261330314,-21.660034207275128,20.856325847639727,-15.725844620510284,user,squat,heavy
1789072198945,10.465653422436118,-0.47061026382446286,1.029505595055758,3.7641449992375304,-1.2649974582283765,-16.0343779256981,user,squat,heavy
1789072198961,10.839299688068031,-0.6085761344909668,0.03740848762448877,21.573383012369764,-2.55199303478266,-11.861949404199772,user,squat,heavy
1789072198978,10.876259007152914,-1.142482958575338,1.409585286702076,19.18701395411027,4.407349889793155,0.4847652058222503,user,squat,heavy
1789072198995,10.627711531829833,-1.4121302128113806,2.520345286339714,2.3367872209704865,12.23549415745506,7.559279420513055,user,squat,heavy
1789072199011,9.86351170490682,-1.3868411655150352,2.964170066751202,-14.682191715332335,15.506073038681368,7.855732682380057,user,squat,heavy
1789072199028,9.143754246300459,-1.4812624934874474,2.0181609736684707,-16.757554939924464,14.02369659254599,7.147572265930788,user,squat,heavy
1789072199045,9.234884131512045,-1.1608885299682616,0.0140646287123207,-0.12518065219916572,16.536063857972,6.114033163366336,user,squat,heavy
1789072199061,9.018358518871665,-1.099088053485006,-0.6588553557349368,16.69276718055231,16.270036527536465,3.677590707641013,user,squat,heavy
1789072199078,9.277679901665449,-1.0643724216736852,-0.6823488613840192,26.415729294267635,12.36519774224631,1.5898480853433528,user,squat,heavy
1789072199095,9.597456629943848,-1.227926322583109,-0.07646625855965539,23.818978456740705,10.026983225182702,0.6721638254194208,user,squat,heavy
1789072199111,10.057591676983236,-1.385045514269918,-0.06614066111203283,21.303677625066175,7.490020448555479,4.2621353722836295,user,squat,heavy
1789072199128,10.310777333500981,-1.6099506865903734,-0.4921595035379752,19.813229602879137,6.469786981381035,7.569874751463037,user,squat,heavy
1789072199145,9.77447849971354,-1.7395371437072753,-0.7097323236763476,16.131108772271112,10.972248109140263,7.788797682287578,user,squat,heavy
1789072199161,9.554660275268555,-1.6867152157105505,-0.596157528553158,13.582901796722755,10.849868194686561,6.616896022611593,user,squat,heavy
1789072199178,9.724647424095869,-1.5222631969176232,-0.664242163339816,16.27224438618567,9.318623452587033,5.702507008797075,user,squat,heavy
1789072199195,9.716118080681563,-1.4188636127196252,-1.1207864924108608,24.09396358027271,8.884091086459055,5.582882648786648,user,squat,heavy
1789072199211,9.698460843437909,-1.4631563434325159,-1.093851723734103,27.872781106507897,9.559295413276189,5.446925598923428,user,squat,heavy
1789072199228,9.378086149266363,-1.5227121097289025,-0.6935719008617103,28.154138796535523,9.482727285133054,4.1389879153219455,user,squat,heavy
1789072199245,9.507374207958579,-1.6883610832214355,-0.4077638584848493,24.56011203829503,11.692739151475521,4.250112104910291,user,squat,heavy
1789072199261,9.485974861577153,-1.9167077742978929,-0.4679181021310389,24.577614398043192,11.484288608195902,3.276463942969919,user,squat,heavy
1789072199278,9.421181779149174,-2.2038623359128833,-0.7254446373973041,27.982730076672176,7.101525264980678,2.503132209337916,user,squat,heavy
1789072199295,9.126845781597494,-2.4594436553955075,-0.43110739773660894,28.274432088197788,2.437470826082233,-1.0701053740597615,user,squat,heavy
1789072199311,8.956707241600752,-2.4869766822263597,-0.2117381591681391,24.67750762220192,2.315392934055891,-2.7558551850439112,user,squat,heavy
1789072199328,9.153032362255454,-2.3671174000062045,-0.061053530573472375,21.6559634145298,1.6181882477570282,-2.360042094103676,user,squat,heavy
1789072199345,8.923337471440433,-2.0052932357236743,-0.2385237286325544,20.678090353700952,1.6841922076882696,-4.305790953250589,user,squat,heavy
1789072199361,8.87440714405477,-1.7378911300659179,-0.4013290031317621,23.50625824559167,1.5449509040513318,-4.07692753586274,user,squat,heavy
1789072199378,9.398439201465248,-1.3627498035706578,-0.5428865416146814,25.1387912779879,4.100697447948031,-1.981376406518169,user,squat,heavy
1789072199395,9.62139689297974,-1.184082212420553,-0.33533911213465034,25.947378100237984,2.575711933892587,-0.43595795467380855,user,squat,heavy
1789072199411,9.790487969750165,-0.8803178767882287,0.24944493561945855,24.71139902086352,-0.7979472551530533,3.0939935183023244,user,squat,heavy
1789072199428,10.393078015568852,-0.579845422308147,0.7303795365162193,19.682651753874126,2.4693716514876005,9.572067013250466,user,squat,heavy
1789072199444,10.447397050255537,-0.5166984996519982,1.0919049370478837,11.698737765114085,5.540975596247212,14.650824071569051,user,squat,heavy
1789072199461,10.174459814563393,-0.6217443897522985,1.7583903858024625,2.702686644667005,7.354376306733611,14.837933688786965,user,squat,heavy
1789072199478,9.962571798595786,-0.7130228896543384,1.8016352148976176,1.3571087490449336,7.748296368056695,13.547201251704744,user,squat,heavy
1789072199495,10.051905448040365,-0.7505820743285119,1.7729053794976324,3.6439302547507206,6.065658775456543,13.176189644857883,user,squat,heavy
1789072199511,10.058039420750736,-0.8464996322080492,2.0135225732780992,6.760517825384036,6.618243704312201,13.653940886732764,user,squat,heavy
1789072199528,9.614513563206792,-1.0558426398679615,2.4827859525382516,5.99829560788047,11.090305367622996,11.54181929157492,user,squat,heavy
1789072199545,9.34800899091065,-1.0573391620360315,2.7349252418082206,6.194602501702629,13.264211146465483,10.590658246816345,user,squat,heavy
1789072199561,9.435099245342611,-1.1445778850279749,2.8083973052542657,8.788093631448172,13.079526246402924,11.008035739070191,user,squat,heavy
1789072199578,9.126097009056807,-1.0895111007139087,2.967612007915601,10.483176682489733,8.9488583552637,10.30516573101992,user,squat,heavy
1789072199595,8.944736817821859,-1.0699087207518518,3.122487220067903,7.468633418716877,6.0556901143629105,9.243621145311124,user,squat,heavy
1789072199611,8.645911107635497,-0.9892543445862829,3.30983349997513,-2.601510625604783,5.245438433502637,10.113969953131047,user,squat,heavy
1789072199627,8.326134379357098,-0.7341219379149377,3.0241749490715564,-11.570886015361555,6.200546900714656,12.04097207744039,user,squat,heavy
1789072199644,8.254458551678061,-0.5922654895506799,2.737768356279656,-17.633682087782216,4.439909828453429,14.462491850489704,user,squat,heavy
1789072199661,7.630169884270429,-0.22759864918813108,2.0784648549184204,-19.7676602882841,3.946736446319481,12.200819848359844,user,squat,heavy
1789072199677,7.466915258568525,0.2489971187867224,1.0522501683339476,-15.174723486571123,4.150701689748518,12.760356629130106,user,squat,heavy
1789072199694,7.549066887554526,0.4531029564455151,0.6602003040704876,-10.959492730865264,6.2511189019899,12.810117972328234,user,squat,heavy
1789072199711,6.900836203545332,0.7333741882875562,0.7667422048822045,-13.728121009987335,11.371925166160022,8.862786872664138,user,squat,heavy
1789072199728,6.377553503197431,0.7230490474976599,1.0384835818532854,-15.7274804508165,12.049964875256357,4.784737905117046,user,squat,heavy
1789072199744,6.267869139641523,0.7748239506594836,0.9594748540028929,-17.90217853160271,16.76463955364106,3.7493683118550307,user,squat,heavy
1789072199761,6.16746230751872,0.8004118347719311,0.7969690008416771,-23.487229338564013,26.28135044498951,6.188563760702692,user,squat,heavy
1789072199777,5.674556625255942,0.9932942676268517,0.9008172055900097,-27.356644201497545,26.20106669393789,5.731078970755707,user,squat,heavy
1789072199794,5.181650358471274,1.0085574493408203,0.8354254266165196,-26.656780330455724,24.02700552829178,2.3963543679392254,user,squat,heavy
1789072199811,5.0842368629455565,0.7381624454773962,-0.09232683991119266,-18.274722662144594,20.942685051958076,3.8818240359949723,user,squat,heavy
1789072199827,5.064484114727378,0.1969233788087964,-0.43215427644103765,-14.33003569946294,23.10155929198466,5.980197741014051,user,squat,heavy
1789072199844,5.227887793511152,-0.1140238540649414,-0.4294612379647791,-8.127517008512266,23.34393196977715,10.385526321699706,user,squat,heavy
1789072199861,5.465212448552251,-1.2128121939510106,-0.3365358476385474,-2.2057859002369344,21.58220078658825,11.664714885310959,user,squat,heavy
1789072199877,5.411496055933833,-2.2454620281495155,0.34236966835856436,4.760819863304131,21.100257516110272,9.275804996680224,user,squat,heavy
1789072199894,5.7881315665096045,-2.666841374206543,0.6507730619683861,12.482199736502276,16.34459487251632,9.164632568880865,user,squat,heavy
1789072199911,7.099554356816411,-3.1488236575253308,1.4238010691218077,18.50418798995305,8.619726053312771,11.60898395677824,user,squat,heavy
1789072199928,7.539639718517661,-3.4204163467407223,2.5601485936820505,12.88296620869465,8.979345758397699,13.030902129701603,user,squat,heavy
1789072199944,7.892483434617519,-3.4454049497857686,3.004871552056074,6.398131466798431,2.953622672131396,13.929270934817856,user,squat,heavy
1789072199961,8.491033265134691,-3.3572686934322116,3.3774683086350556,-5.0864632192496515,2.5105698584572367,15.07067238475515,user,squat,heavy
1789072199978,9.04110285012126,-3.494187685394287,2.9655167161367832,-15.357647905375114,2.6193098851384247,18.059547797627097,user,squat,heavy
1789072199994,9.50063934674561,-3.533242807714641,2.4555516163930293,-14.326519859587675,-0.679945545318181,22.021996667245368,user,squat,heavy
1789072200011,9.869496040013432,-3.568258006994426,1.8813919846363365,-12.124844239127208,-0.3650804146459251,24.602196248866065,user,squat,heavy
1789072200027,10.191218057140707,-4.001010249328613,1.6835720953792332,-8.172223157950938,2.5908064385149037,26.98627548620631,user,squat,heavy
1789072200044,10.324845021820067,-4.1434655403688545,1.6047124936759471,-3.514641177064726,6.215627531515221,29.657552225314543,user,squat,heavy
1789072200061,10.500518984112142,-4.718222991888225,1.6861156423822043,3.8348327613921076,3.1778718698480777,30.035504158131783,user,squat,heavy
1789072200077,9.866655263629555,-5.184494057464599,2.5725683686636387,7.092438978950445,3.495337568366389,21.30604940825546,user,squat,heavy
1789072200095,9.782108263939618,-5.363011426489055,2.9952950376763936,9.225656894020345,3.1764680525302285,17.039515394146346,user,squat,heavy
1789072200112,11.118224181476235,-5.229983889007568,3.0362960333675146,11.84334738399524,6.858459749874257,21.170710917398953,user,squat,heavy
1789072200128,10.986242645916342,-5.0288709495544435,3.6824309141412375,12.006049320214116,2.6928921533972066,22.723774698802085,user,squat,heavy
1789072200145,10.372729639545083,-4.968716632843018,4.180874064525962,5.233370343012871,-3.038107416409399,18.291523219955533,user,squat,heavy
1789072200162,10.44515248619914,-4.329913117870688,4.482094122502953,-7.351772297112544,1.6904281704004913,20.87673103778514,user,squat,heavy
1789072200178,11.83064705941081,-3.7494691451475024,3.390487364684045,-18.638805895852123,8.859879773398651,35.99121737851863,user,squat,heavy
1789072200194,11.65706743904948,-3.676296356908977,2.981079757580161,-19.574195180043493,11.711065402792311,39.36137956407008,user,squat,heavy
1789072200212,10.126875056567787,-3.9649478790834545,2.4696182817988097,-16.124854026538674,10.924260907579047,35.46312422736617,user,squat,heavy
1789072200228,9.465625316509604,-4.438999223272502,1.7495618402458726,0.020167265775059923,9.771718565331817,24.66065925306679,user,squat,heavy
1789072200245,9.645040803417563,-4.6679447570249435,1.4794655270680783,13.81238078490955,7.474915485205996,20.601083385903646,user,squat,heavy
1789072200262,10.302398796734213,-5.108777137701213,2.1236554112538695,19.902032307373055,3.2634022733993278,20.178526902711635,user,squat,heavy
1789072200278,9.644891750335693,-5.428403351593017,3.4599196512199937,11.219453999544182,2.308819090423165,15.601079262488952,user,squat,heavy
1789072200295,9.267655935779214,-5.5177375855594875,3.8021415816709396,-0.8088663263975236,0.8447230052710923,11.483953075152925,user,squat,heavy
1789072200311,9.499442245915532,-4.7477013075679535,3.791366359025985,-12.632657704860254,-0.027866084586274376,12.690343775042889,user,squat,heavy
1789072200328,10.481066680145263,-4.048295732116699,2.882617775914818,-17.16779488449565,-1.0874778534919831,19.61577054152136,user,squat,heavy
1789072200345,11.169997038811445,-3.83401380674988,2.1830622705988585,-8.31920712134232,-2.720183454886462,26.78123662241711,user,squat,heavy
1789072200362,10.864588443103433,-4.037372479303181,1.3426976340144872,2.5534096587052026,-1.054037567480718,28.075116922933063,user,squat,heavy
1789072200378,9.726592128422856,-4.765807457622885,2.3494588475883007,5.233227335927124,-1.6874060251361722,22.654791495732248,user,squat,heavy
1789072200395,9.414300787463784,-5.209782812499999,2.898778344859928,-0.1818469698026327,-2.0823763347658515,18.65184643452497,user,squat,heavy
1789072200412,9.390655123460292,-5.58971122714132,3.142238872307539,-7.35497309451234,0.5743312373167729,17.43918391342964,user,squat,heavy
1789072200428,9.534908111572266,-5.704036402240395,2.9504040488094088,-14.036889956701517,6.396419223750874,19.81639027291756,user,squat,heavy
1789072200445,9.739909290635586,-5.756108827044069,2.4697679194025692,-14.237729961698449,9.920971005301288,21.33777392940288,user,squat,heavy
1789072200462,9.144803463092446,-5.765537165124714,2.0100812006525692,-6.097790546633222,8.812821477564556,15.560403778434234,user,squat,heavy
1789072200478,9.00144888512492,-5.670666047558188,2.2035617455311116,4.426481676545183,9.734959340992454,7.287590717029226,user,squat,heavy
1789072200495,9.566329670274257,-5.505315910881757,2.230496368077397,12.699472322868612,5.10144865428866,7.953780901689236,user,squat,heavy
1789072200512,10.871768125474452,-5.2407569196954364,2.9224206478625536,14.2494599578243,0.8993609968149036,13.389572438491898,user,squat,heavy
1789072200528,11.032030583623051,-5.593901372307538,4.177281592991948,2.4469188986950647,1.845556814211996,18.109432084230285,user,squat,heavy
1789072200545,11.131541928210854,-5.805939025878906,4.364629041942954,-3.437592587802163,1.5542114666271056,19.419354791559304,user,squat,heavy
1789072200562,10.952874629321693,-6.185420281274617,3.977067648205161,-3.224330389695681,0.28209553722097425,17.386775871928133,user,squat,heavy
1789072200578,10.985196936255694,-6.68371379405558,3.6917085917048156,1.9005189195762655,0.5019539104771162,11.345842381267037,user,squat,heavy
1789072200595,11.219376863530277,-6.852203982323408,3.8271296001940964,2.9130921161531287,0.599381276262912,8.21069505222468,user,squat,heavy
1789072200612,11.764957904925941,-7.230788288879394,3.885938493645936,3.5385193049596793,-1.4356071526805383,4.468722127693481,user,squat,heavy
1789072200628,11.631331524768472,-7.365312494659423,3.7674247808158396,5.566977272643804,-5.325957399193802,-2.722318315888914,user,squat,heavy
1789072200645,11.802665412029624,-7.504025968822837,3.6294589101493355,5.797078234931894,-9.627400083264032,-8.567673181648104,user,squat,heavy
1789072200662,12.647817429021,-7.362767486351728,3.5239642533682285,3.4011330380126346,-9.359199045125141,-10.705871585283413,user,squat,heavy
1789072200678,13.112442773216962,-7.296777887615561,3.288434518919885,3.8013622731381065,-7.278941989992697,-9.813490294748322,user,squat,heavy
1789072200695,13.869160135430096,-7.294982236370444,2.6280840657889843,12.382423479333083,-6.586888440266788,-10.506156000178594,user,squat,heavy
1789072200712,13.900733669823408,-7.8145239966243505,3.0940557100273667,14.224662956042568,-5.520741587717872,-14.262641369148778,user,squat,heavy
1789072200728,13.619862718522548,-8.008154763628543,3.767574418419599,11.983192092156667,-5.887277713111082,-20.11083460539493,user,squat,heavy
1789072200745,13.670591619762778,-8.189815399114787,4.339489047728478,11.798285210946082,-3.13632105436254,-25.467313131781758,user,squat,heavy
1789072200762,13.877391957202553,-7.934234664154053,4.218282734813541,17.543467241677398,-2.525843228658443,-28.191040601073812,user,squat,heavy
1789072200778,13.67567812924683,-7.611016563250124,4.301031745170802,22.096165691442536,-5.660106901976928,-32.472737635140355,user,squat,heavy
1789072200795,12.997968252775072,-6.848015006200969,5.212475412584841,16.940317141735665,-12.555252024770146,-36.97681026065688,user,squat,heavy
1789072200812,12.9280909989506,-6.033837096405029,5.1732707987912,9.83687771624009,-9.259780519113727,-33.65660407869491,user,squat,heavy
1789072200828,13.002607603013514,-5.7233384840816255,4.617365785649419,8.171730530557051,-9.700411390396884,-29.377231016493464,user,squat,heavy
1789072200845,11.691932416203617,-5.54167843311727,3.984249376402795,10.211366743148135,-17.25820097589723,-34.24947474393577,user,squat,heavy
1789072200862,10.123882304492593,-5.834071187646686,3.811119691766053,10.364560202268706,-19.87527504129953,-39.46975417563067,user,squat,heavy
1789072200878,9.797073777881264,-5.87986000213623,3.3704369486935435,15.556807683836222,-22.00489558111095,-42.38895995142119,user,squat,heavy
1789072200895,9.194333509936929,-5.497984837341308,2.3633754369989037,20.429951288701684,-23.316980043312277,-46.243853832179276,user,squat,heavy
1789072200912,7.804647330254316,-4.958241708318889,2.6722270127676424,16.946185981779998,-23.98740409148405,-50.788549007784454,user,squat,heavy
1789072200928,7.382669287651777,-4.641608538763225,2.7956780358694493,12.932920504736831,-26.418253049165955,-53.3877331002032,user,squat,heavy
1789072200945,7.251137833946943,-3.6988919273376464,2.2357338303394614,11.43492683106422,-27.737475059049945,-54.90774730375993,user,squat,heavy
1789072200962,7.366060098156333,-2.7328312652036546,1.663220942876488,11.497945571441342,-29.102022204266138,-51.81526304382077,user,squat,heavy
1789072200978,7.442376445117592,-2.453907356317341,1.4848532114557922,13.482514237622846,-30.108983333222778,-49.05239346794267,user,squat,heavy
1789072200995,6.958447265514731,-1.9991580939695237,1.0366882959343493,16.253726035798472,-28.328078101486362,-44.865456770873585,user,squat,heavy
1789072201012,6.6781754491508005,-1.7410332274839282,1.0125969339899719,15.992343233998549,-30.774520381043406,-41.909050369768586,user,squat,heavy
1789072201028,6.629544981494545,-1.66142646067515,1.2660825963675975,10.835889358776482,-31.075509742292944,-36.41126376719066,user,squat,heavy
1789072201045,6.213103530231118,-1.605162721661478,1.3974644124686717,-0.3299446142144837,-17.438557243573293,-35.01876919543807,user,squat,heavy
1789072201062,5.637896581378579,-1.54815094075948,0.7498333017878234,1.5772745608550056,-12.979287243917463,-36.2411544908169,user,squat,heavy
1789072201078,5.2157677321285005,-1.5768809222899376,0.4146450693659484,9.924067642316244,-19.261118091510326,-41.897903501043125,user,squat,heavy
1789072201095,5.242254757037759,-1.5988780884340406,0.4836283700253814,13.787166287814802,-22.92596878880197,-43.19113151849334,user,squat,heavy
1789072201112,5.879111814117431,-1.5270517463684081,0.7279861385736615,11.92983636190782,-21.09506657234106,-39.22352585605171,user,squat,heavy
1789072201128,6.063763448113202,-1.4625577930174767,0.7935266053028405,6.653263364847326,-15.536187342731953,-38.02643275116942,user,squat,heavy
1789072201145,5.872825281193852,-1.2300209567748008,0.9578289864920079,1.3034342410609174,-11.075629852417576,-38.209539877533715,user,squat,heavy
1789072201162,5.371389670994877,-1.000626364080608,0.6385029245905578,3.832370051309495,-15.80920195668841,-45.339226012462355,user,squat,heavy
1789072201178,5.134812619450688,-0.9124899615965784,0.45654279470108444,11.160267849065082,-18.446194561257762,-52.16049837051365,user,squat,heavy
1789072201195,5.876865496495366,-0.59061932977885,-0.2401696692086756,20.289906797507033,-17.886272728573044,-54.7473368960076,user,squat,heavy
1789072201212,7.349599377220868,-0.2853587642394006,0.18869214155822991,22.97078336749372,-13.672535222974478,-49.43661551441798,user,squat,heavy
1789072201228,7.554154566082358,-0.12734160079956053,0.6724700030568986,18.123077094644678,-14.909452599586169,-48.60798720959579,user,squat,heavy
1789072201245,7.039700484356284,0.04309570294804871,1.6853677466243504,8.117655069124414,-20.06884601747228,-52.57876891000148,user,squat,heavy
1789072201262,7.5893188184440135,0.08589198455810547,1.362598704662174,5.594674970388675,-20.7834460216484,-53.52141014754411,user,squat,heavy
1789072201278,8.068757700890302,0.14305362225957213,0.9587271043755113,6.826765964578105,-21.881960713787183,-49.81108405075852,user,squat,heavy
1789072201295,8.387335574772953,0.21443054005727172,0.5428838382009417,5.881712816484814,-18.986880873692435,-47.04065345546921,user,squat,heavy
1789072201312,7.600542223247885,0.20006540316157043,0.6419445529444143,3.6826019320576866,-19.490369975907218,-50.65191448853294,user,squat,heavy
1789072201328,7.53395348957479,0.10863688891314668,0.5568010851986706,5.137200425725445,-21.51186008342087,-54.46422555491057,user,squat,heavy
1789072201345,7.738955837681889,0.38995555886533106,0.1387132184350863,7.721691927465849,-21.759442488002787,-54.75510623618849,user,squat,heavy
1789072201362,8.11559368634522,0.6417954998625442,0.09217610632888973,6.986998360525196,-16.787310659043623,-51.163089261111274,user,squat,heavy
1789072201378,8.24248754337728,0.824203921508789,0.12494692421536892,6.78319704163624,-13.892165932151762,-46.874270047287695,user,squat,heavy
1789072201395,8.54281079864502,1.291821287127584,-0.030825930896401402,8.859826839432584,-14.968931594425932,-42.11879181880134,user,squat,heavy
1789072201412,8.566602593120932,1.6427214679442346,0.020349581600166856,11.757402259895324,-16.31821326684715,-36.991068280549285,user,squat,heavy
1789072201428,8.705765564617515,1.7631796659056096,0.09935783452652394,12.804618816272727,-14.313183915233225,-32.604532965364925,user,squat,heavy
1789072201445,8.777141532567143,1.974617453887686,0.22086448209490625,12.169193511181748,-9.020402025498644,-28.719053497503523,user,squat,heavy
1789072201462,9.017460693249106,2.105401011834666,0.19392885490162298,12.870180094568386,-4.815084862486236,-21.198374891084796,user,squat,heavy
1789072201478,9.099162240380048,2.0455458242002873,0.12045745817585847,15.392625304114748,-3.4983938645765584,-17.12086465470849,user,squat,heavy
1789072201495,9.007882717564701,1.9186532092772424,0.12419821560676209,18.704698438322527,-4.235057514205937,-13.80430408621601,user,squat,heavy
1789072201512,8.983492957195638,1.7757492976866662,0.26336113230441693,20.13013842753668,-4.506161809628906,-11.466530970127515,user,squat,heavy
1789072201528,8.719233533477782,1.6528968980651348,0.485872623554524,18.148109737952776,-3.028543444024089,-12.240030256837596,user,squat,heavy
1789072201545,8.986932868516444,1.4957771949216723,0.5731116570737212,18.807304955129045,-4.869730217827746,-9.372461564946013,user,squat,heavy
1789072201562,9.318381329888105,1.501463643060252,0.6631928415165516,15.59564072436233,-6.62534923548313,-5.99365235990533,user,squat,heavy
1789072201578,9.175926915630697,1.5707457805357872,0.8996206253497395,8.762590558860989,-6.105991042505469,-2.803872909012982,user,squat,heavy
1789072201595,9.518596443718671,1.6639697154171764,0.7887388972439162,4.834505224730698,-10.539798096935492,0.5581876049657717,user,squat,heavy
1789072201612,9.57650736541748,1.9473837753295897,0.14574621092797024,3.2802463736662255,-11.302568010233127,2.9383770495736927,user,squat,heavy
1789072201628,9.284414178356528,2.021304386260733,-0.14155809560534544,3.5496563552882083,-9.251122400567091,-1.4921146950662287,user,squat,heavy
1789072201645,9.18011793757975,1.9797055708069353,-0.22266200107012407,5.41403311542794,-9.248146999409904,-4.4170197301106,user,squat,heavy
1789072201662,9.59640741315186,1.9490295697752384,-0.3679598540259525,7.697458416290644,-5.635375640765958,-4.878406692507778,user,squat,heavy
1789072201678,9.550617721879481,1.8731630854733288,-0.1711863685492426,7.521451271568585,-5.249802070608629,-5.192393049974203,user,squat,heavy
1789072201695,9.624240591973066,1.8101659465514122,0.3390780886004213,4.938733057691446,-6.836273587902763,-4.892786802031593,user,squat,heavy
1789072201712,9.669581370434164,1.8074723966185002,0.4993398252298124,0.6483331353226877,-8.509558517095051,-5.69512485496476,user,squat,heavy
1789072201728,9.760559279954434,1.9641428946897386,0.4903616603357717,-3.304762697361751,-11.720788177075825,-4.173993061705084,user,squat,heavy
1789072201745,10.165779664501548,2.1429598311826585,-0.053720849597826595,-4.707988350074082,-9.86213063314892,-1.2260930208811012,user,squat,heavy
1789072201762,10.152760608452558,2.285863888903707,-0.3075060611776076,-3.8904194021786105,-8.429483086813114,1.1971030300009224,user,squat,heavy
1789072201778,9.930848626598715,2.3359924861632284,-0.6437415376300923,-0.9727498853428096,-9.137824930162212,1.7793976809205485,user,squat,heavy
1789072201795,9.453356202045082,2.1272480289183555,-0.7100312700903043,0.4853037235496235,-8.149925151631784,0.13681960136977156,user,squat,heavy
1789072201812,9.520393848529457,1.9428945010863243,-0.775123518127948,1.053047830381301,-7.259769648992472,0.2621085093992393,user,squat,heavy
1789072201828,9.821013456395267,1.8332098452694714,-0.8025073822790756,2.405626349737518,-4.533115443641069,1.378393326045986,user,squat,heavy
1789072201845,9.993397144970297,1.9220947280332445,-0.6413479022255167,2.004571728939532,-1.7252347076891705,3.1707112702769655,user,squat,heavy
1789072201862,10.179097411236166,1.843235710851848,-0.5309150218572467,2.2053090676555027,-0.3183629078988164,5.442571780214369,user,squat,heavy
1789072201878,10.115350622990727,1.7642269830014556,-0.273687761798501,1.820467181513012,1.9939845088391894,5.354772686641617,user,squat,heavy
1789072201895,10.104877159771323,1.6403271201536058,-0.11881320723332464,2.102892088598454,2.5719263015451075,5.606176582064154,user,squat,heavy
1789072201912,10.13899453342855,1.6213231444761156,-0.029629158859886227,1.9684349055882873,3.467021738501632,6.443572288459703,user,squat,heavy
1789072201928,10.338460290196537,1.4974232085630297,-0.09023242491520941,2.3960642983429117,4.645940777219571,9.018956586715541,user,squat,heavy
1789072201945,9.926359498485922,1.395669638006389,0.008528210903145372,2.273483106752104,3.025590881311939,6.845183996561867,user,squat,heavy
1789072201962,9.656413261303305,1.3459899535581468,-0.01556337023694068,2.3499176193196014,3.2679304753756346,3.335457994378612,user,squat,heavy
1789072201978,9.70429670998454,1.4586669961240142,-0.08095482041686773,0.7595703431974558,3.5770889563159183,3.33870809720648,user,squat,heavy
1789072201995,9.999981199535727,1.6757913053099065,-0.06778654688922688,-2.3584410550735426,6.746629062593638,4.844003029658424,user,squat,heavy
1789072202012,9.992648956951498,1.8468270864073186,-0.1613104693641886,-3.3503781157336814,9.471863015484502,7.596599574138004,user,squat,heavy
1789072202028,10.139891190007328,2.1544817805416883,-0.4710600168859586,-1.1038246306099393,11.08291083407281,11.390795271289475,user,squat,heavy
1789072202045,10.00446974312663,2.326864592333883,-0.46582286515114824,1.6451214979233868,9.80031400606572,12.34538165591681,user,squat,heavy
1789072202062,10.08168333118856,2.385971299688518,-0.3691569548560306,4.200289716896457,8.274781009659618,14.018349408199516,user,squat,heavy
1789072202078,10.326489866417646,2.438494171673432,-0.2997249971136451,4.470032243353654,8.743269661246316,18.250472075496464,user,squat,heavy
1789072202095,10.313173288726807,2.3398830638609827,-0.10788935163160786,1.0363773663297096,11.50732342117177,20.880935019219283,user,squat,heavy
1789072202112,10.08692064732015,2.2471076764646916,-0.003143065532390028,-4.827691257259964,14.600249935859692,20.747804387011982,user,squat,heavy
1789072202128,9.601196985515951,2.0326769172117114,0.053569531493633984,-9.441482334056285,16.68641851971878,18.433944616981346,user,squat,heavy
1789072202145,9.643844871631265,2.057965818377584,-0.23178984010054263,-11.434202831012199,17.900962757930447,18.322482759915907,user,squat,heavy
1789072202162,9.859321267479658,2.088491889544576,-0.4668700680825626,-10.477281375462365,18.523640368709245,22.01500596862986,user,squat,heavy
1789072202178,9.956137966156005,2.2355856540404258,-0.496499021446472,-10.415514267250646,18.47701066724557,26.308691692237073,user,squat,heavy
1789072202195,9.737067929729818,2.3578395763121542,-0.3125933926455676,-11.337373800469866,17.641729758171785,28.018591984909328,user,squat,heavy
1789072202212,9.528172081315518,2.3394342606475576,-0.2062022071498446,-14.697670631538877,19.064635747203862,28.65046815295284,user,squat,heavy
1789072202228,9.50782195172608,2.30322185093984,-0.10414930658675729,-19.67078771528581,22.9988947185702,33.77023793591641,user,squat,heavy
1789072202245,9.715667998826504,2.2429178052931094,-0.10774057254437357,-22.920888835606775,24.699143953945228,39.315852938157356,user,squat,heavy
1789072202262,9.645638769310713,2.086247243289789,-0.05910758413746953,-25.935816297520443,26.194769259523138,43.415629591227905,user,squat,heavy
1789072202278,9.304766061511636,1.7838297876551978,-0.15622216978184877,-24.45880325743082,29.401000074805108,45.67508348942481,user,squat,heavy
1789072202295,8.735693085369467,1.4484919130629859,-0.3084035397402942,-19.72612249284667,29.620908260417423,45.719578756772854,user,squat,heavy
1789072202312,8.699482538825272,1.0818796011884697,-0.20635127849802373,-16.98829580556042,30.012373722507533,46.16332248677024,user,squat,heavy
1789072202328,8.341248946380615,0.23089074953608213,0.450258599865064,-17.87924617146439,31.68673312583363,45.18571409577173,user,squat,heavy
1789072202345,8.022819541057943,-0.43200376205444335,0.9458584896478801,-22.333081048088186,32.19591689826891,43.410892855038504,user,squat,heavy
1789072202362,7.90430597435832,-0.5632359405517577,1.0577866866078227,-24.42949833079688,29.81185985904347,41.96898186464087,user,squat,heavy
1789072202378,7.753320463120937,-0.7197568010192364,1.1281162873096764,-24.6926364912135,26.697418248470008,40.67959924369337,user,squat,heavy
1789072202395,7.814974078479409,-0.6046855567932129,1.1685190248467028,-24.042272708634055,24.17511818044351,40.8644275777285,user,squat,heavy
1789072202412,7.846096946495771,-0.5363010257445275,1.1742048884633929,-23.492843754061767,24.473416447160062,41.35368085816568,user,squat,heavy
1789072202428,7.563730788201093,-0.46462475967407224,1.2437868856683372,-23.551207720519525,25.074946084721205,42.483390731791204,user,squat,heavy
1789072202445,7.513752997589111,-0.5470750793457031,1.2054796591058372,-24.578597945283672,25.290279751136907,46.014246777945544,user,squat,heavy
1789072202462,7.513154447174072,-0.5955575168333948,1.1988958968013523,-26.350673449970554,27.625255050986635,48.328902265014484,user,squat,heavy
1789072202478,7.2328820462882515,-0.8173204456053674,1.2584516630977391,-26.629801083234174,27.54076731850087,49.846679581618034,user,squat,heavy
1789072202495,7.063942360687255,-1.13155970576182,1.118091590771079,-25.497032992407778,27.815819036377285,51.258322588708765,user,squat,heavy
1789072202511,6.988074926537275,-1.2412437770567835,1.0880138478934764,-23.915229482524524,29.377401771222715,52.77046841434164,user,squat,heavy
1789072202528,7.0081263654410835,-1.4477435241147876,0.908897636193037,-21.26820162251713,28.501155095054486,54.40642507905934,user,squat,heavy
1789072202545,7.2053481426745645,-1.4478933078490197,1.05554204948619,-18.602979846108113,26.494407950864304,56.618672124807695,user,squat,heavy
1789072202562,7.158364273181557,-1.5834652691163122,1.1798908982105552,-17.776877003731535,25.627737199912435,56.425084073162026,user,squat,heavy
1789072202578,7.008427394214272,-1.9092267708927393,1.394621590258181,-19.64342426992345,27.410923714831636,56.22813898353929,user,squat,heavy
1789072202595,7.358579387012123,-2.3650226196840403,1.6953936122067272,-22.414303950150686,26.842759551366,60.241298592650324,user,squat,heavy
1789072202612,7.4649688006758685,-2.5842411246702075,1.7941538461662827,-24.298365528921803,26.61080120451049,62.77357073686504,user,squat,heavy
1789072202628,7.057057861870526,-3.0671210874810813,2.0516798699758945,-25.845220668369393,24.385136252137645,61.058728802328275,user,squat,heavy
1789072202645,6.700322399029135,-3.3258450889036055,2.1631597386464474,-27.55091185696563,22.112472768085944,56.14518975116407,user,squat,heavy
1789072202662,7.026682012829184,-3.435230177251994,2.150889893529564,-27.93334610142569,21.352204411571822,56.78734364636116,user,squat,heavy
1789072202678,7.592162517437338,-3.745578567449748,2.1603175009578464,-29.278206933906617,22.441438584175852,58.79284086593323,user,squat,heavy
1789072202695,7.2898957268863915,-4.166509731347858,2.335543134960532,-30.660910429483998,23.83932388273088,56.27015147712404,user,squat,heavy
1789072202711,7.289144616258144,-4.251502721239627,2.346615733116865,-28.86703637606102,23.995552507163875,55.19706387171792,user,squat,heavy
1789072202728,7.915081635394692,-4.356549488122761,2.1197655642084774,-23.722956242294078,21.900631035883414,57.928425784954754,user,squat,heavy
1789072202745,7.626130253490805,-4.74680377420634,2.4151503401607273,-17.513574918774836,18.44327977802946,55.41836541592092,user,squat,heavy
1789072202762,7.242161331287026,-5.004181037195027,2.8182743369504806,-18.7695510844918,17.75061151127825,52.44291303231534,user,squat,heavy
1789072202778,7.332541274914145,-5.314229275402426,3.2519227974720297,-22.75511672935598,19.74551510744763,51.71400207428075,user,squat,heavy
1789072202795,7.4875670014530415,-5.348946076257526,3.2222957209713754,-23.798699625094937,19.81233143300328,51.94644365702003,user,squat,heavy
1789072202812,7.337480484881997,-5.597643773706257,3.06472659355998,-21.32459507939934,17.125835324876967,47.4828023362954,user,squat,heavy
1789072202828,7.130379703190922,-5.8396066099420185,3.0783428848497567,-18.460105949049787,13.744005468675846,44.07638892172411,user,squat,heavy
1789072202845,7.272835286492109,-5.894074405449628,3.0680184747122228,-14.385083609078658,9.616547766446528,40.76021596646703,user,squat,heavy
1789072202862,7.181256488469242,-5.876566221287846,3.115453887365013,-12.376886757237141,11.125987129620787,37.36839183596289,user,squat,heavy
1789072202878,7.79507227717936,-5.914875201416015,3.1925169610403477,-11.077707083698908,8.68320839277981,40.37309108959446,user,squat,heavy
1789072202895,7.933335084965824,-5.96380552880168,3.276762347435206,-11.92236328118218,6.725320579930491,41.57807306296811,user,squat,heavy
1789072202912,7.41918027844727,-6.0332379614681,3.4216119862660763,-12.383551314319782,4.954475789954679,38.68041311891439,user,squat,heavy
1789072202928,7.622986694768071,-5.88674274738729,3.06487623116374,-10.520375600256914,6.010376078088107,39.20667577936929,user,squat,heavy
1789072202945,7.887845253422856,-5.911881280297041,2.849098075889796,-8.444729776587875,7.891541656651141,41.69638901486566,user,squat,heavy
1789072202962,8.054094969287513,-6.0619689659118645,2.8326394007809457,-8.100671803753176,6.126445324635542,40.55046085705594,user,squat,heavy
1789072202978,7.556547598698735,-6.44234600110352,2.9813780098743736,-6.352991600347464,3.144878214175508,38.27142139141403,user,squat,heavy
1789072202995,7.804048195317387,-6.6501932172477245,2.7874473831407722,-4.5203301832884515,2.6110965826614843,35.59011451950963,user,squat,heavy
1789072203011,7.661744003185629,-7.119308274078369,2.915089428191632,-2.7543361082838183,2.676223290171202,30.87254725601143,user,squat,heavy
1789072203028,8.096590879711508,-7.415889420208335,2.932447536358237,-2.187122194886463,3.160501845015089,30.11219693722727,user,squat,heavy
1789072203045,8.122928267017006,-7.502230902099609,2.9927514906734225,-2.6952453670096874,3.8430336841511776,28.253724662181604,user,squat,heavy
1789072203062,8.021472802624105,-7.452849908336996,3.028963060130924,-2.092633998238741,1.688167911393746,23.528172907543656,user,squat,heavy
1789072203078,7.64244075230062,-7.480233589825033,3.186232766204327,-2.965635053890744,1.4444850112193797,18.267385331428706,user,squat,heavy
1789072203095,7.880215489196777,-7.400028418731689,3.1031838961176574,-0.8343401572373209,0.6456044747492675,16.549391264589985,user,squat,heavy
1789072203112,8.450334174999595,-7.197568740844726,2.7944810811698435,2.0099406845139853,2.3109646235961954,17.31923383877317,user,squat,heavy
1789072203128,8.26807498909831,-7.189188450512289,3.0722081814870235,1.1005474204688026,2.4360104462603194,15.54013519207222,user,squat,heavy
1789072203145,8.066963218688965,-7.212233226013183,3.280354965099692,-0.33361087833404673,1.9138241280794503,14.775183033334766,user,squat,heavy
1789072203162,7.970895877075195,-7.208342648315429,3.2306755729123946,-1.3863704533880319,3.956512154569062,12.276707518906917,user,squat,heavy
1789072203178,7.9182228560298675,-7.184848960003256,3.0135505330741403,-0.3438443159797241,2.9770655889101723,11.106358873493464,user,squat,heavy
1789072203195,7.912985539898276,-7.137413839611411,2.9456146225757895,-0.7891509319974289,4.014985404053541,10.198769312997694,user,squat,heavy
1789072203212,7.780405453923344,-7.1191574674308296,2.965217294798791,-2.045876017284715,3.340459827285177,8.180257167962164,user,squat,heavy
1789072203228,7.698404631584882,-7.206545828026533,2.925563183671981,-1.3897777572885162,1.356519751950726,7.554269476756851,user,squat,heavy
1789072203245,7.8255977638244625,-7.2170216293334954,2.748094154656678,0.297318908303022,0.7550546276607253,8.663896032901597,user,squat,heavy
1789072203262,7.606677365002036,-7.281365798950195,2.764553122026473,-0.11481888170228613,1.5731796490041714,7.859031663749173,user,squat,heavy
1789072203278,7.2705907224357125,-7.458984465569257,3.0587403587572273,-2.499523521578622,2.234434488380318,6.1920851501066565,user,squat,heavy
1789072203295,7.258620298656821,-7.371297998809814,3.1115627251453697,-3.326322402920308,0.34771375154666856,5.772466928918223,user,squat,heavy
1789072203311,7.73162417961955,-7.193527356499433,2.9539943283863366,-2.1745704416260954,-1.061741167090846,8.988128527896688,user,squat,heavy
1789072203328,8.001421363720297,-7.104343344658613,2.8300948308646676,-1.8217967205236372,-1.2718835695722186,12.558383666504596,user,squat,heavy
1789072203345,8.013990922436118,-7.066635253033041,2.859722930278629,-3.0974069053400384,-0.9530833161231099,16.066572022350954,user,squat,heavy
1789072203361,8.02551301792562,-7.261912910461425,2.890099948363751,-3.1879372208071493,-0.5603068845991798,19.93163946987777,user,squat,heavy
1789072203378,8.014737941411138,-7.568369553917646,2.7211588014580306,-1.2176156889040575,-0.046284016518437714,22.0755607182639,user,squat,heavy
1789072203395,7.754969983893632,-7.8073431452095505,2.7977741313658653,-1.3966854264169264,1.2073360407597766,19.91786810096373,user,squat,heavy
1789072203411,7.779209522137045,-8.353966973656416,3.046021454698592,-0.33388968879040076,1.3731245821532616,18.199640100145935,user,squat,heavy
1789072203428,8.119034766709804,-8.882336768010259,3.040036388939619,2.5470881051849443,3.1779269382482607,17.43268840352896,user,squat,heavy
1789072203445,8.238298274993896,-9.139416509357094,3.1624403872065243,5.492091932357431,1.792627757342863,15.883973745079834,user,squat,heavy
1789072203461,8.26807440457642,-9.73033306851685,3.5280046148002144,7.091594596814302,0.4468331632972027,11.01327705548453,user,squat,heavy
1789072203478,8.246976086968184,-9.968256858494877,3.927238033892214,9.26682073660072,-2.3648110602482255,2.1202843115462455,user,squat,heavy
1789072203495,8.359055236706137,-10.009408368572592,4.058320428655296,10.231794131408352,-3.940638794937952,-4.1156538546830665,user,squat,heavy
1789072203511,8.951171819305419,-9.868750190082192,4.285471041814983,9.505967857557668,-5.141590102927648,-8.398188013809762,user,squat,heavy
1789072203528,9.841963889965415,-9.658058690422774,4.333354490496218,4.565160556792653,-5.04982693831535,-8.951387232803897,user,squat,heavy
1789072203545,10.089764346313476,-9.702502812305092,4.417451408331096,-0.3616159612719948,-6.4299046530436845,-8.048166432055996,user,squat,heavy
1789072203561,10.591198202946781,-10.051006453374027,4.258385612621158,-1.7986886964576032,-8.019671736612349,-6.078164851826837,user,squat,heavy
1789072203578,10.762683481377362,-10.670057804650067,3.8290750351734455,-0.2721616407229989,-6.576308904129261,-4.795032707743548,user,squat,heavy
1789072203595,10.576834162029623,-11.133635685619712,3.7433332727409896,3.239891695059086,-4.729893620515959,-9.654655099373322,user,squat,heavy
1789072203611,9.802907306340336,-11.92641454129517,3.8573565422840415,7.996705225528181,-4.7549676718458995,-18.662136114509593,user,squat,heavy
1789072203628,9.51979354454875,-12.15581015690267,4.231301644732058,16.667114697577034,-10.629970254358,-31.127074255431953,user,squat,heavy
1789072203645,9.760111536186933,-11.996895021709799,4.547934668157249,19.851748454703422,-15.75537323583954,-37.89924096844545,user,squat,heavy
1789072203661,9.882066183251142,-11.315145514458417,5.046676216966659,17.851305575117163,-18.168672022449098,-43.429542686567224,user,squat,heavy
1789072203678,9.821164263042807,-10.43168627090454,5.122542628203332,10.67592974350937,-20.025011570926427,-48.923750270020065,user,squat,heavy
1789072203695,9.664942020195722,-10.027813209313154,4.966171478404849,4.492940270943054,-19.26364526150323,-51.956572827559164,user,squat,heavy
1789072203711,9.541640634697675,-9.177572344750166,4.389917358586937,1.3892284606688592,-19.912180260932402,-52.87900695044231,user,squat,heavy
1789072203728,9.100209119084477,-8.560317229241132,3.6845252560719843,1.5065408016452362,-21.092522326875233,-54.45261764841614,user,squat,heavy
1789072203745,8.957007101330161,-8.265382681274414,3.2607524390071627,5.221650165283952,-21.17174569105821,-54.2482242375035,user,squat,heavy
1789072203761,8.450931556370854,-7.847593322533369,2.5028370991811153,10.064591954300086,-20.73139144243644,-56.05450191445922,user,squat,heavy
1789072203778,7.847295800891518,-7.723245642852783,2.3793863683402536,13.113812942262742,-20.73548272574928,-63.2744216785129,user,squat,heavy
1789072203795,6.78037851704061,-7.390301389965415,2.4627342213734984,16.16879092592207,-21.53240358489698,-69.72378682116242,user,squat,heavy
1789072203811,7.089529806408286,-6.608744185528159,2.221518988634646,18.643622886764273,-22.2058909729115,-70.48229298887068,user,squat,heavy
1789072203828,7.029522789213061,-6.143818981602788,2.1330822880297897,18.82018839945098,-22.18555579220508,-71.19279658709209,user,squat,heavy
1789072203845,6.75464201823771,-5.212476289367675,2.2623700544610617,15.153599419015567,-21.73963493940975,-70.0963326592516,user,squat,heavy
1789072203861,6.841281021770834,-4.355800715582072,1.983595052526146,14.07555053495108,-24.522853356372615,-67.97239654437692,user,squat,heavy
1789072203878,6.772149617877602,-4.025102488055825,1.754499588909,11.072388927656405,-22.815181412917074,-65.05816656139676,user,squat,heavy
1789072203895,6.490080981224775,-3.640532385088503,1.452380828526616,7.106711086108009,-17.320128593554443,-60.818353954868016,user,squat,heavy
1789072203911,6.35301176713705,-3.459022263988852,0.9166789377190172,8.338015754769241,-14.867948955094587,-57.53183085079797,user,squat,heavy
1789072203928,6.200681271031499,-3.4171231504142283,0.7514788770377635,13.553236577610097,-15.10035980198261,-55.6606936974838,user,squat,heavy
1789072203945,5.632508458599448,-3.5904040800899266,0.5729619464047253,22.4258708755101,-20.25307670995503,-59.15512775988904,user,squat,heavy
1789072203961,5.46506397999227,-3.528154836925864,1.1040250714957713,24.56616017080508,-22.951776658580865,-59.92262928673421,user,squat,heavy
1789072203978,5.593752319225668,-3.3783675955623385,1.2891269334770739,22.520749033270747,-22.57503537679401,-59.05968269642729,user,squat,heavy
1789072203995,5.70807486397624,-3.008912351879477,1.6502017406970262,16.740182353770535,-20.991281847902716,-60.445234380888564,user,squat,heavy
1789072204011,5.632059545788168,-2.5387510008662937,1.5252555106014012,12.887509138266354,-17.439422970050593,-60.71733545704353,user,squat,heavy
1789072204028,6.087107498821616,-2.256235497228801,1.1623838830925524,13.766177970269,-17.51964695694698,-56.98352375479685,user,squat,heavy
1789072204045,6.008845863011479,-1.757792346844077,0.6399993006281555,18.356867639745044,-20.401908239516903,-58.455566124718,user,squat,heavy
1789072204061,5.7025382726371285,-1.4733318466186522,0.6087247491814196,20.283167108343523,-22.24600979654886,-58.31362796357596,user,squat,heavy
1789072204078,5.986100947239994,-1.3437453895017504,0.5578473793812095,19.242611693954174,-18.186568825621823,-54.93815189085025,user,squat,heavy
1789072204095,6.356905267444253,-1.1965025719240308,0.46597018293365833,14.127252505647139,-7.5317913241983385,-50.96569679409791,user,squat,heavy
1789072204111,5.981165244403481,-1.3114241054810583,0.7237956280812621,12.616873137688355,-7.549986948147252,-52.54821405874942,user,squat,heavy
1789072204128,5.861902320641279,-1.247229281207174,0.8834588051624596,11.670018527201474,-7.716511228980394,-55.55021880275343,user,squat,heavy
1789072204145,5.960363863915204,-1.180790185137838,0.8640060628041625,12.450131144575419,-3.8351260326395953,-55.75849176111463,user,squat,heavy
1789072204161,6.636726417431235,-0.9693521048948168,0.676211016216129,12.451245319183776,0.930681789749349,-53.7325995966809,user,squat,heavy
1789072204178,6.802825326648354,-0.8044519039429724,0.7640484357535838,12.740884613580045,-0.770553394104542,-51.8763898217978,user,squat,heavy
1789072204195,7.1022490027278655,-0.40177696609497066,1.1376941168636083,7.892600335972493,-1.479394961840961,-48.03168658328138,user,squat,heavy
1789072204211,8.01967539781332,0.20395620005503295,1.2397463781058788,5.702623548899788,-1.4697300307219814,-41.18700375184986,user,squat,heavy
1789072204228,8.485051268115638,0.37140024027079344,1.1153978216424583,5.997413232817069,-2.63533969879021,-33.693855930428164,user,squat,heavy
1789072204245,8.783426896446942,0.5357027675904333,1.29630939232707,5.782050538097397,-3.131555503312575,-27.300774961634133,user,squat,heavy
1789072204261,8.762028134587407,0.548421817779541,1.3953689014941453,6.932601026427922,-3.696203400016121,-22.645145561076898,user,squat,heavy
1789072204278,8.903736114391684,0.46178157213740045,1.4092856370352207,9.282343195263218,-4.262954568097208,-18.699193305851498,user,squat,heavy
1789072204295,9.043945964592695,0.4188357259888202,1.4668965528741478,9.25549116031496,-5.023503816140944,-15.750798716642924,user,squat,heavy
1789072204311,9.137619104546308,0.18869301834106444,1.7444734310656784,7.88324639190416,-6.921141676547934,-13.127134372465205,user,squat,heavy
1789072204328,9.156773302349448,0.06404474827870726,1.6901555654227733,5.9401882004034094,-6.7021090358098485,-11.654628403454142,user,squat,heavy
1789072204345,8.811708988079427,-0.18959091702885925,1.7072148367732762,-0.9957854453706181,-2.683302354359097,-11.90856032264323,user,squat,heavy
1789072204361,8.77220699877441,-0.22325952400527893,1.4248482400871811,-2.7349821269403525,-1.3587479944457368,-11.887808500397439,user,squat,heavy
1789072204378,8.77250276685059,-0.20904358632192013,1.2135599435783921,-1.5119555408314695,0.6259517259904666,-12.392160767768582,user,squat,heavy
1789072204395,9.079410076683759,0.07451952667236328,0.809837834765017,4.855094403096878,3.8337762165048717,-9.846964198096908,user,squat,heavy
1789072204412,9.484179794853926,0.35553880040273067,0.9941907780751585,6.906526779271399,4.331661148505659,-7.261057139651019,user,squat,heavy
1789072204428,9.556455341991782,0.4168902179442346,1.3370105282887816,7.2357743406645705,3.598668298668339,-4.517289468447326,user,squat,heavy
1789072204445,9.578899813511967,0.5169979940552264,1.6925493286915123,3.448393037870657,4.397267249917746,-1.4735334855943265,user,squat,heavy
1789072204461,9.3399297293514,0.5377974748473614,1.9626453496083616,1.566206132583294,3.682209623067234,-0.7495954922448868,user,squat,heavy
1789072204478,9.310300314763188,0.5038299579896033,1.8083689801320433,2.001096443312465,3.1946026316634355,0.38752150809210445,user,squat,heavy
1789072204495,9.496451831927894,0.3462613420348614,1.7812854506343603,1.3906637608899137,2.651744105629288,4.246849408921141,user,squat,heavy
1789072204511,9.588627426800132,0.09397226903066039,1.6956917183704674,0.9130200944944596,3.7814992292580634,5.9786366159018804,user,squat,heavy
1789072204528,9.49435515190959,-0.01646020947881043,1.663220942876488,3.6781448067374303,2.9116560688801334,5.391380366158769,user,squat,heavy
1789072204545,9.216777981457113,-0.16684592819213867,1.4315817861258984,8.608942038386967,-0.8356016077996576,2.0531727937524042,user,squat,heavy
1789072204561,9.509020806121825,-0.18345584833994508,1.7524049547173082,9.845010763994285,-2.7115934247881133,2.548106870588334,user,squat,heavy
1789072204578,9.848547944530845,-0.17567469294443724,1.855356064495444,7.796775343238153,-2.480737513153325,4.483663166502884,user,squat,heavy
1789072204594,9.99130221851766,-0.031573534393310544,2.038361977110803,4.34959551771882,-0.20302944081167854,5.300569159162042,user,squat,heavy
1789072204612,10.00387119271159,-0.03127411305531859,1.981949185015261,4.047545769600638,-1.4988307987327611,5.518626363509283,user,squat,heavy
1789072204628,9.888801044464111,-0.13003515073247254,1.618329661748558,6.665693455363103,-2.2573196775246807,5.034095731996341,user,squat,heavy
1789072204644,9.952694547703862,-0.2249051723204553,1.6403260972402989,8.56240625202438,-3.660060173362529,6.003593700242284,user,squat,heavy
1789072204661,9.871592135509848,-0.42078101483769714,1.6322461050286887,9.699173418609819,-2.375885785100578,5.7352432517153,user,squat,heavy
1789072204678,9.69816215275228,-0.5210382093567401,1.7705111047722397,8.496637506732679,-1.087981900108389,4.561137575371515,user,squat,heavy
1789072204694,9.715070617455243,-0.5279213199339807,1.8240815130487082,6.455106770420562,-0.636134310743339,4.243446267167182,user,squat,heavy
1789072204711,9.850791339543461,-0.458788746996969,1.6750423135735093,5.037941982272704,-0.7476576928721601,4.633124354128865,user,squat,heavy
1789072204728,9.71073054242432,-0.4866212682310492,1.5466533956781028,5.286931405823641,-0.33601790636666795,4.050353404236336,user,squat,heavy
1789072204745,9.671824765446782,-0.38486777073964473,1.5198673878222704,5.172795529698144,0.5353504939498639,3.1341087134016905,user,squat,heavy
1789072204761,9.926507382524013,-0.13976130271591244,1.4490896780267357,4.569909672699928,1.046356379428804,4.01145505002629,user,squat,heavy
1789072204778,9.900770299199223,0.07676416379399598,1.4956269727960227,-0.07257982460627029,4.352264841023825,4.59523259904775,user,squat,heavy
1789072204794,9.975738154160975,0.1764229540284723,1.4731808938406408,-5.468771958983714,7.840968374715428,5.153038353750236,user,squat,heavy
1789072204811,10.439766701507567,0.3155856332641095,1.1442772946462034,-7.874647183739115,9.508312319990274,7.343220900271687,user,squat,heavy
1789072204828,10.645665706193446,0.48347946307398376,0.741752140532434,-5.997428173855878,11.731196531597279,11.586479337236694,user,squat,heavy
1789072204844,10.534187444958091,0.44756599978022277,0.7463917830318212,-3.1645882191294605,13.497019851872661,13.882163973885925,user,squat,heavy
1789072204861,9.836727158355712,0.31483744524531065,1.2547105768732725,-2.8517089926388124,16.286560462686015,13.707414437744795,user,squat,heavy
1789072204878,9.485377480205893,0.140958549676463,1.6219203797169028,-4.271769354107932,16.561938322095298,13.29616789404468,user,squat,heavy
1789072204894,9.267654182213544,0.054019248022511596,1.7842779104486106,-7.210296027513131,16.985780588398562,13.967362046045372,user,squat,heavy
1789072204911,9.247004192894696,0.11088146438598633,1.840690848674625,-11.083413706750452,17.908919928313512,16.384904941450447,user,squat,heavy
1789072204928,9.03272606692016,0.15726897542104123,1.8697215667173266,-17.168389110953438,22.176177942474652,18.975435184190786,user,squat,heavy
1789072204944,8.801233771294354,0.3969887089051306,1.6594800027824936,-20.968537317966575,22.147011327171406,24.722528814116057,user,squat,heavy
1789072204961,7.844748454496264,0.3244147633425891,1.2322642056569457,-20.096994934589194,22.36188395581813,24.893795807554127,user,squat,heavy
1789072204978,7.437286428502202,0.21398206563740968,1.1387412878289818,-17.86094809467793,22.57075967837358,24.117973402752597,user,squat,heavy
1789072205002,7.114668923839926,-0.14395108255594968,1.1209339745901525,-16.286278717382753,22.69813587620515,24.209306692334007,user,squat,heavy
1789072205011,6.666503716057538,-0.4192845657348633,1.392974992094934,-18.094410790698134,22.657062533631276,24.016707310570695,user,squat,heavy
1789072205027,6.4631462125480175,-0.5816409274227917,1.3417990777395665,-18.408239200040004,23.484058423241837,23.566725910313792,user,squat,heavy
1789072205044,6.530932047051191,-0.8370727554321289,1.130511365752667,-13.603223317050835,21.59931553310101,24.02589903764624,user,squat,heavy
1789072205061,6.371269308361411,-1.089212117767334,1.3696316720388828,-11.509108661866081,20.976960648760492,24.545975254260398,user,squat,heavy
1789072205078,6.3401435177356005,-1.1492163584835826,1.6150374883353709,-11.972767515935935,17.191608339036897,25.512540936918292,user,squat,heavy
1789072205094,6.168061442455649,-1.1951553950987757,2.07038427818492,-15.473236904246532,12.757564789306862,26.00239185890785,user,squat,heavy
1789072205111,6.148907244652509,-1.2521674682617188,2.1205133138358594,-17.96876263072658,11.554482462296123,25.74612828389085,user,squat,heavy
1789072205128,6.328024040874839,-1.3262379359923302,2.0886400658436117,-19.160306206908228,11.272714107144647,27.06284019925486,user,squat,heavy
1789072205144,6.307074191826581,-1.515080445806682,2.1256007001027464,-19.965841642146607,9.429061635050616,25.75780790737157,user,squat,heavy
1789072205161,6.750000914433598,-1.6062096003659068,2.160766121508181,-20.726641045868696,9.594375264853374,26.558157521482617,user,squat,heavy
1789072205178,6.985532256317138,-1.6626237076357007,2.1273967897392807,-21.40369208508267,10.98341888352782,28.3077070622868,user,squat,heavy
1789072205194,7.121849190732837,-1.9024919096797703,2.2125398556262255,-22.509166739985698,12.440713167483617,31.838277948043288,user,squat,heavy
1789072205211,6.44863078046143,-2.1309885306209324,2.216730439183861,-24.148347253991645,13.479858147809358,30.273761646949335,user,squat,heavy
1789072205228,6.015130057847499,-2.192788568712771,2.269102869847417,-27.242281221582143,15.864166196486796,25.8762416800323,user,squat,heavy
1789072205244,6.274452609685063,-2.0715824019283056,1.9129656651601195,-28.46809356437704,18.740801110727922,23.70280547669525,user,squat,heavy
1789072205261,7.466465761235356,-1.61848003000468,1.5165756528005003,-25.211196405831913,19.142144733905166,29.330683277299826,user,squat,heavy
1789072205278,8.098983327805996,-1.6490058089107273,1.460461843651533,-21.229411270673335,21.167217275638492,40.26032808149213,user,squat,heavy
1789072205294,7.709777673992514,-2.3030723594665528,1.8574504064261912,-17.538472665846825,21.052005644718715,46.48649630244398,user,squat,heavy
1789072205311,6.7642170713126655,-3.160944741821289,2.752583136638999,-20.483918320881244,21.748186336250605,44.59391918532515,user,squat,heavy
1789072205328,6.91400606624186,-3.4223619278505444,2.9833240293756127,-24.650970629729127,20.186753865566917,42.68476861418527,user,squat,heavy
1789072205344,7.4124489243656395,-3.7515643638610836,2.9578856367364526,-25.437304695663308,16.181201379643987,40.16756045218502,user,squat,heavy
1789072205361,8.520963123974203,-3.9375636130735274,2.6788109212026,-21.89338420517403,12.469796112969531,43.1765183287641,user,squat,heavy
1789072205377,8.889819817242026,-4.082562743377685,2.833535911229253,-20.412699938405524,7.770454355497862,47.524090829828125,user,squat,heavy
1789072205394,8.674640358513592,-4.702211476024985,3.544613804295659,-26.82118298377793,4.140665153650007,48.399758647464196,user,squat,heavy
1789072205411,8.736592080035805,-5.244199461364746,3.7868782538264987,-33.62783190681623,2.13082670853016,49.58502186470402,user,squat,heavy
1789072205427,8.868422808948159,-5.422119156756997,3.6863209073171017,-38.44402368683483,0.43868813603153606,52.14431765236989,user,squat,heavy
1789072205444,8.470535251507162,-5.630413532146811,3.4362764714345335,-44.8461170902387,3.3239339711449194,51.18019205479298,user,squat,heavy
1789072205461,8.388083178269863,-5.906643671904504,2.9224203556016084,-42.74462497697668,1.7823244169798989,48.857142265234096,user,squat,heavy
1789072205477,8.441056643566489,-6.048202014105022,2.600101541624963,-36.62707042420638,3.0098050334795703,47.70264222001602,user,squat,heavy
1789072205494,8.873360849872231,-6.159233408355712,2.510768184441328,-30.371382125661743,4.588922358028304,50.53818842375764,user,squat,heavy
1789072205511,8.418910278210044,-6.244825533184409,2.905512329290062,-25.740189434407522,9.698224022315186,51.21725266122947,user,squat,heavy
1789072205527,8.046462282451987,-6.322188174328208,3.178750886016339,-23.072891280490825,10.798046695680027,46.59673555564798,user,squat,heavy
1789072205544,8.066811827519535,-6.491876047948002,3.3963233773611483,-18.3513659223686,11.615284806287576,41.87804472603131,user,squat,heavy
1789072205561,8.563760647693275,-6.580163987731933,3.559129674773663,-10.57094802841898,13.154460251787134,38.7520447278349,user,squat,heavy
1789072205577,8.683620368304847,-6.6723407516479485,3.7388447291500864,-5.95882309089332,12.95116735510452,38.889078813152864,user,squat,heavy
1789072205594,8.67733441990316,-6.822576321300864,4.231600627678633,-4.2526426899977805,10.462021025309264,38.32759286714821,user,squat,heavy
1789072205611,8.413523324474692,-7.053018815612792,4.607789563530683,-7.930051970738965,6.727138690910183,34.965049757615915,user,squat,heavy
1789072205627,8.498665951970219,-7.114219426506757,4.577113562498987,-13.117795796322506,6.173473311505195,33.8033814288639,user,squat,heavy
1789072205644,8.86138984157145,-7.203105332183838,4.0966279474787415,-15.603358838124445,4.689125928907446,34.58233376785259,user,squat,heavy
1789072205661,8.538170279362797,-7.274930212944746,3.382406934081018,-14.787523477617686,6.119862302936118,33.131202022075435,user,squat,heavy
1789072205677,8.500761462944746,-7.32954793831706,3.131764240044355,-10.550383182601719,5.705222008992155,31.01735409660487,user,squat,heavy
1789072205694,8.184128293389081,-7.36785516487956,3.0071165545038876,-4.797532556979773,1.1304976932576027,27.07042683187545,user,squat,heavy
1789072205711,8.316407935112714,-7.465868379864096,3.2962155281849204,-5.46908273259095,1.3764509910007636,23.59366759149491,user,squat,heavy
1789072205727,8.502858727484941,-7.565678415137529,3.3508341303400693,-8.07371219332549,1.4874891628942493,22.831261385770574,user,squat,heavy
1789072205744,8.614336988720297,-7.765144171905517,3.248930191527307,-9.664380434977772,1.3105586619737697,23.006199605887527,user,squat,heavy
1789072205761,8.354117195782065,-8.06920778274536,3.0620369160845873,-8.141637570847621,-0.4256894856282084,21.408946208101703,user,squat,heavy
1789072205777,8.362945229882001,-8.086564575737714,3.024624008013308,-7.2134302305685205,0.7898561490292327,21.22068228891406,user,squat,heavy
1789072205794,8.60595728290975,-8.099584216308592,2.9319978928945956,-3.8413538845021775,-0.7714547656315721,22.718978198457442,user,squat,heavy
1789072205811,8.646509658050537,-8.047659967803954,3.0994426637627184,-1.2456033495235368,-0.5072667304343284,24.461950267090902,user,squat,heavy
1789072205827,8.906129731529951,-8.016983089989424,3.206283182194829,-0.9049356051163975,-1.2190434118840017,28.205189337939494,user,squat,heavy
1789072205844,8.841636508831382,-8.033593448528647,3.3665459326043723,-1.6446470132194826,-1.5272514293125958,29.528963668905295,user,squat,heavy
1789072205861,8.610595464104414,-8.546101072362065,3.646367228721827,-4.246728173063373,-0.9843894881838633,26.81938322893163,user,squat,heavy
1789072205877,8.779386681145429,-8.788214715245365,3.530996928483993,-2.684347373302109,-1.6046750386492754,24.944682424418016,user,squat,heavy
1789072205894,9.369258115166426,-9.299527576336263,3.3045953801259396,2.1361388881571375,-4.21304168007687,24.094971033175288,user,squat,heavy
1789072205911,9.37853681564331,-9.97828433151245,3.5655643839962776,5.888772670765669,-5.5959014162315155,20.898372492170328,user,squat,heavy
1789072205927,9.285611279186606,-10.357614487999678,3.7692199936695396,6.572808859066453,-6.42340060540654,15.247263510651244,user,squat,heavy
1789072205944,8.963589986851812,-10.971577576225995,4.065203612297773,6.017901239006168,-6.1520448736447495,6.27710392980039,user,squat,heavy
1789072205961,8.86887055271566,-11.087397666057944,4.185063917431235,5.016764126977434,-6.625342832180783,-4.596053502408621,user,squat,heavy
1789072205977,9.579349895367026,-10.986392283520102,4.015374144115299,5.661266753475361,-7.707130817929028,-12.856154301107766,user,squat,heavy
1789072205994,10.018984590691327,-10.606911320385336,3.764731303948164,6.4664312240644435,-9.183136405116077,-17.252214315089713,user,squat,heavy
1789072206012,9.98546693649292,-10.369437027740478,3.6845259867243465,6.502185983708991,-9.403695166246836,-24.96341251066948,user,squat,heavy
1789072206028,10.356417387169598,-10.102183098381758,3.5327928719900545,8.565097346557364,-11.773232930844122,-26.622057356262673,user,squat,heavy
1789072206045,11.419592561882734,-9.738114808434247,3.318512115667015,8.601187212358065,-9.481886318091496,-23.965634571051925,user,squat,heavy
1789072206061,11.552470754021405,-9.889099150627851,3.547757216887921,6.806353090469876,-6.876639152123892,-20.395259050359893,user,squat,heavy
1789072206077,11.143211907738447,-10.119989973229169,3.8265313420400022,5.152853511755822,-5.448409457520614,-22.864469765515178,user,squat,heavy
1789072206094,10.877305885857343,-10.436623142784834,3.8190490234605967,7.647516073079511,-5.672653105708595,-26.09171024268411,user,squat,heavy
1789072206111,10.87251689801514,-10.535832874077558,3.7850821641899643,11.206506522198776,-4.873245203929364,-28.274968258047636,user,squat,heavy
1789072206127,10.352827253723143,-10.58521445236206,4.1307450288750225,11.922541719874246,-4.565638243147731,-32.43991174598928,user,squat,heavy
1789072206144,9.59521031232178,-10.351628983849286,4.302977034019679,10.444005547599708,-4.5841591548558664,-35.341249746911046,user,squat,heavy
1789072206161,8.818592902374267,-9.988609910693764,4.365227738488465,8.93485049104965,-5.903812747318037,-41.587266497590946,user,squat,heavy
1789072206177,7.7789102469295255,-8.579621064648032,4.039017177770287,8.24481953109171,-5.912134052161228,-48.524498392276136,user,squat,heavy
1789072206194,7.383868726569414,-6.775441645160317,3.2439925889946517,11.58926605441806,-6.7759920458355225,-51.062661574649994,user,squat,heavy
1789072206212,7.734616931694745,-5.135561391991376,2.5661335133105516,18.424954380486316,-4.961116014488401,-48.398583854926954,user,squat,heavy
1789072206229,8.170362218365073,-4.677221996197104,2.381182165715843,23.725797600988805,-8.31281577182648,-40.27143055398799,user,squat,heavy
1789072206245,7.607724828228354,-4.451119576916098,2.527378396850079,22.996410237259607,-8.509900880327198,-34.84345531491676,user,squat,heavy
1789072206262,7.124545005688071,-4.783016366577148,2.4817380509205162,17.590255745039276,-6.159745058160293,-30.321593461706936,user,squat,heavy
1789072206279,6.924029447606205,-4.965273798912763,2.339432689744979,17.745171265604334,-8.03971321918446,-30.089793916749628,user,squat,heavy
1789072206295,6.928070247429609,-5.352685555046796,2.1054000619865954,20.303381053192176,-11.600142276897659,-29.750944816930712,user,squat,heavy
1789072206312,6.648248512920737,-5.6102124556392425,2.1691456811882555,23.2946760605776,-16.519089130337225,-29.805630726520416,user,squat,heavy
1789072206328,6.398053270390629,-5.700443346184492,2.268804325292259,22.01919287459108,-17.60314943464497,-32.770977845248964,user,squat,heavy
1789072206345,5.3184191283077,-5.840804003033042,2.5374041163019836,17.557421318151732,-16.79753886732572,-42.36637251583596,user,squat,heavy
1789072206361,5.178958050647378,-5.705083573205768,2.570474172863364,13.15685508686487,-17.324324037252122,-50.70578419051682,user,squat,heavy
1789072206378,6.184074419623613,-5.3461035463079805,2.095224997191876,13.552968492685174,-20.417776476506134,-50.98167602166115,user,squat,heavy
1789072206395,6.162973763927817,-4.700715392248332,1.7030248377375303,15.915894634165888,-19.68717163155738,-48.78377920335899,user,squat,heavy
1789072206411,5.602878459489345,-4.48882766854167,1.7149945308640597,18.69017062595791,-20.149864013859677,-52.77778354694272,user,squat,heavy
1789072206428,4.851250529369712,-3.7364506736204026,1.9288279818110168,18.904001650756207,-20.520721087676566,-59.63904666258445,user,squat,heavy
1789072206444,5.482271135380864,-3.039139440099895,1.9110208147026597,17.45735392416917,-22.33861520886319,-60.21084277914124,user,squat,heavy
1789072206462,5.64432866025269,-2.674771582683921,1.870617931035161,12.18028061575197,-18.258036510002253,-58.72572742714868,user,squat,heavy
1789072206478,5.644629104503989,-2.073528275299072,1.6584328318171202,5.37536912208379,-10.505461028430545,-55.71073166334332,user,squat,heavy
1789072206495,4.854242696923017,-1.6804297057002782,1.374419929228723,5.209030537018708,-12.128754522427041,-58.38716178018032,user,squat,heavy
1789072206511,5.011510649430751,-1.508944719530642,1.1438283818349242,10.84741274167994,-17.165527261691203,-59.45077249811305,user,squat,heavy
1789072206528,6.070648531451821,-1.3088804123476148,0.6090241705194115,23.065647864876023,-20.537815343621816,-53.08920260705487,user,squat,heavy
1789072206545,6.995108478435873,-1.4089873847410082,0.849043033080548,27.85630839777712,-18.676418040064092,-43.24902078680378,user,squat,heavy
1789072206562,7.08683574501872,-1.5125366065427661,1.2454321686573326,25.879023274571786,-15.420680306130576,-32.99041816290313,user,squat,heavy
1789072206578,6.762422004589438,-1.6509510977596042,1.8665778618641196,16.896894214087308,-10.601836705166717,-27.20633905862224,user,squat,heavy
1789072206595,5.834818498882651,-1.7868226264953613,2.202813557512313,10.709108241176352,-11.11166678425221,-32.473198672909334,user,squat,heavy
1789072206612,5.957821193695068,-1.9301757431581614,2.1416120698355137,7.2971060243167,-11.909915261419831,-38.54474507143043,user,squat,heavy
1789072206628,7.645285035815834,-1.7993918929502366,1.5734383806206285,11.494089929654871,-14.604274624828122,-32.49600125945342,user,squat,heavy
1789072206645,8.40873609019816,-1.748665037536621,1.1357488280147314,15.679985022875524,-10.82651492414064,-24.448417954797815,user,squat,heavy
1789072206662,8.189065749791265,-1.73340170969218,1.3467372647941112,15.590921063645851,-5.02157087260583,-19.699372056962314,user,squat,heavy
1789072206678,7.725341153827309,-1.7931074058532714,1.7892162436336279,12.776072894410305,-2.8784128978594468,-19.369629306854318,user,squat,heavy
1789072206695,7.212979660466313,-1.7938553016111254,2.0350705343499778,11.623309424788696,-3.4264207461975493,-24.016364093564903,user,squat,heavy
1789072206712,7.398081960839033,-1.7935563186645507,1.9309229082636534,13.877886567918205,-4.962797948571517,-27.555136328967283,user,squat,heavy
1789072206728,8.415916941612958,-1.5283983386717737,1.7744016824699937,16.390816470177093,-5.342874497107454,-24.00007067729984,user,squat,heavy
1789072206745,9.414299033898114,-1.2699743431091308,1.8305151993580162,15.9019525105226,-3.8428031652666896,-15.206357507712038,user,squat,heavy
1789072206761,9.74230641490519,-1.1863269226074218,1.6864152098506688,15.613044046367522,-0.34390461374349063,-3.1193838927682007,user,squat,heavy
1789072206778,10.16443292606771,-0.821061531829834,1.3721758035637437,19.395657450233944,3.554890201183142,14.65171028861386,user,squat,heavy
1789072206794,9.581294599694013,-0.7127236144468188,1.3497300168693065,23.267611435991423,5.697538899949537,22.78626239197124,user,squat,heavy
1789072206811,9.003694033703207,-0.7393592540465295,1.4897909601189194,26.3942585946117,7.23252658571423,23.237570556474417,user,squat,heavy
1789072206828,8.50480167824626,-0.9808742003843187,1.8397931691825389,27.93454309207774,7.638910034725295,19.84604353919917,user,squat,heavy
1789072206845,9.19956965702474,-1.1511619395934045,2.114377879820764,26.26839528368129,6.89762405457511,21.452707230113976,user,squat,heavy
1789072206861,9.495551668217777,-1.2506709460936487,2.1197645412951704,24.36716431688405,7.713594738204799,26.781269065815668,user,squat,heavy
1789072206878,9.590572131127118,-1.4252978835508225,2.07367718225047,23.268834039852855,7.604587480372334,32.39482908237261,user,squat,heavy
1789072206895,8.607005915179847,-1.906981914575398,2.2055083495542407,24.22898105223823,4.666873172591544,31.086185327965673,user,squat,heavy
1789072206911,7.539639718517661,-2.3599346488952637,2.5094215921379623,21.11853851742381,2.6461360934338845,15.507235878387561,user,squat,heavy
1789072206928,6.709000211003422,-3.1037825926631686,3.3430522442921995,10.231806084239398,0.9625828285981283,-4.05335014973468,user,squat,heavy
1789072206945,8.348282498279213,-3.4247558372497555,3.0436284220822154,-2.363650141532735,-3.4163363987748485,-12.548991302622184,user,squat,heavy
1789072206961,8.850614765056967,-3.3821091201782223,2.5706226414233444,-5.956498265254576,-5.703478603206509,-11.39468677156909,user,squat,heavy
1789072206978,8.430582011303304,-3.0777459418699142,2.303669886968285,-8.119372007927025,-7.6147157971378165,-15.28904207025692,user,squat,heavy
1789072206995,8.069356251305342,-2.3976433250427243,2.0513811792902645,-11.7258732529129,-5.161726781261315,-26.66562542543089,user,squat,heavy
1789072207012,8.405442309349775,-2.1013608695983885,2.04644299223572,-12.915752824258004,-6.323439506242933,-31.93901982320639,user,squat,heavy
1789072207028,9.352797394230961,-1.6536447207577525,1.6303000855274496,-10.332697369790596,-8.485602482354878,-32.92248851651277,user,squat,heavy
1789072207045,10.152762362018226,-1.3723267563417554,1.3663397908866404,-5.453739993280986,-6.890424608303094,-25.97970880067424,user,squat,heavy
1789072207061,10.208276743969321,-1.3485339389525353,1.3480845877498389,-1.5653116979671398,-4.302843299736906,-19.561794971605334,user,squat,heavy
1789072207078,9.920672685021161,-1.403600577136129,1.7278643877007067,-0.6355281848153533,-1.8325205444073804,-15.828705561863382,user,squat,heavy
1789072207095,9.18744784207642,-1.5137334151118993,2.1248522198230027,-0.7217944878888193,-2.4232424748240384,-19.0653785302761,user,squat,heavy
1789072207111,9.09123203190267,-1.4885948822021484,2.194584219957888,-0.32793461760779585,-2.5963534058946003,-22.351633549421233,user,squat,heavy
1789072207128,9.4497619769454,-1.4633056887753306,2.2053578351676464,0.6217481714431468,-2.559382659134379,-21.789345056189102,user,squat,heavy
1789072207145,9.633518123406171,-1.4586669230587779,2.329258063341677,1.6213919266428816,-4.055134536655346,-19.008749431867525,user,squat,heavy
1789072207161,9.586831191033124,-1.410633544512838,2.5109173836536702,-0.2017055713916729,-5.67422575676499,-17.59439142458172,user,squat,heavy
1789072207178,9.349506535992026,-1.1136030471801757,2.6267374734856186,-1.4896672461875429,-7.399145635422106,-17.53364201455633,user,squat,heavy
1789072207195,9.609577275848388,-0.6944681190490722,2.539948393957317,-2.1372626677190163,-11.750934924524968,-15.97349703453119,user,squat,heavy
1789072207212,9.84465561326742,-0.5674255011960864,2.463931614464521,-4.463236632016315,-12.249195516930106,-11.699478840639031,user,squat,heavy
1789072207228,10.233116001671553,-0.5497684100829064,2.229598688585311,-7.950134434446095,-8.808248665915233,-4.720097421698869,user,squat,heavy
1789072207245,10.06148225468099,-0.642244595336914,1.9390033388666807,-10.23889838191881,-5.34050442146546,3.796242192581536,user,squat,heavy
1789072207261,9.706540689519047,-0.7273880996152758,1.6958410637132821,-8.21257676934102,-2.29969011571062,5.2468326458669665,user,squat,heavy
1789072207278,9.128640848320723,-1.0190319354735313,1.5586242578484117,-4.742062883182807,-2.614614983857687,3.714283764522791,user,squat,heavy
1789072207295,9.12295520389974,-1.1698666400633753,1.6974876618765293,-3.9104587503166046,-3.4819856157560722,2.84970518589106,user,squat,heavy
1789072207311,9.498096676525472,-1.2597989860534666,1.8400924443900584,-6.589973978224341,-0.4829197207250246,4.266423877308751,user,squat,heavy
1789072207328,10.083327591264247,-1.2538131896421312,1.8534097527332603,-8.37972772003051,0.9894499113069023,8.370182530665417,user,squat,heavy
1789072207345,10.038288426098227,-1.210418576812744,1.7889162377737462,-9.14860552999343,2.217889635776432,10.177669151104231,user,squat,heavy
1789072207361,9.39155411812663,-1.344344086047262,1.8535602671198546,-9.93667531775044,3.643388535372174,4.7386319937853445,user,squat,heavy
1789072207379,9.419837378802894,-1.4727334423340857,2.0835529718376695,-11.589233611019502,1.5471132992538756,-0.2556045151229476,user,squat,heavy
1789072207395,9.712228087505698,-1.4624084476746617,2.134729178453982,-13.791488943785774,-2.2583676846754543,-3.020283397440016,user,squat,heavy
1789072207411,10.315416099217533,-1.269525284167379,2.1419114911735058,-20.137088145017167,-1.895009518237004,-0.7000256077869308,user,squat,heavy
1789072207428,10.724077564129233,-0.6667850162230432,1.87585568555817,-25.475661330494805,1.3649332643477121,4.7278915213155,user,squat,heavy
1789072207445,10.733055235832929,-0.3040634647093713,1.8366507795035838,-30.5106735885004,3.809555085047537,11.357494683991078,user,squat,heavy
1789072207461,10.167724368828534,0.3292028744019568,1.4748273458734154,-32.96966463311005,9.902012961486271,18.833778768352015,user,squat,heavy
1789072207478,9.483882273212075,0.4406825969420373,1.0963935537040232,-30.776839230266624,12.386778578702613,24.067686134988378,user,squat,heavy
1789072207495,9.043796911510825,0.3755905315674841,0.7836508157156408,-26.100570705584907,17.39799445763988,29.45539570135509,user,squat,heavy
1789072207511,8.156446505737303,0.11028291397094726,0.5181945834286511,-19.320475850492322,23.99932277158572,33.80749320274425,user,squat,heavy
1789072207528,7.324611066436767,-0.5476737758912146,0.6643906684324145,-16.048407134253306,27.984227595647702,35.06503689687573,user,squat,heavy
1789072207545,7.246798343437909,-0.852036369677633,0.7282850484549999,-12.403031013832656,29.513985064055458,38.363031303656825,user,squat,heavy
1789072207562,6.642410892808437,-1.3825012366145848,0.9192217540696263,-7.57963850688157,27.41229316776022,38.53361869327248,user,squat,heavy
1789072207578,5.7148103097110985,-1.7582421364381908,1.57254055499807,-10.090416899551904,28.03400942941334,34.98556423078805,user,squat,heavy
1789072207595,5.6380444654166695,-1.8201912276118992,1.7966978315606712,-16.228876100050673,28.432354599544947,33.4220724580696,user,squat,heavy
1789072207611,5.6099131804317235,-1.9009958259031174,1.643318410924077,-22.20943754863803,28.36884237800029,32.81731726367291,user,squat,heavy
1789072207628,5.183894922527671,-1.8330606460571288,1.279549542314559,-25.503827323084646,27.26549532702372,30.437628130421697,user,squat,heavy
1789072207645,5.1967631719291205,-1.8441332442134617,1.0152899724662303,-24.890773448846396,24.825114840355067,28.640974190006524,user,squat,heavy
1789072207661,5.489754184612631,-1.8625389617368577,0.5484207948662341,-23.08557664932683,24.327165021557164,29.996442306268477,user,squat,heavy
1789072207678,5.321563271552324,-2.063054227557778,0.4427767927423119,-21.262590622113965,26.197161533279935,30.57904719718681,user,squat,heavy
1789072207695,5.081541047990322,-2.1675001059383154,0.404169121928513,-19.532030714749713,32.63442870336207,29.844777955748345,user,squat,heavy
1789072207711,4.878933486065268,-2.4277201911374924,0.7095809325069189,-13.757076743199958,35.35678159708365,26.506401763046846,user,squat,heavy
1789072207728,4.97335539855957,-2.517951958465576,1.4490899702876805,-8.757868336823572,30.210756566950554,23.468395091927704,user,squat,heavy
1789072207745,5.013907773700356,-2.563890702819824,1.8583482320487499,-9.776565438321587,30.555472799266514,20.838251459548584,user,squat,heavy
1789072207761,5.55439762943685,-2.6464906600952145,2.6852462149471044,-18.331824751153192,31.55965062613637,20.26689589019326,user,squat,heavy
1789072207778,5.6646793743640185,-2.5251333944022654,3.0928581708058713,-28.22005182957344,34.718336494605886,18.538598482991574,user,squat,heavy
1789072207795,6.163572314342856,-2.4052745505735276,3.0181887142688035,-34.187992796121904,32.779293600563456,20.931176183206606,user,squat,heavy
1789072207811,7.597548302128911,-2.6099785002559424,2.670132524706423,-32.602842493545346,19.976732378778195,28.296570438845094,user,squat,heavy
1789072207828,7.538294149127602,-3.123984545953572,2.753181394793093,-31.06842000593447,16.307964567997544,30.00141126888966,user,squat,heavy
1789072207845,7.562233243119716,-3.4027585249751806,3.0111557468920944,-32.33152005895576,14.024007366153226,30.760562889474485,user,squat,heavy
1789072207861,8.219444521442055,-4.009540177264809,3.3886925902217624,-37.836871096039474,12.752181746467247,33.55616956204446,user,squat,heavy
1789072207878,8.679429346355795,-4.648940781347453,3.4543832060113546,-41.477232150062044,11.562116906240904,34.85016256068172,user,squat,heavy
1789072207895,8.972271890479325,-4.966622583173215,3.364301076287031,-41.224207792258916,7.0973037811867865,37.44786450205057,user,squat,heavy
1789072207911,9.391255427441001,-5.520130910436809,3.4048531591668723,-40.07220759627706,3.3772939702619977,41.28691234393422,user,squat,heavy
1789072207927,9.083450291985272,-6.061070848028361,3.5203736815303563,-38.778067748572646,5.814239512108374,43.65432421215234,user,squat,heavy
1789072207945,8.918549068120122,-6.153396957287192,3.693353290171921,-39.55072606824117,10.045036268932693,43.80211584541308,user,squat,heavy
1789072207961,8.988729104283452,-6.329968745201826,3.7879251325309276,-37.29405547213105,10.319671345269736,44.093508790878744,user,squat,heavy
1789072207978,8.776395682635902,-6.523152060699463,4.004152346746623,-32.80344514946862,8.54448042054768,43.34361549171388,user,squat,heavy
1789072207995,8.669552095463871,-6.616225481194257,3.9803582141831515,-29.30060995438426,12.896485714383045,42.89537066705345,user,squat,heavy
1789072208012,8.59308844898641,-6.745064627075195,4.019713196232915,-25.823609949835475,16.10571242138971,42.463702711508645,user,squat,heavy
1789072208028,8.352321544536947,-6.8023752447932955,4.135533286064863,-22.691413262514565,19.694529452840776,40.59359008656998,user,squat,heavy
1789072208045,8.396762743809818,-6.848762317436933,4.187906447380781,-21.222855996617415,20.303695241893998,40.14105590311079,user,squat,heavy
1789072208061,8.142828899273276,-7.175721066173911,4.262575611656904,-19.541849111681604,18.876534045009002,37.95110942500252,user,squat,heavy
1789072208078,7.526769715550541,-7.5990452626883975,4.110543806236982,-14.758756428380885,14.691135848050466,30.474552133074788,user,squat,heavy
1789072208095,7.390601834216714,-7.676708348083496,4.0258492147699,-9.445799013611733,11.26030279964909,24.160796981301285,user,squat,heavy
1789072208111,8.060679023852943,-7.511509018054604,3.8610987975522875,-5.296842437196154,9.985851826000886,22.81747977157278,user,squat,heavy
1789072208128,8.262688035362958,-7.271488548058271,4.267513652580976,-6.374747460401246,7.883906358932713,22.794366411421457,user,squat,heavy
1789072208145,8.18532539421916,-7.154322304314374,4.372858233366906,-8.981051598142908,6.270415893942478,21.926840179276045,user,squat,heavy
1789072208161,7.949795805901289,-7.083543717736005,4.1222158315911885,-8.678434944323616,3.433994572213447,20.32284538477942,user,squat,heavy
1789072208178,7.624783515056968,-6.900687734985351,4.069842962536216,-7.72982070635181,-3.3313265837044,16.067280654477344,user,squat,heavy
1789072208195,7.788785159733891,-6.786063576939702,4.056822737443447,-11.042594788723164,-4.075268653668074,15.370761868581537,user,squat,heavy
1789072208211,8.074893427166343,-6.980892321556806,3.8373058340325947,-12.94395382156734,-4.257871626694249,15.40449617289223,user,squat,heavy
1789072208228,8.099583047264813,-7.502978505596518,3.4515400915399193,-11.453993304132311,-3.0920217280663063,16.041734039434203,user,squat,heavy
1789072208244,7.768286561584472,-7.689726819610596,3.3889921576902267,-9.339281359731737,-3.124568219791652,12.6863327464528,user,squat,heavy
1789072208261,7.005733332824707,-7.959222974938154,3.577385316301882,-9.246006588878751,-2.12871810106733,3.194853427672022,user,squat,heavy
1789072208278,7.2237541524589055,-8.004863028606772,3.4729373920947313,-8.214731694024158,0.007225726492065247,2.303174792847796,user,squat,heavy
1789072208295,8.276604332512617,-7.905802350395917,2.977786268992722,-3.4104709738251,-3.3650124363606686,4.220365350414417,user,squat,heavy
1789072208312,8.200139516991376,-7.8989190206229685,2.992002718132734,-1.7955570547231523,-3.549201293934756,4.912549527508202,user,squat,heavy
1789072208328,7.885900549095869,-8.04466604668498,3.1417902517572043,-3.6453983185354506,-1.5640932562522332,2.5309184860985856,user,squat,heavy
1789072208345,7.963113552635908,-8.278849481090903,3.2830475651845332,-3.7648241761731236,-3.1884708293360564,4.132879164883016,user,squat,heavy
1789072208361,8.370727554321288,-8.330176348224281,3.265390327940881,-4.467703575733503,-4.904227795778188,8.611700581038006,user,squat,heavy
1789072208378,8.207472344097495,-8.312069613647461,3.4096412702262398,-4.212991734318565,-10.654181567418401,9.952314743402477,user,squat,heavy
1789072208395,8.194453872570396,-8.269272089928387,3.4617148640736937,-3.2107487719745222,-14.208472846388698,9.544126416903236,user,squat,heavy
1789072208412,9.390506654900312,-7.999625127953291,3.2610512758232653,-4.062771115034243,-8.395585711735986,19.274254252831554,user,squat,heavy
1789072208428,10.218002603691815,-8.07609052799642,2.989159311400354,-1.5263615837297901,-1.1068641715123007,30.227811549308075,user,squat,heavy
1789072208445,10.050408487480878,-8.53607593743205,2.835182363262027,3.717983165731999,2.881845921691024,33.185119535383514,user,squat,heavy
1789072208461,9.18116540080607,-9.298480697631835,3.305194368932396,10.36906215070539,0.19839935962699004,27.590171784314865,user,squat,heavy
1789072208478,9.54508346862793,-9.591770985522865,3.4540836385428904,15.609109857405596,-6.235453436241652,23.07095150676654,user,squat,heavy
1789072208495,10.217554275402426,-10.44455452030599,3.6002789928942915,16.52187584751859,-6.75843291013989,19.06368805845652,user,squat,heavy
1789072208511,11.975645897454022,-11.310656386345624,3.650856795226037,10.117490915648188,-2.4496413694095494,21.69649375706466,user,squat,heavy
1789072208528,13.412165724503993,-11.59556521486044,3.6905101757004855,5.485993854089078,-2.2688404991071995,35.56247274393859,user,squat,heavy
1789072208545,15.007153527501224,-12.294523046544194,3.3663960027396675,6.18123795593103,-6.191528062802478,45.152492055648786,user,squat,heavy
1789072208561,9.983221203392743,-13.8033195897758,3.9843993062674996,11.009948192037795,-8.722983145637732,7.360682278884825,user,squat,heavy
1789072208578,7.544875865605473,-14.26225753598511,4.635471643443405,9.725918731852296,3.2034908422077377,-36.58343234559917,user,squat,heavy
1789072208595,7.596801283153891,-13.612382591900229,4.538656990593672,21.493237572648834,5.357970922720475,-63.324015682076364,user,squat,heavy
1789072208611,9.574860767254233,-12.025775079235434,4.128350681084394,44.06546061905209,-0.19020433324216476,-74.58347324581567,user,squat,heavy
1789072208628,9.261519040459394,-11.334449349865316,4.486433174620569,44.84642786384593,1.4792715915490777,-79.42988861291157,user,squat,heavy
1789072208645,8.324189090508222,-10.098142298558354,5.928640691918134,35.311507688170224,1.80600425594551,-83.61271012100572,user,squat,heavy
1789072208661,8.200887705010174,-9.377188908165692,6.236145967644453,24.321079323006682,-1.9342160847333465,-80.50084178420207,user,squat,heavy
1789072208678,8.717588104358315,-8.027009978485108,5.513995184160769,15.615958829595826,-7.804389296615424,-68.29448777506721,user,squat,heavy
1789072208695,8.759035967034102,-7.034761858910322,4.448725082994997,13.542672836285027,-9.095054285579591,-58.8632737766544,user,squat,heavy
1789072208711,8.449435180333257,-6.720972388347983,3.96180373583883,16.142709848576377,-13.735696543550524,-52.47538716672416,user,squat,heavy
1789072208728,7.574654333275556,-6.256197406548261,3.3165669729486105,22.81412273359572,-17.751883634011165,-50.01628342399321,user,squat,heavy
1789072208745,7.139956509831547,-5.843496895378828,3.0445255170524117,29.532805650313428,-20.241899105378305,-49.28830137168574,user,squat,heavy
1789072208761,7.039848368394375,-5.61230679756999,2.917631952281296,35.22381147432185,-24.836119982655248,-48.70571355624033,user,squat,heavy
1789072208778,7.240812254765629,-5.187485640496015,3.380312299889326,30.39866531630136,-27.31361913236834,-44.821627446969615,user,squat,heavy
1789072208795,6.951712404301762,-4.829253801617026,3.8184509114369747,18.224898139696645,-23.772939566640233,-43.41666094979258,user,squat,heavy
1789072208811,6.728304630932212,-4.620958549444377,3.844937351824343,7.566784090863606,-21.852882890943146,-43.06655911331607,user,squat,heavy
1789072208828,6.5827054889082905,-4.12730351011902,2.9469615071400996,5.567022949533879,-22.1990351705321,-42.04424713419982,user,squat,heavy
1789072208845,6.804172065082192,-3.759346103778481,2.112133900286257,8.776025540958404,-23.450544392531878,-41.17472990191135,user,squat,heavy
1789072208861,6.63986880711019,-3.7041289512082933,1.731156561113894,15.509617906860605,-21.202932334808487,-42.561326605315635,user,squat,heavy
1789072208878,6.341340618565678,-4.0605648465812205,1.2744623021781445,24.714756058840585,-19.04866676492437,-49.407273021743606,user,squat,heavy
1789072208895,6.142623049816489,-4.672134902191162,1.7966975392997264,31.387318123187782,-22.809085469082838,-60.19440934399818,user,squat,heavy
1789072208911,6.32742432141602,-5.00268349211365,2.181265596440434,26.262697198366205,-20.409510240063128,-67.46134813029823,user,squat,heavy
1789072208928,6.045210138812661,-5.146037777820229,2.45181155308187,19.99504753103758,-17.48526207711784,-73.05377041892127,user,squat,heavy
1789072208945,5.591207310917973,-4.7224128447934985,2.0880413692981,16.355489024242495,-14.76547904207147,-82.19148435850947,user,squat,heavy
1789072208961,5.270085013249516,-4.272153295080363,1.9476810047104953,18.016770322855308,-17.017237024621057,-88.94326978703964,user,squat,heavy
1789072208978,5.1050370743900535,-3.211223268945515,1.7553981451839207,20.747406528492828,-21.996958901295397,-96.34260496021122,user,squat,heavy
1789072208995,5.850680084881186,-1.993322227422893,1.7441747403800487,18.87432277126521,-20.563669317177606,-93.1422378623317,user,squat,heavy
1789072209012,6.521805906787514,-1.5370774658203123,1.6566373267024754,15.664552210445882,-15.719325204947506,-81.18139500291296,user,squat,heavy
1789072209028,6.561608340343833,-1.021276499529928,1.4167672249622643,13.293622794805204,-11.870585324631605,-72.14794390100501,user,squat,heavy
1789072209045,5.013457691845297,-1.0063125930234789,1.2298704423882068,15.335970592496786,-7.438253591062306,-71.73525704116366,user,squat,heavy
1789072209061,4.87758791667521,-0.9178773537233471,1.0752943593129516,24.485171202721652,-12.6194822699513,-73.57065864474032,user,squat,heavy
1789072209078,4.327521254298091,-0.9843165959231555,1.0423746710076927,31.784135038492597,-15.775459114641256,-77.780418418921,user,squat,heavy
1789072209095,5.453990797314048,-0.6690297264099121,1.3917778912648557,35.45551881172536,-17.1535932136639,-71.95125494347616,user,squat,heavy
1789072209111,5.926397296905518,-0.5503671066284179,1.712452152904868,31.021513681809406,-17.653588674118218,-64.36630254942031,user,squat,heavy
1789072209128,6.198139769855142,-0.26665442909561093,2.3799849187552926,24.813607679150884,-20.02951266558947,-58.10159840117126,user,squat,heavy
1789072209145,5.659143952068686,-0.004339344378560781,2.836978452898562,16.799202018388616,-29.79502344273939,-58.431954160757265,user,squat,heavy
1789072209161,5.437978989189863,0.262015590313822,2.8504453988455234,14.80476458263009,-35.84035899032056,-57.57508643881165,user,squat,heavy
1789072209178,6.822575736778974,1.0787373393736779,2.0025988820731637,14.566773471190167,-33.680902476667235,-50.9128550355841,user,squat,heavy
1789072209194,7.9096946816593405,1.7690157881805673,1.4218557802729308,16.497941157119573,-30.866963576364945,-38.67140409939914,user,squat,heavy
1789072209211,7.988851805004477,1.9050362238677216,1.4701885801568626,15.429206089762044,-32.040984302230925,-31.069775798484716,user,squat,heavy
1789072209228,8.346337209430336,2.0573674140930174,1.7902628300771115,17.073654387165362,-37.170746651950225,-25.47557424558289,user,squat,heavy
1789072209244,8.390777824181317,2.057965854910202,1.3235434362113474,22.686159139495533,-36.583387949369566,-19.23371878765482,user,squat,heavy
1789072209262,8.865728163036703,2.0099321932364718,1.1688180077932775,26.433031870982568,-36.14809999356466,-12.60796400968972,user,squat,heavy
1789072209278,8.956109275707602,1.8216881242393048,1.5367768754385411,24.49505960909254,-34.561143105952624,-7.375114468601062,user,squat,heavy
1789072209294,9.018658963122963,1.7049707841735333,1.8406912870660423,19.09486104182846,-33.855714338284535,-2.204798724458456,user,squat,heavy
1789072209311,8.889819817242026,1.2699742152449673,1.8251292685359715,14.217134380029922,-31.645164594544934,0.5092359059885548,user,squat,heavy
1789072209328,9.556753448155522,0.9626187141197268,1.2050305270988493,13.222045827398055,-30.540214156660703,6.2132369653057165,user,squat,heavy
1789072209344,10.019433503502606,0.7634510726486332,0.9199714033931493,15.022995956801168,-28.964687590624692,13.455598169651118,user,squat,heavy
1789072209361,10.040831680840252,0.3259107192550786,0.5169971903376281,16.061893342769494,-24.19974442749599,16.841450153499732,user,squat,heavy
1789072209378,8.730006271904706,0.06120160640780813,0.766891404094547,16.731052098397523,-25.240211049426126,9.493198818904329,user,squat,heavy
1789072209394,8.495223702561855,0.00613524221885018,0.7573146705191582,18.156358898922857,-26.99988463812756,2.1695752254652887,user,squat,heavy
1789072209411,9.263165054100751,0.005386771072261035,0.4782410509638488,18.912565000428113,-25.619003095511278,3.436985981626501,user,squat,heavy
1789072209428,10.473732683995365,0.27847565366216004,0.13856354429870843,19.654799949986106,-22.689015866115888,9.515285089359212,user,squat,heavy
1789072209445,10.257058602795004,0.3315968203337863,0.12778985602371393,17.623161888913106,-18.866080440484296,9.233023253040203,user,squat,heavy
1789072209461,9.488070372551679,0.3779845322982408,0.36496538491770625,13.652229924345678,-16.09998018512878,7.3276446538694735,user,squat,heavy
1789072209478,10.019582556584476,0.4929062667846679,0.07347056560870259,11.886116321030569,-12.340259867812948,7.552788179480603,user,squat,heavy
1789072209494,10.069713491931557,0.48332931401357054,-0.025289303024671972,11.727409191702506,-11.436200661344428,9.273808020121642,user,squat,heavy
1789072209512,10.219798254936933,0.3757399682418443,-0.024691337131522596,12.755175076871005,-8.975286918483418,8.086628081045983,user,squat,heavy
1789072209528,10.065521885460615,0.17926570317372678,0.1571188994258642,12.443025186517668,-5.3040273693161835,7.73300272073139,user,squat,heavy
1789072209544,10.307188953620194,0.04414302004389464,0.03351783686149865,15.284971277511593,-2.506439515000083,7.039372251080854,user,squat,heavy
1789072209561,10.17056865234375,-0.11567001383677124,0.08648936592936515,17.941542619336786,-3.548119776168367,4.504190446279711,user,squat,heavy
1789072209578,10.015393288201093,-0.3063080652983859,0.5916665738094598,15.955887099303604,-3.454751090214293,2.6698549925438115,user,squat,heavy
1789072209594,10.029608860558271,-0.370801909051463,0.759858802044019,11.73414546577143,-2.2762508274698403,1.6020462695924667,user,squat,heavy
1789072209611,10.16398225969076,-0.2877530754974112,0.856225053539127,7.27928093813026,-2.209585192962754,1.914958152925084,user,squat,heavy
1789072209628,9.80021441399455,-0.14305347612909972,0.6438892207387834,5.536742159622273,-0.24916658158253455,-0.11360621629970474,user,squat,heavy
1789072209644,9.654469141498208,-0.08768756273798645,0.4950000241935253,7.1060280671910085,-0.24165609489901793,-1.0695855326309,user,squat,heavy
1789072209661,9.783604639977217,-0.02962835514228791,0.2060499209312722,11.142844036492379,-1.750780148793547,-0.20053011184376957,user,squat,heavy
1789072209677,9.834483178821205,0.11701646000966429,0.380227616783604,12.483496618670932,-4.896501571166434,-0.132201259572719,user,squat,heavy
1789072209694,9.718513451385498,0.18255784005429596,0.6177027862112969,9.774063027764424,-5.270483029641782,0.17194675734304468,user,squat,heavy
1789072209711,9.913042336273193,0.24794947289731353,0.8298889448752627,4.956688771245763,-5.895331786802997,3.785773220131199,user,squat,heavy
1789072209728,10.076146739849447,0.3904046178070828,0.8943834096828475,1.3596968571318395,-6.454066874119428,5.90384049496154,user,squat,heavy
1789072209744,9.855431274303793,0.4340985058439895,0.7299316831508651,-0.7248905379343921,-7.189979629826928,4.864157637238662,user,squat,heavy
1789072209762,9.990554030498862,0.5494692079406231,0.3296511661587283,0.03658406066964196,-5.70874766726435,7.269583777056134,user,squat,heavy
1789072209777,10.507104207721351,0.6256347847869619,-0.19168704905789344,1.3350001737535429,-2.2156143290091714,11.911108836977292,user,squat,heavy
1789072209794,10.561871570697425,0.6281787336487322,-0.19497816302515567,1.071843977368647,1.0749137205137447,14.181333089721653,user,squat,heavy
1789072209811,9.902716757091879,0.505026912689209,-0.0023950419103726745,-0.27908497126173243,2.769978308700205,12.709373535844191,user,squat,heavy
1789072209827,10.089913399395346,0.3987842140197754,-0.04444361042566597,-1.0005805583330842,6.767892722140357,13.658961075772725,user,squat,heavy
1789072209844,10.235510787853597,0.36481636836845427,-0.18300828723553567,0.24435089801127885,8.836616149085588,13.76783856001096,user,squat,heavy
1789072209861,9.944165204289554,0.2986768397675827,0.07227390317004173,-0.48961213217287347,9.380240296637012,12.454575036404158,user,squat,heavy
1789072209877,9.891643574413656,0.32411519587412474,0.30002204383146014,-3.695493914116086,11.598420215453169,12.353332849884351,user,squat,heavy
1789072209894,10.039036614117025,0.43903680249638855,0.24570352060142903,-3.222952612474043,12.012611424459205,14.861945218814146,user,squat,heavy
1789072209911,9.99788627308309,0.7251437547545879,0.03995188849698752,-1.7047642038598192,13.391975811306096,18.603934365044623,user,squat,heavy
1789072209927,9.624688920262455,0.8231565313477068,0.31423575302511453,-1.1200779195136308,13.572685541271708,22.09661136128588,user,squat,heavy
1789072209945,9.321974385944008,0.8707410701476037,0.4944020583003759,-2.457952642412397,13.913376230845591,22.830530555529382,user,squat,heavy
1789072209961,8.9192984251827,0.8672996244568377,0.7353185272883623,-3.3394376467872022,12.903519101680866,26.28190198276499,user,squat,heavy
1789072209978,8.991870909440516,0.7941268362183124,0.6625946518611162,-4.621235982991634,11.818319009555376,34.60151635413657,user,squat,heavy
1789072209994,8.530539346092938,0.7125741960387677,0.7278356972523033,-7.334099182635136,11.081148645266946,38.653751475489244,user,squat,heavy
1789072210011,7.660995815166831,0.440383394799754,0.6618462446466088,-9.742499016062501,10.904671071265804,40.69204043326655,user,squat,heavy
1789072210027,7.0911752355277535,0.25752631607055665,0.346260172991082,-10.812805026929132,11.388297129600543,44.11284847151364,user,squat,heavy
1789072210044,6.835444570702314,0.08798691101074219,0.12763992615900932,-8.559074827256705,11.441119251320483,45.36342195759712,user,squat,heavy
1789072210061,6.373064375084638,-0.2955341212950647,-0.441581153216958,-4.1222607820445845,10.460878676170578,45.73611805984804,user,squat,heavy
1789072210078,5.831525887078047,-0.8623612182065844,-0.19946816792078315,-5.020380285256132,11.92787951271061,44.19469804343249,user,squat,heavy
1789072210094,5.7139113150447605,-1.038784245300293,0.14200520918518303,-11.468442569321473,15.04742583591501,44.041138315417676,user,squat,heavy
1789072210111,5.767780852398276,-1.1350012245178223,0.3494025626700371,-12.798432372431988,13.981400646110686,43.58237158434084,user,squat,heavy
1789072210127,5.754763549914956,-0.9528925530031322,-0.09008278731144964,-6.6937727899278485,12.729603702392122,41.26701941797656,user,squat,heavy
1789072210144,5.79067482125163,-0.7625530826292931,-0.1942311440501362,-1.171863133140198,12.895362148264578,40.553800819560074,user,squat,heavy
1789072210161,6.1188324243843555,-0.7392102009646594,0.3591298836972564,2.0089229863276534,11.863563036391186,38.62643413390378,user,squat,heavy
1789072210177,6.139929572948813,-0.8343791324339807,0.8342289833735674,0.06233670863589985,11.983737653516622,38.05643435709871,user,squat,heavy
1789072210194,6.917295755437016,-1.3061860586971044,1.5417153547540305,-9.275401161745547,11.426577778577526,44.97268049555903,user,squat,heavy
1789072210211,7.736412582939863,-1.5260045754030347,1.9892810622733086,-17.073207009774727,10.190696883172384,51.813886760703014,user,squat,heavy
1789072210227,7.684190812793374,-1.721281063787639,2.160466334844008,-25.390943079124554,8.750537836296855,55.83772537058136,user,squat,heavy
1789072210245,7.3261068579524755,-2.0204066337034106,1.6714507188223302,-23.188338552936965,6.620990721019015,55.594714070101475,user,squat,heavy
1789072210261,7.45644237987101,-2.4533085136413573,0.231937701305747,-14.29664461215804,7.238528614447378,57.591472062630515,user,squat,heavy
1789072210277,7.6165534468501805,-2.69437469329834,-0.12045958620086311,-10.670507427082025,11.631481746130616,60.35170860058358,user,squat,heavy
1789072210294,7.350199096679687,-3.3675939803525803,0.39623964410349727,-11.222967278098507,15.86638600796705,56.0223009876172,user,squat,heavy
1789072210311,6.785016698235273,-4.096777731212973,0.4050676782034337,-7.768818525191644,15.737703536456717,49.05555584552838,user,squat,heavy
1789072210327,6.958148574829101,-4.272603084674477,0.46656902560964225,-2.688706101209635,15.475793102543408,46.00843428696186,user,squat,heavy
1789072210345,7.788636106652021,-4.354752960094809,0.7148172257252037,-2.1932166446168186,16.32920474876899,44.929653718882534,user,squat,heavy
1789072210361,7.80838768582642,-4.248510261425376,1.1348510023921727,-2.458567145994287,18.340770591418618,40.53793087502355,user,squat,heavy
1789072210377,7.862855773594975,-4.285171182085573,1.169117283000797,-3.377982965594523,22.51155389110062,38.0292399589183,user,squat,heavy
1789072210394,9.08405059596598,-4.410867938287556,1.4787183619625865,-6.685597907264989,25.173582554072652,46.023631457865136,user,squat,heavy
1789072210411,9.62109995585978,-4.762067102050781,2.055870015142113,-13.25978176878873,29.15675251008545,51.40402759917806,user,squat,heavy
1789072210427,9.25777985393107,-4.928763684900105,2.28301945925802,-15.70271076979145,32.61714149457276,50.44877783242759,user,squat,heavy
1789072210445,8.741230261230468,-5.438129795837402,2.143258960259706,-9.254551155530438,29.24285387476263,48.930952704499845,user,squat,heavy
1789072210461,9.007582857835292,-5.872376952904462,2.1270969300098717,-8.04414771950309,29.28788189686594,50.24877964824586,user,squat,heavy
1789072210477,9.09841580592692,-6.052392451532184,2.4404386568047105,-10.945503649671432,31.125797010057163,51.55681210072208,user,squat,heavy
1789072210494,8.874106115281581,-6.357651701897383,2.6201525421373546,-9.127551471876867,30.735284359356267,49.33241073334568,user,squat,heavy
1789072210512,8.49761965778768,-6.675033643993735,2.3633754369989037,-4.319039385806298,32.080015418242965,45.12594652543953,user,squat,heavy
1789072210527,8.511537123981118,-6.815693576049804,2.4931116778500377,-0.5762241602122185,32.10028741969956,43.60355200095705,user,squat,heavy
1789072210544,8.731054319652914,-7.078157933044433,2.7887952906183897,3.447551217055453,29.297761765500365,39.152358699994764,user,squat,heavy
1789072210561,8.269124205890298,-7.209989246478677,3.2939718409113583,3.861598138315272,26.956239729331177,33.216155914972056,user,squat,heavy
1789072210577,8.295159979900717,-7.153125788006186,3.3663962950006123,3.1213923952710076,24.837380152557117,28.440376656725128,user,squat,heavy
1789072210594,8.43462222660482,-6.778882725524902,3.5098986108757555,-4.639560099874309,25.709738743540314,27.375596268897038,user,squat,heavy
1789072210611,8.85525294625163,-6.489033517998457,3.519774838854372,-9.842546773251202,27.774578354168746,26.862094109359017,user,squat,heavy
1789072210627,8.479514676776528,-6.5042983071476215,3.2131673887506125,-8.563813270993402,31.845535024036426,21.568608710139923,user,squat,heavy
1789072210644,7.593660062518715,-6.615927375030517,2.609529295183718,-0.5633699576376661,32.877340966098984,9.152917940680647,user,squat,heavy
1789072210661,7.056309089329838,-6.412568702477216,2.7837074659600853,-1.7371217981659315,35.32912274603969,1.459237792939784,user,squat,heavy
1789072210677,7.4652680758833885,-6.170155784386396,3.100939039800316,-5.516637497800341,30.550094025295127,3.1108800938081234,user,squat,heavy
1789072210694,8.930221970257163,-5.811624670299888,3.2113714452445503,-10.766573183984608,23.234539660030222,12.665972806310638,user,squat,heavy
1789072210711,9.25762846276164,-5.885844337242841,3.0059190152823922,-12.064280097983058,23.285434814630573,19.528895657920675,user,squat,heavy
1789072210727,9.179666686680912,-6.0505947544604535,2.829944608739018,-8.046922483853407,20.587346167935458,25.750267378527877,user,squat,heavy
1789072210745,8.575580849346519,-6.460154629516601,2.9197277555167673,-0.9634343610885584,15.402412965195376,27.056698151643726,user,squat,heavy
1789072210761,7.730426494267583,-7.020845561760663,3.495233687315881,-2.913980681075465,13.522926759394519,25.465894159981687,user,squat,heavy
1789072210778,7.64842625645101,-7.230787704357504,3.9318767996087667,-8.652451197173596,10.209298903376915,24.40577196116755,user,squat,heavy
1789072210794,7.859115418022871,-7.660695955437421,4.287414869359135,-13.335815434629312,5.386285471924763,24.668910121584165,user,squat,heavy
1789072210811,8.37581464832723,-7.9176243056148286,3.940555780626833,-14.131795435218843,5.087613252351153,27.74776644658186,user,squat,heavy
1789072210827,8.52365601631999,-8.039129455345869,3.7749066610038278,-10.885683145373168,4.976734949572927,30.310385121278944,user,squat,heavy
1789072210844,8.373270224541425,-8.24892137581706,3.73869406863302,-10.180177538076919,4.369419714897958,31.13488116165328,user,squat,heavy
1789072210860,8.135196796959638,-8.496721247643231,4.168154283684492,-14.501032900428793,6.886047737705584,28.379739944821047,user,squat,heavy
1789072210877,8.397062603539228,-8.611343652123212,4.146007333806157,-11.301325769577831,6.964007943778934,27.300151706872366,user,squat,heavy
1789072210894,8.965386222618818,-8.978404694145917,3.5181276561692356,-2.0584397233761305,3.607898872444788,24.113342534495327,user,squat,heavy
1789072210911,8.779536318749189,-9.323917921227217,4.045450864079594,4.440139493564271,1.6331090094423326,16.4856809675594,user,squat,heavy
1789072210927,8.968679418945312,-9.409661437225342,4.491072817119956,3.314767003505116,0.4260178416364715,13.890021252752378,user,squat,heavy
1789072210944,9.580396774071454,-9.507972173851728,5.005825881792605,3.1543209507030507,-1.8152845620368532,10.90589026003265,user,squat,heavy
1789072210961,9.247902018517255,-9.872638429692387,5.025278770281374,5.56293294688151,-5.724509182547801,2.7736032181587778,user,squat,heavy
1789072210978,9.133131145477295,-10.120440055084227,5.116856691521406,4.259777676359506,-6.324837133701847,-2.8779292350888452,user,squat,heavy
1789072210994,9.120410780113936,-10.40729417244792,5.32200896949321,1.059816334405372,-10.4568309353137,-7.389663625306835,user,squat,heavy
1789072211010,8.663268485149741,-10.498872970470785,4.978591253386438,-5.610918440895435,-10.519579883218608,-18.160579955829924,user,squat,heavy
1789072211027,8.725368675231934,-10.39337904434204,4.703857489666342,-9.228055997966312,-9.247442636151746,-23.237987198013787,user,squat,heavy
1789072211044,10.005967288208007,-10.010306778717041,3.8676825598567723,-6.361584832096986,-11.837454638288813,-22.673106647991638,user,squat,heavy
1789072211060,10.563068087005615,-9.961225644683838,3.1141072950616477,1.0976039291016444,-10.282264106732868,-20.825736845441828,user,squat,heavy
1789072211077,10.48345971276164,-10.037838928765058,3.0279155969046054,8.019220090353482,-11.230521467320541,-21.35964248757797,user,squat,heavy
1789072211094,10.546308090862631,-10.146177138409017,3.53563657098338,10.894969641323447,-10.677712422882742,-22.790053146960595,user,squat,heavy
1789072211110,10.899003922924399,-10.294617641338705,4.491970058220625,10.623563536916528,-11.354433905469266,-23.904553896851795,user,squat,heavy
1789072211127,11.05178216279745,-10.352675862553715,4.584744495768845,17.16337575210265,-15.999123904297077,-26.5293033873339,user,squat,heavy
1789072211144,10.942547881096601,-10.269478523907065,4.706849949480593,23.788252850759402,-18.750207988762323,-30.038717762136272,user,squat,heavy
1789072211160,11.342229336217045,-9.931147317284346,5.713311449455469,17.860828566367452,-20.134649767483474,-30.07216178340724,user,squat,heavy
1789072211177,11.611579361072183,-9.805452899169921,5.9826597207449375,8.145895340021477,-19.478854276966576,-27.177305632007812,user,squat,heavy
1789072211194,11.436052698296308,-9.408314114269613,5.563674430217594,2.8974992211648125,-19.00559729956556,-26.07999817580483,user,squat,heavy
1789072211211,10.517279564777017,-8.914061693572998,4.306568921031802,3.0888232785440364,-20.630811784266125,-28.53649961646201,user,squat,heavy
1789072211227,10.210073564258217,-8.585906428527831,4.087350269915163,0.20755193317672613,-18.402693086433953,-28.27793939033659,user,squat,heavy
1789072211244,9.526528990283607,-7.926304455676674,3.466204138316959,0.13305852835483495,-12.137480089091731,-29.085462410623443,user,squat,heavy
1789072211260,9.10425050342977,-7.574954777526855,2.7709873928576707,10.026090177948724,-6.846881298570616,-28.748027159962717,user,squat,heavy
1789072211277,8.882935318425297,-6.579414630669355,1.4915858807116746,23.366276933646844,-2.655468479717649,-21.922427877072217,user,squat,heavy
1789072211294,8.422651218304038,-5.875669564709067,2.2523446272701024,19.983690633995145,-3.1228730522170194,-18.77760046242866,user,squat,heavy
1789072211310,7.838765288433432,-5.6112605033874505,2.985717500383407,9.55935176233684,-9.938703030160287,-18.64216805647106,user,squat,heavy
1789072211327,7.253232760399579,-5.287593781933188,3.491190257143974,-5.342764787193911,-13.9154124809919,-18.575537853570296,user,squat,heavy
1789072211344,6.952762205615639,-5.195417602539062,2.9891596036612986,-8.78313320656345,-21.699148993104497,-20.44350409156228,user,squat,heavy
1789072211361,4.814439094322919,-5.383361263817548,2.2541399862542746,-2.9813459830856543,-31.914014500654975,-37.22672688238765,user,squat,heavy
1789072211377,4.463839357757568,-5.222352955737709,1.6810275254629552,5.906818030552842,-35.36569157885594,-48.38289832549802,user,squat,heavy
1789072211394,4.213793168309331,-4.7849604863822455,0.825250215691328,12.703684842039218,-38.40882772204176,-58.91764891263687,user,squat,heavy
1789072211411,4.087947943547368,-4.452765006035566,0.8661008431263267,9.847165688677423,-42.13026653660696,-65.05932086336648,user,squat,heavy
1789072211427,4.324078420367837,-3.868431332397461,1.3515256681144237,-6.571426599533171,-40.90337331637591,-65.46608594919742,user,squat,heavy
1789072211445,4.92906208332479,-3.1383488791316747,0.8970767038874328,-17.200774452903055,-34.772100328657636,-60.970189060117406,user,squat,heavy
1789072211461,4.944024674656987,-2.8390730870902536,0.4884165541499853,-15.752656528097168,-31.259310132857987,-60.949138417095426,user,squat,heavy
1789072211477,4.310757751023769,-2.619106101824343,-0.61231882815063,0.5969384164175746,-29.408270811176585,-62.15166152236787,user,squat,heavy
1789072211494,4.462191590550542,-2.446723874554038,-0.6820489285893738,12.470495353585811,-30.080238482100782,-64.12148807899955,user,squat,heavy
1789072211511,4.175037613457441,-2.503886023712158,0.005684767638146877,8.871689170473603,-24.911258893714557,-64.76924955950521,user,squat,heavy
1789072211527,4.976197928509116,-2.3198317710876464,1.5858578633412719,-3.510862374906417,-23.78387299195413,-57.517043491244884,user,squat,heavy
1789072211545,5.348794977349042,-2.0489874160215256,1.9394513748951254,-10.81197857403956,-26.3353567507568,-55.02798253881426,user,squat,heavy
1789072211560,5.079299406543374,-1.7577929313659666,1.787719502269849,-17.366497040282365,-21.961856851603407,-52.32793704292193,user,squat,heavy
1789072211577,5.464313453885913,-1.2150567580074072,0.9344851549793034,-19.02240981020755,-19.371975476834216,-44.005986746854205,user,squat,heavy
1789072211594,5.382914104571938,-0.9569324760437011,-0.08424721302576363,-12.072052853258533,-19.288618140656087,-43.900262248691575,user,squat,heavy
1789072211610,4.525638519066572,-1.1159966643184422,-0.21981866283640264,-3.2182498137870774,-16.79015372528564,-50.06817578621238,user,squat,heavy
1789072211628,5.029318108800053,-1.3025950484678148,-0.24929690545089542,5.163896646983264,-15.30357159016883,-44.36767599925764,user,squat,heavy
1789072211644,6.572232025688886,-1.0193310645505784,0.6542148729853332,1.8384418915309584,-14.280714049692632,-36.10647340566801,user,squat,heavy
1789072211661,6.54439884686768,-0.9548369650691747,1.0257643855337053,-3.0501016554787648,-12.671585514261096,-33.78185608769461,user,squat,heavy
1789072211678,6.542154867333173,-1.1507128806516527,0.6741158705677837,-0.042089740089414365,-13.796961632858247,-28.956276212661823,user,squat,heavy
1789072211695,7.247548285022377,-1.6400278449460863,0.1581659242607653,3.6055731930323986,-11.220522924149288,-26.46897574148976,user,squat,heavy
1789072211711,7.2034022693037985,-1.824680647985637,0.3037638241756707,5.131162111612331,-10.548846390038465,-25.151700335519223,user,squat,heavy
1789072211728,7.5149495138972995,-1.9991580939695237,0.768089162511751,8.891860426639944,-14.371191004306851,-26.332127778826678,user,squat,heavy
1789072211745,8.060977130016685,-1.7006315128602087,0.6018409079518169,9.9525145264357,-16.357946184796404,-25.888858746976606,user,squat,heavy
1789072211761,8.1006322640568,-1.7268183857791124,0.9998781029965728,8.570949111128773,-17.289563497018634,-29.966997360756555,user,squat,heavy
1789072211778,8.345736320927738,-1.5126860980160532,0.9786286134146154,9.289924705241933,-18.363957376103517,-29.425619491668417,user,squat,heavy
1789072211795,9.352796809709071,-0.94511052082479,0.7031464424800127,11.093197098962849,-20.75778329338937,-25.489139001274534,user,squat,heavy
1789072211812,9.452606260460614,-0.7023986197873949,0.6402984662378206,9.40059852923188,-20.911805766720448,-21.192541909533606,user,squat,heavy
1789072211828,9.688284901860357,-0.25228870767802,0.645385889037326,5.490335719967091,-21.4047558870459,-16.791265338573062,user,squat,heavy
1789072211845,9.815925777867436,0.14634601486846804,0.2054517723750323,4.635324955702078,-20.577119667200655,-11.280003626536345,user,squat,heavy
1789072211861,10.169370382469891,0.2855088402345776,-0.10594389838594942,2.8381414621828167,-19.12451430811007,-4.823150035235551,user,squat,heavy
1789072211878,10.1380961232841,0.25977102625742554,-0.07631660268958658,-2.690759853715693,-15.602774856950408,3.8670477754992962,user,squat,heavy
1789072211895,10.069861960491538,0.04474178965464234,-0.06599071298101916,-6.325815985187275,-14.197631628628596,8.326180744484903,user,squat,heavy
1789072211911,9.951199340710044,-0.17477672119140625,-0.04324619906833395,-9.0571629573853,-11.443382605256696,12.109833190878811,user,squat,heavy
1789072211928,10.679634611290693,-0.5970540390014648,-0.39489411124605683,-8.702554049830225,-8.496339539730137,19.757462815853273,user,squat,heavy
1789072211945,10.341152598020434,-1.2217903040461242,-0.5153532225228846,-6.677926324166595,-6.194383508762366,19.283264979894092,user,squat,heavy
1789072211961,9.92770623691976,-1.5982792457580566,-0.49829396943869064,-4.089898491983417,-5.587953637358559,14.768265759252834,user,squat,heavy
1789072211977,9.849445185631513,-2.2334907275877893,-0.14185719728292898,-5.026530443716906,-3.3491787772041097,9.288264115499974,user,squat,heavy
1789072211995,10.363749629753828,-2.559700996045023,0.09890941490558906,-6.603307361257852,1.5186283154854547,4.303354283264187,user,squat,heavy
1789072212011,10.562916695836186,-2.614917125701904,0.016458565510995685,-3.9477114558235002,3.4052042576447854,1.1537174549495899,user,squat,heavy
1789072212028,10.594640452355145,-2.6159645889282226,0.0188532055625692,3.0324500987859246,2.494305897382967,-5.444219563351634,user,squat,heavy
1789072212045,10.218601154106855,-2.510320148412883,0.2171233593378216,5.086664709830167,2.3091556906832,-10.537694398671128,user,squat,heavy
1789072212062,10.229225423973798,-2.3567921130858362,0.43978394933557136,2.5745621142344977,3.636858874525642,-12.747722486712874,user,squat,heavy
1789072212078,10.051607341876625,-2.3072623585022987,0.7736256807856261,-2.7715345246139105,3.4543327411276294,-16.008242206839046,user,squat,heavy
1789072212095,9.847949394115805,-2.1018096362791954,0.5587462644496932,-4.704568132847198,2.7634102280395916,-16.550077698601573,user,squat,heavy
1789072212111,9.85767466931641,-1.92987573729828,0.3238151900142431,-4.913111737454259,2.554062368657762,-16.156651972219667,user,squat,heavy
1789072212127,9.704895844921468,-1.661127039337158,0.04309457043688744,-6.123758925857611,2.9433139956831424,-16.25426220564832,user,squat,heavy
1789072212145,9.930698404473066,-1.3326722068235277,-0.07377228850163518,-6.998746285897618,1.9226316570141817,-12.540645665230073,user,squat,heavy
1789072212161,10.011354826465249,-1.2003928573608398,-0.11387523937448858,-6.818140289430025,2.985908976338046,-8.60780481189016,user,squat,heavy
1789072212178,9.858573079460859,-1.2713207892820237,-0.17777038658205419,-6.82595274518005,4.6559534076559865,-6.571932033531753,user,squat,heavy
1789072212195,9.448566045159101,-1.5670049865722655,0.02947789555462077,-7.741963928922447,5.42536696058193,-6.850667784691741,user,squat,heavy
1789072212211,9.449464455303549,-1.694496224975586,0.19407847423907368,-10.844549184870413,3.746193127664621,-5.860131126254867,user,squat,heavy
1789072212228,9.61601052376628,-1.8510168662473558,0.7529753992058337,-16.872336268926528,2.9169387933163153,-4.48122478896919,user,squat,heavy
1789072212245,9.559747369274497,-1.8867802535459397,0.8201631034190766,-20.939560240412796,1.0407780358676078,-4.453588562926849,user,squat,heavy
1789072212261,9.427916055840253,-1.9460365985043346,0.48706990704769265,-21.002980254403656,0.35450480053108596,-5.0935875334407985,user,squat,heavy
1789072212278,9.881467632836102,-1.6683094981871545,-0.21652685474939642,-14.866565841787658,0.20929183048629432,-1.3694941231659883,user,squat,heavy
1789072212295,9.840317291802167,-1.5117885646544396,-0.23313595291329547,-11.641497364774793,2.4900509029734605,-1.502207686947098,user,squat,heavy
1789072212311,9.688135848778487,-1.4633062732972204,-0.013318824446853249,-9.75750238034808,2.566028006309978,-0.9432575553935176,user,squat,heavy
1789072212328,9.840468682971595,-1.668459428051859,0.4718069445294328,-9.44898358931225,2.88708275579372,0.0016030600724365376,user,squat,heavy
1789072212345,9.849744460839032,-1.868225190679729,0.9204203527370467,-12.60634696240372,3.594343081376428,1.78126616454537,user,squat,heavy
1789072212361,9.842412218254804,-1.944690006200969,1.0516524033701977,-12.174391285140127,1.0730479049315675,2.5074017178994086,user,squat,heavy
1789072212377,9.543436870464681,-2.070834652300924,0.7945747078499756,-9.451017278137622,1.3338938965514124,1.3300933231651233,user,squat,heavy
1789072212395,9.452906120190024,-2.0242972114011644,0.7802098084162921,-3.5895901234877456,-1.1578214381454155,0.5007436329727017,user,squat,heavy
1789072212411,9.426270626720786,-2.0210051841184495,0.7757203880425542,-1.128829526274533,-0.036606742367173824,0.5158370170171077,user,squat,heavy
1789072212428,9.383772962731122,-2.0669442207336424,1.018282468813099,-2.371640609088004,0.4262174112262828,1.5054059230259562,user,squat,heavy
1789072212445,9.192237414440513,-2.091634571484476,1.1777969398722983,-2.562543329172802,-1.764654717597076,0.3852582341971708,user,squat,heavy
1789072212461,9.07926102360189,-2.0694877677366135,1.112405087833572,-0.6209802554091964,-5.60931590776142,-1.1990804764873468,user,squat,heavy
1789072212478,9.181763951221107,-1.8186958744876085,0.7314275294655003,1.1761540927645528,-3.4967366899291843,-1.0127706317325589,user,squat,heavy
1789072212495,9.652073770794273,-1.5777787479124963,0.2680000715509057,3.0769018236780137,-1.0561097828418764,1.9485660987361317,user,squat,heavy
1789072212511,9.803506441277264,-1.4700398193359374,0.11551913412399589,3.8871784774174394,0.3723918653481593,5.04692069282351,user,squat,heavy
1789072212528,9.643394205254316,-1.547552098083496,0.15532322991443798,4.168123367887104,0.6719829321281212,4.7866670066707515,user,squat,heavy
1789072212545,9.460237778252363,-1.8396444083616137,0.02483934903377667,8.443067479298623,1.4465072808222323,3.1626053298360413,user,squat,heavy
1789072212561,9.44332814450562,-2.0272901096068323,0.013615962496213614,25.407880240718892,-6.575678819178328,1.8544390483407744,user,squat,heavy
1789072212578,8.898347991612553,-3.3580171737119553,-0.5841864106545225,42.604227023492484,-15.848234780247742,-8.791705093971816,user,squat,heavy
1789072212595,8.484449795091152,-3.614944939367473,1.6897064699484035,17.195885745004617,-4.189689263304596,-19.572135878008734,user,squat,heavy
1789072212611,9.212289437866211,-3.3973721557617185,2.5354583799285346,-7.191388356343243,-4.475645805077758,-14.47345088901299,user,squat,heavy
1789072212628,10.391133895763755,-1.9868882488526403,1.6763892529367468,-22.805707940538266,2.13327127592279,-7.429550222512417,user,squat,heavy
1789072212645,10.40609824066162,-0.6552630668640136,-0.31573643077849406,-20.34196137671899,5.67591238660316,-1.420558324948296,user,squat,heavy
1789072212661,10.27965212739706,-0.21323329309672115,-1.5515933636977801,2.529791718328945,2.1094339157194457,5.880875264537842,user,squat,heavy
1789072212678,10.024372128948569,-0.4038718925476074,-1.3826524725203868,16.795611046432484,-1.2726150401436447,8.253486187374811,user,squat,heavy
1789072212695,9.246407396045326,-1.4835072036743162,-0.18944157168604434,22.14186990227368,-1.5081965889104354,5.206750961383216,user,squat,heavy
1789072212711,9.609576691326499,-2.3609821121215817,0.6841425398677587,16.65961514986836,1.9275131078366252,3.6482763894969645,user,squat,heavy
1789072212728,9.827896786168218,-2.6417019645139574,1.107616447051242,6.985802650533621,2.090263495709924,4.362677464413509,user,squat,heavy
1789072212745,9.361177684563398,-2.527079560033977,1.5538360371911897,-4.28785957224519,2.8032500811380414,1.8717226285920803,user,squat,heavy
1789072212761,9.358035294884443,-2.5109188449583946,1.4701884888253174,-11.01144827233426,0.4787620565111909,-1.4140192725916552,user,squat,heavy
1789072212778,9.777319860619306,-2.059761323492229,0.5647308918172493,-6.519915020360228,-3.7703737048737587,-2.0834315989926186,user,squat,heavy
1789072212795,9.98471874847412,-1.8255787658691405,-0.10639361491482704,0.5267258326579889,-5.381634539986807,-0.7201346985596533,user,squat,heavy
1789072212811,9.829842075017094,-1.7917603751584887,-0.04189957023235038,3.214530989227417,-3.7366453769785895,-0.8079795757441856,user,squat,heavy
1789072212836,9.655365798076987,-1.901893943786621,1.1266207058565225,-3.617563163233533,-2.852485072883255,-2.3042166101396346,user,squat,heavy
1789072212845,9.81248586654663,-2.002300922039896,1.432180400473019,-6.597162325438957,-6.55766974477112,-2.322343932196848,user,squat,heavy
1789072212861,9.764151751488447,-1.794453705895692,1.7286122651922515,-15.909226661988663,-5.014987424019584,-1.3729213840254537,user,squat,heavy
1789072212878,9.944015566685795,-1.6000747508727013,0.8403641799266449,-20.339739857691445,-3.3667376994563316,3.6333319355929765,user,squat,heavy
1789072212895,9.650126728379727,-1.635688354437053,-0.7311302589853992,-14.716431453641608,-0.22682770085006737,5.253337120390934,user,squat,heavy
1789072212911,9.36671427590251,-1.846378100530803,-1.2669820476916618,-1.924088194854687,0.63222685556871,2.8243974140254586,user,squat,heavy
1789072212928,8.882934733903408,-2.2113442161008714,-1.6594824322015977,17.15589840250878,0.5335329699395529,-5.300007376102808,user,squat,heavy
1789072212945,9.371353041619061,-1.7030255683898925,-0.5714673969980328,23.328213996949657,1.866375657689018,-7.715175926997657,user,squat,heavy
1789072212961,9.898377266582846,-1.5454571716308594,-0.15068561497535557,24.615825891354827,1.2644447465141342,-5.446149945565809,user,squat,heavy
