epoch_ms,acc_x,acc_y,acc_z,gyro_x,gyro_y,gyro_z,participant,label,category
1788983600146,-2.578105690655112,-4.714183945630491,-5.294178421020508,-41.166560995664014,-30.753073587049567,-42.720166069558864,user,rest,heavy
1788983600162,-2.70110721642375,-4.466832402093709,-4.5871401587337255,-29.08896629766766,-49.37576194400775,-45.99343519154451,user,rest,heavy
1788983600178,-2.102557093645632,-4.699519168201089,-2.976291938781738,-4.489971699975037,-73.84805311750205,-38.631256247457806,user,rest,heavy
1788983600194,-1.8291694838374848,-3.991284389606118,-2.219125663757324,14.69174544243389,-98.93516035404046,-31.09701459289473,user,rest,heavy
1788983600211,-2.1546309797540304,-3.543718316760659,-0.4273655808597802,25.905978616131243,-117.06912818531671,-16.67071591481692,user,rest,heavy
1788983600228,-1.9806024465814231,-2.666542683520913,2.009782656097412,13.74113678922444,-134.82309844211937,2.322987037195887,user,rest,heavy
1788983600244,-2.1517875730216502,-2.1957827820926905,2.762159943279624,-10.944863319436744,-154.1945121358943,25.799545485842227,user,rest,heavy
1788983600261,-4.083160709270834,-1.2749129685550928,2.455104164886474,-49.20719287529184,-163.05366364037272,52.23515233814189,user,rest,heavy
1788983600278,-6.25679654148519,-0.0058364510685205,1.1819874320983883,-72.07147993324672,-167.61195430752082,67.10700474634714,user,rest,heavy
1788983600294,-7.189337503594159,0.5464756521478294,0.2602192084163427,-81.79915829258394,-176.2084440572772,82.03363868679047,user,rest,heavy
1788983600311,-9.345765595898031,1.8372499144405128,-1.0715554650455712,-87.43115469725804,-196.7219610029267,100.95129559324484,user,rest,heavy
1788983600328,-11.870151386803387,3.187430597686767,-1.7437269966125488,-97.7255816633554,-201.82232280336368,110.71371229470074,user,rest,heavy
1788983600344,-12.72428341358602,3.927537601360679,-2.261174414935708,-103.94078743068935,-214.2187063355866,121.10219096566918,user,rest,heavy
1788983600361,-14.00069158913493,5.332784630529583,-3.603273498535156,-97.83343718053906,-246.68575100805376,145.02380838261496,user,rest,heavy
1788983600378,-14.891783519524337,6.96697675505951,-4.14017351308614,-89.51014816739402,-276.920621557869,173.05219998143596,user,rest,heavy
1788983600394,-15.00371303165853,7.473051130975038,-4.303278501184284,-78.07301006258601,-310.83543410794715,208.912182105242,user,rest,heavy
1788983600411,-18.332401527294515,6.3781527933979865,-5.979369593158364,-63.80589918839911,-306.13784856286577,221.09796358459676,user,rest,heavy
1788983600428,-22.822578272357585,4.662706965969316,-8.510789228223263,-51.11649029549886,-194.62835775815608,158.14524381599142,user,rest,heavy
1788983600444,-21.18883549903035,4.053233188518882,-7.773525339020789,-58.32084064333949,-132.8964660017988,127.19209691267928,user,rest,heavy
1788983600461,-17.995118952941894,1.5059522597163917,-6.858939574188739,-73.77107688555601,-75.13143883235828,101.45686619560918,user,rest,heavy
1788983600478,-15.517719954138991,1.965788762200624,-6.158186529651283,-96.57358146737354,-31.93906080434141,73.0985901202549,user,rest,heavy
1788983600494,-14.061445625305176,1.9071305292658507,-6.5297371381782,-95.93379764781844,-26.34778257240435,62.44042826009767,user,rest,heavy
1788983600511,-12.039990651592612,1.589749171691388,-7.342568163409829,-81.24938270591127,-29.4794687030848,56.9579344510714,user,rest,heavy
1788983600527,-11.960684475165603,1.6795321723386645,-7.335086575482785,-57.46826911038183,-16.307616228349875,47.69096601162988,user,rest,heavy
1788983600544,-11.633126006969809,1.88199141183421,-6.95545597474426,-43.97678427305782,3.5283218325288503,45.582370501631054,user,rest,heavy
1788983600561,-10.766125730785728,1.5497959314875305,-6.261586113849282,-32.961062009850416,13.110742772230822,47.58042623010239,user,rest,heavy
1788983600578,-10.060435375976562,0.6028896132871508,-5.562629158948361,-25.371741709820355,4.611247258217314,47.60848806230739,user,rest,heavy
1788983600594,-10.388590056499838,0.127340724016726,-5.587169579834491,-27.347679578211903,6.684413296330815,40.29664419730909,user,rest,heavy
1788983600611,-10.73096147842407,0.4115028258174658,-5.854571831622719,-34.942708208840806,16.757099024797366,33.403712909580605,user,rest,heavy
1788983600628,-10.970682088690996,0.5509653647825121,-7.236026481793821,-37.632805534207,33.14515609854977,28.579625430881467,user,rest,heavy
1788983600643,-11.011531985473631,0.4574415701717138,-8.194455626136063,-28.044510845262234,50.33317346563054,24.577383879158702,user,rest,heavy
1788983600661,-10.844985332489014,0.2422626959651708,-10.05669516653493,-14.45587851982584,73.53999109536697,18.06234646763951,user,rest,heavy
1788983600678,-10.539574983215331,0.1484402106687426,-11.667694193134457,10.311743203190645,111.30519984663466,5.449111686344656,user,rest,heavy
1788983600694,-10.492139862823484,0.1280892042964697,-12.488006952423602,38.1263618338213,149.20433494714797,-4.805628465580353,user,rest,heavy
1788983600711,-10.637738420325515,0.1551739028379321,-12.869433350537715,75.9944537245569,177.78345835912546,-21.67559508575171,user,rest,heavy
1788983600728,-10.459816971367596,0.6368567648187279,-11.13214077088684,112.40676592578517,156.96133980639644,-31.248135943375846,user,rest,heavy
1788983600744,-9.989058238983151,0.6230903975337744,-10.047268143628536,136.7819283941873,148.0995108677634,-33.61990205718985,user,rest,heavy
1788983600761,-8.802132181438804,0.7085333231501281,-8.522011756244302,154.1941296453008,143.5257293315777,-33.16512074149372,user,rest,heavy
1788983600778,-8.526948628124595,0.7565668478265404,-7.239766837365924,156.44594739200562,134.58949231212657,-29.039457671468824,user,rest,heavy
1788983600794,-8.754995751732586,0.3788813898064196,-6.8511576881408685,146.01701351058318,108.39245884489355,-26.504038517594022,user,rest,heavy
1788983600811,-9.234135358971356,0.0469853307977318,-6.535123069000243,136.32418277639138,95.89319900339189,-32.20988805021617,user,rest,heavy
1788983600828,-9.186252494812011,0.5859801256708801,-5.933580486407876,123.90218603478088,95.33733088797958,-39.644258678735326,user,rest,heavy
1788983600844,-8.986036796459555,0.7887390787653624,-5.712714798736572,110.45823589898558,93.73781669757848,-39.807988558424285,user,rest,heavy
1788983600861,-8.119784123772382,1.0363892399225385,-4.967669169616699,96.55798131530923,83.62494298980921,-37.6102795703243,user,rest,heavy
1788983600877,-7.818564211925864,0.8788208431635052,-4.7943888244628905,87.63909980653906,68.50384673350645,-40.51912394914392,user,rest,heavy
1788983600894,-7.499387203106283,0.4803359043512493,-4.715829667010903,76.44865447417358,37.19791372937395,-46.448861960117206,user,rest,heavy
1788983600911,-7.15058194874227,0.6599010197298135,-4.715530391803384,66.02537598938392,14.99256746404876,-46.90352033240828,user,rest,heavy
1788983600927,-7.237970309337973,0.8711893436380661,-4.742763851165771,55.80283334920635,9.229006248034588,-44.55326931447981,user,rest,heavy
1788983600944,-7.39957892139852,1.5011635641351342,-4.768502103534341,44.81611548430941,17.759075823207187,-35.119333485682745,user,rest,heavy
1788983600961,-7.383866973003744,1.6398777324182912,-4.882525957599282,39.17391819210991,20.980278413149826,-27.80847487547223,user,rest,heavy
1788983600977,-7.343614457592368,1.4661485109858214,-4.932205642047524,37.10668630772468,13.171411073759812,-25.05559103616068,user,rest,heavy
1788983600994,-7.322814830669761,1.0977406574640425,-4.933103467670083,37.93705631078522,-4.801434302543142,-29.44773564420092,user,rest,heavy
1788983601011,-7.097011686596274,1.162384102288261,-4.696676053729653,38.95922827102349,-17.594408500054644,-32.35552817388835,user,rest,heavy
1788983601027,-7.123198267254233,1.1156970237847417,-4.555567793384194,37.6732812352285,-24.20849219227548,-33.44468721441151,user,rest,heavy
1788983601044,-7.091774370464682,1.136197521630302,-4.015824956622719,28.8020812770542,-27.01652980913488,-31.51050741505813,user,rest,heavy
1788983601061,-6.976403777965903,1.378460582921654,-3.4088948357731104,21.316303229746943,-33.089227094531125,-26.64079427270331,user,rest,heavy
1788983601077,-6.802524882397055,1.5330363737359642,-3.143586779785156,16.755558817139526,-47.96428969164628,-17.906647182867193,user,rest,heavy
1788983601094,-5.919214691925048,2.1434083056025206,-2.677166368865967,17.520504145687813,-88.69454844841363,6.397404478538648,user,rest,heavy
1788983601111,-4.661958376091718,2.425176059612632,-2.4729110397338867,25.44809810209922,-142.12640115556053,31.85300042079925,user,rest,heavy
1788983601127,-4.402786630901694,2.4453772822506723,-2.562992292675376,40.14102175216494,-204.6055702486305,58.13919859255218,user,rest,heavy
1788983601144,-5.987748129925132,2.335093929888308,-3.497181021991372,66.0419596886887,-266.4454336353873,74.16796551784711,user,rest,heavy
1788983601161,-7.79552002094686,4.163665447832644,-3.6405335541322814,78.7536589039453,-281.1149041233905,82.385468561127,user,rest,heavy
1788983601177,-8.092550079888104,5.172671956115216,-3.2891847527652978,81.90279958304971,-282.0272261512074,102.52070230978453,user,rest,heavy
1788983601194,-7.281814127239585,6.252008138164878,-3.2243910858154297,85.25328057850777,-272.1440517052257,152.8472573221093,user,rest,heavy
1788983601211,-5.940165125495195,5.644479192905593,-3.421614324353635,98.13575501358216,-267.06990417082324,197.27793840136573,user,rest,heavy
1788983601227,-5.817012208557129,5.211427949358523,-3.5128930434513834,123.26408244176162,-262.0813525670994,232.79546850056565,user,rest,heavy
1788983601244,-7.321767367443442,4.752040359685569,-3.2085301208714023,159.0302997286417,-229.97946346803943,252.3475953394008,user,rest,heavy
1788983601261,-8.705767902705073,4.564993647246808,-1.9809029456316487,171.5160221352084,-189.04253343227123,245.75651743185188,user,rest,heavy
1788983601277,-9.071181177520751,4.149449729344994,-1.1613380638340487,166.652271747999,-137.9930438774356,228.7075319804213,user,rest,heavy
1788983601294,-9.571868599700927,3.580677051323652,0.2977786853514612,136.83751247365285,-70.97429200535422,203.149141691152,user,rest,heavy
1788983601310,-10.082133413043618,3.4174227178826926,1.9590547777704892,99.65317716034887,-16.917483819340312,182.6945556176614,user,rest,heavy
1788983601327,-10.364947315105796,3.557333000615239,2.702155921759084,53.425524536880886,30.660975316281117,158.03399369479027,user,rest,heavy
1788983601344,-10.863240535625817,4.321532535277306,3.554791061047464,-11.677708466433264,81.03121963363189,133.82261233249588,user,rest,heavy
1788983601361,-10.45188617836833,5.188233536253869,3.59160165584404,-56.78429396689675,106.48066157545033,126.2893917912137,user,rest,heavy
1788983601377,-10.086172459301352,5.327545853093266,3.642777643264644,-95.66637525124492,114.326260818423,126.70015936789828,user,rest,heavy
1788983601394,-10.422857067760823,5.096655615013837,3.537133814670657,-125.38782048115036,107.53128127358168,125.27730802037956,user,rest,heavy
1788983601410,-11.595866828155517,4.96063503319621,2.918830660546571,-150.16143569516353,89.1173644787941,108.23100000310365,user,rest,heavy
1788983601427,-11.803414769092202,4.741416528210044,2.3962960294864604,-155.6863620544085,63.79038782879401,86.64017781023553,user,rest,heavy
1788983601444,-11.51117194442749,4.172942687004804,1.4606127598969263,-143.22574742323076,19.69938913243524,59.80583305192699,user,rest,heavy
1788983601461,-11.790397466608882,4.303427846527099,0.8958794934595004,-123.93773033922164,-5.31218816471388,40.42106975341922,user,rest,heavy
1788983601477,-12.21117840838134,4.645049911388755,0.7487865692138671,-100.94074295097715,-18.427894776924006,19.83295006656025,user,rest,heavy
1788983601494,-12.11047113200724,5.036052970013023,0.7053913718625903,-78.05758749544012,-28.629494349559025,-1.5083021366774534,user,rest,heavy
1788983601510,-11.040412042999266,4.055776443260908,1.2400468223571777,-53.42288125367209,-38.996504028418826,-27.24155722153012,user,rest,heavy
1788983601527,-10.511443698230384,3.652952598461508,1.7425297496519982,-45.88339742892102,-44.20755245945045,-42.41332323619063,user,rest,heavy
1788983601544,-9.74754490008056,3.8690298828125,2.628234580175578,-48.01186537431,-45.78161053481491,-51.8453671025876,user,rest,heavy
1788983601560,-8.856602607294917,4.574421546936035,2.814234413909912,-57.6809885218927,-41.95964158095087,-49.97066800562128,user,rest,heavy
1788983601577,-8.234110175654292,4.564246189880371,2.4847325565613803,-56.09155910580113,-33.03842073238998,-41.29482511808768,user,rest,heavy
1788983601594,-7.167042669677734,3.909430866783857,0.4795877893976867,-39.34932086509042,-32.26845692234903,-25.21563432124513,user,rest,heavy
1788983601610,-8.260295587268471,4.097077006420493,0.950497620690614,-12.93680432105363,-26.118544348385797,-15.887877198190496,user,rest,heavy
1788983601627,-8.833259141108392,4.383783239746093,1.0271123660765589,2.1133096211866045,-27.31262875493869,-16.62584327951723,user,rest,heavy
1788983601644,-9.138518099212646,4.10560576531291,1.0965437758296728,16.71504725762489,-24.359895288059864,-17.56465790357736,user,rest,heavy
1788983601661,-9.419537519073486,3.532044830101728,1.2805983207151292,32.233691259473666,-18.70453622132974,-21.71489770178325,user,rest,heavy
1788983601677,-9.604190322113036,3.4111376462638376,1.4903895105339586,36.175297806839644,-13.768989446886106,-30.16372046923126,user,rest,heavy
1788983601694,-10.012101845440268,3.3610090490043163,2.063801246532797,32.380311515291744,-6.1550586946160175,-42.48642675087728,user,rest,heavy
1788983601710,-9.776723063769936,3.619433775219321,2.3350945144101978,19.04849771774241,2.669565563277732,-59.445813780775616,user,rest,heavy
1788983601727,-9.552117605048418,3.7011364913940423,2.305766274725645,8.384397861875506,8.265237527841817,-67.43822110976856,user,rest,heavy
1788983601744,-9.093627402606606,4.133289014269411,2.024147719927877,-0.784239439014808,15.266739795069537,-71.64946303499914,user,rest,heavy
1788983601760,-8.749013170191645,4.334103263036907,1.5052046562194823,-7.162808283534971,23.273627125102912,-74.25106842947865,user,rest,heavy
1788983601777,-8.648754806628823,4.542997065624594,1.3058873680114744,-6.873608255679699,29.721014927987717,-72.06426725348318,user,rest,heavy
1788983601794,-7.895779553553462,4.595969069616496,1.1273698528565466,-6.421060838728987,32.140739215058964,-66.74682155065568,user,rest,heavy
1788983601810,-7.567175375697016,4.474164352416992,1.1375444792598486,-5.573048030155476,26.674825690242898,-59.26621395655013,user,rest,heavy
1788983601827,-7.571511943596601,4.672881921166181,1.0504555400021374,-0.181087844969196,20.12715704996397,-53.84166064225308,user,rest,heavy
1788983601844,-7.362768070873618,4.592227252739668,0.7609063383355736,11.303525944264225,12.229440902303136,-48.394977515045184,user,rest,heavy
1788983601860,-7.312341367450356,4.486733034349978,0.7302310679562389,25.950405581587592,4.527047674337159,-42.94656634997728,user,rest,heavy
1788983601877,-7.211187516352534,4.55870901401937,0.9642647186279296,42.91101180025278,-7.325606696175871,-36.070836893673466,user,rest,heavy
1788983601893,-7.114968783569336,4.384081638170779,1.345989661297202,52.43070065407935,-16.167284869210086,-31.208804299040327,user,rest,heavy
1788983601910,-7.249941902160644,4.430768570543825,1.5212150030389426,59.904501964677,-18.903298141271694,-26.0183249826942,user,rest,heavy
1788983601927,-7.372646490809321,4.5415006895869965,1.969530140686035,64.64474204112506,-19.03959115106472,-19.42968886777353,user,rest,heavy
1788983601944,-7.50118460791707,4.512022081646323,2.473209584289044,62.95573871221845,-15.24042478374477,-13.01645542583338,user,rest,heavy
1788983601960,-7.587226814600825,4.665400625500083,2.623894651275128,56.75171396455579,-7.207343678244393,-6.962821625297467,user,rest,heavy
1788983601977,-7.783550181689858,4.629038395525515,2.790591672515869,46.6584565600828,-1.483039294649986,-1.5829323053653035,user,rest,heavy
1788983601994,-8.12786572341919,4.677969599694014,2.911647763305157,38.90641383326636,6.971688064613789,2.095488803868395,user,rest,heavy
1788983602010,-8.299501223975419,4.640710420879722,2.929605006408692,30.3898646175558,11.937303466217935,1.6522441045672407,user,rest,heavy
1788983602027,-8.615383867424725,4.441392548149824,2.987813595879823,19.84115141620615,16.43838873774623,-3.309989926510927,user,rest,heavy
1788983602044,-8.588001354980468,4.548533364702761,2.8452091056272386,14.276358950323102,19.590131718924425,-6.687810888556073,user,rest,heavy
1788983602060,-8.310871928295493,4.531923298424482,2.7382182189390063,11.917350776105035,20.27297817364916,-7.33910229620217,user,rest,heavy
1788983602077,-7.789984014129638,4.556763432909548,2.440438802935183,13.11581760278414,18.540777313336807,-3.0739913093179423,user,rest,heavy
1788983602093,-7.623586998748779,4.716875668932497,2.240223762169853,16.165695142680764,16.77667434695862,0.9125617247681284,user,rest,heavy
1788983602110,-7.601141358184814,4.867560443657636,2.19757704509832,19.96541987796536,16.23885159133348,5.834965721144778,user,rest,heavy
1788983602127,-7.374590026092529,4.870702541075646,2.146551498999074,26.56090496507625,11.99084019647979,13.88069121434614,user,rest,heavy
1788983602143,-7.210886487579345,4.783015489794313,2.22196819370687,31.39615980306836,9.589955278686729,22.090262700452357,user,rest,heavy
1788983602160,-7.329847213524579,4.727798921746016,2.318933945465088,33.67481677811675,7.989400338210853,29.29137212353182,user,rest,heavy
1788983602177,-7.704390135735273,4.787055412834882,2.5127139847468585,34.81847389802744,9.14075166622156,37.38051542173966,user,rest,heavy
1788983602193,-8.003217599487304,4.827308220507204,2.636315376104787,35.279624365124604,9.347927525447329,43.07552715169629,user,rest,heavy
1788983602210,-8.370129588428139,5.036950211113691,2.816628104113415,32.22166329634527,7.714551818462247,47.16560493614542,user,rest,heavy
1788983602226,-9.408764196124672,6.334607803179323,3.156754961981252,27.686279376126112,8.458416621910935,53.29297105565845,user,rest,heavy
1788983602243,-10.232069707489012,7.214925826098025,2.954294699572399,28.446890949646026,7.371884642897292,63.62932513797594,user,rest,heavy
1788983602260,-10.551545991516113,7.382669579912721,2.812588546399027,32.174934557138634,6.4079263849550525,77.605538255412,user,rest,heavy
1788983602276,-10.97457032830119,6.565198766051233,2.324320132015459,41.61942302820336,2.2081570430959867,92.01717593243636,user,rest,heavy
1788983602293,-11.273995757946372,4.670038806694746,1.9099745570527389,49.11443549126848,-1.4317414790537226,92.3464115409985,user,rest,heavy
1788983602310,-11.461791535186768,3.648163026097417,1.8311150284146889,53.17671099070108,-4.415211437527839,77.40358322203306,user,rest,heavy
1788983602327,-11.768399569812416,2.2062562453120944,1.811513013778813,52.11805215991661,-5.062173785900617,49.60082009225426,user,rest,heavy
1788983602343,-11.53062424839437,1.8185446294486525,1.9553139838069675,42.49051803419011,-5.033682932438379,2.6619407242864708,user,rest,heavy
1788983602360,-11.067047536468506,1.9346628254443403,2.0540747657557947,30.096340653069085,-8.723472357937034,-29.215027684084,user,rest,heavy
1788983602376,-9.983372010040284,2.831890482109785,2.246958130192477,13.926680585575127,-10.957904711883236,-48.22423986126779,user,rest,heavy
1788983602393,-9.136872670093178,3.865138720592856,2.002600361644197,-8.920441353221863,-12.90855636619375,-58.21642754149751,user,rest,heavy
1788983602410,-8.929774226489663,4.2121483237117525,1.6614258213543331,-21.02238311428837,-14.817137470311568,-58.915470082291634,user,rest,heavy
1788983602426,-8.894760196253657,4.9265182440608735,0.9078514150757342,-27.17077767870857,-12.758320378983797,-54.56057220334277,user,rest,heavy
1788983602443,-8.743774100494385,5.15905449578166,0.2907451334528624,-29.42820130317468,-11.765597633125694,-45.81092912182719,user,rest,heavy
1788983602460,-8.75349996021688,5.068074248173833,0.0957679933410137,-27.78354639254897,-12.408145117973705,-38.67230568436958,user,rest,heavy
1788983602477,-9.07148103725016,4.960635325457155,-0.0854431813446804,-26.92465693460904,-12.188761149380188,-33.827618355133694,user,rest,heavy
1788983602493,-9.528025366321206,4.672882505688071,-0.021548435995914,-31.25306392486201,-11.31438679881819,-36.712218977494345,user,rest,heavy
1788983602510,-9.724797061699627,4.5334187976792455,0.0526715597406029,-38.54804063770496,-9.96409681972075,-44.58243763733035,user,rest,heavy
1788983602526,-9.862166135516762,4.375402657152712,0.0273839737489819,-47.97874578702461,-7.486877707763627,-55.749192458559655,user,rest,heavy
1788983602543,-9.715071786499022,4.231151714867353,-0.1062431370608508,-61.61243857796287,-0.1387626434462947,-70.46674064813057,user,rest,heavy
1788983602560,-9.576057283562422,4.28711588641256,-0.1831571576543152,-71.90611422325154,9.26319902879332,-78.75862445147189,user,rest,heavy
1788983602576,-9.254187382397054,4.539105903404951,-0.4017768930297344,-81.21674123186779,21.047168163239053,-84.75013469329878,user,rest,heavy
1788983602593,-8.752602134594321,4.800822072380781,-0.5710176804691552,-92.05191427455506,35.14927703500408,-89.85033939938485,user,rest,heavy
1788983602611,-8.518570675879717,4.907813543590903,-0.6233909148503095,-97.61584784414995,41.43569435462461,-92.17220756621732,user,rest,heavy
1788983602626,-8.174403018188476,5.322758034294844,-0.8201637062072753,-100.27314660112178,45.645740996750426,-92.25257840218086,user,rest,heavy
1788983602644,-7.710975359344482,5.675753287694603,-1.1071689955446868,-97.2115279660419,48.3193092643252,-87.41674982829848,user,rest,heavy
1788983602661,-7.4428265269726515,5.796810401397198,-1.2820949890136717,-90.37458373894,49.9207359076939,-77.57705636657305,user,rest,heavy
1788983602677,-6.704362614330649,5.734560865972191,-1.5453081916142255,-80.11113851091781,47.5198595276373,-63.712872011903535,user,rest,heavy
1788983602694,-6.152948044475913,5.417927550286055,-1.729063022900745,-62.29583998555767,38.16920078029562,-40.21722958782936,user,rest,heavy
1788983602711,-6.049399407196044,5.235220328356325,-1.7938557765351608,-47.41418284079887,30.256194400404063,-21.304189889253927,user,rest,heavy
1788983602727,-6.108056763347983,4.82341764280945,-1.762881377078779,-33.14618404201986,21.490368893197427,-5.376211369785818,user,rest,heavy
1788983602744,-6.570887625342607,4.410867061504721,-1.6080057630676776,-16.593480135682416,12.506536554288676,9.334339717867234,user,rest,heavy
1788983602761,-6.839187848883867,4.222772447448223,-1.44983910815455,-7.662937786451753,8.059972414036363,13.96242211172816,user,rest,heavy
1788983602777,-7.204601708221436,3.924694194628298,-1.1173446083286775,-2.9405603622305696,6.169964728705924,16.27590707512809,user,rest,heavy
1788983602794,-7.31623194514811,3.769969058471173,-0.7758714138858019,-3.1137366069850696,6.340014240924439,16.93136959392295,user,rest,heavy
1788983602810,-7.335983524322509,3.7153511869683857,-0.5749086965583264,-8.230077421541884,6.697206667533072,17.17370299812771,user,rest,heavy
1788983602827,-7.50073569510579,4.072985352215171,-0.3194770146794617,-17.82296712025078,12.937668339983636,20.52620914467467,user,rest,heavy
1788983602844,-7.343765848761796,4.35430404728353,-0.2959836551608517,-35.063749406217184,24.36024704280212,27.189518010243795,user,rest,heavy
1788983602861,-7.261614219775796,4.270955609728396,-0.4125518782126717,-46.989761715963446,30.037143403532585,33.27664407026169,user,rest,heavy
1788983602877,-7.37429016636312,4.490623319786787,-0.8056496806264855,-56.11796803222698,38.45971946154752,41.54809194760634,user,rest,heavy
1788983602894,-7.445068168419599,4.864418053978682,-1.2880811050854155,-60.94010890701266,48.3065094898206,52.022750530427416,user,rest,heavy
1788983602910,-7.432648831829428,4.799475480077415,-1.4585187290642556,-59.23560787887931,49.17734494861888,59.67047919314484,user,rest,heavy
1788983602927,-7.505074016571045,4.872349431499838,-1.6864161962313575,-53.81898099911405,48.65342162795472,69.21351704864911,user,rest,heavy
1788983602944,-7.891738169208168,5.063436359240114,-1.7051209515002554,-43.99731582170287,42.33780524963238,81.05489306929516,user,rest,heavy
1788983602961,-8.211513728442787,5.248239092144369,-1.672949195485469,-36.22601537652157,37.95329850063151,89.88044004305709,user,rest,heavy
1788983602977,-8.71504368057251,5.605274122454226,-1.531242439523898,-28.756619537938597,33.82009148666834,98.75016468037067,user,rest,heavy
1788983602994,-9.165303814807531,5.645676275469363,-1.4387662177372722,-18.7444740449541,26.87886393131869,110.0779924377018,user,rest,heavy
1788983603011,-9.386317386516929,5.531951696611941,-1.4191635455142706,-10.638303938919062,21.16020267136089,117.45226081661944,user,rest,heavy
1788983603027,-9.948954776653649,5.341462734764814,-1.3281839554935693,-3.189022367111535,16.840261700584147,123.45157113447848,user,rest,heavy
1788983603044,-10.404901724353431,5.037249778582155,-1.290026695328392,5.0800052753894045,13.593495420125445,126.23996854237949,user,rest,heavy
1788983603060,-10.628459719848632,4.7605698492303485,-1.245883200360462,10.235873461890142,10.600789124902766,123.07711284342167,user,rest,heavy
1788983603077,-11.087398250579833,4.334101801732182,-1.115997942960076,14.760352985099376,9.162701332893043,114.91204516239998,user,rest,heavy
1788983603094,-11.380837007030845,4.185212970513105,-1.0215763592593372,17.235280568589957,10.463005426323392,102.04434442650032,user,rest,heavy
1788983603111,-11.761815515246989,4.175936023601889,-0.8004119078371673,16.14473841475987,18.35843004551769,81.05957174887662,user,rest,heavy
1788983603127,-11.426028147888182,3.986793507927656,-0.4607346934329718,11.205843993849284,23.77370284027998,65.55128572890416,user,rest,heavy
1788983603144,-11.11418396617472,3.880701031383872,-0.2868559439945966,3.8160890147623,25.34673126462706,52.295316059445945,user,rest,heavy
1788983603160,-10.698340480804443,3.9532752692073583,-0.0001501490604132,-8.691361931101511,26.245599527326373,39.66311341593914,user,rest,heavy
1788983603177,-10.385598473468422,4.385278446739912,0.1622066510189324,-19.695989405775865,27.530149789436084,34.22192859101311,user,rest,heavy
1788983603194,-10.165033814570307,4.492719415283203,0.1396107883293181,-30.266873401171377,26.96100037118268,32.24048388260324,user,rest,heavy
1788983603210,-9.65357190039754,4.470871740612387,-0.1250978404607623,-39.294303691325965,21.48341063798048,32.66727849817524,user,rest,heavy
1788983603227,-9.640253569141027,4.581753204998374,-0.5951092616092414,-41.22094637693024,17.993042245678684,33.33607354622997,user,rest,heavy
1788983603244,-9.706392220959067,4.672582645958662,-0.8683474530093371,-38.68890304405272,14.968216132110374,33.760238538971514,user,rest,heavy
1788983603260,-9.629030164337156,4.615421665844321,-1.3090304152775556,-28.91953321002174,8.682658562551623,36.10710178307165,user,rest,heavy
1788983603277,-9.6466879861027,4.487930427441,-1.6005246135320514,-18.154822106359603,3.976197613530685,38.844119092941256,user,rest,heavy
1788983603294,-9.75457669841349,4.418049666485191,-1.6768394991885869,-5.067539326380485,-1.8313094664901728,39.41005490719017,user,rest,heavy
1788983603310,-10.00357250202596,4.163665155571699,-1.6838727588262408,15.726300535637382,-12.4649407022433,37.81488813219579,user,rest,heavy
1788983603327,-10.142138092151283,3.917212606701255,-1.485752571448311,32.67713787624216,-21.563480945620537,35.706733169398426,user,rest,heavy
1788983603344,-10.26603802806437,3.790619193920493,-1.2244853883489966,47.83822489013535,-31.648275745711874,31.777397056876374,user,rest,heavy
1788983603361,-10.618883497729897,3.7283699507564303,-0.6091752694278955,62.61604608403704,-44.7894709163572,21.807880482049224,user,rest,heavy
1788983603377,-10.79021796951294,3.6864708371818073,-0.0263367297183722,68.50170888429624,-53.434103254478416,11.942882023222545,user,rest,heavy
1788983603394,-10.758345744434,3.688416710552573,0.2326860354550182,69.54111341181043,-59.42579449631831,2.7190615963152878,user,rest,heavy
1788983603411,-10.703577796936036,3.681083883446455,0.699555359185487,63.25847318680093,-62.75034126349782,-9.49934172028911,user,rest,heavy
1788983603427,-10.703428743854165,3.7825387633174654,1.035342142022401,53.939287951154654,-60.81326546393636,-18.150947681552918,user,rest,heavy
1788983603444,-10.641178916168212,3.832068225640058,1.100284423662722,42.07347351365831,-55.72543023043718,-26.01403050125355,user,rest,heavy
1788983603460,-10.515932241821288,3.840896844261884,1.121084708172455,25.33728511300493,-47.53665837790095,-36.694282900733896,user,rest,heavy
1788983603477,-10.41223396693766,3.9390591123282905,0.9979327410824596,14.29484058844351,-43.58622381103273,-45.03598268878671,user,rest,heavy
1788983603494,-10.391733615222572,4.068047311291099,0.8915404048092663,5.742017945598306,-40.668295280617,-52.56639602232,user,rest,heavy
1788983603511,-10.35507240230143,4.442739871105552,0.7046429646480828,-3.587186323786724,-37.57906902091193,-60.91761026388664,user,rest,heavy
1788983603527,-10.17640510341227,4.78166904362142,0.5428847149837762,-9.938978799048028,-37.05508422854523,-66.17576992471842,user,rest,heavy
1788983603544,-10.142287729755044,4.861575524029136,0.4730040636258199,-14.978789264945553,-38.77116242732176,-71.76057655241691,user,rest,heavy
1788983603561,-10.212766456604005,5.077801276940107,0.2991248575297184,-19.826053283045837,-41.361077953036805,-80.96533562889795,user,rest,heavy
1788983603577,-10.281150841522216,5.318417959263921,0.1089358832761645,-22.36817456004371,-43.23007042695159,-88.56437870321153,user,rest,heavy
1788983603594,-10.340706023296711,5.409397622349858,0.0125691020580939,-25.76516060601309,-44.57403991974582,-96.3071904293647,user,rest,heavy
1788983603610,-10.752060965076089,6.249613936504721,0.1660977036407217,-39.26737225542861,-46.14728178750447,-108.2938923849811,user,rest,heavy
1788983603627,-11.206958695983886,7.7124705663383,0.2259521240901202,-52.82218660673698,-42.12340902668027,-114.57523487404832,user,rest,heavy
1788983603644,-11.049240661621091,8.184128585650026,0.0029922406185418,-62.6436605388514,-34.638334488857524,-111.53005650430066,user,rest,heavy
1788983603661,-9.980530649134517,8.058583220617473,-0.7983169813845307,-64.45348991417552,-24.1910188608313,-95.49058667257631,user,rest,heavy
1788983603677,-9.229647399902344,7.415290285271405,-1.627308940887451,-57.34624778085955,-17.178905894727965,-80.98071721490882,user,rest,heavy
1788983603694,-8.980651596289873,6.9933131194517015,-1.9918265820376573,-42.3981841218953,-10.142900926907927,-71.13741058311246,user,rest,heavy
1788983603710,-8.716841085383296,5.931185407964885,-2.563741357477009,-18.92982830355532,-5.804331895830448,-69.1651183281904,user,rest,heavy
1788983603727,-8.339901623424888,5.038446879412233,-2.6218005285400894,23.351885725065628,-7.196911418060845,-73.78289311282013,user,rest,heavy
1788983603744,-8.153902666473389,4.7405184103265405,-2.2939450501590968,57.17472807042218,-14.234860428473397,-79.55016141400633,user,rest,heavy
1788983603760,-7.655011480060219,4.664652437481283,-0.8898954871464521,84.80957099945623,-25.661532975925656,-83.92945331357589,user,rest,heavy
1788983603777,-7.433847686225175,4.978891405376792,0.5238806662410498,107.2884475580202,-45.38707831778746,-86.63034916801989,user,rest,heavy
1788983603794,-7.384915605273842,5.179106226946414,1.1457745474666357,113.63274390066742,-59.73696425452575,-84.41443089559264,user,rest,heavy
1788983603810,-7.323862878417969,5.563525523266196,2.183511548736319,111.10974032315642,-70.28565184266601,-78.66080248217897,user,rest,heavy
1788983603827,-7.236625324469804,5.603927822411805,3.120991355486959,92.06323872819894,-82.18560356563408,-68.11630179999992,user,rest,heavy
1788983603844,-7.230937341961265,5.553499657683819,3.464858422796428,65.8690397894715,-83.846657760457,-58.90461691170049,user,rest,heavy
1788983603860,-7.158662379345297,5.432442397850752,3.934271439660341,29.694841643088225,-78.73988241238938,-47.13734844354908,user,rest,heavy
1788983603877,-7.15058136422038,5.645227070397138,3.4645585630670186,-19.032641433584228,-71.78354647859565,-28.5837867236333,user,rest,heavy
1788983603894,-7.088332121056318,5.417179216136783,2.537404262432456,-40.45385124634069,-62.48576022561904,-14.732011115138407,user,rest,heavy
1788983603910,-7.174674187469482,4.547934814287722,1.0239692457452416,-50.40372931975676,-53.86874917250135,-5.288739698406403,user,rest,heavy
1788983603927,-7.632416786414384,4.261678516686708,0.1225529052183032,-54.50114614246908,-36.50917452894279,-7.291088627657919,user,rest,heavy
1788983603944,-7.8764763026684514,4.315248778832704,-0.1310829792849719,-53.854935114905,-20.59918459331438,-16.638943582345316,user,rest,heavy
1788983603960,-7.71935448063314,4.62589600584656,-0.4430775292545557,-49.41500138078948,-2.7626070404818805,-23.377077170271928,user,rest,heavy
1788983603977,-7.282115740534663,4.751591593004763,-0.3173816498354077,-39.83379984329776,10.630083806252951,-17.760233540271507,user,rest,heavy
1788983603994,-7.250091539764404,4.53147482400462,-0.0182560799196362,-32.66769172462003,10.294385984962348,-8.297225865045926,user,rest,heavy
1788983604010,-7.924507635387778,3.4038055498100817,0.7414540343686938,-27.5482088096016,4.202897141612109,-4.100860091827642,user,rest,heavy
1788983604028,-8.69469238193929,2.789842461583764,1.305886198967695,-24.41879542436747,-4.162571704752353,-8.368841252267156,user,rest,heavy
1788983604044,-8.959702916285394,2.782959424071759,1.4887442275449632,-24.84745980422476,-9.837712706866126,-12.783163484542424,user,rest,heavy
1788983604060,-8.903736698913574,2.715023805834353,1.453878373607993,-24.757711118530796,-13.8569443541493,-14.546467318787718,user,rest,heavy
1788983604077,-8.820088109368085,2.619704506108909,1.242888767784834,-25.5587300911805,-12.936400486118952,-11.563542708230145,user,rest,heavy
1788983604094,-8.965985942077635,2.5026880460992453,1.2068263975396751,-28.086163046368267,-8.883389284521835,-8.346492019529228,user,rest,heavy
1788983604110,-9.528774723383783,2.1420615671686827,1.3468883637025952,-33.49559261429562,1.689487311842322,-6.599400493052605,user,rest,heavy
1788983604127,-10.256612028071284,1.870469316344708,1.5499462997436522,-45.87587056045567,20.902875294380657,-7.812054476411472,user,rest,heavy
1788983604144,-10.48854972937703,1.6377828424982726,1.6201266281679272,-54.7733018601374,39.357312186419335,-14.361201852645708,user,rest,heavy
1788983604160,-10.436325036621094,1.182734743334353,1.7185878791809082,-62.37299380242213,55.46187713602848,-22.231671521933716,user,rest,heavy
1788983604177,-9.73617010410726,0.8400645576592535,1.8547579524718223,-68.77436320577397,71.47232890906403,-28.10499387790999,user,rest,heavy
1788983604194,-9.395745140075682,0.7577639486566186,1.9704279663085935,-71.98526928554281,76.06901206953675,-27.64000142940469,user,rest,heavy
1788983604210,-8.883087878638506,0.4330504946283995,2.193837054852396,-73.17479454082472,73.39496568872009,-26.123294744953537,user,rest,heavy
1788983604227,-9.070283351898192,-0.046089149142988,2.1205137522272763,-71.09976941059651,66.68531569717972,-23.772283868479917,user,rest,heavy
1788983604244,-9.293841347393393,-0.2754836322393268,2.000654177746177,-67.25659954954875,65.01800504907708,-26.02390012460422,user,rest,heavy
1788983604260,-9.55660497959554,-0.5024838771428912,1.9487299292415377,-61.69228348936032,64.37956677678848,-32.20846395577422,user,rest,heavy
1788983604277,-9.539697683936357,-0.5161008077534847,1.9436425429746509,-55.48883589268252,61.44023584860851,-36.36272844294855,user,rest,heavy
1788983604294,-9.358483623173832,-0.5717661059499718,2.0846007273249327,-47.36432587495236,55.78429963089352,-36.5795767038127,user,rest,heavy
1788983604310,-9.254186797875166,-0.6200989423665217,2.3142946682918817,-42.54389937764835,49.21057040383641,-35.457465415638815,user,rest,heavy
1788983604326,-9.24446035363078,-0.635960546631366,2.442533290996402,-37.57179145435128,38.15123055258931,-34.52687604688667,user,rest,heavy
1788983604344,-9.393500576019289,-0.6953666753239929,2.400037088311464,-30.25515621165022,24.904920478164787,-29.754178911502716,user,rest,heavy
1788983604360,-9.884759660118815,-0.9455606757450848,2.160017568163201,-25.32125124392833,19.602156266958232,-27.21998065394205,user,rest,heavy
1788983604377,-10.260949765014647,-1.138443656589277,2.0069389205714687,-23.96948509019652,21.664958773666708,-25.628363869768783,user,rest,heavy
1788983604394,-11.279384465247391,-1.4407116161840037,1.6678600739192218,-25.9104301919228,39.44282615482789,-28.61641624484574,user,rest,heavy
1788983604410,-12.119448803710936,-1.6017216778295114,1.2608454994317144,-25.22079282161578,57.43424110793682,-37.41329691466114,user,rest,heavy
1788983604427,-12.253076352912188,-1.7753013347234576,1.0688609469982795,-23.274380153458907,70.8676522618428,-50.279768216510206,user,rest,heavy
1788983604444,-12.036549571228027,-2.130840135126188,0.940321989640314,-21.48818152511573,84.55380090560676,-64.07761094377139,user,rest,heavy
1788983604460,-11.91444411751628,-2.1609170742861927,1.1469712829705327,-22.59676220854382,90.83593569661768,-70.96001690998888,user,rest,heavy
1788983604477,-11.920728896874188,-2.072481323529407,1.1893187248345465,-26.462442665548643,94.4333553513284,-75.27204510661217,user,rest,heavy
1788983604493,-12.037447396850585,-2.3654721170172093,0.9439132738642394,-28.4404739869208,94.39439595230265,-85.90176605906545,user,rest,heavy
1788983604510,-12.733711167144774,-3.0060704064518213,0.1768712092526257,-24.41668148081935,94.07554223127892,-101.87704577297002,user,rest,heavy
1788983604527,-13.15823246448934,-3.344251537079364,-0.1279411741279065,-16.389443602153918,91.03943435274904,-124.90185252170396,user,rest,heavy
1788983604544,-13.63647541514933,-3.6557973203681406,-0.4159932691045105,-4.375748738937621,78.45828054309892,-156.85563579880133,user,rest,heavy
1788983604560,-13.419350083050132,-3.6676179604128,-0.705542032379657,0.9053934412342,71.45725468156581,-171.59252025391254,user,rest,heavy
1788983604577,-12.925993734410405,-3.521272383935749,-1.012149190222472,0.624808362995577,77.23508928539802,-174.60228409281368,user,rest,heavy
1788983604594,-12.068122521099449,-3.60043096858561,-1.6853689156681295,-3.571326837977366,96.63026520729548,-172.0546098720206,user,rest,heavy
1788983604610,-11.201721964374183,-3.5845699671089646,-2.0856500902473925,-5.401119789028384,111.06292620658516,-168.69116517751783,user,rest,heavy
1788983604627,-10.82119236896932,-3.6460704377323383,-2.426224984143674,-2.3355831866858603,116.61829471896088,-163.93240845822987,user,rest,heavy
1788983604644,-10.134355183190106,-3.997867275127768,-3.2640453430727123,13.576781947226424,105.48805067393988,-156.67055133267232,user,rest,heavy
1788983604660,-10.769418342590331,-4.858434887915849,-4.590433355060219,34.64684490456336,96.41897330532112,-160.3442095588987,user,rest,heavy
1788983604677,-11.209800641411542,-5.149927770996094,-5.439028205981851,55.11771073394071,107.08214169413998,-167.3430497598974,user,rest,heavy
1788983604693,-10.973673087200522,-4.613477546039223,-5.4180786491945385,74.3979038362556,139.9484314141619,-172.40258068947605,user,rest,heavy
1788983604710,-8.930221970257163,-4.032733421325683,-3.2935239510133862,77.50633658790673,135.9680430526886,-166.9698755444046,user,rest,heavy
1788983604727,-7.637053798565268,-4.348917678070068,-2.6650465997442603,79.41281313998654,109.3076768729186,-153.095684962601,user,rest,heavy
1788983604744,-5.537338358086347,-5.036203776660561,-2.3781913133367896,91.9581767583858,54.12706351181664,-122.68904881553824,user,rest,heavy
1788983604760,-4.87788602283895,-5.351490207782388,-2.854786496789753,106.43902474226992,9.752080063920737,-103.83569130993038,user,rest,heavy
1788983604777,-4.818629531750083,-5.340117165374756,-2.915240380969643,123.59163099359874,-33.90140830383192,-97.18938449275272,user,rest,heavy
1788983604794,-4.850801324297487,-5.544073803821206,-3.438373151452839,137.07283981131647,-47.83155179531625,-97.3690731094374,user,rest,heavy
1788983604810,-4.732886600273847,-5.23507215205729,-3.907786314447224,140.67703501368382,-24.72385899345692,-97.04052734998146,user,rest,heavy
1788983604827,-4.1229634350880975,-5.078101136669516,-3.854964240320027,142.95274476210534,4.199098702659936,-97.76499868505556,user,rest,heavy
1788983604843,-2.081009278704226,-5.415684155273437,-2.737321270099282,137.62654958695106,19.333596643887915,-92.15407341397092,user,rest,heavy
1788983604860,-0.1110308097288012,-6.215348678809404,-1.808969576373696,117.40820609647284,32.17217516071395,-77.52113077764898,user,rest,heavy
1788983604877,0.5544079064518213,-6.507292228266596,-1.581819693866372,101.83028629791212,30.132926561358257,-63.59832973952242,user,rest,heavy
1788983604893,0.9433166231453418,-7.095366257476806,-2.198775388037413,101.55589027819602,16.114574591837805,-51.213267245848776,user,rest,heavy
1788983604910,0.3969894395574927,-6.990021384429931,-2.651728122357279,122.47262744149722,-10.419134267510753,-38.91499596595848,user,rest,heavy
1788983604927,0.2112894655525684,-6.789357942309975,-2.554164843097329,140.6952442980111,-27.92041655332686,-25.82452861027884,user,rest,heavy
1788983604944,0.3001742021858692,-7.217171851459145,-1.74582236602318,148.48828523532052,-35.425148375580896,-10.705278212599268,user,rest,heavy
1788983604960,-0.6516705953299999,-8.142679261669516,-0.164302563852258,134.49209381456217,-30.010888156363052,-1.0125560143822323,user,rest,heavy
1788983604977,-1.6024679296195503,-8.482655897411703,0.2665044992309063,113.43688139602814,-17.239716776455882,-6.660595146034511,user,rest,heavy
1788983604994,-2.198325160051882,-8.015637520599364,0.8309367368951439,92.9908877005134,2.8362661483688254,-11.524628559207644,user,rest,heavy
1788983605010,-1.1840817740291356,-7.635409538489579,0.8740333896912634,75.29495356108839,11.634663760510197,-10.685945362153548,user,rest,heavy
1788983605027,-1.129014843584597,-7.827543637195229,0.3408740229733288,78.03907768278938,1.100896400446708,-9.653184901154477,user,rest,heavy
1788983605043,-1.9630951392024756,-7.108984448462724,0.7457941093996167,93.18128605381666,9.774223537209918,-10.42205929602281,user,rest,heavy
1788983605060,-1.3409016905084252,-6.449530359649658,4.06206195327118,86.60688746822089,7.18112343579436,0.7470010342164869,user,rest,heavy
1788983605077,-1.2937655530631542,-6.279692263904214,5.136161111450195,62.80397190886077,4.265913320668292,8.700820889328334,user,rest,heavy
1788983605093,-2.010679897198081,-6.392520186182856,6.054038757434487,32.69847538720928,-7.029853955585618,15.88185809398442,user,rest,heavy
1788983605110,-2.828898314556479,-7.298126964136958,4.5263880222596224,5.928584989664027,-35.82241266827635,26.36632482845364,user,rest,heavy
1788983605127,-4.257487933129072,-8.10856247253418,3.165883075006306,2.970546386790806,-53.60067107776752,17.167656573164955,user,rest,heavy
1788983605143,-6.049997957611084,-9.72884136865437,0.5602433346070349,6.821892197718478,-58.02475194281944,0.8590486333641064,user,rest,heavy
1788983605160,-6.192900992418825,-10.025420761218667,-0.7324766549259424,9.984155377765784,-31.04135196625371,-19.73647705962841,user,rest,heavy
1788983605177,-5.256617921172082,-9.859620542687177,-0.604836363440752,7.73630767851603,-8.66056546190757,-26.781328829970903,user,rest,heavy
1788983605194,-3.397970121654868,-8.56121797747314,0.8488938338682055,4.049650321638648,10.747995069442174,-23.686833079321172,user,rest,heavy
1788983605210,-2.038961112047732,-7.19472679541707,3.073257398279011,3.6434939764174863,7.010984704229812,-13.593170132366224,user,rest,heavy
1788983605227,-1.5466536879390478,-6.971916403418779,3.9561186759397375,10.549087154206708,-9.38342487233753,-10.084746988767147,user,rest,heavy
1788983605243,-0.963665291430056,-6.1171858262211085,5.480476653179526,17.15223571356636,-27.16372892348512,-4.177731309615197,user,rest,heavy
1788983605260,-0.8310863744989037,-5.504569476428627,5.916820782525837,19.868448267224103,-58.07096500274375,11.41732884866768,user,rest,heavy
1788983605277,-1.1402382483884692,-5.5193853527665135,5.519832804273069,23.45663179862965,-72.88872572781709,28.042094665843344,user,rest,heavy
1788983605293,-2.670431799913943,-6.761824623218178,4.067747743822634,29.458674192156696,-68.22423927945364,44.69633787192949,user,rest,heavy
1788983605310,-4.07313498981893,-8.429237610957026,3.866635681152344,31.52934166169444,-50.96504109593759,49.72248625193969,user,rest,heavy
1788983605327,-4.60704166777283,-8.725817003521323,4.145709812164307,24.174103897351763,-37.154251745104645,44.11264015074395,user,rest,heavy
1788983605343,-4.3638811461851,-8.571542972132564,4.766406592559815,10.784849916429916,-25.57130788453708,39.52846306664152,user,rest,heavy
1788983605360,-3.8250355505242943,-8.407987902179359,5.056703251592815,-3.9637632541466767,-22.831855612228367,40.77111694838237,user,rest,heavy
1788983605376,-3.425054527935385,-7.983017692023515,4.959888014221191,-12.198270480252138,-25.70804997926803,40.78457925123647,user,rest,heavy
1788983605393,-3.675996204918623,-7.9379750197261565,4.530278453826904,-8.079598962616394,-29.9885329472096,34.86655159959516,user,rest,heavy
1788983605410,-3.4986759367242453,-7.987804341778158,4.569482629229128,-1.1065311997902627,-44.66396277526363,30.472158151770696,user,rest,heavy
1788983605426,-3.269430543242395,-7.883655985039472,4.7471027571529145,5.556937321450708,-70.09231650801964,31.339349704646786,user,rest,heavy
1788983605443,-3.3391622511163352,-8.232014080157876,4.711788574926555,6.422132324655033,-82.41024165724664,36.798456945954925,user,rest,heavy
1788983605460,-3.6008784200921653,-8.445097443389892,4.632779920141399,2.1870370309652496,-90.03146235579524,42.230526883433576,user,rest,heavy
1788983605477,-4.285171182085573,-8.803031176105142,4.450520734240114,-10.231678871966109,-92.31325780276724,42.53310084857056,user,rest,heavy
1788983605494,-4.640710128618776,-8.636335470038652,4.011782987755537,-20.00330522974413,-90.40152200502654,39.1869945892759,user,rest,heavy
1788983605511,-4.653279687334597,-8.443452014270424,3.676595339855552,-25.139885815802398,-77.39609050451355,37.09083343866108,user,rest,heavy
1788983605527,-4.021061103710532,-8.302044478717447,3.3376661673396826,-28.96276147727875,-66.97811907670899,41.52651538001827,user,rest,heavy
1788983605543,-4.068496516363322,-9.00788622469604,2.829048828943073,-28.11373310495302,-56.89273688034904,41.97620137459357,user,rest,heavy
1788983605560,-4.106653520800173,-9.4113074508667,2.758717986132204,-26.819697417633453,-51.3813547862282,44.61290028102861,user,rest,heavy
1788983605577,-4.226662586754561,-10.02302597503662,3.0988445517390963,-27.956384329496142,-50.9754707948002,51.52087847549864,user,rest,heavy
1788983605594,-5.321411588121951,-10.316614369091392,3.311778569628298,-32.60398655023132,-53.9164546287593,49.81056154128701,user,rest,heavy
1788983605610,-6.360495108629763,-10.18239060756266,3.302949951006472,-39.31516650414577,-49.450392005973896,34.387680206696395,user,rest,heavy
1788983605627,-7.027280855505168,-9.89613504061401,3.3883938995361325,-53.73396221942032,-44.75590736677575,5.152212327747487,user,rest,heavy
1788983605643,-5.33098868702352,-8.77908915950358,3.463211824633181,-56.80775566669574,-44.35175482830234,-15.738156036489231,user,rest,heavy
1788983605660,-4.971708800396323,-6.978050960651039,3.805881937243045,-50.89965569501305,-38.56535175215635,-28.877025527722164,user,rest,heavy
1788983605677,-3.7226834295526143,-3.976319460186362,5.037847744475305,-43.27545020379715,-53.20076008676869,-16.591825522355983,user,rest,heavy
1788983605693,-3.2351635319814083,-3.4834126088798043,5.008518481877446,-32.417242348134,-74.41118172400209,4.799299014653867,user,rest,heavy
1788983605710,-3.368940718786418,-3.7811937784492966,5.072714767456055,-20.630178284220605,-109.99020401629964,26.833723211094075,user,rest,heavy
1788983605727,-5.7508712186515325,-5.089623232159018,4.643104038017988,-16.568230633868172,-147.81966435708964,26.29962461611388,user,rest,heavy
1788983605743,-8.20388104160726,-5.616647457122802,4.372559834942221,-29.604929032854177,-159.15760079439238,12.429293091191356,user,rest,heavy
1788983605760,-8.736890186199545,-5.6097641273498535,4.129548658697307,-56.02975955419085,-145.2881503638728,2.498483411834076,user,rest,heavy
1788983605777,-8.88084214553833,-5.848737134119868,3.2354636839717625,-97.4838954195745,-101.71924108238603,-3.8546928170643895,user,rest,heavy
1788983605793,-8.046761265398562,-6.35286329857707,2.121860052269697,-118.03837300967656,-68.18545063515714,-6.049556177601415,user,rest,heavy
1788983605810,-7.262660513958335,-6.520607636913657,1.9581565137565136,-125.4273536160664,-57.71268742983073,-1.3897205544542173,user,rest,heavy
1788983605827,-6.017825288280845,-6.710050012317299,1.3012477255120871,-111.9912103864924,-77.91704952307794,5.94626834942519,user,rest,heavy
1788983605843,-5.3100394224971526,-7.323862293896078,1.2388482602223754,-96.2003457801782,-104.99454901583894,16.422822736627772,user,rest,heavy
1788983605860,-5.797708665411174,-7.674464368548989,1.083076099230349,-80.53898156052742,-127.42347640100262,19.90996386454673,user,rest,heavy
1788983605877,-6.881832812389731,-8.416366438946127,0.7196056290455162,-68.73788999560611,-128.40650454710757,16.300429161795726,user,rest,heavy
1788983605893,-7.548318699535727,-8.869619325256346,0.5620384013302624,-68.60461251433165,-116.714477442853,7.810328999872397,user,rest,heavy
1788983605910,-7.33553461151123,-9.074474373847243,0.6326667657829821,-70.84501701493338,-112.6298125833211,1.9789698320527973,user,rest,heavy
1788983605927,-6.595576368658244,-9.354145886230468,0.1804619272209703,-69.44233521603371,-112.51699151861082,0.792505622096963,user,rest,heavy
1788983605943,-5.72378768915385,-9.70968483276367,-0.8743331032902002,-59.26251199401998,-107.29590612459388,6.413845170757692,user,rest,heavy
1788983605960,-6.082019966424256,-9.960925200432538,-1.4580696878179906,-47.3700120074364,-97.8064647635067,1.5846520189322657,user,rest,heavy
1788983605977,-5.87028290323466,-10.580725908771155,-2.001403680939227,-31.87196444102979,-102.0060612162024,-8.439304898839593,user,rest,heavy
1788983605993,-5.316624061584473,-10.90992922156453,-1.175852874866128,-19.55332041439264,-116.93024311873369,-17.21155078386604,user,rest,heavy
1788983606010,-5.3191683392398055,-10.778547405463456,-0.7227500645510851,-27.19199224627063,-112.0925020918837,-24.589022521504404,user,rest,heavy
1788983606027,-4.047248122759909,-10.230722384533284,0.103697982622683,-46.511771417467614,-98.89180231318925,-24.121554129424972,user,rest,heavy
1788983606043,-3.5039145680300887,-10.594792428046464,0.1713347640439868,-81.65755481071123,-70.26669123753005,-17.784596825040943,user,rest,heavy
1788983606060,-4.184316460064799,-10.62890980170369,-0.2048551947213709,-106.30608877045395,-33.54988920310263,-26.33635054328104,user,rest,heavy
1788983606077,-5.1608513160705565,-11.251102958136796,-1.7761995256721972,-119.3746448792762,3.104719690063595,-43.8321994136124,user,rest,heavy
1788983606093,-4.530577436773479,-12.102838445171711,-2.7442046729374674,-125.34951678028492,45.18136668036502,-67.5079095298702,user,rest,heavy
1788983606110,-3.713257137298584,-12.190825356182454,-2.435203751825913,-139.58061206697835,75.85227650679391,-78.39809291613277,user,rest,heavy
1788983606127,-2.7581200933042918,-11.847405886510014,-1.2430407697339716,-161.8188337403261,101.51393242612464,-88.81200038138117,user,rest,heavy
1788983606143,-2.184708868762105,-11.609334212493897,-1.651700966278836,-169.89064201842046,102.6182374111323,-117.16916313590072,user,rest,heavy
1788983606160,-1.1311106102874502,-11.316942919269204,-2.4356520801153034,-143.8428140336064,74.90836485406567,-134.37639041002217,user,rest,heavy
1788983606177,1.6244659816796423,-9.765947987255451,-4.189105886298417,-96.02651746580136,32.78199835547478,-135.87814410283286,user,rest,heavy
1788983606193,4.149899701602198,-8.853008966717123,-4.737976324628293,-19.942695838596727,-36.02487655074845,-122.5024480474135,user,rest,heavy
1788983606210,4.773738762078806,-8.505550450786947,-4.723012710382789,32.4200666313558,-80.10367994434417,-103.85707663222168,user,rest,heavy
1788983606227,5.82239916229248,-7.519139366802572,-3.267038971930742,63.41623006606071,-107.76770827170166,-79.62327175888214,user,rest,heavy
1788983606243,6.147112616320699,-7.038951711815595,-1.873314257447049,75.44023168473456,-118.85198514360847,-42.40567000922563,user,rest,heavy
1788983606260,6.04999803067632,-7.145494854736327,-1.264139280280098,73.02401128470753,-119.6075133488386,-14.444373066168954,user,rest,heavy
1788983606277,5.611858907672017,-7.428010650634765,-0.8415626872625201,74.36353432435209,-122.96153238228672,10.036300456984248,user,rest,heavy
1788983606293,4.28981082458496,-7.780258738929032,-1.6165360563300548,87.94059801688178,-120.67298187822558,36.213990828487766,user,rest,heavy
1788983606310,3.45977067120336,-8.143727309417724,-1.9171581484138964,101.97187611940647,-107.90998111211304,48.877397191217774,user,rest,heavy
1788983606327,2.1513396831236777,-8.89999517429769,-1.3067861252157948,108.99072877467331,-90.7722919939315,59.167913874015305,user,rest,heavy
1788983606343,0.8687956717008725,-10.260650489807128,-0.6763629736411385,109.76376958493536,-66.0963553152387,66.27113302591015,user,rest,heavy
1788983606360,0.2862565533293411,-10.78872159347534,-0.3399771106662228,109.08870100812798,-51.06671870701698,69.74733731342063,user,rest,heavy
1788983606377,-0.3157355083298869,-11.343429944178462,-0.0137680477853864,114.01580823007842,-43.36255219118774,73.24295299855228,user,rest,heavy
1788983606393,-1.614440399225056,-11.594821118494869,0.0897822699949145,129.38787978743332,-34.20303628776886,70.0190285782254,user,rest,heavy
1788983606410,-2.27194795708023,-11.818828026801349,0.3504502450920641,138.2477826127204,-23.383821982077315,58.02632288632854,user,rest,heavy
1788983606427,-2.123507563748397,-12.297967634040116,2.2373808668941257,137.85037488605238,-18.58766997708353,43.40365626961288,user,rest,heavy
1788983606443,-1.9638441674714904,-12.515239681133629,2.882917051122337,133.6821836431604,-22.443762556040948,27.03854180128254,user,rest,heavy
1788983606460,-1.5943889237886293,-12.127230543628334,3.1818934218257664,128.63108116701756,-24.48733125004667,14.385660760063525,user,rest,heavy
1788983606476,-1.372925379822031,-11.704205622321366,3.132363667242229,125.7441377897716,-18.44745473115963,7.395396715341415,user,rest,heavy
1788983606494,-1.2430399032259358,-11.426777504950762,2.908954140307009,123.98942121086029,-5.269308237104539,2.7982599876191125,user,rest,heavy
1788983606510,-0.3220204155519604,-10.959009186553956,2.1655548170894385,122.6820410414498,13.878703629297666,-0.5247653549227838,user,rest,heavy
1788983606527,0.1684917226377874,-10.1369001914978,1.7238240262687206,121.93084317615347,29.72469639995035,1.8049312759155836,user,rest,heavy
1788983606543,0.2983773088317364,-9.89508465477824,1.624763348057866,128.73362962721612,43.42477862962114,3.1749372363824997,user,rest,heavy
1788983606560,0.1632543334409594,-9.725548756849763,1.8505679534360768,140.71278422379967,60.0692461274577,1.414106250781867,user,rest,heavy
1788983606577,0.4019262383725493,-9.15333456007242,2.7422590187624096,136.19854827679816,75.94486655118261,3.652212286006185,user,rest,heavy
1788983606593,0.3501515544064342,-8.523658354407548,3.42206236038208,119.87274325468854,92.60044676679878,10.96370525003587,user,rest,heavy
1788983606610,-0.6796542154725641,-7.4966948952823875,4.245068596538901,98.38660737122925,102.21745557101428,18.683876606637742,user,rest,heavy
1788983606627,-1.0392333042420443,-7.107935816192627,4.372859110149741,100.31185328314824,95.61869370064908,9.192745627504635,user,rest,heavy
1788983606643,-1.7100585357666014,-6.567295153808593,4.382435332268476,117.05220297655345,67.76669173714365,-11.995348121331997,user,rest,heavy
1788983606660,-3.22379311992228,-4.000862949812412,4.766556230163574,140.59428044169994,65.12237716978404,-35.116075485448654,user,rest,heavy
1788983606677,-2.1178210060119627,-2.63062907409668,4.844515668156743,145.0098338155731,80.02592507083274,-24.594145163381917,user,rest,heavy
1788983606693,-1.3545197353638707,-2.101810951453447,5.180603479766845,140.60765395209484,97.14044618734958,-5.571349447486258,user,rest,heavy
1788983606709,-0.12434914098531,-1.7072165903389454,6.334160351672768,131.54806371623323,104.04928498565502,21.926034216953983,user,rest,heavy
1788983606727,-0.5633855781555176,-1.46809511500895,7.043740699657797,128.58855640924506,92.06722755867423,32.54018916828882,user,rest,heavy
1788983606743,-0.2427124855592846,-1.1070201616585251,7.18260439594686,128.74879264717356,86.41511624689444,50.65788748896211,user,rest,heavy
1788983606760,0.2410664719179272,-1.7166425903320313,7.834874126213789,124.1937531500704,76.27997612243094,76.60254546636314,user,rest,heavy
1788983606777,-1.199045826666057,-2.5059815346866845,8.822631364110112,109.95804065549804,68.93501608524184,80.84197558229835,user,rest,heavy
1788983606793,-1.6397291542604564,-2.8727438860237595,9.044845543780925,82.77719357040557,69.00374144867051,84.42421855667328,user,rest,heavy
1788983606810,-2.330905538287759,-2.882171055060625,8.605210263934731,43.20693316113817,84.38967829004052,93.74295299983432,user,rest,heavy
1788983606827,-2.892196482251584,-3.42460766095072,7.393744223895669,32.132481516352414,88.23961686855576,100.30964713204632,user,rest,heavy
1788983606843,-3.668963822063803,-3.6792896935060617,7.201158289769292,32.25871365749801,80.1284052291396,99.05785787229058,user,rest,heavy
1788983606860,-4.866812840160727,-4.059967757470906,7.090426462987065,36.7526810181375,67.09822795326367,89.72434289976562,user,rest,heavy
1788983606876,-5.546318660138547,-4.311060825623572,7.599495344543457,39.45073551388677,58.91923351652432,85.88285326525369,user,rest,heavy
1788983606893,-6.503699756732583,-4.439598650470376,8.104671310314536,40.77150626916506,54.02573765547951,81.01888431199085,user,rest,heavy
1788983606910,-10.383802237701415,-4.253449763654173,9.865307356151938,26.02397013404321,36.25487975595405,48.54205539353766,user,rest,heavy
1788983606927,-7.96087074214518,-3.872622062085569,10.9298298538208,5.792656114331134,27.990292803630677,39.87737303510786,user,rest,heavy
1788983606943,-5.956174595531821,-3.6680668732240793,10.697740761345624,-8.467850820702015,9.808849181207298,47.20740227877131,user,rest,heavy
1788983606960,-4.2775399565547705,-3.243395646014809,8.705614757969975,-11.554314268887811,-3.581288028551595,62.022290909298654,user,rest,heavy
1788983606976,-3.9121249281734234,-2.7654528473451734,6.726658032768964,-1.9605328036054055,-10.23542949959409,77.68257595906057,user,rest,heavy
1788983606993,-4.020014809527993,-2.703054843360185,5.865643845257162,20.127112653734365,-10.11708281184528,94.34577183560133,user,rest,heavy
1788983607010,-4.57756393661499,-2.729839682172239,6.134393566131592,42.81865056720128,-16.69104255778688,106.11196796405302,user,rest,heavy
1788983607027,-5.618891436657309,-3.3916862190797925,8.73494372830689,43.269897260001926,-9.373157390467709,110.49830861884604,user,rest,heavy
1788983607043,-6.124965228050947,-3.28469533239156,10.058637971165776,17.86596316107601,10.476415648985066,104.83397126845192,user,rest,heavy
1788983607060,-5.608866886249184,-2.4809926393806934,9.706692665210364,1.1856549926217463,27.106567070321283,102.04959001178288,user,rest,heavy
1788983607076,-4.890155721825361,-1.4420578796938062,7.915828069847822,9.864926741840396,37.46878537147832,100.455307746286,user,rest,heavy
1788983607093,-4.684703291863203,-1.1565496239811182,7.739404750493168,20.46276522502172,40.71310815176145,103.39549244811224,user,rest,heavy
1788983607110,-4.364930070716143,-0.3541932310126721,8.68242268295288,18.292805587972204,51.8287868183774,107.30914303120537,user,rest,heavy
1788983607126,-5.51594134979248,-0.2205662663333117,9.216627759331464,3.7476808282432144,66.5249018743328,103.78533915536906,user,rest,heavy
1788983607143,-6.14202508392334,-0.486921347156167,8.662968040898441,-1.3471971840638932,72.9519527889639,100.67580674326152,user,rest,heavy
1788983607160,-6.631191579657792,0.1071396475091576,7.605630486297607,-2.2313013525419865,77.29852125221993,102.68857469920508,user,rest,heavy
1788983607176,-6.437708988952636,-0.4360446349430829,6.919540319493413,-5.558481371089955,74.96060897102709,100.16772263128264,user,rest,heavy
1788983607193,-6.883928323364257,-0.7320278882451355,7.1016504523128265,-13.719110282924795,73.74149533626068,86.58712773095205,user,rest,heavy
1788983607210,-5.702540026202797,-0.5490210988469422,7.178415127563476,-26.38495416941485,77.04600915860455,81.25178010230995,user,rest,heavy
1788983607226,-6.132298055157065,0.5961555192591622,6.022613691601157,-39.6611873025932,83.74127477175287,68.65451387640776,user,rest,heavy
1788983607243,-6.699126467242837,0.5174461396815255,5.866542255401611,-42.42570636915586,86.06490512739121,55.46665485335291,user,rest,heavy
1788983607260,-7.632715477100014,-0.133477473206073,6.938396411132812,-44.96775934426204,86.04903859794928,42.59717143807986,user,rest,heavy
1788983607276,-6.637625412097573,-0.665139806299284,6.074836630791426,-46.68679501494919,89.40663665052247,29.897766563329306,user,rest,heavy
1788983607293,-6.140826814049482,-0.5903208948215469,5.0921653178572654,-49.68502266434218,98.27388192916736,24.021925575096585,user,rest,heavy
1788983607310,-6.601563334113359,-0.4493624547429382,4.815787001800537,-59.44715932804211,102.5973506926504,20.32409872449212,user,rest,heavy
1788983607326,-10.218900429314374,-0.3971387118350714,5.433190293608606,-72.06947185763073,87.03861689546822,-3.465722935342272,user,rest,heavy
1788983607343,-12.0592950715214,-0.7688385926395654,5.7924707647576925,-75.59589852610831,48.35764370104189,-26.562549333118938,user,rest,heavy
1788983607360,-11.136329162487389,-0.1834562867313623,5.2501840887323015,-66.85067457698572,11.5249231111156,-29.421121812099965,user,rest,heavy
1788983607376,-9.66030325447917,0.0257372294552624,4.106802281621098,-49.45989962929856,-19.29651213178933,-24.98380404043656,user,rest,heavy
1788983607393,-8.795399073791504,-0.1415576115481555,3.8539159003108736,-46.14948793860638,-20.09724765158848,-13.964944159079186,user,rest,heavy
1788983607410,-7.797017566028237,-0.2316395951420068,3.835959680120647,-48.14909412001931,-17.243548512580258,-3.8696991695577294,user,rest,heavy
1788983607426,-7.602339043536782,-0.647482349859923,3.686022508892417,-44.13351320884751,-13.753589931628666,-0.355615426642727,user,rest,heavy
1788983607443,-7.263111764857173,-0.5494700116582214,3.699489893230796,-36.61037744187488,-19.95236909400876,4.153890107430444,user,rest,heavy
1788983607460,-8.092551833453774,-0.8837601261965929,3.25327026655823,-24.84554905880445,-31.60999936560312,8.171488058841515,user,rest,heavy
1788983607476,-8.512731886723637,-1.2602481911256909,3.5568843800649046,-21.67687916131567,-41.4556726579469,9.401667453836987,user,rest,heavy
1788983607493,-8.84896816689372,-1.562666080585122,4.543145534184575,-24.66114078140328,-57.08157795052156,4.159906223428756,user,rest,heavy
1788983607510,-8.773404099604488,-1.2794022427983582,4.301631610760093,-23.53842331394055,-69.141841043499,-1.6940441152357784,user,rest,heavy
1788983607527,-8.840587876561283,-1.0681135078981518,4.273348934605718,-23.56603947630221,-70.42510381495016,-6.127187253934134,user,rest,heavy
1788983607543,-8.654889363861084,-0.5246297310426831,5.111020824974775,-30.336725745813094,-69.43198747944113,-9.829011899637177,user,rest,heavy
1788983607560,-8.257453641840815,-0.3107978875309228,5.481075203594565,-34.18858360748511,-73.87771662906742,-15.643655246680227,user,rest,heavy
1788983607576,-8.310273377880453,-0.4062663864687085,5.417328999871015,-35.198379264947306,-75.51689372797878,-24.24855978949407,user,rest,heavy
1788983607593,-8.002468826946616,-0.7582138843812049,5.426307256096601,-39.08670350659801,-75.40148402157307,-30.39328995742456,user,rest,heavy
1788983607610,-7.879020141932368,-0.7685394635625183,5.386355184936523,-40.59014084103912,-83.72148088353818,-36.15445206949276,user,rest,heavy
1788983607626,-7.648876338306069,-1.3174099018923937,4.899733112987875,-40.86142229449369,-85.233001746862,-38.39002421125672,user,rest,heavy
1788983607643,-8.154501216888427,-1.8499699875429272,5.124488209313154,-41.24488618997113,-100.04757277359292,-35.44965850941749,user,rest,heavy
1788983607660,-8.206873793682455,-2.351106322534382,5.808931193432212,-42.41719936854461,-111.40407366505976,-32.79432684692665,user,rest,heavy
1788983607676,-8.122032194960116,-2.3231249674141408,5.925052312037349,-40.14046509174758,-127.6643225315156,-30.293746780460797,user,rest,heavy
1788983607693,-7.849540949469804,-2.944120730756223,5.793069607433677,-35.954214828690084,-142.2147838034205,-28.39174058719276,user,rest,heavy
1788983607710,-7.027281147766113,-3.186981684875488,5.743688613671064,-36.84723474191257,-154.3206520694861,-23.58662737400792,user,rest,heavy
1788983607726,-6.555923864966631,-3.152266345325112,5.659294758716225,-36.30020489128625,-162.6596300271547,-17.666356005224266,user,rest,heavy
1788983607743,-5.635801070404052,-2.970456072235107,5.847836385887861,-29.066628163987133,-177.7176699770399,-9.043137163924678,user,rest,heavy
1788983607759,-5.938219252124428,-3.62946037145406,6.07154401898682,-14.958469452164763,-204.92663012075613,-6.941446975176735,user,rest,heavy
1788983607776,-6.959196914838254,-4.2136458687931295,6.295702318462729,-3.1679576368243927,-230.30124734021703,5.19846039239129,user,rest,heavy
1788983607793,-5.738902256177365,-2.307711709704995,8.1093094915092,-7.899783133658408,-242.34136820533212,54.097061905887365,user,rest,heavy
1788983607809,-5.378126285773515,0.0917269743219018,8.191612511664628,-29.09601505289111,-215.6124747376194,94.66106702806744,user,rest,heavy
1788983607826,-6.25934184205383,0.3908531287595629,8.722076647949219,-63.359662439354665,-193.4343314082111,93.80663768365552,user,rest,heavy
1788983607843,-8.237252273072302,-1.1631342630684376,9.251197552931307,-111.96330223354374,-175.2321777984506,49.03995910855866,user,rest,heavy
1788983607859,-6.886622384753823,-2.263268756866455,9.20630218015015,-150.11815961658232,-187.32539655417332,17.07558391560589,user,rest,heavy
1788983607876,-6.663513009808957,-2.123957024548948,8.767267788806556,-185.0138829541226,-194.54399126152805,-13.43738547022928,user,rest,heavy
1788983607893,-5.48047811448425,-1.0004764342159032,7.985707661759853,-233.86368276599896,-191.5027402505532,-38.69260500658287,user,rest,heavy
1788983607909,-4.368820246555097,1.7037731718868017,7.42516695164144,-267.9475015168998,-179.8592074894057,-40.83253742449371,user,rest,heavy
1788983607926,-3.678991126118018,2.708140183800458,6.9165504900276655,-299.2077473856741,-165.4245452446892,-32.61267455085558,user,rest,heavy
1788983607943,-2.02414881590642,2.695571794128418,6.096683720940352,-325.556595467589,-169.63937301923403,-18.368233074523943,user,rest,heavy
1788983607959,-0.8111863998297602,1.4662988792419434,6.026055356487632,-332.3144939154263,-207.37683754209317,-11.900396539037772,user,rest,heavy
1788983607976,-0.6637932870611548,0.7712310407340526,5.997775018420815,-334.8406257195772,-250.21843412981107,-6.081121469963806,user,rest,heavy
1788983607993,-1.6877632634587585,0.6585533405810594,5.663036575593054,-346.47771078214816,-299.1229983984526,8.445470852112821,user,rest,heavy
1788983608010,-3.066823858100176,1.56401281901896,4.493018105968833,-352.1249111879147,-313.2106187314407,29.6125310334004,user,rest,heavy
1788983608026,-3.617191110859066,1.7166431748539208,3.9169142082765696,-349.8137937388358,-313.27080635840684,57.04561700454144,user,rest,heavy
1788983608043,-4.156185613471269,0.9277537278324364,3.9456438975460815,-344.0146626051715,-321.7974779144674,79.99505261578427,user,rest,heavy
1788983608059,-4.2913085157968105,-0.5705670140922069,4.373308424819819,-348.6685349395648,-362.8900543010418,105.13855672429948,user,rest,heavy
1788983608076,-4.697275480927527,-1.0019722257316113,3.8898299481265246,-366.9539895364428,-411.9853174513101,117.83174612690532,user,rest,heavy
1788983608093,-6.987927480890601,-1.2557599397957324,1.2161053902775047,-380.2577773602802,-441.4901500618777,132.19283357388244,user,rest,heavy
1788983608109,-9.548226917752809,-1.3810060296207665,-2.0594623405456542,-380.6453222937867,-409.44568919335927,129.35327804909804,user,rest,heavy
1788983608126,-9.596410262696072,-1.1601409264713525,-3.327790377752483,-363.4750463430751,-364.3464418773853,120.99372756164938,user,rest,heavy
1788983608143,-7.847595003033802,-1.1975497428894042,-4.997446468243003,-338.5229719464278,-343.8739333875126,123.87565758004456,user,rest,heavy
1788983608159,-7.514950975202024,-2.028787216296792,-7.735216066631675,-287.65500149897446,-343.323720668733,145.57977212067564,user,rest,heavy
1788983608176,-8.038832225964963,-2.9559418091922995,-8.99501505268514,-246.3904955906125,-315.5812954300821,160.26033483589094,user,rest,heavy
1788983608193,-9.131935213690996,-3.19820508967936,-8.86168794773519,-217.68439896196443,-266.36918140349326,166.431834222726,user,rest,heavy
1788983608209,-9.554960134997962,-1.208922785297036,-6.433219276317954,-198.58511366510112,-255.2099636960131,162.9297640088287,user,rest,heavy
1788983608226,-9.170990043750404,-0.5433341392517089,-6.048201721844077,-182.97747571346164,-316.08823207028047,178.34632058824786,user,rest,heavy
1788983608243,-9.623943070331215,0.9952391180843114,-7.707084197124838,-139.7014107926392,-375.26936236033976,209.00395252693025,user,rest,heavy
1788983608259,-10.587908513751623,4.591928854314983,-7.762599748119712,-40.54763998892872,-389.3582394481352,261.0988981568848,user,rest,heavy
1788983608276,-11.6829559135437,6.447584778539836,-7.335234459520876,33.27308212660952,-383.6821610025578,306.64672497678845,user,rest,heavy
1788983608293,-12.70363400878906,10.282646925298868,-5.35059121311605,91.81909361631683,-383.17262889047487,363.44463834089015,user,rest,heavy
1788983608309,-13.142970597949624,15.385438851110637,-1.7574930716365575,143.60531469578672,-419.1702120052999,474.1436452383079,user,rest,heavy
1788983608326,-13.87305188217163,18.45989327715449,0.0023952245734632,169.85349944971392,-448.665099860436,582.4868379287182,user,rest,heavy
1788983608342,-19.247734749493,25.183558557848254,2.0359704423317684,200.7121028745348,-440.4593105915827,685.3817253219926,user,rest,heavy
1788983608359,-22.800881404334305,28.77620990540832,1.8589490474861117,242.1485929461977,-392.8284673201219,746.7493904106698,user,rest,heavy
1788983608376,-29.76531066686809,28.44550933979452,-0.2388210310786962,343.7378760192459,-298.3750107220661,697.4447683019623,user,rest,heavy
1788983608392,-34.31040791964233,21.460426580810545,-3.555089605602622,439.3546504367382,-216.4869301966778,562.6056325756717,user,rest,heavy
1788983608409,-31.254805128258464,17.332822918701172,-1.9283784114126117,464.7153067495356,-137.23415521913384,487.3842128311877,user,rest,heavy
1788983608426,-21.32979236820638,14.150182477900383,7.729980577130988,303.99882456011454,10.798797162715084,408.5593765259017,user,rest,heavy
1788983608442,-24.19445494684428,8.119486602130532,9.666889756730011,166.77104873766552,63.57561253034296,307.4067611068708,user,rest,heavy
1788983608459,-21.35119083780497,5.028721311950683,7.540838572913408,85.52607833395807,69.30826543281553,199.32105288779164,user,rest,heavy
1788983608476,-17.60306843109131,4.497358765521645,2.308460189984739,46.19098475290879,45.94706162217472,77.27817411868246,user,rest,heavy
1788983608493,-12.224494109289347,7.781154810985923,2.2164332098029558,16.404135339058616,40.16318571602163,33.76924414339218,user,rest,heavy
1788983608509,-9.83193817051351,9.46831820885539,2.2201741498969496,-10.3208982179994,37.52398696035036,27.300100480453597,user,rest,heavy
1788983608526,-7.646480967602133,8.647707343402505,0.1244990708500146,-9.792085335663147,27.407464224017023,23.78460211464803,user,rest,heavy
1788983608542,-8.552686734362691,6.991219069781899,0.1230028409428894,-2.51133377242722,16.83674927580347,8.393083301178823,user,rest,heavy
1788983608559,-8.884882068578898,6.472275275421143,0.8777747681766748,-5.4623682297500045,14.07303190269464,-9.232389752994685,user,rest,heavy
1788983608576,-9.162609753417968,6.407332555389404,2.2782337593514472,-24.38528822384668,23.961703797184583,-24.98604605003161,user,rest,heavy
1788983608592,-9.071779435674843,5.888239123424888,2.7129304868169126,-37.260290431969096,32.56983560438126,-30.570885121128647,user,rest,heavy
1788983608609,-9.49270972279012,5.771971289825439,2.491616763117164,-41.58068902542023,33.44517557293717,-42.67331438694716,user,rest,heavy
1788983608626,-10.326789726147055,5.234473017120361,1.3813053778935225,-29.304646596183737,23.2275062727324,-70.48693068731711,user,rest,heavy
1788983608642,-10.919055654089153,4.493616656383872,0.0480345475897192,-11.25024193100166,10.820300305769576,-95.93392059122353,user,rest,heavy
1788983608659,-11.207556661877035,4.453513778576254,-0.1933305419486015,7.7491936841589055,-2.99018552853212,-119.69627848729208,user,rest,heavy
1788983608676,-11.490521662847698,5.479879856330156,-0.132578113213554,24.75170567470306,-16.839863842064997,-139.71762566172882,user,rest,heavy
1788983608692,-10.800243981225789,6.3355082591503855,-0.1586152023982256,32.27239794150013,-25.24950352179193,-143.68304224854143,user,rest,heavy
1788983608709,-10.457273132103682,6.380397786712647,-0.1794143909294158,39.15557913418842,-32.74535780567225,-142.30838471580634,user,rest,heavy
1788983608726,-10.386046217235922,6.3043818840026855,-0.2394189239066094,45.87363708859707,-46.4792494717346,-143.42136404105992,user,rest,heavy
1788983608742,-10.960206287384032,6.345982306891679,0.1895917938116937,44.42767921111621,-58.563653868333446,-149.41436326412588,user,rest,heavy
1788983608759,-11.3326536986202,6.707206313323974,0.3112469464726746,36.735492847091166,-67.1070593878605,-153.5810382050221,user,rest,heavy
1788983608776,-10.959008602032064,7.823800943535565,0.2808707321051508,14.035369385837544,-69.94671736548247,-145.43442569513778,user,rest,heavy
1788983608792,-10.381856364330648,7.952789727020263,0.0971160469491034,-7.746892764182257,-65.70027264526965,-137.17144042217478,user,rest,heavy
1788983608809,-10.567257355388998,8.13938840343058,-0.1177642096370458,-30.239699493558483,-59.80758841054368,-135.2108346209226,user,rest,heavy
1788983608826,-11.1842137802124,8.540567403632402,-0.8195645712703465,-55.319563314482096,-43.78926142939511,-138.0862486388496,user,rest,heavy
1788983608842,-11.169548126000166,8.605358147972822,-2.051530597698316,-64.86985141579034,-25.16643988374811,-140.93736084370968,user,rest,heavy
1788983608859,-11.263671347808836,8.757242069354653,-2.6623514789087697,-67.08622048070279,-1.3559393993146864,-141.1245626684814,user,rest,heavy
1788983608876,-11.303026037597656,9.055320176044106,-3.8206962244120426,-64.34506749129075,28.53541020128939,-140.6615031635112,user,rest,heavy
1788983608892,-11.826008878216149,8.706215646472574,-5.09695521901492,-51.058385876229565,43.319515169227486,-152.10141432512225,user,rest,heavy
1788983608909,-12.079944476318358,8.498668290057777,-5.833022993768006,-23.54457219174086,52.14709070917292,-168.13210053357395,user,rest,heavy
1788983608926,-12.439075894385576,8.343194819751382,-6.777235506307147,25.41973403402345,50.02300091504191,-188.0869080051164,user,rest,heavy
1788983608942,-12.575243775719404,8.176348307037353,-6.608594073000364,59.26617980560428,41.04916711930442,-201.88386280778548,user,rest,heavy
1788983608959,-12.630310998424887,8.236352986145018,-6.197390120531618,82.7380770770289,28.966538571889767,-209.43687723728237,user,rest,heavy
1788983608976,-13.238138360375164,8.336160975591838,-5.632807441546023,99.1953837312288,21.703477625490997,-219.4252092757256,user,rest,heavy
1788983608993,-13.996502320751548,8.047061125127971,-5.636847802978009,107.64065309276108,23.292232560402027,-233.3910063546774,user,rest,heavy
1788983609009,-13.979294580841064,7.96730515910685,-5.776010920605063,115.25599982862347,26.07892242101055,-244.27056879678057,user,rest,heavy
1788983609026,-13.20866033695638,7.290344347436726,-5.871778694750368,122.50370480222078,32.9648698403127,-250.66387174672263,user,rest,heavy
1788983609042,-12.264447641754147,6.762872269107588,-5.232377360015362,124.55288449662966,39.51491880151738,-251.87043832398373,user,rest,heavy
1788983609059,-11.840972638592124,6.450728209398407,-4.911853320501,123.67030111245896,41.3704626329564,-250.010086039369,user,rest,heavy
1788983609076,-11.113884106445312,5.471948186548054,-4.725405012346804,128.0656781075239,43.43982895145726,-247.41488736233097,user,rest,heavy
1788983609092,-10.573394250708818,4.038270743317157,-4.242823886352032,133.95364268153338,52.72267416562448,-238.33617259679332,user,rest,heavy
1788983609109,-10.359560945892332,3.500622833008319,-3.651606152288616,131.029802622391,65.35706929985486,-225.2030575399361,user,rest,heavy
1788983609125,-9.832388252368569,1.991826435907185,-2.941276008849591,122.5883171856589,76.68808675552837,-210.9993922929495,user,rest,heavy
1788983609142,-9.271395706829429,-0.4938029233634471,-2.6563658651605246,116.23564020090008,95.79965956270856,-202.0382660641628,user,rest,heavy
1788983609159,-9.142708536639809,-1.351825527843833,-2.480092914061993,113.6820851872316,98.76625660605522,-192.9394842028437,user,rest,heavy
1788983609175,-8.794352195087075,-2.2934949683040378,-2.508673842510581,114.17909756256591,94.07175830647874,-182.89007661284217,user,rest,heavy
1788983609192,-8.109909795489907,-3.470693997082114,-2.795678620391339,133.0867277513187,85.01518701423029,-182.62140429165052,user,rest,heavy
1788983609209,-7.287201665496826,-3.963001128929853,-2.807350499615073,154.89421037484877,66.63365214629775,-177.79978251124177,user,rest,heavy
1788983609225,-5.245097871509194,-4.661659100884199,-2.2737426584772766,174.53036220085343,46.44194297848799,-165.08567223920818,user,rest,heavy
1788983609242,-4.474762902832031,-4.808303952568769,-1.76377799712494,191.60724214485435,16.311963643756588,-148.24345027433225,user,rest,heavy
1788983609259,-4.446032482910156,-4.685451479882001,-1.5357302889950573,204.34670607908703,-7.230470698774056,-140.9664028080606,user,rest,heavy
1788983609275,-4.18820747615397,-4.919185416954756,-1.3187559096738697,217.9594370194625,-25.013293382178087,-137.0424044883749,user,rest,heavy
1788983609292,-3.4198183808475733,-5.1692304373592135,-0.2183212273528799,227.37914214912385,-42.09324691130549,-132.16554013795908,user,rest,heavy
1788983609309,-2.91763399810791,-4.920981068199873,0.5779002065245061,219.29290851150245,-45.296629537703566,-123.3128499924355,user,rest,heavy
1788983609325,-1.7607862679630517,-3.677942662811279,2.3680149333678187,197.3901447490507,-41.67546473034332,-101.44778887420225,user,rest,heavy
1788983609342,-1.6693576920658348,-4.026298419842123,3.590105097143352,155.41549041230414,-47.98095193812652,-74.28577262065149,user,rest,heavy
1788983609359,-2.1465514259338376,-4.569631390050053,3.4165257690429685,136.2733388482098,-55.43062902057567,-78.09304983761083,user,rest,heavy
1788983609375,-3.023577421569824,-4.472666222813725,2.41799447754547,130.62310583845178,-69.257182448013,-90.64478602250573,user,rest,heavy
1788983609392,-2.611775028283894,-3.074752313011885,1.5078975485652684,132.88504592550655,-66.2345641930939,-98.32276559305711,user,rest,heavy
1788983609409,-2.158373088891804,-2.405872224205732,1.449689397485554,131.2083984088085,-52.24318805570041,-92.05905865242688,user,rest,heavy
1788983609425,-1.3530237977176904,-2.04300220413208,1.1936591651916504,129.5250436463455,-24.809355886392552,-78.30975807959699,user,rest,heavy
1788983609442,-1.476176422394812,-2.157026642718911,1.3364140237003563,134.29737878170346,4.31417927932501,-67.6050553104353,user,rest,heavy
1788983609459,-1.2922712228521704,-2.958634701538086,2.848950045721233,139.9858745111919,7.6074117635941345,-61.86344119977167,user,rest,heavy
1788983609475,-0.4689651269659399,-3.0512592092216013,5.156212550354003,132.94903113765125,-1.3488061205002542,-48.816516300050864,user,rest,heavy
1788983609492,-0.3116960054144263,-2.7636563193172217,6.199036718694865,110.86435894703452,-9.686129464842386,-33.85447807404476,user,rest,heavy
1788983609509,-0.5107137261539697,-2.7132272778064013,6.86627079385966,76.29745457651701,-7.769351279946905,-8.675594439402538,user,rest,heavy
1788983609526,-0.8418626200571656,-3.134908967810869,5.423915100263059,65.42694213506408,-11.598088951278424,17.935421062293162,user,rest,heavy
1788983609542,-1.628955831311643,-3.584718435668945,4.195988047027588,75.21867400843769,-20.557378712952023,35.634654183087285,user,rest,heavy
1788983609559,-4.902876963971555,-5.531053578728437,1.943642835235596,109.69531059888432,-25.58041081915341,23.256382604995924,user,rest,heavy
1788983609575,-7.085490175628662,-7.069626251542568,1.8628379446834324,129.97102767839067,-21.871326109249477,5.003912272280409,user,rest,heavy
1788983609592,-7.321918466351926,-7.310993459972739,2.789095296478272,131.17223938734247,-6.4652841791707045,-6.1282677044834655,user,rest,heavy
1788983609609,-7.69586400719136,-6.9165504900276655,5.301960745459795,101.37228113292774,30.869108255764328,-14.638051617821128,user,rest,heavy
1788983609625,-7.828592561726271,-6.404041697150468,7.740456305372715,65.56879833393607,60.156604246942166,-18.94064049301145,user,rest,heavy
1788983609642,-7.989002903912961,-6.2397378546565765,8.698882234844564,25.69370828955829,96.45541919473231,-17.599286962669325,user,rest,heavy
1788983609659,-8.295311663331091,-4.924872814941406,10.07375370723307,-12.37395575230956,122.5378420876925,-22.13075206185219,user,rest,heavy
1788983609676,-6.9222370112314815,-3.058743427497148,8.122480523249507,-3.567488271663819,109.69268780624304,-27.038319820134515,user,rest,heavy
1788983609693,-4.416256353327632,-2.5297733291625977,7.18230570526123,36.35659493307388,77.4703551513591,-10.280005875438532,user,rest,heavy
1788983609708,-3.734656191419065,-2.4908669676631687,8.065167567443847,41.61426623538001,48.08537187015768,2.298511267748558,user,rest,heavy
1788983609726,-3.446305113495886,-2.8616701188236475,10.326940532794596,10.921784964004916,31.394086840655262,9.134074302534229,user,rest,heavy
1788983609743,-4.111742660632729,-4.037221380394697,8.916754001396894,-38.80898118475613,43.10290596498429,5.099582731984777,user,rest,heavy
1788983609760,-3.9643487441465255,-3.887283916905522,6.609790479710698,-37.4632768239127,49.22440836709485,2.6564061366246445,user,rest,heavy
1788983609776,-1.9512746452882883,-3.863941035240889,3.284693871086836,-10.805397686774253,43.99923168976506,17.6045991422963,user,rest,heavy
1788983609793,-1.4603142518743872,-4.180724426922202,2.5209441260188816,28.125030237840225,34.14888996312358,40.28380002657489,user,rest,heavy
1788983609809,-2.47366010453552,-4.958989604076743,2.670582314300537,75.80817397532314,19.711241218192505,54.787682823434864,user,rest,heavy
1788983609826,-3.638138475689292,-6.226269301274418,3.8498751004874703,95.80323175164447,25.194655395209438,54.72528563027221,user,rest,heavy
1788983609843,-3.5131934146374464,-6.721571523284911,4.687099247089028,103.11740812624431,29.01373176395997,50.54773361312273,user,rest,heavy
1788983609860,-2.756773574066162,-6.803720814183354,5.014803261235356,108.24214004163991,26.42433533262185,54.22354334893766,user,rest,heavy
1788983609876,-2.9466636932373045,-8.181285178917646,5.70179008461833,104.43107206969124,22.8040379592862,53.86763243657205,user,rest,heavy
1788983609893,-4.041863068720698,-8.505551035308837,5.42675733795166,101.62252560373868,24.732070588386566,43.92459138251516,user,rest,heavy
1788983609909,-6.801329535132647,-10.280253015899657,6.757634185791015,72.04377668597314,47.34322059041702,15.370357179873212,user,rest,heavy
1788983609926,-8.875305554199219,-10.580724447466432,7.977778037804365,39.57542403227993,67.50471983152781,-18.185878976515653,user,rest,heavy
1788983609943,-9.210344149017333,-9.808893687273562,7.362768070873618,23.05539233583725,79.572605415619,-47.47976290211474,user,rest,heavy
1788983609960,-7.649174444469809,-8.039578368157148,5.460723904961347,37.42729197227049,64.25674631513331,-61.23059002222414,user,rest,heavy
1788983609976,-6.962938147193193,-6.8967971572875975,3.632153556060791,72.65329593731592,36.313059307304215,-67.15196788165333,user,rest,heavy
1788983609993,-7.030573759570718,-6.8201815351188175,3.214663472527265,111.94997653447304,12.921824862430146,-78.35711861130186,user,rest,heavy
1788983610009,-6.951414882659912,-6.49307431782186,4.215888679283857,133.62284295965134,5.483387710033895,-89.86731241947233,user,rest,heavy
1788983610026,-6.675781832012534,-5.750422013579309,6.732192870542407,118.5690240666732,17.091972954519335,-92.37916912825789,user,rest,heavy
1788983610043,-6.806865541949867,-5.519681705364585,7.278073187145591,93.44683697855758,38.82122088374879,-94.08424389228152,user,rest,heavy
1788983610059,-7.324461428833008,-5.490352150505781,7.079203058183193,77.44539764013187,52.212595638407926,-97.48468089132903,user,rest,heavy
1788983610076,-7.788490560701489,-5.105486863984167,6.9647343829602,74.54234184663385,49.829392372828735,-100.20756995490048,user,rest,heavy
1788983610093,-8.026113321906328,-4.6055461685180665,6.977152550506592,74.81735258337524,42.26005379121554,-103.98069622600975,user,rest,heavy
1788983610109,-8.208971058222652,-3.824887081964314,6.99106826313436,77.2192842276586,30.66560959963297,-105.24945167566382,user,rest,heavy
1788983610126,-9.058013652911782,-2.9533970931455493,6.587346008190512,83.07746917688684,26.487125261661777,-113.10124590021373,user,rest,heavy
1788983610143,-9.16799670715332,-2.393153612408042,6.539311752861738,92.04858797242926,25.10452592646924,-115.7005358605646,user,rest,heavy
1788983610159,-8.223636127912998,-1.021726435254514,7.537696183234453,86.04148440872724,45.10707471276279,-100.99010472810885,user,rest,heavy
1788983610176,-6.893953458294272,0.0638964258491992,9.797818458768726,64.74505702946503,67.29463004284739,-86.45237492881687,user,rest,heavy
1788983610193,-6.484696950098872,0.3983341321647167,10.5537911400944,40.64612107147655,89.25954169655708,-76.48145987275716,user,rest,heavy
1788983610209,-5.791872506603598,1.0497089594185351,11.570726541680097,14.117976254980617,100.65048040181912,-64.77638710718787,user,rest,heavy
1788983610226,-4.663607896864414,1.5855588803946972,11.01213228945434,6.9986843873082645,78.93231616206532,-48.74299272873026,user,rest,heavy
1788983610243,-3.861847277832031,1.260098845782876,10.172063859337568,11.729031361630383,33.81833271295706,-19.41900303681705,user,rest,heavy
1788983610259,-4.61631949146688,-0.2973287496268749,7.562682155930996,31.197520826531463,-13.229284120370975,-3.181323676699873,user,rest,heavy
1788983610276,-6.496517736274003,-1.5387240639835595,5.397578589740395,41.35985193408079,-15.310094420826193,-4.894712061603891,user,rest,heavy
1788983610293,-6.503250843921303,-1.6952444129943849,5.225943673706055,36.60039853549748,5.2659849231865055,-9.154896134219012,user,rest,heavy
1788983610310,-5.0023850936889644,-1.3959683286920188,5.817758058488368,12.059745706147815,35.140729053257814,-3.5800381039334828,user,rest,heavy
1788983610326,-4.39800115019083,-1.4320330370247365,6.048203475409746,-5.992578312658346,43.723257896350695,2.817845981950947,user,rest,heavy
1788983610342,-3.623025662231445,-1.547552098083496,5.728425578087568,-27.18979804799977,56.80922757246188,13.46452864199091,user,rest,heavy
1788983610359,-3.4003660768806934,-1.711256513379514,5.682787277984619,-51.91084129597135,66.12303403413677,26.073459977221837,user,rest,heavy
1788983610376,-3.2546190508186816,-2.110489347949624,5.679644888305663,-65.31487922135169,61.23512526783303,36.65293635059322,user,rest,heavy
1788983610393,-2.75767198421061,-2.4947578376218678,5.824941832512617,-82.69736914957564,47.89127496941884,51.83336646021589,user,rest,heavy
1788983610409,-2.16435888530314,-2.7210096022456884,6.101921037071943,-89.91006257348744,32.276038432327745,65.28565967208237,user,rest,heavy
1788983610426,-1.5872072321236133,-2.193986254064739,5.858460655754804,-88.12638599249529,12.98341523949709,83.82277258892947,user,rest,heavy
1788983610442,-0.9051578651428224,-1.1403875937312842,4.278437197655439,-73.27153051003961,-4.194700487721271,100.54625171508474,user,rest,heavy
1788983610459,-0.3541933771431446,0.2958335426330566,2.5121166764408347,-44.800761219055225,-27.15419910204566,122.00148099254974,user,rest,heavy
1788983610476,0.1288385613590479,0.7021008058845997,1.92239254193604,-34.686845907437544,-28.271443880435907,143.61442616813952,user,rest,heavy
1788983610493,1.151460191887617,1.9111714752197264,1.970427381786704,-25.34470269844357,-54.28806814602677,174.08191930070709,user,rest,heavy
1788983610509,0.0981622680664062,2.1805194542482496,0.9455588491141796,-52.36791072503943,2.725475784276164,207.68143665831903,user,rest,heavy
1788983610526,-0.983419500952959,1.7176897612974047,1.8438339690059424,-113.02855219687729,65.9774827029238,220.37799334418568,user,rest,heavy
1788983610542,-3.471743798395991,2.262520861108601,2.399738251495361,-168.3668951164823,117.29707891867672,221.26127340765171,user,rest,heavy
1788983610558,-4.383037389814853,2.800616807445884,1.1773492509037256,-226.11656802066867,162.18154410601048,226.6754687400725,user,rest,heavy
1788983610577,-4.274248513793945,3.622577626203,0.7701841620296239,-263.0825216956398,184.06547020673133,244.97754801739023,user,rest,heavy
1788983610593,-4.271856065699458,6.196344118610024,-0.2087441649839282,-290.20225224803903,191.5897158794441,270.75159469951353,user,rest,heavy
1788983610609,-5.514593442314863,8.665963715583086,-1.3693354655712842,-308.29285520827483,184.58297997976484,307.51833907715206,user,rest,heavy
1788983610626,-6.678625531005859,9.854385126251726,-2.04749235515818,-314.22684159691187,173.95303363106893,327.8244368380866,user,rest,heavy
1788983610642,-9.477745962414144,11.986421704620868,-3.1803980687014755,-324.0601010204392,166.4010437299476,342.04565567124024,user,rest,heavy
1788983610659,-12.313977104076743,14.957176686737313,-3.9761711377568543,-353.60812774731795,155.5141456646758,361.2874733557034,user,rest,heavy
1788983610676,-14.16125332249105,16.356886905371397,-4.2474638941776,-393.6009617152503,149.6877484158448,367.8162052965085,user,rest,heavy
1788983610693,-18.6756713593632,19.585319083271173,-5.639841322238184,-438.8681497225365,144.50695430774175,365.5584179644691,user,rest,heavy
1788983610709,-21.156660491612552,20.68276053859293,-7.222109015600383,-470.8215505090404,144.1304196391773,350.89755351482006,user,rest,heavy
1788983610726,-24.75170684455037,19.290982355067133,-12.226889260797574,-457.7988386299273,149.76144615698925,313.9023529698229,user,rest,heavy
1788983610743,-27.226561419567464,13.403340028491616,-18.18022033999916,-371.1217982887412,151.4304848429519,273.63704909552047,user,rest,heavy
1788983610759,-27.92776381530761,9.449316571265458,-21.43857832161784,-212.7158461521304,126.78072827934774,205.70081840279877,user,rest,heavy
1788983610776,-31.53896752232015,1.7372937486946582,-21.75177041080892,41.76967011447072,106.34075881068094,38.979394404547946,user,rest,heavy
1788983610793,-25.516952381134036,-0.0800549489676952,-12.942305621459706,149.89171152483974,58.288595320267866,-52.63875163129253,user,rest,heavy
1788983610809,-19.9442983795166,3.000833090320229,-6.70002381794136,172.8952832154441,-3.1535523409780124,-80.05629892207179,user,rest,heavy
1788983610826,-11.878082764324546,7.115717556110024,1.8448821994172409,106.09092415122022,-52.26458020818089,-49.51208568965204,user,rest,heavy
1788983610843,-6.085460900658369,4.988170105853676,5.36465806118492,28.550144626876403,-52.83097023000961,-8.819673011075725,user,rest,heavy
1788983610859,-5.5531999440848825,3.4394203224182127,4.702511390553322,-26.719129712294187,-41.44311194006324,13.82613337080337,user,rest,heavy
1788983610876,-7.679850153240561,2.4631857645332813,1.222539688508166,-64.17041272402435,-2.872675965843459,14.456810840647549,user,rest,heavy
1788983610893,-8.532185944256186,2.7636580728828903,-0.8734343038450402,-77.23918739890003,29.6160622412013,12.605867141614526,user,rest,heavy
1788983610910,-8.10212747105062,2.774581033435464,-1.265784501477595,-85.32514782895464,51.35545470889552,14.982824199197738,user,rest,heavy
1788983610926,-7.42486767643392,2.8136364480167626,-1.405395901870972,-93.4394125629298,64.50449776689717,24.24122075123089,user,rest,heavy
1788983610943,-7.312191729846596,3.411439259558916,-1.785475561551249,-94.71866601333817,68.34347389179455,35.127645825902654,user,rest,heavy
1788983610959,-7.319671856468916,3.6352965302616354,-2.3361421968322245,-89.7481051278881,69.78091452338042,49.15448772056144,user,rest,heavy
1788983610976,-7.676558710479735,3.3586171854317186,-3.028964119576849,-79.03459141469709,64.14264117485908,60.852122410124565,user,rest,heavy
1788983610992,-8.661922915759682,3.2621015155285598,-3.3349728640019425,-70.82951248551745,52.26146905701395,63.000080300310174,user,rest,heavy
1788983611010,-9.188946556201577,3.309087138587236,-3.445255640975572,-62.12676548284317,35.68843850770655,62.906575010572695,user,rest,heavy
1788983611025,-10.301201695904137,3.3051959763675924,-3.863641960962768,-45.472220040886256,10.00004325154888,57.16173705062082,user,rest,heavy
1788983611043,-11.380536562779543,3.1485254052311182,-4.605096167719754,-24.94751695292357,-10.26637452540248,48.17002181963623,user,rest,heavy
1788983611059,-11.929706568577885,2.984073094177246,-4.970212027066504,3.724989659159963,-26.47759031758044,35.10973706989888,user,rest,heavy
1788983611076,-12.79446286522746,2.8482027344852683,-5.759101980978064,52.05692879703416,-43.150973421268255,8.380786399351862,user,rest,heavy
1788983611093,-13.012635660552975,2.609680394092202,-5.648818948276108,86.92336428341343,-49.974602194583206,-5.18042783920881,user,rest,heavy
1788983611109,-12.968641620525718,2.6402064652591943,-5.244797350767726,113.63076314580812,-47.67605229357716,-17.502245342489076,user,rest,heavy
1788983611126,-12.23182547509074,2.795529713439941,-3.835660203983728,128.75541793066847,-41.02727977810911,-32.39211066708294,user,rest,heavy
1788983611143,-11.508177438786625,2.967463320159912,-2.3065136590268462,128.196489890508,-34.10168311067504,-38.59686966008138,user,rest,heavy
1788983611159,-11.197532111468911,3.173814744788408,-1.6611271489350123,120.2874586807134,-26.660716226964944,-42.16717004869254,user,rest,heavy
1788983611176,-10.494233035710453,3.225139273834228,-0.7638992730738595,105.72008586042354,-20.731910536813363,-46.91589663518434,user,rest,heavy
1788983611193,-10.09470121819377,3.044527270618081,-0.223408577087149,95.56610124403998,-19.64851617594969,-50.48153200459238,user,rest,heavy
1788983611209,-10.070011013573408,3.085228114318848,-0.0209491183958947,86.30168046515887,-20.645701596656757,-54.992178687185046,user,rest,heavy
1788983611226,-9.746196992602943,3.1784540950268507,0.2558803754944354,72.50632392675558,-25.56657968608414,-61.04551921647347,user,rest,heavy
1788983611243,-9.554510637664794,3.164237938147783,0.5253779190614819,61.20141145408984,-27.0829670591916,-64.82434186535053,user,rest,heavy
1788983611259,-9.485079958564045,3.3221061946362256,0.5722145621035247,48.93949044096236,-26.98299358031012,-66.74506619203899,user,rest,heavy
1788983611276,-9.171737062725423,3.5396781014591454,0.4605846174377948,34.57917822045604,-26.66021250051365,-68.32686287173307,user,rest,heavy
1788983611293,-9.151685623821615,3.703381932233274,0.3299513546817004,25.992877405394022,-23.35552450834595,-66.23962536326889,user,rest,heavy
1788983611310,-9.265857946446538,4.117278959710895,0.2395700958803296,18.34398078032852,-17.76133490827517,-62.085395027040406,user,rest,heavy
1788983611326,-8.987084259685874,4.52623940756917,0.0267854963991791,13.243333819493694,-16.694990407127147,-57.12001825517039,user,rest,heavy
1788983611343,-9.249249925994873,4.558710767585039,-0.0004484013546258,13.639066442267769,-16.824943293823104,-53.310961773932256,user,rest,heavy
1788983611359,-9.537600419396162,4.751742984174192,-0.0487816396299749,14.225160706078332,-17.192487725892537,-50.87946224073191,user,rest,heavy
1788983611376,-9.693673024639487,5.054459564319252,0.1349734839174896,11.10076580233687,-22.051217924061977,-47.7745299610304,user,rest,heavy
1788983611393,-10.051906617084144,5.583728645600378,0.486621560491994,0.8103867905397919,-28.080295913871225,-40.6551061853297,user,rest,heavy
1788983611410,-10.46924589397013,6.17644319409281,0.5240306691709905,-8.843224357107575,-31.707216863154496,-31.72412158135028,user,rest,heavy
1788983611426,-10.983250478363036,6.959645827649533,0.2265512590270489,-14.902245042464513,-34.499377705288204,-22.79295426981056,user,rest,heavy
1788983611442,-10.976516201671958,6.330569049182534,-0.6793546845367178,-7.289242769034723,-31.77505088689648,-16.72607289049258,user,rest,heavy
1788983611459,-10.867131113323568,5.562179953876138,-1.283142415707372,11.29107621695458,-24.412829254127463,-20.391765408599436,user,rest,heavy
1788983611476,-10.120739330291748,3.878458220893144,-1.951573902229499,35.35076078533029,-15.670279324064936,-30.99880330281912,user,rest,heavy
1788983611493,-9.358634429821372,2.943970800891518,-1.5559319865571335,66.99175213429234,-10.860706851125723,-49.131896869881615,user,rest,heavy
1788983611509,-8.972270721435546,2.915988861249387,-1.062726444564946,85.30706831822161,-16.009121593694683,-60.96542158807674,user,rest,heavy
1788983611525,-7.963413996887207,3.2908310586676,0.057910008383356,97.36769341122508,-28.123898133985293,-66.81928302756035,user,rest,heavy
1788983611543,-7.0821975638240575,3.987693671637773,1.047462714861706,103.84262395193797,-48.43246159321021,-64.2706184293376,user,rest,heavy
1788983611559,-6.764667153167724,4.3580464486822486,1.4064441665316,101.75479904720513,-62.58984547838087,-55.67559717025277,user,rest,heavy
1788983611576,-6.256348213195801,4.890457042859494,1.7993922400101088,93.93775682515226,-70.76289765054231,-42.21829401463008,user,rest,heavy
1788983611593,-5.904101293945312,4.973805334284156,1.9352630854717423,76.23607849663527,-70.3688845278918,-19.475864361657404,user,rest,heavy
1788983611610,-5.877913544243574,4.948217304041236,1.914164145096531,59.40389007965008,-61.40274494025431,-0.8457553776919692,user,rest,heavy
1788983611626,-6.080374391174316,4.785561082623898,1.679083862315584,42.00413343320434,-49.46101636522785,15.748710386304191,user,rest,heavy
1788983611643,-6.671442341503501,4.150199524798989,1.334917355401814,23.74883753660655,-36.26041220918176,29.380902243172343,user,rest,heavy
1788983611659,-6.955905179816484,3.810074128235876,1.151910748666711,14.346330823275297,-28.647701926338986,33.96837489354932,user,rest,heavy
1788983611676,-7.471406724768877,3.3376679209053512,0.7906854635927826,8.609198170480843,-22.93675707259601,34.39604035824049,user,rest,heavy
1788983611693,-8.04362033702433,3.008165917426348,0.3948932344632223,6.243567274088805,-19.25911513853622,26.32154952334962,user,rest,heavy
1788983611709,-8.397064357104897,2.9556431185066696,0.3214223035283386,7.117181339218816,-19.242142118448736,16.454169889823547,user,rest,heavy
1788983611726,-8.715492593383788,3.2163118242561817,0.1741782438416033,8.098199275273632,-18.56353891874588,8.193885102903634,user,rest,heavy
1788983611743,-8.531587393841146,3.3782194192633037,0.1174659573428332,9.367852894803548,-19.678437527156227,6.138202641518072,user,rest,heavy
1788983611760,-8.079233502197265,3.3798654329046607,0.0278318636469542,14.00750477534483,-18.634822188018717,6.925602643849598,user,rest,heavy
1788983611776,-8.314462646263838,3.588909165357053,-0.034865780871734,16.84511796508403,-16.842483219611694,6.617188440085434,user,rest,heavy
1788983611793,-8.59937381286621,3.781343123792112,0.1029502329953014,13.979262796900471,-13.377902206521284,6.716113484929314,user,rest,heavy
1788983611809,-8.265531149834395,3.901052914538979,0.4227252077080309,6.318300642666145,-7.1782820770996345,13.25090764550959,user,rest,heavy
1788983611826,-7.837417965477704,3.6822830301031466,0.514752407085523,2.2631400659145893,-0.4580979061466991,23.54224309723388,user,rest,heavy
1788983611843,-7.949348062133788,3.5652664239630103,0.4200325345579535,1.6863470256497028,2.6869612013201083,29.138000225719185,user,rest,heavy
1788983611859,-8.317605620464683,3.035100393842161,0.2677012347348034,3.959318935431114,1.47081965933801,29.5660208602472,user,rest,heavy
1788983611876,-8.672996098437904,2.79268806027323,0.2908954286437481,6.541311868595762,-0.564932576853718,27.877977172918985,user,rest,heavy
1788983611893,-8.622866332134604,2.892196482251584,0.1991675044737756,15.17506841112421,-7.631862987049134,30.47389301981988,user,rest,heavy
1788983611909,-8.836399192699789,2.9465146401554345,0.0918769041866064,29.82126844462516,-11.96649142586234,34.7501515157598,user,rest,heavy
1788983611926,-9.405023256030676,3.004424977332353,-0.2407677812322974,49.81792790030687,-15.995773696509186,36.82147126836328,user,rest,heavy
1788983611943,-9.70369874409139,2.9444200059637424,-0.2638121914070099,69.26724331666043,-19.870557088130344,36.7955711910306,user,rest,heavy
1788983611958,-10.139294977679848,2.9134456065073606,0.0550661997921764,86.14744796351081,-25.172892704966483,34.67538485001026,user,rest,heavy
1788983611976,-10.307786919513344,2.792089509858191,0.543633925915882,92.97799913354956,-30.449167735024435,30.83181883799064,user,rest,heavy
1788983611993,-10.428991040471196,2.653972832544148,0.6732192870542406,98.64347712553509,-35.14807492171016,25.79881636314833,user,rest,heavy
1788983612009,-10.690558156365157,2.618658358056843,0.7089825282223522,107.61481448713091,-38.832053563772426,17.681763204444522,user,rest,heavy
1788983612026,-10.780191081017255,2.6539731248050926,0.6373062621518969,114.90328885988404,-39.295324804606885,12.407408311316988,user,rest,heavy
1788983612043,-10.695496197289229,2.684499195972085,0.6587041472285986,120.69347244573562,-40.548213724819,7.33598175352512,user,rest,heavy
1788983612059,-10.499320129716397,2.5393501358032227,0.8870510209681466,125.95800467306304,-43.14361389243757,-2.9380694776176304,user,rest,heavy
1788983612076,-10.592695163506267,2.606687349756062,1.1290155742369592,126.24683971268452,-45.238549024096365,-12.846574107023176,user,rest,heavy
1788983612093,-10.45682480381429,2.667141233935952,1.2807481044493614,122.30233716511046,-47.83558502202114,-20.56636041171059,user,rest,heavy
1788983612109,-10.216507396697995,2.943522180341184,1.5252548164816573,112.5019172911126,-47.515570168838536,-27.145553790103715,user,rest,heavy
1788983612126,-10.122833672222496,3.389292309680581,1.4528305815881115,105.34423421077608,-46.00408004136598,-30.57571406487185,user,rest,heavy
1788983612143,-10.17595677512288,3.610457272559404,1.330877030502446,101.04213027901685,-43.782079485482846,-34.922723075329344,user,rest,heavy
1788983612159,-10.325592625316975,4.0120837242677805,1.0125968243921175,100.18748919874064,-40.28159387547297,-40.26289281752548,user,rest,heavy
1788983612176,-10.137049244579671,4.173393061120808,0.7013514488220215,104.88182357377706,-38.20595061312487,-43.36363819126577,user,rest,heavy
1788983612193,-10.019135397338866,4.178630669513344,0.6504746635437011,111.30915452616412,-35.312101914628016,-45.79116938455834,user,rest,heavy
1788983612209,-10.163086187633873,4.614973922076821,1.0637738347260282,111.89702890802712,-31.96022756057928,-46.99881171661371,user,rest,heavy
1788983612226,-10.211119273918866,5.477634415490925,1.732653046749346,104.38266651904334,-30.913992843895063,-44.44239826877758,user,rest,heavy
1788983612243,-10.08108419625163,5.639243027551472,1.9874862147457897,94.89269923339008,-33.3770649265338,-39.52915633084227,user,rest,heavy
1788983612259,-10.466102335247395,6.145616678674519,2.386270063439384,84.41580376361583,-36.318574685059005,-31.99769797836597,user,rest,heavy
1788983612276,-11.230602021899818,6.98702950913757,2.4667752403926104,83.99289894077614,-37.061856361107296,-22.378798919297665,user,rest,heavy
1788983612293,-11.264718811035156,6.969671254840493,2.365320214391127,95.20867744477322,-35.70098215011728,-14.44504071716032,user,rest,heavy
1788983612309,-10.61005371006429,4.988170105853676,2.3135464802730827,119.04088085529436,-34.3705739979201,-19.833715047747297,user,rest,heavy
1788983612326,-10.091710804206132,2.8374288270145653,3.764282792995684,121.91845321299908,-34.37163950743062,-32.32383951123408,user,rest,heavy
1788983612343,-9.745147775810956,2.382230651855469,4.972008039071224,105.87707092830712,-37.72444959739565,-45.74852168338078,user,rest,heavy
1788983612359,-9.78240753914714,2.626140238244832,7.27178782326579,64.01204795792843,-39.32627239173621,-62.21352254568068,user,rest,heavy
1788983612376,-9.965264690941572,3.694402799224853,8.868422078295797,19.8423466993109,-35.05565221695613,-68.33229970231241,user,rest,heavy
1788983612392,-9.593864742931723,4.0716397828251125,9.355641860409266,-37.46634699394463,-31.289444927476083,-62.776145718182136,user,rest,heavy
1788983612409,-8.743325187683105,4.710741988483071,9.628580301677808,-97.05009644500863,-26.7805331129326,-53.48293227685484,user,rest,heavy
1788983612426,-9.382577615466714,5.622633691925556,8.15614635374695,-158.45465138539302,-22.675840431206936,-45.369162731594514,user,rest,heavy
1788983612443,-9.705643448418378,5.778106723840534,6.944680825164541,-186.05470816098415,-20.743651631996613,-40.82772897131802,user,rest,heavy
1788983612459,-9.961376451331375,5.8819559515021735,4.72794943613261,-199.39429983645087,-25.09511392579296,-34.29718361528831,user,rest,heavy
1788983612476,-10.84094453266561,6.35256577693522,3.0545521132871505,-201.14724056617797,-35.670785883796654,-25.985350536928667,user,rest,heavy
1788983612492,-11.152490023693442,6.569539863995463,2.2706007071897387,-194.61676009694537,-48.054789698148944,-16.937793386837345,user,rest,heavy
1788983612510,-11.216533749058842,6.232705910193174,0.6211446702934801,-179.63786837916226,-69.47217631251749,-4.66378336576576,user,rest,heavy
1788983612526,-11.413607642254233,5.210531438910216,-0.6221934486940502,-167.546999208514,-82.60166453892542,-0.4957532726495083,user,rest,heavy
1788983612542,-11.699715325164794,4.722264303168282,-1.1148004402711986,-157.43460361398664,-86.72058962733409,-4.169416408074352,user,rest,heavy
1788983612559,-12.734907683452963,4.061913338580728,-2.232744147004187,-145.937018335024,-78.89803544262102,-17.2832165437324,user,rest,heavy
1788983612576,-13.034782025909424,3.3499378390874712,-3.0545529900699853,-131.51883050658557,-62.39120991693856,-39.47494511939988,user,rest,heavy
1788983612592,-12.855216316875817,3.169026049207151,-3.258508751733601,-121.199808029287,-48.15306245992709,-50.18095586978763,user,rest,heavy
1788983612609,-11.997495325690506,2.5869358436468985,-3.314324454718828,-113.67091099774946,-34.73948617537083,-54.22426051880051,user,rest,heavy
1788983612626,-11.24167403553426,1.7483667395766358,-3.168276984405517,-110.48337099513122,-20.472358225711,-60.67606745407832,user,rest,heavy
1788983612643,-10.827477148327231,1.3329728520042263,-3.1061779633671045,-113.36695391930554,-15.85925870556814,-67.52066832323979,user,rest,heavy
1788983612659,-10.455327843254803,1.055993592645973,-3.3041485131412744,-112.40460758600744,-14.328387916325674,-74.04251543336149,user,rest,heavy
1788983612676,-10.40086092453003,1.2442375520452855,-4.039766388702392,-92.97556758620505,-17.910784569956927,-83.16051744700503,user,rest,heavy
1788983612693,-10.319607121166586,1.0857715488594024,-4.576966262982785,-67.26290381415268,-7.888799335699381,-93.6232675950082,user,rest,heavy
1788983612709,-9.560645194897056,0.6950676923774183,-5.019742763464152,-43.713378027716274,4.726892606149385,-101.78938712516208,user,rest,heavy
1788983612726,-7.682095301818848,1.1029799463570118,-3.8637931512027976,-28.42875508985235,14.93896243189521,-97.69916932183496,user,rest,heavy
1788983612743,-6.969070950859785,1.4279926755927503,-3.1181486794069406,-24.1765098314869,16.938800839739923,-86.45492941956645,user,rest,heavy
1788983612759,-6.02695435115397,1.998710350202024,-2.774281173706054,-15.381884831644903,15.942665560617751,-73.23475677154826,user,rest,heavy
1788983612776,-5.629964619335532,1.4318833994209763,-3.338265302276611,10.988659346168513,11.598635366412024,-58.92690381896224,user,rest,heavy
1788983612793,-5.610213040161132,1.17435708335042,-3.409493093927205,36.17753127869824,4.757906787623121,-48.48349335159397,user,rest,heavy
1788983612809,-6.195296070861816,1.0431246125921607,-2.9936507776007053,55.92873764127178,2.880923205822838,-41.75622830218414,user,rest,heavy
1788983612826,-6.6913453118473285,0.6537672753483057,-1.8106152977541088,62.51605211458805,6.975231652132557,-38.27938539198626,user,rest,heavy
1788983612842,-6.830358061218261,0.4631289681583643,-1.1517615129217504,60.457576532718775,16.245172931410323,-34.09091190235393,user,rest,heavy
1788983612859,-7.118411617499589,0.7523784562259912,-0.215327927288413,61.26487074166843,28.749758612917315,-26.14282737843248,user,rest,heavy
1788983612876,-7.078907874628901,0.7929299545839429,0.2605184836238622,68.56587168135933,32.11446689241651,-15.85015064830993,user,rest,heavy
1788983612892,-7.130981760737299,0.4456216607794165,1.2665323859617112,90.06457511289146,28.002435172427663,-6.004679273433493,user,rest,heavy
1788983612909,-7.097909512218832,0.2234101114571094,2.6128216147273777,101.56022744831898,16.846902352004694,-2.316568793810191,user,rest,heavy
1788983612926,-7.126192772895097,0.2416650223329663,3.5027173210695386,103.4568821883723,8.909455847715543,1.2001233609962432,user,rest,heavy
1788983612942,-7.034614559394121,0.8665516556337475,5.058199919891357,90.9455602327964,7.812693099098867,13.554924488108735,user,rest,heavy
1788983612959,-6.596624124145508,1.206379238294065,6.001214929741621,77.38202031482334,8.643777710701325,30.03243398809986,user,rest,heavy
1788983612976,-6.542008152338863,1.004517380169779,6.151003047887981,63.60106181519043,10.296838876648028,45.34391152223298,user,rest,heavy
1788983612993,-7.369354463526606,0.5199908191956579,6.097881406292319,46.92022356002354,12.276168787736133,53.8844756830653,user,rest,heavy
1788983613010,-8.551340726581214,0.6829467542119324,5.981014145494997,35.40379037404627,16.389283092708425,52.9432653701538,user,rest,heavy
1788983613026,-8.952219282531738,0.9968865930303932,5.953331481060386,22.702759914273248,29.29191170847625,52.325887986170926,user,rest,heavy
1788983613043,-8.83505420783162,1.32923156485036,6.08740706629008,-4.730070778547557,43.904510626355325,69.55889239421998,user,rest,heavy
1788983613059,-8.86827200230062,0.7044946422185748,6.300789412468672,-21.995253061550184,41.73061509279659,82.97417622606874,user,rest,heavy
1788983613076,-9.501838785663246,0.3818760415777564,6.089053372192383,-25.321223923171647,21.523761688049618,87.58239557604962,user,rest,heavy
1788983613092,-11.815835274726153,-0.2862559322748333,4.723011102947592,-1.1035689254028869,-9.603779581566837,58.62222274046631,user,rest,heavy
1788983613109,-13.292609370753167,-1.2734151312127708,3.388244261932373,12.13153782451382,-16.819431331162903,27.2345238342323,user,rest,heavy
1788983613126,-12.8309767786324,-1.470338400423713,3.366546224865317,0.8381915301555618,2.116577866704456,11.440290237109972,user,rest,heavy
1788983613142,-10.869377430945637,-0.7447455501947552,4.313902186529338,-36.34526364924083,28.547105192695746,12.74775749143237,user,rest,heavy
1788983613159,-9.56348889389038,-0.3464102489862591,4.179676963695884,-46.72106890420431,28.76512995364443,17.29911722412019,user,rest,heavy
1788983613176,-9.351153134155274,-0.3064569722497836,3.5715503265380857,-37.25283869558461,11.407447272485966,21.44784584297222,user,rest,heavy
1788983613193,-9.355643431311846,-0.4747992764795198,2.5995041602537032,-11.999280602746632,-20.058578535602457,25.669153759492097,user,rest,heavy
1788983613209,-9.98546693649292,-1.145175814388506,1.6519988532468677,4.515138812632419,-33.227480368615936,24.752801920064847,user,rest,heavy
1788983613226,-10.512789852142332,-1.3605041070031,1.1170444198057057,17.131770759265706,-31.45266595807188,20.62437433097339,user,rest,heavy
1788983613243,-11.30571951446533,-1.4441516919015909,0.2023088712394237,34.621443431040085,-15.897769019655966,9.809527931256069,user,rest,heavy
1788983613259,-11.224017967334389,-1.4939809408883564,0.7383113524287939,40.73975613480825,-8.548263491574222,-1.3091574059768591,user,rest,heavy
1788983613275,-10.794108547210692,-1.535131391520146,1.6410753081724048,33.783508993473745,-4.168440117909864,-9.351570577595885,user,rest,heavy
1788983613292,-9.766249016028642,-0.9976330092172138,3.33601986143738,14.510214382220584,-2.753884462024951,-8.288825586140456,user,rest,heavy
1788983613309,-9.158419900512694,-0.6664851382273249,3.584418283678591,6.875722626114641,-5.878517995500541,-4.439658392114608,user,rest,heavy
1788983613326,-9.164104960411786,-0.7416030691842548,2.9936493162959814,11.69715572254758,-13.158915242673274,-3.782725248214081,user,rest,heavy
1788983613342,-9.374048272052407,-0.7814068909800611,1.710656209398806,34.70823805991802,-28.18599650637176,-5.234592519987481,user,rest,heavy
1788983613359,-9.507224570354818,-0.6971608835306949,0.9650126143857836,54.70139362855551,-36.84259362837155,-9.227892927199877,user,rest,heavy
1788983613376,-9.521740002441408,-0.551413784403447,0.9207187146291136,63.86612779650028,-39.30508856002542,-14.276034516337528,user,rest,heavy
1788983613392,-8.606855693054198,0.1122288969395682,1.45268098051697,60.74207440221732,-41.320851553920015,-12.141360490313945,user,rest,heavy
1788983613409,-7.369801038250326,0.7038959822056815,1.082777700805664,62.70366375070996,-46.49652302014556,1.696435108332106,user,rest,heavy
1788983613425,-7.042543598827719,0.7912843627801601,0.2882017325803637,83.04503943870762,-54.39917483325537,12.59817207974086,user,rest,heavy
1788983613442,-7.418882756805419,1.088913527546404,-1.1399404344856738,117.20164751559332,-61.76036681500701,17.239457229267423,user,rest,heavy
1788983613459,-8.355317219221591,1.5001177448766303,-1.2364552276059984,159.60415856232785,-56.085562199709855,11.86119381452284,user,rest,heavy
1788983613475,-8.569895204925537,1.6991357213445006,-0.409109500940144,164.5939805812373,-42.72775782482134,7.526213620967376,user,rest,heavy
1788983613492,-8.42055687637329,2.1040550771184265,1.625512997381389,152.16209372570864,-28.539054107211594,9.647170065816631,user,rest,heavy
1788983613508,-8.503604577416182,2.0742769747745244,2.0085840939626096,138.2062414021884,-17.892331106366846,12.825004369624276,user,rest,heavy
1788983613526,-8.80512434899211,1.9214968352053317,1.5885519247308373,142.08776960561494,-19.704571538467988,4.00765148843224,user,rest,heavy
1788983613542,-9.048286039623616,1.9746184037357568,0.7092807805165648,156.02268056913994,-24.943381273381128,-8.695816921987653,user,rest,heavy
1788983613559,-8.381201602062582,2.768595383154601,0.3407233624562621,186.32896757691688,-20.37187248264177,-15.83815854367468,user,rest,heavy
1788983613575,-8.058733735004067,3.4519903195254504,0.6585545096248387,203.28228939883223,-17.311983592969202,-9.516506839446995,user,rest,heavy
1788983613592,-7.594855994305014,4.181922404535115,1.859395695275068,209.9489775004932,-18.884142875744395,0.9534637790042207,user,rest,heavy
1788983613609,-7.677454782536626,4.159177050372213,2.7473449437245727,209.50668177059987,-25.832579695762995,13.759430597142671,user,rest,heavy
1788983613625,-7.959076259943842,3.943998906818032,2.7370214103698727,211.2160185726656,-22.930029336263544,13.013524420905798,user,rest,heavy
1788983613642,-8.671949804255366,3.806033036151528,2.4383438764825462,209.702216426159,-17.988942424629382,3.539162836845541,user,rest,heavy
1788983613659,-8.48519915215373,4.233696430914104,3.0687662243396043,196.42562641559653,-8.340579637028936,-3.1047790273320093,user,rest,heavy
1788983613675,-8.235006247711182,4.576366835784912,3.2429455641597507,189.67525483622447,5.268145397398345,0.1557111308816599,user,rest,heavy
1788983613692,-8.220639868706463,5.180752532848715,3.04901435290426,194.2495418064088,19.751896211679718,1.2472792004694229,user,rest,heavy
1788983613709,-8.526500299835204,5.617246007537841,3.28484438547343,199.47026520039972,35.81197613922457,8.541015807091192,user,rest,heavy
1788983613726,-8.833258556586504,5.6723129379823805,3.829973883709312,183.86135683357463,54.91936887063271,11.415289183426786,user,rest,heavy
1788983613742,-10.134207299152015,5.1517234222412105,5.3622622155569495,146.02086573727507,80.5496229952543,-7.38733026193163,user,rest,heavy
1788983613759,-10.548253379711507,4.380939833013713,7.107935231670737,63.72255722014661,117.53993312480571,-34.85081825884204,user,rest,heavy
1788983613775,-10.218006110823154,4.080169418500364,7.08638800125122,6.607997566783536,136.77740680895675,-23.32281985505264,user,rest,heavy
1788983613792,-10.63624087524414,3.3110312583923336,4.457853122954815,-20.47122612185607,135.25870058662608,-10.164098418997062,user,rest,heavy
1788983613809,-12.893525297003984,2.4292174439579246,0.8454510730031878,-8.737195061753235,84.09962747674676,-24.63126724152093,user,rest,heavy
1788983613826,-13.76426534423828,1.978508396911621,-1.3115748390633613,30.62099821906903,34.583283164147225,-52.81595064402475,user,rest,heavy
1788983613842,-14.733767378997802,1.2135606742307543,-6.059875500763952,85.92867017420613,12.086029981621316,-86.40531492543548,user,rest,heavy
1788983613859,-14.73571325236857,1.0690110412597655,-7.70424210556671,136.24480231785748,36.83131015586269,-120.1647748228416,user,rest,heavy
1788983613876,-12.859258285742998,2.1254525238037107,-7.535900404125172,153.94583860859248,93.30651074205969,-136.75606929798963,user,rest,heavy
1788983613892,-9.06579363926351,3.8896795798704025,-4.029292706287279,135.42135471152076,97.93112937623776,-107.32387574924506,user,rest,heavy
1788983613908,-7.755418896704912,3.84344185256958,-3.1265293350655585,131.56276228332712,63.86816319287294,-65.83769605137032,user,rest,heavy
1788983613926,-8.079683584052324,2.099265943145752,-4.516363179590553,171.5345456082375,-8.7739081823157,-51.38475280534029,user,rest,heavy
1788983613942,-11.099520065528154,1.3420995219908654,-7.465869695038348,217.87067188100903,-26.384069659917333,-75.11269679327576,user,rest,heavy
1788983613958,-12.655900782233475,2.199971758215129,-8.501362132251634,261.55012777421246,24.465734191891087,-108.71979566086642,user,rest,heavy
1788983613975,-12.861651318359376,5.223549033654481,-7.602489046466722,267.42097589416187,65.68427634223349,-120.95546484191895,user,rest,heavy
1788983613992,-11.302726762390137,6.120476684460043,-3.526211301642656,252.93742315536645,77.68961788409486,-110.073621116633,user,rest,heavy
1788983614009,-10.730960893902182,5.629964363607205,-2.504635088513792,234.33701487548083,64.7775209185901,-95.66994744018083,user,rest,heavy
1788983614026,-11.636567671856284,3.745877312934305,-2.124704628045857,218.3643169730825,51.30218947865317,-101.18514761004772,user,rest,heavy
1788983614042,-13.525592781719563,3.856758905184455,-3.4323879395633936,215.55023805390223,57.36079608379168,-126.01968128126823,user,rest,heavy
1788983614058,-13.79703714850545,4.401888366887718,-3.702334615137428,210.3237089991168,77.35409850149632,-143.31982644885852,user,rest,heavy
1788983614075,-12.561477700695397,5.349244474682211,-2.804059495245665,182.92889940808453,106.8486516773631,-135.80670032411453,user,rest,heavy
1788983614092,-10.817899757164716,5.4092488615289325,-1.1622358529239891,155.0581485753074,113.22099277674238,-119.6829049768972,user,rest,heavy
1788983614109,-9.99923359603882,5.144390156743675,-0.5110132936224341,133.60309005257164,110.12808504507468,-105.52351301611056,user,rest,heavy
1788983614126,-9.427168452343343,4.24895888197571,-0.754473382678628,115.4001987823808,103.74797119041992,-87.14372667660555,user,rest,heavy
1788983614142,-10.622323993572593,3.279007934404909,-2.0474919167667625,103.74267096362398,105.78067646855072,-77.99563084947894,user,rest,heavy
1788983614158,-11.666345555004478,2.5707731558099387,-2.6735753586366773,99.00964356693946,117.35827741364004,-78.70927633471855,user,rest,heavy
1788983614175,-11.841121691673994,1.8038807288020848,-3.649062605285645,87.3406683511337,134.99347068077614,-70.12426130276778,user,rest,heavy
1788983614192,-10.15695104587972,1.4428051909297703,-1.8351555725097652,61.74042266263057,128.79008797089546,-49.89964086844232,user,rest,heavy
1788983614208,-9.408164476665856,1.0981897894710302,-1.1219833375126125,41.05624319528455,108.413448016213,-28.95057300470486,user,rest,heavy
1788983614225,-9.694271575054524,0.0094265845149755,-2.6010011208131907,50.227974892034,80.86550558398905,-16.79744324467734,user,rest,heavy
1788983614242,-11.162066830334068,-0.4348477533087134,-4.895693482208252,74.10757981539503,67.9573906187704,-11.046796208836367,user,rest,heavy
1788983614258,-11.696871626171468,-0.8982754121527076,-5.040542974908649,84.42239489616489,48.56410665927304,-7.956196227334482,user,rest,heavy
1788983614275,-13.102118363079429,-2.765453431867063,-3.327192411859333,79.15732991408221,17.632459483920783,-22.26191047693665,user,rest,heavy
1788983614292,-13.743763238957523,-2.667290579278767,-4.395304750713706,105.3047147362384,2.7163982494258057,-40.77335383533555,user,rest,heavy
1788983614308,-12.599934564861654,-1.7402862085089086,-5.776460710199177,157.505446336058,-28.199603950745715,-38.86450379251916,user,rest,heavy
1788983614325,-10.130167083850502,-1.689559353095293,-5.369745995441079,189.7824478250587,-23.77829443494952,-24.550010188512584,user,rest,heavy
1788983614342,-12.236614462932945,-2.364873274341225,-4.364330643518269,189.7361254821077,-2.370118117233325,-41.65333833252706,user,rest,heavy
1788983614359,-10.704775482288005,-2.245612688666582,-0.3176809250429272,160.6138244461958,-15.87320082921143,-58.1107440244699,user,rest,heavy
1788983614375,-8.303838960918783,-2.684948108783364,1.030553884832561,127.29058824051086,-25.529030721121995,-42.37311049745218,user,rest,heavy
1788983614392,-6.422146093639731,-3.654150868335366,0.7873930709838867,97.42503284930731,-27.82108340468007,-25.509112181954944,user,rest,heavy
1788983614408,-7.319373165783285,-3.731214234271645,-0.2449566112242639,90.24590297497696,-23.48780478200159,-30.48642300185227,user,rest,heavy
1788983614425,-9.14869228722453,-4.040066248431802,-2.371007685443013,93.39768693729016,-8.057563918580287,-60.0710902785336,user,rest,heavy
1788983614442,-4.6338265065848825,-2.567631642913818,-0.1955759097225964,69.87106619023541,-22.84292905642025,-26.255795292209907,user,rest,heavy
1788983614458,-0.897825038036704,-3.024026918902993,0.7914334324158727,22.465750642526512,-4.457691372183911,9.004788213055996,user,rest,heavy
1788983614475,-4.478353620800376,-3.386598832812905,0.5925652031496167,10.27185660598506,7.983938748195781,-42.82535781296623,user,rest,heavy
1788983614492,-5.007771462902427,-3.1953625597298143,-1.120486376953125,21.572211634927104,3.943183040403782,-71.3382044843325,user,rest,heavy
1788983614508,-4.300883422741293,-3.2109242859989404,-0.7921813281737268,27.447198849513573,0.8118421544415335,-58.38147906279087,user,rest,heavy
1788983614526,-0.1530780996024608,-4.728997776141762,-0.3624221301756799,11.508176341044376,13.918876240674743,6.240874472008527,user,rest,heavy
1788983614542,-2.4712638570487497,-5.756259925952554,0.5485716015137732,-13.479997312913696,19.70349919876829,27.824462640771934,user,rest,heavy
1788983614559,-5.2811581959277385,-6.389675318145752,0.4970964119508862,-28.23458305703264,21.07196687256808,18.106361914198363,user,rest,heavy
1788983614575,-9.171138512310383,-8.078485898700356,-1.9505261650085448,-12.893956836842849,12.001325390629404,-19.202754125052568,user,rest,heavy
1788983614591,-8.705167014202475,-8.17829418040812,-3.6734536808289584,-2.5898796672218976,20.582959478941014,-31.32423108091896,user,rest,heavy
1788983614609,-7.173177226909995,-7.331195705524086,-3.268534032794088,-6.873230887728056,24.07334323916844,-26.905279687933717,user,rest,heavy
1788983614626,-4.428374076622724,-5.765536872863769,-1.9849423754818736,-1.818662304024836,5.919432963063033,-3.5306295826946683,user,rest,heavy
1788983614641,-4.791395487865805,-5.843648286548256,-3.6957492453977454,16.467669758718074,0.5902423230708763,0.9646649690779244,user,rest,heavy
1788983614658,-6.159232239311933,-6.269665959930419,-3.981407430975139,20.49374354800231,13.06452373589099,-3.760492128692043,user,rest,heavy
1788983614677,-6.976852690777182,-7.173328618079424,-2.863764899145812,8.99041493372135,24.0923943443109,-11.09412429714268,user,rest,heavy
1788983614692,-6.565049420708418,-7.266253570014238,-2.0672433498106897,3.9416014247241007,21.39326750886194,-13.746971478322925,user,rest,heavy
1788983614709,-5.196165206035971,-6.427384578815103,-2.1764788005553184,10.0875593191579,6.002170886460806,-15.961945477097409,user,rest,heavy
1788983614726,-4.691137708824873,-6.368726638141274,-2.2650641158506275,18.22771559272927,-1.2402208402924493,-9.362694394432896,user,rest,heavy
1788983614742,-4.831946693962812,-6.325929698944091,-1.9140142974302168,19.921800582378367,-9.447342636364157,4.365748061332253,user,rest,heavy
1788983614759,-5.310637388390302,-6.233005331531166,-2.02414728153646,25.015525146489388,-24.264211167977155,15.227052980897176,user,rest,heavy
1788983614776,-6.388776908001304,-6.891859700885415,-2.6295816108703614,30.97609633892341,-23.04498825018403,14.52234138309194,user,rest,heavy
1788983614792,-8.53592688435018,-7.80180596934855,-2.7855038478575644,30.151794958940418,3.4014559778943294,-3.778991269172199,user,rest,heavy
1788983614809,-6.0137850729793305,-6.630293169513345,-0.6518209635861217,12.141146193128735,15.550158494679216,-10.820732315234578,user,rest,heavy
1788983614826,-4.667046054619551,-6.340145855823159,-0.2575263160705566,-2.3920460126768286,-1.3345872674738744,8.602995504940825,user,rest,heavy
1788983614842,-5.71421059025228,-6.845472043719887,-1.4863503181457518,5.209522737525772,-23.79423097383045,11.55808880217789,user,rest,heavy
1788983614859,-6.309170287322997,-6.460155798560381,-2.229151529339701,30.616801067824056,-41.07562044195988,-3.993468173733885,user,rest,heavy
1788983614876,-5.546466836437583,-6.328773397937416,-1.7524058315001427,29.59846084371017,-37.97141899249956,3.5896157366971333,user,rest,heavy
1788983614892,-5.393985533684492,-6.54320408412516,-1.1947064822874962,16.746341476854596,-24.668409810227462,13.58198996646856,user,rest,heavy
1788983614909,-6.117483347862959,-6.449679997253417,-1.2050310385555028,6.864758038062655,-15.522439879480013,12.338414009189751,user,rest,heavy
1788983614926,-5.703136823052168,-6.009296529388427,-1.2300211029052734,12.029878142680996,-20.602068640691417,9.757827668107304,user,rest,heavy
1788983614942,-3.7210377081722017,-4.531326501575112,-0.9293991569519042,25.05653701736073,-31.663937369478717,15.52900881391427,user,rest,heavy
1788983614959,-2.206404713872075,-3.993827644348144,-0.0694320673402398,39.10642567782643,-51.59325799013326,39.85270580692036,user,rest,heavy
1788983614976,-1.9901789609611036,-3.81800345993042,0.1723825925964862,51.610545198922566,-72.75292790673889,57.527848850511845,user,rest,heavy
1788983614992,-2.416346856468916,-3.277961347961426,0.9216180015563964,60.70954221120055,-96.88289341412674,72.11766567241435,user,rest,heavy
1788983615009,-2.932298483276367,-2.7207120806038376,0.6085763765195618,79.78399977043088,-122.90496475558068,80.86599052742011,user,rest,heavy
1788983615026,-2.5022382565051315,-2.39390296947062,0.6411974243715405,89.15209599072361,-122.49993453779894,92.8726298052238,user,rest,heavy
1788983615042,-1.442355693596601,-1.4501380180358885,1.1531078860294073,87.97545930240551,-114.74844847139984,114.03073902360408,user,rest,heavy
1788983615059,-0.5825374378710985,-0.1604120957523584,1.452981424768269,76.44996587049422,-90.159569383868,155.2834355348911,user,rest,heavy
1788983615076,-0.2120347309619188,0.4388870918273925,1.434425631249696,67.48049315054178,-71.32151150200097,190.74643340375764,user,rest,heavy
1788983615092,-1.1095634164005517,1.1352993306815624,0.9154830059327184,64.15529751539111,-52.03638358801077,219.49300573342717,user,rest,heavy
1788983615109,-2.7881980553776025,2.4555519086539745,0.5416882717408239,61.70235118819692,-18.43654691905512,248.88985305321688,user,rest,heavy
1788983615126,-3.3035476246386763,3.2701793157830834,0.4637264956600964,58.12539478023958,-6.438118382407448,288.0080676375508,user,rest,heavy
1788983615142,-6.159383045959473,3.749618490490317,-0.101304219353944,62.53479415367056,-1.524611027589857,322.04716230976635,user,rest,heavy
1788983615159,-9.849595992279053,3.9558188162103294,-0.4786906944274902,85.82940703499834,-19.634118137179307,331.4915654034665,user,rest,heavy
1788983615176,-11.302725593346358,4.476108764483034,-0.6733689246580005,116.90733466425746,-45.59352761564027,319.9024009481124,user,rest,heavy
1788983615192,-13.629440109685062,5.816113405687036,-1.2210434312015772,155.38194052310104,-67.41908291971419,305.3035546161271,user,rest,heavy
1788983615209,-15.289672246009111,5.696553353008627,-0.985961586651206,195.8773671309196,-70.09862760281273,267.52072397680075,user,rest,heavy
1788983615226,-14.714314490509032,5.793368590380251,-0.0950195861265063,188.2168045427517,-45.36781035413885,246.6815982530384,user,rest,heavy
1788983615242,-12.690168378016352,7.742249326269328,2.1636106972843407,140.66495923923125,-1.4803567378534634,249.8646576515611,user,rest,heavy
1788983615259,-12.343456296539308,9.10814078886658,2.5073275424681603,84.01282943277424,39.455219533076885,267.6005279070632,user,rest,heavy
1788983615276,-12.67924249485433,10.774505144335327,1.7389385932922363,47.17885891822983,47.87259098694428,286.8651857441109,user,rest,heavy
1788983615292,-15.506346327209473,12.36021453911662,-1.0752958206176757,66.33852650245066,38.2080850472405,287.60751802386454,user,rest,heavy
1788983615309,-17.572542944446205,12.887986952099205,-2.5149590602599083,124.90578671066588,24.76881529857394,274.72048102242456,user,rest,heavy
1788983615326,-20.765959046283363,11.263969453972578,-2.784455653978884,219.56509154992744,7.810400716858682,234.29868385385876,user,rest,heavy
1788983615342,-20.18042768729329,7.006929849132895,1.7133516590278597,241.16384359242196,14.629293607757878,184.5323136365017,user,rest,heavy
1788983615359,-18.82904990321696,6.294055720299482,5.555745427316613,183.19856893689496,10.15502024381647,132.2128187073939,user,rest,heavy
1788983615376,-14.406959436908364,6.1738978935241695,10.009259461621197,72.69265831750269,-6.170115846641311,84.99425931461337,user,rest,heavy
1788983615392,-10.9811555519104,7.398231013920903,5.149479186978377,58.60995572071697,-33.6567884938025,78.58401749552968,user,rest,heavy
1788983615409,-10.906935300445555,8.412325639122724,2.1402677060218527,96.06006735500446,-48.37640964578651,80.15981043894332,user,rest,heavy
1788983615426,-10.33606842662394,7.593509840393066,-0.607228756736312,154.549681972735,-38.0562089608561,79.44214197228257,user,rest,heavy
1788983615442,-9.843311797443032,6.523600973510741,2.0843029864873737,160.95097624400594,-34.09617114801484,67.21667026366086,user,rest,heavy
1788983615459,-9.61601169281006,6.991366953819989,4.14107170403488,129.4247354881947,-39.33826620391876,50.73642100403892,user,rest,heavy
1788983615476,-6.910264541625976,7.18873895317912,4.723461184802651,90.12133398489428,-54.60958564082679,53.46541967182293,user,rest,heavy
1788983615492,-5.417480975562333,6.944233446723223,1.713201729163155,89.86320064559199,-69.107813041054,57.90333166994413,user,rest,heavy
1788983615509,-5.356578470832109,6.84981211875081,0.5243310403570532,98.20984890569848,-75.85481733716516,55.2993596149172,user,rest,heavy
1788983615526,-4.991013220325112,7.637952208709716,-0.82854268136546,111.82338580839604,-76.19125879530165,59.44777404506741,user,rest,heavy
1788983615542,-4.365377814483642,8.601917067608237,-1.92852826821208,133.66764900060662,-73.54178060492951,66.40367967694341,user,rest,heavy
1788983615559,-3.990535909326374,9.100808838543296,-1.9984093214288352,147.96416383917042,-71.56660601017771,74.25059031623675,user,rest,heavy
1788983615576,-3.859154385486245,9.95284593887329,-0.4935040865473449,141.048938813991,-76.11357222368193,86.03313791756148,user,rest,heavy
1788983615592,-4.727950605176389,9.643396543341874,-1.363197985729575,148.5890305255782,-84.16709608536814,89.81229524570787,user,rest,heavy
1788983615609,-5.240608743396401,9.822661223602294,-2.0476402391962707,171.5868238761447,-97.81576748115624,89.29865135974458,user,rest,heavy
1788983615626,-4.969913733673096,9.773429867443442,-1.9792557081475848,188.52888954630797,-107.99728459008412,85.69806932744817,user,rest,heavy
1788983615642,-5.60886659398824,10.85441250152588,-1.3001996777638791,181.5555259509134,-100.3266201521338,85.87692466105412,user,rest,heavy
1788983615659,-6.280140884454548,11.514763246917724,-1.1366463613763451,165.4908937022867,-89.40473102774405,83.27087281342493,user,rest,heavy
1788983615676,-8.502259008026122,12.789375771221518,-1.9574083257377144,156.92934720032412,-78.94323080435899,65.05384305165214,user,rest,heavy
1788983615692,-6.909965558679401,11.11358541575968,-2.392405424389243,153.30198399629208,-81.93219671723745,52.82268521054639,user,rest,heavy
1788983615709,-6.186616797582805,10.301650608715414,-2.626886964958906,147.34854522889884,-74.20416552044817,34.533047122801776,user,rest,heavy
1788983615726,-3.064877692468464,9.960627678790688,-1.5577265783563254,116.00670592029958,-57.59835006312472,25.890824133910275,user,rest,heavy
1788983615742,-0.4354457192018628,10.229975365558266,-2.3238708173453806,97.34820688152304,-43.70388747986454,31.0087378129669,user,rest,heavy
1788983615759,0.3507505432128906,10.72572416229248,-2.9553415052115914,91.85847648707112,-31.37541310346445,46.98752824410485,user,rest,heavy
1788983615776,0.7444467864438891,10.261399262347815,-3.686620474785566,98.76415290779086,-25.14590321246117,68.32294917333866,user,rest,heavy
1788983615792,-0.9852142754152416,8.769512352862954,-3.628561084526777,104.482687809249,-22.172831149781345,70.73446357302755,user,rest,heavy
1788983615809,-1.92164610748291,7.970596601867675,-3.199250799340009,98.90746393695606,-10.763895749829963,67.71663328071662,user,rest,heavy
1788983615826,-3.6528032531186936,7.15013420497477,-2.876631541112065,76.49721711917238,16.741358853855072,53.67116204509664,user,rest,heavy
1788983615842,-4.390816499383748,7.082198148345947,-2.7078414931148287,53.26151803453054,42.26844809370549,45.30239763245764,user,rest,heavy
1788983615859,-4.101566719055176,7.228544309344887,-2.5549118620723483,33.49224582160231,52.97067491929305,45.03675791525751,user,rest,heavy
1788983615876,-4.108151358142495,7.578995577350258,-3.330184287151694,27.521384949183663,53.27657518655583,48.26057305255768,user,rest,heavy
1788983615892,-4.419247351837158,6.777686209216713,-3.453036175316572,23.651285359785845,36.58334355313996,44.89690296181232,user,rest,heavy
1788983615909,-3.941155500085652,6.02650543834269,-3.171269151958823,14.165842220684064,9.652585552054807,37.982210691388175,user,rest,heavy
1788983615926,-3.3340757416322826,5.55424916087687,-3.741837335094809,6.367564662715331,-12.016980184207076,35.143276713818224,user,rest,heavy
1788983615942,-4.060865729223937,5.954678804016113,-5.009117616814375,-11.892071392213174,-10.924161869836082,28.70779734575134,user,rest,heavy
1788983615959,-3.930381592614948,5.618892605701088,-5.112517785534262,-27.576839255055,-14.384016392020843,28.123035822602574,user,rest,heavy
1788983615976,-4.171148643194884,5.358223899951577,-6.366031992229819,-29.73073428717664,-20.20889904640339,22.821733271878408,user,rest,heavy
1788983615992,-3.9056910957336415,6.201282159534096,-8.565554545372724,-12.656693994323176,-25.902152002648744,10.247343910827531,user,rest,heavy
1788983616009,-3.175310097912699,6.5316819886356585,-9.944465064018964,13.78017900429388,-28.088787546556844,15.130226511675785,user,rest,heavy
1788983616026,-3.321954949597269,6.361393811035156,-12.452242249950766,59.07169699917734,-22.4910138047191,16.72487248474595,user,rest,heavy
1788983616042,-3.539228750256449,6.422146678161621,-11.257534452489018,120.3163367205242,-19.31460530290069,10.482293880539508,user,rest,heavy
1788983616059,-2.6313772621154783,6.961890099444985,-9.106195207756755,128.78671385744548,-16.632415629046076,21.49944621460437,user,rest,heavy
1788983616076,-1.7582421364381908,8.091803645434975,-6.564601092419028,107.86948492052404,-31.926824520443333,38.61012705726037,user,rest,heavy
1788983616092,-2.654571090698242,5.990891104125976,-6.14232319008708,78.29049011594839,-11.808031037118043,68.99831144828035,user,rest,heavy
1788983616109,-3.2716768608644604,4.114585775104165,-6.37156858356893,49.57416527901828,7.023614150891988,69.01880201579038,user,rest,heavy
1788983616126,-6.435913191577047,1.556231663623452,-7.473349675530195,26.799720821858457,41.701334071824746,34.88771152564386,user,rest,heavy
1788983616142,-6.039972238159179,1.1071692147403955,-7.356632929119467,2.065448137794798,69.20071727414451,-14.446708990865098,user,rest,heavy
1788983616159,-4.922628397015482,1.3332716340214013,-7.098807337841391,3.272860804739326,83.09773434815428,-46.23030956705514,user,rest,heavy
1788983616176,-2.5582046200074253,3.49194370585978,-5.30554970986247,-1.57260996853871,90.20346700966368,-63.18610733254464,user,rest,heavy
1788983616192,-1.008856870678812,5.485715138354897,-3.557633444866538,-30.75155386995924,78.93515069057086,-62.40485663490024,user,rest,heavy
1788983616209,-0.219219235638529,6.0918970711857074,-3.477726379936933,-45.23624725034607,54.24043440675511,-50.836879426351466,user,rest,heavy
1788983616226,-2.688838248089701,6.319646088629961,-4.817881343731284,-48.778909278480775,61.00072000570736,-58.73977029608223,user,rest,heavy
1788983616242,-6.735787387903034,4.798729484015703,-5.840205452618003,-79.43698517945921,130.2824023422732,-113.90731067511275,user,rest,heavy
1788983616259,-9.809044201660155,4.095431577301025,-6.043562956127524,-121.5152944670499,253.12437909332803,-203.1416967849567,user,rest,heavy
1788983616276,-17.300501488550005,4.169502775683998,-5.23537025822103,-175.14446450912928,417.2316403943102,-335.7189880468408,user,rest,heavy
1788983616292,-15.510387127032876,8.248623854175209,1.0808329964786767,-242.59405788386596,589.9325637467324,-492.2506952940651,user,rest,heavy
1788983616309,-13.267618429620564,10.857554891204831,3.892373348999023,-260.7203963938393,626.1068848365207,-546.4289579039001,user,rest,heavy
1788983616326,-9.28531346528381,14.311341008105874,7.318475924682617,-261.46846603249577,591.2375670103117,-558.993992467109,user,rest,heavy
1788983616342,-10.705224395099282,15.747112062615155,7.413346165466308,-242.8595063557693,517.7117827084185,-578.5472940984815,user,rest,heavy
1788983616359,-11.384878537506609,16.757316110119223,7.038205277362465,-224.2431973954959,476.9026591723995,-598.4796439080329,user,rest,heavy
1788983616376,-5.117008082690835,20.472219261059163,9.438990992084143,-223.27683491096585,425.50835434750496,-568.817716946555,user,rest,heavy
1788983616392,-0.3660141633182764,21.34789793373942,10.817152153667807,-239.6875665052154,338.1511364480123,-475.3729153643701,user,rest,heavy
1788983616408,-0.1930330933719873,18.925564404076336,5.696703867395222,-220.87493058743917,276.53813096434834,-393.2019147431815,user,rest,heavy
1788983616425,-2.150143312945962,14.70264217289388,1.5643115097045897,-198.6466809902796,260.4032843710539,-358.8676192950379,user,rest,heavy
1788983616442,-1.46809511500895,13.7835680106014,0.937329365429282,-191.1811886048073,256.80003173479207,-317.9586383933534,user,rest,heavy
1788983616459,0.4314052116394042,12.383259314617511,-0.820763133405149,-166.61889944371433,224.5778220233132,-233.0929642200547,user,rest,heavy
1788983616476,7.105241170281172,13.208211424145102,0.2440586394712328,-127.0102636165952,83.74333065869304,-115.05343007821924,user,rest,heavy
1788983616492,9.03332227924764,12.816909090313317,-0.0790092393070459,-51.58039332883154,-117.68280702186404,19.335241011930595,user,rest,heavy
1788983616509,11.962628594970704,14.815020013317463,-0.0576107697084546,79.13481761057785,-415.9772351721024,220.2107356717904,user,rest,heavy
1788983616525,8.451980773162841,18.66788903492391,-0.309600202178955,187.1451342015984,-579.674931009694,358.02015674357943,user,rest,heavy
1788983616542,4.253747577556967,20.17444042957723,-1.410185362353921,293.1897769910026,-640.1796973193883,460.0013287504463,user,rest,heavy
1788983616559,-3.93921050349772,21.90649452405274,-2.003646929821372,384.8670895405283,-572.2693120624859,530.0977023908329,user,rest,heavy
1788983616575,-10.226384355328976,18.960579603356123,1.112854859161377,380.22236965962287,-459.35989202511206,518.7092088932937,user,rest,heavy
1788983616592,-11.195886390088498,16.125546731567383,3.373280793817341,322.3027753092649,-362.66086047325285,478.8016156862032,user,rest,heavy
1788983616609,-14.228142646545916,10.280104547339675,4.829104748535156,209.71974269156925,-255.84451559066397,368.5995733527956,user,rest,heavy
1788983616625,-15.32304157777801,4.725855970984697,4.371512956237793,112.40064607628882,-196.9817267574406,257.9603715917505,user,rest,heavy
1788983616642,-15.661221685492247,2.513612467956543,2.910302340045571,24.50063645854985,-123.23674802470325,129.4762351145366,user,rest,heavy
1788983616659,-14.92889569108337,0.633117286029458,-0.4613324401304125,-71.72042870047557,-7.70167520432948,-38.81095852452084,user,rest,heavy
1788983616675,-12.433389811573177,3.131615771484374,-1.734000260107219,-133.85730969347952,82.57641332956388,-138.0345441068326,user,rest,heavy
1788983616692,-10.77884697293192,5.962012215644121,-1.5854107040956615,-186.23655511744656,157.68184280156274,-202.0042790428528,user,rest,heavy
1788983616709,-7.949199301312864,11.369315496063232,0.441581153216958,-249.1094846161678,214.18451440860156,-242.58419509070444,user,rest,heavy
1788983616726,-7.584682098554074,12.578536387524007,2.383278699603677,-291.39381972988275,227.07514408954492,-266.18555859784664,user,rest,heavy
1788983616742,-9.134029555621742,12.573297902348637,3.076250734876096,-322.5228986458361,243.85471955935355,-292.4345219933393,user,rest,heavy
1788983616759,-9.49076589524597,15.982791873058677,2.787599066571146,-345.0252573947666,277.4745498995571,-301.5803092165264,user,rest,heavy
1788983616776,-8.355914308331906,16.84156208103597,1.5924433792114256,-330.17891232801674,268.6393723590654,-288.98628733048,user,rest,heavy
1788983616792,-8.58635651038289,16.562639341193435,1.3464393778260797,-299.523957823489,225.2783672057247,-280.7356646999147,user,rest,heavy
1788983616809,-10.819995852661132,15.336356255772708,-0.0363622665071859,-236.3467297368654,136.66973570688066,-281.5715978920542,user,rest,heavy
1788983616825,-12.322357978931068,14.18743931862712,-0.9307461876466868,-193.38339185738116,81.5595757470674,-287.66868919807115,user,rest,heavy
1788983616842,-12.76887600402832,14.257170441979168,-2.119616986050643,-144.78111810102607,42.71279288034984,-291.43370803463563,user,rest,heavy
1788983616859,-12.555043283733724,13.150450140050053,-6.21878895545639,-46.45953413069535,-7.743991641332294,-286.9161389553191,user,rest,heavy
1788983616876,-11.989263503918052,12.188729845207927,-6.476315563787892,18.18662175958789,-32.832753491197145,-271.46182509016813,user,rest,heavy
1788983616892,-11.995100539508462,11.604395002526044,-5.117905469921976,45.37680912837035,-32.93762421571352,-263.0482887875197,user,rest,heavy
1788983616908,-12.338968921992182,10.133158959142865,-1.2490251516479998,36.310200873136566,-12.19839086233626,-263.88916703661835,user,rest,heavy
1788983616925,-10.862343879047035,9.60508727095276,-1.06227804321032,29.09843977004647,1.1266368221075471,-249.12869110811388,user,rest,heavy
1788983616942,-10.28593866032064,8.943089635136722,-1.2505216738160698,33.149571815848184,3.821247515132952,-234.70171965640284,user,rest,heavy
1788983616958,-9.501089428600668,8.087013488548994,-0.9723459529485552,34.04995125790136,9.593514661017952,-214.84853173933183,user,rest,heavy
1788983616975,-9.329455681610106,6.6145796136833725,-1.1673226729352957,36.96264786341286,22.538265053397247,-200.4997932743741,user,rest,heavy
1788983616992,-9.050981854578852,5.859807686449587,-0.8737341144837438,35.218903983403195,30.803388175570465,-198.0940230637772,user,rest,heavy
1788983617008,-8.400056524658202,5.4113434226553885,-0.9247607166039816,32.449006142869145,38.95564242170922,-193.5373989627866,user,rest,heavy
1788983617025,-8.787916024559737,5.183146076921746,-0.8684969992815517,32.84677245446859,47.81152909576436,-198.2332359794404,user,rest,heavy
1788983617042,-7.503577056011557,4.99804428800568,-0.9379286099640652,42.26361231977312,29.628219977923923,-189.69372366774024,user,rest,heavy
1788983617058,-5.454739569854736,4.480896802477166,-1.5029602748261763,49.19252504404923,24.24818412908972,-172.5260022077782,user,rest,heavy
1788983617075,-5.278166612896323,3.909730288121849,-1.4471456312868742,48.72777848235405,45.457442926616935,-157.6884134435443,user,rest,heavy
1788983617092,-5.123889658898115,3.53084831379354,-0.7381622262816876,44.18495136348688,50.640388544308536,-161.10274304736365,user,rest,heavy
1788983617108,-3.009061989483237,2.704698957305401,1.8951599593564867,33.4301115907227,30.699401960551608,-155.26545847699563,user,rest,heavy
1788983617125,-1.269973758587241,2.757071972490847,3.090764413397014,13.711924070144295,-18.02379004977479,-128.3736240164431,user,rest,heavy
1788983617142,-1.3500298765987158,2.50612912646383,2.666242750726268,2.1006261733413023,-44.29692206964548,-105.88969994808248,user,rest,heavy
1788983617159,-2.885460744255781,1.5616174483150242,0.273687067678757,0.9901809549915052,-45.71393360542383,-86.23163004503122,user,rest,heavy
1788983617175,-4.042610087695717,0.6751636991202831,-0.4267668843142688,-5.224676792859914,-13.511768791611656,-62.37843746319063,user,rest,heavy
1788983617192,-4.362383308842778,0.0685334380000829,0.3586813362121582,-26.522136811347263,7.312488464101215,-44.07272111013981,user,rest,heavy
1788983617209,-5.421369799694419,-0.230891407123208,-0.0374095470704138,-34.73032347659926,2.258070358003147,-31.47425618603829,user,rest,heavy
1788983617226,-5.6853305327266455,-1.224036475537717,-2.531269705200195,-7.600342517803171,-21.272728330389555,-25.3815481539212,user,rest,heavy
1788983617242,-5.36360851559937,-1.362450674493611,-2.4799439705779776,2.68127336128878,-26.43427325786422,-16.92550929161508,user,rest,heavy
1788983617259,-4.866363342827558,-1.1927619240909817,-0.8126820452149957,-6.9419442983256765,-13.761519781255052,-5.858644706336743,user,rest,heavy
1788983617275,-4.433462339672446,-1.1020818284735083,-0.6156095767917111,-13.25085556531717,-2.0714034224208144,5.084590893643422,user,rest,heavy
1788983617292,-2.2990327286869285,-0.4789914309397339,-0.4098578716220334,-3.032444549257224,-10.65745493557813,26.854078882368004,user,rest,heavy
1788983617309,-0.2299918279349803,0.5234317534297704,0.7392092876492068,3.1723917102562003,-25.172540950224224,52.33370855277059,user,rest,heavy
1788983617325,0.3963888433158397,1.0764917524039743,1.631348726930702,-0.7073842828439734,-32.701426028930726,80.82330184510754,user,rest,heavy
1788983617342,1.5087959587097166,2.599054370659589,2.37010991918596,-4.81591985311227,-45.778697459133895,125.0928929127892,user,rest,heavy
1788983617359,2.827103247833252,4.606144134411216,2.365621197498543,5.175347459126789,-76.8181813686496,164.2795050114716,user,rest,heavy
1788983617375,2.9961949091255664,5.436632396886497,2.1863546997403724,19.84295287859974,-110.43163231216838,208.5094604913997,user,rest,heavy
1788983617392,0.7683896798282861,7.057357283208519,1.4050968801084904,29.01447283948492,-118.49439741980164,272.05717169898315,user,rest,heavy
1788983617409,-3.744980309295654,8.604460687676443,-0.156969481017813,38.59920899987211,-106.22778065161975,305.7123550983307,user,rest,heavy
1788983617425,-7.1504328956604,9.367462463921308,-1.4425067925050854,83.30322741952328,-126.65100932663086,333.89502701012395,user,rest,heavy
1788983617442,-8.527097681206465,9.682150490758568,-1.4763248909547924,129.74184751098005,-158.77811548410648,347.63127509144994,user,rest,heavy
1788983617459,-11.794137822180986,10.301800246319177,-0.1119281969599425,162.2047804095669,-174.93748245652122,361.6247754176753,user,rest,heavy
1788983617476,-14.295480006629228,10.23760542204529,0.5041287948057055,171.97255197933205,-150.90641808831515,355.6704623860683,user,rest,heavy
1788983617492,-18.49026861473918,8.246675934977828,1.6729472409904005,150.02806942142985,-94.86494817479232,294.46338870515655,user,rest,heavy
1788983617509,-17.162684378704427,4.957043146184087,3.614047698266804,114.05150279868091,-64.96665568689693,238.1898699447717,user,rest,heavy
1788983617525,-14.830584662196038,4.330512252807617,4.460098709924519,67.66586448461592,-57.22566079106297,200.45149017656377,user,rest,heavy
1788983617542,-9.636513213568923,5.368098812755942,6.082619832013547,11.302273458325171,-101.44678483639424,185.7593707812728,user,rest,heavy
1788983617559,-6.903381796374917,7.787738281029462,4.705952708379924,9.63591220651716,-173.80443603548613,189.97351553690063,user,rest,heavy
1788983617575,-6.779480691418051,9.585483868077397,1.6665139930725097,64.5961930565046,-227.40907203806685,196.38011003496757,user,rest,heavy
1788983617592,-8.876801930236816,11.449819357842207,-4.7595229705259205,170.50561859091007,-176.52513260833402,191.88187039100225,user,rest,heavy
1788983617609,-10.34265248118937,12.483815784344076,-4.257638447515666,212.92057424231237,-81.34588644869439,179.5544990901531,user,rest,heavy
1788983617625,-10.135405276764928,12.906692821612952,-1.6279066145196557,208.1783465808158,0.2406949592167502,172.73436395859858,user,rest,heavy
1788983617642,-8.704570509614049,13.695582268634436,3.135955846515298,179.83322544980297,27.214210851640683,168.81847990364687,user,rest,heavy
1788983617659,-7.506720906995237,14.407856093487142,3.877259951019287,189.93116836404656,-26.58685626882772,164.29125293684402,user,rest,heavy
1788983617676,-7.214927871924639,15.885978096991776,3.0313594537481663,220.46122602941148,-88.47443194203163,166.7981372679138,user,rest,heavy
1788983617692,-7.324013392804563,17.74238045566976,3.483713637652993,232.9607863992366,-106.1486938912202,175.61484597688974,user,rest,heavy
1788983617709,-7.9494984303899106,13.65024149017334,4.482544113026466,209.36837043990712,-79.91903261032203,161.2903683438639,user,rest,heavy
1788983617725,-8.978706161310523,11.705851051440836,5.183147885286342,168.02004445005073,-62.17173544833854,119.03288953396545,user,rest,heavy
1788983617742,-8.329877219147235,10.005816481560467,4.811747151825204,120.74352407197348,-39.73518215696654,69.50996774919517,user,rest,heavy
1788983617759,-6.741773038183897,10.468497121429444,3.3924346262943,97.6796213204304,-20.741884320548877,44.79441938841087,user,rest,heavy
1788983617775,-5.51279983689636,10.25152376502156,3.042731619372964,75.17467392980446,0.9856046215258908,27.70610058509749,user,rest,heavy
1788983617792,-4.328568133002519,9.135077018848062,2.627337485205382,38.57766999832448,34.47224136371574,-0.4776512436365647,user,rest,heavy
1788983617809,-4.345925656647235,7.818415158843994,2.796278632111102,6.845370972990397,55.247634592332695,-24.80015220648596,user,rest,heavy
1788983617825,-4.841824675507098,8.029404180145264,2.911948207556456,-23.48987945196198,80.49620408575562,-45.34548588083667,user,rest,heavy
1788983617842,-4.984130036682635,8.522309277886151,3.155857793945819,-61.98497758586288,130.01607960615607,-64.19194148028822,user,rest,heavy
1788983617859,-4.83928069011271,9.427616196110844,2.8917472771793604,-82.51332287220048,167.7262506930918,-72.95555912884566,user,rest,heavy
1788983617875,-4.883124361883849,9.172036337932944,2.6051911198489366,-104.21165224260456,220.6461738917571,-80.3067756193145,user,rest,heavy
1788983617892,-5.926548103553056,8.168567151641845,2.8202202103212475,-142.87479864329717,308.1206251581638,-99.87284287424566,user,rest,heavy
1788983617909,-7.4461176774725315,7.293934773144126,3.781342539270222,-170.15180113152508,366.5322663363295,-126.3241028125757,user,rest,heavy
1788983617926,-8.154352748328447,7.108833641815185,4.553621956546046,-189.45966674526224,396.1583757857999,-155.76572885256405,user,rest,heavy
1788983617942,-8.632294670215249,9.010726416558027,7.117063984016608,-225.29168607460625,403.9444362697776,-175.31332044579034,user,rest,heavy
1788983617959,-6.932112800818682,9.973495928192138,8.406191834234068,-250.72206495845117,390.9834693007613,-170.8794758253199,user,rest,heavy
1788983617975,-6.505945197571814,10.372131673651934,8.222137267657368,-264.49896632571705,360.4397102759214,-160.32829521813258,user,rest,heavy
1788983617992,-5.680543298450112,10.86533487755656,6.387280385833233,-254.60155776550505,284.7115451365358,-148.51149421812022,user,rest,heavy
1788983618009,-4.686500988934934,10.573841994476318,5.169679204040021,-232.36489337528803,210.96898429076455,-133.35805018590827,user,rest,heavy
1788983618025,-4.147057135120034,9.981426136669516,4.3062704495418815,-203.0985299894022,129.647836787244,-117.89860001850144,user,rest,heavy
1788983618042,-4.778078325653076,9.319428793114422,3.035697629082948,-161.20154856389703,29.155837264736668,-108.08380259630069,user,rest,heavy
1788983618059,-5.899463112750649,9.816226222118734,1.7304080808341502,-128.44330560635555,-32.44912567117962,-102.11291269557807,user,rest,heavy
1788983618075,-6.297050225940346,9.86979648426473,0.9777316645748912,-88.51827492631394,-75.994658630232,-91.19568859039144,user,rest,heavy
1788983618092,-7.107038575091957,10.31107777775228,-0.6428443147957325,-44.957606268060815,-90.0876884730428,-71.31067882197733,user,rest,heavy
1788983618109,-7.119009583392739,8.768164445385336,-1.968183694513142,18.06491803386202,-73.36625157344936,-41.0662528375132,user,rest,heavy
1788983618125,-7.52677263815999,7.783399375042319,-2.165406348529458,61.368689617052624,-40.54588804540661,-28.34132354583431,user,rest,heavy
1788983618142,-8.631396260070801,6.527939879497885,-1.0425263544380663,90.03134624257936,-7.101263583358102,-26.10996904588284,user,rest,heavy
1788983618159,-9.042003013831376,6.148010003551841,1.5158292183473705,95.81232956361892,30.16805080916505,-34.390856244660455,user,rest,heavy
1788983618175,-9.187001851874587,6.115688865661621,2.6684873878479003,81.9019389792143,43.018658996666765,-47.692475483436446,user,rest,heavy
1788983618192,-9.168895701819658,6.010494214740395,4.21858317906484,60.563027823314606,44.133407340915376,-64.10340856826652,user,rest,heavy
1788983618209,-9.300725261688232,5.966050092858076,4.746055440057069,28.835538958703506,34.6434639609242,-91.04196152274196,user,rest,heavy
1788983618225,-9.46757235892415,6.137087042999267,4.692635107775777,6.31035969398236,20.22767694397905,-116.84946930160912,user,rest,heavy
1788983618242,-9.292046865192056,6.494720331463217,4.08809889632538,-10.223556923269316,2.842112149968121,-141.3147287953529,user,rest,heavy
1788983618259,-9.102754127392172,6.814794581383467,3.399316860088706,-25.96791477152492,-23.852873270496893,-170.40643058378313,user,rest,heavy
1788983618275,-9.10470000076294,6.877941065648198,3.2864901068538424,-40.1468615639053,-42.89420270470538,-189.65334358936715,user,rest,heavy
1788983618292,-9.243115368762613,7.091924008068442,3.542669684490561,-59.0178614481393,-62.06714476157813,-204.2407971658168,user,rest,heavy
1788983618309,-9.396043246239422,7.472600902989506,3.721635674065351,-80.18821036551223,-73.9239570097484,-214.8009389811952,user,rest,heavy
1788983618325,-9.102754127392172,8.02207047625631,3.3728311503537,-105.57737588790528,-88.47209601733549,-219.67549472767155,user,rest,heavy
1788983618342,-7.684938416290283,8.282141216112672,2.237230937029421,-116.00050410853322,-98.22897343537451,-206.23021270498808,user,rest,heavy
1788983618359,-7.149685292163491,8.293364328655601,1.560569985088706,-110.69837852001406,-101.0778043570518,-186.6103440499647,user,rest,heavy
1788983618375,-7.028031089350581,8.030750480187685,0.6477806021541357,-99.81123456793216,-100.6580755721762,-168.29185865826057,user,rest,heavy
1788983618391,-7.161807107111812,7.15836325026825,0.3794809631347656,-82.45158479229272,-92.9187745632564,-155.27594964756076,user,rest,heavy
1788983618409,-7.145496023780107,6.681916973766684,0.404021822412312,-70.45874932680165,-77.57822432892112,-140.86512476304765,user,rest,heavy
1788983618425,-6.452673918372392,6.684311394622549,0.4587883086055517,-62.63189212291147,-58.99560186163423,-120.5167754519074,user,rest,heavy
1788983618442,-6.128557115063071,5.660490690502524,0.5937608426749706,-52.61537530885816,-21.789655829796335,-104.69048948455747,user,rest,heavy
1788983618459,-6.366331851959228,5.352985250379424,0.781855310600996,-46.32160529059612,2.076234714041541,-101.08675873505368,user,rest,heavy
1788983618475,-6.457911819025874,5.369894476701853,1.5723919403076172,-42.82227056746139,11.733976418589473,-93.59609027230071,user,rest,heavy
1788983618492,-5.460575436401367,5.52536786124222,2.225260220989585,-42.38521359266144,6.904857651792977,-70.8948705656853,user,rest,heavy
1788983618509,-5.039944132232666,5.529408259206824,2.3560429021537304,-41.669320975184895,0.1227916467946083,-48.64569326890884,user,rest,heavy
1788983618525,-4.951806414574384,5.387252206841484,1.96683549477458,-34.15041651040308,0.9334758707284132,-26.91969650972432,user,rest,heavy
1788983618542,-5.237465769195556,5.147682841613516,0.9301467604488134,-10.50706783043279,12.027864944423136,4.829566997960779,user,rest,heavy
1788983618559,-5.176565018031001,4.930708096966147,0.9814733353212476,10.56671587245451,21.974154607204014,29.857485522699157,user,rest,heavy
1788983618575,-4.734084870147705,4.2293565750788895,1.2397472548887132,30.22159266206878,26.645370499447218,52.16387589905822,user,rest,heavy
1788983618592,-4.874744217681885,3.772961682682205,2.130989115142822,46.70630203521874,17.380188154473657,74.15552774336852,user,rest,heavy
1788983618609,-5.026327110290527,3.68392748197508,2.769042980791628,48.96974134879635,5.401507402263783,88.535391380374,user,rest,heavy
1788983618625,-5.265747860828042,3.751713252546173,3.819200268499553,42.72593416431295,-1.9047670837966015,102.02789733097892,user,rest,heavy
1788983618642,-5.853673421478272,3.6715076613277193,4.329913117870688,24.21356531528151,1.806398272483255,113.10561039109336,user,rest,heavy
1788983618659,-6.129754800415038,3.823988160363212,4.323478408648073,3.527042879606765,12.83635102138296,119.10698342608174,user,rest,heavy
1788983618680,-6.640619333216548,4.186709931072593,4.10844975656718,-29.52591740453547,35.99991562442664,129.91409122146942,user,rest,heavy
1788983618696,-7.01007223881185,4.451269068389386,3.755005151964724,-53.39513361016891,54.72382396978984,140.34683634844873,user,rest,heavy
1788983618709,-7.266104516932367,4.635622742351889,3.5232170882627365,-72.11078084173097,70.57416586339652,150.8750401992681,user,rest,heavy
1788983618725,-8.089408859252929,4.858432842089235,3.037194151251018,-83.56184570225663,83.10456453732428,158.58043614914797,user,rest,heavy
1788983618742,-8.999055267986655,4.933700556780398,2.57630974714905,-90.23634071013896,95.90454394760329,163.32651603733638,user,rest,heavy
1788983618759,-9.44168329990804,4.972307058550417,2.4344527142629024,-89.44569850238578,100.57451503787024,162.586082550172,user,rest,heavy
1788983618775,-10.216805502861735,4.987869369341433,2.2441139745414254,-83.14485582323819,99.25693056583977,157.17960533151336,user,rest,heavy
1788983618792,-11.001209328901767,4.897489425714314,2.010830411584675,-64.62221607724236,89.1863767101679,147.78048639201043,user,rest,heavy
1788983618809,-11.3064694560498,4.813093524932861,1.9412486335754395,-45.77998153469786,75.9591484767371,139.30453582072644,user,rest,heavy
1788983618825,-11.662903890118002,4.309112906426191,2.0723297131642697,-27.353423767303884,66.8302728019349,131.26267109195342,user,rest,heavy
1788983618842,-11.730240811809896,3.79271412037313,2.242318031035364,-19.332286955114565,70.9875494025332,126.62137996601136,user,rest,heavy
1788983618859,-11.786803826031088,2.842365406633913,3.123235481151938,-33.185645459949605,76.02082508494232,109.96360042948244,user,rest,heavy
1788983618875,-12.259359963226318,3.773410577227175,3.715051473369449,-48.17429410296207,57.98060160002448,83.86364444092283,user,rest,heavy
1788983618892,-12.10448562785685,3.9564182434082023,3.263595115087181,-49.04178959925623,34.37541318694706,60.8875779221061,user,rest,heavy
1788983618909,-10.778847265192866,3.1012393379211423,1.7402854778565466,-31.60275594998832,25.50277888904705,50.94626490590922,user,rest,heavy
1788983618925,-10.130316721454262,2.8489503379821777,1.6065082910515367,-23.528994237791352,30.564334969714604,50.42096530212729,user,rest,heavy
1788983618942,-10.001779188868404,2.988413169208169,1.863286857494712,-28.5123122090637,36.86935089444508,48.719445651566645,user,rest,heavy
1788983618959,-9.72195686983764,3.216461461859941,2.387766950933635,-44.24932589641425,40.68638845172836,43.92393909944943,user,rest,heavy
1788983618974,-9.530719427710771,2.9592338364750144,2.304867133928836,-50.35842467499207,41.32395928999237,40.119035373226666,user,rest,heavy
1788983618992,-9.49256125423014,2.788196886333823,2.075772254833579,-48.5783510187871,42.270906961806695,37.34684941932067,user,rest,heavy
1788983619009,-9.515903551372883,2.818274044689536,1.697488246398419,-40.34261478551787,43.87483686950621,35.6025352185153,user,rest,heavy
1788983619025,-9.784353412517904,2.738516617363691,1.7205318528555331,-31.83036175879524,43.942889459301625,29.835461577720448,user,rest,heavy
1788983619042,-9.944914561352132,2.610726688274741,1.883038436669111,-23.312422599588587,42.97802620129436,22.017135280103613,user,rest,heavy
1788983619058,-9.877728446307778,2.4594436553955075,2.3467659552425144,-17.37908337137541,34.69011415295539,12.2684890937881,user,rest,heavy
1788983619075,-10.062080805096029,2.4076678754508496,2.667438901708275,-14.832893009179497,29.799189858133097,5.466812121578744,user,rest,heavy
1788983619092,-10.330981917139887,2.493262338367104,2.8009165210448206,-12.50721018169557,29.264792442376717,-1.7920196570633204,user,rest,heavy
1788983619109,-10.674099188995362,2.579901926422119,2.855683737890422,-9.050404485201572,29.590623201637587,-9.695619158920472,user,rest,heavy
1788983619125,-11.04400393001139,2.405125205230713,2.962823823790997,-8.524174268145233,32.0545661333955,-18.061067514717426,user,rest,heavy
1788983619142,-11.520900142237544,2.403778466796875,3.1543598104730246,-12.871734816378211,38.22727446371365,-31.632607291755864,user,rest,heavy
1788983619159,-12.433088636669517,3.0407851614803074,3.5947434244684877,-23.77318886854494,41.73320031939744,-50.95344001963232,user,rest,heavy
1788983619175,-12.592153409466146,3.62003232563436,3.5396757633715867,-29.13714645207293,43.87516130349178,-57.7233766758818,user,rest,heavy
1788983619192,-12.348843834796549,3.73480495223999,3.403955187413841,-30.790544004836256,44.835759108362375,-57.732003204803526,user,rest,heavy
1788983619209,-12.319812970623373,3.5676591643184423,3.0434780538260937,-30.31480083857736,41.756146339914096,-61.131893788717456,user,rest,heavy
1788983619225,-13.169455284771322,3.4660552313655613,2.86870089424327,-30.086928652392807,39.59250975048872,-68.62834059150826,user,rest,heavy
1788983619242,-13.557466760364171,3.299958075714111,2.769940514153242,-31.60993789390059,40.13901709164354,-81.10925454489929,user,rest,heavy
1788983619259,-13.7828198225826,2.688388896887004,2.545334324779361,-37.57682530376958,45.010448026574615,-106.54095165525402,user,rest,heavy
1788983619275,-13.86601891479492,2.083104789678752,2.1353280211299657,-44.42101977667544,55.644980847298186,-128.79480080142275,user,rest,heavy
1788983619292,-13.746907382202147,1.923740741674602,1.9425943490959705,-55.55650257678984,69.2516021834611,-148.28751865485717,user,rest,heavy
1788983619309,-13.314755151587724,2.337788575799763,1.7405835109550505,-70.93685573851337,86.27528861420595,-169.34135820536804,user,rest,heavy
1788983619325,-12.682536275702716,3.2525232475832104,1.1667238119930028,-75.52257644536823,96.811996050542,-178.56311079250406,user,rest,heavy
1788983619342,-12.25666648635864,3.698143447057903,0.7085334692806005,-74.5346100724934,109.23843924530216,-178.24045265611267,user,rest,heavy
1788983619359,-11.694926921844482,4.242974254608154,0.0420469428137876,-66.36696057996542,128.5632164074243,-173.3952803834457,user,rest,heavy
1788983619375,-11.520747582024336,4.053682320525869,-0.6741182634542696,-60.82585350257669,150.2175661897627,-169.57642599584318,user,rest,heavy
1788983619392,-11.457900372967122,3.88444248293452,-0.7829051484474912,-60.234857724263,178.4096091210972,-165.1041137499672,user,rest,heavy
1788983619409,-11.381586948615311,3.701286037666257,-0.8186685722786933,-66.40504571477742,215.26067901422877,-161.84798498770374,user,rest,heavy
1788983619425,-10.837054539489746,3.5444660298554225,-0.8705927477180957,-69.68988176212248,230.84424737923308,-158.82931458212488,user,rest,heavy
1788983619442,-10.168324088287353,3.6098574069701135,-0.8942353429816663,-67.31053072323517,232.64599664076908,-152.33991087056074,user,rest,heavy
1788983619459,-8.674042392620445,3.376872096307576,-1.2545628389656542,-58.14042802660278,222.5452943301008,-142.59696020823938,user,rest,heavy
1788983619475,-7.684488918957114,3.097797746099904,-1.7597388047367333,-37.0062347156013,193.18565788090928,-125.47736426116924,user,rest,heavy
1788983619492,-7.2978241817981,3.0193878609254954,-2.153884253039956,-19.656989025615093,168.96661304636612,-114.04013053371284,user,rest,heavy
1788983619508,-7.154322888836264,2.7035027332581576,-2.823212962396443,-4.582312015572201,153.12836058759035,-108.88822812579892,user,rest,heavy
1788983619525,-6.490081565746665,2.482787267712504,-3.12488295609802,6.832426483852753,136.97792750261,-101.31809724224205,user,rest,heavy
1788983619542,-6.224174959343672,2.2806270111635327,-3.158251264953613,7.422847245615696,130.5754994199368,-93.48907486838496,user,rest,heavy
1788983619559,-5.72752775246501,2.0530280697144567,-3.2245413079410787,1.108391465843739,127.37089760477188,-82.53164143955445,user,rest,heavy
1788983619575,-5.246742131584883,2.1384712875917558,-3.2836475769042965,-12.833122903226483,119.91705752202358,-59.54422314633716,user,rest,heavy
1788983619592,-5.1587552205741405,2.0430027886539697,-3.451989881134033,-21.52559730138906,107.23891502615928,-42.63117894995736,user,rest,heavy
1788983619609,-5.310637388390302,1.4876973488405345,-4.0092409020572894,-24.571967539146883,83.95932856100553,-32.30055198125892,user,rest,heavy
1788983619625,-5.512199825176596,0.7157169510439038,-4.856638652148843,-19.003975129637684,49.63913403840344,-27.814693762711524,user,rest,heavy
1788983619642,-5.780649686321616,0.1880947601869702,-5.29836885844767,-10.166885989952076,87.8471405384685,-31.08837098850008,user,rest,heavy
1788983619659,-5.495290775951743,-0.2489969726562499,-4.25210331748128,-24.42194072648026,100.2874012059196,-30.4637296983349,user,rest,heavy
1788983619675,-5.356425910618901,-0.7236468672603368,-5.781248821258544,-66.85418529421912,30.81946302578209,-27.524596845640865,user,rest,heavy
1788983619692,-5.350141715782881,-0.9956880308955908,-6.641066492462158,-62.02004377706172,32.23259842920646,-33.76373218073198,user,rest,heavy
1788983619709,-5.164142174309492,-0.985213690893352,-7.824550885120034,-35.963049678381495,56.37301071092985,-46.01384038168992,user,rest,heavy
1788983619725,-5.284152117046713,-0.8340797110959887,-8.629002642932534,9.91727416541302,47.96531080492719,-63.39983078186351,user,rest,heavy
1788983619742,-5.123889658898115,-0.2721902167171239,-8.95596080714762,36.02295043740251,8.854670046609224,-59.647229229210126,user,rest,heavy
1788983619759,-4.849454878124594,-0.5731117301389574,-8.22243727351725,60.41688226564384,-14.382706703247491,-43.48292403002546,user,rest,heavy
1788983619775,-4.244619683727622,-1.0245680884212256,-7.363816703143716,84.61249272114468,-39.09497828077748,-11.719949771355203,user,rest,heavy
1788983619792,-4.096328818401694,-1.2873320128843186,-7.432350725665688,87.51275496727217,-64.89382537977708,14.089051257619255,user,rest,heavy
1788983619809,-4.0096880613029,-1.6977879599973558,-6.680870679584145,79.77616554345288,-72.02036962768751,30.487519247214056,user,rest,heavy
1788983619825,-4.310310591778159,-1.8824407630369069,-5.429301761737466,57.660265727950886,-70.80282010624104,43.58865535837725,user,rest,heavy
1788983619842,-4.408023947033286,-2.0721812446042893,-5.05595652487874,39.42003381356757,-63.13868532913724,53.72389452058372,user,rest,heavy
1788983619859,-4.821771921429038,-2.2369322463437915,-5.101445771899819,24.01785136725667,-50.53601983869616,65.89989858414161,user,rest,heavy
1788983619875,-5.6929620505183935,-1.8960580772399904,-5.9147267328560345,33.66351281504038,-65.32511767491754,80.22385029260137,user,rest,heavy
1788983619892,-5.9198126578181975,-1.6135422813415523,-6.461053039661049,55.79621489590061,-83.99032395945905,92.38281644927469,user,rest,heavy
1788983619909,-5.658095904320478,-1.164778523144126,-6.304083193317055,77.89634038951446,-99.3446165344044,109.65385818081153,user,rest,heavy
1788983619925,-5.590609929546713,-1.0833759589597582,-5.872378706470132,97.53628980069766,-113.32166976510835,125.2654508119804,user,rest,heavy
1788983619942,-6.118680448693037,-0.9059057609006762,-5.218761653247475,122.8320046748666,-125.09337102603112,133.0978609596658,user,rest,heavy
1788983619959,-6.113892629894614,-0.1239002281740307,-4.086154630389809,143.90897124590714,-137.8859465112498,142.82096309225912,user,rest,heavy
1788983619975,-5.930586565288901,0.2703951499938964,-3.53025151694417,166.26807360718578,-150.07776587783087,161.1857025250226,user,rest,heavy
1788983619992,-5.593002962163091,1.0922050159730017,-1.9304756028875707,185.08004016642332,-170.31363563371934,186.2613896852688,user,rest,heavy
1788983620009,-5.981164075359702,1.369782770947367,-0.7743751839786768,192.22608460441415,-186.92909531815087,195.2326928959188,user,rest,heavy
1788983620025,-6.241234815216064,1.4233524485714732,-0.2985281885445118,196.6363923930048,-200.108327812284,200.8770246222339,user,rest,heavy
1788983620042,-6.740126586151122,2.0709840707089757,0.3727463941827416,192.85405219670517,-197.55368679853748,211.5045257632069,user,rest,heavy
1788983620059,-7.349599961742759,3.081935794775188,0.90455821874924,177.41649961577735,-176.8981292389084,219.27258186853248,user,rest,heavy
1788983620075,-7.667280010002851,3.5633198382061906,1.0980398230737074,155.04649627258337,-146.4420288618764,226.23003112316093,user,rest,heavy
1788983620092,-8.119038273841142,4.061912242602184,1.096692965908861,115.58641705991202,-106.8888951519528,230.3097167747879,user,rest,heavy
1788983620109,-9.113826725548504,4.667495405822247,1.0769405373510903,72.66348657955757,-76.31222144550257,230.5538550564808,user,rest,heavy
1788983620125,-9.71731576603353,5.433490445598959,1.202038122083526,21.22868897816861,-40.18944437828574,233.60651248336964,user,rest,heavy
1788983620142,-11.088445713806152,7.152976442663372,0.8011585797523147,-36.7868456243659,13.257450112960818,243.6088873907464,user,rest,heavy
1788983620159,-12.329839274597168,8.623764450018108,-0.969054437122494,-58.372552005545664,45.97792041684483,254.3484855963777,user,rest,heavy
1788983620175,-12.629862670135497,8.854206067547201,-1.8815445083169269,-59.4711674429747,63.65713766827623,264.2413315902242,user,rest,heavy
1788983620192,-13.061117075127363,8.250567681719362,-3.000983417477156,-41.51124649212871,65.84187612714236,260.16002035357474,user,rest,heavy
1788983620209,-14.084339594158529,7.159409982842207,-3.189526547052711,-19.099886353510296,62.01028343673777,238.71483828437889,user,rest,heavy
1788983620225,-14.596848971557616,6.616076428112387,-3.2983129023229703,6.689071485344764,52.535390378582726,209.8214305479324,user,rest,heavy
1788983620242,-14.175171957728264,5.716605376434326,-2.559103505075909,31.608025440932987,36.176530655984834,169.32402318525453,user,rest,heavy
1788983620259,-13.59861651687622,4.751142387932538,-1.351079056858085,41.29008155170911,25.693334336701238,135.1099117457465,user,rest,heavy
1788983620275,-13.474568112403151,4.585494729614258,-0.8255519020516425,45.42301877320007,17.73505063280167,98.8641810281857,user,rest,heavy
1788983620292,-13.012785882678628,4.333953917694092,0.0887341491814702,40.8301946696084,9.11699797583555,54.35859667939633,user,rest,heavy
1788983620309,-11.75448210361898,4.249706777733564,1.2650356445979327,26.71872673113316,3.581704670090966,26.48350526140167,user,rest,heavy
1788983620325,-11.335497982135417,4.192096884807944,1.781135666900128,3.7450473634313513,2.8114687197002706,4.178914639888902,user,rest,heavy
1788983620342,-10.689511862182616,4.544642494744062,2.421734321660921,-31.86483030844171,11.118018006406675,-16.60724808950187,user,rest,heavy
1788983620359,-10.102035214343667,4.902127899169922,2.2381286165215077,-56.58047087677981,20.227736708134284,-27.24442248588694,user,rest,heavy
1788983620375,-9.66494435828328,4.912004565539956,2.007238086181134,-75.77935740721486,26.749472827681966,-34.14113086822645,user,rest,heavy
1788983620392,-9.179370334082842,4.956446349334716,1.4510350034082309,-92.77909036454048,35.41156995951091,-41.63094897242777,user,rest,heavy
1788983620409,-8.990377456012368,5.0562546310424805,0.9184749542903154,-98.39537733412352,35.63417948493997,-48.12545825039648,user,rest,heavy
1788983620425,-8.986037965503334,5.075708104053139,0.7181098740624263,-97.86687095652628,30.47020130257349,-57.23241243305753,user,rest,heavy
1788983620442,-9.266308612823488,5.138105231255293,0.502033594358433,-94.91338787638604,13.44237577719162,-72.8382916109857,user,rest,heavy
1788983620459,-9.891344299206136,5.6765019141048185,0.6928213519224664,-94.48157648686868,1.98915279033164,-83.88944889560713,user,rest,heavy
1788983620475,-10.089614708709716,5.983558277019858,0.8131296793846413,-97.14772033881565,-8.748321439911187,-92.93104841319492,user,rest,heavy
1788983620492,-9.98546693649292,6.082618955230712,1.145774328270927,-103.87648802984287,-21.675473849893944,-103.80851398722292,user,rest,heavy
1788983620508,-9.686190559929608,5.6396910635799165,1.0913060943719,-108.88887699377008,-28.508161161595627,-110.72864991841556,user,rest,heavy
1788983620525,-9.510816457366944,5.605573105400801,1.0229215633232145,-112.49505978118592,-29.656380847871883,-115.97859286167582,user,rest,heavy
1788983620542,-9.39065804606974,5.544222856903076,0.552461448559165,-113.29710157466384,-24.62119100494787,-124.4734767173391,user,rest,heavy
1788983620559,-9.089436965179445,5.418826544952393,0.5379464548639953,-111.16665628951012,-18.08456336546227,-132.01752993864488,user,rest,heavy
1788983620575,-8.8809911986202,5.422417555181682,0.6316195948176085,-109.1121353871703,-11.613999876949968,-137.5201762208173,user,rest,heavy
1788983620592,-8.372523205566406,5.497386286926269,1.279999039647728,-110.81604218884588,-12.170610775434524,-139.16356071625736,user,rest,heavy
1788983620609,-7.537996042963862,5.85786356664449,1.8140552090749145,-113.57129268870482,-9.390983330427796,-126.13319902527384,user,rest,heavy
1788983620625,-7.123945870751142,6.3111152839109295,1.5312405763603747,-107.38394043280616,-3.764386190292597,-105.09380532485756,user,rest,heavy
1788983620642,-6.027852761298417,6.168660869653523,0.5988488134637475,-92.98911868151836,4.484037119359942,-83.6287064240419,user,rest,heavy
1788983620658,-5.869535007476807,5.40072039489746,0.1684913573116064,-68.80756475532941,15.20217743193999,-61.410620148367336,user,rest,heavy
1788983620675,-6.0012160987854,5.15995363657847,0.0415985231928527,-49.39753317198717,23.74428009288286,-48.704019669326165,user,rest,heavy
1788983620692,-6.095038291820884,4.6208089118406175,-0.1607123938731849,-30.51436872084137,34.281282934900524,-40.52975172349246,user,rest,heavy
1788983620709,-6.163873343116045,4.151396479498595,0.2729385508663952,-12.732213688428716,43.47063993480319,-34.03838774763653,user,rest,heavy
1788983620725,-6.113744161334633,4.089296435546875,0.6007936639212071,-4.452499574641054,45.41243539508113,-29.354387448814357,user,rest,heavy
1788983620742,-5.888688620758057,3.965396353503317,1.108215362792462,1.884696786363931,46.6218330857532,-22.472667916608444,user,rest,heavy
1788983620759,-5.606172824859619,4.197035510253906,1.4032999867543576,9.852536778685993,44.7503851588318,-4.877436378758813,user,rest,heavy
1788983620775,-5.3091415968745945,4.211849633026123,1.587802859929204,12.072161282511606,40.76317002328306,8.355216732420272,user,rest,heavy
1788983620792,-5.3374225194633,4.024951827538758,2.086694776994735,10.66934458737583,33.53871159852591,19.58422019019778,user,rest,heavy
1788983620808,-5.645976427459717,3.962852660369873,2.1133313664425164,7.396356356919802,25.48699432187515,33.742302462211065,user,rest,heavy
1788983620825,-5.833473514014482,3.958663099725544,2.012923803667352,5.500823902324469,22.857170000839726,42.586280701448274,user,rest,heavy
1788983620842,-6.264578281402588,4.084657669830322,1.8083694185234604,4.188510628785946,23.43679692927993,51.25188172032144,user,rest,heavy
1788983620858,-6.642264762336016,4.437802999225259,1.5738871473014353,1.8891667182888807,27.831000839354928,64.46157002796365,user,rest,heavy
1788983620875,-6.871807677459716,4.735880229131877,1.49098820707947,1.0710916960645935,33.61878532126055,76.81189076442402,user,rest,heavy
1788983620892,-7.371447051891684,5.256918365423381,1.0458164820246398,3.468018519233631,38.87865594447943,89.079074438307,user,rest,heavy
1788983620909,-8.004563753399253,5.437680883026123,0.8858538105402142,8.082060392038539,43.83945307451095,101.8851122263798,user,rest,heavy
1788983620925,-8.409484862738847,5.616947316852212,0.9380767862631008,10.588516982511546,45.82102072632589,109.6656402571298,user,rest,heavy
1788983620942,-9.066991324615476,5.908291146850585,1.0181326120136305,12.790203702029414,45.254927817726056,115.09551770388488,user,rest,heavy
1788983620959,-10.064474422234296,6.233004162487387,0.96785532699842,15.337824988856443,40.70850801935545,118.13552562043084,user,rest,heavy
1788983620975,-10.608707556152345,6.695983493041992,0.9889535624082664,16.962378652754808,36.93731810687587,117.59210210968628,user,rest,heavy
1788983620992,-11.487829062762856,7.480982362365722,0.958428075763164,20.470725810499367,31.8369767970064,117.28027665331852,user,rest,heavy
1788983621009,-12.024578562927246,7.646032639312744,0.8602657711641397,29.527180989531924,25.329958027572804,121.58065937740692,user,rest,heavy
1788983621025,-12.1240869849056,7.5620853590816255,0.8203122478324919,35.48211556835339,23.837971505275217,126.10005894742096,user,rest,heavy
1788983621042,-12.441318120354412,6.797885532158613,0.8083411116675473,36.59026936495835,21.763894063794343,123.0683838616624,user,rest,heavy
1788983621058,-12.7931172958374,6.250811621856689,0.809837834765017,33.6468130025197,19.396243138955278,108.33468227470442,user,rest,heavy
1788983621075,-13.083563884735106,5.089773454284668,0.651521249987185,29.3559037508101,16.713433625433474,74.70632785841669,user,rest,heavy
1788983621092,-12.938713515251877,3.978563439720869,0.4020756202479824,27.935004129846718,15.055275430818648,44.55957016398915,user,rest,heavy
1788983621108,-12.648867814856766,3.609558862414956,0.3779834911186248,25.37680287999533,13.907833532334124,13.467358901628234,user,rest,heavy
1788983621125,-11.851297633251548,3.2410002753108738,0.6534665388360619,16.768027327469387,11.294773056842851,-24.03874833102233,user,rest,heavy
1788983621142,-10.657489414978029,3.338414939880371,1.0485095205008983,5.728038255914583,5.599744678300117,-46.06649772509614,user,rest,heavy
1788983621159,-10.229527037268875,3.5453643304020166,1.135598898150027,-6.936412271984789,-0.2379437270025573,-61.62773137151453,user,rest,heavy
1788983621175,-9.679756727489828,4.179377688488364,1.0170854045156388,-21.636382969726668,-8.805715519506805,-74.53876965769793,user,rest,heavy
1788983621192,-9.234135943493246,4.729146244701743,0.6247360458489507,-30.82813736602801,-14.184056627653195,-79.11288587315295,user,rest,heavy
1788983621208,-9.05891089401245,5.012261175537109,0.3860637390585616,-38.065986376652965,-17.986398179163555,-79.2665514690999,user,rest,heavy
1788983621225,-8.6949922416687,5.521029028320312,-0.244658614658378,-42.34483692938292,-19.500383033230456,-76.15745618909925,user,rest,heavy
1788983621242,-8.322842352074383,5.581332398113608,-0.7805109102547169,-42.18292388001318,-20.01545613627758,-74.92338444005053,user,rest,heavy
1788983621258,-8.27450940605998,5.545569010815024,-0.9774338324057869,-40.388189222754775,-20.799775296406608,-75.39481092675398,user,rest,heavy
1788983621274,-8.151507880291343,5.5648722617000335,-1.0609315605048089,-41.66694406935373,-22.19477825513189,-76.99074609802999,user,rest,heavy
1788983621292,-8.255955512237549,5.619340933990478,-0.9807261107075456,-45.7069053407679,-24.90222255344263,-79.19592731308195,user,rest,heavy
1788983621309,-8.26777688293457,5.599738407897949,-0.9805767974734771,-50.22931360911132,-26.485144506802477,-78.9551426542715,user,rest,heavy
1788983621325,-8.277652964782714,5.668571705627441,-1.1918647377892395,-52.61622225231524,-23.77519352906634,-71.31409391656234,user,rest,heavy
1788983621342,-8.26194043186605,6.030694414465129,-1.4999687648599966,-52.323295929380905,-13.777411070132732,-61.98457460470185,user,rest,heavy
1788983621359,-8.26224029159546,5.90230593496114,-1.7075163404705005,-52.552315587346015,0.1551905557410712,-55.27450797162211,user,rest,heavy
1788983621375,-8.335262857708335,5.139752121679485,-1.723825597171299,-61.95675524421238,22.08518445480445,-54.39798979543437,user,rest,heavy
1788983621392,-8.955210865563153,4.618414710180462,-1.7013804315313696,-74.58022890595991,44.72522957211864,-58.479048315084505,user,rest,heavy
1788983621408,-9.298031784820555,4.356399558258056,-1.6859682698007672,-89.96002540726609,73.45752339132824,-68.04618990816974,user,rest,heavy
1788983621425,-10.04846378315389,3.905840441076457,-1.7955021372363902,-111.62931281331927,115.66649419774126,-86.96882602252904,user,rest,heavy
1788983621442,-10.626663484081623,3.8073788978025314,-1.795652035135054,-125.91185991503042,146.08382642104425,-97.67199882931664,user,rest,heavy
1788983621459,-10.921150288280844,3.99367771448344,-1.8435363012336197,-135.40421093670403,179.50070452025005,-102.4572703429626,user,rest,heavy
1788983621475,-11.243770715552568,4.027347198242694,-2.3440740858100355,-138.87460273323083,226.8612089043618,-112.81200787943118,user,rest,heavy
1788983621492,-12.019491468921302,3.384803181567788,-3.0469220568001267,-130.9512008054225,248.56121167111252,-125.07055819420329,user,rest,heavy
1788983621508,-12.668618809509276,3.137302438818663,-3.637541386578977,-115.27261084868496,263.30559567393243,-146.9325320669317,user,rest,heavy
1788983621525,-13.789703152355552,2.5818476536624133,-4.624102108167111,-94.37525776224824,267.6840747809908,-181.31571800915424,user,rest,heavy
1788983621542,-13.832349284905195,2.1502926582887767,-5.378424976459145,-88.40830888067674,260.4094861828204,-204.94401978238295,user,rest,heavy
1788983621559,-13.50254859074056,1.9394532380586489,-5.858013788770139,-88.01789526771881,249.64013567316445,-213.4462939027282,user,rest,heavy
1788983621575,-12.088173960003257,2.1368255987482057,-6.559964080268144,-79.6803858007218,235.80515037719672,-205.5810032243784,user,rest,heavy
1788983621592,-11.16640573632121,2.208950854690932,-8.086266469573975,-64.56103124265738,241.9031705889408,-199.16614419741572,user,rest,heavy
1788983621608,-11.173888201031088,1.9427456672001628,-8.531587978363037,-44.18760147688484,255.31342740156043,-196.03987099165252,user,rest,heavy
1788983621625,-10.842440324181318,1.6039661322880536,-8.778939521899819,-22.598567086031995,254.0809061054533,-192.4357167704202,user,rest,heavy
1788983621642,-10.295963795250652,1.901146340289712,-8.08851103363037,-15.713560525288017,253.50889142284308,-190.1012400743799,user,rest,heavy
1788983621658,-9.819817524608968,1.715296728681028,-7.415591314044594,-20.21818468858002,249.6048645762905,-186.43536826380733,user,rest,heavy
1788983621675,-8.328978078350424,1.247529433197528,-6.3619929459720845,-31.01178066224214,233.43818930146384,-177.7782537549779,user,rest,heavy
1788983621692,-6.028898470959067,1.0262155633673071,-6.347327876281738,-32.24383067529655,204.6898274622318,-153.46018483784792,user,rest,heavy
1788983621708,-4.995351541790366,0.8506906541571021,-6.6060512931823725,-15.681631098465498,185.24218885731943,-132.25134097431277,user,rest,heavy
1788983621725,-4.450221751293539,0.4595379579290747,-6.817938724628091,3.9723355684418657,174.28677033429412,-117.70713615568762,user,rest,heavy
1788983621742,-4.533569604326784,0.3600289514288306,-6.137087042999267,22.223468464740527,149.34526907048203,-104.78581843480336,user,rest,heavy
1788983621758,-4.19149862665385,0.2946370263248682,-5.991938567352294,29.59224878666005,129.5552467428553,-95.67562332738112,user,rest,heavy
1788983621775,-3.3678932555601,0.0094283380806446,-5.333683332934975,31.170616711390785,118.77535042112092,-85.60573883024793,user,rest,heavy
1788983621792,-2.4166468623287973,-0.5163984937921167,-4.945523388782143,20.786253229397275,111.33098381075146,-68.15872410493488,user,rest,heavy
1788983621809,-2.160916197503358,-0.735019325146079,-4.783614916992187,9.358639823386849,111.38353528622557,-61.82469353661019,user,rest,heavy
1788983621825,-2.2364831874020394,-1.3503285672843457,-5.458630732074379,8.958802256921592,115.49649078929964,-67.19995679076185,user,rest,heavy
1788983621842,-1.813607319176942,-2.2925965581595897,-6.095936701965332,11.335624418268695,112.42082928528622,-82.69230797940065,user,rest,heavy
1788983621859,-1.4434038144100456,-2.403029109734297,-5.984755962371826,15.85933896029089,91.23298825344888,-77.77278226742894,user,rest,heavy
1788983621875,-0.4372406763272359,-1.6874626730769873,-6.155342830657959,22.38563081601497,62.97094954350007,-62.84321817583166,user,rest,heavy
1788983621892,0.5737109564074315,-1.7917594983756542,-7.03521252528727,25.239213841807302,54.29201941046163,-38.77981627700017,user,rest,heavy
1788983621908,0.62952578945969,-1.8001394964471458,-6.962188790130615,8.072369207379936,68.4780286184438,-29.585302484274145,user,rest,heavy
1788983621925,-0.7420524751858786,-2.07532275750041,-6.183474700164795,-16.716059833169343,81.4549167584153,-29.588499012805716,user,rest,heavy
1788983621942,-1.114650145080313,-2.833985700823366,-6.379201270404458,-30.93691837384421,66.20612328538996,-41.47549045182369,user,rest,heavy
1788983621958,-0.6468829226620495,-2.8878552381768823,-7.426514274597167,-6.437447743208317,32.987993445747776,-47.965017106792885,user,rest,heavy
1788983621975,0.3579335135195404,-3.528902732683718,-9.210344149017333,23.70451985417692,18.029925267196752,-54.23793455751888,user,rest,heavy
1788983621992,0.8432082625124603,-2.750337988060713,-7.711275219073891,31.502960056025263,-2.304862916789847,-51.52982260821677,user,rest,heavy
1788983622009,1.295861940820515,-2.3373384939447046,-7.045687157550454,21.40763481178106,-12.52233392806527,-31.74661339428713,user,rest,heavy
1788983622025,2.345868933337554,-2.54757903496623,-6.501305555072427,12.244860908128087,-32.31710494471245,-12.1403001034453,user,rest,heavy
1788983622042,1.7534538061831146,-3.018189591051638,-7.213430911365151,8.02283752929265,-48.531512996553744,1.039078919589861,user,rest,heavy
1788983622058,0.8459016663148998,-3.199550074547529,-7.728782234191894,7.324163818713705,-53.94404176281699,-4.220343579186437,user,rest,heavy
1788983622075,-0.5825388991758227,-3.626915363146365,-8.163180782428384,1.716391213539591,-50.76363930788142,-16.021583273835372,user,rest,heavy
1788983622092,-0.9831188375059514,-3.6025244337335227,-8.883835482135414,1.0601315903242503,-51.95994352591457,-32.913137987539024,user,rest,heavy
1788983622109,-0.7185594992597587,-3.454383206011354,-9.430311426544188,6.983707916892542,-54.81602469339583,-38.81667539285615,user,rest,heavy
1788983622125,0.1789668663576245,-3.07445333006531,-9.544933831024167,9.673016355409608,-52.74272077083846,-40.54799515876556,user,rest,heavy
1788983622141,0.3118449854310601,-3.044226534105837,-9.51889747249186,3.732620261123337,-46.156441071181455,-40.41558169642111,user,rest,heavy
1788983622158,0.3528457390935858,-3.274219238823652,-9.035567427825928,-10.345731078274271,-58.19893542703311,-44.03337580542596,user,rest,heavy
1788983622175,-0.4360437581602484,-3.271525761955976,-9.245359932819008,-20.490581170416597,-66.90071937303442,-54.48619485837592,user,rest,heavy
1788983622192,-0.9208696674071252,-3.052456602312624,-9.961675142017006,-25.36990268138633,-59.34871581153472,-67.08552380140745,user,rest,heavy
1788983622208,-1.1142014514647425,-2.853587934654951,-11.261277730670573,-22.120375296955647,-26.76241262106456,-76.83942325696835,user,rest,heavy
1788983622225,-0.4112040255339816,-2.308608074022829,-10.739341184234618,-12.958563596201998,-14.340735190797764,-72.3434170848616,user,rest,heavy
1788983622242,-0.2585736514327116,-2.025643073052168,-10.630854506030678,8.326750211506953,8.973103819269953,-62.94037078658592,user,rest,heavy
1788983622258,0.403423116733646,-2.1045020902335643,-10.547207085528967,34.235640195771914,33.02275569352856,-43.60184445366455,user,rest,heavy
1788983622275,0.834229769966501,-1.288079324120283,-8.978854776000976,38.87348890637231,32.42179125412123,-26.87953670495193,user,rest,heavy
1788983622292,0.9542391453064978,-1.7263678655326364,-8.485200321197508,33.21618665082332,19.66377823365009,-11.189621440796856,user,rest,heavy
1788983622308,0.9858126888329628,-2.9070088514581323,-7.843704498401284,17.688429469074453,9.108204961052804,-1.13972527882629,user,rest,heavy
1788983622325,0.1373673567840829,-3.124282652117312,-7.6190978706359855,6.37485845097526,16.677595622858416,0.4749919521719025,user,rest,heavy
1788983622342,-0.2136823520384728,-3.166929369188845,-7.752275922504067,-2.1306130516751858,22.884564182053357,2.314038849052936,user,rest,heavy
1788983622358,-0.915931644749362,-3.0364453787103294,-8.417714346423745,-10.157702800612991,8.107712021240166,-0.2520797106243979,user,rest,heavy
1788983622375,-1.6074069203916936,-2.667289410234988,-9.031378159442545,-11.800311215808636,-8.293669897809288,-8.51068635208175,user,rest,heavy
1788983622392,-1.8089688457213344,-2.5287249891534445,-9.188048146057127,-8.981534834026688,-16.46613125860753,-18.24635176387965,user,rest,heavy
1788983622408,-1.7461211434737778,-2.554612294603884,-9.126846950641276,-5.418352356304326,-22.486217304374456,-30.844888404967463,user,rest,heavy
1788983622425,-1.9460370003631335,-2.804357163017988,-8.909573149982094,-5.05239850453786,-35.227212908528514,-41.18187769487776,user,rest,heavy
1788983622442,-1.951723192773387,-2.893391829515993,-8.819341674914956,-7.05706158725754,-43.29192462007522,-51.809368590567054,user,rest,heavy
1788983622458,-1.464054237553733,-2.857777787560224,-8.604910404205322,-16.47730374054238,-49.3119304111194,-58.5225292993408,user,rest,heavy
1788983622475,-0.8593687789419316,-2.752433206774294,-8.616732359424233,-25.178261233654112,-48.485470691358685,-55.43031824696844,user,rest,heavy
1788983622492,-0.7978676941139158,-2.765751245769858,-8.801085302734375,-30.52959662759592,-41.06701781870024,-49.720461100850784,user,rest,heavy
1788983622508,-1.3856442473480477,-2.632573486162722,-9.245509570422769,-26.678179313125373,-33.89472837882365,-44.74426872443005,user,rest,heavy
1788983622524,-1.8258781689408237,-2.358138120867312,-9.39694282542765,-16.649815535956684,-32.52283024251323,-43.117215211295466,user,rest,heavy
1788983622542,-1.8635867902893573,-2.307111405724287,-9.400983040729164,-4.8359703003076655,-30.05610400866854,-42.92306025394869,user,rest,heavy
1788983622558,-1.9161095709427256,-2.472311612536013,-9.298181422424316,3.4843977397501447,-33.54851633507946,-49.05700384563243,user,rest,heavy
1788983622575,-1.9571102926392108,-2.7703894269645213,-9.053374887195227,1.4889906305728884,-37.70256908638952,-55.25826578177582,user,rest,heavy
1788983622591,-1.9129673091279344,-2.8519422132745382,-8.839991079711913,-6.596851124944898,-40.69857692430225,-58.551680546718416,user,rest,heavy
1788983622608,-1.6868648533143102,-2.815280708092451,-8.353819089618325,-17.26093134401794,-46.37147933191555,-58.50005114678229,user,rest,heavy
1788983622625,-1.4634559109009802,-2.7320822004020213,-8.53562877818644,-27.63069017401867,-53.8317466226728,-55.07021701354703,user,rest,heavy
1788983622642,-1.3992614154206588,-2.658460791613161,-8.793304731860756,-33.60571233918915,-51.93418005236528,-50.36297699607388,user,rest,heavy
1788983622658,-1.6440684986390173,-2.5778055386647583,-9.582193594360351,-35.946708450792244,-41.02419594769885,-46.07924285808738,user,rest,heavy
1788983622675,-2.205359077276662,-2.580499307793379,-10.435876123809814,-32.26505207304778,-28.966046798269524,-45.70503728402989,user,rest,heavy
1788983622692,-2.3844754351075736,-2.4973010923638936,-10.56546228866577,-27.278831271378174,-20.02422780671917,-46.00543583391622,user,rest,heavy
1788983622708,-2.4557030075624584,-2.451362055748701,-10.290428372955322,-24.99966032459474,-13.020829308223126,-46.64215972872315,user,rest,heavy
1788983622725,-2.375796307959035,-2.231245140618085,-10.225036740112303,-23.55021563554258,1.1727218159849158,-44.94075619137839,user,rest,heavy
1788983622742,-2.3356935762818902,-2.036566910387576,-10.303297791400553,-21.260826725760808,13.35786840791199,-44.12032069846563,user,rest,heavy
1788983622759,-1.8209402924135327,-2.429216274914145,-10.064774866485594,-15.295184117868054,17.38659487191513,-58.55347005628096,user,rest,heavy
1788983622775,-1.5221139977052809,-3.2770626455560325,-10.294318950653077,-5.798862194965737,25.90052641762628,-74.35759205977418,user,rest,heavy
1788983622792,-1.574786434228718,-2.9813784482657906,-10.485855083465577,1.1687491004872013,49.0583767136556,-80.5411945418185,user,rest,heavy
1788983622808,-0.7980175965791567,-2.1829121946036816,-10.133308889007568,-0.3938764921866988,68.20175429670596,-75.9694893831405,user,rest,heavy
1788983622825,-0.1984198005121666,-2.8562814115226267,-8.8865283744812,-6.6924058983202,59.80498610846991,-76.85726371108042,user,rest,heavy
1788983622842,-0.4981439847750589,-2.753181102532148,-8.46589765483439,-10.98382613355708,36.33034310099893,-85.04941309216123,user,rest,heavy
1788983622858,-1.1468229970736428,-2.205058559960127,-8.425495501819253,-10.659607298940331,4.95893078084082,-91.19853677927532,user,rest,heavy
1788983622875,-0.1041482471408322,-2.3684628232657907,-9.075819943237304,-2.467549058196265,-34.6977878704879,-88.79232943657153,user,rest,heavy
1788983622892,0.3725971949703991,-2.354546818377077,-9.057264880371092,-0.512377152676526,-54.08121928210752,-81.20966515588765,user,rest,heavy
1788983622908,0.4756975039608776,-2.154481342150271,-9.077017044067382,-4.403846002748939,-60.84579765495313,-73.21751737408316,user,rest,heavy
1788983622925,0.0321716098843142,-2.3041189459100364,-9.531017533874511,-8.110466295022976,-60.13803979277807,-65.6455969809637,user,rest,heavy
1788983622942,-0.147243881590222,-2.4067703420892355,-9.813533329772948,-8.614804902015777,-55.491004477744006,-61.12948273194044,user,rest,heavy
1788983622958,-0.5144545977493049,-2.668336873461306,-9.900173502349851,-9.94160244546296,-48.58229545303279,-58.07913390899108,user,rest,heavy
1788983622975,-0.6845925303912721,-2.713527283666283,-9.65387000656128,-14.64709137318764,-33.13165281456066,-53.15270287576848,user,rest,heavy
1788983622992,-0.6748661044131964,-2.6449934072747827,-9.59610989151001,-14.158182163529895,-17.472440104498432,-47.09852906340131,user,rest,heavy
1788983623008,-0.8984247392292134,-2.581547063280642,-10.308833798217773,0.6057628073818195,15.092619490105694,-39.47400938348359,user,rest,heavy
1788983623025,-0.5964560502754291,-2.496403266741335,-10.68038396835327,28.139431691705195,50.12269435616742,-28.235552943894785,user,rest,heavy
1788983623042,-0.8846580888164695,-2.0588629133477805,-10.340706607818603,33.020440259399926,16.988109682905538,-31.691688428076475,user,rest,heavy
1788983623058,-1.6127946230457164,-1.3209998892083763,-9.080458708953858,25.58089576258449,-21.73158726902018,-42.17993908734588,user,rest,heavy
1788983623075,-0.8845084694790187,-2.2498004957452413,-8.66341870727539,21.490647223406103,-15.06581612025527,-42.79392528240584,user,rest,heavy
1788983623091,-0.5355535592449363,-2.558502872301638,-8.767566479492187,22.58211486786873,-7.780177983555021,-36.862018686371066,user,rest,heavy
1788983623108,-0.517896322001284,-2.4651290075555443,-8.847622597503662,23.232353999495817,-10.810278710709872,-32.419772933221495,user,rest,heavy
1788983623125,-0.9479548408726228,-2.206106023186445,-8.639177415466309,22.50248169233555,-15.416875890762878,-27.898418221557534,user,rest,heavy
1788983623142,-1.174805439039273,-2.233938909746706,-8.602516202545166,19.797404054572212,-14.724289586281708,-27.65496637387619,user,rest,heavy
1788983623158,-1.435623814358585,-2.5152576048150657,-8.831162461090088,14.888635890543265,-12.802354608562869,-30.4391307720391,user,rest,heavy
1788983623175,-1.520618023526482,-2.5076263792842624,-8.995165274810791,7.371406529655391,-7.212454367290855,-35.5423578368329,user,rest,heavy
1788983623192,-1.4550766434818505,-2.39764244825989,-8.968380143737793,3.049358658963114,-3.580611626380352,-37.105443213295736,user,rest,heavy
1788983623208,-1.0797855515186674,-2.150441419109702,-9.056666329956052,3.1133171906813484,0.7807049228410321,-34.70572455030346,user,rest,heavy
1788983623225,-0.6835452315617352,-2.1241052008479837,-9.204807557678222,9.441641989728131,9.691033540666457,-29.583188540726027,user,rest,heavy
1788983623242,-0.4728555037342943,-2.1273969358697533,-9.23114377593994,14.621346682658569,13.56540797471106,-25.06360114050981,user,rest,heavy
1788983623258,0.0896322670649737,-2.205956970104575,-9.216180600085854,18.709069759391337,13.628319993382402,-18.5122851792141,user,rest,heavy
1788983623275,0.4005792076777666,-2.300527935680747,-9.220220815387368,20.148252089215557,10.900742004945752,-12.48202983554667,user,rest,heavy
1788983623292,0.241364797277376,-2.651876737047732,-9.198073865509032,21.085746779218574,1.2324891728737006,-8.796597216964837,user,rest,heavy
1788983623308,-0.5033815566349774,-3.1678274870723486,-9.316736485290528,20.232512717911412,0.7306695183024575,-13.58387509867948,user,rest,heavy
1788983623325,-0.6536177473424002,-3.4105390958487987,-9.30805750427246,16.732621334359333,3.1267647659400457,-20.420667354072343,user,rest,heavy
1788983623342,-0.4427783636448905,-3.6640254888787855,-9.044096771240234,9.658972632702415,7.682331254826358,-25.29059564738602,user,rest,heavy
1788983623358,0.2228097344111651,-3.7446801573053,-8.688408771625161,6.138144158023304,8.64844102235715,-24.691062132609808,user,rest,heavy
1788983623375,0.5708667642237618,-3.795407597240805,-8.621370540618896,5.91435215609419,7.229039774142938,-21.57690738998149,user,rest,heavy
1788983623392,1.0063121911646795,-3.903146379686892,-8.587552442169189,7.016790791911146,2.0098121915802247,-18.033495748585377,user,rest,heavy
1788983623408,0.8855546449305489,-3.865437703539431,-8.751405618286132,6.441883097300594,1.4156606524265738,-18.72765470412294,user,rest,heavy
1788983623425,0.6908761224390938,-3.805582662035525,-8.744223597827553,0.2592379623179828,3.080082130510301,-23.09003334776026,user,rest,heavy
1788983623442,0.2313390047602355,-3.85975147459656,-8.74631852428019,-10.52601819028499,5.969896961972026,-31.385948670259197,user,rest,heavy
1788983623458,0.1557719417963176,-3.749318630760908,-9.138368461608886,-14.643160599320296,6.390826152594279,-36.6483396332818,user,rest,heavy
1788983623475,0.259770149474591,-3.566462063488364,-9.374646237945557,-13.79628459035677,5.2789746623274,-38.0629264519048,user,rest,heavy
1788983623492,0.3766371180109679,-3.233069482311606,-9.965265859985353,-5.729768001321888,5.790227128307548,-36.549530701653815,user,rest,heavy
1788983623508,0.2883509317927062,-2.9756928038448094,-10.280103378295898,0.7229819269481966,7.855729267285472,-33.69398570402239,user,rest,heavy
1788983623525,0.3154353380732238,-2.9016221899837253,-10.191817192077636,5.048518530202469,8.887998808437947,-30.11456018268009,user,rest,heavy
1788983623542,0.2822157169733196,-2.905811750628054,-9.824756150054933,7.272075088555896,8.520567074489819,-24.89805443050163,user,rest,heavy
1788983623558,0.3193259157709777,-3.05844239872396,-9.517850009265542,6.805400279080659,8.203076829979178,-21.609588137612707,user,rest,heavy
1788983623575,0.2252038630060851,-3.116352151378989,-9.412355498614907,6.031605159802153,8.794615608331886,-19.88025937184635,user,rest,heavy
1788983623592,-0.0264865865178406,-3.2716759840816256,-9.268553176879882,6.652511617151801,6.332801561160905,-20.02458809919789,user,rest,heavy
1788983623608,-0.2082962750859558,-3.4585730589166284,-9.28860461578369,8.784692197241505,0.9764490731086062,-21.779664970587906,user,rest,heavy
1788983623625,-0.3058600658025592,-3.544764610943198,-9.33274770889282,11.0323025474176,-5.52840420619298,-23.993124374913933,user,rest,heavy
1788983623641,-0.5421378421392291,-3.623922611071169,-9.510517182159424,14.90216137264718,-9.518974245284664,-26.438176710974883,user,rest,heavy
1788983623658,-0.7790142419561743,-3.6159921103328463,-9.60748234939575,18.091834101833747,-12.104014723479608,-31.457935449016546,user,rest,heavy
1788983623675,-0.7911346686650067,-3.662229837633669,-9.520243626403808,17.652658060843805,-12.371558355910883,-36.30484258973269,user,rest,heavy
1788983623692,-0.8324347203679382,-3.736450381359458,-9.305663302612304,14.269484364923484,-11.35183160339549,-45.39408950697048,user,rest,heavy
1788983623708,-0.7227505029425024,-3.7696699293941256,-9.214085089111329,10.343756299830492,-12.471752108393094,-53.31940047265181,user,rest,heavy
1788983623725,-0.6043870853032917,-3.728220020891726,-9.096320294952392,3.897820339031142,-18.96660374959396,-60.6816272280627,user,rest,heavy
1788983623742,-0.3624230069585144,-3.5423704092830417,-9.144803463092446,-3.6061324147706935,-25.838479271658592,-69.241192975166,user,rest,heavy
1788983623758,-0.284761090607196,-3.214664057049155,-9.685593763080238,-6.090995789069529,-24.355126108471904,-75.07034279023252,user,rest,heavy
1788983623775,-0.2346325664129108,-2.9490573103755717,-9.887754165759684,-4.745990241955564,-18.750807337861996,-78.01134028456997,user,rest,heavy
1788983623792,0.1903381551995873,-2.583492352129519,-10.122983894348144,2.908301165337188,-10.08762505972866,-77.04628919636052,user,rest,heavy
1788983623808,0.7754211859002709,-2.4437314147397875,-9.832836580657958,9.231925300131124,-6.38550415457037,-74.24199110807172,user,rest,heavy
1788983623825,1.0640721235528587,-2.507327104076743,-9.549273906055092,13.268801033587732,-4.673757576388094,-72.30218323284224,user,rest,heavy
1788983623842,1.4190125196710228,-2.7675468970149755,-8.827422105517982,9.18736514598596,-6.3142879065287625,-71.94222543339339,user,rest,heavy
1788983623858,1.4695900297418236,-2.938134057562053,-8.26119282836914,3.453386546484171,-13.15665018118977,-73.19540122155065,user,rest,heavy
1788983623875,1.4567211958184838,-2.9937992461606857,-8.340052430072426,3.946364201009716,-22.60412002982721,-74.76605103251927,user,rest,heavy
1788983623892,1.3687342848077415,-2.9837738189697265,-8.998756577301025,12.575623917743355,-31.304235702123744,-76.63255048738701,user,rest,heavy
1788983623908,1.1664242445245383,-2.93364492944926,-9.458742571258544,26.839344456781,-35.7801508727869,-80.6414343980776,user,rest,heavy
1788983623925,1.1191386156059802,-2.953696368353069,-9.420884257507325,29.00004064976868,-34.384138753611744,-84.0017235451838,user,rest,heavy
1788983623942,1.1026784791924058,-2.966265927068889,-8.853009551239014,22.620906927259814,-31.29867592813936,-86.78846804730568,user,rest,heavy
1788983623958,1.1237775274530053,-2.9740470824643968,-8.456769176483153,8.824613799166583,-30.55550353511778,-91.92589045417915,user,rest,heavy
1788983623975,1.1077660115897654,-2.9724007765620946,-8.544007899475098,2.1391307244570146,-29.1720931149613,-95.80937209170833,user,rest,heavy
1788983623992,1.1936582884088158,-2.863315547943115,-8.896853369140624,0.7973791221523258,-29.76728262942538,-98.62434576566989,user,rest,heavy
1788983624008,1.460761264989525,-2.637512111608684,-8.953566605487465,2.275473253121517,-33.699244949683305,-100.41890283800984,user,rest,heavy
1788983624025,1.5327369523979724,-2.630179869024456,-9.0650460357666,3.481800560318247,-34.76155110148456,-101.99250329069991,user,rest,heavy
1788983624042,1.500265592382103,-2.429815117590129,-9.332598071289064,4.6577497474077,-31.135512954151505,-102.1677522844241,user,rest,heavy
1788983624058,1.5269012319818138,-2.2004209632873533,-9.052027564239502,0.8907240091660108,-30.85396572637441,-101.43476370345502,user,rest,heavy
1788983624075,1.6135412584282456,-2.264765132904053,-8.983793401446938,-5.706666167114789,-28.711297817700974,-101.01823144711096,user,rest,heavy
1788983624092,1.838446430748701,-2.316090830993652,-8.907328001403808,-13.106682224769248,-26.31415755112037,-98.89568869082696,user,rest,heavy
1788983624108,2.1805181390739974,-2.239626015472412,-9.143605777740476,-15.244451180260493,-24.023575065781145,-93.00956826789336,user,rest,heavy
1788983624125,2.302173510930687,-2.203563352966309,-9.31524010925293,-10.852445737324594,-25.047323092170384,-86.96125817292867,user,rest,heavy
1788983624142,2.4163470025993883,-2.201318788909912,-9.373000808826088,-4.641448220292995,-29.387930507828287,-79.4214328387191,user,rest,heavy
1788983624158,2.3638243498101827,-2.416048750305176,-9.214534001922608,2.672834876012641,-37.30026069899201,-72.02759596782938,user,rest,heavy
1788983624175,2.299031121251732,-2.597259888458252,-9.111583330535888,3.265208431547973,-40.42613433868878,-68.73428365572434,user,rest,heavy
1788983624192,2.3066627851739523,-2.91748436050415,-8.828169709014892,0.3572526443311202,-41.41196969254257,-64.64239245605057,user,rest,heavy
1788983624208,2.345718053624779,-3.059191463525593,-8.80377877960205,-2.90550591041936,-41.19566784681202,-57.77736249108158,user,rest,heavy
1788983624225,2.292746341893822,-3.136703450012207,-8.894159892272949,-2.970272752337183,-42.03457558633508,-53.22879801331159,user,rest,heavy
1788983624242,2.112582666967064,-3.3912367217466235,-9.144054106029868,-1.5047422207377017,-43.48921121915645,-49.831581448457726,user,rest,heavy
1788983624258,1.8743596017815167,-3.59728828664571,-9.25029797374308,-0.0583083044180873,-44.190524797849605,-47.422088784763154,user,rest,heavy
1788983624275,1.7518064043022692,-3.685125560052693,-9.271695566558837,-0.6111211975074003,-45.2483571757445,-46.67566180660207,user,rest,heavy
1788983624292,1.5227113060113042,-3.82114614187032,-9.495403784179686,0.1140375187334072,-44.42679470161869,-45.5970041819278,user,rest,heavy
1788983624308,1.4004573837395755,-3.963301865442097,-9.703250415802,3.2685774223560817,-42.94506029326529,-43.4894980871016,user,rest,heavy
1788983624325,1.3015469276543703,-4.047547836358845,-9.756671040344235,6.731988978994539,-41.5395815319005,-43.630247795328046,user,rest,heavy
1788983624342,0.9804246299859136,-4.128352142389119,-9.797671743774414,7.745187778210693,-38.65072911678151,-45.03976319849231,user,rest,heavy
1788983624358,0.8788206970330327,-4.081664917755127,-9.705943892669676,6.279308800241835,-35.75649792769114,-46.190878884976655,user,rest,heavy
1788983624375,0.9308945466088132,-4.056376454980671,-9.649231240844726,6.377383059647225,-29.270389782401537,-46.36465938802929,user,rest,heavy
1788983624391,1.1321571236656978,-3.9425022385194897,-9.617807344055176,7.567086326734379,-26.69938022030909,-45.09168629656275,user,rest,heavy
1788983624408,1.26997339326106,-3.926939927728474,-9.550171147155762,10.906813189344248,-25.60877659477648,-41.47950660305565,user,rest,heavy
1788983624425,1.479914878270775,-3.980959102685749,-9.580397943115234,16.307870652896458,-24.365987816799517,-37.04564149201769,user,rest,heavy
1788983624442,1.4478924310661851,-4.061613478851318,-9.450811193737389,18.81006776664832,-24.692083245890725,-34.50023147893445,user,rest,heavy
1788983624458,1.430833817302808,-4.13747974395752,-9.384072822460531,20.57856083711553,-23.832295618074937,-31.80052407740604,user,rest,heavy
1788983624475,1.4043478883720937,-4.250157151849567,-9.198073865509032,20.5381380700601,-25.932761495414155,-29.3874489794918,user,rest,heavy
1788983624492,1.2213412268380637,-4.313005237689614,-9.20076734237671,21.39794106580152,-25.33104744274542,-28.221202716448587,user,rest,heavy
1788983624508,1.1324564902047627,-4.337395874841511,-9.348310019683836,22.868776199786872,-22.845495500000883,-27.25157027885336,user,rest,heavy
1788983624525,1.0122974213204343,-4.3445781875610345,-9.706092945751548,27.288478913580818,-14.295483479999138,-24.638117921258456,user,rest,heavy
1788983624542,1.083524957242701,-4.326322692163289,-9.845256501770018,33.1798397991551,-8.382809842893478,-21.482707128495964,user,rest,heavy
1788983624558,1.2105671549705788,-4.402188665008545,-9.600448797497153,35.980654490967204,-10.990239681187724,-18.98000799584011,user,rest,heavy
1788983624575,1.4618088743463158,-4.568884955596924,-8.814103189739585,32.887842381947884,-22.45485307570576,-14.881310512658423,user,rest,heavy
1788983624592,1.1876727568589616,-4.657769692230224,-8.597876852306722,25.873041736406147,-30.205217283533678,-13.864668444326938,user,rest,heavy
1788983624608,0.8430573964994167,-4.651634842737018,-8.713845995220542,13.559239460116892,-34.7908321224564,-14.988962831714288,user,rest,heavy
1788983624625,-0.1352732637317967,-4.508880861011147,-9.516053188976644,-1.1315201939206947,-30.322573593852837,-20.079723093725523,user,rest,heavy
1788983624642,-0.7637512840044917,-4.1419691643312575,-11.031284149169922,-0.8938493543198206,-14.958898046535184,-22.79259909997372,user,rest,heavy
1788983624658,-0.7700359583311248,-3.815908825738728,-11.525387516784669,9.047941348232136,0.2910361214423887,-20.2781383815671,user,rest,heavy
1788983624675,-0.2905971215506084,-3.101987818200886,-11.175983127483724,24.329055276409964,8.817144133535528,-9.308139112211064,user,rest,heavy
1788983624692,0.0888838794011251,-2.9132950921207663,-9.78719711151123,33.490872953579135,6.803168941656181,-1.147818092497403,user,rest,heavy
1788983624708,0.1695385454016446,-2.993500555475056,-9.1238530295223,39.20205857149036,0.3992839476165126,3.948340260113965,user,rest,heavy
1788983624725,0.0444414470096875,-3.178602271325886,-7.911040251049399,41.54295564535049,-8.771848880280942,5.933363560762097,user,rest,heavy
1788983624742,-0.2876043238096404,-3.3851018722534176,-7.085639228710532,38.90681681442739,-11.97329514804932,4.484251843431975,user,rest,heavy
1788983624758,-0.4106064797659404,-3.48580797958374,-6.830656751903891,32.59242645506107,-15.158556428805705,1.204752735149631,user,rest,heavy
1788983624775,-0.5565031068990938,-3.63589478841573,-6.433219860839843,18.333387156925838,-19.33176615319035,-5.231857882998536,user,rest,heavy
1788983624792,-0.7489371383993886,-3.77984587097168,-6.489034102520346,5.295616845126959,-22.005834732121823,-12.222582538602795,user,rest,heavy
1788983624808,-0.8904943298224359,-3.804835643060505,-6.713939420971274,-5.907881832516073,-22.47022270888558,-20.123741955378964,user,rest,heavy
1788983624825,-1.0437232178061269,-3.724031337030232,-7.604732076153159,-13.708374079323182,-18.805822804079156,-28.4752550177218,user,rest,heavy
1788983624842,-0.9976348358481192,-3.3755253578737374,-8.28678085861206,-16.55348084035553,-15.194525912522284,-32.20882254070565,user,rest,heavy
1788983624858,-0.9177283371740952,-3.2287311608463525,-8.471582714733481,-16.472430400569575,-11.539931598043058,-33.00441663560707,user,rest,heavy
1788983624875,-0.6774103090032935,-3.0991449959903954,-8.727163741955161,-13.328462735987792,-10.598965464394372,-30.643974975436954,user,rest,heavy
1788983624892,-0.6187524413947015,-3.1522660530641677,-8.826074198040367,-9.088899431363764,-9.288311926824164,-29.92191811223447,user,rest,heavy
1788983624908,-0.6872863360525109,-3.2300776070192456,-8.787617918395995,-7.00629748691189,-7.838333629243095,-30.79894513751537,user,rest,heavy
1788983624925,-0.6962646105444058,-3.378368472345173,-8.328379527935386,-11.4459097752496,-8.723996574955832,-33.124184002703245,user,rest,heavy
1788983624942,-0.4762973147512413,-3.4751842942386864,-7.87826961582601,-19.190768850606485,-11.655698181832896,-35.4371729236147,user,rest,heavy
1788983624958,-0.3951938065786846,-3.490596967425942,-7.854627458953857,-27.94824615910008,-13.73031776957914,-36.13145140746275,user,rest,heavy
1788983624975,-0.2391217127920128,-3.381810429492593,-8.327332064709067,-32.719242577380705,-13.683262035065985,-34.040443634576704,user,rest,heavy
1788983624992,-0.2024604816045612,-3.2778122948795554,-9.2387747092098,-28.140010550237356,-8.04849342736251,-28.237711283672507,user,rest,heavy
1788983625008,-0.1545764666677452,-3.322553938403725,-9.558849543651938,-19.548383895170016,-3.7519740290233914,-23.35342251762888,user,rest,heavy
1788983625025,-0.1408098345213104,-3.4774288582950827,-9.498246898651123,-11.80163371118668,-1.7608698323015368,-20.384595417518213,user,rest,heavy
1788983625042,-0.1942304042646195,-3.704728086145222,-8.85435628967285,-7.089374358447225,-5.511598952626987,-19.535020630058884,user,rest,heavy
1788983625058,-0.1578685304830782,-3.8253362870365377,-8.530539930614829,-7.906342676582558,-9.981686264380825,-20.09528738729669,user,rest,heavy
1788983625075,-0.030826168358419,-3.995773517718911,-8.371475157818198,-10.874611408728578,-12.978173923082752,-21.575085437020388,user,rest,heavy
1788983625091,0.0472846973367966,-3.913921456201374,-8.617031050109862,-15.389075313293636,-12.05395968214717,-19.940698008264494,user,rest,heavy
1788983625108,0.0995081297174096,-3.7662294335514304,-8.737190045928955,-19.71153150123223,-10.331121303639616,-14.81902772516437,user,rest,heavy
1788983625125,0.2774273501856252,-3.57858358617574,-8.968379559215903,-22.312682688131943,-9.247777315421075,-8.251125503242925,user,rest,heavy
1788983625142,0.233433858147636,-3.6352965302616354,-9.411906001281736,-20.672981372201782,-6.51539215446921,-1.9829168276194185,user,rest,heavy
1788983625158,0.0644929121713153,-3.6896149804264304,-9.638307695770264,-17.393626551665655,-2.4456640648784864,-0.0176929513744701,user,rest,heavy
1788983625175,-0.1680438875387422,-3.754856683404744,-9.808893979534506,-13.801368812420195,1.5723939638062083,2.332034263081804,user,rest,heavy
1788983625192,-0.1038493555258028,-3.7793969581604,-9.619752048382162,-10.036911758914965,2.177085872231364,6.805962915913539,user,rest,heavy
1788983625208,-0.0523739467672072,-3.829675777545571,-9.50632732925415,-6.918075775384244,1.2966509027197426,10.19720093080953,user,rest,heavy
1788983625225,-0.1686424744863994,-3.981408307757973,-9.334542775616049,-4.34933468986989,1.3020830375440184,11.887187806956614,user,rest,heavy
1788983625242,-0.5015860697866417,-4.080618039050698,-9.114276807403565,-3.3381981808962564,3.835207994909636,10.384724628245875,user,rest,heavy
1788983625258,-0.6238400468572974,-4.123563739068806,-8.980500205120444,-4.896262514545484,7.123586775999819,7.398315767437949,user,rest,heavy
1788983625275,-0.7196080219320021,-4.202123773303628,-8.955959638103842,-5.971231837067941,12.790971244537396,3.6119372217915577,user,rest,heavy
1788983625292,-0.6682824425734114,-4.131045911517739,-8.939499501690268,-6.27428647676776,19.28195358357345,-0.7849589567551865,user,rest,heavy
1788983625308,-0.5478240893484093,-4.061464133508503,-8.92573284214437,-4.648130279735383,22.23623408829928,-1.989687252634193,user,rest,heavy
1788983625325,-0.2590234775594435,-3.9136224732548,-8.807818994903563,-2.605054640010373,22.00007346755692,-1.706026508195802,user,rest,heavy
1788983625342,-0.0329211107940762,-3.866935540881753,-8.600420691570639,-1.4506961077741545,19.256736525157763,0.1777019654511473,user,rest,heavy
1788983625358,0.0281310018571559,-3.89791023259908,-8.621818868908285,-0.2279360324450341,18.840641400920585,1.656551926221109,user,rest,heavy
1788983625375,-0.1622079935926478,-3.861249019677937,-8.787318643188476,0.920910136924588,21.011839009757164,1.1756576233892575,user,rest,heavy
1788983625392,-0.3006227862035855,-3.84314316188395,-8.901941047668457,2.505959480767478,25.115136625344853,0.97178373374037,user,rest,heavy
1788983625408,-0.3027177674551494,-3.8476319977357982,-8.89999575881958,3.31726941406228,25.437692308898708,1.360516586553947,user,rest,heavy
1788983625425,-0.4242234834417701,-3.876961260333657,-8.955510725292562,4.028084426221156,26.52427124546289,0.6738710525468066,user,rest,heavy
1788983625442,-0.4830309886541217,-3.907337401635945,-8.9891797706604,5.0703166520517415,25.16326726087864,0.6755264662860355,user,rest,heavy
1788983625458,-0.3447659158453345,-3.886687412317097,-9.125948540496823,10.512849585565206,21.091530241898287,2.462250325504216,user,rest,heavy
1788983625474,-0.2519905284490436,-3.823091722980141,-9.38467195739746,15.979347091555306,20.59836497061398,5.456774731706587,user,rest,heavy
1788983625492,-0.2949365937933325,-3.744831256213784,-9.299528160858154,18.622558583363958,21.07237668391828,8.51073843227417,user,rest,heavy
1788983625508,-0.2247564845647662,-3.893421396747231,-8.834155213165282,16.196405380736433,23.16810240997351,10.23123832476464,user,rest,heavy
1788983625525,0.1225523206964135,-4.367174050250649,-8.346336624908448,11.979196431492207,20.15783313707379,10.103583796724395,user,rest,heavy
1788983625541,0.37618798600398,-4.582203286853432,-8.24173993988037,10.510592208044518,11.770840657087325,10.563669608084686,user,rest,heavy
1788983625558,0.8445537588372826,-4.752191312463581,-8.484152857971191,13.9664100884298,-1.3238114701194157,10.917744053337207,user,rest,heavy
1788983625575,0.8794193935785443,-4.745158345086872,-9.049483724975586,11.919617545135834,-3.63129483167302,8.727210178960323,user,rest,heavy
1788983625592,0.7757204611077905,-4.74306371089518,-9.279476137432455,0.5599296233692423,1.5002346160506104,5.631118725365748,user,rest,heavy
1788983625608,0.4683647499199956,-4.709245612445473,-9.903315892028807,-22.306969234891227,16.294954765175962,4.127526004121018,user,rest,heavy
1788983625625,0.1939295307550579,-4.557213807025551,-11.030834651836752,-31.421988163414767,32.71377842604469,4.709618630851599,user,rest,heavy
1788983625642,0.1038476202264428,-4.417003372302651,-11.579406107220054,-28.422283485613764,44.55634972979549,5.979081858858401,user,rest,heavy
1788983625658,0.0342661344781518,-4.01597459422648,-11.72829610748291,-17.408912515028145,40.42114488550008,8.535180264219061,user,rest,heavy
1788983625675,-0.0035921792730689,-3.6932062829166648,-10.99986025238037,-9.767167098023648,27.776079288238854,10.001527963919711,user,rest,heavy
1788983625691,-0.1325797937139868,-3.5969893036991354,-10.786776304626464,-1.2587848675697209,19.256833855353435,8.539601104159352,user,rest,heavy
1788983625708,-0.4315557990912347,-3.3611601479128,-10.534187444958093,8.775185427690493,21.33736582559997,4.670621238898589,user,rest,heavy
1788983625725,-0.1683431079473346,-3.0883710885196924,-9.686341366577148,10.82491409855392,24.929681621453376,4.038434297247841,user,rest,heavy
1788983625742,0.18375424676463,-3.0014316407352686,-9.113079706573483,10.158950163910164,27.070382435645847,5.611810207468944,user,rest,heavy
1788983625758,0.7432491010919213,-2.851195486560464,-7.990797678375244,6.420359890565415,22.364134503149646,5.6392223179291445,user,rest,heavy
1788983625775,0.7843992959953844,-2.6334727730900047,-7.240365095520019,1.4369362648043404,14.367987645586116,1.507208452636605,user,rest,heavy
1788983625792,0.836622965838015,-2.5597011421754954,-7.065438736724853,-4.73672210213868,5.129559151591494,-6.04890944406438,user,rest,heavy
1788983625808,1.308430330492556,-2.409016367450356,-7.179911503601073,-15.14537416370758,-2.0911859981346987,-16.10493890246621,user,rest,heavy
1788983625825,2.2836185941949485,-2.1880016266971825,-7.8541785461425775,-23.592318629133832,-1.844939535865756,-18.192157627910188,user,rest,heavy
1788983625842,2.6940745413079856,-2.0452470604494213,-8.294861289215087,-28.32341137473595,2.5495476136163835,-14.452588076193186,user,rest,heavy
1788983625858,3.035547553087771,-1.763779020038247,-9.297582872009276,-24.43795752008394,13.340979911415488,-4.647836154714249,user,rest,heavy
1788983625875,2.9966417761102315,-1.773355826678872,-9.823858324432372,-16.149816660407776,19.446909482218427,3.174160942694645,user,rest,heavy
1788983625892,2.9221222494378685,-1.9192524903446435,-9.845256501770018,-7.5716326714006685,24.78964908308977,8.320864295989693,user,rest,heavy
1788983625908,2.518250356890261,-2.453309098163247,-9.292345555877684,-3.975178207797061,24.34501572095299,7.535722098065681,user,rest,heavy
1788983625925,2.232891446520388,-2.9791353455141185,-8.49687205429077,-5.731876822228129,19.86829971060965,3.638474641151173,user,rest,heavy
1788983625942,2.13622555449158,-3.107823977008462,-8.314763090515136,-8.220125835921175,13.97319075872833,-0.5661361308906683,user,rest,heavy
1788983625958,2.067392256762087,-3.132065268817544,-8.339752570343016,-10.47381334691129,10.97266816577422,-4.006520238350957,user,rest,heavy
1788983625975,1.9505252882257105,-3.028216479547321,-8.52889450149536,-13.028938450315223,10.083474012260586,-5.523452745931544,user,rest,heavy
1788983625992,2.010829242540896,-3.029862493188679,-8.578125273132324,-16.84623299346603,8.675655911105068,-6.359715494698517,user,rest,heavy
1788983626008,2.0742755865350366,-3.101987818200886,-8.742576999664307,-20.91067537041281,7.16553267524016,-7.258136380007192,user,rest,heavy
1788983626025,1.9921243959404529,-3.107823684747517,-9.191938139232992,-19.31108092528897,4.512562550654854,-8.33380494314593,user,rest,heavy
1788983626042,1.9478318113580344,-3.0798414528444407,-9.53820013885498,-13.04824995641979,3.783266540705804,-9.192410948235308,user,rest,heavy
1788983626058,2.0518299459710714,-2.887707061877846,-9.623493572998049,-7.3732805628089135,2.692335279536439,-7.232664897044922,user,rest,heavy
1788983626075,2.3737004316583272,-2.848651647296548,-9.349956033325196,-6.533744872769034,-0.3394864952066972,-3.6770447193942353,user,rest,heavy
1788983626092,2.5236373106256127,-2.82500861364156,-9.349357482910156,-4.850717105612546,-0.1368063812184679,0.2968835104238601,user,rest,heavy
1788983626108,2.4890710241571066,-2.707543094690144,-9.454552718353272,-3.2106717189029483,1.965137631766464,3.9267359448823913,user,rest,heavy
1788983626125,2.4771000158563257,-2.672677825275063,-9.278429258728028,-3.047402663539552,-0.2999075766788832,7.689279264759554,user,rest,heavy
1788983626141,2.481140085027367,-2.743157136645913,-9.270947378540038,-0.8492475787094026,-2.3590867213935205,9.86802764772358,user,rest,heavy
1788983626158,2.404675415636599,-2.9364886284425853,-9.586383447265623,4.016998175424579,-1.9923935016493997,10.3960960394403,user,rest,heavy
1788983626175,2.292297575213015,-3.1162036828190085,-9.367613270568848,6.576221819217344,-2.6898964751159213,8.437046667545257,user,rest,heavy
1788983626192,2.3300061052300034,-3.2427965110778807,-9.209595376476646,6.874607597732636,-6.074903436498156,6.365983473922474,user,rest,heavy
1788983626208,2.4805416807428,-3.389441655023396,-9.01536635131836,6.954364997331345,-9.86730791653979,3.5343187386201214,user,rest,heavy
1788983626225,2.5152576048150657,-3.317914880426228,-8.877550118255614,4.764335703179395,-11.741172022880082,1.86532572954754,user,rest,heavy
1788983626241,2.6110255250908434,-3.239504483795166,-8.848070925793051,1.085702858081426,-11.977652808739789,2.7863562485562494,user,rest,heavy
1788983626258,2.702903159929812,-3.088969346673786,-8.996960926055907,-1.58790500324619,-11.33138287079412,4.215338331185287,user,rest,heavy
1788983626275,2.657114053179324,-2.915240380969643,-9.263914411163327,-1.2995827614209707,-12.994028499693645,7.142532440096964,user,rest,heavy
1788983626292,2.603693428637087,-2.8929440857484936,-9.379285003662108,0.9353516114292278,-14.77188405196565,9.300989611697354,user,rest,heavy
1788983626308,2.387915857885033,-2.807351376397908,-9.46831879337728,3.0998871177823992,-14.004458510975002,9.196695184392198,user,rest,heavy
1788983626328,2.335243567492068,-2.6635499314457176,-9.235483266448972,2.062873796807938,-17.29326545954878,11.122589110508708,user,rest,heavy
1788983626342,2.318184880663454,-2.7410619179323312,-9.242216958618164,0.6534768013762361,-15.460102450472595,14.057273802505772,user,rest,heavy
1788983626866,0.8456012951288372,-2.9510034760072825,-6.644059244537353,8.607009094851854,-3.1367874282168047,-4.895102236160228,user,rest,heavy
1788983626875,0.8456011489983648,-2.9510034760072825,-6.644058660015464,5.322248179587662,-8.835812748084464,-4.1056775096266165,user,rest,heavy
1788983626892,0.6658864964807406,-3.267188025012612,-6.726958477020263,-4.3552530487857055,-27.4288802821596,-4.547854138096311,user,rest,heavy
1788983626908,-0.1399119814992882,-3.2641952729374166,-7.634660181427002,-8.72485120237573,-37.88536202405198,-9.587862679479766,user,rest,heavy
1788983626925,-0.5912190035718958,-3.257611218371987,-8.21630154724121,-10.384396779165716,-39.3326756940831,-17.72313366024729,user,rest,heavy
1788983626942,-1.1815393621060255,-2.995296206720173,-9.154678375896813,-13.622364922199797,-32.91310383659317,-28.886396547263423,user,rest,heavy
1788983626958,-1.2865849847761448,-2.582147075000405,-9.656862174114584,-16.951725265196878,-24.527497885008223,-34.41319096324639,user,rest,heavy
1788983626975,-1.0729025094400857,-2.421585633905232,-9.853336932373049,-17.913936702258887,-14.741426530909273,-35.58970129306485,user,rest,heavy
1788983626992,-0.3998325083631556,-2.1215625306278465,-10.01135365742147,-14.446809736155355,-6.154444404477539,-29.583724710575872,user,rest,heavy
1788983627008,0.0763143057012232,-1.9660887680605053,-9.815926946911215,-9.98912177906603,-4.255472949635105,-22.691665979513854,user,rest,heavy
1788983627025,0.10504468909048,-1.989881147058308,-9.579499532970786,-7.487761363487497,-4.869298208362743,-17.381803494212363,user,rest,heavy
1788983627041,-0.0670384867345914,-2.218527697864175,-9.043049308013916,-9.621400615851822,-6.428570631721416,-15.08431568762225,user,rest,heavy
1788983627058,-0.2656076280229957,-2.443283378711343,-8.87395823124349,-12.288856717893076,-7.384118365474431,-14.387279514896816,user,rest,heavy
1788983627075,-0.3324956003709929,-2.4491189529970288,-8.959251665386557,-13.184332084122184,-7.207891800925286,-12.680254731865135,user,rest,heavy
1788983627091,-0.3188785464628134,-2.3751979767397047,-9.097367758178711,-14.927205968786325,-8.280142708158078,-7.377841421627189,user,rest,heavy
1788983627108,-0.2717427195447962,-2.4729113319948315,-9.14225845478475,-16.451330238676114,-10.913184048292578,-2.6066006106403234,user,rest,heavy
1788983627125,-0.3299517930731177,-2.561945998492837,-9.29025004490316,-15.568429250709,-11.872035886056588,1.3782128596415095,user,rest,heavy
1788983627142,-0.506524128977023,-2.718317294421792,-9.73557155369222,-10.33275115753031,-9.007613350051445,4.169444582604679,user,rest,heavy
1788983627158,-0.6172558826940134,-2.8534394660949705,-9.934888841900229,-6.208932238581316,-4.611385142661184,5.51865453803961,user,rest,heavy
1788983627175,-0.6163580753377639,-2.958784923663736,-9.879224237823486,-2.214674964554883,0.2279125003089093,6.145742743474943,user,rest,heavy
1788983627191,-0.5846350129385478,-3.132065268817544,-9.510666235241294,-0.0495139289335934,1.628089567454314,5.434194980084171,user,rest,heavy
1788983627208,-0.565930239403341,-3.295319602258503,-9.091381669506433,1.159862810933603,-0.5316643795930255,3.326414397030692,user,rest,heavy
1788983627225,-0.5166994677663781,-3.371485434833169,-8.992471797943114,1.0960746070577962,-3.8743573585716793,1.495146552005774,user,rest,heavy
1788983627241,-0.4406836381216533,-3.3382658867985007,-9.048585899353029,1.0609976369666667,-6.436868884676159,0.865448253812144,user,rest,heavy
1788983627258,-0.5033817758306861,-3.1643869912296534,-9.2190231300354,-1.167190536695969,-6.701393146607467,1.462212980653559,user,rest,heavy
1788983627275,-0.6443403620397672,-3.11216317525655,-9.45530032185018,-1.3944202582117151,-2.6740427522786754,1.405644286730456,user,rest,heavy
1788983627291,-0.8768772530813701,-2.994697948566079,-9.977536143493651,0.6074870566212776,0.4793539884523077,0.686466988593368,user,rest,heavy
1788983627308,-1.0158906052405017,-2.8149831864506005,-10.171316840362548,4.268790964742983,3.639990516260093,1.329638475255083,user,rest,heavy
1788983627325,-0.9753387232900596,-2.77697523509562,-10.174908142852782,7.702465798725909,4.148315819294068,2.743235770222078,user,rest,heavy
1788983627342,-0.9246116486807352,-2.709937588611245,-10.039336473846436,11.000289450777752,4.596165773643103,3.776547342109804,user,rest,heavy
1788983627358,-0.8952825687459669,-2.700809694781899,-9.872340323528649,15.807781277341048,6.30526992239023,5.189244332766827,user,rest,heavy
1788983627375,-0.8415626689962111,-2.6795611550480127,-9.677812023162842,19.02513847078097,6.662680061278658,6.633685054478307,user,rest,heavy
1788983627391,-0.7398091532384976,-2.676718040576577,-9.26331586074829,20.46895508395704,5.304495237274329,7.877383528275351,user,rest,heavy
1788983627408,-0.6818993823171593,-2.861520481219888,-8.847472959899902,18.94478129519577,2.857329384552086,8.30719452613956,user,rest,heavy
1788983627425,-0.631022633571457,-2.9969422203615306,-8.652644215282796,14.091466583264502,-3.2122302826941804,7.100750038509881,user,rest,heavy
1788983627442,-0.636858500118088,-3.212719644983113,-8.549244631084798,6.971183484388855,-10.116940231646357,4.574941814570934,user,rest,heavy
1788983627458,-0.803255442433711,-3.241300719562173,-9.06444748535156,-1.3944049970077883,-11.94642689140178,1.4590042858475345,user,rest,heavy
1788983627475,-0.8611652864202857,-3.191770380456745,-9.468917343792318,-5.131651750798456,-6.784017091223465,-0.9644284737779126,user,rest,heavy
1788983627492,-0.8023576533437706,-3.18249284902364,-10.204386166271568,-3.457243895817936,3.768671280223133,-2.729336335261102,user,rest,heavy
1788983627508,-0.43065790040344,-3.244592746844888,-10.428094383892416,6.0245021899521625,16.327466465625225,-3.330629050635413,user,rest,heavy
1788983627525,-0.1903398357000202,-3.194314219720661,-10.021379376873371,11.83080630290545,15.840405675911612,-1.831559835611936,user,rest,heavy
1788983627541,0.1343737279260531,-3.350386532703042,-8.933364359936117,13.883036530552394,9.607050388405623,-1.6973223925939729,user,rest,heavy
1788983627558,0.1372168789301067,-3.4787755967289207,-8.563310565838217,12.578496012289346,3.149184221560378,-5.258402986320968,user,rest,heavy
1788983627575,0.0329194873758591,-3.632453123529255,-8.220192124938965,6.120281505796428,-1.348101116911862,-10.697709509225248,user,rest,heavy
1788983627592,0.1559215702669229,-3.3647511581420897,-8.2558052901119,0.7702142858844214,-3.416613021436234,-10.985292062907696,user,rest,heavy
1788983627608,0.2383717986070085,-2.9732997712284326,-8.67688550709188,-3.544097008190641,-4.232033447950914,-7.115822558460807,user,rest,heavy
1788983627625,0.1806118022867478,-2.8413191124513744,-8.90568140324056,-5.636004871943245,-4.196731188338879,-3.0926866042933248,user,rest,heavy
1788983627641,-0.065991023508273,-2.803012178149819,-9.43554815815389,-6.04185428553858,-2.541313607128522,-0.0981839426385068,user,rest,heavy
1788983627658,-0.3546419794271699,-2.854337583978474,-9.898826763916016,-2.47765581717718,2.548097265634814,1.5219563251585435,user,rest,heavy
1788983627675,-0.362273497218918,-2.897133938653767,-9.94745840061605,2.254554731571295,5.748358495582194,2.413073603810359,user,rest,heavy
1788983627691,-0.1387148898023646,-2.95908390661031,-9.579051204681395,5.321815316349013,5.4836639058084575,4.738131682428641,user,rest,heavy
1788983627708,0.0008970310381148,-3.0003838852480054,-9.22590587528646,5.750106597122893,1.9033583572802868,7.667046145237515,user,rest,heavy
1788983627725,0.032320918694511,-3.2526731774479147,-8.755146558380126,2.406523452396317,-1.3334603929825282,8.015472024046437,user,rest,heavy
1788983627741,-0.1559233146994374,-3.500323411670327,-8.645461610302329,-1.0705144383580218,-1.4571709136639146,5.958784671079239,user,rest,heavy
1788983627758,-0.2207162692632526,-3.566762507739663,-8.705316651806235,-3.938824525939668,-0.3777498552673434,3.562845877462326,user,rest,heavy
1788983627775,-0.3230683719686232,-3.557185701099038,-8.845378033447265,-5.420116252657483,0.3346091531699264,0.6655777087905302,user,rest,heavy
1788983627791,-0.2350815522894263,-3.4739871934086084,-8.940697187042236,-5.463313784063228,-1.3582925062054616,-0.4255020022715768,user,rest,heavy
1788983627808,-0.1669963877798058,-3.447201770074665,-8.978106587982177,-5.322257997984594,-3.0785306103516503,-0.9174471242936856,user,rest,heavy
1788983627825,-0.1432040818472393,-3.365350000818073,-9.233537977600095,-4.026540803468733,-2.3143077877515053,-1.1017661823488267,user,rest,heavy
1788983627841,-0.1330286882589571,-3.3016043816164133,-9.401131509289144,-3.1696779907215897,0.0721178596924754,-1.0564150069204117,user,rest,heavy
1788983627858,-0.0670385050009004,-3.2778122948795554,-9.392752388000488,-3.147604953758224,0.8210383104678681,-0.5805234441296241,user,rest,heavy
1788983627875,-0.0121214861547574,-3.256413825280964,-9.331251332855224,-3.9065967052277855,0.5443412106925691,-0.1269942942074289,user,rest,heavy
1788983627891,-0.0037417438115924,-3.276615194049477,-9.473107196697592,-3.3450580387004765,1.153807741512681,-0.0106612849641552,user,rest,heavy
1788983627908,-0.0203514995626173,-3.266888165283203,-9.550769113048911,-1.7382137746594872,2.395923639134692,0.2068261588763461,user,rest,heavy
1788983627925,-0.0790094767690636,-3.198803640094399,-9.575608955273031,1.0888527492275657,2.463737172309163,0.3889528862904717,user,rest,heavy
1788983627942,-0.0909804668035358,-3.19536168294698,-9.430610117229818,1.996810499608282,1.326726039904307,0.1386228780323607,user,rest,heavy
1788983627958,-0.0966666866132523,-3.191321759906411,-9.312246772655843,0.5458035115051866,0.151260929132066,-0.5879409228465522,user,rest,heavy
1788983627975,-0.1304847941961139,-3.1642370613649486,-9.21782602920532,-1.3697817381630693,1.5612993887165805,-1.0227388659393692,user,rest,heavy
1788983627992,-0.1270431658422574,-3.095852676446736,-9.273789908489585,-1.817154326322144,3.062290981826299,-0.8981660338752686,user,rest,heavy
1788983628008,-0.1126779558813199,-3.0780460938602685,-9.279925050243737,-0.9519555878581172,3.798777900310903,-0.0426262701250173,user,rest,heavy
1788983628025,-0.1047471537488978,-3.0561990037113427,-9.28172128601074,1.9202107818402356,2.853215689681035,1.1475671897671107,user,rest,heavy
1788983628041,-0.1053457041639368,-3.0805899331241844,-9.185205031585692,3.7252299964413824,1.0860853486749469,1.402119055345083,user,rest,heavy
1788983628058,-0.0951703653745818,-3.1832410370424387,-9.074322982677815,2.667182467587633,-0.2768979767060061,1.271978551890364,user,rest,heavy
1788983628075,-0.0805059167387429,-3.3390140748173,-8.856002303314208,-2.1480727227410306,-0.4064917181815802,0.1787286282607648,user,rest,heavy
1788983628091,-0.1520326548032928,-3.410989762225747,-9.04065510635376,-4.453034890717254,1.1860222220113403,-0.9102149144579942,user,rest,heavy
1788983628108,-0.1587664017714094,-3.3897412224918604,-9.210942114910482,-2.8636097434939134,2.389117782513597,-1.1998689364496602,user,rest,heavy
1788983628125,-0.1449996326276566,-3.3500869652345773,-9.454403080749511,0.5740254262688561,1.8495010350142669,-2.1581551491730275,user,rest,heavy
1788983628141,-0.0380087733388878,-3.345148924310505,-9.38452173527181,2.49075825443938,0.7950729728120944,-2.389127600910529,user,rest,heavy
1788983628158,0.0067328062532003,-3.344849649102985,-9.367912545776369,2.5381454665706937,-0.1571630930290297,-2.792966377568941,user,rest,heavy
1788983628175,0.0490803303156048,-3.2908304741457104,-9.306261268505454,1.9389297690343013,0.2070141625012934,-2.869963526969318,user,rest,heavy
1788983628191,0.023641910276981,-3.276615194049477,-9.43599765548706,1.7860214703115798,1.506498433128041,-3.098341787482684,user,rest,heavy
1788983628208,0.005086810878152,-3.2752684556156395,-9.484480239105224,2.368559339998682,3.3451713771520164,-3.551373934421055,user,rest,heavy
1788983628225,0.0261856856088154,-3.2219968841552733,-9.38018224476278,2.229945346548327,3.350324754880791,-3.88632086178978,user,rest,heavy
1788983628241,0.0499781742044724,-3.2025442879274486,-9.269600055584313,1.8172648900093336,2.8424367973971085,-4.301371393970768,user,rest,heavy
1788983628258,0.0151125759958289,-3.17620806966573,-9.242814924511311,1.4559487366893056,3.29141970937472,-4.743645779522957,user,rest,heavy
1788983628275,0.0448903792289202,-3.1449338104799387,-9.197474730572104,1.2572944989484829,4.532203186500049,-4.633690832943153,user,rest,heavy
1788983628291,0.1610091928541835,-3.085378336444497,-9.018658378601074,1.0284836953615848,4.057096508494432,-3.5845934132230584,user,rest,heavy
1788983628308,0.1982690171256304,-3.065626172748208,-8.891167140197753,-0.4312136145628678,1.5358019723798055,-2.515994309318696,user,rest,heavy
1788983628325,0.1629544875539875,-3.1323642517641184,-8.833556078228353,-1.7453341401475198,-0.2729486599422842,-2.2986649470048834,user,rest,heavy
1788983628342,0.0010465912954721,-3.1738141602665184,-9.05995777271688,-2.694840891744776,0.8074212611403899,-3.040067040370958,user,rest,heavy
1788983628358,-0.0155631784406956,-3.1233859955385324,-9.125649265289306,-2.9960590643315084,1.86289887795807,-2.3679915805239244,user,rest,heavy
1788983628375,0.0945701127678679,-3.117999334064126,-9.178022426605224,-2.848079387425185,2.1436452660549814,-1.0502578048270566,user,rest,heavy
1788983628391,0.1011541547752101,-3.1615438767582176,-9.20585502090454,-2.1828170412752392,1.7351709253842464,0.4599786627676855,user,rest,heavy
1788983628408,0.0698799115724396,-3.1838395874574776,-9.217825444683433,-1.7369025917822565,0.8975234624847586,1.1508014977825234,user,rest,heavy
1788983628425,0.0130176609596353,-3.268983383996785,-9.25074571751058,-1.7148711762841455,-0.1281465684647511,1.126108976550752,user,rest,heavy
1788983628441,0.0176564540756517,-3.3693902161195872,-9.310002208599448,-0.8711506079954583,-0.3774728057191348,1.036869887001891,user,rest,heavy
1788983628458,0.0393538015895406,-3.3792665902286765,-9.31509047164917,-0.4897321940918776,-0.8349585028006186,0.9980188105075064,user,rest,heavy
1788983628475,-0.0140668457855819,-3.3610108025699854,-9.255385067749025,-0.8893445777579327,-0.9071478393555412,1.072985152568568,user,rest,heavy
1788983628492,-0.0817030552430835,-3.400215854755044,-9.310750981140137,-0.632359190483879,-0.8619403113431077,0.5965129703374769,user,rest,heavy
1788983628508,-0.1081887798194657,-3.412635775867104,-9.32795930557251,-0.2024189392937557,-0.8556526953252879,-0.4861098993150965,user,rest,heavy
1788983628525,-0.1596642194024578,-3.4430122094303366,-9.351003496551511,-0.0407978338202902,0.2672568178469893,-1.6749525625668291,user,rest,heavy
1788983628541,-0.1259956980493618,-3.400065924890339,-9.285312588500975,-0.0468239549785191,0.8444992098540686,-2.5715493604802875,user,rest,heavy
1788983628558,-0.0933746479140943,-3.385551077325642,-9.270797156414387,-0.0402255320029306,1.5598759346048676,-2.6489761714681404,user,rest,heavy
1788983628575,0.0023933888094034,-3.3065427148014304,-9.18774828632772,-0.2022738644749591,1.2878117841601,-2.5425155069790324,user,rest,heavy
1788983628591,0.0450401241472456,-3.282750335803628,-9.18640154789388,0.4365037027967484,-0.3888110264630617,-2.3148181309485523,user,rest,heavy
1788983628608,0.0537190047006122,-3.2842464195802807,-9.190142487987876,1.0444061469773538,-0.9497102698901814,-2.348683489513945,user,rest,heavy
1788983628625,0.0282806988264201,-3.245490572467446,-9.169043585857748,0.7296544881587701,-2.2845044707515663,-2.5276724386955367,user,rest,heavy
1788983628641,0.0140650693870265,-3.2276834053590893,-9.22545754699707,0.1858584252795458,-0.8439902540391968,-2.311530248636837,user,rest,heavy
1788983628658,-0.004789193338179,-3.199851103320717,-9.29548794555664,0.4067105777197115,1.4684079622307609,-1.8405321428603936,user,rest,heavy
1788983628675,0.0401020444072666,-3.151667794910073,-9.245957898712158,1.0256071185039517,2.828744189101937,-0.8192615007883128,user,rest,heavy
1788983628691,0.1613084829030791,-3.207332983508706,-8.991274112591148,0.4068547854246487,-0.3370861106002609,-0.0816887623185549,user,rest,heavy
1788983628708,0.1767211971895303,-3.2823014229923486,-8.949824496349692,-1.0195578120551416,-1.989399104028584,-0.9252699320491716,user,rest,heavy
1788983628725,0.1230012723235995,-3.3481416763857004,-9.067140377697347,-2.473548098721652,-1.239160560145511,-1.2337949129439367,user,rest,heavy
1788983628741,0.0067328290860867,-3.215712397058308,-9.281870923614502,-2.2811431639062736,0.4889144390213272,-0.8378053576631916,user,rest,heavy
1788983628758,0.0615002514276653,-3.212570007379353,-9.367612686046956,-0.4300203858509518,0.6627286127721357,-0.0243243913777847,user,rest,heavy
1788983628775,0.1427533561047865,-3.264194980676472,-9.425821713909508,1.621233978518325,0.2317746254390077,0.8352184235150493,user,rest,heavy
1788983628791,0.1412570371494046,-3.2460888306215403,-9.387664124950764,2.375677464330893,-0.5832205684389858,1.3738213681703086,user,rest,heavy
1788983628808,0.1004059165240614,-3.3180648102909323,-9.265410787200928,1.0963928511844363,-0.1097902416372502,1.017252729931968,user,rest,heavy
1788983628825,0.0139154317832668,-3.3592148590639237,-9.28980171661377,0.784121724973331,1.1660123290641418,0.3687389147613925,user,rest,heavy
1788983628841,-7.808847120031714e-07,-3.3455981293827293,-9.274837956237793,0.4703474768971467,1.6873731548507915,-0.2037769463193982,user,rest,heavy
1788983628858,0.0423465605146018,-3.3595144265323875,-9.208249222564696,0.5713704036724253,0.7762435820133974,0.1264973979453104,user,rest,heavy
1788983628875,0.0888838598504662,-3.376572821100056,-9.246705502209068,1.633900884499231,0.3181136593549638,0.0984669952826657,user,rest,heavy
1788983628891,0.0609017055792035,-3.367445219531655,-9.28351693725586,2.684890373341125,0.8392077342380128,-0.0428651599933025,user,rest,heavy
1788983628908,0.0585075267519336,-3.344101753345132,-9.159167504009604,2.4455073974143997,-1.675600576764334,0.2122025049289246,user,rest,heavy
1788983628925,0.1568193776231724,-3.4051536034181717,-8.977956365856528,0.6860773476455598,-5.443163445351221,0.9759505760209012,user,rest,heavy
1788983628941,0.0685332462038379,-3.417124903979897,-9.044545099529625,-0.2319796378358139,-8.159311539098674,1.0132413811767609,user,rest,heavy
1788983628958,-0.204555444589816,-3.4204166390016675,-9.551218025860187,1.6856293221783225,-7.364485840478876,1.3121911839071083,user,rest,heavy
1788983628975,-0.4168911403928417,-3.343353565326333,-9.813084416961669,3.1402496937957665,-5.816222401401793,2.0419732045042878,user,rest,heavy
1788983628992,-0.4448733722959179,-3.345897112329304,-9.798269709667563,5.133580425465339,-1.8193984703513169,2.613100175965825,user,rest,heavy
1788983629008,-0.4275155061579076,-3.3147724907472726,-9.4042738989681,6.045173330588383,0.9641481158568248,2.838290232240676,user,rest,heavy
1788983629025,-0.0125704126657685,-3.416077440753579,-8.541015147399902,4.665965184318756,-3.584157134889824,3.327412031536337,user,rest,heavy
1788983629041,0.2144298505041049,-3.497031384387612,-8.216300962719322,2.0572309933364497,-11.178898897573584,4.212162293221231,user,rest,heavy
1788983629058,0.4311050231164321,-3.583372281756997,-8.299499470409751,1.792791895326355,-18.671230511389467,7.199243073888757,user,rest,heavy
1788983629075,0.3556877438867464,-3.572897649493813,-8.892812569317222,3.4511323706146557,-21.133358320375446,9.542031256375337,user,rest,heavy
1788983629091,0.1497864559122361,-3.569754967553913,-9.191938139232992,4.982535060838738,-19.913341393091304,9.833383220705985,user,rest,heavy
1788983629108,-0.3298021372030489,-3.7376483589723706,-9.797671159252523,7.919315767137352,-12.861344391103328,5.979344394254623,user,rest,heavy
1788983629125,-0.6672349154150113,-3.8244381691530345,-10.07435167312622,9.89145178148214,-6.935443238896294,1.3778178826084124,user,rest,heavy
1788983629142,-0.7187102876409888,-3.810821147210896,-9.9520971663326,9.766979267821474,-2.6801474472927858,-2.992921446181533,user,rest,heavy
1788983629158,-0.5784997433202341,-3.707271925409138,-9.475651035961508,7.1572015520000365,-1.898283313283556,-8.072113929059707,user,rest,heavy
1788983629175,-0.3075060063786805,-3.502118770654499,-9.143754830822347,4.436498148963008,-0.9112075330434676,-10.431336400462982,user,rest,heavy
1788983629191,-0.1762740105444565,-3.377620576587319,-9.144952516174316,3.851655944204672,2.136697896452021,-11.159606174489236,user,rest,heavy
1788983629208,0.2234081021631136,-3.167678726251423,-9.108290718731284,3.883175986563812,4.051986673221616,-8.103278374695183,user,rest,heavy
1788983629225,0.578797392826248,-3.099444271197915,-8.940248274230957,4.0341936035469095,2.734560362759104,-3.9455543967062456,user,rest,heavy
1788983629241,0.6346122372949495,-3.125930127063393,-8.868871137237548,3.6528957318100086,1.2107968122348576,-0.120167933678611,user,rest,heavy
1788983629258,0.6352107694436796,-3.189226833453774,-8.897152644348145,3.147128334620204,-0.1671327679788682,3.4896495148916498,user,rest,heavy
1788983629275,0.56802357668709,-3.277363089807331,-9.039158730316162,3.005511405812572,-0.356158666805581,6.008845261940378,user,rest,heavy
1788983629291,0.5279205892816186,-3.3274919793277977,-9.14345614013672,3.83251818103712,-0.5104345508270391,9.007326482106302,user,rest,heavy
1788983629308,0.313789214834012,-3.3936315079286694,-9.347860522350668,6.376046050117195,-0.3171452665967029,11.65885629055038,user,rest,heavy
1788983629325,0.0390545377984642,-3.46665495082438,-9.42417570026815,8.609952052610483,-1.1653131951695674,12.377894210139718,user,rest,heavy
1788983629341,-0.0612026932531967,-3.566612870135903,-9.451859241485597,10.348009800136118,-0.6270784403992542,11.1513467682354,user,rest,heavy
1788983629358,-0.3862154955541715,-3.733907711139321,-9.527425646862389,9.439364121639937,2.223919412153084,7.770777081936146,user,rest,heavy
1788983629375,-0.3621239144140854,-3.7494700219303367,-9.307159094128012,5.142123284569732,4.6989865876348285,7.358164500402029,user,rest,heavy
1788983629391,-0.2766807330694049,-3.7138562722355126,-9.226056097412108,-0.8544280637514458,8.823987129310234,8.106226455095689,user,rest,heavy
1788983629408,-0.1759746257390826,-3.671059625299274,-9.105298551177976,-9.9523779226523,17.699086271726966,9.454433226496276,user,rest,heavy
1788983629425,-0.2757830353110097,-3.62631827403605,-8.923638500213622,-30.53186083530578,41.43283592045696,10.541375016860115,user,rest,heavy
1788983629441,-0.2543848397070541,-3.545064762933552,-8.701575711712241,-51.95194878949107,63.7365454475668,11.861843536267637,user,rest,heavy
1788983629458,-0.1551750079496298,-3.3346745843082664,-8.379405950817466,-76.04589870938544,88.75377301870681,14.061321543362652,user,rest,heavy
1788983629475,-0.091579090283811,-3.076549425561726,-8.125321884155273,-100.16495640466876,103.60451672728212,16.633513581955153,user,rest,heavy
1788983629492,0.0466860190575942,-2.962376080023497,-8.163628526195883,-98.65064199397442,87.67952769623638,18.70425106093189,user,rest,heavy
1788983629508,0.5259753004327417,-2.7853547947756945,-9.236530729675293,-74.28537646967963,53.584575736988384,20.648718832722604,user,rest,heavy
1788983629525,0.5123582054253667,-2.3575408856265248,-10.315267630657551,-22.2557274481905,4.5845898836604,22.307390999072474,user,rest,heavy
1788983629541,0.2235577032342553,-2.211045671545714,-10.587907929229736,15.865163404105616,-22.30807401798948,18.943831898901134,user,rest,heavy
1788983629558,-0.3389300492987036,-2.3775924706608054,-10.61738653717041,46.11032363390552,-40.70478898135237,10.222289069404631,user,rest,heavy
1788983629575,-0.5217872010931373,-2.8181252838686106,-9.894187413677573,66.16158362181231,-57.02224751229624,-3.564097509627731,user,rest,heavy
1788983629591,-0.2618667198950424,-2.9263132713869213,-9.253888691711426,64.2253137845729,-62.80816564501115,-8.330975537282251,user,rest,heavy
1788983629608,0.2736862822274677,-3.0128040986210105,-8.511835814666748,53.12839081741782,-56.24392696580578,-8.718049187736044,user,rest,heavy
1788983629625,0.3862137419885024,-2.9879642563968893,-8.370278641510009,30.920778636835475,-33.51611391765692,-6.833216651362359,user,rest,heavy
1788983629641,0.2831134238648694,-3.0225305428653955,-8.361450022888183,13.25074628229045,-13.750530860654148,-6.463589865369718,user,rest,heavy
1788983629658,0.1530783827302511,-3.2674870079591867,-8.387636603546142,-1.0107588208568727,0.7934595007032376,-8.256253267762313,user,rest,heavy
1788983629675,0.1744765966005157,-3.491494793048501,-8.59248989857137,-8.609059005376505,6.294138848477226,-11.959300090439962,user,rest,heavy
1788983629691,0.2564779577950947,-3.507356379047036,-8.709656726837158,-7.301732623705737,0.4709858861411313,-13.80132014732236,user,rest,heavy
1788983629708,0.4164405836137477,-3.4322383019596336,-8.969577244567871,-1.675150317887642,-7.432737359533874,-14.16160664962501,user,rest,heavy
1788983629725,0.5252271398134064,-3.3122286514833568,-9.205256470489502,6.467903129830581,-17.289346638512487,-13.041913248417307,user,rest,heavy
1788983629741,0.5478223631822038,-3.2492309280395504,-9.241767461284995,8.942345769890093,-20.117190096417627,-11.71050105841214,user,rest,heavy
1788983629758,0.5728118669846153,-3.216311239734292,-9.306261268505454,8.188393630810943,-19.68170577267408,-9.539724359983165,user,rest,heavy
1788983629775,0.609024161386257,-3.221847831073404,-9.35998116825521,5.049022256653758,-14.544389233732742,-5.632139838646665,user,rest,heavy
1788983629791,0.60244010225425,-3.261651141412556,-9.40517172459066,3.078560919316092,-10.001150595968069,-2.9689970010662714,user,rest,heavy
1788983629808,0.4954492840646766,-3.273173236902058,-9.325863794597982,1.4205233202287997,-8.200237178831745,-0.8066473153300628,user,rest,heavy
1788983629825,0.4861716886994894,-3.312079306140542,-9.20630393371582,1.0354785561236182,-8.990941712061087,0.9315039737706892,user,rest,heavy
1788983629841,0.4258677343843038,-3.3654996384218334,-9.213785813903808,1.2034559597026806,-8.952580808361358,0.7872355975437693,user,rest,heavy
1788983629858,0.3778340544442646,-3.349787690027058,-9.146597945293784,0.3003188020916856,-9.53903707219793,1.0580639639964406,user,rest,heavy
1788983629875,0.3890569112588651,-3.3472441430240867,-9.11098478012085,-0.6669302996896043,-8.338035391563105,1.213736248177196,user,rest,heavy
1788983629891,0.4150938177804462,-3.275717368426919,-9.067140962219238,-2.647096161899094,-5.579282285320405,1.635881959523652,user,rest,heavy
1788983629908,0.408360216942802,-3.1738138680055736,-8.981548252868652,-4.377673998509919,-3.7673056692759537,2.793211410605416,user,rest,heavy
1788983629925,0.3857649022424593,-3.1169518708378074,-8.970774345397949,-5.550506698347141,-1.6080121196673556,3.5730559430544373,user,rest,heavy
1788983629941,0.2887997898050584,-3.091662823541462,-9.057713208660482,-4.897416389628392,0.3400292818023017,5.770220223568112,user,rest,heavy
1788983629958,0.2579744251642376,-3.216161309869588,-9.18640154789388,-2.009721264686899,1.3670373894988992,7.510027780181739,user,rest,heavy
1788983629975,0.1830059126153588,-3.267487300220132,-9.226056097412108,0.6193040309373401,2.291914158783972,8.66735979258444,user,rest,heavy
1788983629992,0.0166089337671175,-3.3921354241520163,-9.056815967559814,0.7343910642656153,2.030189207195311,8.346076231763503,user,rest,heavy
1788983630008,-0.1225540377294644,-3.506458553424477,-8.854206067547201,-1.3089077839070364,1.4015541773563818,7.503884878796959,user,rest,heavy
1788983630025,-0.1210576799581758,-3.554791207177937,-8.840439408001304,-4.921784797039706,1.214098568368324,6.551394081584347,user,rest,heavy
1788983630041,-0.1253972435324452,-3.536984332330525,-8.996511428722739,-7.718107785698884,6.019751793384419,6.536887186674063,user,rest,heavy
1788983630058,-0.073772251969017,-3.352331529290974,-9.227552473449707,-8.889067733043055,11.439766020091174,8.637564799877552,user,rest,heavy
1788983630075,0.0508759267617948,-3.2701804848268625,-9.220818781280515,-9.733517317303937,15.449363685550043,12.669797712245844,user,rest,heavy
1788983630091,0.3550891021401621,-3.2160116722658274,-9.016113954815268,-12.163379312650774,13.366650323637336,18.90328789598794,user,rest,heavy
1788983630107,0.3148366415277123,-3.2748192505434157,-9.018209465789797,-12.38537326728088,9.071835057496134,22.560372668193285,user,rest,heavy
1788983630125,0.2133823644449003,-3.2677865754276514,-9.173383660888671,-11.000387634747067,5.824880519948431,25.402984702631286,user,rest,heavy
1788983630141,0.0011962788461707,-3.188029440362752,-9.545980709728598,-9.09734837536707,4.4745452908477406,29.66000084813199,user,rest,heavy
1788983630158,-0.1692410249014385,-3.179949009759724,-9.79393080368042,-7.4762695702089506,5.29583413051993,32.58545966210766,user,rest,heavy
1788983630175,-0.2717427834768779,-3.200449361474812,-9.87593162601888,-5.464952602577208,7.080660744613581,34.598975523765326,user,rest,heavy
1788983630191,-0.4472677292197011,-3.237110282135009,-9.985915264782308,-1.934876478648722,9.950398875340287,36.32606398748392,user,rest,heavy
1788983630208,-0.4782426401327364,-3.2504283211305736,-9.841365339550377,0.205208778085015,9.978295075457911,37.5356392630744,user,rest,heavy
1788983630225,-0.4888669830649159,-3.2809546845585107,-9.750685536193847,2.296454953921561,10.0549656564386,38.345508453341154,user,rest,heavy
1788983630241,-0.5521636711889878,-3.3319811074405905,-9.530268761333822,4.633415064055414,9.18880033948531,38.27635620308936,user,rest,heavy
1788983630258,-0.5657806383321993,-3.42849736186564,-9.32137525100708,5.255104004951852,9.227923663051142,37.82942618984416,user,rest,heavy
1788983630275,-0.5490213180426508,-3.430741925922036,-9.254935570415856,5.248632827600088,9.739521053584376,37.46651774867387,user,rest,heavy
1788983630291,-0.5050278260046616,-3.4106901947572825,-9.082553635406494,3.5602849834103942,9.808640006663966,37.70282863357797,user,rest,heavy
1788983630308,-0.4679176272070035,-3.417723162133992,-9.053672993358967,3.1585189557216697,10.710382925230206,38.1388884007591,user,rest,heavy
1788983630325,-0.455647453296557,-3.4421140915468333,-9.101706664165851,3.835394544451341,11.94319535815072,38.21293106645663,user,rest,heavy
1788983630341,-0.4176394471426494,-3.4859579094484445,-9.147197080230711,5.388778490971817,14.69553107478137,39.20656991143715,user,rest,heavy
1788983630358,-0.3420725668418221,-3.467402846582233,-9.017461277770996,6.140167174678097,15.348056612233124,40.45107818953767,user,rest,heavy
1788983630375,-0.2943381164435297,-3.487603923089802,-8.895356993103027,5.607248494877022,14.98871865245146,41.80640287182705,user,rest,heavy
1788983630391,-0.3124443212973885,-3.5112463722229004,-8.764124230083823,4.743763173399317,15.321698912226044,43.08336479376888,user,rest,heavy
1788983630408,-0.3338424529692623,-3.5725983742862937,-8.831162461090088,4.615192546236643,17.09241862436268,43.75893197438568,user,rest,heavy
1788983630425,-0.3577844787039794,-3.61644189992696,-8.87440772857666,4.529050627311265,19.39532789360649,44.47279944077331,user,rest,heavy
1788983630442,-0.3369849065802991,-3.659387599945068,-8.833705715832114,3.568706820100432,22.00855827005337,44.8124066915901,user,rest,heavy
1788983630458,-0.3829236600677017,-3.738995097406209,-8.75290199432373,2.202740062753932,23.609525583200387,43.747727049052266,user,rest,heavy
1788983630475,-0.3781351973818848,-3.80169325338155,-8.734945481872558,0.9858406899390796,24.18192275640413,42.73496025930112,user,rest,heavy
1788983630492,-0.2656077467540046,-3.894019362640381,-8.809913336834311,2.012255905199208,23.113308924904373,42.25042322448583,user,rest,heavy
1788983630508,-0.3021193540374282,-3.9224507996156808,-8.90643017578125,2.942519772748717,22.968037631447373,41.5246848893207,user,rest,heavy
1788983630525,-0.3714015531617566,-3.9226004372194407,-8.9508725440979,2.1893189544782685,23.557049239807174,39.98052596704798,user,rest,heavy
1788983630542,-0.4788413092787842,-3.905990663202106,-9.059958357238768,0.9055664371192716,25.19759749919442,38.30369062014776,user,rest,heavy
1788983630558,-0.4999402114089112,-3.782090435028076,-9.28950185688436,1.569845662915559,28.14497439021666,38.01519367489017,user,rest,heavy
1788983630575,-0.538097809500806,-3.6463694206789135,-9.384073406982422,4.148430651849488,29.86834210838489,38.5963403204207,user,rest,heavy
1788983630591,-0.5493205932501704,-3.5084035500124093,-9.433902729034424,7.892660953901377,30.95433194113316,39.98368492953911,user,rest,heavy
1788983630608,-0.5029330274161883,-3.471742044830322,-9.240570944976806,11.401498177718883,30.816198195358822,41.83267519446951,user,rest,heavy
1788983630625,-0.4957504041694104,-3.465457265472412,-9.074922117614744,12.670880297229292,29.275239216712247,43.17179183785845,user,rest,heavy
1788983630641,-0.5624887023810297,-3.5426702690124507,-8.8229323928833,13.119884980434882,27.00627086500152,43.277352411481,user,rest,heavy
1788983630658,-0.6483807600043714,-3.672106796264648,-8.780734588623046,11.686385368000115,24.948488547333007,42.17015142626525,user,rest,heavy
1788983630675,-0.6380558018775656,-3.657741294042766,-8.704718101391196,7.648100908027192,23.293718126546505,42.46383590019746,user,rest,heavy
1788983630691,-0.6278803717566653,-3.553743159429729,-8.815600150299073,4.036117582458737,23.864689497761013,43.0437292060153,user,rest,heavy
1788983630708,-0.5844854666663334,-3.5383310707643627,-9.198522778320312,1.5033139641492284,25.40778461807051,44.429274060287405,user,rest,heavy
1788983630724,-0.5092178250404075,-3.5359365768432616,-9.364021383556723,2.289413028887278,25.3575639446507,46.387738597234765,user,rest,heavy
1788983630741,-0.4095591078711673,-3.494187393133342,-9.591321488189696,4.263579957293087,23.714481685081388,48.13987677973438,user,rest,heavy
1788983630758,-0.4388881147406995,-3.4846111710146066,-9.65895768508911,6.611427175520528,18.25847193456184,49.68069915459756,user,rest,heavy
1788983630774,-0.462830131342262,-3.492840654699504,-9.67841057357788,5.373786652630463,14.620885644889592,48.86963126613147,user,rest,heavy
1788983630791,-0.5514155562354252,-3.4763808105468748,-9.841665199279785,3.038339429397768,14.943154460498304,48.00695105320218,user,rest,heavy
1788983630808,-0.4364939496131613,-3.340958779144287,-10.107571221160889,-1.7834385915882571,20.508599209447087,47.868158194172935,user,rest,heavy
1788983630825,-0.2284976073218509,-3.370287749481201,-10.033051694488524,-10.107791193253124,18.833572155129623,48.20510167121342,user,rest,heavy
1788983630841,0.0969641443230211,-3.4467525650024413,-9.85782606048584,-20.81009229714791,5.568832949663932,48.01488773301773,user,rest,heavy
1788983630858,-0.2235596394630148,-3.171569011688232,-11.163114878082276,-22.23412697494033,-1.8760561701770415,47.86083623138268,user,rest,heavy
1788983630874,-0.5618902980964631,-2.9028192908138037,-12.022184361267088,-11.195900092191392,6.324862746911236,48.002323600039496,user,rest,heavy
1788983630891,-0.8391686682654544,-2.397942600250244,-12.546215249633788,5.279582122276708,17.659479712277356,50.36837967570737,user,rest,heavy
1788983630908,-0.434099711420387,-2.288556927379965,-11.109095703125,24.509995525260063,26.255211311035872,56.455177886645096,user,rest,heavy
1788983630924,-0.2250559059027582,-2.440140112249553,-10.040383937072754,33.56405160034665,24.39643680011943,58.3937051014052,user,rest,heavy
1788983630941,-0.0953201399756595,-2.8948890823364257,-8.188020040130615,37.52775380967763,21.334027570643126,56.34932019979366,user,rest,heavy
1788983630958,-0.0504288588477298,-3.1127611411497,-7.321767951965332,32.644510062577005,13.34825662420249,50.406878036964144,user,rest,heavy
1788983630974,0.0246892547722905,-3.500322534887492,-6.1179334297180175,15.617078980619707,3.625704321837365,39.848283259432776,user,rest,heavy
1788983630991,0.2507916375206783,-3.701734749548137,-5.92475186778605,-0.4890104351956776,-1.901489873655465,33.44952981853305,user,rest,heavy
1788983631008,0.3627205286003649,-3.6753985312864175,-6.240935540008545,-12.747337434798414,-5.274548272858409,29.69801768105228,user,rest,heavy
1788983631025,0.392049535469897,-3.574692716217041,-7.712920648193359,-16.923714659410656,-2.904476686288804,25.49977531335953,user,rest,heavy
1788983631041,0.2902959649132564,-3.441963869421184,-8.99501563720703,-15.352760905023969,-0.2540250338773821,22.74867756851595,user,rest,heavy
1788983631058,0.2703941636132076,-3.352779857580364,-9.34591581802368,-13.666197661198352,2.797568857852472,20.1491297685239,user,rest,heavy
1788983631074,0.1937796739555895,-3.305195099584758,-9.89598364944458,-8.360921647924526,10.661308016043664,14.600856115148533,user,rest,heavy
1788983631091,0.4387364678429439,-3.3113302413389083,-10.04921255569458,-3.048567851123274,15.345802649807018,10.841574637486872,user,rest,heavy
1788983631108,0.6669338135765865,-3.270628520855307,-9.835380419921874,0.6133952769750444,16.743549637031354,8.449606531655265,user,rest,heavy
1788983631124,1.1165948494073004,-3.190722332708537,-9.106196376800536,-0.5433091584368097,14.27915420524093,7.065540840225289,user,rest,heavy
1788983631141,1.3422483193444088,-3.188627406255901,-8.58710352935791,-4.423542987654786,11.80748974462632,5.599812126418171,user,rest,heavy
1788983631158,1.3388066544579342,-3.2079306571409103,-8.594885269275307,-8.671177868330478,12.6804331705572,2.41249197051385,user,rest,heavy
1788983631175,1.2756595491386948,-3.075052757263184,-8.8742580909729,-12.555625123853558,15.810658494528916,-0.4707333292243996,user,rest,heavy
1788983631191,1.3322226364251226,-2.8414681655332443,-9.234286165618895,-12.384790139880492,18.156222295139457,-1.0768652336256643,user,rest,heavy
1788983631208,1.402701911263354,-2.7189149680539964,-9.369558559417724,-9.608450577185478,20.65714045596923,0.292373931385212,user,rest,heavy
1788983631224,1.56221548727341,-2.5620944670528174,-9.43629693069458,-5.389115731562087,22.415483865329804,2.7149225016782594,user,rest,heavy
1788983631241,1.7019770822502671,-2.5444375220701096,-9.144353965759278,-4.432923825592975,22.79561121339769,4.730547611128988,user,rest,heavy
1788983631258,1.7827814613457769,-2.5875331519529223,-8.889970039367675,-5.869891893465638,20.04892064811606,6.751155343579241,user,rest,heavy
1788983631274,1.891567853148654,-2.6743229621335862,-8.500164081573486,-10.236687961948665,13.150833421337856,8.379848955888278,user,rest,heavy
1788983631291,1.844581718633324,-2.699461787304282,-8.610147720336913,-13.745927313153558,9.63643386221502,9.013792963703011,user,rest,heavy
1788983631308,1.7827814613457769,-2.699612009429932,-8.870666788482666,-14.737294266461411,9.810572096425432,10.108982207489644,user,rest,heavy
1788983631324,1.6060594513054935,-2.608033795928955,-9.427319258990885,-13.452146362799324,12.420559840563849,12.598279655220288,user,rest,heavy
1788983631341,1.559222881328687,-2.574215697479248,-9.642347911071775,-11.996091758177885,12.368267912278233,15.142683069174597,user,rest,heavy
1788983631358,1.6114464050408452,-2.6449939917966723,-9.631274728393556,-11.304826241527463,10.221209045742125,17.50155890847749,user,rest,heavy
1788983631374,1.5604199821587652,-2.769492770385742,-9.599401918792724,-10.73212683245294,5.772492969014433,19.33041377573469,user,rest,heavy
1788983631391,1.2990030883904546,-2.839971789495647,-9.801263046264648,-9.39250817016,3.845543778671157,20.25721580459206,user,rest,heavy
1788983631407,1.1248248445488511,-2.8504461294978856,-9.918877618297934,-7.841625780423041,3.0208249033751517,20.56342513791478,user,rest,heavy
1788983631424,0.8743314958550036,-2.92092573312968,-10.001178300365805,-6.153674727535444,2.798493067824539,20.601008253822773,user,rest,heavy
1788983631441,0.7220004152275622,-2.9689594039365645,-9.960476872143149,-5.223071698404961,3.0112310489122223,20.3138534407371,user,rest,heavy
1788983631458,0.6396998062249273,-2.9943977965757247,-9.885359964099528,-4.2552407232033245,3.282934053104625,20.335831281938905,user,rest,heavy
1788983631474,0.5674247705437243,-3.053205082592368,-9.749787710571288,-1.4981200321722568,2.8364682792795755,20.229044689360343,user,rest,heavy
1788983631491,0.5383951484795659,-3.1135093291684983,-9.466225035968424,0.9634582667506536,1.8004728699348576,19.848550218624563,user,rest,heavy
1788983631508,0.5494683311577886,-3.146279964391887,-9.216628928375243,0.9853471020498404,-0.7790851007906813,19.93667673439065,user,rest,heavy
1788983631524,0.5479718820549547,-3.235762959179282,-8.845378033447265,-0.4242445804536334,-2.8948838990429326,19.08725050354577,user,rest,heavy
1788983631541,0.4545980903740972,-3.3233015419006344,-8.74676685256958,-2.451979641983221,-4.205528898876679,16.930075273075232,user,rest,heavy
1788983631557,0.4390357795830816,-3.324498058208823,-8.739584832111001,-3.1133035303030083,-4.155207053279788,15.702712477338745,user,rest,heavy
1788983631574,0.5526107208367437,-3.288734963171184,-8.730007440948485,-3.4251808534197803,-5.19425811850444,15.78167629433326,user,rest,heavy
1788983631591,0.6675324005242437,-3.3044466193050144,-8.680777253833412,-3.803004933633495,-7.615998165154487,15.960956807215046,user,rest,heavy
1788983631608,0.6964124580498784,-3.350535293523967,-8.716091143798828,-3.516781587595879,-9.758426163433326,15.20922277206886,user,rest,heavy
1788983631624,0.5853813560601323,-3.367294412884116,-8.85525411529541,-3.3961913961481307,-11.653094172211828,13.554178289941913,user,rest,heavy
1788983631641,0.565629119298607,-3.4205653998225927,-9.049633362579344,-3.68109331402476,-11.29786371744228,11.082219277419346,user,rest,heavy
1788983631657,0.6229403946038335,-3.4261022834226487,-9.120860861968994,-4.596435566115319,-9.358835337551838,9.562145309707375,user,rest,heavy
1788983631674,0.7176609977837651,-3.392284184972941,-9.271845204162595,-5.395352974934778,-6.871938701314454,8.405838679453822,user,rest,heavy
1788983631691,0.7754210763024165,-3.359513257488608,-9.37165348587036,-6.3446378521057145,-5.704422023085617,6.917793603194157,user,rest,heavy
1788983631708,0.8071442482994868,-3.36490021122396,-9.459640396881102,-5.395895121200148,-5.046897214048237,5.7595006685526,user,rest,heavy
1788983631724,0.8934851822014898,-3.335122620336711,-9.616161330413815,-3.725484847874789,-4.08811111685499,4.906153055350486,user,rest,heavy
1788983631741,0.9937423401879146,-3.245339765819907,-9.609427638244629,-1.5547628976808785,-2.113563832289776,4.845007494353239,user,rest,heavy
1788983631757,1.047163001262769,-3.228729991802573,-9.540295065307618,-0.8025232150926974,-1.520568836261679,5.484794729002918,user,rest,heavy
1788983631774,1.092054282390699,-3.216011087743938,-9.452008879089355,0.1248654763215666,-0.8998171253854135,6.254056737106652,user,rest,heavy
1788983631790,1.1230292663689705,-3.1633386512205,-9.4175928147465,2.195301346417553,-0.4497841785446184,7.868932022951107,user,rest,heavy
1788983631807,1.1098611572381107,-3.1848864661619065,-9.38482159500122,3.198743220404344,0.1551361410113359,9.161263578072756,user,rest,heavy
1788983631824,1.0224727966424076,-3.2251386893123386,-9.222913123211264,3.2401403566335567,-0.2527160387951198,9.520165259521184,user,rest,heavy
1788983631840,0.952143122875318,-3.2724244643613694,-9.164704679870605,3.20798702767231,-1.2634928956202696,9.130652377760052,user,rest,heavy
1788983631857,0.8461996628807857,-3.3218045813411474,-9.163656632122397,3.736748256702963,-1.8206426319973168,8.077468797368997,user,rest,heavy
1788983631874,0.7689866958733648,-3.260602801403403,-9.300874899291992,5.485618620571551,-0.8528074412883015,7.64299278030167,user,rest,heavy
1788983631890,0.7667420952843502,-3.238905348858237,-9.341426105389,7.369108170999682,-0.9090242203865906,8.230519676290642,user,rest,heavy
1788983631907,0.8869011641686781,-3.234416220745444,-9.198223503112793,7.959235661515137,-3.776772738352415,9.618700983582372,user,rest,heavy
1788983631924,0.7858957816308364,-3.3113299490779635,-9.177424460712077,8.037604398278217,-5.648629622850367,9.637500225499188,user,rest,heavy
1788983631941,0.6610980200951918,-3.335272257940471,-9.252093040466308,8.451632536517819,-6.208392226750062,8.426553789432825,user,rest,heavy
1788983631957,0.4147945243066177,-3.4079958411067723,-9.464428800201416,11.072299281423549,-5.126071059359733,6.917185716358026,user,rest,heavy
1788983631974,0.3845677100808359,-3.4735374038144946,-9.451260691070557,12.75508969950638,-5.865716940335468,5.679061957584183,user,rest,heavy
1788983631991,0.4010278464944101,-3.4958334067746994,-9.366865082550047,13.61993593617621,-6.883166251649485,4.614530017887152,user,rest,heavy
1788983632007,0.4348459632104262,-3.62018196323812,-9.147795630645753,11.630262557363768,-9.634426640372682,2.398851869297923,user,rest,heavy
1788983632024,0.4575908241829834,-3.65519745477885,-8.845826946258544,6.268248162654646,-15.24908204851776,0.2838311790025244,user,rest,heavy
1788983632040,0.3324937965729739,-3.618386604253947,-8.941744650268554,0.2176011157973718,-16.767151355708332,-2.733336264793791,user,rest,heavy
1788983632057,0.0016450729264412,-3.4596211066648364,-9.632322191619872,-6.510596507898215,-12.320654663574071,-6.611101887761306,user,rest,heavy
1788983632074,-0.1039990753279533,-3.2136165938228367,-10.378564921569824,-8.815957388167238,-6.458278539516387,-8.04561450262735,user,rest,heavy
1788983632090,-0.1541276908537838,-3.0707126822322603,-10.697442655181884,-7.678874325332686,1.291670947762863,-7.995737899986978,user,rest,heavy
1788983632107,-0.0137676185271237,-2.785204426519573,-10.965293965911863,-1.3718133992760306,10.638000849274642,-4.195030044348723,user,rest,heavy
1788983632124,0.3030151794991456,-2.5360578162595626,-10.469095671844482,5.08300500909551,13.768158725128304,1.1567615848853,user,rest,heavy
1788983632140,0.5089165222725831,-2.490717330059409,-9.97170027694702,9.179497621835752,9.791115448801008,7.022305742779108,user,rest,heavy
1788983632157,0.7015001913766377,-2.558952369634807,-8.955810585021972,10.218983257846348,-1.4142770055111171,14.086445540450898,user,rest,heavy
1788983632174,0.4623792092369869,-2.7394150275081395,-8.699930282592772,9.445481409815327,-6.773949392386866,16.65106887566938,user,rest,heavy
1788983632191,0.3004713493683841,-2.832190341839194,-8.817695661273598,9.029191625186805,-7.5049341666082015,18.244309537317815,user,rest,heavy
1788983632207,-0.1327295226492919,-2.9176334135860205,-9.119065210723877,8.729650264041311,-3.803132572793609,18.29525933343153,user,rest,heavy
1788983632224,-0.5437839882113272,-3.032555385534465,-9.279476721954346,9.26987212361242,-0.4521194629105281,16.794817036941467,user,rest,heavy
1788983632240,-0.719009608514281,-3.12248729313314,-9.21932240524292,9.471270496574002,1.357372778545037,13.050745536787783,user,rest,heavy
1788983632257,-0.99643775328435,-3.221846369768679,-8.775646910095213,6.1734895332044735,-1.1506685225371196,5.524974597455987,user,rest,heavy
1788983632274,-0.8873518579450901,-3.2552161399289963,-8.41412245941162,1.3773462793905642,-2.406084399298732,-0.0615859481161538,user,rest,heavy
1788983632290,-0.8779247026079566,-3.2046386298581955,-8.320299681854248,-5.091402299793217,-2.2330445448842204,-5.556620571427949,user,rest,heavy
1788983632307,-0.7420537766603985,-2.9908064940854904,-8.251466384124756,-15.01303071080212,0.3552623645595755,-10.819176739651107,user,rest,heavy
1788983632324,-0.8050512489424553,-2.894589514867961,-8.34439133605957,-23.40422034203356,5.516669514312075,-14.90235261794394,user,rest,heavy
1788983632340,-0.9555866600584704,-2.978685848180949,-8.368034077453613,-31.242589829769795,8.476331354330231,-21.227340015807528,user,rest,heavy
1788983632357,-1.1372468023543711,-3.035099224798381,-8.697984993743896,-36.36313142410958,18.65847854820905,-28.397952644242885,user,rest,heavy
1788983632374,-0.6633444107824936,-3.0957024543210863,-8.95610986022949,-40.22787443765082,24.754342127722687,-26.993238864065138,user,rest,heavy
1788983632390,-0.3576348045676015,-3.0253727805539965,-8.875604829406738,-45.71137911467425,22.9142550143754,-20.515195464638023,user,rest,heavy
1788983632408,1.5622156334038824,-2.376244855444133,-8.635137200164795,-50.29185423624654,2.1278282554845247,9.192137740668509,user,rest,heavy
1788983632425,0.64433857194148,-2.129492300713807,-9.294739757537842,-42.80761981169171,-1.0372109695735685,18.50689615995896,user,rest,heavy
1788983632441,0.0686826737450435,-1.9146125555843116,-9.727491707611083,-33.2054632538264,-6.9917927264357225,15.91385070005676,user,rest,heavy
1788983632458,-0.49904234012058,-2.771437766973674,-10.15710126800537,-24.08062422082368,-3.220414129980325,7.561208095179936,user,rest,heavy
1788983632475,-1.135151848502271,-2.659508693230897,-9.830292741394045,-23.46818506361073,-4.687446983032092,-5.165551687196522,user,rest,heavy
1788983632491,-1.0682638213553466,-2.706494900811464,-9.661800799560549,-24.041678482176263,-9.88362779978789,-16.905336327901445,user,rest,heavy
1788983632508,-0.5853832192236558,-2.672527018627524,-9.53864905166626,-31.958130692504085,-25.278084448373846,-21.79956984937661,user,rest,heavy
1788983632525,0.0471349318688735,-2.3148931456416846,-9.239074568939207,-37.86320489038446,-21.018761406480973,-20.988701743943743,user,rest,heavy
1788983632541,0.0293280387551523,-2.220920876611024,-9.750984811401366,-32.432606858671946,-10.412567040623786,-21.970401418255094,user,rest,heavy
1788983632558,0.0380070289063733,-2.1140796275265514,-10.531045639801023,-18.71350255216268,-9.401761368938075,-18.62389730044128,user,rest,heavy
1788983632574,-0.3938471138106193,-1.862987874548137,-10.479869579315183,-8.781051706413887,-11.86675529605452,-14.137027360123072,user,rest,heavy
1788983632591,-0.7769194068350829,-1.9128170504696669,-10.423306565093991,-0.4222348239707835,-13.527491887081029,-13.641058296184475,user,rest,heavy
1788983632608,-1.243788721432397,-2.226756743157655,-10.29162488926351,7.886206425135715,-10.141521228695586,-18.93114482251784,user,rest,heavy
1788983632624,-0.9569334030588856,-2.347813564599305,-10.293719815716146,18.850717637493645,1.8245678563359584,-27.989698577172884,user,rest,heavy
1788983632641,-0.6998560043661854,-2.306813007299602,-10.191966829681396,24.565671812279422,4.308809896863735,-28.59383734699697,user,rest,heavy
1788983632658,-0.4053692366995848,-1.8366516562864184,-9.463381336975097,25.166707968673037,-2.4332442196464643,-24.77500686505656,user,rest,heavy
1788983632674,-0.4352967665846925,-1.788468347875774,-9.233238702392578,24.010391093135727,-15.17214167506486,-17.659172353764706,user,rest,heavy
1788983632691,-0.4944035789706045,-2.0039464972898364,-9.41744259262085,27.31338690593656,-17.45629182975323,-14.018855695971745,user,rest,heavy
1788983632708,-0.7029983986117179,-2.431909897912293,-9.87578257293701,32.83999690681194,-11.053826181039604,-11.36156889183099,user,rest,heavy
1788983632725,-0.6253365644587902,-2.530670862524212,-9.518447975158692,38.69622159174838,-3.622783989080361,-7.419488500091342,user,rest,heavy
1788983632741,-0.5654814224901842,-2.438344314873964,-9.220220230865475,40.15801526281993,-4.2408623212268015,-3.91253811603205,user,rest,heavy
1788983632758,-0.4767463805428589,-2.53770382990092,-9.079411245727538,40.30137068821474,-9.4194532664357,-0.208504571143171,user,rest,heavy
1788983632775,-0.5529118546412093,-2.676268250982463,-8.907627276611327,39.62961475315482,-17.894521889543128,2.8393220176921714,user,rest,heavy
1788983632791,-0.5134075683478265,-2.7998686194270848,-8.846873824962973,38.092548982335146,-23.39924967186508,8.245783441538329,user,rest,heavy
1788983632808,-0.2127856589270755,-2.942174272863567,-8.853159188842772,35.07074351992728,-17.64346633376826,13.804544850384254,user,rest,heavy
1788983632824,-0.2029095588126219,-3.0156463363096115,-8.769362130737305,26.187442174091007,-2.976123236248122,18.854837949110458,user,rest,heavy
1788983632841,-0.5783502883795648,-2.9044658889770507,-8.359355096435547,8.643081031405984,8.267140589299313,19.56396184911952,user,rest,heavy
1788983632858,-0.9525939353827386,-2.685246507208049,-8.169166286578774,-3.4758802804117277,9.455961481323063,16.94143729275955,user,rest,heavy
1788983632874,-0.7887407044668682,-2.8049565902158617,-8.238298274993896,-9.7816419764222,9.84185692414503,16.36977094979699,user,rest,heavy
1788983632891,-0.2184718330710195,-3.204339354650676,-8.471433661651611,-10.158002475162826,17.614771001517745,17.03735534682133,user,rest,heavy
1788983632908,-0.1228534042685292,-3.4117370734617114,-8.694393691253662,-9.039258470249758,26.678780369772337,14.85417246353867,user,rest,heavy
1788983632924,-0.2442094826513901,-3.4051533111572265,-8.715791868591308,-11.701901850247094,31.42426261640838,9.829437932686655,user,rest,heavy
1788983632941,-0.2771297703199146,-3.3789664382383227,-8.367734802246094,-25.164756242117704,22.658114382763458,8.300927827576073,user,rest,heavy
1788983632958,0.1161178169697755,-3.4377740165159105,-8.259397177124024,-37.38125991235919,16.852503107124104,10.895755966851643,user,rest,heavy
1788983632975,0.2145793922097422,-3.415328083691001,-8.445097443389892,-47.05260970161132,19.230833032730487,14.373294702571217,user,rest,heavy
1788983632991,0.0902305160859134,-3.194911893352866,-9.032424453625085,-54.09332920750595,27.823748886003667,18.468619779850208,user,rest,heavy
1788983633007,-0.0764657471030019,-2.930203118432313,-9.463530974578855,-54.30721316627032,34.17825636146005,20.993645093355543,user,rest,heavy
1788983633025,-0.0484835334662348,-2.8826183604367075,-9.674819271087646,-50.32812937092848,37.26014358290194,22.493165314307653,user,rest,heavy
1788983633041,-0.0653925461584702,-2.7861022521421317,-9.939378554534912,-39.717222174543984,37.11900796898738,24.25310357283942,user,rest,heavy
1788983633058,0.0363609878655523,-2.6840492602474986,-9.999981784057615,-30.10995322008492,35.901984372107,25.16478527042168,user,rest,heavy
1788983633075,0.1007051940148696,-2.6587605052120984,-9.97843396911621,-21.076314287974792,34.126381074713805,25.955741666876666,user,rest,heavy
1788983633091,0.151432305156812,-2.613270819799602,-9.878924962615969,-12.801789410409048,34.34585895840841,26.580249768353024,user,rest,heavy
1788983633108,0.3081028762932866,-2.564638452447205,-9.7292873588562,-10.235932372271732,32.29196301837763,27.76939765568329,user,rest,heavy
1788983633125,0.3169314218498766,-2.571970548900962,-9.64578957595825,-10.81297663543203,31.189922241079827,28.69302364657661,user,rest,heavy
1788983633141,0.3004714315667748,-2.576160547936708,-9.720160049548744,-12.500753945382614,30.07819625553895,28.372510189584588,user,rest,heavy
1788983633158,0.0520729362603277,-2.5209442721493542,-10.015095182037353,-13.109999135384935,33.94855368457794,27.2560491754016,user,rest,heavy
1788983633175,-0.0011979776129126,-2.5481783160336318,-10.152163227081298,-13.572016182733046,39.70510883405097,26.43286282380061,user,rest,heavy
1788983633191,0.0863400205865502,-2.524086661828309,-10.100687891387938,-13.650212457219585,37.34388511722088,24.65266451664329,user,rest,heavy
1788983633208,0.0887342222467064,-2.378638910973817,-10.008511127471923,-13.90509462647695,31.70605231590101,22.705780565433685,user,rest,heavy
1788983633225,0.0176563604608178,-2.369660654748231,-10.152911999621988,-17.217930180550834,24.280622405005403,19.360642485453877,user,rest,heavy
1788983633241,-0.1090866899237036,-2.234088839611411,-10.411185919189451,-18.00894292606647,9.630114229685466,19.19002094489237,user,rest,heavy
1788983633258,0.2332840013481676,-1.6965905669063328,-10.285191056823727,12.097502138106,5.700930088872448,12.330385975594048,user,rest,heavy
1788983633275,0.3607752397514879,-1.6992838976435365,-11.281478222656247,26.919573566319254,1.2979215313487766,2.5051251304716784,user,rest,heavy
1788983633292,0.0616496698357164,-1.8454799826473,-11.660809548187256,12.7966531081532,8.55183738805743,-3.126687712868472,user,rest,heavy
1788983633308,-0.5582987764105201,-1.3515263987667858,-10.754753857421877,-2.082161397250408,23.322041213487257,-8.65302407929023,user,rest,heavy
1788983633325,-0.4080626222357154,-1.0308530139096082,-10.24688441478312,-5.639167676415784,29.30864567194278,-2.42501533580048,user,rest,heavy
