epoch_ms,acc_x,acc_y,acc_z,gyro_x,gyro_y,gyro_z,participant,label,category
1788983295837,1.6253633597776294,-1.706467233276367,-10.877306470379231,3.134930683979619,36.390564878910936,-11.487275962184135,user,dead,medium
1788983295854,0.862211726733297,-2.160617506817728,-10.2786070022583,37.2799682069679,26.91338199983664,-10.215268488711503,user,dead,medium
1788983295871,0.2588727622434497,-2.559850341387838,-10.197802111706135,51.03986923338966,38.26720033450696,-19.975156312627213,user,dead,medium
1788983295888,-0.6254854759767651,-2.7570729954041537,-10.982951203155515,77.35336767125513,70.70059949512263,-43.577341150017126,user,dead,medium
1788983295904,-2.795829134777933,-0.3803787887573241,-14.356082067108153,125.89261244194932,91.60555458210555,-78.25653041539509,user,dead,medium
1788983295920,-2.3535005241945384,0.2328358191892504,-15.265429785156249,184.8748066422428,76.46267685253962,-89.05164439860023,user,dead,medium
1788983295938,2.301875112506002,-5.743241162164509,-9.488071541595458,148.217085744136,-232.85461793877795,-59.66093741887434,user,dead,medium
1788983295954,3.160196407672017,-4.424784235437214,-6.116885966491699,175.56704831307798,-327.68348905437426,-51.13729163661613,user,dead,medium
1788983295970,2.1285946942869574,-3.5749922836855053,-4.952256496429443,169.1045965279787,-440.8046995975319,-77.47928903879348,user,dead,medium
1788983295988,2.580799496316351,-3.4491467666625977,-3.9861955420345065,135.8000613802413,-584.8383354561702,-84.62694540142843,user,dead,medium
1788983296004,2.2471076033994555,-1.0365399735048413,-9.53760158843994,1.0816289704066309,-267.74795071010874,-97.81817853793326,user,dead,medium
1788983296020,-0.5418380554750561,2.676268543243408,-10.980706054577231,-27.022378158611705,-103.74012330306356,-96.25972061463312,user,dead,medium
1788983296038,-1.2823947026126086,-3.625420448413491,-9.201216255187989,-4.132374157771258,4.035490058828742,-82.88477588002245,user,dead,medium
1788983296054,-1.0857707451418042,-3.8292265724733463,-8.732551280212402,44.30729029680556,119.44491386545728,-93.63699627523992,user,dead,medium
1788983296070,-1.6205756140444427,-3.614945231628418,-7.957278270611167,83.85706013856293,161.8161289854148,-70.28851369192824,user,dead,medium
1788983296088,-2.990507803399861,-4.367772600665688,-6.742520787811279,112.02730110606676,193.498767412841,-15.60661000816937,user,dead,medium
1788983296104,2.502838049029186,-8.379556172943115,-4.710292491149902,49.42662294766225,-28.45367845013373,48.45030204732229,user,dead,medium
1788983296120,5.027972539409995,-9.395446449390054,-4.665550847625732,23.84137293948188,-82.42492656396216,67.1773010532849,user,dead,medium
1788983296137,-6.253505829376727,-3.784185361480713,-0.374991250500083,-13.228114450475612,-87.72716143550804,48.53744160075331,user,dead,medium
1788983296154,0.0797564044125378,-3.6999399750858544,-3.0315082145690915,-19.193753643273784,-167.64189785684215,85.0771368300023,user,dead,medium
1788983296170,4.137329960223287,-3.403657519641518,-4.933850486645103,46.46394643289919,-227.3301696927749,167.0679024193726,user,dead,medium
1788983296187,1.9425947874873877,-0.7040455102115869,-5.303156092724204,152.27449131869037,-280.64323858006605,200.61734082999,user,dead,medium
1788983296204,-4.535366716876625,-1.8062760995060203,-3.1803970457881685,254.9771635283424,-231.9857085933256,159.98125330640423,user,dead,medium
1788983296221,-5.808932362475991,-1.7356465660095213,-1.8338088340759275,272.1418387239346,-230.47282169216777,111.76575950236862,user,dead,medium
1788983296237,-4.6452007180362935,-2.242619352069497,-0.4584896179199218,199.8103813003097,-252.1387827960952,93.290172929565,user,dead,medium
1788983296254,-0.8545809395939111,0.1651993300288915,0.9626189972475172,143.15424900299908,-234.29532340078708,155.2701303263879,user,dead,medium
1788983296270,-0.7662941688537597,0.3797802383422851,-0.0757157507196068,142.27512169454835,-244.29534872308935,207.51189770274095,user,dead,medium
1788983296287,-3.8130654190063473,-0.872087954711914,-0.8994710516780614,132.65081141811015,-217.2577716860271,247.79319788007965,user,dead,medium
1788983296304,-7.105992280909419,-1.7859253853946924,-0.3187278037473559,104.50300079184063,-187.9886762244733,270.08720853856806,user,dead,medium
1788983296321,-10.223093204829096,-1.9792571694523096,-0.5306145045407116,82.22604511570974,-183.39156276208288,246.15149361117537,user,dead,medium
1788983296338,-11.86251986901164,-2.219873267254233,-1.4719842314019798,79.24554180721293,-177.77138258467286,207.53042117577004,user,dead,medium
1788983296354,-10.890774439239502,-2.301276708221436,-1.6810281099848448,96.793957520944,-168.78259408974762,188.7883957536334,user,dead,medium
1788983296371,-8.629451555743813,-2.4576480041503905,-2.313546261077374,136.46884618301226,-153.06697084733028,195.601987563963,user,dead,medium
1788983296388,-7.364713944244384,-1.4378674422666429,-1.9973617303383533,162.24755105414948,-135.82616636324906,211.20003593000777,user,dead,medium
1788983296404,-7.330746792712807,-0.8387187690734863,-1.4951780051858163,173.4090363844341,-136.25601748847464,226.274427352766,user,dead,medium
1788983296421,-9.712528531756996,-1.0431235896788538,0.5207398109320551,165.80326557378808,-134.11264948541128,208.7601830754525,user,dead,medium
1788983296437,-10.884042500635982,-0.4204816665649414,1.004218981745094,161.54370006017965,-130.25259539673527,186.35630199397525,user,dead,medium
1788983296454,-10.37991341356933,-0.1426045633178204,1.2155074243843556,164.64273447153286,-131.08115198457116,175.57984808758258,user,dead,medium
1788983296470,-9.044846712824702,0.0993597273727995,1.0030214425235986,179.33275016855944,-132.6963961006308,173.3455839270447,user,dead,medium
1788983296488,-8.057687440821528,-0.0296279167508706,0.542586974146217,194.90571807997196,-127.13188196495643,175.98804751313924,user,dead,medium
1788983296504,-8.28094557658732,-0.1925832307126373,0.8077446618780493,203.83884053316157,-101.19070055384294,167.39262327289336,user,dead,medium
1788983296521,-9.49286228300333,-0.9911986105218528,0.9507982110723852,179.05346373339762,-58.52151843134365,141.71463637125714,user,dead,medium
1788983296538,-8.48460177078247,-0.7109279632017016,2.6957214317321774,149.51221255417548,-39.39423277397784,126.69596563174788,user,dead,medium
1788983296554,-8.014590057373047,-0.8473977500915527,2.9173350151613358,112.5001892532526,-21.38262436658777,118.90554748707972,user,dead,medium
1788983296571,-7.567473481860756,-0.3392281554624438,2.4233821619331835,75.1318213229518,7.6800183820186625,118.93379714948688,user,dead,medium
1788983296588,-7.4956468475341795,0.1894414986208081,1.3168109130859371,68.04054817191532,14.843908396763434,110.31404377541745,user,dead,medium
1788983296604,-7.973588769420981,0.2439095863893628,0.6271320741400123,80.79278455989592,11.473899890468312,89.56216005792366,user,dead,medium
1788983296620,-8.519616970062255,1.5384250810369848,0.1141746607124805,115.52113411182503,-0.4089705432417659,71.677418999272,user,dead,medium
1788983296638,-8.341250115424394,2.6397584292307497,1.0515040261417627,146.94284565257843,-14.928735931160409,71.71236224706578,user,dead,medium
1788983296654,-8.476820030865072,2.9224224014282223,1.8146552207946776,170.68234290549498,-24.16710978364167,70.51970876514402,user,dead,medium
1788983296671,-9.665841599383947,3.4489974213197825,3.416975704767555,172.65577580200843,-44.77508995305973,59.50906816267911,user,dead,medium
1788983296687,-10.22698261348307,3.774159642028808,4.81818164185211,148.35206394251378,-57.11950257588805,40.39642643089381,user,dead,medium
1788983296704,-9.838524563166498,3.194614371711016,4.977845695716143,108.36685929588435,-55.84938450349457,23.58167548685966,user,dead,medium
1788983296721,-9.178473092982172,4.717027352362871,4.930560066797584,53.616780078925,-40.00931521439958,21.832252304555123,user,dead,medium
1788983296738,-9.501389872851968,5.153669295611977,3.7606924038209018,28.282390966128148,-22.82757479116606,25.79261625892925,user,dead,medium
1788983296754,-9.795876092529296,5.013308638763427,2.8847144559331235,14.15371436603906,-6.024856079128534,19.5697299438736,user,dead,medium
1788983296771,-11.083956001171469,4.591480818286538,2.422633243262023,4.70701974387241,-8.357396416539153,-5.483263059081542,user,dead,medium
1788983296787,-11.07617601481974,5.550807495990395,2.3497597302310167,9.255836938641693,-24.623834288156665,-16.897333053741484,user,dead,medium
1788983296804,-10.469097425410151,6.088007078009843,1.8058273328252132,25.71575614019909,-35.57899497154085,-14.771043938697735,user,dead,medium
1788983296821,-10.608559087592363,6.158785664588213,1.1330568124517797,39.94459575691913,-26.69074344610361,-15.359114688499371,user,dead,medium
1788983296837,-11.59407059238851,6.146963124847412,1.6107000436529515,32.73253071041096,-12.703141842000202,-26.846623730888936,user,dead,medium
1788983296854,-11.5996083527714,6.189610426440835,1.7025776784919202,22.74310413415322,17.50855814482946,-32.44219302917206,user,dead,medium
1788983296871,-10.989686648890377,6.779033532172441,0.6509248915292323,23.05685570386693,35.63070291865243,-25.3523029914425,user,dead,medium
1788983296888,-10.744129587554932,6.749254479980468,1.8614928136847912,31.36308119691799,30.972643678297967,-25.68021354330564,user,dead,medium
1788983296904,-10.766575812640786,6.789207720184326,2.5475806424014267,33.955066269951544,7.331894739080514,-32.4149200838162,user,dead,medium
1788983296921,-11.046848213526603,6.981344156977534,3.770419578717649,26.47277844931017,-17.444405593050117,-46.17672673301639,user,dead,medium
1788983296938,-11.058968859431149,6.66456076529622,3.4614182192146776,19.362963042224383,-15.575611194621269,-53.39910195007669,user,dead,medium
1788983296954,-11.05821833332479,6.628946138818562,3.1578024982728063,14.04564028280195,-4.612537737083623,-53.683801310155744,user,dead,medium
1788983296971,-11.451914868816733,6.934356195831298,2.974347234454751,2.3431617084568126,12.91197487587334,-43.08505526558846,user,dead,medium
1788983296988,-12.323404857635497,6.827665168872476,2.7965780534490943,-6.146783920436547,34.23681840340374,-39.5230228209676,user,dead,medium
1788983297004,-12.21925766994059,6.628048313196003,2.470218001257628,-15.703701147221102,52.45314124059743,-38.00032435306705,user,dead,medium
1788983297020,-11.643752614924312,6.537069234631955,1.8198935598395765,-22.61647071939389,66.33290525676374,-36.94041218256989,user,dead,medium
1788983297038,-11.80446223231852,5.925649693408608,1.182436417974904,-25.407364561436555,87.60327546434235,-43.130202816002246,user,dead,medium
1788983297054,-11.858181547546383,5.642235779626668,1.2674312344975769,-35.620375672627375,101.31643067608454,-54.6537462289055,user,dead,medium
1788983297071,-11.557561355158686,4.908563485175371,1.087715960925445,-44.81394348415335,106.74625348132626,-64.29432601594672,user,dead,medium
1788983297088,-9.72300257949829,4.9129020989015695,-0.1924329355217516,-41.74680264112952,99.26310505684944,-53.45018151978463,user,dead,medium
1788983297104,-9.816375859722497,4.943577515411377,-1.2425901318981312,-23.96421218415727,98.90121431386552,-37.88721642041164,user,dead,medium
1788983297120,-11.928360999187827,4.810100772857666,-1.9042877510086664,-4.2830395931252765,96.60396214880176,-38.68796389304184,user,dead,medium
1788983297138,-13.291261463275552,4.861127780261636,-1.744324889440462,19.294973631678783,103.70999533863464,-39.13642045356654,user,dead,medium
1788983297154,-12.039243632617591,5.261558007922768,-0.9100951754145324,28.86507269667464,89.56278160513814,-18.543388153147045,user,dead,medium
1788983297171,-12.011859951129557,5.392640256555378,-0.0266346897516399,41.553180438538,51.16457824235034,-7.279014560752628,user,dead,medium
1788983297188,-12.58302785372436,5.925649985669553,0.6027408524662256,48.40479249688249,7.470345234877611,8.910286569473346,user,dead,medium
1788983297204,-12.306347924372552,6.5744786355718965,0.9904519568730143,35.22597664428874,-9.648192886644845,41.48766184892465,user,dead,medium
1788983297220,-16.715267943462727,7.572860143335163,0.597204188061878,22.786865156165494,-15.503122396959922,55.53819425471962,user,dead,medium
1788983297238,-21.83960885325968,6.95829879695475,-0.3247130887020379,-0.5552406985040286,-0.7249013701875289,46.613619783276256,user,dead,medium
1788983297254,-22.44923186645508,6.107159814508259,0.1264443596988916,-34.40524745324167,-0.3572103024943515,32.555133622192805,user,dead,medium
1788983297271,-22.073941340747474,7.9611700173527,0.5675760886479169,-70.87321886601636,-2.495729138051268,25.81076919419585,user,dead,medium
1788983297288,-21.02946969746053,9.049184449768068,-2.4815895092952998,-93.47477928245212,-8.686301614700179,12.076854476245051,user,dead,medium
1788983297304,-21.150078190612792,10.251223613031208,-4.743062395720929,-76.20981641927658,23.88107170648529,-7.434985345544455,user,dead,medium
1788983297321,-17.082330154529213,11.81777997905314,-2.633172036577761,-59.43391559124145,25.671252335114584,-9.42413194601716,user,dead,medium
1788983297338,-12.765883251953124,10.463858647973836,3.1860842245791106,-96.80000223835948,-4.7672726845225,4.844953706613524,user,dead,medium
1788983297354,-11.725754021784663,9.761161045239865,3.8814501692507415,-132.4484738941377,-24.9855030499926,20.27001728664396,user,dead,medium
1788983297371,-12.107177935680747,7.816919075067341,-2.375197355685197,-117.38330322675898,-26.48267197832293,29.5778200120384,user,dead,medium
1788983297388,-14.653561623382569,6.253954303796589,-7.496394460164243,-55.42703975616684,-9.83135465452249,12.220137330879933,user,dead,medium
1788983297404,-13.346177294811604,5.180453842163086,-7.806892203874704,-13.597216165675809,-8.143600396460354,7.553861372953942,user,dead,medium
1788983297421,-10.684273961529136,4.506186799621582,-4.610333937084139,2.813946157378281,-13.942326841416335,7.483017797108923,user,dead,medium
1788983297438,-9.171588009643552,3.2203511627748607,-2.9468121161315124,-6.442586179898282,-2.0900925275372617,11.243052303126577,user,dead,medium
1788983297454,-8.687959274291991,2.274492161670327,-2.1860550500735174,-26.31281029630659,16.33455961707828,9.245264659580158,user,dead,medium
1788983297471,-8.199093222808838,0.2286465508058667,-1.6537944999254075,-41.90680665262624,27.01109639365013,-0.917674548248706,user,dead,medium
1788983297488,-8.317755842590332,-1.140537231335044,-0.8898938386120601,-53.23788216490771,19.184397991658155,-30.118675371655023,user,dead,medium
1788983297504,-8.195801195526123,-1.141734332165122,-0.5371988148344681,-69.01714911001125,20.950261439294916,-52.011306548473065,user,dead,medium
1788983297521,-5.057601953998208,0.7193082535341382,0.1957271456283982,-84.62262872187299,28.0206939756264,-53.9403022342464,user,dead,medium
1788983297538,-3.959858739250898,1.23855044631958,-0.099208680979954,-86.55597523814762,26.997058647358468,-50.10979895901444,user,dead,medium
1788983297554,-4.314799719890952,1.3979147865846753,-1.560271102606831,-55.56036846386007,17.76338225747888,-59.03210922274794,user,dead,medium
1788983297571,-3.4476498061031102,1.5638628891542552,-1.7143978984114714,-36.94094835241973,17.126222938112363,-56.76746096568725,user,dead,medium
1788983297588,-2.7549779228210447,1.506102481842041,-1.1982974651173222,-27.165363046244043,16.71778957857665,-47.42840670974542,user,dead,medium
1788983297604,-2.212542193713784,1.4523831666141749,-0.0143640409171581,-17.14955486431713,7.802750051214621,-29.91101030012996,user,dead,medium
1788983297621,-2.279579840198159,1.0886138596132398,0.3395289741730783,-2.993555586557287,-7.278836122060563,-17.87487314284829,user,dead,medium
1788983297637,-2.865710334125161,0.7287360070928931,0.4855743347276933,9.798696105006076,-18.640163395949664,-16.039027576975585,user,dead,medium
1788983297676,-4.987271695709228,-0.1059431312009692,2.653673849597573,-26.50427586666768,-14.116088561448752,-37.49290618453222,user,dead,medium
1788983297688,-4.770446223339438,0.0757166275024414,3.116203500155918,-41.486954924345554,-14.906884448458245,-40.5382826297658,user,dead,medium
1788983297704,-4.103212148174643,0.8578723823547363,2.480543361243233,-55.60418071229112,-16.985165871373262,-37.9934805035187,user,dead,medium
1788983297721,-4.41086939959228,1.6177330110296606,0.942717451675795,-49.65464881310313,-16.601087258870518,-33.38301743639547,user,dead,medium
1788983297738,-4.74366109226644,1.6894088387086987,0.2513915031099691,-31.52847422766985,-20.732617461392454,-30.508795286478644,user,dead,medium
1788983297754,-4.962282800403237,1.572841437640786,0.2590233496952802,-14.532526902691725,-25.495250313034404,-25.317118979480476,user,dead,medium
1788983297771,-5.429450230297446,1.598429175622761,0.7944266228824853,-9.46048135900632,-22.71606170768185,-22.11579053247528,user,dead,medium
1788983297788,-5.871331243243813,1.584064111792296,1.1833353395760058,-8.529508645887011,-20.46667721586884,-21.860372193368065,user,dead,medium
1788983297804,-6.826466314476728,1.09325247919932,2.458246773761138,-25.847281677951447,-19.002185620075142,-24.597927380634808,user,dead,medium
1788983297821,-7.235874798363446,0.7646481552124023,3.464710027301684,-47.206148939058615,-17.5579523653597,-27.21418865352588,user,dead,medium
1788983297838,-7.521833428192139,0.8840591091431677,3.1392475084718314,-63.06110804054424,-12.47195359897361,-26.15909005884628,user,dead,medium
1788983297854,-7.573909067866205,1.1716630219608544,1.84563115462102,-57.92933420011437,-17.910244985012497,-24.69267917989581,user,dead,medium
1788983297870,-8.425493748253583,1.260547320202738,0.8981255553532391,-47.03658949291305,-22.105951644975875,-27.791959478059137,user,dead,medium
1788983297888,-8.807219275444746,1.289277740124613,0.701651454681903,-40.33765265308585,-19.250702053026057,-31.041109494538173,user,dead,medium
1788983297904,-8.393473054614663,1.6397293003909288,0.7215529637210071,-34.45574645687016,-14.729716171577284,-25.50697945538661,user,dead,medium
1788983297921,-8.405891806682943,1.9785086891725656,0.5767037632815539,-25.97407560215627,-14.69676733902114,-21.32844901363852,user,dead,medium
1788983297938,-8.787320396754145,1.8872300431400535,0.4523556452095508,-16.425064746222827,-14.924994695042534,-21.88838621424887,user,dead,medium
1788983297954,-8.665813493457437,1.9117703178957104,1.010503468842059,-16.21286272154158,-13.82185596483565,-20.08256274487296,user,dead,medium
1788983297971,-8.285284482574463,1.9298766140811143,1.5141833508364857,-22.7462289456985,-11.223179867736423,-17.303551724438822,user,dead,medium
1788983297988,-8.415468613323569,1.9693805030822755,1.320702367566526,-23.336277035264857,-9.079682944852475,-17.15720809128213,user,dead,medium
1788983298004,-7.92914757014811,2.051531985937804,0.7595613534674048,-14.280084818515345,-10.96694617479704,-11.353144707263423,user,dead,medium
1788983298021,-7.809586540222168,2.1975781410768627,0.8580231890022754,-8.596470112962525,-12.267485909753754,-5.715157799800408,user,dead,medium
1788983298038,-8.04436735599935,2.095076236370951,1.057190985736996,-7.241184704260867,-13.560805280984118,-0.7521298125920789,user,dead,medium
1788983298054,-8.59234259905517,1.8149550805240868,1.317260994940996,-8.430164398182823,-13.572789701656552,4.901200741315403,user,dead,medium
1788983298071,-9.413402961841223,1.2963108536317944,1.6112991785898805,-17.045373988906924,-8.222790463471126,6.100895294497817,user,dead,medium
1788983298087,-9.811139128112792,1.0676644489564,1.8420399251960216,-30.68176982720922,1.0346737677403204,3.2957139773719537,user,dead,medium
1788983298104,-10.286686848339436,0.6203977974489331,1.6054627275213598,-38.92101677771184,5.05009459635345,-3.747388837656196,user,dead,medium
1788983298121,-10.261697368511555,0.9763853645324706,0.9817727566592396,-33.27464282483487,3.600146607736824,-7.238791576730423,user,dead,medium
1788983298138,-9.694271575054524,1.2237364696778357,0.6594530658997595,-19.461655860636483,2.121935936664919,-1.4284130424938106,user,dead,medium
1788983298154,-9.19987127031982,1.001225645148009,0.4098578350894153,0.6283739885465881,-3.0818221212013617,4.510168142463941,user,dead,medium
1788983298171,-9.663296006554363,0.5137060398377478,1.514033859363198,2.4247325232801598,0.0606085707242874,4.11190280016826,user,dead,medium
1788983298188,-9.701904261890054,0.487669242914021,2.0159191130258143,-3.253723681902008,7.747152311370717,4.907595079039004,user,dead,medium
1788983298204,-9.568726794543862,0.5288194378174841,2.379089431220293,-2.223254109039242,3.8905491757728408,5.613569408067046,user,dead,medium
1788983298221,-9.830890707287192,0.3938463192261755,2.4426848282963034,3.868626829858039,-7.721035375531882,5.364506133095708,user,dead,medium
1788983298238,-9.910048999676109,0.4493618702210485,2.5517706414371726,4.460316726146134,-12.273724433786915,8.175892677082526,user,dead,medium
1788983298254,-10.371083625903726,0.2721912396304309,2.7048497639529407,-2.2825909505669046,-6.146641340237623,9.495688422856798,user,dead,medium
1788983298271,-10.94883441402018,0.293289849499613,2.723854178021848,-13.009412647025451,7.961146406935448,8.290457147578444,user,dead,medium
1788983298288,-10.87341530815959,0.2314893730163574,2.581548524585366,-11.45554461084755,6.715963647654396,6.743894852491517,user,dead,medium
1788983298304,-10.658237018474937,0.2136826442994177,2.2107468347296115,-3.087318075605695,-0.3310187415027475,5.153890846736018,user,dead,medium
1788983298321,-10.638487192866206,0.1479921746402978,1.896957364167273,9.443810574789612,-7.470176187695653,1.4432526956827212,user,dead,medium
1788983298337,-10.434081057086589,0.2684502995364368,2.0320795358404515,12.75859956296612,-6.85399579436483,1.5872650998983244,user,dead,medium
1788983298354,-9.769241183581949,0.3534443123415112,2.0368676468998195,14.453185717745562,-6.084907102311286,2.868297814585481,user,dead,medium
1788983298371,-9.09602160426676,0.5668276814334094,1.941248925836384,16.364358024879756,-5.888498609425223,7.825735345319007,user,dead,medium
1788983298388,-8.915409601050614,0.6172558461613953,1.8164518949531017,19.348023710962277,-6.592350457168682,10.69368652780411,user,dead,medium
1788983298404,-9.029881783404946,0.6395514107301831,1.3955217539682985,24.04578513341473,-6.147104512440714,12.296178680683331,user,dead,medium
1788983298421,-8.572140353503823,0.6839937790468334,0.9181775057137012,36.39824201153803,-8.216145543182352,15.231634330282963,user,dead,medium
1788983298438,-8.424746144756675,0.7516299759462476,0.6908778394721448,48.27969758223371,-11.721638535627491,16.622960939687484,user,dead,medium
1788983298454,-7.884106066894531,1.0220252720706164,0.8581729727365076,57.66433652069621,-15.564708505158634,18.15876824815258,user,dead,medium
1788983298471,-7.204452070617675,1.1607390384949745,1.282544924738258,61.77783160871473,-20.148690928869726,21.93385478355365,user,dead,medium
1788983298488,-6.910115488544106,1.282095427405089,1.43308020799011,59.68961738319922,-21.3258108530716,24.81450584902674,user,dead,medium
1788983298504,-6.460304267120361,1.386242907360941,1.5300447907045482,52.28709934187442,-15.887066113226556,27.17189441463787,user,dead,medium
1788983298521,-6.733392893981933,1.2095210434511303,0.9115934511482716,42.87120204267536,0.6769974115568212,21.19998852327621,user,dead,medium
1788983298538,-6.238840613555908,1.1997945992067456,0.5948099133364856,46.83024947808696,4.414485303041703,16.59554114526447,user,dead,medium
1788983298554,-4.604500458857417,1.495029883685708,0.4604357835516333,57.79527807727453,-1.714659974028404,16.975869983912872,user,dead,medium
1788983298571,-3.2233447916328903,1.814656097577512,1.5090959645695985,61.77500391039835,-7.5148490399621215,25.79880099522269,user,dead,medium
1788983298588,-3.0000860713452098,1.7922104570135473,2.0693397375680505,50.71060971916544,-7.441278511090975,33.96530472351739,user,dead,medium
1788983298604,-3.315372502467036,1.814356530109048,2.7644062609016893,31.63910963184572,-1.8922317656789245,38.75234525615838,user,dead,medium
1788983298621,-4.4469308930546045,1.5987287430912256,1.5327389982245865,20.73327998974195,5.62721313782097,35.3638098617396,user,dead,medium
1788983298638,-4.573225030627847,1.568501947131753,0.859668910382688,28.566607090323423,3.991898510885252,36.57056768429745,user,dead,medium
1788983298654,-5.857863858905434,1.938106828418374,0.4385882550112903,40.75012777706292,1.906723292663576,35.87344784175468,user,dead,medium
1788983298670,-6.245576059290767,1.7507608407720925,0.4728558507941663,46.3313348950688,-2.0014716768299925,34.06258710786589,user,dead,medium
1788983298688,-6.800131849780678,1.2897267990663648,0.708085871643573,42.62641489301127,-1.348927356358022,23.784830925985226,user,dead,medium
1788983298704,-7.091627070948481,1.4535805597051976,0.1247981999270617,41.281858003948415,2.0827031166289545,14.545010780947214,user,dead,medium
1788983298721,-6.780379686084389,1.6508029214605688,-0.1072894312433898,41.69916890185785,5.746765353958288,6.862913033213105,user,dead,medium
1788983298738,-6.131252345496415,2.551770933698118,-0.5081688639767468,49.37089884931871,6.317749958664313,3.739069667247121,user,dead,medium
1788983298754,-5.03740029296875,3.601029519000649,-0.8301892795287072,63.61283023113035,1.7187860486173263,10.463903596199248,user,dead,medium
1788983298771,-4.887612467083335,3.8657381477907298,-0.8544301329463719,77.97294096105615,-7.719957059416666,18.77493668865236,user,dead,medium
1788983298788,-5.348645339745283,3.6586397041872143,0.5606929780706763,67.33606880054185,-11.690779740957376,26.049875334017777,user,dead,medium
1788983298804,-6.8411319686889644,3.054103784997761,1.1130055196784436,43.096861247568825,-2.6155338577444653,26.49658336611495,user,dead,medium
1788983298821,-7.698556022754311,2.870498445184529,0.8677492679204791,22.640608607920715,8.453801975352944,19.75671491013916,user,dead,medium
1788983298838,-8.764723949542642,3.302053294427693,-0.4173390576902777,21.88872601616008,11.17846261924035,9.953463068956683,user,dead,medium
1788983298854,-8.853310580012202,3.924396672986448,-1.1643290258109569,35.725823548128616,3.048253662421453,7.267004526870807,user,dead,medium
1788983298871,-8.863035270690917,4.130147793634236,-1.0881639238886534,47.60015864661456,-3.813135384833093,8.670175538069778,user,dead,medium
1788983298888,-9.756820093426107,4.310760673633218,-0.6181522104792296,51.68962854422756,-1.3471650608304528,7.103649026925728,user,dead,medium
1788983298904,-10.50859999923706,4.202422756250202,0.5226844421938062,41.34314529137094,5.425593210598186,2.322034652693494,user,dead,medium
1788983298921,-10.613795234680175,4.316596247918904,1.164928964465484,20.27644620220023,12.140192527965873,-1.3738728080324951,user,dead,medium
1788983298938,-10.41941598739624,4.745307982690632,1.4401122985839845,0.1355947830329443,14.219210757537605,-3.906261172184809,user,dead,medium
1788983298954,-10.378564337047932,5.267094307000935,-0.0932241540770977,5.505835980514789,8.870913944002806,-7.072590022335564,user,dead,medium
1788983298971,-10.049512415423989,5.594052763476968,-0.2516902303282171,13.684827855933207,5.765728947302005,-2.2430614441888674,user,dead,medium
1788983298988,-9.470563941955566,5.833772204700112,-0.0568618510372936,21.012047330526848,8.863164240615781,8.898382403523659,user,dead,medium
1788983299004,-10.630853921508788,5.313033051355183,0.5771525299623608,22.60758805837829,9.319677863040155,8.79174266001225,user,dead,medium
1788983299021,-11.211598046222328,5.166388491931557,0.6736690766483545,25.11275971951369,6.015203741170836,1.8616436172546689,user,dead,medium
1788983299038,-11.971905541881918,4.902576811981201,1.180341710717976,14.089157125551392,7.201986248614164,-7.386960577942803,user,dead,medium
1788983299054,-11.501596891352534,5.389498743659257,1.358710172791034,5.091237948366314,13.633286394682646,-6.574812238927382,user,dead,medium
1788983299071,-11.605144944110512,5.341165213122964,0.940323724939674,8.800652641784533,13.359626327849623,-9.06231718888772,user,dead,medium
1788983299088,-11.409867871204018,5.2118780312135815,0.5089177095826715,25.137894815659337,0.6678697175047454,-13.806651963743205,user,dead,medium
1788983299104,-10.50830013950765,5.679944163513183,1.298256398208998,27.957241518236984,-2.712584869434823,-8.144425995576277,user,dead,medium
1788983299121,-10.448745542255043,5.5802863961920135,1.6362872701782731,22.259762382442684,0.0752110215818854,-2.311586170810666,user,dead,medium
1788983299138,-11.276091853442788,5.156961615155637,2.457349021203816,0.2825357909377491,7.570496298677508,-6.124882918862901,user,dead,medium
1788983299154,-11.83005026256144,4.175638209699094,2.502389830337651,-16.094143788483002,14.412826129939956,-17.153553940076172,user,dead,medium
1788983299171,-11.960234393310548,3.9444478196293113,2.180969061179273,-26.73809714761931,22.756551069081684,-30.653158164776038,user,dead,medium
1788983299188,-11.261276561626792,4.01881741643697,2.091186425858177,-43.83211062115319,32.70537046317641,-39.30901933389276,user,dead,medium
1788983299204,-10.670506717461349,4.498405936487019,1.2258313230652362,-49.15728809812114,25.96393789388068,-39.74054044037041,user,dead,medium
1788983299221,-10.14453346285522,5.183447471021116,0.7763209842842071,-43.87821781314536,5.28849082338852,-23.433231570533188,user,dead,medium
1788983299238,-8.825923975914716,5.954529166412353,-0.2033574304442852,-21.54150139687144,-25.38590239951709,12.117045870642343,user,dead,medium
1788983299254,-12.92883801792562,5.050568694360554,-1.777395092132315,-8.105776516384115,-17.496016209966026,12.10429219991464,user,dead,medium
1788983299271,-14.219763963648676,4.220229923358559,-1.7205323643121868,-9.122733627191067,3.849935163420653,4.1272335866471765,user,dead,medium
1788983299288,-14.197465622600912,3.436278225000202,-0.6001956980280578,-15.483378027616707,16.89556574229374,-0.9243394254964632,user,dead,medium
1788983299304,-14.465767015185952,3.86244641276896,-0.0212476994836702,-4.1979960539958014,7.343531673878923,-1.517373695112288,user,dead,medium
1788983299321,-14.978575083270668,4.685901853998005,-0.2847594466393813,22.156617988239027,-4.85670888906194,-0.4706970438444339,user,dead,medium
1788983299338,-15.86487861033976,6.311565073505044,0.3835219090886413,37.38752661092268,-7.069635538632711,5.7793906063025,user,dead,medium
1788983299354,-15.47492301494181,6.777536571612954,2.3660699367798865,25.458232395280227,-3.9346615256405446,27.456312029413663,user,dead,medium
1788983299371,-15.96573552431762,6.974460242682695,3.134010557666421,9.74359526142429,-10.06181206730789,45.41723360297307,user,dead,medium
1788983299388,-18.31833676158488,6.607698183606565,3.18728169073537,-2.1838784953609416,-25.50524629488472,51.5570579875322,user,dead,medium
1788983299404,-20.17249630977213,5.677250978906453,2.5200475790379566,-24.71982235165744,-36.817052135970286,39.511667631472456,user,dead,medium
1788983299421,-20.26706669082641,5.629516583307087,1.7126030326176434,-36.8480714400859,-32.723822219219194,26.69399461614854,user,dead,medium
1788983299438,-20.698621540069578,6.997503556878864,-0.8485936088126153,-30.689265959823302,-6.990495844267066,3.493537813520091,user,dead,medium
1788983299454,-18.420241138789056,8.716391295789181,-1.701977666772157,-2.728233046266733,15.51964291701489,-20.43003325097172,user,dead,medium
1788983299471,-16.07467111533284,9.179819539155066,-0.7896368313226848,13.764526772037147,6.584297664137238,-14.018939365789077,user,dead,medium
1788983299488,-12.694656337085366,9.51919674769938,0.6416467025090009,18.00221518973401,-3.8494160690437313,9.884763318737404,user,dead,medium
1788983299504,-12.854618935504554,8.155698902240395,0.7610570719178765,6.760016660253687,-2.1799746153634563,34.48313551544191,user,dead,medium
1788983299521,-14.12698864931762,7.297527536939084,0.6952175491768866,-10.474252186565463,8.416323873603439,34.14849381215172,user,dead,medium
1788983299538,-15.33456411165893,5.6788975770697,0.3290538943853229,-27.982400520044724,26.1286342453372,22.552166195905517,user,dead,medium
1788983299554,-15.088857997241616,5.137957347217202,0.7264913699712604,-46.9037662192184,38.15555064723935,1.6686079571581218,user,dead,medium
1788983299571,-13.672986990466711,4.887314653180539,0.8711909328069537,-57.17566380633848,37.3849926107406,-1.6664693608959675,user,dead,medium
1788983299588,-11.613524065399169,4.630386595264077,0.6114202353430912,-60.11759020640305,26.263626104093326,0.3949379729528276,user,dead,medium
1788983299604,-10.414926274761555,3.8039378174379466,-0.922964265066199,-50.02866314186386,19.289582904876355,2.1268730962177806,user,dead,medium
1788983299621,-10.385298613739012,3.492541964013874,-1.4428045333426445,-42.48285456194136,25.196566140629745,-5.346790329935987,user,dead,medium
1788983299637,-8.537574067035317,2.6762688355043527,-1.1881216970697044,-38.11118856858011,29.10699458198191,-11.747380664835624,user,dead,medium
1788983299654,-6.349122943004965,2.1013608695983885,-0.6750144268427044,-34.26077870701214,33.43388527023914,-11.939705985258488,user,dead,medium
1788983299671,-5.713462402233481,1.6927002814695238,-0.0124198480468243,-44.36092777235767,34.79381691512369,-12.348397184435372,user,dead,medium
1788983299687,-4.507682591137289,0.8251020393922924,0.6527202870460227,-49.17007421224741,29.559679029602844,-13.002685764466634,user,dead,medium
1788983299704,-4.537461643329262,0.7344219437748193,0.9762358730591834,-61.40488278946452,26.89679317788997,-17.542948147300475,user,dead,medium
1788983299721,-4.434060890087485,0.5407902999877929,0.4915599667422473,-59.22324523648158,22.58308646227816,-20.79352908841063,user,dead,medium
1788983299738,-4.767455809351802,0.2365782205879688,-0.5178950159601867,-41.85993789454161,12.495305161972237,-28.603172508045088,user,dead,medium
1788983299754,-4.53312039925456,0.3157353439331054,-0.6447879596767947,-16.733051636277043,2.909024951945798,-39.559489200946295,user,dead,medium
1788983299771,-4.056376747241616,0.5196919823795557,0.1062437946479767,-17.105232059245623,2.397743671105089,-42.56631264340975,user,dead,medium
1788983299788,-2.7272955506473777,1.2241855286195873,1.7254719396062197,-32.41169964962254,9.477905171579025,-35.846038292615425,user,dead,medium
1788983299804,-2.490419223895669,1.1951561257511376,1.6638216487159951,-40.98137066160288,12.533356145838376,-30.52574098580945,user,dead,medium
1788983299820,-2.994847001647949,1.2470800819948316,0.9065054803594946,-31.725846204115708,7.456530323507614,-28.20362010197768,user,dead,medium
1788983299838,-3.1067765137821435,1.094150450952351,0.9211696002017706,-22.668499685396466,-1.3828936736570838,-26.754899412977544,user,dead,medium
1788983299854,-3.2785604828983543,0.9302975670963524,1.1773499450234697,-20.179028921615632,-8.700230077965127,-28.76987693511759,user,dead,medium
1788983299871,-3.83655910731852,1.0616793831974267,1.5544355739869176,-24.353558580057385,-6.01566990158169,-30.033315082502792,user,dead,medium
1788983299888,-4.377798320117592,1.5258552300602195,1.301847591101378,-24.992152239149604,-0.8176902904749455,-29.360725864364127,user,dead,medium
1788983299904,-4.803965631103515,1.5623668053776023,1.2056308310795574,-23.696574636624906,-0.064852165921595,-31.807566002440325,user,dead,medium
1788983299921,-5.3487961463928215,1.7756000984743237,1.6331450996950267,-28.997383706181544,-7.989769168426033,-34.358901204628545,user,dead,medium
1788983299938,-5.367202156177163,2.107945508685708,1.842788040149584,-34.67227028374873,-16.68988996336444,-32.15092302711145,user,dead,medium
1788983299954,-5.808782724872232,2.2008704606205223,1.4402623745791614,-37.7096793133155,-17.690912242837754,-32.95667361330869,user,dead,medium
1788983299971,-6.577023351618648,2.5635920121341944,0.7018011653508991,-42.23198171372679,-12.54206805212473,-34.660033999850654,user,dead,medium
1788983299988,-6.718878046417236,2.953996081952005,0.6313222193062306,-45.47436472028564,-9.802914600592205,-32.08310607884239,user,dead,medium
1788983300004,-6.7275564429134125,3.2122704399108883,0.5297177748966961,-45.476960192170246,-6.511807158928599,-25.629798209494485,user,dead,medium
1788983300021,-6.9606924140930175,3.388693320874125,0.1291373981751501,-37.75302027869382,-6.843451689833623,-15.578693317484236,user,dead,medium
1788983300038,-7.369353879004716,3.2022454511113465,-0.0890329859975725,-32.16762283963213,-5.882456026443877,-8.348046741339052,user,dead,medium
1788983300054,-7.84579942485392,2.900126982989907,0.0281331116158515,-31.6658532375409,-4.308951623289012,-4.442520241376843,user,dead,medium
1788983300071,-8.805874290576577,2.51361290634796,0.2475010350100696,-34.63940341346263,-0.7265700174182746,-3.3699152315242684,user,dead,medium
1788983300088,-9.316738238856196,2.3445225602298976,-0.0891828427970409,-33.95727925124263,4.403000339952326,-3.305665776436074,user,dead,medium
1788983300104,-9.364021968078612,2.222867188373208,-0.2503431996334344,-27.170185159798077,6.678665265257426,-4.91243170674502,user,dead,medium
1788983300121,-9.010428894916176,2.2714991173341867,-0.2311889287650585,-11.650159752189662,2.297862186333995,-3.607095471443665,user,dead,medium
1788983300138,-8.360105038020015,2.2354367470890284,0.374543506732583,-1.615135366641444,-4.499640686518837,-0.7489389403109193,user,dead,medium
1788983300154,-8.400655659595131,2.131887379156798,0.6495777147039771,3.0159776034985577,-7.400776343086446,1.243902525698498,user,dead,medium
1788983300171,-8.57423527995646,1.993921508490294,1.316811132281646,-7.146047853085405,-3.4280467581068352,3.9541625694945775,user,dead,medium
1788983300188,-8.949525805664061,1.657536175238341,1.5263046543281524,-17.607382444383084,0.0298694644472037,2.66346748500938,user,dead,medium
1788983300204,-9.08494842158854,1.6273093792788684,1.3816049453619867,-24.03446067977085,4.377586913598001,1.081512537025623,user,dead,medium
1788983300221,-8.968829641070961,1.6674122570864855,0.7399582428529858,-17.935962354784888,4.359845924115716,2.38618869857672,user,dead,medium
1788983300237,-8.84238469685018,1.7434278675355015,0.1179147970888763,-1.901775034053313,1.90568595768338,5.742853789997986,user,dead,medium
1788983300254,-8.79674756579101,1.7462714203983545,-0.0213969352286308,16.448785993210283,-0.9037216457131336,8.147532024101341,user,dead,medium
1788983300271,-8.65608704921305,1.5770309982851147,0.8046025644600391,30.91652684407714,-5.6936004421193775,13.492763790246096,user,dead,medium
1788983300288,-8.674042392620445,1.468094676617533,2.014272880188748,31.84783679778672,-7.698872265448837,19.23027978740772,user,dead,medium
1788983300304,-8.886229099273681,1.2828436154238878,2.412757819001004,28.68256662695732,-11.134128715111444,21.795908867981485,user,dead,medium
1788983300320,-9.810240717968345,0.9843161575317382,2.920178202698007,23.90666442530533,-15.005508964978644,21.47277261834818,user,dead,medium
1788983300338,-10.701932367816568,0.8436571022585034,3.1848877813361582,15.546828777458831,-18.528768133228635,14.971431443662157,user,dead,medium
1788983300354,-10.944643976593015,0.9903018078126012,3.3051958302371203,5.960013678243017,-17.834882385257867,11.476481701974578,user,dead,medium
1788983300371,-11.238981143188475,1.0559930081240831,3.1624418485112487,-4.818304442906251,-14.259559246285807,7.73490919728347,user,dead,medium
1788983300388,-11.268909832984209,1.022324985669553,2.72579975913167,-17.16678230895119,-8.042345403335853,0.7548562320096776,user,dead,medium
1788983300404,-11.079617679706216,1.095946102197468,2.477999595044553,-19.130724657612905,-7.368120354890969,-2.904140086028769,user,dead,medium
1788983300421,-10.415075912365316,1.109263702801615,1.9390042156495155,-13.893454276583956,-11.96712492590786,-4.654709032566575,user,dead,medium
1788983300438,-10.209176323157548,0.9259580765873192,1.582418536542356,-2.429756340858115,-20.36948362397956,-9.751090540264732,user,dead,medium
1788983300454,-10.070762124201655,0.9723457337528466,1.5595245676890015,1.0078277092075851,-20.4291043452446,-11.808701249430351,user,dead,medium
1788983300471,-9.51306102142334,1.3465890884950755,1.708413545038551,-1.2315696586566878,-16.938326141592608,-10.912433581257524,user,dead,medium
1788983300488,-9.128343326678872,1.5514431141726672,1.401058053046465,-0.469328711493757,-15.35056499920581,-6.315236875936572,user,dead,medium
1788983300504,-9.195082866999506,1.5111907448917627,1.2122146664492786,5.275376433295273,-19.282571715693337,-5.5746057401730615,user,dead,medium
1788983300520,-9.58339011066854,1.237054362542927,1.212963292859495,8.95358228484841,-22.00283286398161,-7.710751671962781,user,dead,medium
1788983300537,-9.255383898705244,1.2240357448853552,1.420509772491455,4.903154602304849,-22.59650436890265,-7.763424383294627,user,dead,medium
1788983300554,-8.931870906507969,1.2705739164374767,1.252767187720537,2.7262783315036403,-20.07336418760824,-4.096647572657036,user,dead,medium
1788983300571,-9.04544526323974,1.434875859235227,0.4323036217838525,11.656302653574445,-22.86233362385225,-3.705966728547831,user,dead,medium
1788983300588,-8.734796428790688,1.562815425927937,-0.1343741297848522,34.86340629748237,-32.09045877748391,-3.1329591071870126,user,dead,medium
1788983300604,-8.75275235671997,1.5411178272522983,-0.1970724318906664,50.92978024434739,-34.759539610773984,-6.009027115727029,user,dead,medium
1788983300621,-8.174852515521644,1.5976811337344348,0.5000896024174988,57.423722616615,-36.54929506012745,-9.552961266594648,user,dead,medium
1788983300637,-6.921786637115478,1.799542115075886,1.3112750523991883,53.77149069381496,-36.60299400738209,-8.739857127982248,user,dead,medium
1788983300654,-6.375760774561763,2.0254953351445493,1.5029609689459205,48.88528947480372,-34.97444809791385,-4.700487094818116,user,dead,medium
1788983300671,-5.545421711298823,2.1585233110174538,0.8014607593029737,50.71504592703136,-30.64571325858072,-0.0958272338901615,user,dead,medium
1788983300688,-5.004779879871011,2.177377210699767,0.128090373340249,61.25683160901533,-31.041389532294144,2.82781997912987,user,dead,medium
1788983300704,-4.947317870983481,2.092682180841267,0.0493811398930847,67.66445063545773,-28.43314177884679,1.109283552582366,user,dead,medium
1788983300721,-4.919487614771724,1.8701716485723847,-0.0770623430229723,68.21656897701571,-16.785198423042797,-3.068893640319585,user,dead,medium
1788983300738,-5.175365579113364,2.046892781829834,0.9949410119205712,45.75530064613202,8.488098916496517,-12.691648341174362,user,dead,medium
1788983300754,-3.122787737384438,1.6145901829592884,-0.7514788770377635,58.6441817986479,17.71202948020414,6.74445791621122,user,dead,medium
1788983300771,-2.8693028056591747,2.2985841081365943,-1.1415836716480552,70.72927262925835,26.840073579474893,17.838106234546114,user,dead,medium
1788983300788,-3.94534681429565,2.218078785052896,-0.9765342714838684,99.26835064213203,15.773930859814463,18.1774180796813,user,dead,medium
1788983300804,-3.50540992115438,2.297087147577107,-0.582238893315941,106.3596716044927,13.327840334999676,30.18530728210309,user,dead,medium
1788983300821,-3.9769191796451806,2.480842417255044,0.6543665564157068,103.02392332707436,14.707468537903258,40.51559957153219,user,dead,medium
1788983300838,-6.444294797083735,1.9473843598514795,0.7911345955997705,93.90760837015584,20.433986222953862,31.867330157677937,user,dead,medium
1788983300854,-7.121105678889155,1.8553578180611128,1.310228319825232,72.75639081264809,30.92676529764299,20.436351175953984,user,dead,medium
1788983300871,-6.491580279871821,1.8968068497806787,1.6576865434944628,54.75993859502628,32.96138985893058,15.635984944242304,user,dead,medium
1788983300888,-5.831527056121826,2.5845409843996165,0.7561191040590405,60.368162526294135,17.030031676483784,18.794213190037425,user,dead,medium
1788983300904,-6.036981239649653,2.850896211352944,0.3332433819644153,75.3401625832047,3.546267514242824,21.45882537206301,user,dead,medium
1788983300921,-6.761077019721269,2.9267624764591456,1.6249157621406018,64.81351601551607,-1.2737066964720831,22.64780079711674,user,dead,medium
1788983300937,-7.038354330444336,3.103035573688149,2.60219858696945,28.361426500108948,5.500740659393959,25.552162864293532,user,dead,medium
1788983300954,-7.851485653796791,2.8311437553957104,2.4332583168465645,-16.358868260334358,16.275965131736037,21.31257394646012,user,dead,medium
1788983300971,-8.435520636749267,3.2290298515319824,0.5835876045111567,-22.494145446453548,18.216331374930157,18.25461458522808,user,dead,medium
1788983300987,-8.380306114527583,3.4489982981026173,-0.7981658824760466,-2.569920360363239,15.708137355087024,20.114859294363363,user,dead,medium
1788983301004,-9.776873285895585,3.8178546991094944,-1.5491970888115465,28.340012149513665,5.2954307224720765,13.688455540156133,user,dead,medium
1788983301021,-11.029787773132323,4.112340626525879,-0.1506850669860839,34.092178902444964,0.5181941259718497,-0.4844643573336524,user,dead,medium
1788983301038,-10.6621270116508,4.4196962646484375,0.9115933780830352,17.547708789151972,4.6890973274902965,-5.292119788271913,user,dead,medium
1788983301054,-9.24401260986328,4.896891459821164,1.1448778908878563,0.002785687483657,12.307170162605177,-1.46194201424258,user,dead,medium
1788983301071,-8.662370659527182,5.214720853424072,0.2898491344612091,0.0061244535374199,18.16058337092451,5.675096178997344,user,dead,medium
1788983301087,-8.553286015430093,5.306898201861977,-0.2879019459161907,14.316961009844242,20.79179422036145,11.281038400195602,user,dead,medium
1788983301104,-9.754277423205972,4.545392144067585,-0.2480978318594396,38.14682508057466,6.597803936334115,6.770673462906198,user,dead,medium
1788983301121,-10.237306439098717,4.442141905212402,1.0449200446415692,45.98981519128441,-1.9228811723622987,4.516363977814789,user,dead,medium
1788983301138,-10.466702054706214,4.421642138019204,1.7525560901584103,39.2992828992309,-4.880172296408226,3.8431527855748295,user,dead,medium
1788983301154,-10.941800862121582,4.412514244189858,2.673725032773055,15.59033366737723,-0.299555368369378,-0.0572874312610084,user,dead,medium
1788983301171,-11.244668541175129,4.346225370246172,2.4771018790198487,0.4551730910780527,5.227533946367095,-4.110109448624309,user,dead,medium
1788983301188,-11.283423511505127,4.795586509814858,1.6638217217812314,-4.416514722998842,2.345990687433668,-5.939445417331171,user,dead,medium
1788983301204,-10.618286116358638,5.46147413880676,0.3333927638398483,4.729832148813429,-0.9304069813569618,-2.7981797328963647,user,dead,medium
1788983301221,-10.391285871455072,5.495591804724931,-0.2935885401852429,19.60757260697005,-0.2788543723359652,-0.4706976841746685,user,dead,medium
1788983301237,-9.97738709041178,5.3028574020385735,-0.7354676534354686,33.007111145234646,2.442510225029233,6.368371905697862,user,dead,medium
1788983301254,-9.9025682885319,4.938939334216713,0.2295442302979528,37.80756958450012,-0.8637460959657827,6.339687672504748,user,dead,medium
1788983301271,-10.301353671595454,4.957943894416093,0.7656962394932284,33.59835964054763,-5.215588799282389,0.2591550128721641,user,dead,medium
1788983301288,-10.734853809687497,4.982035548621416,1.7202341485505923,19.85221803020886,-7.7964603007626865,-2.3479462559704065,user,dead,medium
1788983301304,-10.077944144660234,5.420623072980344,1.1987475013066082,8.301989068218363,-7.133079458285667,7.7148933279207474,user,dead,medium
1788983301321,-10.392181943511964,5.420922055926918,0.6076783819336444,6.5094981281023125,-6.65215772797543,7.1456414568297895,user,dead,medium
1788983301337,-11.645845203289388,5.650914468383789,0.1025025622930377,2.310301668359881,-4.193374577248641,2.923665675875132,user,dead,medium
1788983301354,-11.05133558807373,5.973683656476438,-0.4454710002623498,0.2494445115848158,5.167427427897337,7.034393043175915,user,dead,medium
1788983301371,-10.7568493683964,5.967398584857583,-0.8638576307768001,16.374608431276652,3.1609778238228743,12.19815863590448,user,dead,medium
1788983301387,-11.90067862701416,5.617695212610066,-2.0578156693171707,38.012441108654656,0.9858069658800526,10.679023819203383,user,dead,medium
1788983301404,-14.02613173533976,5.052214708001912,-0.3411727867241949,32.789668657912706,3.889846946948799,-4.356401374339914,user,dead,medium
1788983301421,-15.45591787022054,4.683656997680664,0.785447855200246,3.1096378531528277,17.927667090037907,-16.210267249656976,user,dead,medium
1788983301437,-14.777313090735673,4.397551068335772,2.2228671701068987,-19.435943613505973,18.08174761997693,-17.18845962182952,user,dead,medium
1788983301454,-13.058274545177817,4.644152378027141,1.0862201328771188,-7.424963750484753,-7.487587193663661,-7.763321076683431,user,dead,medium
1788983301470,-12.983755603027342,4.865317340905964,0.4309571390783414,8.37528382820177,-20.81429115594018,-3.232742194545375,user,dead,medium
1788983301488,-13.752743833270667,5.300613422504068,0.790835685718432,2.094857651700404,-15.49391871705333,-2.7447507915573515,user,dead,medium
1788983301504,-15.79544617767334,5.898265427398681,1.9598040800341403,-26.377147263193525,2.242691546756629,-4.509908168388658,user,dead,medium
1788983301523,-15.90288597717285,6.242581845910847,2.133233788797073,-24.890291920509917,0.910690679822368,1.80781382918874,user,dead,medium
1788983301537,-16.43290236968994,7.376086694391072,-0.4516057766903191,15.39606430436185,-13.70174879582827,8.498852195571056,user,dead,medium
1788983301554,-16.666636306762694,7.853281012780964,-0.4264666957912966,41.21189296118538,-24.419324764028143,20.041653326839164,user,dead,medium
1788983301571,-17.000028887939454,7.512107568469643,2.580949645376764,25.62525954879101,-20.741232037483137,31.79270692590096,user,dead,medium
1788983301588,-17.723825392803548,7.311293611963093,2.450466239420138,18.540099417061683,-22.663076515195478,25.235255747183285,user,dead,medium
1788983301604,-18.31848639918864,6.650344608417153,1.7619832226626575,31.94702138981906,-45.954383584964965,7.294687283576869,user,dead,medium
1788983301621,-17.982099896892905,6.362740257208049,1.707664809030481,39.67389486954401,-53.82034703694806,-17.389559174014913,user,dead,medium
1788983301638,-17.19799885319173,6.424990084894001,2.893692785223946,8.786678928516332,-44.56434446621899,-22.75915678625004,user,dead,medium
1788983301654,-16.03636271972656,7.400029003253579,2.805406818201393,-27.358426880870915,-16.705686483367387,-16.47463142902961,user,dead,medium
1788983301671,-14.748432448688147,7.940070822961628,0.7824555415164679,-47.71035691868354,15.904575303163885,4.413848814788422,user,dead,medium
1788983301688,-14.278420150756835,7.602787664087116,0.2665046453613788,-44.96774226878912,13.736193439812643,11.048583157077973,user,dead,medium
1788983301704,-15.101726246643066,6.273407192285359,-0.8328826833311468,-33.60403894284249,2.6534860173110526,0.2658883787746067,user,dead,medium
1788983301721,-13.894599697113035,5.482572164154052,-2.4184428058348595,-15.700012845069296,7.649965549670607,-15.32784949757364,user,dead,medium
1788983301738,-12.49399114139974,5.705981398828327,-2.790890509331972,-1.851090548100176,20.287765533202236,-18.946176361333745,user,dead,medium
1788983301754,-8.913763002887368,6.305130364282429,-1.3522745867855843,2.8613355039437107,21.98658725904073,-6.135763837097555,user,dead,medium
1788983301771,-8.091206264063716,4.536863092914223,0.8209123326174914,-15.057959695162465,17.476399906669748,5.638113265962664,user,dead,medium
1788983301788,-8.704868323516845,3.60072965927124,1.4007579010561109,-32.04799549141394,13.332387533439611,-2.1525516192892664,user,dead,medium
1788983301804,-7.925855542865395,2.4627362672001123,0.3516493917487561,-35.62777959768767,11.462278323595536,-8.342457085277044,user,dead,medium
1788983301821,-7.049279044562578,3.0316590212166306,-0.2659056565549224,-33.916906003058685,19.198521115314453,-14.765231447714058,user,dead,medium
1788983301838,-5.793520858332514,3.4211657038033008,0.1476931916937232,-36.359105027593856,17.839026602536773,-8.041694827817409,user,dead,medium
1788983301854,-3.890877557483315,3.372831881006062,0.6247373610232025,-28.5816915631054,4.110361738736776,-0.3651601090797174,user,dead,medium
1788983301871,-4.27140539932251,2.0612582840517164,-0.0884351662348955,-4.85989773363069,-6.690858860473192,-3.9138448165976394,user,dead,medium
1788983301888,-4.58399835357666,1.7639286576420068,0.7242462213929742,-9.446353966481796,-1.8859272876315911,-11.346462220934214,user,dead,medium
1788983301904,-3.280204742974042,1.468543151037395,3.806930423382669,-37.40933198984794,-0.0337956159306644,-11.168563967585708,user,dead,medium
1788983301921,-2.833537664794921,1.4085393487125637,4.282928152399137,-75.451699572351,-8.733501636959552,-4.600474769235735,user,dead,medium
1788983301938,-3.7397424086421727,1.2078753220707177,3.073856679346412,-86.68115211506644,-9.68945832828912,-12.14381679709421,user,dead,medium
1788983301954,-4.978594468256831,1.912968003247678,-0.3899544263541698,-67.7398490937055,-5.5269088216515705,-19.677349819530903,user,dead,medium
1788983301971,-4.501699425074458,2.669835003064573,-1.385344570281729,-30.44279175343423,-14.246756910460268,-15.791866936574918,user,dead,medium
1788983301988,-3.1745635173290965,2.62389596644938,0.3826245949227362,-26.4102019636818,-17.06064458434378,-1.6174351126793285,user,dead,medium
1788983302004,-3.833715408325195,1.6540946564823389,2.486677699279785,-44.77143921694836,-12.977642875874782,3.908073733635801,user,dead,medium
1788983302021,-4.726902265167236,1.2434893640264868,2.1939868385866284,-53.13251283658192,-12.188290720101104,0.8654746674343249,user,dead,medium
1788983302038,-5.6495688989937305,0.9389768403753638,2.0005057091861964,-64.33887933990272,-14.381475561649598,-4.629991431733945,user,dead,medium
1788983302054,-5.842901267573237,0.6732207483589648,0.9576815408453344,-64.73447023625151,-12.286079392221822,-7.706299242397579,user,dead,medium
1788983302071,-6.3696221256762735,0.8684963599607348,-0.2627637783326208,-48.53340837404842,-13.439048621292178,-12.796768367595444,user,dead,medium
1788983302087,-6.063616148597002,1.517326178906858,-0.1396107152640819,-40.52667813836595,-16.718061078596158,-14.652254996200169,user,dead,medium
1788983302104,-5.310339282226562,2.102259279742837,1.972523915674537,-58.21452191871908,-15.647357209210371,-7.263984729484016,user,dead,medium
1788983302121,-5.473145579639077,2.290653022876382,2.316989679529518,-72.15986258110668,-18.60794710118201,-2.443635925581816,user,dead,medium
1788983302137,-7.176321954676508,1.588105057746172,0.1207582768864929,-58.02501149000791,-20.997861027620733,-7.035518743728497,user,dead,medium
1788983302154,-8.109162776514887,1.3780132775455711,-1.3883363725088536,-37.944105066008674,-20.48644549087415,-15.09645805641924,user,dead,medium
1788983302171,-7.900566787829994,1.4793179352909325,-1.3329704591177405,-27.236998070259137,-16.934321943191687,-18.297369861885063,user,dead,medium
1788983302187,-6.96488343604207,2.18022076356262,0.1500876856148242,-26.407756755958932,-12.956028742246277,-12.757128510973628,user,dead,medium
1788983302204,-6.638223962512612,2.5152593583807348,1.1583460058785977,-32.28158796102838,-11.14508519231379,-6.401281037779453,user,dead,medium
1788983302221,-7.114968783569336,2.270152086639404,0.7722804036565124,-24.58636728546456,-13.731127146995789,-6.9592635236267135,user,dead,medium
1788983302237,-7.85298086079061,1.8348560050413008,0.231789378876239,-6.32044404140506,-21.55389306757313,-13.64718412209633,user,dead,medium
1788983302254,-8.258798626708984,1.6150386573791502,2.045995540729165,-9.763982522323133,-27.707874726734403,-20.187199535410254,user,dead,medium
1788983302271,-8.128464858356118,1.7857754555299876,3.0678704445436598,-33.709124818317726,-20.98181691326037,-21.21880057179772,user,dead,medium
1788983302287,-7.815122547039389,2.5671827301025387,2.6033959069952366,-50.430233868831,-4.297525997468051,-13.829977059758797,user,dead,medium
1788983302304,-7.598148021587729,2.9397806557253,0.6136638130187988,-39.366912017297786,5.486928309344901,-7.159932773894395,user,dead,medium
1788983302321,-8.21585263442993,2.771139076288044,-0.0164589673697948,-15.172124599591934,7.929344192386223,-8.287438203965298,user,dead,medium
1788983302337,-8.094498291346431,2.4970032784610985,1.196054243634641,-3.5494384295650026,6.246889734233193,-5.80978409433541,user,dead,medium
1788983302354,-7.981821175715327,2.376545299695432,3.1902751734629278,-13.968331932907514,6.346939198969186,-3.220228220768854,user,dead,medium
1788983302370,-8.029253958019615,2.293046786145121,3.4976305193245407,-24.21311452279629,8.71212826749929,-0.0833721571550185,user,dead,medium
1788983302387,-8.568250944849849,2.3020256268925965,2.5818480920538303,-21.962087370487897,13.494838460206488,2.9710332512125817,user,dead,medium
1788983302404,-9.281122735595703,2.1091423172548414,1.7836802368164062,-12.848037475052852,15.77158127473998,2.332689534355302,user,dead,medium
1788983302421,-9.477147411999104,2.026542213848978,1.707515281024575,-5.066071689482579,17.16859401662854,1.3654380580160586,user,dead,medium
1788983302438,-9.11711875283122,2.238728189849853,2.5412957169130443,-0.8356599312118672,16.414365254888004,3.0625157377386745,user,dead,medium
1788983302454,-8.921991902050376,2.220173273114115,3.264345495063066,2.5245241483749843,12.506724384490852,3.218045975329035,user,dead,medium
1788983302470,-8.743324018639326,2.190096114758402,3.572448736682534,3.303241272724131,8.294580874289839,6.7602061980031545,user,dead,medium
1788983302487,-9.112781600409743,1.8573028146490451,3.899557415284216,3.532435527399902,7.29976638299842,6.14389731173857,user,dead,medium
1788983302504,-9.361927041625975,1.6397291542604564,3.65834072124064,8.913903154638867,5.251696167442838,5.638141013606167,user,dead,medium
1788983302521,-9.48058966140747,1.586907372394204,3.554642300226539,18.011353982843488,0.3366929745165885,4.350314822015786,user,dead,medium
1788983302538,-9.679907534137367,1.472733588464558,3.901053060669452,26.275829944592846,-9.743224723661816,3.052397025926712,user,dead,medium
1788983302554,-9.707441437751054,1.376816468976438,4.441843506787717,22.86715402985899,-10.2455287880556,3.511167812428363,user,dead,medium
1788983302571,-9.800515442767738,1.2451350854068994,4.502147607233376,15.38364872799806,-7.074996383357525,2.429914715869495,user,dead,medium
1788983302587,-9.602993805804848,1.1435308601930736,4.343531747248024,9.4134520914762,-4.703531651640649,0.165697374376321,user,dead,medium
1788983302604,-9.05935980682373,1.352125679834187,4.018219304413348,5.854844132950454,-6.980295383628475,-2.16313755872914,user,dead,medium
1788983302620,-8.497618488743901,1.523161168670654,3.729716981451213,8.388984333903169,-11.211166418760016,1.854104369071444,user,dead,medium
1788983302638,-8.290373914667963,1.627159887805581,3.0279180811226367,14.834713254593304,-16.06283932396954,3.710282981216456,user,dead,medium
1788983302654,-8.46574684818685,1.5970824371889232,2.2656638353094456,27.98468863341668,-17.641492409098127,6.309344984003789,user,dead,medium
1788983302671,-8.779539241358638,1.399711314612627,2.2091011133492,34.73910026968272,-17.440304064453525,2.687686268589188,user,dead,medium
1788983302688,-9.092281833216548,1.4431059274420142,2.5067308917492626,33.780619823454835,-11.89364575081686,-1.3800065313505785,user,dead,medium
1788983302704,-8.513033500018715,1.6835732644230126,2.899528432574868,26.495927667954632,-12.010307089387972,-3.002331098980284,user,dead,medium
1788983302721,-8.327631339916586,1.823783699145913,2.8241107880190013,25.74467686869222,-17.014699609344397,-4.3360004530627325,user,dead,medium
1788983302737,-8.103325740924477,2.094777107293904,2.2170316140875217,29.270092669172644,-20.42590440161845,-3.6055561175594737,user,dead,medium
1788983302754,-7.849840224677324,2.2951421509891747,2.1640601946175098,31.38197350016225,-22.681311412732114,-1.6649205087799612,user,dead,medium
1788983302771,-7.655459808349609,2.4832366189152,2.2710504967838525,29.840423710152464,-24.314657237639576,1.9033931485563715,user,dead,medium
1788983302787,-7.483526786151528,2.46408300563395,2.120964564734697,32.586682265969095,-28.746415235318597,4.798191243347856,user,dead,medium
1788983302804,-7.841162997224926,2.125004487775266,2.223466907832026,37.60882815512568,-38.89249390773787,1.892253323463492,user,dead,medium
1788983302821,-8.004413531273602,1.900098292541504,2.487127196612954,33.27016905092852,-43.344223378550005,-4.860271259600925,user,dead,medium
1788983302837,-7.672069582366943,1.593490842437744,2.5088249414190646,25.36687349248943,-40.14631856386628,-10.769225858703512,user,dead,medium
1788983302854,-6.86312811191976,1.61833097692281,1.646462846429646,18.220774412985246,-22.636406334033865,-15.205391035944482,user,dead,medium
1788983302871,-6.35286329857707,1.8543091857910157,1.2508207298278808,15.585260544371202,-5.873207096534033,-13.834572069522922,user,dead,medium
1788983302887,-5.206189756444096,2.482936466924846,0.4742012740537524,19.516261515503444,10.417801526848956,-4.09398081067297,user,dead,medium
1788983302904,-4.981137138476967,2.837877739825845,-0.0417477224051952,34.02546502972687,17.110754267189577,5.6379570253854,user,dead,medium
1788983302920,-5.219059759411215,2.470517130334675,0.0258884744942188,48.1842866697178,18.545543077830185,10.51552275085162,user,dead,medium
1788983302937,-5.7125651611328125,2.133233971460164,0.3292027282714843,45.60287814461402,34.65984616964848,9.43867256498647,user,dead,medium
1788983302954,-5.237766797968745,2.272846148028969,0.4118038545906543,39.79189321764515,51.44562345122343,13.095275808855328,user,dead,medium
1788983302971,-4.757130230170488,2.3457196610599755,0.1288395842723548,40.7737055900778,54.555258316168505,24.032485047553426,user,dead,medium
1788983302988,-4.080616870006919,2.9005758958011865,-0.1438010065607726,36.56304764602127,67.60026051763795,44.61158888470797,user,dead,medium
1788983303004,-4.713135021099448,3.529353106799721,-1.3660409540705385,36.98767709162637,87.96427828273421,68.8544198530357,user,dead,medium
1788983303020,-5.411045974078774,3.671808397839963,-1.9791066550657157,59.72716976325595,77.39000480596307,66.08052976693178,user,dead,medium
1788983303037,-6.521207940894365,3.8388042558968074,-1.5891507674068213,86.56011433278465,53.94647331016151,51.81067315669852,user,dead,medium
1788983303054,-6.356905851966142,3.793912682507932,-0.3823230546928942,86.54871474705989,37.146987838922335,39.41676556804971,user,dead,medium
1788983303071,-6.466738684082031,2.8152818771362305,1.715446585480496,54.06970358316688,37.03407798175286,27.18952313288567,user,dead,medium
1788983303087,-6.138585172602534,3.355325158149004,2.1077964556038378,31.98422543022812,36.83811643937061,29.048497426835333,user,dead,medium
1788983303104,-6.202779704615473,3.6089608965218063,1.7806884345892815,22.843477179101143,34.25783489547987,33.81804584501192,user,dead,medium
1788983303120,-6.904878172412515,3.7232834412723776,1.0179853490300477,21.7488027608232,24.45185183240304,32.156800404892245,user,dead,medium
1788983303138,-7.670274515643715,3.732859955652058,1.7196357807986438,14.616690201191911,18.71003281606431,28.075239866338123,user,dead,medium
1788983303154,-7.821558717566728,4.093487457495928,2.282273572794161,-0.4710174224051898,15.026180532501687,26.29394360627172,user,dead,medium
1788983303171,-7.590366866192221,4.151545970971882,2.946963370303623,-32.23182320273567,20.634003190155813,29.29811352024262,user,dead,medium
1788983303187,-8.130110287475585,3.719093588367104,2.0786162095552307,-51.87321719892833,34.327359391041426,29.708047813848445,user,dead,medium
1788983303204,-8.586504978942871,3.2231939849853517,1.2168539801551028,-57.79738860572806,40.16080881019047,23.28377507866226,user,dead,medium
1788983303221,-10.17670320957601,2.88875423284322,0.2977795621342957,-41.85084349766174,26.80502787884356,-1.5701658280329034,user,dead,medium
1788983303237,-11.267413456946612,3.875315538953244,0.3766391273049637,-28.639210293653367,18.99967552555516,-24.16593669865172,user,dead,medium
1788983303254,-10.742184883227944,4.304026689203083,1.0202300957495347,-34.6638964718263,24.000635875453657,-33.922971211041656,user,dead,medium
1788983303270,-9.227253198242186,5.046379133716226,1.769315465246886,-56.22191668120541,31.091109894357253,-31.661857576876443,user,dead,medium
1788983303287,-8.517522043609619,5.865046171624958,0.6597527064334601,-60.08733929856906,29.700671209544836,-23.79794318164436,user,dead,medium
1788983303304,-8.651746974182128,6.079776425281167,-0.2907451334528624,-46.61837701003317,22.36468945601971,-18.6879183710791,user,dead,medium
1788983303320,-9.169044754901527,6.183774559894204,-0.97054891346395,-20.92901955097617,3.4061227046447407,-14.137159695038244,user,dead,medium
1788983303337,-9.041553516498208,5.867590303149819,-0.8277950413359328,-8.062601183093172,-1.2969510041564,-6.487775992107556,user,dead,medium
1788983303354,-9.637560092273354,5.872378706470132,-0.7438476149743423,-3.4854830994979418,3.954773017651648,-4.637952870985241,user,dead,medium
1788983303371,-10.50291435481608,5.792023313251137,-0.3538920561090111,-1.0413445146818956,9.5331904302684,-6.049411889855199,user,dead,medium
1788983303387,-10.594941481128334,5.644181360736489,0.7185601385805755,-5.184165660232099,10.874638729485255,-9.678903124700511,user,dead,medium
1788983303403,-10.41283193283081,5.570559951947629,1.2355579499727114,-17.509625361887274,15.961602260091611,-8.490374223263778,user,dead,medium
1788983303421,-9.92770682144165,5.568764008441567,1.175703894849494,-20.91419462538266,9.078701958932935,-2.5527422211572457,user,dead,medium
1788983303437,-10.448746711298822,5.440824441748857,0.4167415667211637,-15.802218088262071,3.1638768122387213,-2.099354050608388,user,dead,medium
1788983303454,-11.206211092486978,5.527014824731648,0.1420073280770331,-11.88623243424646,0.1868870757809335,-6.207874839920434,user,dead,medium
1788983303471,-12.227338100543616,5.908141801507771,-0.5518623866874725,-2.3151997677684264,1.1339468320667534,-10.090963314685505,user,dead,medium
1788983303488,-12.57090603877604,5.653009979358315,-0.8025056652460247,3.286640711389827,4.182370715608928,-17.020898006016182,user,dead,medium
1788983303504,-12.419471614727378,5.409099808447063,-0.4231739743888378,0.968939920446412,9.646502414825266,-24.237231920755605,user,dead,medium
1788983303521,-11.322329873004556,5.08184324580729,0.0399542265845462,7.528744206054866,7.222864429359601,-23.014356559303813,user,dead,medium
1788983303537,-11.435755176654457,4.754735443988442,-0.0354638198301196,19.162351848564647,-4.886703237915228,-25.10753803989321,user,dead,medium
1788983303554,-12.496536149707437,4.3773491150453685,-0.1309318803764879,26.23086339419207,-7.112991018163013,-37.028832396470285,user,dead,medium
1788983303571,-13.779826485985517,4.846462710571289,0.06808536543902,17.008864920245912,12.612978222314156,-49.1311489641675,user,dead,medium
1788983303587,-12.71066697616577,5.077204187829792,0.8147772273959591,8.403488240605691,6.691134202474108,-51.7332597926456,user,dead,medium
1788983303604,-11.31260284423828,5.518485773578286,0.979229136591032,9.1445125391333,-16.10386144012464,-34.51931161238088,user,dead,medium
1788983303621,-9.65282429690063,5.7157081353336565,0.8451539532201364,3.3329632677842644,-23.777476519796416,-0.5233366180866346,user,dead,medium
1788983303637,-13.628843897357582,5.089624108941853,-0.7532755146635696,-3.05674913708848,3.844134625268019,0.1137011052363576,user,dead,medium
1788983303654,-14.681542686241864,4.884021456854045,-2.067542296224646,16.58419620105308,31.73616320485701,-4.694633195812592,user,dead,medium
1788983303671,-13.2728560380131,4.905121528027951,-1.952769943613652,52.56674094687308,18.535898850722127,7.957291618922623,user,dead,medium
1788983303688,-12.765434923663737,5.1741693550661205,1.3605058605687692,88.7512936600381,-47.90767766871063,29.68543647260112,user,dead,medium
1788983303704,-14.67196704864502,4.851101768548786,2.1691469050309617,88.22325173530442,-64.19628548060035,21.869767118571417,user,dead,medium
1788983303720,-16.565481871142982,4.985625974328816,1.5764331419898197,69.47794782236616,-44.17942232535375,21.691586266146004,user,dead,medium
1788983303737,-15.113995945629476,5.509955553381145,2.5197476827759293,29.518008045476595,-17.483909699662178,41.8118806835414,user,dead,medium
1788983303754,-16.290895699200032,5.77750846568644,2.008437013642117,16.037644463668656,-13.537589467995245,37.25461454476881,user,dead,medium
1788983303771,-16.82899252232015,5.934926348058879,1.6418240807130933,12.084129481484762,-21.226740666707855,32.27853828156397,user,dead,medium
1788983303787,-16.187498453089592,5.843050028394162,1.5212159163543957,-9.874030530230376,6.884447339005686,41.64200021850485,user,dead,medium
1788983303804,-15.096340461951494,6.256798002789914,1.78308201519493,-33.90504879465954,27.78137439239291,58.51953767648434,user,dead,medium
1788983303821,-14.227844978773591,7.743148905457556,1.8535622764138504,-42.07875324988672,20.99723777285897,58.656148290073766,user,dead,medium
1788983303837,-14.947150601959228,8.61867706375122,0.87373418754898,-41.35866689625979,16.86881701395668,37.46001199348944,user,dead,medium
1788983303854,-12.570607348090409,8.84837195456624,0.1557734761662781,-39.75731880006655,23.79700915327536,52.201971279153966,user,dead,medium
1788983303871,-11.645396875,8.303840129962563,-0.2861067695951089,-36.27459168189871,27.06921276575048,56.57279032905814,user,dead,medium
1788983303888,-14.300118187823893,7.09910778209269,-2.2451623145505786,-12.91469670625759,36.34403763028481,28.86297582859945,user,dead,medium
1788983303904,-14.399177112469076,7.033267236438393,-2.481440182218793,2.472064026681055,39.88912096048029,15.326782280515824,user,dead,medium
1788983303921,-10.689362809100746,7.620893814142048,-0.2566273762031458,1.8033152958466403,23.638188472052345,20.446847469161,user,dead,medium
1788983303938,-9.76101111537516,7.212682723346352,1.847875152421836,-39.02538206822964,30.994141698710585,23.047916693790672,user,dead,medium
1788983303954,-9.345467489734292,6.523751195636391,1.3917795352326705,-55.47162381597409,32.449129086274205,24.571354529668877,user,dead,medium
1788983303971,-8.866327882495522,6.206220200458168,-1.6991346070996485,-38.47245434925501,24.068020814257707,22.991598368989333,user,dead,medium
1788983303988,-10.389040722876787,5.1259875079602,-1.490090527587384,-18.41795855922893,3.574714398362281,-2.323418192887244,user,dead,medium
1788983304004,-10.62277465994954,4.771495440131425,0.8040035208546557,-40.71874988801588,-5.891446262938906,-15.04885846809342,user,dead,medium
1788983304021,-7.954585378265381,4.119972144317627,2.3490117979405447,-72.78945575842012,5.653930703419944,-11.93371078671451,user,dead,medium
1788983304037,-7.899818015289306,3.965545552715659,0.1705874893406406,-91.13475647280576,27.78282068494966,-15.201163148848243,user,dead,medium
1788983304054,-6.637175914764404,3.9065892136171456,-1.2629408277431502,-61.46307600119303,12.609252354121914,-12.290624883114464,user,dead,medium
1788983304071,-6.739079122924804,3.6559462273195376,-1.4018046701626852,-42.94981410492762,11.166672005185616,-13.225031473838998,user,dead,medium
1788983304087,-6.423492247551679,2.613570095007121,0.4794393573703244,-49.99024674287712,15.406560597568866,-16.192466069132628,user,dead,medium
1788983304104,-5.632807733806968,2.2973864227846263,0.70449434995763,-53.21075948371359,14.285432002861818,-15.06731705432538,user,dead,medium
1788983304121,-5.572804223743081,2.1722896783024077,-0.1997658722257241,-47.95308818140746,15.13336156850482,-18.49072910219354,user,dead,medium
1788983304137,-5.270087351337075,1.9892828889042136,-0.484376484978944,-34.47748694899831,4.102126665031856,-20.09654926474585,user,dead,medium
1788983304154,-5.002085818481445,1.6817773209169506,0.118363856030628,-27.038553754113583,-6.248552458409268,-27.7136155007318,user,dead,medium
1788983304171,-4.62829108428955,1.2563579056888818,0.6994072559516876,-27.29543887634506,-10.30977610870968,-31.696558352954693,user,dead,medium
1788983304187,-4.764461303710937,1.0561427918583155,1.1315602902837096,-33.36179603864424,-7.894276293640085,-38.149430797743015,user,dead,medium
1788983304204,-5.371989390453696,0.8200140686035156,0.949451691834256,-41.78343977583747,8.839831460637372,-53.23498957979421,user,dead,medium
1788983304221,-5.214720853424072,0.9760866738468408,0.2988268061649054,-48.162638385143445,30.15491635539112,-67.3366288760538,user,dead,medium
1788983304237,-4.383036805292964,1.5014648851692676,-0.0770626352839171,-44.00022206719471,40.06893252057004,-67.15765742923196,user,dead,medium
1788983304254,-1.69778942130208,2.688240428327024,-2.488622622802481,0.2904899731130521,18.93289505849265,-41.75396409447428,user,dead,medium
1788983304271,-3.0731074684143063,2.5565587524965405,-0.7484868556149303,27.418232017243547,-7.962328883435507,-32.50853807167498,user,dead,medium
1788983304287,-4.158878505817055,2.533814421246946,-0.9606724662896244,49.17280628791541,-20.58998262095508,-24.346998183359588,user,dead,medium
1788983304304,-5.248690343043208,2.082956028857827,-0.3862137054558843,45.81880432994021,-7.232841628189696,-13.750515492728514,user,dead,medium
1788983304321,-5.975178571209312,2.1031568131044507,0.3176807789124548,38.794996372430525,-4.004412271218361,-5.945560997959271,user,dead,medium
1788983304337,-6.258294086566568,1.9333184250980613,0.8328835966465994,35.29275198870937,-17.66620232596794,-3.890095395079858,user,dead,medium
1788983304354,-7.289895142364501,1.5075991501405834,2.492814083142951,3.757766883213208,-23.85682282738445,-9.4265600782671,user,dead,medium
1788983304371,-7.941117993927001,1.1484691933780908,2.7331311979983,-32.38333387399948,-11.823445920301117,-18.586286863776603,user,dead,medium
1788983304387,-7.861362320166826,1.3456918473944066,2.136077378192544,-54.774080501702784,0.1118778916251072,-22.22743338955372,user,dead,medium
1788983304404,-7.804200755530595,2.2695541207462546,0.2638116068851202,-45.81059785765244,-3.0816727108132675,-22.03972613078343,user,dead,medium
1788983304421,-8.155997592926026,2.263717961938679,-0.7610559028740972,-25.208828037737213,-13.893880309633436,-26.165421644206884,user,dead,medium
1788983304438,-8.149712813568115,2.319382858276367,-0.8725356984794139,-14.009746784939884,-16.101933619231403,-28.449693034753025,user,dead,medium
1788983304454,-7.470657952228188,2.86361511541158,0.2563300189580768,-17.965750517302606,-12.666425306343152,-20.624476783810938,user,dead,medium
1788983304471,-7.49474960643351,3.254768103900552,0.9118919957034288,-22.433419942090257,-10.496462254199052,-14.077408346405324,user,dead,medium
1788983304487,-7.943811470794677,3.1907229172304272,0.9344872008059172,-28.05417897803239,-6.972932866590025,-15.074883196378462,user,dead,medium
1788983304504,-8.218097783008217,3.0122052559450267,0.7742251810487359,-36.333440591787536,3.518241540530969,-15.226982971458185,user,dead,medium
1788983304521,-7.734618100738525,2.98781461879313,0.4801877280522137,-34.86241592005272,7.090766863264261,-11.42383631139941,user,dead,medium
1788983304538,-7.927799662670493,2.996642945154011,0.2118875775761902,-21.36693371451696,2.993156233934253,-11.65428945531658,user,dead,medium
1788983304554,-8.264784130859374,3.048566901397705,0.0683848233096301,0.7542983976535579,-4.306434698579863,-11.985740606490728,user,dead,medium
1788983304571,-8.150163479945062,3.195960525622964,1.3937255912665276,0.5185410248764922,-2.806699753555721,-8.364510912333367,user,dead,medium
1788983304587,-8.055292070117593,3.1495725761964914,2.3279135168649256,-14.630348871984646,1.201556206618065,-5.692676659034134,user,dead,medium
1788983304604,-8.368632627868651,3.0690675453737377,3.03315517805852,-38.97343164940252,5.978200337568646,-7.664816088473507,user,dead,medium
1788983304621,-8.586355341339111,3.339312765502929,2.3686141413699837,-45.87428595656822,5.556579590292929,-8.027552067367251,user,dead,medium
1788983304637,-8.687360139355063,3.447650682885945,1.9693813798651096,-45.55189761264904,2.0721282762464823,-8.234826964335982,user,dead,medium
1788983304654,-8.964042406794428,3.4472020623356103,1.7835317682564258,-47.85058411743849,1.258854663565302,-8.567305205206571,user,dead,medium
1788983304671,-9.124002667126058,3.3496380524232983,1.7130518723636865,-50.6852219060205,2.7713821260180542,-8.019652099818485,user,dead,medium
1788983304688,-9.024643882751464,3.391237306268513,1.5628158643193542,-48.77934299549307,2.924753810387279,-4.552763336562257,user,dead,medium
1788983304704,-8.864083318439125,3.398868824060261,1.294964261328429,-44.36643973501787,1.3955987860086596,3.1001404751119246,user,dead,medium
1788983304721,-9.080608931079508,3.1935660317018626,1.5108913235537706,-41.126061388980425,1.1637869680551869,9.294953432018357,user,dead,medium
1788983304737,-9.28860636934936,2.871995113483071,1.4419094111338258,-35.39411199599236,2.5233907638595854,13.37127777680002,user,dead,medium
1788983304754,-9.917681686511637,2.2150857407167552,1.339856273108721,-24.798880083753048,1.7762778852954393,13.809115100712638,user,dead,medium
1788983304771,-10.4499438121289,1.5285487069278954,1.7251729566596448,-10.232553989953516,1.0043464471649943,10.514518713043628,user,dead,medium
1788983304787,-10.505607247161864,1.2895771614626048,2.474856913104653,-12.47910992967649,3.283004062543618,8.931500283261759,user,dead,medium
1788983304804,-10.607661261969804,0.7444476632267236,3.6004316992379723,-21.124926451845063,5.643153091796487,6.83123931159764,user,dead,medium
1788983304821,-10.611102342334387,0.6257847511842847,3.4560306809574364,-22.954327734235864,0.1840160751324274,2.9516886613792246,user,dead,medium
1788983304837,-10.625766827502844,0.4514572350651025,3.0449769140817224,-12.734585471618,-13.157276851046118,-3.219972729005213,user,dead,medium
1788983304854,-10.453833220782876,0.5009869896486401,2.9067111836858093,-7.591728795486139,-20.54086331553893,-8.044379092161224,user,dead,medium
1788983304871,-9.941626041200756,0.7420537538275123,2.929457268501073,-8.651899659398117,-22.22831277640936,-7.934713574847499,user,dead,medium
1788983304887,-9.652073770794273,0.9376292251586914,2.7808662511847912,-8.281425076174747,-23.07860985637342,-3.287762143074178,user,dead,medium
1788983304904,-9.534759058490396,1.0381859871461987,1.7838304589420555,1.1450794000836395,-24.89337062827829,0.2231346896029928,user,dead,medium
1788983304921,-10.333974669215085,0.9754884156927466,0.8667017316289246,20.34597411285637,-28.448262110121902,-3.533140530988294,user,dead,medium
1788983304937,-10.428544465747477,0.9525932777956128,0.9117427964910864,28.818309806522148,-30.662146693723773,-7.779280667452811,user,dead,medium
1788983304954,-9.770139009204506,1.2078753220707177,1.2705739164374767,30.834192328727223,-31.772270999904283,-8.717613763176455,user,dead,medium
1788983304971,-9.319129517906903,1.7281646858215332,0.9039612027041614,35.086927653165624,-27.99758915321154,-10.763758292272916,user,dead,medium
1788983304987,-8.905681987762451,1.739537728229165,0.8488951490424573,33.947829684525914,-24.82969960483544,-13.533819203573398,user,dead,medium
1788983305004,-7.455095056915283,2.121861805835366,1.121085950281471,27.662950865015937,-20.509376143465172,-10.770679835223078,user,dead,medium
1788983305021,-6.518662932586669,2.354249004474282,0.3559888822577893,26.43677822974232,-16.77902734712769,-4.822691131900691,user,dead,medium
1788983305037,-6.255600609698892,2.497302261407673,-0.2347805235162377,36.44940012842142,-15.618474046757685,-1.2111191117863176,user,dead,medium
1788983305054,-5.671116713935136,2.937835659137368,-1.155051348247379,49.47850164950309,-10.677670587974076,2.947692573827944,user,dead,medium
1788983305071,-4.67976641998291,3.0971994148805737,-0.8333310846857727,59.604622509167584,-8.681818449283712,10.44598203359078,user,dead,medium
1788983305087,-4.39201506151855,3.1278754159122704,-0.6233890882194042,64.46255357520413,-7.623730793068588,14.801895903178686,user,dead,medium
1788983305104,-3.927538185882568,2.9740476669862863,-0.5919654836907983,69.9258238168114,-7.006919887900008,17.537680363903103,user,dead,medium
1788983305121,-3.199850518798828,3.063680591638386,-0.2267002390436828,72.30226519511228,-2.2907489712002502,23.76340803765348,user,dead,medium
1788983305137,-2.796577761188149,3.0775968887880443,-0.406864060100913,80.79430086189166,-1.7648242983875626,31.02250064414448,user,dead,medium
1788983305154,-2.8556834456294773,2.846107223510742,-0.7377130942746997,95.8946538336851,-11.136147889784828,36.205033035391295,user,dead,medium
1788983305171,-3.468899514880776,2.893841911371052,-0.7541720616444945,111.61821375591802,-20.12972520109189,35.215430832210245,user,dead,medium
1788983305187,-5.045930220904946,2.6375126961305737,-0.0698803225643932,104.2352437159978,-10.923227841467082,28.366265689135904,user,dead,medium
1788983305204,-6.112846335712075,2.3738512383058668,0.7374149881109595,71.56653770828602,7.499467453951253,12.61647357162191,user,dead,medium
1788983305221,-5.979668283843994,2.3732526878908278,3.040936406519264,8.268795202625748,23.03698326847677,14.39041286417856,user,dead,medium
1788983305237,-4.042012706324458,2.8520933121830225,3.494038632312417,-22.921496722442907,20.20203641383482,24.55981663261343,user,dead,medium
1788983305254,-3.925143984222412,3.037793578448892,2.769942267718911,-30.534838797783905,13.563711526475958,27.49740415500775,user,dead,medium
1788983305271,-5.740996305847168,3.29112974935323,0.8228573292054235,-19.192908407363998,15.265582078005218,23.75183428210489,user,dead,medium
1788983305288,-6.756885997772216,3.661932023730874,-0.1387136202938854,-6.208418693733096,14.937077299684285,23.22544184805577,user,dead,medium
1788983305304,-6.744466076660156,3.3023525696352123,-0.251989286340028,8.239217068425008,6.11535437808391,21.948234039303816,user,dead,medium
1788983305321,-7.560740374213457,3.41518019965291,0.1951288966074585,20.625409104632645,-0.3310241576293159,19.910938874050757,user,dead,medium
1788983305338,-7.759460281050205,3.310882789832353,0.4336505063481629,26.429394795249536,0.7485808889880226,17.54051659995595,user,dead,medium
1788983305354,-7.946205087932944,3.2830490264892576,0.6145623692937195,25.78893990960849,3.3779900092271045,12.735226655626336,user,dead,medium
1788983305371,-8.17844323348999,3.969437299457192,0.7890398152776062,27.51536242988301,12.033228350468889,15.77876492619954,user,dead,medium
1788983305388,-7.97374016059041,4.269162004309893,-0.1503845496695488,36.53926492733128,16.96931129476237,19.09290248508396,user,dead,medium
1788983305404,-8.518869366565346,4.212598405566811,-0.3688560356806963,49.94767758887502,19.655339534930537,17.262688410181926,user,dead,medium
1788983305421,-9.437344393920895,3.955969622857869,-0.4312545511223375,67.5822561389858,14.697146414520075,5.492267382841735,user,dead,medium
1788983305438,-10.047117044720054,3.621679216058552,1.2301709597047417,58.532877035933375,7.242311685473919,-9.618008573155263,user,dead,medium
1788983305454,-10.112511015650629,3.860202433234453,2.3900120995119214,33.912568832935726,5.91808314692831,-16.666882471145254,user,dead,medium
1788983305471,-8.862737164527177,4.668095855933427,2.6244945168644187,15.738552187461092,7.601587319779406,-4.742979409192057,user,dead,medium
1788983305487,-8.829967113825678,5.409550474824011,0.9542396567631511,17.228602351128977,9.997060166428875,2.7160774439782265,user,dead,medium
1788983305504,-9.591171850585935,5.584326319232583,0.3857661078188568,16.125603639800083,14.37752088212016,2.1234620570575937,user,dead,medium
1788983305521,-10.48405943222046,5.369596357837319,0.1707370904117822,14.17752525925937,8.362528449926772,0.9278463007484417,user,dead,medium
1788983305537,-11.01991169128418,5.328146449334919,-0.0116714773649349,17.25121027728172,-0.8072259070579569,-0.6140696514338773,user,dead,medium
1788983305554,-11.188702908325194,5.436634004321694,-0.8453020564539357,29.506908988075324,-10.329320695019671,0.5443282973661696,user,dead,medium
1788983305571,-11.446079002270102,5.385906856647133,-0.9421171476950868,32.94272978211811,-5.534031855182247,-0.8845270532372523,user,dead,medium
1788983305587,-12.096404612731932,5.14528900527954,-0.246003307265602,25.55252827941413,6.626284117625775,-6.047405521786508,user,dead,medium
1788983305604,-11.616816677203774,5.013758428357542,0.339976818405278,14.02643208330858,17.483694548703323,-13.637897626146051,user,dead,medium
1788983305621,-11.188553855243324,5.294927193561196,0.406865448340401,11.04031777440861,16.059149314270442,-15.091390056055092,user,dead,medium
1788983305637,-10.23311658619344,5.75865354309082,0.3685581121800467,12.016857240802011,9.65546618433726,-9.809904445434064,user,dead,medium
1788983305654,-10.86578495941162,5.444414867456257,0.0736224317021667,22.170845272280165,-0.1454139403569913,-8.836300252836475,user,dead,medium
1788983305671,-11.341933568140863,5.167735814887285,0.090382025986351,23.18492004325737,-0.1606724495606676,-12.2329567421784,user,dead,medium
1788983305687,-11.153238796234133,5.04996985168457,0.7372654053061268,13.128134995178613,7.408721560638463,-11.393027035600776,user,dead,medium
1788983305704,-11.38442830952108,5.041889128820598,0.4035731287967413,6.374883210411,13.741983732681522,-12.722727409445213,user,dead,medium
1788983305721,-11.90756195678711,4.993706112670898,-0.0784099217070266,13.132557542666197,13.004297689110755,-23.727807384152083,user,dead,medium
1788983305738,-11.77154195949137,5.256619674737752,-0.0004484378872439,17.983263122334517,7.45863572931927,-32.4652790685667,user,dead,medium
1788983305754,-10.540922306171058,5.59854189158976,0.502633167686779,13.268790788303978,7.9326320746979375,-22.603307237315985,user,dead,medium
1788983305771,-10.440964386859536,5.652261499078572,0.5172980912466533,5.168929215741094,13.942211581974092,-12.220898043198744,user,dead,medium
1788983305787,-11.834090477862954,5.039196236474812,0.1907886434800224,-1.1012233957532225,15.899575604691435,-16.46931583430805,user,dead,medium
1788983305804,-12.924649334064124,4.671087731225788,-0.0603035047927362,-6.240759639453106,17.617969237596604,-34.257776838871926,user,dead,medium
1788983305821,-12.48157238933146,4.834193011584878,-0.1622065688205417,-6.289938709024491,22.15667945994156,-34.56824991778402,user,dead,medium
1788983305837,-10.44485613360107,5.075708396314084,0.0984620364642702,-8.267243895910509,22.76474046589653,-22.774454702443578,user,dead,medium
1788983305854,-10.658985791015624,5.32395688869059,0.4777934076610486,-11.27427822046458,15.259030219043884,-6.763950849215614,user,dead,medium
1788983305871,-11.464784287261962,5.296273639734089,0.3404260965427383,-6.554678975688301,8.549410109581137,-1.1778988859323738,user,dead,medium
1788983305888,-13.85329971847534,4.217237463544309,-0.1500856945871375,3.808126721737358,-0.0251340956296552,-9.530212467790276,user,dead,medium
1788983305904,-13.875148562189937,3.788076815961301,0.8828622823077253,0.9746532669654218,0.2183779831143946,-15.468237205774082,user,dead,medium
1788983305920,-13.546094887000322,4.076428186145424,1.5488997498327866,-11.4239524246153,3.77442315327793,-10.25328702917909,user,dead,medium
1788983305937,-13.381344469782707,5.05625521556437,1.8088201762319545,-21.23862348831639,3.717733010053647,-1.0354861333647287,user,dead,medium
1788983305954,-14.062044760242104,5.974880465045571,1.0319015183155424,-20.122427143963737,-4.694633622699415,16.17186621859587,user,dead,medium
1788983305971,-14.577844995880126,5.994034078326821,0.3603281170384958,-11.015171579205562,-12.810966623332607,26.91742717937258,user,dead,medium
1788983305987,-16.98835773936808,4.9595896157965065,-0.2723395483602071,-10.36274849459136,-13.646361938074987,24.97536192662242,user,dead,medium
1788983306004,-17.940651449695228,4.758326454217731,-0.3103475636472692,-23.97722027943156,4.633697663132323,13.371877125899688,user,dead,medium
1788983306021,-17.674148630964755,5.233725998145341,-0.5532093762830598,-34.400483396295584,22.788004090209597,2.286378290461677,user,dead,medium
1788983306037,-15.722125505396724,5.759551953235269,-1.6596302842736477,-14.179576023557669,9.330378208148629,0.1405690283785647,user,dead,medium
1788983306054,-14.75965468444824,6.14157617111206,-1.909524854223593,14.56470904651353,-11.07610967320677,4.986315143657517,user,dead,medium
1788983306071,-13.69977036797404,6.921786344854533,-1.0679627103837672,22.68544709227456,-15.326176101226986,12.449172356770678,user,dead,medium
1788983306088,-13.275099433025716,6.925826852416992,0.3899564995802473,1.550341417410353,-5.944514271468966,12.728212051348732,user,dead,medium
1788983306104,-12.964153076934814,6.75763447805196,0.1984202800027793,-15.463239214848926,2.314579928101248,8.174607747744918,user,dead,medium
1788983306121,-11.56893147495687,6.591386515752971,-0.7855970869494514,-21.25395214036119,6.927980830341232,14.766189381745152,user,dead,medium
1788983306137,-11.161170173755288,6.09025105754435,-1.7721572594066703,-13.240924470263971,9.413379520716267,20.131900616342545,user,dead,medium
1788983306154,-11.508329414477943,5.407155104120076,-2.0949258338655,-0.0500340638471457,6.371144962500888,18.299364277122702,user,dead,medium
1788983306171,-12.287791107940674,4.761019931085407,-2.009183566826256,9.345725643213644,9.98527467501602,8.28867446820507,user,dead,medium
1788983306187,-11.990312136188148,4.288913583484292,-1.1656765405629297,8.84918625847935,16.06021823887555,4.253672767901984,user,dead,medium
1788983306204,-11.516409845080972,4.424784235437214,-0.7182598678592126,4.859989087410838,17.783652551388187,2.2302354161446414,user,dead,medium
1788983306221,-10.645071247431636,4.428226484845578,0.4454716578494757,-10.87522356443294,15.640439935128445,1.4120252842408345,user,dead,medium
1788983306237,-9.702502227783205,4.253449471393227,0.6141136208792217,-22.483666228719457,14.418471281288973,2.9019712875238786,user,dead,medium
1788983306254,-9.438840769958496,4.09228918762207,0.3280060475665144,-27.26820520457693,16.741818184076756,5.232585298145143,user,dead,medium
1788983306271,-9.243861803215742,3.3910873764038083,-0.4857230955486185,-23.35838977270277,17.853375122435676,0.6661136118361117,user,dead,medium
1788983306287,-8.44719236984253,2.6761189056396484,-0.2807196149303577,-20.575019384030877,13.945040134064124,-3.835491447760191,user,dead,medium
1788983306304,-7.894729752239584,2.651428408758342,-0.0965157247020862,-18.670569690587268,9.767610206546053,-6.839123057447128,user,dead,medium
1788983306321,-7.020996368408203,2.506879360309243,-0.1527791714548133,-10.76009731087779,3.680106351689693,-12.135365291769968,user,dead,medium
1788983306337,-6.545297257012129,2.5764599692746994,0.21383281162614,-11.742916282439374,4.331687188601869,-14.931934167239266,user,dead,medium
1788983306354,-5.859508703503012,2.6005519157409664,0.7781163067357614,-23.083928866189563,7.520820332844005,-12.55768613343561,user,dead,medium
1788983306371,-5.191828053614497,2.375797111676633,0.9898532237948848,-34.88977424277321,6.365207820564854,-11.37556053434576,user,dead,medium
1788983306387,-4.8626253253430125,2.344822127698362,0.7637511698400601,-38.09379890695326,4.593897723951836,-9.66409185948534,user,dead,medium
1788983306404,-4.868160163116455,2.146103097644448,0.4640270677755586,-34.724732966763604,1.7678627720728664,-10.798185860784368,user,dead,medium
1788983306421,-5.078701440650224,1.9056357606634495,-0.0631463290011044,-25.509448568771568,0.3076825464297527,-13.87055521361784,user,dead,medium
1788983306437,-4.662708902198076,1.830517975836992,0.0743706197209656,-20.92504608842652,-0.0248824858680622,-14.651884458437696,user,dead,medium
1788983306454,-4.59656849681437,1.8350065194278955,0.3565870947461109,-19.73734961629488,-1.7896955784765178,-18.220378262013387,user,dead,medium
1788983306471,-4.282179306793212,1.9717752892643208,0.7733275791884633,-21.82379653036265,-3.779854007441736,-18.115044792180743,user,dead,medium
1788983306487,-4.026898139300942,2.333748652759194,1.5123879416199633,-29.48617253375517,-5.934323629227308,-12.950684119220742,user,dead,medium
1788983306504,-4.30283104967773,2.2593787636905907,1.4399639048017066,-34.803952915851994,-6.09553274222571,-8.720032503916286,user,dead,medium
1788983306521,-5.448005293163657,2.1490958497196435,0.9259583597151096,-35.569026310447214,-6.61165684063137,-9.562580734266964,user,dead,medium
1788983306537,-5.909937160491943,1.9306246559694409,0.7233491264227777,-32.70651793495697,-10.943672305200224,-14.084603096922288,user,dead,medium
1788983306554,-6.034587037989497,1.884836133740842,0.830190265909396,-34.68597505831836,-12.339295103592685,-17.513125833836906,user,dead,medium
1788983306570,-6.066010934779047,1.93406661311686,0.8553287805528379,-36.87634159306058,-13.572604432775314,-18.3291592698296,user,dead,medium
1788983306587,-6.340893459320068,2.393453764398396,0.8913917170535772,-40.78249604353961,-12.730214150549193,-16.779459356592696,user,dead,medium
1788983306604,-6.433969217902422,2.4598934449896217,0.7796126097081229,-41.97838703512797,-12.985386602846283,-13.757410568695642,user,dead,medium
1788983306621,-7.190537527033686,2.517204647229612,0.5596452956486493,-42.92981531103782,-13.742518194984076,-12.807405533454093,user,dead,medium
1788983306637,-7.652167781066894,2.355146830096841,0.3027174934605136,-43.448933593620886,-13.543572713708176,-13.000641830357509,user,dead,medium
1788983306654,-7.8387676265209905,2.3330004647403952,0.1845041883490979,-43.776284069972085,-12.74887593490896,-14.49618688121267,user,dead,medium
1788983306671,-8.094047040447592,2.4325091789796947,0.2171251129034906,-46.23864239784256,-10.335686431326122,-15.831256637518385,user,dead,medium
1788983306687,-7.881112730297445,2.626140238244832,0.2663554461490363,-51.88712346407848,-5.324280160865741,-12.640509007311184,user,dead,medium
1788983306704,-7.923013597437738,2.592322724317014,0.0824513425849378,-48.5230947884017,-7.532684371432317,-11.844000520834625,user,dead,medium
1788983306720,-8.259249293085933,2.674024563708901,-0.4840766252495348,-37.52047965821156,-10.98474650154774,-12.262495602791413,user,dead,medium
1788983306737,-8.392125147137046,2.7371710479736326,-0.2400178396478295,-25.824967449933013,-10.605270582771942,-12.770608743074296,user,dead,medium
1788983306754,-8.047659383282065,2.5852888801574707,0.1183643674872815,-22.31353304668361,-10.726903445285174,-8.412653500698204,user,dead,medium
1788983306770,-8.403499943110345,2.252196158710122,0.8294422605536877,-25.79319511746141,-10.403359091848962,-9.461033750555446,user,dead,medium
1788983306787,-8.76607010345459,2.0904376167848704,1.3003519457161423,-38.56793356366262,-6.805910835721117,-16.069676343328723,user,dead,medium
1788983306804,-8.661772109112142,2.3042694602966307,1.453430922101438,-51.298388478380055,-2.9184901000315544,-16.149755188705246,user,dead,medium
1788983306820,-8.310722290691732,2.7524343758180736,1.0543475790046155,-59.200726102788046,1.505721499109952,-11.64639546418334,user,dead,medium
1788983306837,-8.350376840209961,2.975843318231404,0.005687251856178,-52.84252691008528,4.881233110163694,-4.223736048769817,user,dead,medium
1788983306854,-8.446893094635008,2.9248168953493234,-0.4752487372800708,-35.04061555549835,3.0525248785302384,0.9817281690067914,user,dead,medium
1788983306870,-8.560915779656172,2.734477278845012,-0.8722374461852014,-12.419679599934565,-1.6352138816454602,5.52623818245244,user,dead,medium
1788983306887,-8.882638381305336,2.16106656575948,-0.1812101152397692,8.265823216563145,-6.964871535822117,7.743392292232626,user,dead,medium
1788983306904,-9.070133714294434,1.9979615776613355,0.3847190099187195,8.896041356185638,-2.4414645657559864,7.9463650237978944,user,dead,medium
1788983306920,-9.171887869372965,2.080112914386392,1.290625209210813,2.443094633090092,6.550050668751971,10.600047195604173,user,dead,medium
1788983306937,-9.17472981480062,2.004395994623005,1.4649522869385778,-1.6146885228593373,10.994470983378546,12.235459152735563,user,dead,medium
1788983306954,-9.314043008422852,1.8517656387880443,1.4628578719425946,1.497188244959079,8.337940622688372,12.989628150320865,user,dead,medium
1788983306970,-9.49331061129272,1.7135010774359103,1.2487262417666614,7.88388416081791,4.54943020424729,12.459788178288171,user,dead,medium
1788983306987,-9.49286052943766,1.6273092331483958,1.2437881277773528,12.695621803724016,1.946860899321156,12.392146253616596,user,dead,medium
1788983307004,-9.53266237847209,1.4437033088132738,1.344943001788482,15.479877555667075,1.2204382645785652,10.872776649162782,user,dead,medium
1788983307020,-9.465626485553384,1.2765589821964505,1.5729909291140731,15.47026918705216,1.380373333853349,9.240481819613857,user,dead,medium
1788983307037,-9.32736017063558,1.2964601989746094,1.65005473344177,15.826383297545576,0.1738408008164009,9.502895126204807,user,dead,medium
1788983307054,-9.134627521514892,1.0850225571230052,1.4739314199469982,19.83646761398281,-3.639672058690041,9.740309940433512,user,dead,medium
1788983307070,-9.201965027728676,0.987608477075398,1.159692305921018,24.668078546052715,-5.822706812245075,9.44010775848582,user,dead,medium
1788983307087,-9.36581820384562,0.9680062432438136,1.086369587817788,26.5554066627944,-4.765913476877668,4.9488968060632486,user,dead,medium
1788983307104,-9.216929957148432,0.9665101594671608,1.1507144880868494,24.86496216397292,0.1345565942791023,1.5145275339408026,user,dead,medium
1788983307120,-8.445845631408691,0.9677066757753492,1.425747819275409,20.451165856263746,4.017979588230945,1.1070074987631653,user,dead,medium
1788983307137,-8.089857772064208,0.8723872299194335,1.5569797055117784,16.99685061749586,2.070487750185209,0.0916362324834843,user,dead,medium
1788983307154,-7.827393415069579,0.9832689865663649,1.5087962509706616,15.191851893462225,-1.1974414445299555,-4.06540372607246,user,dead,medium
1788983307170,-7.282413846698403,1.0764935059696434,1.028459908227995,17.80901133622915,-2.6321871396014256,-7.599798663990509,user,dead,medium
1788983307187,-6.923432650756835,1.1685203400209545,0.7517803442023694,23.86598894125061,-3.5500034142754093,-12.53389573078281,user,dead,medium
1788983307204,-5.835868884718418,1.8164517488226293,0.406117552582547,35.14584828004074,-4.839722208596118,-11.230001519169974,user,dead,medium
1788983307220,-4.70445837816894,2.309058448138833,0.3378830975290388,46.10189518046973,-8.460268456949654,-7.428272123363978,user,dead,medium
1788983307237,-4.369568251910805,2.618209445245564,0.4381394152652472,53.32407915223327,-11.76898540695402,-0.1906708938594148,user,dead,medium
1788983307254,-4.0517362279593945,2.845508673095703,0.732177087457478,57.47615797887319,-17.107757521691234,10.640130160748392,user,dead,medium
1788983307270,-4.665252741461992,2.429067806354165,0.8518879741828889,55.030253576713285,-19.97220737845306,12.465651895690629,user,dead,medium
1788983307287,-5.29926609954834,2.4004870240360496,0.7800613398563117,48.29874697982888,-15.731240469954592,8.341719424846682,user,dead,medium
1788983307303,-5.887192244720459,2.3732523956298825,0.4888661976136267,41.10523955729564,-7.437302487220382,2.661908067444501,user,dead,medium
1788983307320,-5.340566662707925,2.754080681720376,0.6361101842351258,37.20898546601855,-6.331632745039187,1.500052655542253,user,dead,medium
1788983307337,-4.99250901184082,3.0573961045414206,0.8283945781316607,34.92992209471454,-10.4110720829692,2.2314849138759305,user,dead,medium
1788983307353,-4.259883303833008,3.7907694160461434,0.9475062568549066,31.12448561373652,-15.124202284827833,11.721672686573342,user,dead,medium
1788983307370,-3.7554537725150574,3.7605429123476144,0.8797207146126776,24.24514640245636,-12.271365457202322,22.134814316861053,user,dead,medium
1788983307387,-3.967343542048335,3.3384155244022606,0.5509663876958191,20.05920349791151,-10.537875398684132,29.3723030350073,user,dead,medium
1788983307404,-5.17731262152791,2.7205621507391333,-0.2135314723256975,25.593799697473933,-8.998372104104416,33.549107146442665,user,dead,medium
1788983307420,-7.167940495300293,2.357690669360757,-0.8406635464657097,38.30954409226646,-8.030576133622274,30.83341027206725,user,dead,medium
1788983307437,-7.9840639862060545,2.2141884996160863,-0.5648809312798082,44.73408491237756,-11.383057520733496,22.318257830041965,user,dead,medium
1788983307453,-9.019705841827392,1.5400708024173977,0.8372226852968334,34.23107421431176,-14.566356829650797,5.80915571693177,user,dead,medium
1788983307470,-8.556277013939619,2.20595726236552,1.545008551080525,-3.7442059695029695,-9.554832738427232,-10.784691114531713,user,dead,medium
1788983307487,-7.854626874431967,3.0352494469240305,0.8925891832098364,-19.770192580918884,0.5606001558466672,-5.323982620750022,user,dead,medium
1788983307503,-7.596801867675781,4.702661850140989,-0.7754208936393261,-15.299960127645186,2.367176653578577,5.611973705122201,user,dead,medium
1788983307520,-8.511538293024897,4.727800967572629,-1.294214319743961,2.9995943275572245,-3.9556455743181167,10.532913266252118,user,dead,medium
1788983307537,-8.89296337596476,4.655974625506997,-1.0631744440607729,11.104536066758715,-9.84566304706002,8.720666003961805,user,dead,medium
1788983307553,-9.219322989764809,4.65387969905436,-0.7933774791557341,17.762359436650673,-12.313065469632544,6.361859320324255,user,dead,medium
1788983307570,-8.998459055659174,5.20903579352498,-0.6401484267752617,25.70150836559045,-3.731824970971853,12.0910561470768,user,dead,medium
1788983307587,-8.788518666628002,5.44561284506917,-0.3202240336544811,28.05851785570264,-2.0357494080665246,21.803015679812884,user,dead,medium
1788983307603,-9.224260446166992,5.9055982545048,0.369306482861936,31.89036497065381,-7.911805974144922,30.72144639609782,user,dead,medium
1788983307620,-10.145281650874018,5.881507184821367,0.6356608330324292,42.11240559192738,-27.631482475962397,30.734102736629858,user,dead,medium
1788983307637,-10.181940525707605,5.69820024343282,0.9002208471320569,38.45266729122949,-35.38551278782732,29.96046086972085,user,dead,medium
1788983307653,-10.40684642868042,5.377526566314697,1.6326964060794562,18.743866158117967,-29.666872018437022,29.838541993036124,user,dead,medium
1788983307670,-11.487677671593428,4.869357263946533,1.0610810519780962,-1.9478132838235491,-6.901197524171496,20.0579757714082,user,dead,medium
1788983307687,-11.641655934906003,4.565144307763874,0.2235590184085071,7.242845294002826,-0.1044291501184918,9.307913715968454,user,dead,medium
1788983307703,-11.602302998682855,4.418650262726843,-0.0547664131280034,22.88828663515101,-5.862483699537113,-2.732127107867287,user,dead,medium
1788983307720,-11.965922375819089,4.885818277142942,1.133056520190835,25.999871519104115,-7.052747895909855,-19.038059481143343,user,dead,medium
1788983307737,-11.81733165076375,5.0079231463328,1.381306035480648,18.87485381847318,-1.937302049577723,-24.03671805729154,user,dead,medium
1788983307753,-10.996119312286377,5.4092500305727125,1.4981716888427734,10.82109858412882,1.8190578146664624,-23.030282852900992,user,dead,medium
1788983307770,-11.183465592193604,5.068375569207966,0.8797204223517328,9.17684665466414,7.457968078327902,-21.81063987847391,user,dead,medium
1788983307787,-11.53735910960734,4.831499534717202,0.7368163646306842,12.18589503124972,8.884970473314693,-25.89555403991051,user,dead,medium
1788983307803,-11.706597485893964,4.60300232925415,0.7468416456911713,18.102530178073987,3.526592940895191,-26.201843627955977,user,dead,medium
1788983307820,-12.471097172546386,4.215591157642007,0.3462621457524597,31.73241001590809,-4.245106856909141,-28.437974137684574,user,dead,medium
1788983307837,-12.726529731208084,4.131195841382444,0.2341834344059228,41.88817048147586,-1.5097610223954856,-30.97370918780849,user,dead,medium
1788983307853,-13.347974115100502,4.025850383813679,-0.1107306577384471,47.2718416984958,13.85627670315793,-35.99144618985583,user,dead,medium
1788983307870,-13.31670102495849,4.294001554273069,0.0677861267641186,43.18875802775676,34.48153725117613,-37.12361834667714,user,dead,medium
1788983307887,-11.704953225818276,5.290587118530273,0.638953554434888,33.59994424443507,48.279690752044544,-18.4510832691562,user,dead,medium
1788983307903,-9.39828956386149,5.3278471741274,0.59855162061546,34.46436615560272,41.68582954240882,8.76293889850866,user,dead,medium
1788983307920,-10.149320697131753,5.358522882898152,0.2064999662537127,37.89261226985595,38.06123939517981,19.61525827733361,user,dead,medium
1788983307936,-12.853421834674476,4.875343352618813,-0.14649416376804,33.63117528441495,44.60315018598842,9.406123298496777,user,dead,medium
1788983307953,-12.957718659973144,4.150797782953084,0.4632784230990335,23.87912510257184,41.869220121623655,0.2564779522434894,user,dead,medium
1788983307970,-12.23197803530395,4.553622212274372,1.092355009769788,10.113179358734618,30.17868541370276,5.292763533601186,user,dead,medium
1788983307986,-10.85920090484619,4.975151342065632,0.9935940542910248,7.27138182435514,4.686191935772103,18.548317842180506,user,dead,medium
1788983308003,-12.716503427234292,5.205892819324135,-0.2002145110423676,13.979378056342716,-2.751111405221926,20.740405584593564,user,dead,medium
1788983308020,-13.856144586512446,5.395483955548704,-0.4955993417935445,17.5396850244245,2.87501957450242,18.74199297873809,user,dead,medium
1788983308036,-15.744420339313148,5.904101878467202,-0.1093847047558985,9.508144126581962,10.20265569063543,11.436634378356723,user,dead,medium
1788983308053,-15.96767905960083,7.143399928283691,0.8821141490878537,-7.96429853923741,6.198612676519073,5.427983349920868,user,dead,medium
1788983308070,-15.46774157900512,8.181437154608965,0.917129786759056,-20.727390659130105,3.1796919018184746,12.67941717991816,user,dead,medium
1788983308086,-14.282012622290848,9.127894706128536,-0.8432074953274801,-3.775699971765899,-10.489924909389703,30.84839229201168,user,dead,medium
1788983308103,-15.805771756854652,9.010728170123697,-1.6853678562222048,10.14305033729602,-11.67671808900361,30.775756645283177,user,dead,medium
1788983308120,-16.725743160247802,8.408137247522175,-1.4321806470681913,8.16657629905463,-7.367717373729938,14.81464103616993,user,dead,medium
1788983308136,-16.45789184951782,8.292317742212116,0.680701861361973,-17.0683387924438,-16.622081552831848,-2.105231641832596,user,dead,medium
1788983308153,-13.820080754962564,9.624990533557536,2.21179391436344,-44.155318587772776,-32.17971910465222,2.848874037246434,user,dead,medium
1788983308170,-13.437607624274492,10.487202698682248,2.3933041359277905,-83.27813330451265,-32.80432282877697,8.906811710733102,user,dead,medium
1788983308187,-12.566715016826986,11.63477231287211,0.9415205883077346,-115.62362793051024,-12.503368200287436,21.49191763859173,user,dead,medium
1788983308203,-12.293328283801674,10.895712480163574,-2.678063683031872,-102.85182305055756,-2.867660472558554,31.13811525622528,user,dead,medium
1788983308220,-11.997644378772378,9.777621473914383,-3.669263243401796,-68.01889647224637,-8.1804202387286,36.13796740793094,user,dead,medium
1788983308236,-13.218237728118895,7.867795860345661,-3.959110587764717,-25.04618586567357,-7.106349086081999,26.45993086348137,user,dead,medium
1788983308253,-12.841898570141195,6.319495574243367,-1.4094358591608702,-16.70285024731454,-1.7236818001483445,20.40645031531496,user,dead,medium
1788983308271,-12.005125089916586,5.951536414337157,0.1571205068610608,-28.92816315403805,7.637051369497405,23.81264004119093,user,dead,medium
1788983308287,-10.499172830200196,4.7200195199161765,1.96773522009328,-54.47359657445183,15.00099762503185,33.662430230056934,user,dead,medium
1788983308304,-10.119991726794838,3.0717613145023583,1.732206070166826,-67.49887318959829,16.589277861795566,35.82331083815221,user,dead,medium
1788983308321,-10.379462162670492,2.442385553088784,1.2608471799321472,-73.06202128743864,17.722238905466018,28.87447103697258,user,dead,medium
1788983308337,-10.479569719585776,1.3643956710815428,0.0270846985414624,-69.13552311851673,23.051290807240655,9.009326019985822,user,dead,medium
1788983308354,-8.712199981579184,1.236754502813518,-0.5582965844534337,-57.99360628020418,20.60388547101064,-1.4424121555279863,user,dead,medium
1788983308370,-7.391349437713623,1.3977654412418603,-0.7694353894889354,-39.3235881273924,15.64294832210113,-1.1556689680615095,user,dead,medium
1788983308387,-5.665131209784746,1.321300917981565,-1.5753844731871038,-3.812931332931639,12.001041937778847,5.339039772775315,user,dead,medium
1788983308404,-5.935375553131103,0.4809358430057763,-1.468841914788261,18.005350246563047,9.713044679040468,0.7697857982357089,user,dead,medium
1788983308421,-6.123170161327719,0.066289750726521,-0.8439554276179522,26.796374029165158,6.348790180234259,-13.505583201544564,user,dead,medium
1788983308437,-5.321411295861005,0.3362356956481933,0.5882257126405834,19.07987902188404,10.577925920429797,-21.50103935622828,user,dead,medium
1788983308454,-3.9897874290466304,1.0530001099184154,0.7059913105171174,16.70373817190664,12.783375220406697,-12.390867300694511,user,dead,medium
1788983308471,-4.320936030688881,1.2366057419925929,0.5997481003910303,21.83990723906741,12.485783024495593,-8.609357826152692,user,dead,medium
1788983308487,-5.577593796107172,0.8260007417976856,0.8643076030340046,21.4037313586704,10.76635632547846,-17.645556371654283,user,dead,medium
1788983308504,-5.525368518829345,0.7734767738342284,2.168398662213236,7.220614735801727,6.394398341530196,-27.57397399069818,user,dead,medium
1788983308521,-4.9555496927559375,0.8815165850535035,2.464681519516371,-10.95682468822073,5.8518183591481385,-30.33799274590414,user,dead,medium
1788983308537,-4.014327411541342,1.5363289855405688,2.355745599707588,-30.23050947403023,8.35147037366052,-24.925009772061085,user,dead,medium
1788983308554,-3.992629374474287,1.991975488989055,1.6189298195987938,-35.276062421472446,9.090692356020892,-20.211202527700976,user,dead,medium
1788983308571,-4.153042054748535,2.0687404565006493,1.1656771890169009,-31.346678497626204,8.381265366367408,-15.178044666055042,user,dead,medium
1788983308587,-4.786007949608564,2.074276463317871,0.7261916198397055,-19.37983531702161,3.3783556377911115,-14.858501095925169,user,dead,medium
1788983308604,-5.246294972339272,1.7506109109073875,1.0791866540437565,-15.729584149080864,-0.7098605465832203,-18.3004144187076,user,dead,medium
1788983308621,-5.330092030444741,1.6062106232792135,1.628656081180088,-25.485455821764607,4.03208094065926,-22.2181904360594,user,dead,medium
1788983308636,-4.996100314331055,1.827075434167683,2.959084564197436,-45.42004764091112,9.64102545688456,-20.440944478170817,user,dead,medium
1788983308654,-5.268890250506997,2.162562941797077,3.556438170667365,-73.56550868210614,8.048598441521,-15.828222325979604,user,dead,medium
1788983308671,-5.620839063593745,2.043601923590898,3.1265285313479603,-83.81193990890583,2.365249259572164,-17.216818567263413,user,dead,medium
1788983308687,-6.592135580554604,1.8640365068182347,1.4609122908327727,-77.61053795388445,-1.994273511218445,-21.39852504697556,user,dead,medium
1788983308704,-7.360225400653481,1.8650836777836084,0.3383315719489008,-65.81196672876688,-3.87354627360774,-26.14480130310261,user,dead,medium
1788983308721,-7.485922156855463,1.9731220276981591,0.1277916826546192,-52.71242546677488,-5.27115196129362,-26.62616913014302,user,dead,medium
1788983308737,-7.9655089233398435,2.170493734796345,-0.0517735149223357,-42.427994482527815,-3.9271700887815104,-26.813174586976093,user,dead,medium
1788983308754,-8.369380231365561,2.356343638665974,0.0861920634832233,-33.13327156939395,-3.728717234899497,-27.630140343790487,user,dead,medium
1788983308771,-8.455421853527426,2.5583541114807127,0.1400608701843768,-28.626419056885226,-0.4296906958213665,-27.11323333495121,user,dead,medium
1788983308787,-8.490288584247232,2.861071568408608,0.5618900058355182,-26.06952920335449,-1.5391805681414348,-27.34210955894376,user,dead,medium
1788983308804,-8.486246615380049,2.593967861175537,0.7462431683413684,-22.639831673902627,-3.369950022800353,-25.41321120336609,user,dead,medium
1788983308820,-8.569746151843667,2.4607909783512354,0.954389659693092,-25.326454140528583,-4.638568441784188,-25.176995941110366,user,dead,medium
1788983308837,-8.837747684699297,2.063353795026243,1.1475715138860043,-28.588475648498516,-6.199460900636624,-29.32200893705391,user,dead,medium
1788983308853,-8.754698230090737,2.1197665871217843,0.66992872107625,-26.72591892032918,-8.088969128384006,-31.75117254555812,user,dead,medium
1788983308871,-8.838197182032465,2.2894562143072483,0.3118460814096033,-18.217251742920816,-10.486934140306886,-33.15176430657176,user,dead,medium
1788983308887,-9.183858877673744,2.935441165216267,-0.0564127920955419,-7.20506666392984,-14.074458558457524,-34.58541418316827,user,dead,medium
1788983308904,-8.88069250793457,3.104531657464802,0.0348664384588599,2.18301789152552,-14.844413830762017,-32.358830570352055,user,dead,medium
1788983308921,-8.95656052660644,3.24638869035095,0.3232181009039283,1.3882321068236836,-8.633646832614904,-29.06762537160596,user,dead,medium
1788983308937,-9.264364493018387,3.4457056862980124,0.7453453427188098,-1.3149940160660467,-3.188397831689302,-29.731731494795465,user,dead,medium
1788983308954,-8.905233659473062,3.4760819737307727,1.1704656288698314,-5.482745245365091,-3.27584132853839,-29.51724306428956,user,dead,medium
1788983308970,-8.82442818439901,3.6523546325683593,1.3066367250740527,-8.997500401211592,-2.995751065488623,-25.43168686507097,user,dead,medium
1788983308987,-8.57468243920207,4.000262061309814,1.3141183130010965,-13.086573294079084,0.4202368335559961,-19.22738037210505,user,dead,medium
1788983309004,-8.712200566101073,4.175637771307676,1.169119036566466,-16.670143886473934,9.17559160740415,-11.55813917482302,user,dead,medium
1788983309021,-8.565256439208984,4.2441715015687045,1.051054674939066,-12.813518552761254,12.319952861636851,-2.9717756073979973,user,dead,medium
1788983309037,-8.468440909576415,3.481618272808939,0.9689036304749548,-1.246629158559508,8.787085324771947,2.816351237739772,user,dead,medium
1788983309054,-8.767566479492187,3.0342021298281847,1.241992549597472,13.587092971552204,5.761814395133942,9.121464065779092,user,dead,medium
1788983309071,-9.010430063959957,2.8368302765995264,1.5708965871833265,17.33799295332861,5.931934770565095,10.404438261737823,user,dead,medium
1788983309087,-8.954014933776856,2.4173957809999584,2.224364148932695,17.10546770077199,5.6860650359175615,13.742261209116554,user,dead,medium
1788983309104,-9.312695685467125,2.1667526485718787,2.4796451702944933,15.89510524587966,3.191636835459769,17.523815079887978,user,dead,medium
1788983309121,-9.631873863330483,1.944840374457091,2.561646577154845,12.74875043018296,1.6232625447018187,16.486792580846817,user,dead,medium
1788983309137,-9.829545137897131,1.3353662682130931,2.525135001837462,9.8859483565584,-1.3761479013563442,15.16319924989402,user,dead,medium
1788983309154,-10.152613893458248,1.1361992021307348,2.384625876428932,8.082786953411498,-1.71316875163352,11.351797452449642,user,dead,medium
1788983309171,-10.464307853046058,0.9323924935489892,2.036568956214189,7.357200589955411,-1.6477390612010885,3.6487950569870624,user,dead,medium
1788983309187,-10.420913532477616,0.9705500825077296,1.9538195074655116,5.473173589016964,-1.007943608980064,-2.492303584739095,user,dead,medium
1788983309204,-10.060136100769045,1.1278186195373534,2.0576680044747886,1.5848206392274002,0.3145821313889498,-1.0172587063474918,user,dead,medium
1788983309220,-9.353696973419188,1.1613374427795409,2.088941971399635,1.264125541892142,-0.9119371893458952,-0.0069532993277382,user,dead,medium
1788983309237,-9.259126007843015,0.964564286096394,1.5849617912843823,7.890117562209193,-2.789943165087564,-0.5274153615990429,user,dead,medium
1788983309254,-9.134927965766192,0.9141367058902978,1.372775815283507,13.398413264598831,-3.232198981062948,-0.0914337814076169,user,dead,medium
1788983309271,-8.769212493133544,0.7963719117313623,1.3868421884283422,18.82089873912466,-6.033285386337976,-1.168521249645358,user,dead,medium
1788983309287,-8.601170048633218,0.9777323952272534,1.168371433069557,31.048417796950087,-9.754331465025905,-0.0366142562422715,user,dead,medium
1788983309304,-8.411129122814536,1.041178739221394,0.9920980435796082,45.713575020492414,-14.655519826623436,1.8933896961866528,user,dead,medium
1788983309321,-8.134600000110268,1.112705513818562,0.6046864335760473,56.80970227060919,-15.384423954468856,2.621199499660991,user,dead,medium
1788983309337,-7.834726826697588,0.7736269959598779,1.8245327639475464,45.39546237499365,-10.026902116686308,-0.756846858626766,user,dead,medium
1788983309354,-7.605631070819497,0.6289271408632398,2.4049760060183702,25.38253170116168,-2.110090254210001,-5.924260199258939,user,dead,medium
1788983309371,-6.685209585571289,0.6016930969789623,2.498200525421649,12.33268177292882,4.341264394478697,-10.743489705910903,user,dead,medium
1788983309387,-5.257815898784995,1.229572190093994,1.479617502759397,15.877297235166145,2.7411006957762143,-13.09113415289736,user,dead,medium
1788983309404,-4.179377688488364,1.6660650802612305,1.2901765886604786,23.1570357959708,-5.624591198953331,-5.691521930177578,user,dead,medium
1788983309421,-2.214037985229492,2.145653600311279,1.1646304929755626,30.74027722763955,-11.768517538995876,7.973647360663865,user,dead,medium
1788983309437,-2.22211841583252,2.400486731775105,0.5476737758912146,45.42702126405369,-17.827492120575915,19.829417151212063,user,dead,medium
1788983309454,-2.793883699798584,2.4277207756593824,-0.00329173502177,63.96212610528481,-16.599581202158532,25.25432051270408,user,dead,medium
1788983309471,-3.671210139685869,2.42891846101135,-0.9633654317006468,86.44022402228342,-15.193284525640632,27.731310813324008,user,dead,medium
1788983309487,-4.451870103022456,1.9303256730228664,-0.4890143739126622,100.79084761945208,-14.750360418343648,25.23213776582717,user,dead,medium
1788983309504,-4.798281155726313,1.9560633408695456,0.322021292334795,94.27184869821426,-15.587029563366237,20.94163491037319,user,dead,medium
1788983309524,-5.122545843073725,2.2263088532596824,1.7073663010079412,74.97663259481995,-18.034298295812853,20.631076454096466,user,dead,medium
1788983309539,-5.187337171936035,2.760065601348877,2.5381538386907425,63.86127836218957,-20.851174177458248,23.892607895993443,user,dead,medium
1788983309554,-5.361665564838051,2.688239843805134,2.869002361407876,39.86045465653374,-22.50418923962805,26.935347888207403,user,dead,medium
1788983309571,-6.82452277919352,2.577807584491372,3.2924770723089574,-6.59355598555719,-10.930049492900633,21.366032129546515,user,dead,medium
1788983309587,-6.999899219843745,2.907609447699785,2.860922807587683,-36.89419229245641,-5.47564483683604,18.22228217724453,user,dead,medium
1788983309604,-6.758681064495444,2.91419262548238,2.101361015728861,-49.92162041719141,-7.306837336336676,17.448192932944888,user,dead,medium
1788983309621,-6.77349694083333,3.432088956616819,0.242713654603064,-39.299139465258335,-16.453188050130354,20.79260872041997,user,dead,medium
1788983309637,-8.199843164393306,3.7253783677250154,-1.576730261772871,-16.575093266436742,-15.557538514077416,21.071925891433057,user,dead,medium
1788983309654,-8.723124111175537,3.703530985315144,-2.0087340238273144,9.615915120174655,-11.996549380852274,18.655635481967035,user,dead,medium
1788983309671,-9.180866125598548,3.620183132281899,-1.2481269606992602,29.205031702233686,-11.48640511306496,12.048047299646877,user,dead,medium
1788983309687,-9.554512391230464,3.395277813830972,0.279972833417356,25.62819823768141,-10.51096957599616,4.825648176924484,user,dead,medium
1788983309704,-9.56902606975138,3.481319143731892,0.5612915284857154,20.083126235479483,-7.014214103046759,2.284758468411326,user,dead,medium
1788983309721,-10.473287278315423,3.781941674207151,-0.1074387765862047,23.8282265328769,-3.636686412249099,-5.1165058063139535,user,dead,medium
1788983309737,-11.88092646331787,3.8055841233402488,-0.4034225413449108,29.33844237219696,-6.7182684096124525,-19.15486083859244,user,dead,medium
1788983309754,-13.22227735889852,3.602974515588581,-0.0996579134516418,26.92027195316189,-4.976919791567341,-50.28852793412074,user,dead,medium
1788983309771,-14.125641910883784,3.354576970130205,0.8453037004217505,11.698673732090615,-5.017741697802392,-85.7573758600114,user,dead,medium
1788983309787,-12.30215807146728,3.053505526843667,1.129166673145443,-2.22238795567512,-0.8588112842904485,-95.14859910083378,user,dead,medium
1788983309804,-11.71453120150268,3.181146695111692,0.4869216394171118,-7.20651978667576,4.381740949273838,-92.53642740370825,user,dead,medium
1788983309821,-11.429919894629716,4.325125883594155,-1.2384002241939305,-0.6369612972414395,22.268129364175948,-79.27877067752505,user,dead,medium
1788983309837,-10.812515726038813,5.087978241430967,-2.1725871999442576,14.62264441860087,32.06433330390861,-64.49785199283475,user,dead,medium
1788983309854,-10.57863098231852,5.349394842938334,-2.205209074346721,35.762112343188896,33.208147518170215,-49.12613219022213,user,dead,medium
1788983309871,-10.083182045313716,5.364509117700904,-1.4634545957267284,55.97721832400053,30.073879575983497,-29.738462646222512,user,dead,medium
1788983309887,-10.453385477015376,4.760870731873065,0.036362303039804,62.5109158123322,34.16778226636784,-10.935175549872726,user,dead,medium
1788983309904,-10.618434000396729,4.584746541595459,0.8880994705751538,53.25843420412028,40.48158864456011,0.5300034696859488,user,dead,medium
1788983309921,-10.778846680670975,4.573973657038063,1.435025569904223,46.581476913042174,43.17447268710768,11.220218980731223,user,dead,medium
1788983309938,-10.6541979722172,4.561852426611632,0.8619131091129034,50.447534737998645,37.99427963565159,22.026912695900485,user,dead,medium
1788983309955,-10.799496085467934,4.496760068976134,0.6205482387702912,50.44637702093433,33.53872867399883,22.50986854192292,user,dead,medium
1788983309972,-11.00539684371948,4.262427581488341,0.343268918753229,46.368412576978216,33.65639234283064,21.026054340967253,user,dead,medium
1788983309988,-11.036371243175864,4.487482099151611,0.1644526763800531,39.88553169607144,34.535379632403334,25.613489425303783,user,dead,medium
1788983310004,-11.22491520843506,4.460847190204262,0.1464963648582808,38.70389872437548,35.75227345568949,28.309703185071736,user,dead,medium
1788983310021,-11.974300328063965,4.255244538116455,0.3091519538046675,33.86098724432379,36.73009016745768,23.586039977739297,user,dead,medium
1788983310038,-11.5497790307194,4.538209831348062,0.6013943149617873,16.221979316536252,34.45929132504939,22.647059721591795,user,dead,medium
1788983310055,-11.145308587756752,4.706701773181558,0.4296100353183225,5.750589833006671,34.121675074375666,35.10245950333823,user,dead,medium
1788983310072,-12.154164727783202,3.8657381477907298,-0.7638995653348043,10.23024794733499,33.77645340806112,36.717976826964666,user,dead,medium
1788983310088,-13.047501806750892,2.627786544147133,-1.041177716308087,28.212169791271247,29.67858920795818,20.493439604584243,user,dead,medium
1788983310105,-12.786532656750085,2.4211367210939527,-0.5464759444087743,40.94123647003988,20.374384284709045,9.433549069335315,user,dead,medium
1788983310121,-11.888856671795248,2.151938964191079,0.7260421648990363,42.63958691282564,11.253138784983392,1.623987611970898,user,dead,medium
1788983310138,-11.55531503753662,2.728492651477456,2.3847751487065105,17.93968822297713,3.101480045962893,-5.876971384540356,user,dead,medium
1788983310154,-10.96155419486165,3.0924115960821505,2.9732999904241413,-14.592873331556078,-2.3628753419487616,-1.406893997905157,user,dead,medium
1788983310171,-11.80326513148844,2.9492078247621656,1.7154459278933702,-34.0211073690364,-1.9319134572094057,-1.1445513410834327,user,dead,medium
1788983310188,-12.773814629474282,3.0894185517460104,-0.2489964611995965,-33.73922887708456,-0.5423025059470261,-2.742460757194693,user,dead,medium
1788983310204,-12.866589359283449,3.337517698779702,-0.7031464790126308,-22.00275260925886,-2.937916225248129,2.5521070135644344,user,dead,medium
1788983310221,-14.123096318054198,3.592948796136677,-1.1514608129421249,-5.224772842395118,-8.013241113508782,7.680488811297747,user,dead,medium
1788983310238,-16.84051578685343,3.8326685296207663,-0.787093028591387,7.618964174801564,-6.49515387707164,7.009686114513863,user,dead,medium
1788983310255,-17.407192223247886,4.054580803735554,-0.0073316945949569,-5.814736408370493,1.6745392294003376,10.470013200411826,user,dead,medium
1788983310271,-18.014571841430666,4.49122333150655,0.9967367362309246,-26.241257234561537,9.86193511898393,13.349246147858496,user,dead,medium
1788983310288,-18.683153239551185,4.77538543330729,0.4257198229467496,-40.56306938626378,6.886393942919139,3.259916529045094,user,dead,medium
1788983310304,-18.321928648597,5.120150764630735,0.0086796751378104,-39.62990503619454,-0.5596653270648746,-5.415993806606557,user,dead,medium
1788983310321,-16.21054147502482,6.2834334962591525,-0.4797374270014464,-34.46040806097869,-6.666230905873418,-0.3359906923316937,user,dead,medium
1788983310338,-15.497817568317055,6.932860404315591,0.2084458030918613,-43.465978330694654,-10.953771593661733,7.936703721216912,user,dead,medium
1788983310354,-15.727511874610183,6.810457136701047,0.7044943134250119,-68.05219364445018,-12.36151712405732,4.91592107963725,user,dead,medium
1788983310371,-15.070751847186685,6.925078956659138,0.8647563149158842,-99.58036734379657,-9.130181948480969,3.055761534423178,user,dead,medium
1788983310388,-13.178883038330078,6.730699709375203,-1.8957581079127264,-109.75618807495664,-4.989718712298298,6.662451676828286,user,dead,medium
1788983310405,-12.568363368555902,6.78606591502726,-3.793761692055658,-78.13529455762736,-1.7490321539745526,11.14625827730374,user,dead,medium
1788983310421,-11.809998823657631,6.296750658471882,-6.399700249863078,-26.1215496316206,2.0882530722164128,17.116816060077966,user,dead,medium
1788983310438,-12.03445464477539,5.917868245752156,-6.095486777657189,11.651139030561913,7.618007094544117,20.553400127760494,user,dead,medium
1788983310454,-11.54394199512899,5.268889958246052,-2.029384348789591,2.3712818107131666,14.524301647383735,27.441121688699557,user,dead,medium
1788983310472,-11.425729457202554,3.5564372208192943,0.6799539793038507,-29.244172101272444,15.32479298792006,26.13292872677784,user,dead,medium
1788983310488,-11.301979158893229,3.0339030007511374,0.932542391447653,-56.936822336346886,17.894380163117848,22.82082827181338,user,dead,medium
1788983310504,-11.301380023956298,2.48024357457906,-1.0913061400376725,-52.27879724693828,17.94455131766618,12.892832416950734,user,dead,medium
1788983310521,-10.375272894287107,2.425925124414265,-1.8388958550166337,-38.73652995313522,14.886892484757617,6.541173984151893,user,dead,medium
1788983310538,-9.545682019042967,2.4455276505067944,-1.770960501640709,-29.510850007226423,14.383442656130562,5.202642602597453,user,dead,medium
1788983310554,-8.360402559661864,2.763207991027832,-1.054046431500418,-30.045660649427592,14.780804279021686,4.577873246385339,user,dead,medium
1788983310571,-7.450606513324379,3.0482679184511303,-0.5039787918757647,-32.84602796384906,13.487272318153408,3.883064569102976,user,dead,medium
1788983310588,-6.630442222595215,3.1606457588747143,-0.4212291239313781,-32.34844185262447,9.63351822521307,9.450729556418835,user,dead,medium
1788983310604,-5.816115551978349,2.894291408704221,-0.4985920527695445,-25.516266805110533,8.67779205276799,18.25573985889384,user,dead,medium
1788983310621,-6.164022396197915,2.08460175023824,-0.4673173506257589,-19.22511957948977,9.281462954633934,16.617524109108157,user,dead,medium
1788983310637,-6.228215174645185,1.6388304518550634,-0.4228751056066946,-16.982596012698043,12.521574923293752,13.078415486889153,user,dead,medium
1788983310654,-5.83526799621582,1.2826938316896557,-0.0935228447627276,-17.66578568442857,13.753474672186424,5.660364741618096,user,dead,medium
1788983310671,-6.2777469750553365,1.1608891144901514,0.4568443531972356,-19.61827380585217,14.105764730518278,-4.649002836401852,user,dead,medium
1788983310687,-5.926697156634926,1.4571712776735424,0.6461360041517298,-25.271771646033464,17.9205619857538,-8.082691330763119,user,dead,medium
1788983310704,-5.17102667312622,1.7155957116276024,0.6560118120052386,-31.12449244392569,23.20614656365048,-9.105073319318354,user,dead,medium
1788983310721,-5.032012170189619,2.0278888061523435,1.0214269773839042,-34.258879914422884,16.71388100282411,-14.246522976481192,user,dead,medium
1788983310737,-4.89644167022705,1.970578188434243,1.0187333269862924,-36.492341527733295,10.010420870219068,-17.057497574683698,user,dead,medium
1788983310755,-4.285322865515947,2.026094031690061,0.8236058916835579,-39.87786139363352,9.997096878695666,-11.439828345567353,user,dead,medium
1788983310771,-4.799477087512612,1.997213974164426,0.0296290218625683,-36.33533255418763,13.579400470999476,-10.07820452131592,user,dead,medium
1788983310787,-5.021688929095864,1.8770546860843893,-0.3929475254892371,-27.568265660099343,17.55706614831489,-11.608561338823344,user,dead,medium
1788983310805,-5.2632028525203465,2.032827139337361,-0.2971796417460777,-18.333523760709237,18.37475932027589,-16.013274348710052,user,dead,medium
1788983310821,-4.924723177337646,2.383129061999917,0.8605663341464475,-19.74326285256882,17.192518461743802,-12.631774049136384,user,dead,medium
1788983310837,-4.957044899749755,2.518551093402505,1.3765167736438102,-27.17046349000675,11.850234775999551,-8.576934064388995,user,dead,medium
1788983310855,-5.451298489490151,2.111985723987221,1.7573449866690671,-37.27934324465885,0.4456644272167636,-8.26548512219923,user,dead,medium
1788983310871,-6.550834432873129,1.981052236175537,1.074099194711633,-39.180246362375925,-2.8365312450859865,-11.945755825315826,user,dead,medium
1788983310888,-6.881532952660322,1.9592048537656663,0.8457526680319569,-39.05372735328519,-4.221591369370434,-13.464076995732045,user,dead,medium
1788983310904,-7.188290624889731,2.0355203239440915,0.8479972183886216,-41.95988063757182,-3.4801747618523726,-12.533164900541616,user,dead,medium
1788983310921,-7.7500313584476705,2.0474916245058177,0.5758064411241386,-47.79618849088851,4.967617500804607,-15.419949475889384,user,dead,medium
1788983310937,-7.663093079707026,2.1086939889654515,0.5214880080840084,-49.24717680269309,3.379803211008331,-16.201840503768473,user,dead,medium
1788983310954,-7.83337891921997,2.488473935046792,0.4077630639004055,-43.81293828015296,-4.397973320723197,-17.287044864762194,user,dead,medium
1788983310971,-7.906102794647216,2.416797522845864,0.1168683019769377,-33.04184607225874,-14.770448004692652,-16.963316096218392,user,dead,medium
1788983310987,-8.03808257664144,2.344372630365193,0.2446580849354155,-31.375894631800936,-17.731837028797177,-14.957890593632609,user,dead,medium
1788983311004,-8.378208849987388,2.1107883308961988,0.1743279910432174,-36.24865403852558,-11.174625760474097,-13.824590601824594,user,dead,medium
1788983311020,-8.6111969371289,1.990929194806516,-0.1768706612633541,-40.85235863346509,-3.9582816004509183,-16.479779684116508,user,dead,medium
1788983311038,-8.5740856423527,1.9771622429996727,-0.4848254343228414,-35.03999400828388,-1.9570912420373652,-17.70599159297785,user,dead,medium
1788983311054,-8.860043103137611,2.169895184381306,-0.7170620455099269,-26.296347832859567,-3.615113259755614,-20.83645511979687,user,dead,medium
1788983311070,-8.457367142376302,2.32417126159668,-0.2784752518033608,-20.53755238133877,-5.023272870369633,-22.150967714248136,user,dead,medium
1788983311088,-8.13983673171997,2.395398760986328,-0.1051940663993358,-19.89377973130839,-3.089064256155691,-15.748384244771325,user,dead,medium
1788983311104,-8.264784715381264,2.6146184350162742,-0.3556874150931835,-17.803297882988435,1.4281908479023735,-10.61944066397878,user,dead,medium
1788983311120,-8.63124662246704,2.420238895471394,-0.7285844332603737,-5.071210979946191,0.3085499804543443,-8.625145808419177,user,dead,medium
1788983311138,-8.89894946463704,2.1627128716617823,-0.7362157683890312,5.099092239025006,-2.367002483754742,-11.087792711782075,user,dead,medium
1788983311154,-9.183857708629963,1.862838821466267,-0.0137658558283001,7.247500921695837,-3.455042867357899,-15.196151497544747,user,dead,medium
1788983311171,-8.985738105773926,2.2047604537963865,0.6144129508856684,-1.3005599053591057,2.4037134698830918,-14.439035273332587,user,dead,medium
1788983311187,-8.890868449512123,2.3265657555177808,0.5816427540536969,-4.886315197793007,5.532388340913213,-11.821917665474324,user,dead,medium
1788983311204,-8.941445375061035,2.3307553161621093,0.2567794066933915,-1.5970499862146024,3.306675577216178,-10.889811994726442,user,dead,medium
1788983311220,-9.325866132685542,2.5026897996649144,0.3170834340738132,1.462563134570228,0.8050163942223107,-10.923381520723408,user,dead,medium
1788983311237,-9.315539384460449,2.599654090118408,0.4996410549324006,-1.95882354876561,2.334496332834182,-8.925289079985278,user,dead,medium
1788983311254,-9.362976258417964,2.695273103442788,0.4768962487587705,-4.28916926101854,5.661461840753529,-5.148986344025126,user,dead,medium
1788983311270,-9.739464469477534,2.692130713763833,0.0843959007814526,1.6605080998544273,9.505870527361996,-3.211751529122045,user,dead,medium
1788983311287,-9.720309687152504,2.635717337146401,0.0469866094393655,10.548254724901613,8.348581203641606,-3.8545715812066215,user,dead,medium
1788983311304,-9.253591170069576,2.6821049943119286,0.6346140639258548,17.032162695504827,5.400125142730501,-1.067099557216427,user,dead,medium
1788983311321,-9.028385407367349,2.699612593951821,0.9742907303407788,21.056622852597645,1.830331682221803,3.7061545587500064,user,dead,medium
1788983311337,-8.911668076434731,2.3930048515871167,1.3295305477969348,25.438114073079955,-4.454463680914256,9.911171391389614,user,dead,medium
1788983311354,-9.325566272956133,1.990479989734292,1.239898572992906,28.290727212010147,-7.202668413757519,12.138753065598292,user,dead,medium
1788983311370,-9.471611989703774,1.7857757477909326,1.2321164312167092,28.21640792365124,-6.79606725246666,14.597611775292776,user,dead,medium
1788983311388,-9.938032400622964,1.3744219750553368,1.0868181353028863,25.60304265096825,-4.530692007146183,13.033828865760954,user,dead,medium
1788983311404,-10.095003416010735,1.1798933824285864,0.9377800318062304,24.71368884178277,-4.783610923903994,10.801338846859974,user,dead,medium
1788983311421,-10.121038605499267,1.043273373413086,0.8677493775183335,26.676884992277657,-5.773265634164291,5.25830907121988,user,dead,medium
1788983311437,-9.791386964416503,0.8271969658449292,1.016339664182253,25.06485277267522,-8.8651415803805,-2.566453399029223,user,dead,medium
1788983311454,-8.790162342181802,0.7743748917177319,1.0356428420020267,22.23610943734693,-10.69392558442506,-6.6385268048262,user,dead,medium
1788983311470,-8.168865842327476,0.8481459381103515,0.8822638962894678,19.124819959075428,-9.653691188926704,-6.799436670161592,user,dead,medium
1788983311487,-7.259668930926918,1.3950719643741845,0.4815340280946343,19.902520665898717,-7.021928374827464,-1.9384838857475464,user,dead,medium
1788983311504,-6.49921062861979,1.4272437569215892,0.0128701125649735,25.895972388997173,-8.268383683728254,2.5883789465951987,user,dead,medium
1788983311520,-6.312761589813232,1.3965680481508371,-0.0309747282499447,33.1752840629787,-10.01519431867526,5.716644219718532,user,dead,medium
1788983311537,-5.8479877770572894,1.3563158250004053,0.1551751449469476,36.60376923385289,-10.13278797806808,7.16376963266065,user,dead,medium
1788983311554,-4.861127780261636,1.3395561211183666,0.518794156756997,33.978029365941126,-8.786170079423167,9.742355582089932,user,dead,medium
1788983311570,-4.231750849804282,1.3275848205566405,0.5380972980441525,32.66061906373448,-8.146801193860151,15.435775024196303,user,dead,medium
1788983311587,-3.3104332924991846,1.2762597069889303,0.5403418986331671,35.3068904802913,-6.680903859757898,21.96166219121206,user,dead,medium
1788983311604,-3.340960532709956,1.2834426042303442,0.4466686856143176,39.15484830394723,-6.636966533487676,20.06484352661865,user,dead,medium
1788983311620,-3.2692823669433597,1.2213427064090967,0.4414311502870172,42.5191057909612,-6.177600880197998,18.19773276982021,user,dead,medium
1788983311637,-2.264765132904053,1.0078095535829663,0.981623593979515,38.77407550300278,-12.260142602622343,23.208523469481644,user,dead,medium
1788983311653,-2.168699544855952,1.0411790314823388,1.322647729480639,33.27710169293608,-20.1823159501537,27.681848290902067,user,dead,medium
1788983311670,-2.5071786355167625,1.0313029496341943,1.0265148751074449,33.6435789079477,-26.449422617443307,30.90902388127388,user,dead,medium
1788983311687,-3.714903150939941,1.405696234241128,-0.1569690060937777,44.78656808595994,-30.375722710879288,36.42062112635357,user,dead,medium
1788983311703,-5.355827944725752,1.9940707077026365,-0.8259989516993984,55.88003156230042,-27.056867198825685,40.44538522686446,user,dead,medium
1788983311720,-6.157587394714355,2.2014687187746165,-0.8288425045622512,66.70063581148806,-27.481687889727556,40.97556500080836,user,dead,medium
1788983311737,-8.032547154346108,2.4356521531805395,-0.0691315134910866,72.47489139619518,-40.18382996278799,35.81094136556531,user,dead,medium
1788983311754,-9.87039561920166,3.0840313057497144,1.222090711764805,58.29684618878524,-41.411522315151934,26.951031710089044,user,dead,medium
1788983311770,-10.371083041381835,3.536086798968911,1.8366522773409264,22.346637266043366,-31.736709619990613,18.194790665835228,user,dead,medium
1788983311787,-10.555437153735756,3.678092592675984,1.2693768521400168,-16.148459160310235,-11.66095657372016,9.30449349874157,user,dead,medium
1788983311804,-10.531493968090414,3.921103768920898,-1.122131513811648,-39.9704992493464,12.834632375033056,-10.173855344226425,user,dead,medium
1788983311821,-10.002973951610922,4.563198726654052,-2.281224977056682,-33.66051777708933,22.035055988938435,-16.99848644780208,user,dead,medium
1788983311837,-8.106018633270264,5.494992085266113,-3.401262222002819,-6.574738814393805,7.849814323464241,-10.686120385751028,user,dead,medium
1788983311853,-7.311892454639077,5.997625380817055,-3.343202502950467,47.51952484836797,-30.78317423072181,12.536429730964883,user,dead,medium
1788983311871,-7.918374831721186,6.191705937415361,-2.705746931988373,64.31557473445463,-40.16260856503676,28.3016708826078,user,dead,medium
1788983311887,-9.713426357379555,6.020819209399819,-0.7695857577450573,39.50637081977111,-14.226293663706908,37.42914978372473,user,dead,medium
1788983311904,-12.5189817902714,5.382016278949379,-0.3229172913264483,17.303077026291504,10.514590430029912,20.54240352319677,user,dead,medium
1788983311921,-13.118876605656745,5.170876451000571,-0.6295248144954443,10.349875295553176,19.14574082850318,-1.3415526730451124,user,dead,medium
1788983311937,-12.084283966827392,5.049221955926716,-1.0323495360776782,13.131289688801512,19.61952373047028,-9.295441790544013,user,dead,medium
1788983311954,-11.630433114624022,5.638644477136433,-1.3624492131888866,19.29435891465349,24.146375036868804,-10.440089287884351,user,dead,medium
1788983311971,-11.373954261779785,5.585972040612996,-1.3380582837760449,26.003500057100684,25.46193777290496,-11.484667683694838,user,dead,medium
1788983311987,-10.677093694636223,5.85397386572957,-0.2286461124144494,26.463342542971795,18.88180182840637,-9.12854184930652,user,dead,medium
1788983312004,-10.379163471984862,6.389226989856362,0.3615254735969007,24.19948829540212,14.719633104815053,-1.9297559712053285,user,dead,medium
1788983312021,-10.371382901111245,6.28822160731852,0.3517989562872797,24.4129573201744,9.810179360548158,1.41637440719484,user,dead,medium
1788983312037,-10.773011398646236,5.676054754859209,0.1324304940369445,25.29316209096665,7.477857589190979,-2.460746616669756,user,dead,medium
1788983312053,-10.841843527331948,5.466860800281166,0.1515830912547535,21.672331962875734,11.311272232556664,-7.608702669347267,user,dead,medium
1788983312071,-10.87206915424764,5.319766451263427,0.1227037141491309,21.51983432927686,14.176791867697242,-9.051913957008145,user,dead,medium
1788983312087,-11.265017501720786,5.907542958831787,0.1414081292080227,21.209456873013146,15.607038602539788,-8.339770259612289,user,dead,medium
1788983312104,-11.33908753105998,5.955127716827392,0.2989765716328285,19.82158121668677,19.87190434294413,-5.479081702649026,user,dead,medium
1788983312121,-11.039665024024249,5.766585212872922,0.3136408924045041,19.554491791835297,18.25398450027714,-2.6397259608978274,user,dead,medium
1788983312137,-11.244217874798178,4.742165300750732,0.3497040115683339,22.508482013521405,11.236438972462713,-10.42850101818378,user,dead,medium
1788983312154,-11.558308374133706,4.1337390961244695,0.6760634975042193,12.526176763247047,16.973426483737303,-25.980968970576104,user,dead,medium
1788983312171,-11.4344096072644,3.9444478196293113,0.9340387629186734,-8.702699191350087,30.806997930546817,-37.27120507426277,user,dead,medium
1788983312187,-10.433481337627768,3.7786490624025455,0.940622780951485,-26.89926570636952,41.14887422080827,-39.11580011246227,user,dead,medium
1788983312204,-9.265410202679035,4.056676022449135,0.400730087390542,-26.7455488840038,25.20471284876228,-23.918303067651028,user,dead,medium
1788983312221,-9.827599849048257,4.120571279254556,-0.4532517903316765,-2.767200342698714,11.208161135525213,-21.046918861334348,user,dead,medium
1788983312237,-10.752809153094889,3.7476743706852194,-1.9939202663812785,25.641455634860403,8.479131731889936,-23.64400267058332,user,dead,medium
1788983312254,-9.68439783129394,3.742437346814573,-1.3488326296381652,36.7387406020415,9.538327586297896,-16.90233104466664,user,dead,medium
1788983312271,-9.585786065894364,3.879205532129109,-0.7624031527645886,29.960037397992316,11.985207851735469,-6.668898948517954,user,dead,medium
1788983312287,-10.209175154113767,3.833117150171101,-0.5689214388422668,22.20514818983926,14.975842038318692,0.2175676452023961,user,dead,medium
1788983312304,-10.784232465362548,3.2733231667667626,-0.9328404565121978,18.24278128249103,8.782321267825864,-3.924190845642915,user,dead,medium
1788983312321,-10.83376251220703,3.241749632373452,-1.01843323892802,13.350081992258175,8.648546890289287,-5.171276239494639,user,dead,medium
1788983312337,-10.389188606914876,3.3888431046083567,-0.636857130144909,0.9558046128988312,9.626735847367248,0.4940931097943721,user,dead,medium
1788983312354,-10.877458446070552,3.0919623910099268,-0.9054564096979796,-17.22554071883352,15.00858425765244,2.4025578872528897,user,dead,medium
1788983312371,-10.902447925898432,2.7823624810919165,-1.2717697020933032,-20.43799895909125,14.270922973517418,-2.606879581179236,user,dead,medium
1788983312387,-11.155184669604896,2.768595529285073,-2.133532589080557,-12.54258970782259,12.960882445425217,-9.452881919781037,user,dead,medium
1788983312404,-10.012253236609697,3.3444010285526518,-1.8040304394710809,2.8464386479205013,0.2738050749507539,-6.515565043632576,user,dead,medium
1788983312421,-9.899126623645424,3.408595560565591,-1.6029172808222472,10.672701625352891,-4.395613063478134,-2.0209974801197665,user,dead,medium
1788983312437,-10.888978203472494,3.5895068389892577,-1.1882716999996452,7.815373948348098,2.3066014133770265,-2.60188030959361,user,dead,medium
1788983312454,-10.531944049945473,3.761291100366413,-0.4979935069210827,-3.2020503126231,9.87066068564862,5.342083475824202,user,dead,medium
1788983312471,-10.826429100579023,3.552695988464355,-0.5282197183586657,-3.668931308433906,7.98789086640428,6.139013726482011,user,dead,medium
1788983312487,-11.776930082270502,3.2344176820501684,-0.3037641164366155,-1.3237746511309212,-1.0333079433497294,3.282492865572925,user,dead,medium
1788983312504,-13.829208064270018,4.502147168841958,0.0932248116642236,-6.359720190453572,-9.740517407429552,14.317949679726604,user,dead,medium
1788983312521,-15.744269532665609,5.495441290338337,-0.0869387171320617,-6.555750034727523,-8.187798550579505,22.49067912544977,user,dead,medium
1788983312537,-19.11455845119059,6.45776072011739,-0.8578720170285552,0.3985661641038531,-3.767263834367288,13.590175948188818,user,dead,medium
1788983312554,-19.15376291885376,6.33026948171407,-0.4721056900139898,0.1236977674375457,-11.6146982637926,1.1001385696139538,user,dead,medium
1788983312571,-17.14293279953003,6.585401888385415,0.629974896350503,-18.365559055463887,-15.729247762264242,3.827028843378545,user,dead,medium
1788983312587,-16.3311487991333,6.580014934650063,0.0417496951665729,-26.72317318428283,-13.835270456365556,4.56431062512781,user,dead,medium
1788983312604,-16.07003001152873,6.401795964050293,-0.55171318747513,-25.61625565191764,-14.313755089802568,1.514139600540287,user,dead,medium
1788983312621,-15.173403243365884,6.74491528173238,-0.7636001805294305,-27.59878465285825,-15.334232309353016,0.4827675355725802,user,dead,medium
1788983312637,-14.315232170325515,6.958598364423215,-0.6675329119808971,-33.72299351742743,-14.907866288151434,2.389269113892395,user,dead,medium
1788983312654,-13.79643801356852,6.994211529596149,-0.8315355430385097,-36.45058175114784,-15.601244894576324,6.856956681370031,user,dead,medium
1788983312671,-13.26716922454834,6.561010958972573,-1.8037312373287973,-33.62696447279164,-11.894747118820526,12.492167543822262,user,dead,medium
1788983312687,-12.798653887176512,6.017676527459919,-2.4539062968714163,-31.03937804158357,-9.340587633410502,16.04332035086894,user,dead,medium
1788983312704,-12.6532073053658,5.693262787030637,-2.7084398243341594,-24.76107157160244,-10.502315726317754,17.413422147427646,user,dead,medium
1788983312721,-12.29018472507894,5.074959623773395,-3.189225481746905,-13.826088974573766,-9.959285805224122,18.5580440315586,user,dead,medium
1788983312737,-12.498331216430664,4.422389741516113,-3.2483322621667754,-10.370363301742277,-3.812450658368799,13.831828894797516,user,dead,medium
1788983312754,-12.13740531616211,4.054880663464963,-3.127724499666877,-9.050887721085353,0.4695488783727841,9.98670730719443,user,dead,medium
1788983312771,-10.951078393554686,3.5603275062561037,-2.9074578738672656,-10.560566994654208,6.899748243406984,8.13269770699772,user,dead,medium
1788983312787,-9.947609791785478,3.254020208142697,-2.428916707445681,-12.435757865240774,12.48513927916632,6.810728680406915,user,dead,medium
1788983312804,-9.515006894794103,2.954296087811887,-2.328809588921815,-13.100384790354497,18.65828047272312,5.022627417493067,user,dead,medium
1788983312821,-8.591144913703202,2.3895640634834767,-1.6741450359402223,-14.425287810080643,19.21075910675982,-0.1153634692266756,user,dead,medium
1788983312837,-7.505373876300454,2.0828060989931223,-0.9160806430323049,-18.19817673211626,20.32488078115208,-2.085538072021333,user,dead,medium
1788983312854,-6.915052360424399,2.0720318992614746,-0.5820893287774175,-25.674940637266392,25.959679270933176,-1.5868760992807511,user,dead,medium
1788983312871,-5.773616718944907,1.6727990646913646,-0.1420055014461279,-35.05020172599846,32.34934002250032,-1.3842101926196038,user,dead,medium
1788983312887,-4.954950557819009,1.4691425782352685,0.0359134267611429,-38.074083565914016,31.82590506036181,-3.1299683381041934,user,dead,medium
1788983312904,-4.518159561488032,1.552192325104773,0.0224465173467993,-32.758639108513336,23.43471372158308,-4.798684724515389,user,dead,medium
1788983312921,-3.817106218829751,1.773505172021687,-0.1785169306330382,-21.65933069779062,12.901668120415792,2.779764689120364,user,dead,medium
1788983312937,-4.46294153213501,1.8043308106571436,-0.2293939351070672,-15.86624940418365,9.610467190537925,5.28921183523278,user,dead,medium
1788983312954,-5.1235921372562645,1.5949878029972313,-0.2645586989253759,-12.802701240663248,8.760972657801343,1.8369889822284495,user,dead,medium
1788983312971,-6.208164904785156,1.2517188477113843,0.2368768382083624,-20.71763202635345,6.019516578744876,-9.75737943694302,user,dead,medium
1788983312987,-6.380695892876386,1.1185407958433031,0.8060985021062195,-32.97547029390456,1.0003143943988655,-17.4918088134373,user,dead,medium
1788983313004,-6.383689229473471,1.2883800606325269,0.7423530655676499,-43.28690101594068,-1.3024657415809506,-21.801195434399077,user,dead,medium
1788983313021,-6.313360140228271,1.65364515914917,-0.209791116753593,-43.6320577954581,-3.2262234193128325,-24.118881817912207,user,dead,medium
1788983313037,-6.368726638141274,1.9051865555912253,-0.895879383861646,-36.48814779158291,-6.639243120915405,-26.39727412313026,user,dead,medium
1788983313054,-6.265774797710776,2.069787335205078,-0.8584702021174132,-31.988419166378502,-8.956920539805253,-27.101031201998985,user,dead,medium
1788983313071,-6.160881175562739,2.4004873162969944,-0.7378623665522783,-29.173360115052336,-7.963868237319699,-30.13002714605559,user,dead,medium
1788983313087,-6.09054974822998,2.3291095947816967,-1.030852648583427,-22.369173475209823,-5.78426480004895,-33.41936770315827,user,dead,medium
1788983313104,-5.783344332233071,2.3660703751713035,-0.9768334005609154,-14.824160612325636,-3.8079768844624406,-32.91178561008336,user,dead,medium
1788983313121,-4.97949229387939,2.395549275372922,-0.2240067073770798,-14.399005242154436,-3.2561176632060973,-23.632382811257838,user,dead,medium
1788983313137,-5.185542105212807,2.5348615922123194,0.2908962688939646,-19.563213943405405,-1.4201646285756682,-18.161805974785945,user,dead,medium
1788983313154,-5.600936093249917,2.354997192493081,0.2382239785009995,-22.09358900257815,0.62995229585339,-16.878521005219973,user,dead,medium
1788983313171,-6.101024965015053,2.25354289714396,0.1942304499303922,-24.332461833258503,-1.5086506897685354,-18.49375829109044,user,dead,medium
1788983313187,-6.310367388153076,2.258480938068032,0.096067853070423,-25.89137054904388,-1.5175819091602676,-18.49066763049101,user,dead,medium
1788983313204,-6.532578645214438,2.447772214563191,0.0182564909115899,-32.53031271474898,0.561509531501631,-15.95288352361609,user,dead,medium
1788983313220,-6.885425283923745,2.522441671100258,0.0149645001614931,-38.82203026116544,1.2574477513179851,-17.27488883558686,user,dead,medium
1788983313237,-7.301866735187173,2.498798637445271,-0.1669945794152096,-41.9631420529005,2.9987241187682825,-20.218662801821925,user,dead,medium
1788983313254,-7.678055086517333,2.744653220422566,-0.4915585374035639,-41.25480703974058,8.56451507293062,-16.615934382578835,user,dead,medium
1788983313271,-7.579743765369058,2.9676135422855614,-0.6091740775512299,-39.96786962651594,11.422355867896812,-10.860454134126432,user,dead,medium
1788983313287,-7.600394923731685,2.9278102319464088,-0.5951080514662666,-37.59920441858512,11.696170467759806,-9.169845710764877,user,dead,medium
1788983313304,-7.987954563903808,2.690783390808105,-0.6872847971159731,-32.69017670736771,9.002531689308952,-7.983268535883473,user,dead,medium
1788983313320,-7.942315679278969,2.6352681320741773,-0.6043853454373543,-27.92081270429872,6.311933625699224,-5.214439193067712,user,dead,medium
1788983313337,-8.082976195856928,2.605790108655393,-0.6223420405516168,-23.83287959924897,6.148562757828512,-2.0652466472142827,user,dead,medium
1788983313354,-8.50390677523315,2.669685365460813,-0.7598587244122056,-18.79539139766925,8.240357710016399,1.1216722350763,user,dead,medium
1788983313370,-8.812756451305747,2.452111705072224,-1.0414772381107789,-8.066631848477126,10.721172062797889,4.508073835709687,user,dead,medium
1788983313387,-8.858246282848715,2.40377875905782,-1.0419258403948042,1.3170937656272967,8.965343016825527,6.12771104406611,user,dead,medium
1788983313404,-9.219621095928549,2.238279569299519,-0.8083414130616468,9.755143403763489,7.878032396246502,4.998774262477267,user,dead,medium
1788983313420,-8.988281360515952,2.063053643035889,0.0401039189872331,13.151505341197456,4.372615816542702,7.845956974130476,user,dead,medium
1788983313437,-8.978556085315347,2.128146585193276,0.4967977577978745,9.671782652490776,5.062050842495557,11.4735267913849,user,dead,medium
1788983313454,-9.37943347222209,1.9723732551574704,0.9376299923436716,5.743602976372572,4.965378479417312,11.24395986451254,user,dead,medium
1788983313470,-9.913192558398842,1.666215010125935,0.9906016675420104,0.6691716689544263,4.537677583119814,7.88126734459215,user,dead,medium
1788983313487,-9.981578112360834,1.588703315900266,1.0540478471393695,-3.628330529573234,2.525257753380526,6.065602426395891,user,dead,medium
1788983313504,-9.944767261835931,1.4969754647955298,0.975637907166034,-2.4691812599644867,-1.1840776458102966,5.492527783803842,user,dead,medium
1788983313524,-10.084228339496256,1.6609776939943433,0.1791166866244748,16.520987922926487,-10.869391436655397,4.122852447181437,user,dead,medium
1788983313539,-9.9974379447937,1.8634370796203608,-0.3423699788858182,40.50873181632174,-19.786769450034505,6.420235239613062,user,dead,medium
1788983313554,-9.416694404602053,2.177376772308349,-0.5734108226833865,54.472281763036605,-20.00222776740256,12.448584106728411,user,dead,medium
1788983313570,-9.341576327514648,2.210895595550537,0.7152686227545142,48.769982221235566,-14.489279852414494,18.187741910611773,user,dead,medium
1788983313587,-9.453954752460122,2.054225608935952,1.2885301183613949,36.9335546726432,-11.761682227183984,17.62879337988378,user,dead,medium
1788983313604,-9.821464122772216,1.640028429467976,1.8599963828482664,22.816016403543102,-8.953988681104025,13.805032355136262,user,dead,medium
1788983313620,-10.192715602222084,1.5414175408512354,1.948581625078339,4.89832565856165,-7.8815747031048,5.115550006716974,user,dead,medium
1788983313637,-10.159347001105546,1.607258086505532,1.7964002185872754,-2.034611754682895,-7.800676235027876,-0.2300946923878755,user,dead,medium
1788983313654,-9.708787591663002,1.7058689751222729,1.15789657247751,-3.0696485896662837,-9.115573881393605,-1.3618557305180925,user,dead,medium
1788983313670,-9.121459996905925,1.7711112626224754,0.6051349993274546,2.542013274631625,-15.043880967735774,-1.2207336702601683,user,dead,medium
1788983313687,-8.965088700976967,1.7441762016847728,0.3699048734467709,8.121447531661063,-18.381717575492843,-0.0245801499456899,user,dead,medium
1788983313704,-8.894908080291748,1.7088617271974682,0.0438446775597811,12.058520540965445,-18.906865207565737,2.3003863681191383,user,dead,medium
1788983313720,-8.832657668083906,1.6220716247558593,-0.4092579740667016,17.286653836432208,-12.984758225442643,4.876872888152287,user,dead,medium
1788983313737,-8.802284157130122,1.5815207109197973,-0.6485287171076983,23.75642075413256,-7.77894171931525,2.0695155154455405,user,dead,medium
1788983313754,-8.792107631030678,1.3596075600221753,-0.743697794707492,27.105417890993422,-4.755439808672277,-2.1387981796218,user,dead,medium
1788983313770,-8.301895425635577,1.2771575326114892,-0.4058159141712938,24.797507215729876,-3.25397661234471,-0.3532313437768488,user,dead,medium
1788983313787,-7.01650724029541,1.4145245606020092,-0.1309316805887327,28.56119758050077,-3.29219813749669,2.270991795252342,user,dead,medium
1788983313804,-6.1734483961910005,1.419761584472656,-0.7429500393718889,37.64550285587406,-3.828025624110544,3.136561818530782,user,dead,medium
1788983313820,-5.713913653132319,1.523161753192544,-0.9285004910791292,47.734641656277525,-4.420236322322853,4.884363471237675,user,dead,medium
1788983313837,-4.719271331897378,1.7007815888553857,-0.7046426449876744,60.92200207552296,-9.412578681036084,8.779526012908036,user,dead,medium
1788983313854,-4.029142703357339,1.7073653511598703,-0.1656479962449986,65.98205209947852,-12.79521364578562,11.933860197102604,user,dead,medium
1788983313870,-3.848379893493652,1.6844705055236815,0.0863417924185283,66.5929851999795,-15.964067958381989,12.776010568934128,user,dead,medium
1788983313887,-3.929333252605796,1.512536898803711,0.498293923772918,65.75490049825142,-22.37095103194132,9.87774017672334,user,dead,medium
1788983313904,-4.343381086730957,1.7301102669313548,0.4574431319411378,63.08939185389726,-25.80837521289176,9.461450392094816,user,dead,medium
1788983313921,-4.539556569781899,1.81645116430074,0.5832877904475201,57.63489157518429,-27.39132619455557,7.98734872013891,user,dead,medium
1788983313937,-5.38800295214355,2.082656461389363,0.5243308120281901,46.27062134353656,-27.332286039369983,1.7809695849250031,user,dead,medium
1788983313954,-5.537489164733886,2.24456376413554,0.664391718745185,32.821015811108474,-30.602481576229124,-2.2548104367783472,user,dead,medium
1788983313970,-5.2831052383422845,2.4398414215639237,0.6839946649628226,22.97137076376234,-35.852246934570964,-1.8646982059175448,user,dead,medium
1788983313987,-5.10743069152832,2.9061124871402977,-0.0793071993403136,19.1851407747304,-35.08324959629757,1.8712310684152509,user,dead,medium
1788983314004,-5.351790652033686,3.2656916489750145,-0.7846985164039768,15.09943260380278,-29.6849173782242,7.165176651629673,user,dead,medium
1788983314020,-5.294778725001216,3.5859164132818577,-0.7212520262793637,6.699395743162061,-19.592136379445822,15.693770052167904,user,dead,medium
1788983314037,-5.2524283605277535,4.071040940149128,-0.8503900455090216,9.915107287898833,-14.855845859885324,29.842216634809592,user,dead,medium
1788983314054,-5.897964983147382,4.244620268249512,-1.168968686576653,19.9281697337794,-23.10299875435224,40.38590793957199,user,dead,medium
1788983314070,-6.927322643932699,4.364180713653564,-1.0215755190091207,23.323685581529936,-22.226550587603494,43.921592929469526,user,dead,medium
1788983314087,-9.16739874126017,4.482843917956948,-0.3332426878446713,11.979553308876342,-10.867548139353138,43.51616997581049,user,dead,medium
1788983314104,-9.67152665928304,4.070442097473144,0.2805712011693045,-2.0934749652802997,-6.1582893740934335,37.37011304363373,user,dead,medium
1788983314120,-9.49271206087768,3.73420757086873,0.1969241825263947,-11.618107381962083,-9.029664615786828,28.31012836434757,user,dead,medium
1788983314137,-9.233239286914468,3.781941089685261,-0.7724280684988946,-5.950390368589293,-11.78181335598895,22.491316040589872,user,dead,medium
1788983314154,-8.959701747241615,5.063887025617063,-1.937356923366524,1.263390122617602,-7.601218489564225,26.773195782216717,user,dead,medium
1788983314170,-9.025992374750972,5.873127186749875,-2.1130319085719065,2.365202515465032,8.473776009807,33.65416570116122,user,dead,medium
1788983314187,-9.374946097674965,6.871060073962807,-2.061855300096795,10.705816943770053,25.154265071552565,36.36199761270736,user,dead,medium
1788983314203,-9.53086789627075,6.264578865924477,-1.9502258668877184,26.667669359540017,15.156859126796956,35.24523777774818,user,dead,medium
1788983314220,-9.727941789466142,5.868489005555213,-1.5372265371684914,41.28432711733337,-1.8871018667254216,29.529561310457677,user,dead,medium
1788983314237,-11.289409015655515,5.027824070850015,-0.3980357520063407,36.82764575937298,-12.204672928825378,9.971653570263722,user,dead,medium
1788983314253,-12.764835788726806,4.865915891321003,0.8577230004793033,11.40741226776647,-4.6143844494804656,-5.852125290773966,user,dead,medium
1788983314270,-12.458677835956214,5.102044322314858,1.1430826963004654,-11.58151464348374,7.94068999037126,-15.043677769607967,user,dead,medium
1788983314287,-11.496207599529622,5.514295920673012,0.0173582725633867,-16.712002700802355,11.441285737181502,-23.63438576423194,user,dead,medium
1788983314303,-10.65629172962606,5.957073297937214,-0.912489888531342,-8.930951306807218,8.444993592644567,-25.80424636353849,user,dead,medium
1788983314320,-10.133457942089438,6.1842228881835934,-1.123328687706962,0.0814923943799171,7.546903971510638,-19.51787514769486,user,dead,medium
1788983314337,-9.380781964221596,6.37441315934509,-1.1894687460307962,9.76039069659335,7.840386101088685,-6.453658343429696,user,dead,medium
1788983314353,-9.800964355579016,6.3203933998659245,-1.1797418177292216,19.395560120038272,7.480001414816717,-1.005895619446118,user,dead,medium
1788983314370,-10.270676793780922,5.932233455713093,-1.0959452162814791,28.433724052473533,6.394402610398427,-4.070842264199082,user,dead,medium
1788983314387,-11.230752828547358,5.123293446570634,-0.3854658005648758,37.63753544020724,-1.4918739308979858,-18.721936128240348,user,dead,medium
1788983314404,-11.590030377086997,4.752939208221435,0.516998802339402,37.92996657442675,-15.840892326889978,-29.198064909280276,user,dead,medium
1788983314420,-11.449371029552816,4.799476502990722,1.0200804033468476,26.389535518800635,-5.38516660156135,-20.36450441607462,user,dead,medium
1788983314437,-10.953920923504231,5.169380659484863,1.0269640504969166,7.172622411598633,14.616174521909576,-1.319427129002502,user,dead,medium
1788983314454,-10.689662084308264,4.513070713916421,0.8197156108133261,-10.017640380171771,23.54655977678933,4.009649745651291,user,dead,medium
1788983314470,-11.156232132831216,4.475960880444943,0.4749505580510944,-8.596563174289965,23.416728125951146,-8.61207794898965,user,dead,medium
1788983314487,-11.088445713806152,4.740070958819985,-0.018703768888209,0.1657502816619621,19.598399662914726,-16.663103668986942,user,dead,medium
1788983314504,-9.475651620483395,4.567089888873696,-0.0266350916104391,14.81336549834243,8.264521211752612,-10.286982059902057,user,dead,medium
1788983314520,-9.210194511413574,4.510825565338134,0.0565634526126086,25.608235302284758,3.604068843867703,-3.69946993798668,user,dead,medium
1788983314537,-10.50830072402954,4.3318598680242895,-0.166396540456824,30.975785565316173,9.063504788029656,0.7271384172232667,user,dead,medium
1788983314553,-11.502941291698813,3.6510078941345214,0.0885859363498166,25.33704434883669,14.16730558871374,-4.726695811323924,user,dead,medium
1788983314570,-12.029964347618815,3.4905963829040525,0.1632552467564121,19.47560652201624,17.816135223533475,-11.117721746951426,user,dead,medium
1788983314587,-12.171075530573724,3.946992243415117,0.140510440582782,13.846258523192814,23.61809064041958,-8.416595373622947,user,dead,medium
1788983314603,-10.926090082770584,4.3926130274117,0.0712283031072467,5.9038054902420445,26.011313793511174,5.345259940675081,user,dead,medium
1788983314620,-10.486902546691894,4.275894819696247,0.0219973853398114,4.86798809270257,18.019307738131968,9.434686295832122,user,dead,medium
1788983314637,-10.657488830456137,3.968688526916504,-0.2489964611995965,8.958751884276463,14.438475197820647,11.596282366242956,user,dead,medium
1788983314653,-10.876559451404214,3.919308994458616,-0.0432444637689739,11.925373687058864,2.486328663319215,7.004094750904561,user,dead,medium
1788983314670,-10.965892516326903,3.833715408325195,0.2883521008364856,8.774499847452553,-7.122526389131174,-1.072377265732437,user,dead,medium
1788983314687,-11.488726888385417,3.664326517651975,0.7109288399845362,-0.7230581796069774,-9.73199247757173,-9.22789463474717,user,dead,medium
1788983314703,-11.519102737426756,4.010438002887368,0.9418195895206184,-25.87189767972017,-3.7894704869062914,-9.694144691833396,user,dead,medium
1788983314720,-11.340286385455729,4.44947473231852,0.6962643548160791,-38.60506930217998,1.6158687582035742,-6.54745434309372,user,dead,medium
1788983314736,-11.5095276843518,4.974703306037188,-0.4571424045620486,-36.08240381903288,5.71107334667674,-2.1154553678030465,user,dead,medium
1788983314753,-11.592873491558432,5.216516796930134,-1.130361545485817,-21.610631449008427,7.604137541660759,4.187498053241492,user,dead,medium
1788983314770,-12.296919586291908,5.692962927301227,-1.6630715244684366,-2.4949682122890464,0.5707407456083147,14.167482319858514,user,dead,medium
1788983314786,-13.894450059509277,6.070947514398395,-1.1164456501949578,4.950542881653221,1.3628244434414707,20.73466651814346,user,dead,medium
1788983314803,-14.627823955535888,6.107907710266113,-0.8388675298944115,-1.764706904511203,7.607325532455863,24.60278535268198,user,dead,medium
1788983314820,-15.109507986560462,6.136189801898598,0.1162692218389362,-34.69645939869433,12.78064314473869,17.944988449773057,user,dead,medium
1788983314836,-15.892410760387778,6.1616279022768135,-0.0646429699001833,-50.74348000454613,13.982673622617249,0.242980111061369,user,dead,medium
1788983314853,-15.56964361812174,6.2497647431522605,-0.8388679317532107,-47.5882365514183,12.525840376430423,-5.672715004297948,user,dead,medium
1788983314870,-13.59921506729126,6.8315557465702295,-2.37774104881864,-23.85315672334745,2.3128745152428603,2.03313067085006,user,dead,medium
1788983314887,-12.5710556763798,7.0386538979128,-2.50538174216263,-8.826011426625497,-3.871314082409616,6.297977841677596,user,dead,medium
1788983314903,-12.797009627100824,6.866422185029089,-2.2653632449276744,-1.804632028252572,-6.722053615073109,3.0370745637408465,user,dead,medium
1788983314920,-12.861204159113765,6.522404749463498,-1.479167311306484,-3.333762613360568,-12.362570680736797,-0.8954276616266225,user,dead,medium
1788983314936,-12.216114695739746,6.401197413635254,-0.9097957175439224,-6.049650519589326,-14.626624711339696,0.4700238966852174,user,dead,medium
1788983314953,-12.297368499103188,6.306926015527546,-0.8774745065884664,-7.146452968680552,-17.388339985248066,2.283228292593832,user,dead,medium
1788983314970,-12.137704591369628,5.929839254052936,-0.7116758954921737,-14.380459571010558,-14.452762246017022,-0.1526013670968942,user,dead,medium
1788983314986,-12.318017319378257,5.606771667535603,-0.5277708968789316,-28.622754660395515,-4.53668677880334,-5.36437806704877,user,dead,medium
1788983315003,-11.745205156707764,5.543026048333942,-0.3348880073662847,-40.3993907329936,1.7044583394510495,-3.071508322111231,user,dead,medium
1788983315020,-10.186130963134763,5.491700350244343,-0.6364082173336297,-38.51207627663025,3.2892327681798466,10.39794104428985,user,dead,medium
1788983315036,-9.815928115954994,5.2555725037723775,-1.262043111718446,-27.14622656373696,1.7297823330159297,17.83126238499776,user,dead,medium
1788983315053,-10.293870037841796,4.950909757995605,-1.5590737003826536,-18.81186581394732,8.689903685713714,15.85623463931312,user,dead,medium
1788983315070,-11.41420853075683,4.523246655493974,-1.6078555957409553,-19.01213549814856,19.51583633622761,7.0896987924328005,user,dead,medium
1788983315086,-10.379162887462972,4.215591157642007,-1.582716551374551,-15.013783739158114,23.42107895645244,7.010475428249823,user,dead,medium
1788983315103,-9.833436300116777,4.179828354865312,-1.7667703838739544,-6.890248304045143,26.83434817340313,9.927665444461548,user,dead,medium
1788983315120,-8.940997046771646,4.01238358399719,-2.043599950829521,0.9771675236319268,43.522064429064216,13.564997309587213,user,dead,medium
1788983315136,-8.636034441265464,3.71565133895874,-1.9801540086941796,8.822692808462516,42.35232964690242,10.814236805333897,user,dead,medium
1788983315153,-8.263735498589277,3.889530234527588,-1.6084541644223034,21.813611010762862,36.21951303643172,7.942834669770645,user,dead,medium
1788983315170,-7.423970435333252,3.357419207818806,-0.5279205892816186,24.86893221142799,18.43271347538345,2.257288087899769,user,dead,medium
1788983315186,-7.148337384685874,2.825607164056599,1.2387009607061743,11.921576955653984,13.375264899728013,-3.3460443607053083,user,dead,medium
1788983315203,-7.059900976341963,2.560299108068645,1.4989203883182256,-9.275133076820625,20.033527109274143,-9.026752393879464,user,dead,medium
1788983315220,-6.616675563049316,2.5637410652160644,1.3347682292547076,-28.4103630979648,27.863866002093737,-15.297169995369234,user,dead,medium
1788983315236,-5.537487995690107,2.1868036490842697,0.6388035149723291,-30.08081563308565,16.178583709644577,-21.476969769593158,user,dead,medium
1788983315253,-5.3218631312817335,2.0844529894173145,0.6832461755499243,-28.1274959361306,1.0373413834980334,-26.2071233641844,user,dead,medium
1788983315270,-4.91544623042643,2.289156646838784,0.4140478341251611,-28.75655465114148,-4.4857271642926975,-25.32123246090811,user,dead,medium
1788983315286,-4.774637245288491,2.766650532697141,0.2548337159857153,-29.27538265068482,-3.753793420663553,-25.032766251501798,user,dead,medium
1788983315303,-4.919934189495444,2.776226462554932,0.3003234013982117,-31.15525903104201,-2.712854661907038,-25.850677989516235,user,dead,medium
1788983315320,-4.589385307312011,2.5502736808776856,0.7872440909672528,-36.07031779929655,-3.5621658467530866,-26.08167157215148,user,dead,medium
1788983315336,-4.712688446375728,2.381184065411985,0.9853643879430368,-39.93573358647103,-9.882862818600849,-29.12206539438554,user,dead,medium
1788983315353,-5.060594121551514,2.26955382848531,0.9633676601903512,-43.404270986638174,-13.19911944367526,-32.56434754738315,user,dead,medium
1788983315370,-5.721841523522138,2.341080310821533,0.9433158924929798,-50.38592984677971,-14.280601351571326,-34.53938553835155,user,dead,medium
1788983315386,-6.1355906669616695,2.699313026483357,1.022624041681364,-66.5761965949996,-7.397475654170037,-36.80417039919564,user,dead,medium
1788983315403,-6.236894740185141,2.9189810288026927,0.891541701717209,-72.96900094113224,-4.747819878879481,-37.32533773852971,user,dead,medium
1788983315421,-6.183474700164795,3.276764539392292,0.2922429159962572,-70.7671118772602,-6.743456012837344,-35.88212901218977,user,dead,medium
1788983315437,-5.877465215954184,3.4449572060182687,0.0248403719470836,-67.61361353746533,-9.13623776495383,-30.280526949322237,user,dead,medium
1788983315454,-5.810277931866049,3.448698146112263,-0.0046382143558627,-67.47424352745121,-11.4236570189337,-24.41885006588083,user,dead,medium
1788983315471,-6.15474369572103,3.0629326958805323,0.0481837285357527,-69.55626960157869,-12.674188670108515,-18.930089558291076,user,dead,medium
1788983315487,-6.814347422137856,2.6234470536381003,-0.1939290740973316,-67.72355226234585,-10.966195707761988,-17.245778569344267,user,dead,medium
1788983315504,-7.294683545684814,2.471863868768513,-0.4565439272122457,-64.05233241365316,-5.036742430299721,-17.73192752880368,user,dead,medium
1788983315521,-7.548021177893877,2.1266502091556787,-0.7489357318935915,-55.71056773880324,-5.5813467099970415,-22.30092110238118,user,dead,medium
1788983315537,-7.547423212000727,2.008436502185464,-0.5997472601408138,-55.22673079837787,-2.7357912909135877,-23.208263922293185,user,dead,medium
1788983315554,-7.255779522272944,2.08774443217814,-0.3549395558679476,-57.2996795510984,-0.1962989030344392,-22.16674886632545,user,dead,medium
1788983315570,-7.31638099822998,2.2095488571166992,-0.1930313763389363,-57.63023338617034,-0.934809038277035,-18.530427869196945,user,dead,medium
1788983315587,-7.528716173443198,2.3719059494569894,-0.4596865360869094,-53.29069660266483,-2.4155066452587644,-14.828752206995176,user,dead,medium
1788983315604,-7.762600917163491,2.3346464783817527,-0.6401487555688247,-48.42288225289927,-3.915191217637777,-13.64107281033646,user,dead,medium
1788983315621,-8.463951196941732,2.079064866638184,-0.692522026482597,-45.17935860474904,-2.4761047239053524,-15.469744970033362,user,dead,medium
1788983315637,-8.659827989307045,1.8567036797121168,-0.5310630520258098,-46.80641553297821,3.103190368019747,-15.397317644074548,user,dead,medium
1788983315654,-8.651149008288979,1.9110221298769117,-0.5226832000847905,-45.97823802064124,9.55123664382922,-14.64982857149752,user,dead,medium
1788983315671,-8.584560274615884,1.8707699067264796,-0.8044512463558465,-39.53367450097824,11.06603770550194,-14.32637301052052,user,dead,medium
1788983315687,-8.687959858813882,1.952172470910847,-0.6027388797048479,-29.232075836252356,7.643745808657663,-11.83328736912146,user,dead,medium
1788983315704,-8.578125857654213,1.9434934898927807,-0.4028233333427459,-21.92357705640007,4.713613437742411,-7.456396281045152,user,dead,medium
1788983315721,-8.826375811335444,1.6602297982364893,-0.2054509686574339,-15.883785914877658,3.30744461382804,-5.493726908890002,user,dead,medium
1788983315737,-9.44901729605794,1.402853265900165,0.0149641257021576,-12.77922417293862,6.482233720482914,-6.670114722190217,user,dead,medium
1788983315754,-9.683500005671382,1.4006087018437685,0.102352924689278,-10.673350493324044,12.680918113988271,-6.707114283810999,user,dead,medium
1788983315771,-9.592668226623534,1.3211506958559154,0.2436109687689691,-6.545421508041994,16.166589897462035,-4.347754354850678,user,dead,medium
1788983315787,-9.34681305912435,1.3801079117372632,0.5979531797982752,3.1141923086687564,13.064127584919133,0.7964072075777742,user,dead,medium
1788983315804,-9.439138876122236,1.4175170204162597,0.6015440804297104,18.08986529980549,5.49304517063347,2.0217285238043696,user,dead,medium
1788983315821,-9.56348889389038,1.2336124053955078,0.4903637426950037,32.463076332559375,-4.292436652762745,3.5066793109266072,user,dead,medium
1788983315837,-9.897029943627118,1.2219405261717735,1.1134546882180496,41.77511036014464,-14.739049625078106,1.9575093776806167,user,dead,medium
1788983315854,-10.054747977989912,1.1393407150268553,1.3866921489657833,39.05964912729559,-16.20756932493482,0.1864794255452748,user,dead,medium
1788983315871,-10.312424516186118,1.1299136921204629,1.7999915393438188,28.762438859111445,-10.508167490889162,-2.8868848937512013,user,dead,medium
1788983315887,-10.392630856323242,1.3087306286133824,1.6903075776467098,13.815276785117636,-0.6240815881792053,-6.857784414920072,user,dead,medium
1788983315903,-10.12522904292643,1.2811976017825304,1.5475524634096771,8.734992325745907,1.540029646032632,-8.040685667367539,user,dead,medium
1788983315921,-9.556755201721192,1.4914382889345288,0.9979337639957666,7.781283620426918,1.206736691660108,-7.723615479490854,user,dead,medium
1788983315937,-8.975114420428872,1.6944965172365307,0.6364099708992987,12.929909245086504,-6.066647872225726,-6.506752818942791,user,dead,medium
1788983315954,-8.774598862347005,1.6814777534484862,0.3099001715062185,19.795734073320148,-10.48752068280186,-3.48422634469066,user,dead,medium
1788983315971,-8.541165369525551,1.730559325873107,-0.0641936186974868,22.988680170666445,-9.34405736950887,0.4544028271665751,user,dead,medium
1788983315987,-8.504204296874999,1.9250880646303292,-0.2946351266287267,24.19649154990377,-4.363372009274735,4.866399646833719,user,dead,medium
1788983316004,-8.385691314697265,1.9334679165713489,-0.4842268108425662,27.420591847601788,-0.6184663722686614,8.802570217394013,user,dead,medium
1788983316021,-8.226924648064374,1.989431941986084,-0.8978246727105229,33.733344669114594,2.7482638566682653,12.24043238422498,user,dead,medium
1788983316037,-8.08881030883789,1.767070462799072,-1.174654495394416,46.130766390091374,4.437667818858372,11.545221579555232,user,dead,medium
1788983316054,-7.965361039301753,1.697789129041135,-1.117193290224485,52.1343148403304,4.260299332057365,9.172665725118447,user,dead,medium
1788983316071,-6.971916987940669,1.8441341209962965,-0.4800366291437298,52.09426261103745,6.6780697581391655,9.92835700111501,user,dead,medium
1788983316087,-5.785888171496987,2.3071128670290117,-0.1053437770683318,46.11321963411361,14.403219468872331,16.25993126265943,user,dead,medium
1788983316104,-5.217414330291748,2.667290871539712,-0.0471347126731649,42.39593357456378,18.188431759717947,25.56031981770982,user,dead,medium
1788983316121,-4.394258456531166,3.0348005341127515,-0.2290946598995477,44.60148703492552,16.346643929267326,35.60333435064819,user,dead,medium
1788983316137,-4.295198362842202,3.142090988269448,-0.3658636945974547,50.15032930154929,10.375002707736009,42.46965522137031,user,dead,medium
1788983316154,-4.496311302295327,2.979584258325398,-0.4671672883303137,56.37206814482438,5.180791546782113,47.92310706604569,user,dead,medium
1788983316171,-4.633079487609863,2.5837927963808176,-0.4994899320493859,59.51028393635136,4.414128852544392,48.88276230481082,user,dead,medium
1788983316187,-4.8050130943298335,2.474108432824909,-0.4938036448826547,61.50081962654652,6.771998519605181,47.11711400813292,user,dead,medium
1788983316204,-4.970362646484375,2.546383395440877,-0.4742006895318627,58.23575697684865,14.977863774313017,45.98795396473558,user,dead,medium
1788983316221,-4.936094466179609,2.9885625145509835,-0.2319376647731289,56.49972438041192,17.59959773627656,46.36053736886519,user,dead,medium
1788983316237,-4.923226801300048,3.230227244623005,-0.2751826034661382,65.06924512823052,8.852813942702273,46.6520805784926,user,dead,medium
1788983316254,-5.150228799769282,3.310583222363889,-0.4852737991448491,70.72801587445106,-1.9139728981373096,48.84435615110784,user,dead,medium
1788983316271,-5.72678073348999,3.3684923904970288,0.3250136425511911,60.923586679410406,-0.496095742603361,48.04609145224094,user,dead,medium
1788983316287,-6.113594523730874,3.325696035821736,0.554407796853967,46.03731574186726,7.677719169589307,42.60555891038064,user,dead,medium
1788983316304,-6.960393138885498,3.255366362054646,0.6599022709719836,21.862877165246168,14.199269166482107,30.416594562872643,user,dead,medium
1788983316321,-6.56220922884643,3.351434288190305,0.9029138856083154,0.4094839013270011,15.807528560341758,26.894412856964223,user,dead,medium
1788983316337,-6.350920932337641,3.536386366437376,0.8375222527652978,-16.063860437250458,7.084121516088662,26.944298851114706,user,dead,medium
1788983316354,-6.864325797271728,4.094384698596596,-0.3443156878598034,-21.686171633681475,0.5405811381936243,28.08449477266349,user,dead,medium
1788983316371,-8.062174815368651,4.637419562640786,-2.021154602526501,-16.09669315659071,5.510597476139933,25.913886267642823,user,dead,medium
1788983316387,-8.838795732447505,5.099949688123166,-2.5905256117671724,-6.787454383923274,17.340533783699854,18.54203748323868,user,dead,medium
1788983316404,-8.854206652069092,5.502624187579751,-3.168575675091147,9.64100923518528,25.483317972554392,17.24434081452398,user,dead,medium
1788983316421,-6.979546167644858,5.49349541696757,-2.2551878878720104,16.643915960061083,23.098813555938317,27.538689233445893,user,dead,medium
1788983316437,-6.7061576810538766,5.534346775054932,-1.768416470580548,24.05394208683102,17.387861872006166,35.65566384497424,user,dead,medium
1788983316454,-7.593958753204345,5.682787862506508,-1.537525574913993,40.22648790924931,9.096723413058012,36.96720359958926,user,dead,medium
1788983316471,-8.678084361487626,5.502923755048215,-1.644067694921419,49.43176608010727,0.1646098268335551,34.40244366058738,user,dead,medium
1788983316487,-8.77804169627726,5.435287558148801,-1.3503292248714711,48.65942194914057,-3.616879290542885,31.808720304410052,user,dead,medium
1788983316504,-8.979303104290366,5.472097824151813,-1.1447270842403172,42.55434956707847,1.2840630775228208,31.91694123671433,user,dead,medium
1788983316521,-9.211691471973062,5.364957299859822,-1.165676494897157,33.039848241926514,6.584673324541588,32.57388932165366,user,dead,medium
1788983316537,-9.475951480212808,5.4334916146427386,-0.920719591411948,25.152656562003028,12.204240919360377,27.852179548423845,user,dead,medium
1788983316554,-10.156353079986571,5.12015047236979,-1.2252321150630712,20.89679301092476,12.726878456913289,19.19346848287593,user,dead,medium
1788983316571,-9.669432901874185,4.988918293872476,-0.9482526182428002,20.11629021899448,6.725413214371109,16.23606999679399,user,dead,medium
1788983316587,-9.503484214782716,5.135861836242675,-0.6441891535334289,19.94625095205972,-2.4406195432896087,13.75052317669133,user,dead,medium
1788983316604,-10.02871337302327,4.789003039771318,-0.3134904876157641,22.321135047229838,-23.1700404761505,2.197269294672163,user,dead,medium
1788983316620,-11.119571504431962,4.164714956885576,0.0067342766910791,16.863328956958576,-33.177155534811284,-12.895038568052648,user,dead,medium
1788983316637,-11.545887868499754,3.6646255005985497,0.1910879506535828,10.019160951035746,-37.22250924057517,-37.67891955638834,user,dead,medium
1788983316654,-12.446408721491691,3.246538620215654,-0.0158612937375903,2.1129367355466044,-41.27812189047241,-84.66798117796186,user,dead,medium
1788983316671,-11.660810132709145,5.242404102380574,0.5862807160526514,-17.95893228096364,-51.382263201387815,-91.35473637540434,user,dead,medium
1788983316687,-11.943923894500733,8.039879689191281,1.074548363251239,-58.25547573298248,-79.44210782133673,-43.37729856960579,user,dead,medium
1788983316704,-9.51874725036621,9.732878661346437,1.9090774986151604,-107.3557112609665,-24.941550782683564,55.7328512309704,user,dead,medium
1788983316721,-11.72171205291748,10.071059938104453,-1.089959355938062,-127.44553791202176,-10.321555623707011,85.54735437322266,user,dead,medium
1788983316737,-12.249036137610672,8.987235650855302,-2.8682530043452976,-110.30506207665888,-5.024521087440452,85.84209752647622,user,dead,medium
1788983316754,-15.10561565529704,8.666561096954345,-4.623202437647339,-77.34232325536722,-10.787673345878073,84.02467298079505,user,dead,medium
1788983316771,-17.061380890002845,8.703671222686767,-5.225194549538917,-27.498397947531988,-0.4863990084160585,77.85256570712384,user,dead,medium
1788983316787,-16.920721542468666,8.87336143439412,-5.260359642150788,6.27560427639075,8.697854025907608,79.54477922494036,user,dead,medium
1788983316804,-17.297957357025144,8.845378617969155,-4.937142495661508,34.9008903756474,32.50774576973126,73.16569672885026,user,dead,medium
1788983316820,-19.756653408923743,8.979155220252276,-5.315426485830359,69.83754362178898,46.55376000539027,37.46272357858993,user,dead,medium
1788983316837,-19.42655402407348,8.731355348426103,-4.32826692156624,93.96772769523028,37.26213799813959,11.21450211239592,user,dead,medium
1788983316854,-16.941221894183755,8.252813707080483,-2.927958115984499,112.31814422130424,7.128855413170838,-7.0595008185648815,user,dead,medium
1788983316871,-15.2763539147526,7.896376934924721,-1.9102729189448056,125.68580797425967,-33.330179092976245,-24.519520224057647,user,dead,medium
1788983316887,-16.322021489825843,7.754670124164223,-2.36861304539144,119.4386027706642,-76.96717511520427,-43.391925419713374,user,dead,medium
1788983316904,-15.60989437996745,6.8391860953181975,-1.4854519080013036,117.49347417807128,-74.27024760066806,-72.37058074719074,user,dead,medium
1788983316920,-15.869516207012532,5.667374604797363,-1.1364967968378217,115.64988317767978,-29.522638913733864,-110.62155255222976,user,dead,medium
1788983316938,-15.541511164093016,5.372139612579345,-0.6838431185297668,99.10341523405457,5.966194999441879,-128.6908863033902,user,dead,medium
1788983316954,-13.255048578643798,4.696227140918373,0.7402579564519226,66.01972059275116,37.33077456910904,-135.42720135345027,user,dead,medium
1788983316971,-11.328614067840576,4.477157396753132,2.360833059039712,-1.611752822176701,50.86840074937108,-129.02768293136353,user,dead,medium
1788983316987,-11.226861666327714,4.697724101477861,3.1468793915897604,-64.89724047436208,48.12714872221606,-124.71082579099703,user,dead,medium
1788983317004,-11.503091513824462,5.363311286218464,3.211074069733173,-113.20371239814224,55.92399065979862,-122.46294223325414,user,dead,medium
1788983317021,-11.64434999629557,4.948516140857339,1.0829279229313131,-139.61694867336283,66.72433656790801,-125.29416492725116,user,dead,medium
1788983317037,-12.071564770507813,5.100846929223835,0.1675948468632996,-141.01556650970633,81.1571068502244,-128.87874382632222,user,dead,medium
1788983317054,-12.573749153247476,5.125237858636677,-0.7017997771114111,-136.19496925767308,103.31462300833928,-141.67081387754234,user,dead,medium
1788983317070,-12.827384307098388,4.5869913979128,-0.3208219995476305,-135.15973114555257,120.1221134612857,-171.79616917420563,user,dead,medium
1788983317087,-12.140696758922934,4.642806224115192,0.0432464365303516,-146.80599598236805,117.92126258616751,-182.9928572994725,user,dead,medium
1788983317104,-10.40579954997599,5.007472918347269,0.8828627389654516,-169.63707807567292,124.25842138113208,-175.87235776897754,user,dead,medium
1788983317120,-9.81263550415039,5.064185716302693,0.2596221193060278,-195.62232786731133,149.8519461634919,-162.1897813141495,user,dead,medium
1788983317137,-9.62783364802897,4.743362474646046,-0.5183440749019385,-200.97068017613316,165.40715558306235,-152.7817967891039,user,dead,medium
1788983317154,-9.150788967242836,4.090643393176421,-1.9213465400144456,-191.85762321944867,182.35657053677247,-143.00267344493815,user,dead,medium
1788983317170,-9.280825213953852,3.6305079077456144,-4.38288570638448,-153.41143094755236,197.633695634475,-133.00419174538823,user,dead,medium
1788983317187,-9.05891147853434,2.888005935226567,-4.663754027336836,-113.2856746681824,209.39470764934669,-128.93107673574286,user,dead,medium
1788983317204,-8.88712867846191,1.7633298149660228,-4.651783603557944,-77.12106610739383,213.81582079720425,-133.42771811544242,user,dead,medium
1788983317221,-8.844031879535317,1.508945815509185,-4.39859736251831,-49.71509940235232,201.2341478931772,-141.02652213313505,user,dead,medium
1788983317237,-8.366088788604737,1.3831005907472222,-4.00355350407064,-23.13641716241382,176.81310704412007,-148.14689872022495,user,dead,medium
1788983317254,-7.711724131885171,1.1959038753785192,-3.789871005901694,-4.804247913594365,174.07193356414052,-149.7890811023711,user,dead,medium
1788983317271,-7.04134766704142,0.7942765468873083,-3.8968618925899263,20.23074199136909,198.89241753623836,-130.92012344469896,user,dead,medium
1788983317287,-3.315221695819497,-1.837998540850729,-4.06011710281372,32.70692433121258,211.3993954915021,-87.51081519354788,user,dead,medium
1788983317304,-4.354454269409179,0.0441432392396032,-2.5489263579219577,-27.81021486616329,102.72894111719988,-75.07046573363758,user,dead,medium
1788983317320,-5.09471207973063,0.5174468338012695,-2.099415580749512,-55.35693127943124,60.32557629681911,-71.56564295350475,user,dead,medium
1788983317337,-4.893449502673745,-1.133654413018748,-4.481496595001221,-40.95471243327231,109.03767266483882,-53.055468302744174,user,dead,medium
1788983317354,-4.63502536098063,-1.095347186456248,-4.847061260986328,-31.869888063522108,156.67061963456402,-35.25033992905818,user,dead,medium
1788983317370,-4.33470210571289,-0.5629365192137659,-4.640261508068442,-33.2737480700536,190.37306794296805,-18.47286986506125,user,dead,medium
1788983317387,-3.512743332782388,0.6607998043335974,-4.7556321005672215,-36.73125812980576,206.32082199451747,2.7791766525215085,user,dead,medium
1788983317404,-2.610877202661335,1.07245270614624,-5.553650025939941,-29.368266393207826,207.0790412942806,15.966706118948904,user,dead,medium
1788983317421,-2.3805852227360007,0.955286608532816,-6.062417294201254,-27.73995612526595,186.81571417792867,13.0279984455307,user,dead,medium
1788983317437,-3.4023104889467355,1.4986208208497611,-6.437858042034507,-27.617217625880823,98.74055460420848,-22.833588772730256,user,dead,medium
1788983317454,-3.6028248779848218,0.4402339763917028,-7.549665437969565,1.263412640897522,120.13402531119822,-29.193058380618652,user,dead,medium
1788983317471,-3.193416394098103,0.2220623501099645,-7.234229369243979,19.06284623764132,132.90146570027127,-46.15303963697479,user,dead,medium
1788983317487,-3.4344825737550853,1.0342951171875,-5.374084901428223,14.680518318985682,115.14681242455168,-71.33519237090852,user,dead,medium
1788983317504,-2.259827530371397,-0.6489782144408672,-4.711938504791259,9.37681922563648,104.90751191524546,-66.6394031655789,user,dead,medium
1788983317520,-1.6023197533205151,-1.595286420617625,-4.9241240424007175,10.959835947871058,111.8450784892,-61.27468572350574,user,dead,medium
1788983317537,-2.1410151999209077,-2.7335796724181622,-5.341763179016113,3.2256951468692145,137.20027748085056,-81.94607566163091,user,dead,medium
1788983317554,-2.895038939135894,-1.8707691760741172,-5.156211965832114,-9.80502000640386,158.02777822264557,-106.12953521059828,user,dead,medium
1788983317570,-2.405873776842001,-1.3115735238891093,-5.4230163978576655,-14.023196281189287,173.1345310816913,-113.64977839245743,user,dead,medium
1788983317587,0.3625716216489672,-0.2406172668457031,-6.458358978271484,15.21777075381513,142.12003541925407,-98.44151526196696,user,dead,medium
1788983317604,4.376600415569916,-0.996586441040039,-7.68658442993164,55.38073448868873,63.61109536308117,-69.8617498122075,user,dead,medium
1788983317620,5.176712609808146,-0.4944026428222656,-7.883956429290771,79.50545099569942,-33.124218153649096,-30.665343222255338,user,dead,medium
1788983317637,4.099770665951259,2.5471312911987303,-7.690624645233154,69.0767015293846,-79.76122791973806,6.151380637747965,user,dead,medium
1788983317654,3.955520271655172,1.9985598358154293,-9.44901612701416,38.09811217141412,-43.64322856984565,24.182143030004863,user,dead,medium
1788983317671,3.90090230882084,1.057339600427449,-10.427495833477376,11.943537721382866,2.828962755155377,32.86537788976771,user,dead,medium
1788983317687,2.546831614132412,1.1279684032715855,-11.832592932781576,5.980141818840222,34.45381692842963,25.142518853727434,user,dead,medium
1788983317704,1.554734447335638,0.8708907077513635,-13.237241703796386,28.148565362172796,36.33555453533565,15.19929167701566,user,dead,medium
1788983317720,1.7977458793088792,0.6051343234740197,-13.111845391845703,49.34739616838469,18.007552982570374,10.441949660659535,user,dead,medium
1788983317737,2.475304985665716,0.2974797024048864,-11.21084868915975,66.57841640647985,-16.664025744524896,6.839369798030894,user,dead,medium
1788983317754,2.621201612798869,0.0333690395079553,-9.48058966140747,80.61737164163165,-44.46314155328691,4.403883995676196,user,dead,medium
1788983317771,2.9067102703703567,-0.1511339797973632,-9.23189196395874,88.636109349875,-58.46818831430418,12.138213480653862,user,dead,medium
1788983317787,3.2269345780194736,-0.670975015258789,-8.437765200805664,78.474754959377,-54.97336151602166,23.507250330568613,user,dead,medium
1788983317804,2.331802404929092,-1.3461398834228515,-7.374590026092529,66.35114869203684,-56.17954218759465,21.858152381887813,user,dead,medium
1788983317821,1.7628802811002358,-1.9421467514589428,-7.064540911102294,52.650468820813686,-51.84016932862922,11.124598039898336,user,dead,medium
1788983317837,0.8322840598508715,-3.218854494476318,-6.939144599151611,41.07301472479152,-41.32788664876513,-8.463704895875816,user,dead,medium
1788983317854,0.0635956528043374,-3.4524390862062573,-8.084470818328857,42.79230994266712,-30.076710689394467,-39.10318133797067,user,dead,medium
1788983317870,-0.1749266510561108,-3.2722751190185546,-8.559719263347983,52.776441414770815,-26.222955742680487,-54.07777686676584,user,dead,medium
1788983317887,0.4569929130887612,-2.7808652282714843,-9.001300416564941,64.4742468590632,-7.472194508595392,-65.51780414159276,user,dead,medium
1788983317907,0.6935700011655688,-2.8104937660768625,-8.89999575881958,74.53555946878802,30.770295909041756,-79.10813206149061,user,dead,medium
1788983317921,0.7119753716290927,-3.0380925613954664,-8.839093254089354,73.44272920158599,36.50885692514639,-84.53689618741097,user,dead,medium
1788983317937,0.5358519321253298,-3.0415342262819407,-8.51707313079834,67.9406293345472,33.350560377459566,-83.86352832770693,user,dead,medium
1788983317954,0.7808086876248941,-2.3280621315553782,-7.671620669555663,49.59890763928665,28.223745254367124,-60.76088474319153,user,dead,medium
1788983317971,1.239298305544816,-1.8017863868713375,-7.637353073772788,31.11326361293019,45.45740194548191,-26.176361899709956,user,dead,medium
1788983317987,2.087294569518789,-1.670105295562744,-8.694542744335532,16.45141220094615,84.99751048465829,12.603102622547963,user,dead,medium
1788983318004,2.4609398122373967,-1.872415628106892,-8.642020529937744,-0.631508031519419,125.2114240156456,45.29851466991449,user,dead,medium
1788983318020,2.99514605765976,-2.328810319574177,-7.855076371765136,-8.196883555949269,117.5802312409088,32.19257693576478,user,dead,medium
1788983318037,5.468954923016205,-5.493046796417236,-6.87629622105062,2.275223097443165,67.02774040102913,17.12551772108056,user,dead,medium
1788983318054,5.53898524851054,-4.604349359948933,-6.017825872802734,-3.51509645186159,-2.266532962384793,36.24810420829739,user,dead,medium
1788983318070,4.335001234789938,-3.0348005341127515,-7.200262217712402,-6.524194133875241,17.695403092217038,42.79594360330557,user,dead,medium
1788983318087,2.4320597547117617,-3.562422724969685,-9.420734619903564,-9.005744439539797,48.30734618799392,29.38559799822673,user,dead,medium
1788983318117,4.020911904498189,-3.8833953850343823,-9.27019860599935,-21.63126032784916,80.04780216674429,28.58277927073072,user,dead,medium
1788983318120,4.020911904498189,-3.883395092773437,-9.27019860599935,-23.80104750262213,76.82992246383286,34.489279270600335,user,dead,medium
1788983318137,4.749946310015767,-3.2019457375124096,-8.119486017608642,-27.121330524212265,57.94761178633332,51.147390071304,user,dead,medium
1788983318154,4.150797198431194,-3.7243306122377513,-9.42387700958252,-10.24512324557363,33.9534816660641,58.74223599437261,user,dead,medium
1788983318170,3.4261024295531213,-3.8608001068666575,-10.486752909088134,17.720995811037074,24.752767769119,54.22218414129283,user,dead,medium
1788983318187,2.3859714458189902,-3.305195684106648,-11.194239499664306,41.997812093127486,20.7838336348838,50.4784754949388,user,dead,medium
1788983318204,3.036595600835979,-3.197905229949951,-9.69247592380941,44.58982790201231,15.749746867510742,59.00140069223957,user,dead,medium
1788983318220,3.457376688738912,-3.333476898956299,-8.564807526397704,29.41856049116121,-0.5025353303302136,71.90342995890772,user,dead,medium
1788983318237,3.865737709399312,-3.639635436248779,-6.527042638397217,5.884396227054983,-2.87408682679389,84.7880080922465,user,dead,medium
1788983318254,2.2658124499998986,-3.958513754382729,-8.583661864471434,-10.62619572106792,35.80083610068828,86.2372171397723,user,dead,medium
1788983318270,1.6534953754149375,-3.8417958389282223,-8.933215306854247,-17.402942929693555,52.76027777209998,83.41768089944517,user,dead,medium
1788983318287,2.0385129298888147,-3.917961379241943,-8.10796392211914,-25.2155506514278,51.47974366122224,90.74579769014105,user,dead,medium
1788983318304,2.361281241198629,-3.8045360755920408,-7.056011567687988,-29.063513597725606,31.16265954100772,107.10715384688056,user,dead,medium
1788983318320,2.130091070324555,-3.8566093771785495,-6.936600175365805,-24.24499272320003,9.012355208882724,115.14215423553772,user,dead,medium
1788983318337,1.499967120892182,-4.042310227966309,-7.039252156066894,-17.96123917735581,-10.284702484266562,117.71459472226128,user,dead,medium
1788983318354,1.1562495450560002,-4.098424621637165,-7.124246315002441,-13.536647755663427,-25.65478645657297,117.76131321618416,user,dead,medium
1788983318370,0.486770942367427,-3.975272581481933,-7.102399224853516,-13.843829537169228,-31.21321318614957,116.58865169796302,user,dead,medium
1788983318387,0.0305258154386654,-3.649062605285645,-7.222408583068847,-23.893314820572535,-21.15413404828333,116.10462351224088,user,dead,medium
1788983318404,-0.066738572206255,-3.497778987884521,-7.091625317382812,-41.70390563804725,-17.846013886057698,120.02933217160026,user,dead,medium
1788983318421,-0.2982280000215396,-3.175609226989746,-6.718727824291586,-62.93524131451924,-28.336013073754625,128.72626668329085,user,dead,medium
1788983318437,-0.9470566133912652,-3.035099517059326,-7.142800793346762,-67.91099314373851,-40.70771913250631,133.26789168886413,user,dead,medium
1788983318453,-1.1110594271119685,-2.9219734886169437,-7.640645685577392,-62.560789853651634,-48.91498713731494,136.98074154054802,user,dead,medium
1788983318471,-1.5140335671022531,-2.7323826446533204,-8.450035484313965,-48.61821883297247,-51.97224128151517,139.49130051339128,user,dead,medium
1788983318487,-2.781464070947468,-2.456899816131592,-8.537573482513427,-40.04106534875638,-43.17935968745883,135.48043584784136,user,dead,medium
1788983318504,-3.2523736099794505,-2.722805838012695,-8.712799116516113,-29.27821376409579,-20.12100304952179,132.49441374649518,user,dead,medium
1788983318524,-3.414880047662556,-2.877830395507812,-8.719233533477782,-19.723286256793823,-4.774067868973017,124.39576282496267,user,dead,medium
1788983318537,-3.363853624780476,-2.497601244354248,-8.536825294494628,-17.791905127452853,-5.969426105806118,112.83387814515356,user,dead,medium
1788983318554,-3.286490983636677,-2.3870190551757813,-8.494328215026854,-19.65241109132389,-6.523550815432791,102.65414371559903,user,dead,medium
1788983318571,-2.8871082192018624,-2.191143431854248,-8.441356503295898,-27.36144582448406,-7.594759691930332,95.88158085161368,user,dead,medium
1788983318587,-2.4694696671083567,-2.025344966888428,-8.714145854949951,-32.17784080263047,-15.09647854698675,95.765529107426,user,dead,medium
1788983318604,-2.339434443310648,-1.8300678939819333,-8.869918600463867,-33.676012061221506,-11.891186882715656,100.89827283471804,user,dead,medium
1788983318620,-2.490568569238484,-1.4682441680908205,-8.850914624786377,-31.62393636660453,-6.783162036916744,110.3759184591086,user,dead,medium
1788983318637,-2.7965774689272043,-1.325489601843059,-8.63768103942871,-28.853259884505103,-2.669575808561487,116.26785137302583,user,dead,medium
1788983318654,-2.845209690149128,-1.3346174956724046,-8.555829270172119,-25.22537587854886,1.7651343249428575,122.0345391081326,user,dead,medium
1788983318671,-2.7875986281797287,-1.455823954717815,-8.338854160198569,-16.988109682905538,4.974393475348083,130.81768426752708,user,dead,medium
1788983318687,-2.620005096490681,-1.6452653072081505,-7.855974197387694,-10.59651769535057,8.141182509494168,135.30080187267004,user,dead,medium
1788983318704,-2.855385047204792,-1.8047788466855883,-7.537545376586913,-7.891117331148954,13.417994563175611,134.86507678475823,user,dead,medium
1788983318721,-3.637840077264607,-2.0205564174376427,-6.921786052593588,-14.676835139475752,15.312257883245794,126.14500159215964,user,dead,medium
1788983318737,-4.195389788873493,-2.012475840704143,-6.495618741607665,-28.51654009615994,3.9309113248993848,116.48384927533834,user,dead,medium
1788983318754,-4.305074152429402,-2.051531255285442,-6.685059947967529,-43.66395477888206,-10.100961857856756,107.91836175422463,user,dead,medium
1788983318770,-4.11473512044698,-2.063053350774944,-7.499687062835693,-56.42367363909842,-13.765687904196051,102.1945197957814,user,dead,medium
1788983318787,-4.032883058929444,-1.4930837180539964,-8.413373686870932,-57.88344215908105,-6.7500889802950725,101.09104126366329,user,dead,medium
1788983318804,-4.176535158538818,-1.1519099814817308,-8.545354053387046,-55.03109710507578,1.181111956328336,101.30162965615312,user,dead,medium
1788983318820,-4.648492453058064,-0.9299974151059984,-8.453177873992919,-46.56967776125098,12.213657188904884,98.72826026370244,user,dead,medium
1788983318837,-4.7990272979184985,-1.3307269179746508,-8.616581552776694,-40.29959825412512,16.06699037143762,88.9078142750581,user,dead,medium
1788983318854,-4.8877626892089845,-1.3766656257962808,-8.489090898895263,-37.41389114111893,7.601938220748015,75.23639151914469,user,dead,medium
1788983318870,-4.637119702911376,-1.2904742929654196,-8.476969668468833,-34.582753824486545,-17.423127846238234,61.0108013649223,user,dead,medium
1788983318887,-3.9336733276367184,-0.8605654573636129,-8.60610692051351,-31.15759495573816,-26.24191464026915,58.33711698413164,user,dead,medium
1788983318904,-3.7539588577821847,-0.4587886191328056,-8.616731774902343,-26.77044492352849,-28.661550134881185,62.99424731875898,user,dead,medium
1788983318921,-3.849277426855266,0.211737465048395,-8.607752934154867,-18.2562265098722,-28.259518370145067,74.55236856433542,user,dead,medium
1788983318936,-4.1136876572206615,0.294936082336679,-8.29905114212036,-8.793900146016329,-31.05611883523928,82.70405590477307,user,dead,medium
1788983318954,-4.32856696395874,0.1429042403841391,-7.911190473175048,2.1369681158110594,-23.115709736397637,82.18319933904624,user,dead,medium
1788983318984,-4.489876300811767,-0.7413043236996978,-7.585728684997558,-10.445321212788585,-24.12655724299201,41.35126980138867,user,dead,medium
1788983318986,-4.724657408849895,-0.6183022499417886,-7.758559532818197,-15.78249420948637,-25.16493211948883,35.722623604502466,user,dead,medium
