epoch_ms,acc_x,acc_y,acc_z,gyro_x,gyro_y,gyro_z,participant,label,category
1788967858660,0.954688423443958,-5.760151088172197,-8.106316739434003,4.34091392039691,-8.60160470767108,1.3343313488234103,user,rest,heavy
1788967858672,0.8310878358036279,-5.730073929816484,-8.071900675091147,6.967632212907271,-6.830855113456828,2.0032699375724103,user,rest,heavy
1788967858689,0.752378383160755,-5.655404765540361,-7.868543171581625,6.4527243150606965,-1.0828998124790763,3.492939745080892,user,rest,heavy
1788967858706,0.8152261767398565,-5.59210747462809,-7.8043480550467965,5.866723112577575,1.2239114157715167,5.911214537944216,user,rest,heavy
1788967858722,1.0968442200809716,-5.734862917658687,-7.765442862591147,5.0759976618939,-0.5781972844695588,8.452321531850345,user,rest,heavy
1788967858739,1.1142021821171044,-6.164920806342363,-7.981519562420249,5.483599019011343,-6.853962497192627,11.626693783522436,user,rest,heavy
1788967858755,1.3317752579838036,-6.335507674628496,-8.017133312115073,4.662737493049102,-5.447025917326863,17.772048059988336,user,rest,heavy
1788967858772,1.6050134859165175,-6.463747101050615,-7.761253009685873,5.346186285081265,-22.97858856616775,21.59661590083156,user,rest,heavy
1788967858789,1.7787427438816057,-6.134394735175371,-7.517194077953696,2.6663035076188164,-24.099982684478785,28.135456521608248,user,rest,heavy
1788967858806,0.9612724414767696,-6.247820623347163,-7.136365791863202,-1.7613988517970955,-7.062769490969556,26.439489814842812,user,rest,heavy
1788967858821,-0.1224030118862166,-5.765836732593178,-7.487864523094892,7.375564407312637,38.7591276340042,25.185446592660966,user,rest,heavy
1788967858839,0.5285204548709094,-4.252402592688799,-8.563759478649496,29.49780776100628,72.26111330536295,36.4540992985704,user,rest,heavy
1788967858857,1.2603980844577771,-4.235792818671465,-7.812578123253584,27.348717766965745,117.72378815688413,44.78182110448678,user,rest,heavy
1788967858873,1.3413519184939562,-5.389498743659257,-6.490979391369224,13.412401492019018,183.48670729722116,52.50843503702327,user,rest,heavy
1788967858890,2.373402544690296,-6.464345651465654,-5.556043643078207,-22.89729565466626,211.05035916453613,74.71912080273212,user,rest,heavy
1788967858906,2.413804770770669,-7.16285398581624,-5.506363958629965,-52.69069180483589,175.92754569747126,87.44605133983782,user,rest,heavy
1788967858922,1.437868172919005,-7.0206988467663525,-6.045507660454511,-73.72974058069909,127.23750401028153,88.03737496723168,user,rest,heavy
1788967858939,0.3461122158877551,-6.211159410426021,-7.471703661888838,-79.58435334099141,91.4689507987053,66.77287189215012,user,rest,heavy
1788967858956,0.0266359318606555,-5.899762972480058,-8.123974561199546,-70.73311802576106,83.38484818010492,42.01140416957581,user,rest,heavy
1788967858972,1.3446440919071436,-4.906468558722734,-9.494504789513348,-45.43179556628353,53.55090290438022,24.007076743840976,user,rest,heavy
1788967858989,2.772635598456114,-4.738874442511797,-9.699658528789875,-2.815647087925026,32.96682668950991,16.152654604007918,user,rest,heavy
1788967859006,3.181595169531554,-5.148881476813554,-9.23892376229167,21.487799034522208,38.35306605765778,29.61328576930369,user,rest,heavy
1788967859023,3.1135100598208605,-5.428105245429277,-8.793901528710126,37.79851616875527,26.53853438799717,51.81442634564745,user,rest,heavy
1788967859039,1.754650980078429,-5.884799212104082,-8.735992360576986,42.742545184374414,23.43581167449216,84.24252869456177,user,rest,heavy
1788967859056,1.5180739285342395,-6.22417729743123,-8.839540997856854,42.1427384620314,57.80069441728634,99.09369587486565,user,rest,heavy
1788967859072,0.9337389397218824,-5.399075550299883,-9.117568250164387,43.30942697982338,105.32242541675625,93.81992923178036,user,rest,heavy
1788967859089,0.9509474102847276,-4.04680110964477,-8.739283803337813,38.14176049530509,146.5150572444822,71.05796865287604,user,rest,heavy
1788967859106,0.8310875435426831,-3.9659962190926072,-8.21615074059367,23.551984654537613,159.90121714971002,53.56608982999975,user,rest,heavy
1788967859122,0.7909849579960108,-4.39201506151855,-7.270889997643231,6.167204478507593,166.3238489319481,36.31849955297813,user,rest,heavy
1788967859140,1.4323311431884764,-4.789900865393877,-6.515070461052656,-15.464092988495176,162.26233158351337,22.14531573270995,user,rest,heavy
1788967859156,2.104353621673584,-4.789900865393877,-6.242131471794844,-19.396960308818123,89.0144130374345,23.41092758779851,user,rest,heavy
1788967859172,4.433163941247761,-4.53222549624145,-6.402842258232831,-6.1113057834533855,-60.44948275855231,20.102686189715108,user,rest,heavy
1788967859189,5.387402940423787,-4.859631988745927,-7.026382737621665,16.44143841721064,-88.5134323221924,34.29894238899959,user,rest,heavy
1788967859206,4.525340705163776,-6.7293544322460885,-8.419508244103193,29.80133453753248,-4.087423829069757,85.0400352424308,user,rest,heavy
1788967859222,3.4359789497926827,-6.672641780421137,-8.246377536553144,31.4054898414746,34.96531271989896,98.85268581981256,user,rest,heavy
1788967859240,2.727893516540527,-6.265926773402095,-7.43160078408122,35.098170144539466,34.51733427261616,84.89121225060539,user,rest,heavy
1788967859256,2.0581157482422885,-6.22402824434936,-4.3324563726127145,-3.6448860543476993,53.78883254411762,79.47043261582478,user,rest,heavy
1788967859272,3.766378632763773,-5.59869211371541,-2.651128256767988,-79.25126550573741,66.86788665369416,87.45140620814712,user,rest,heavy
1788967859289,4.695627859850973,-3.390938907843828,-1.59019764611125,-165.03302514108574,48.78488569400454,91.17448085301854,user,rest,heavy
1788967859306,4.788852086993306,-2.862867804175615,-3.143735832867026,-238.5898458225676,31.453946618541256,82.9040301832927,user,rest,heavy
1788967859322,4.474613265228271,-3.034652357813716,-5.474640786632895,-264.1543696217116,39.86103863770777,79.19029923720586,user,rest,heavy
1788967859339,4.310161538696288,-2.130541955897212,-6.14202449940145,-285.69839818857594,45.88509814602436,77.30343215823316,user,rest,heavy
1788967859356,3.538180994769186,0.0959162427052855,-7.716810641369223,-229.1361946527313,5.942963818527374,73.28661156772701,user,rest,heavy
1788967859372,3.263296716662496,-0.0278337633430957,-11.909955573925377,-212.1164970524617,59.90454977600118,94.69508820032328,user,rest,heavy
1788967859389,4.3993454044066365,0.5352525396049023,-8.554033034405112,-207.16271111161325,50.7229416257119,115.10055838349234,user,rest,heavy
1788967859406,3.781192463275045,-2.1844109087288377,-8.750657430267333,-165.73643900294866,9.9983988835062,146.86623825084754,user,rest,heavy
1788967859422,3.39961642755717,-2.0787667604744438,-9.820116799816487,-137.52109146616607,0.3827524885867017,172.34844461011454,user,rest,heavy
1788967859439,2.861968517248332,-2.308610119849443,-10.543914473724364,-118.00751421500644,9.278480723287576,187.2785141357104,user,rest,heavy
1788967859456,0.3748417590267956,-3.4308921480476853,-11.88855798110962,-92.75339519288288,20.122994049664847,167.3001151907747,user,rest,heavy
1788967859472,-1.5527898526065051,-3.240104057123512,-12.556240384563804,-74.10783253239431,38.15464223207974,148.62965649076145,user,rest,heavy
1788967859489,-1.0001780357912182,-2.9843733922980724,-12.447454431152345,-65.23971981972487,37.24950897836423,151.09021847888022,user,rest,heavy
1788967859506,0.5443811640866101,-2.8601740350469944,-11.245864472961426,-77.09152553923352,-19.345187474909427,188.3919169326925,user,rest,heavy
1788967859522,1.3093285214412955,-2.585888307355344,-10.152163227081298,-87.92229310990614,-64.23860533269776,213.2747058903992,user,rest,heavy
1788967859539,0.3678086455196142,-1.729512154907733,-10.264541067504885,-88.11196063296822,-77.8587948396469,227.0700214476674,user,rest,heavy
1788967859556,-1.1692688933659343,-0.2436107495732605,-9.839869548034669,-95.02220645024268,-88.05223745886563,234.3297202334473,user,rest,heavy
1788967859572,-3.261501905667596,1.0824778410762548,-9.04664061050415,-113.86695108730716,-90.14452247712649,212.14843501702072,user,rest,heavy
1788967859590,-3.844938931860076,1.3016969305843114,-8.287977959442138,-138.40926194507784,-80.99909042377615,173.36589690963632,user,rest,heavy
1788967859606,-4.802919044660031,1.434724760326743,-7.338826638793945,-191.35903307041607,-17.467747764538636,89.61156964637954,user,rest,heavy
1788967859622,-5.318420333884097,0.6506238627560437,-7.094318209728598,-232.02920323796025,13.9806459102074,24.53373897036232,user,rest,heavy
1788967859640,-4.210354170303978,1.354070311095938,-6.6810191481441255,-249.1536076382061,53.764752712198735,-23.819156041659124,user,rest,heavy
1788967859656,-7.161207497250847,-11.690587741862702,-67.60118345369995,248.20863730615648,330.0978243221904,-57.623758366837166,user,rest,heavy
1788967859672,-0.0670383771367371,0.7267893300045282,2.982875993347168,-73.21713488348963,-501.436206897465,30.93012233562005,user,rest,heavy
1788967859689,3.223342709273658,-5.21217734709218,10.616190020862222,-80.38229702096733,-546.3276525381306,43.26753059945452,user,rest,heavy
1788967859706,-8.504953325144015,-1.7013800296725703,-48.78036244964599,-185.3240281839545,143.2140541393717,-3.342212197694108,user,rest,heavy
1788967859722,3.5212711623763315,-1.206378847851709,-17.498771021270752,-6.992327188738275,-273.55749105206814,29.310404445654054,user,rest,heavy
1788967859739,0.3051102520822547,0.1080378658573608,-6.929717430114746,60.88314512933476,256.948192198268,9.663102335829334,user,rest,heavy
1788967859756,0.8863027233514934,-0.8536829724074574,0.8898948295593261,-12.40813914155818,-4.087528843228246,-8.976623928013447,user,rest,heavy
1788967859772,-1.1870759588679474,0.7282857334415893,-10.17610524368286,27.168214650222524,69.11154232434082,-2.255852680957009,user,rest,heavy
1788967859789,0.0825991352914832,-0.3678096958323847,-11.46643030090332,-11.837720161892795,-24.280583131417675,-0.042618192625911,user,rest,heavy
1788967859806,-0.1752264582698815,0.0377082194897346,-11.834838081359862,2.3247398344916417,8.198084815469544,-0.2129367902853407,user,rest,heavy
1788967859822,0.2317878330898354,-0.1300355434581171,-9.419238243865966,-1.7693042621528563,-4.920891749805727,0.19395472074631,user,rest,heavy
1788967859839,0.1105813671945594,-0.2317891231479123,-9.580098667907714,0.3671805110527189,1.6950958576462545,-0.0744611615265319,user,rest,heavy
1788967859856,0.0716755913586646,-0.1604119770213495,-9.791985514831543,-0.1383552066540476,-0.4102771104052217,0.0403183398663208,user,rest,heavy
1788967859872,0.1798635811602638,-0.1025022243663203,-9.828197814941406,0.0805028640538049,0.4466550447702535,0.0788540403799079,user,rest,heavy
1788967859889,0.120607087788108,-0.1566710369273554,-9.800963771057129,-0.0007482809076132,-0.4232278427626535,-0.0085221550934718,user,rest,heavy
1788967859905,-0.0122711072046746,-0.1876460300387814,-9.802609784698486,0.1526635858513648,0.3025564627772317,-0.0216294548633916,user,rest,heavy
1788967859922,0.1432023591059667,-0.1650507427379023,-9.776572841644288,-0.0051002119765022,-0.1874072507151255,-0.0124007753972201,user,rest,heavy
1788967859939,0.196772629243473,-0.0793083957835566,-9.795576817321775,-0.0168043414289141,-0.1752986860184416,0.1740885152357329,user,rest,heavy
1788967859955,0.0543176236143102,-0.1834561680003535,-9.787945299530028,0.0992323366554641,0.079728211212177,-0.0223894201302613,user,rest,heavy
1788967859972,0.0589563916141516,-0.1629558162852656,-9.78719711151123,0.0404466326968833,0.0813236206723303,-0.0440511382993319,user,rest,heavy
1788967859989,0.0995081799497595,-0.0565634800120722,-9.777620304870604,-0.0384959967039831,-0.1046578680741946,0.2450629185518262,user,rest,heavy
1788967860005,0.1666954606129613,-0.1970731899424921,-9.935039064025878,-0.0080547140221491,0.6408102689213003,-0.2363213436312677,user,rest,heavy
1788967860022,0.0857415215455053,-0.1408094600619748,-9.775675016021728,-0.0143343325821419,-0.3103292447331326,0.1842247160672301,user,rest,heavy
1788967860039,-0.0329210948110558,0.065540813789051,-9.840318460845946,0.1928462824296374,0.3992764504166815,0.0047632231827574,user,rest,heavy
1788967860055,0.0576096497553808,-0.2868557521983515,-9.769389652141928,0.1095409730830777,-0.1243219560142349,-0.2738339698525942,user,rest,heavy
1788967860072,0.2554305687756568,0.0261861148670781,-9.791536602020264,0.0531425869920817,-0.1639697500629177,0.4223221223261127,user,rest,heavy
1788967860089,0.1886921849407139,-0.1002576603099238,-9.75652140274048,0.080638920888463,0.066376925612521,-0.0349074893522418,user,rest,heavy
1788967860105,-0.0861920817495323,-0.3567365222873166,-9.728988083648682,-0.3444404100673663,-0.1293933314523297,-0.3354598585671368,user,rest,heavy
1788967860123,0.1776190148205787,0.0586574566166382,-9.810839852905271,0.1769110642298142,0.4866522590238779,0.2941584517080101,user,rest,heavy
1788967860139,0.2579744114645058,-0.210241289940197,-9.778816821178792,-0.2072550600716685,-0.495063423543337,-0.241807186153978,user,rest,heavy
1788967860156,0.0510256008981727,-0.0980130962535273,-9.794978266906735,-0.0145759205085514,-0.1380603212407602,0.0377243454103303,user,rest,heavy
1788967860172,-0.0504286990175256,-0.0149642170337028,-9.828945418438314,0.1788285998186556,0.5339603903712076,-0.1236562260135702,user,rest,heavy
1788967860189,0.122253103712754,-0.3128927043857052,-9.76894132385254,-0.0996004464991308,-0.232845124189275,-0.0743202088336211,user,rest,heavy
1788967860205,0.1602610516428016,-0.001796117035998,-9.8059018119812,-0.0528017412091889,0.1526376791572864,0.2635551754819598,user,rest,heavy
1788967860223,0.0772121769895544,-0.2980785816134885,-9.779714646801352,-0.0071989626892872,-0.1862634341529864,-0.0654309043918346,user,rest,heavy
1788967860239,0.0106234478830359,-0.1717844349070917,-9.788094352611898,-0.0589821919591376,-0.0065947610870588,0.0568101984731802,user,rest,heavy
1788967860255,0.115070497590641,-0.1343750339671503,-9.78674819869995,0.223372172078783,0.3536665015321726,0.1695595528672723,user,rest,heavy
1788967860272,0.2293936188715917,-0.2717423450854607,-9.769389652141928,-0.0323747231398902,-0.2485188608697204,0.0311841891510452,user,rest,heavy
1788967860289,0.0620987835763953,-0.009427634827746,-9.78704747390747,0.209672947037853,0.0969259872120344,0.0715857519375557,user,rest,heavy
1788967860305,0.0305252446165075,-0.2614173412928823,-9.78689725178182,0.0130481909526567,0.0851767278182902,-0.1185540213427178,user,rest,heavy
1788967860323,0.1538266312561987,-0.2103909366771113,-9.784353997039794,-0.0012702551030636,-0.1206500489844787,0.02351841571551,user,rest,heavy
1788967860339,0.1660969193310768,-0.0450413936557248,-9.78779566192627,0.1338914645880327,-0.0884914306286893,0.082444225263462,user,rest,heavy
1788967860355,0.032320897003269,-0.25303764461549,-9.782408123669027,-0.1217078745321844,-0.0416095124237176,-0.090663110619636,user,rest,heavy
1788967860372,0.0450400944644934,-0.0968159954234492,-9.784204359436034,0.0469913746544637,0.0139269291404278,0.0370725826129098,user,rest,heavy
1788967860389,0.1355708458807959,-0.1798648655101191,-9.79333225326538,0.0306186975125357,-0.0095105715117799,-0.1105562033299634,user,rest,heavy
1788967860405,0.1060922367984778,-0.1665471279086545,-9.779864868927,-0.0977534939784506,-0.0480084925415204,-0.1470857492182709,user,rest,heavy
1788967860422,0.0646426239819557,-0.0401033344653435,-9.809941442760824,-0.0423907886812106,0.2376928242722651,0.0223238596523784,user,rest,heavy
1788967860439,0.0784092801029211,-0.2519901813891716,-9.791087104687094,-0.0650895616859992,-0.0319203554775256,-0.1666460236190123,user,rest,heavy
1788967860455,0.1605603234253881,-0.0576109523715451,-9.803208335113524,-0.0319086294301029,0.0128324180063597,0.1780514256767287,user,rest,heavy
1788967860473,0.143800917512516,-0.0935239590075798,-9.79408044128418,-0.1030184225701932,-0.1304586408596534,-0.0006202532137885,user,rest,heavy
1788967860489,0.0193024254761694,-0.2349314854274038,-9.794678407177328,0.0997422929863275,0.0681858051646637,-0.138258903654793,user,rest,heavy
1788967860505,0.1051944146008521,-0.0941225276889279,-9.801412683868408,0.010829325793778,0.0577335480014947,0.058991470077434,user,rest,heavy
1788967860523,0.1803124905466102,-0.1261449748935177,-9.78121160736084,0.0513706498254059,-0.1025586587915801,-0.0022340588279759,user,rest,heavy
1788967860539,0.0758654431222937,-0.149937344758166,-9.783456171417235,-0.0789355891033382,0.1560277741827134,-0.0904843717727719,user,rest,heavy
1788967860555,0.076763267603208,-0.1708866001513786,-9.802609200176596,0.0758184148301273,-0.0230715119024436,-0.0231509595422912,user,rest,heavy
1788967860573,0.1117784680246375,-0.1773210262462031,-9.78151088256836,-0.045280438947802,-0.0344337316899581,-0.0899677119847641,user,rest,heavy
1788967860589,0.1216545453062048,-0.0797573085948359,-9.787496386718749,0.0108706179225188,-0.0064935755697648,0.0078948982677413,user,rest,heavy
1788967860605,0.0933730439038307,-0.1855510944529902,-9.781959795379638,-0.0025571171040629,-0.059899331618197,0.0210479749793347,user,rest,heavy
1788967860622,0.0620987812931067,-0.1610105274363886,-9.788843125152589,0.0908292429650047,0.097767060975298,0.1399131968161113,user,rest,heavy
1788967860639,0.0948694130915624,-0.1327290203257929,-9.784653272247311,0.0521857201780452,-0.001705319476895,-0.030640128565078,user,rest,heavy
1788967860656,0.1559215611337684,-0.1418569141551386,-9.783456171417235,-0.0567493070699253,-0.086724299273827,0.0631716392309744,user,rest,heavy
1788967860672,0.0999570939026831,-0.1321304699107539,-9.79318261566162,-0.0036029447975015,-0.0499506141433312,-0.0601651487068721,user,rest,heavy
1788967860689,0.0478832089359289,-0.2026097721484489,-9.80006536091268,-0.0003871630032019,0.0438646754690119,-0.0091615448431283,user,rest,heavy
1788967860705,0.1372168560972204,-0.0948706974414177,-9.801711374554037,0.1035251905900964,0.0942644545915509,-0.1103883567671957,user,rest,heavy
1788967860723,0.1364686715033545,-0.133626836815197,-9.811737094005942,0.0588474558055885,0.0171617974447958,-0.0506196791973016,user,rest,heavy
1788967860739,0.0471350220587744,-0.1789670307544059,-9.808145791515708,0.0192280013723707,0.0839407570632088,0.1198493026857872,user,rest,heavy
1788967860755,0.0936723191113502,-0.093075055329455,-9.803208335113524,-0.1081765227344487,0.16917121926036,-0.0752698719325173,user,rest,heavy
1788967860772,0.1360197609753639,-0.1361706943454221,-9.797522106170652,-0.105578062642082,-0.1484377264675368,0.0359158060336248,user,rest,heavy
1788967860789,0.1140230275144567,-0.1426051021739375,-9.773280814361572,0.0133031607804551,0.0188443718581461,-0.0286441258420608,user,rest,heavy
1788967860805,0.0580585648499487,-0.1162688747790642,-9.791386379894613,-0.0991541096451263,-0.0598299424991192,0.025326208040275,user,rest,heavy
1788967860822,0.0549161774542822,-0.1213565624400507,-9.786000010681152,-0.0683790448233008,0.0905552083049844,-0.079604113878673,user,rest,heavy
1788967860839,0.1445491055313148,-0.2308912883921992,-9.771335525512695,-0.1163030871450152,-0.1539407378446646,-0.1123429514683697,user,rest,heavy
1788967860856,0.1132748463455238,-0.0983123714610468,-9.792733702850342,0.0361614593900139,0.161719296112891,0.167816413885891,user,rest,heavy
1788967860872,0.0676353749155066,-0.1565213993235956,-9.79946739501953,-0.0433222090385248,0.0019223780862412,0.021130037300974,user,rest,heavy
1788967860889,0.0763143559335731,-0.1397619877025019,-9.79408044128418,0.0831426387865222,0.0769803674121427,0.0898098505715935,user,rest,heavy
1788967860905,0.1595128659072914,-0.1565213901904411,-9.779565593719482,-0.0584786522708343,-0.0809813574917826,-0.1504346763456928,user,rest,heavy
1788967860922,0.1385636013809242,-0.203507606904162,-9.77926631851196,-0.0675862292813703,-0.2116215119626504,-0.1044643149205468,user,rest,heavy
1788967860939,0.0432444455026648,-0.1080388157054316,-9.776722479248049,0.0584062282532484,0.0811710353134893,0.0393076319517176,user,rest,heavy
1788967860955,0.1295853428720496,-0.1758246593417599,-9.791087689208984,0.0417309183692039,-0.0495233671344484,0.0776369727069631,user,rest,heavy
1788967860972,0.1289867947402992,-0.1927336994334589,-9.778667768096923,-0.1782525027106341,-0.02268615316308,-0.0502934509530475,user,rest,heavy
1788967860988,0.092325579535868,-0.1256960529490839,-9.786149648284912,-0.0437615422805873,0.0552252277298736,0.0011591844877716,user,rest,heavy
1788967861005,0.0840955090457922,-0.1628061695483513,-9.77567443149984,0.0471388407064806,0.0149678793184069,0.0724089965058472,user,rest,heavy
1788967861022,0.0776610943674109,-0.1562221332492306,-9.783156896209716,0.0906111171386006,0.111069761518397,-0.0437364693498353,user,rest,heavy
1788967861039,0.140808163154032,-0.1625068943408317,-9.79393021915853,0.0611394645198038,0.0347745474573712,0.1752590655851703,user,rest,heavy
1788967861055,-0.0410015208475058,-0.2060514553012326,-10.126724834442138,-1.0716304272353785,-2.402134415524349,0.7853941145105103,user,rest,heavy
1788967861072,0.2685986676317173,-0.0987612842723261,-9.056366470226646,0.3136558937044726,0.537324205176586,-0.275935320239431,user,rest,heavy
1788967861089,0.2415142841840861,-0.1177652599498163,-9.566182370758057,-0.2952155568842018,-0.8775622879962491,-0.3861037635916508,user,rest,heavy
1788967861105,-0.1051960528604453,-0.016460602204455,-10.072555437359211,-0.353668796048847,4.159123739881967,2.1664960908100825,user,rest,heavy
1788967861122,0.1946776959409704,-0.0821515011218376,-9.785999426159265,1.099760027723547,3.7460091394438537,10.895522886646216,user,rest,heavy
1788967861139,0.0685332005380652,-0.2129347850741818,-9.419537519073486,-0.1442082652261386,2.012979051477583,10.364207593752804,user,rest,heavy
1788967861155,0.2666533924825722,-0.1165681591197382,-9.76819313583374,-0.6563517240474297,5.587530165630018,2.777673797460694,user,rest,heavy
1788967861172,0.22161247831746,-0.5110128643641714,-10.098443327331545,-0.9222208929149958,16.473915966714053,-14.317566335359436,user,rest,heavy
1788967861188,-0.0085301288655959,-1.4211087156321387,-10.888679512786863,-3.9594674920455617,49.23568159431996,-40.27346936545524,user,rest,heavy
1788967861205,0.1072893581781536,-1.3150157641643192,-11.967117723083495,-15.36799393442039,108.3030721592256,-65.4834482900676,user,rest,heavy
1788967861222,0.7812572716426104,-1.3015483841071065,-13.154791384124756,-15.937059682856464,197.39254897563853,-96.32458009099156,user,rest,heavy
1788967861238,0.8366231119684875,0.1889918231911258,-11.535263598632811,-8.476639566616528,230.74034654157884,-97.76299060943956,user,rest,heavy
1788967861255,1.0839742171138524,1.4577689969715195,-10.064475591278075,-1.674299212284035,225.10452523096956,-80.92764664505782,user,rest,heavy
1788967861272,2.0199574286311863,2.115426192430453,-8.014888748058675,10.143763238290642,178.67304951738458,-46.005657815064254,user,rest,heavy
1788967861288,1.81959267719686,1.1810890219539405,-7.2894462295532225,6.927806233630573,128.5684346719502,-21.448224918471155,user,rest,heavy
1788967861306,2.178124668066204,0.5159499554401729,-7.617452441516519,6.381302734457166,97.11457343077358,-13.47122991134034,user,rest,heavy
1788967861322,3.4141309828609225,0.2575257772144396,-8.812906673431396,12.405838221581533,86.97368228702892,-18.543471822964374,user,rest,heavy
1788967861338,3.52082288660258,-0.6142629570888821,-8.868122364696859,10.543983295349417,83.44007025954448,-14.833920952649583,user,rest,heavy
1788967861355,3.745578567449748,-1.3132201585849743,-9.230395587921144,13.000419849209482,93.38091199268862,-12.723692173665476,user,rest,heavy
1788967861371,4.037671462249755,-0.4739028299632947,-9.604040684509275,15.362545151010012,116.83589088553911,-9.526828109056533,user,rest,heavy
1788967861389,4.229057957458496,0.0558143147457391,-9.70489701396525,15.486371358020463,137.27807333549703,-13.636813333615311,user,rest,heavy
1788967861405,4.534019393920898,-0.074669684865931,-9.567379471588136,19.67849046112229,149.7991761219644,-14.391959902025569,user,rest,heavy
1788967861422,4.875043492889404,0.397137745147747,-7.837568772125244,22.58247174525286,123.23263625082288,-4.137343974166088,user,rest,heavy
1788967861439,5.614403477588295,0.213083354098862,-6.323685134887695,7.2555170024604925,69.98454978329517,2.452916658559982,user,rest,heavy
1788967861455,6.006154139709472,-0.2313401966369012,-4.884620299530029,1.6196282437331373,33.494848123676086,0.2438887396643922,user,rest,heavy
1788967861472,5.9850552375793455,-0.0363626044339034,-6.9147536697387695,-0.4547144545474569,15.962372363920531,-0.4573092861018271,user,rest,heavy
1788967861489,5.884797458538412,-0.0345667476928094,-8.252962760162353,-0.8701654599293898,25.93537916541356,-0.6369357373929049,user,rest,heavy
1788967861505,5.703137407574057,-0.1726822468299185,-8.769811043548584,-1.021049461336849,50.11792688412675,-1.2762164708269454,user,rest,heavy
1788967861522,5.809081415557861,-0.0912796598126646,-9.194332925415038,-0.905521400559432,88.50407496302948,-2.1065934107983666,user,rest,heavy
1788967861538,6.102071843719482,0.0953184434922062,-9.017162587085366,-0.5685106888443056,117.54715946494758,-0.2691771415403943,user,rest,heavy
1788967861555,6.167762751770019,0.0395036424059886,-8.748862363544106,0.1118889173113357,135.16999008968594,0.2041672142572277,user,rest,heavy
1788967861571,6.479008967590332,0.0407009692816413,-7.190835048675536,-2.544108648602938,123.2719234989288,5.742487947990568,user,rest,heavy
1788967861588,7.338078450775146,0.5214865239463979,-5.1892830453068015,-17.636089729464647,96.58738527968612,17.54780099670577,user,rest,heavy
1788967861605,7.7042416671752925,0.5228332441139267,-4.743063126373291,-33.329659998599325,70.25794859539243,29.80980055700871,user,rest,heavy
1788967861622,7.957129802051186,-0.0709289342848933,-5.252579167175293,-34.57160012557191,62.16306110809262,27.09091739938549,user,rest,heavy
1788967861638,6.755390206256508,-0.447117739989492,-7.334337510681152,-25.50696921010285,71.74524277773023,19.83564628373512,user,rest,heavy
1788967861656,7.0660378716617815,-0.3782845427246997,-7.887398094177246,-18.35668322463745,98.71165607383014,13.488382223893533,user,rest,heavy
1788967861672,7.39942986831665,-0.1822591425188002,-7.585429409790039,-14.512680080510956,133.41879788838637,9.867492331647382,user,rest,heavy
1788967861688,7.727734770965576,-0.0799071071704442,-6.628945262035727,-16.966734605897983,153.81240403296712,10.477278814141426,user,rest,heavy
1788967861705,7.965658560943603,0.0032915672000555,-6.300789996990561,-22.297227677587497,175.98927694718984,15.054694864739195,user,rest,heavy
1788967861721,8.61194454062581,0.2082950055774766,-4.982632929992676,-29.07946891962676,185.9083235466925,19.815891669108147,user,rest,heavy
1788967861738,9.265710646930335,0.2391204683997086,-2.601599378967285,-47.0186295104905,174.57617910980588,24.9932467769641,user,rest,heavy
1788967861756,8.847324491339922,-0.1623572361874743,-2.0453966980531813,-60.35442018568407,156.24139688674208,20.77809969107557,user,rest,heavy
1788967861772,8.447043901282548,-0.5574004678724158,-3.056796969604492,-42.56914375682072,117.74341812055872,12.779976347520966,user,rest,heavy
1788967861789,8.5993743973881,-0.4613333580124424,-4.7839136076778175,-18.553044333086152,108.53687636470433,3.876305243145602,user,rest,heavy
1788967861805,8.49717308306396,-0.5681745889733116,-4.639364266967773,-2.860789729140345,115.0916381564363,-1.40697638706202,user,rest,heavy
1788967861822,9.310153015246987,0.0225948788776251,-3.9234979705810544,-0.616023992671,134.1840249622379,-1.1208929531806835,user,rest,heavy
1788967861839,9.254936739459634,-0.0568626781586004,-2.993649024035036,0.986857107464942,149.37974786541224,-1.6195095691963084,user,rest,heavy
1788967861855,9.478794594684242,0.0486317154734919,-2.167649743542075,0.4796008891186331,145.16322620395326,0.3959265627939076,user,rest,heavy
1788967861872,9.639056468310953,0.008678600279687,-1.0067615058347583,-0.2453899138583406,134.5013828718334,1.3363105028571276,user,rest,heavy
1788967861888,9.733628018409012,-0.0386070862205564,-0.764947138158977,0.2639440426974009,124.95467720474484,2.2898981857617606,user,rest,heavy
1788967861905,9.604788288006183,-0.1179148493191038,-0.8462000647395849,-3.128583944136796,119.8644377446578,-0.1121758519575424,user,rest,heavy
1788967861922,10.008661934119464,0.1241986305944708,-0.5811923251387663,3.1473942851110115,114.04686510023448,1.494927772508922,user,rest,heavy
1788967861939,9.578454407832028,-0.2207159433238004,0.7006042380507569,1.980878869925816,98.80940974123136,-2.4235075715412,user,rest,heavy
1788967861955,9.372553065058588,-0.4441247316151478,1.288080748892389,-0.4474900620767139,77.84226578185547,-6.477762081010671,user,rest,heavy
1788967861972,9.902269597846267,-0.0374098461812245,1.2021891661930828,-0.5848242221509108,60.62742967699865,-6.196876527809421,user,rest,heavy
1788967861989,10.008363827955725,0.1677433382561663,0.733075716797635,-0.5901495285476993,60.044042729420354,-3.0183641142832425,user,rest,heavy
1788967862005,10.000730556598304,0.2416641957824817,0.4571428064208477,0.9373816717166026,63.2173212970516,0.1224084091491471,user,rest,heavy
1788967862022,9.695620067054032,-0.0881369048075284,0.98850681415461,2.127409052624215,56.22136343588264,-2.36943040256127,user,rest,heavy
1788967862039,9.809342892345786,-0.0080808324618265,2.101062617304176,-0.551812530510064,37.01148030088387,-2.559721393828529,user,rest,heavy
1788967862055,9.979781292071936,0.3383301608765264,1.6493059609010814,-1.1484380388862874,36.007039511730966,1.8046187947610552,user,rest,heavy
1788967862072,9.777022923499343,0.0775118494892958,0.6389531525760889,-0.1957708573744458,46.98962852727463,0.5089338835611933,user,rest,heavy
1788967862089,9.656715459120273,-0.1277910524669568,0.5740107248052955,-0.4889977353126897,69.74175021867956,-1.2294773796148424,user,rest,heavy
1788967862105,9.967363124525546,0.1539765736789908,0.5737111573368311,-0.4905490953887817,92.98202211497072,-0.9068927744787236,user,rest,heavy
1788967862122,9.728539170837402,-0.0456399669036502,0.4999395264223217,-0.6476306396943812,121.67411002563102,-2.054137984859492,user,rest,heavy
1788967862139,9.585787234938143,0.0502777234066277,0.6937211000740527,-0.9815209154541638,163.0154555621557,-1.7817234670546436,user,rest,heavy
1788967862155,9.38392493842244,0.0028426532471319,0.8825634637579322,-1.4567069944088828,198.8988925555715,-2.548566414253429,user,rest,heavy
1788967862172,9.067589875030516,-0.0276833494212012,1.3329726510748263,1.1150855848388803,228.06039887731927,-2.657605688597628,user,rest,heavy
1788967862189,8.461709555494785,0.2346313791028224,4.502147168841958,16.592006522368987,205.3028642609971,8.649585932816775,user,rest,heavy
1788967862205,8.429537470686435,0.0799061242146883,6.037280807118117,27.59155148252721,163.2745109769959,12.754702940044629,user,rest,heavy
1788967862222,7.981672707155346,-0.2455558192264288,6.209513396784663,23.907016180047584,144.83708467108514,11.680952806289016,user,rest,heavy
1788967862239,8.0953955324471,0.0700298049045261,5.214722022467852,18.54664273828656,144.61961144791195,11.768459482387929,user,rest,heavy
1788967862255,8.026412012591958,0.1761228568370454,5.172970792931318,24.39043306383899,141.4168401234446,15.377691095494516,user,rest,heavy
1788967862272,7.695266333559155,0.024390500154579,6.270117795351148,27.587851227544352,130.8454967978274,17.458211112910003,user,rest,heavy
1788967862289,7.486968451038003,0.0306751151157077,6.4638949850887055,32.23216471219417,124.45454343295982,20.461600677768228,user,rest,heavy
1788967862305,7.3222192028641695,0.3697540348331909,6.445193207228184,36.60079810156393,130.05812625068666,19.28965462186264,user,rest,heavy
1788967862322,6.823927151387929,-0.5659299654087051,6.500560874184965,47.93705431233085,145.06604627244232,21.789978556234622,user,rest,heavy
1788967862339,6.349873469111323,-0.7003044239871203,6.489036440607905,77.06787259413777,181.57439093340096,25.960222270972192,user,rest,heavy
1788967862355,5.926249412867427,-0.778564963818714,6.480956594526767,95.37055292810253,223.807267401909,32.98191799248105,user,rest,heavy
1788967862372,5.179408717024326,-0.3070567282412201,6.481106816652416,103.8450691596608,266.4041792928004,41.94271637218758,user,rest,heavy
1788967862389,4.216040654975176,0.3902543591488152,7.116168807008863,116.53215237314866,311.0878232581574,49.63985120826629,user,rest,heavy
1788967862405,3.954025795313716,0.8967777940060943,7.696014521577954,133.98846298592213,336.09926565907045,49.26683408712439,user,rest,heavy
1788967862422,3.41832288159281,2.0572174842283126,8.653542040905355,152.9275257052353,354.02537034333574,50.73674543802449,user,rest,heavy
1788967862439,0.0374102777227759,3.3975212088435884,20.892703850233552,2.9686838795815085,-14.813076922849996,34.76116861089103,user,rest,heavy
1788967862455,-3.033602264238894,-0.7724297489993274,18.05856646597981,17.090799869529388,53.54887092310214,44.1758808722691,user,rest,heavy
1788967862472,4.310312345343828,3.3761231776364147,7.377436063173413,55.22882766645306,78.32865721303043,33.77087997369839,user,rest,heavy
1788967862489,3.613151041688025,2.694524038641154,11.373957184389234,33.58126709214967,24.498877684838572,19.33653191768373,user,rest,heavy
1788967862505,3.362357248742878,2.248304119707644,8.681375219726561,29.36112543043057,15.175309175292451,19.801321168061214,user,rest,heavy
1788967862522,1.4279920910708606,1.6729476793818174,8.295759114837645,33.53000993752331,29.88894195892165,33.33638090474262,user,rest,heavy
1788967862539,1.8396448467530309,2.406470920751244,8.548197167858481,39.020167218798335,59.73245632967354,35.820028932256015,user,rest,heavy
1788967862555,2.757223802051693,2.5866356185913086,7.573913159519433,50.37251877034439,117.71799615646796,50.2913624626263,user,rest,heavy
1788967862572,1.454029764777422,3.3770215877808627,7.912841162991524,63.70983940791205,168.45687602860806,65.01030742588247,user,rest,heavy
1788967862589,0.4472675282903015,4.121318444360047,7.5772022641927,70.16222349417471,197.74364801973388,68.91354880068049,user,rest,heavy
1788967862605,-0.1731299038324505,4.44977342300415,10.402212923660874,52.36849812130805,141.5046626957926,55.20615485350321,user,rest,heavy
1788967862622,-0.6958143825588747,4.538507352989912,11.585841108703612,34.05065135229129,55.2489767245046,21.791993462039773,user,rest,heavy
1788967862639,-0.2985263984462246,4.7562306509822605,10.906786831885576,21.07431475009527,-1.59317790928544,1.8788781055213148,user,rest,heavy
1788967862655,-0.6289263006130233,4.4369040045589205,8.526203947237134,17.110300059609774,10.374146372768818,-18.41207776635355,user,rest,heavy
1788967862672,-0.2822160092342645,3.947589040264487,8.255657406073809,18.657769916082664,37.16874540652341,-29.49093659070125,user,rest,heavy
1788967862689,-0.4529524420589208,3.9019495711177594,8.400507191035151,17.109518002949805,57.131001199355765,-42.45722769217547,user,rest,heavy
1788967862705,-0.4840770333873777,3.904942907714843,8.69379923249185,-10.5682330282239,31.85474553413219,-58.7409382584303,user,rest,heavy
1788967862722,-0.2608177382817841,3.184287331224978,9.33933293250203,-18.107406933141377,-45.2958713867057,-85.57862980943216,user,rest,heavy
1788967862739,0.3356377902621927,3.2143650741025804,8.807671110865472,-31.751432092746576,-22.11208856994513,-90.3756560786397,user,rest,heavy
1788967862755,1.763629381863665,2.805255865423381,8.835355236604808,-45.153946885942,-20.32172011111366,-86.61357422341834,user,rest,heavy
1788967862772,2.091485408804752,2.24725694874227,9.23039734148681,-55.31888029556509,-14.414736875360267,-83.26831149248616,user,rest,heavy
1788967862789,2.4027316246250643,1.9502263052791355,9.09766820243001,-60.99921736408996,-10.949212442390747,-74.08394736086679,user,rest,heavy
1788967862805,2.0611089843746737,0.5645825328551233,10.10443292313516,-58.8123888673378,-15.481636329378354,-68.19950716446903,user,rest,heavy
1788967862822,1.6300031621072208,0.0622488047726452,10.070912346327304,-54.08037916883961,-11.032125816272826,-60.0846891851711,user,rest,heavy
1788967862839,1.257555184615473,0.0974133493952453,10.283547381269932,-50.59174393703971,-7.118495296860397,-51.20733522655462,user,rest,heavy
1788967862855,0.4008798893910832,0.0882858939573168,9.90810429534912,-47.41033744429615,-2.0711647926866874,-41.49797884966596,user,rest,heavy
1788967862872,0.0257383619664236,-0.1233018238894641,9.903020123952627,-49.82032529670554,4.466081832692448,-37.119011384081965,user,rest,heavy
1788967862889,-0.099209009773517,-0.1873468644291162,9.886109905683991,-48.05532586799879,5.9302844261068905,-35.256326589865694,user,rest,heavy
1788967862905,0.1071412914769723,-0.4870709847599268,10.13106607851684,-40.70654775506365,-0.8554847687212407,-30.544486439986542,user,rest,heavy
1788967862922,0.039953979989374,-0.6664866177983582,10.120740499335527,-35.59945480319963,-5.2926935241621935,-27.128159005834984,user,rest,heavy
1788967862939,-0.0851430932864081,-0.8529346336916088,10.06028924550414,-32.90577845870833,-7.173867213574868,-25.02499349622632,user,rest,heavy
1788967862955,-0.2021596354944631,-0.0164607209354639,9.838972891455889,-35.18812373590853,-0.3626534830151756,-21.35132673226348,user,rest,heavy
1788967862972,-0.1520310656344052,1.0550941595882175,9.555410801374912,-39.90266181050984,-6.819989990034629,-20.42519406194477,user,rest,heavy
1788967862989,-0.1086361331446096,0.4810841654352843,9.458443880572917,-45.66062397895189,-12.17627897867199,-18.30211513581093,user,rest,heavy
1788967863005,0.0275340588773135,0.4065649310238659,9.81189023874104,-44.42361524856005,15.50450551026685,-10.28395799364703,user,rest,heavy
1788967863022,-0.259770149474591,0.7152672710476443,10.62307451967895,-22.23495001273532,-3.785792856925063,-10.039717259116545,user,rest,heavy
1788967863039,-0.4101559321200009,0.7001538000026717,10.075251252314448,-5.81922640397613,-15.6469183695562,-16.84961393710519,user,rest,heavy
1788967863055,0.4002813481091987,0.4525035292476415,10.039038367682696,-10.002322827184372,2.047150701338569,-23.98522355359152,user,rest,heavy
1788967863072,-0.2326857523272279,0.6772593927579,9.356094682210683,-19.18486244452172,-4.263960313452492,-21.054514031691404,user,rest,heavy
1788967863089,-0.348505230237823,0.3757394750514999,9.4033784114331,-33.380008738066074,-8.398701131771158,-8.299232233114617,user,rest,heavy
1788967863105,-0.7285847135340533,0.1233008557750843,9.145703626802565,-62.504591057160766,-27.73284760588726,6.45222357681717,user,rest,heavy
1788967863122,0.5331595590850018,0.697460323134996,12.472147558382153,29.74172064645661,2.2282162414712565,-2.573598844118114,user,rest,heavy
1788967863139,0.657658017442841,-1.6542442392871717,8.945936841261386,-17.15993333676096,-1.557775651435089,2.0175755553455903,user,rest,heavy
1788967863155,0.4132998196362983,-0.3739449471843894,9.185054809460045,0.4158730897282985,0.0998680111557381,-0.6945413394093808,user,rest,heavy
1788967863172,-0.2961320552221732,0.3800789655605331,9.929054728919269,3.3938851400861934,0.306304155558306,-0.1859353983098406,user,rest,heavy
1788967863189,0.1652006714609626,-0.1834562775982078,9.562141570934651,-1.0874564024291211,-0.1548503803038928,-0.0769295078492312,user,rest,heavy
1788967863206,0.207248842684034,-0.0243914865352679,9.674223058760166,-0.8603381517350637,0.0505437733840645,-0.0354306591643023,user,rest,heavy
1788967863221,0.1179151983768533,0.0408505178371444,9.76729706377685,-0.2995262333436996,0.1594312627822161,0.1748223603651126,user,rest,heavy
1788967863239,-0.0287296567326498,0.0637450803455431,9.809943780848384,-0.0490728647988652,0.0508627245420056,0.0715101929698625,user,rest,heavy
1788967863255,0.0040409756366279,0.0638947179493028,9.79872329865396,-0.0092016521941823,-0.078379222170673,-0.1459885833817715,user,rest,heavy
1788967863272,0.0811043427145516,0.0505769620815291,9.789142984881996,0.078184161572931,-0.1690607222742366,-0.0060880064073688,user,rest,heavy
1788967863289,0.0899329579114448,0.0623983693111687,9.794085117459296,0.209709726005708,-0.0654202655717895,0.0253116471975424,user,rest,heavy
1788967863305,0.0071833630322944,0.0730225661128759,9.806949275207518,-0.0238718129715187,-0.1021023901488314,0.0165073265840911,user,rest,heavy
1788967863322,0.0615018200469552,0.0632961858005728,9.79064345257282,-0.1036961787730782,0.0742735314275549,-0.0751238699689017,user,rest,heavy
1788967863339,0.088885496968415,0.0540186452343128,9.796179459390045,0.062045418410076,-0.0047448870596829,-0.1358807438435857,user,rest,heavy
1788967863355,0.0320232075397041,0.0603033880596049,9.815179343414306,-0.0980650479881597,-0.0603326550942027,-0.0355542028789575,user,rest,heavy
1788967863372,-0.0074811152862966,0.0620990758373402,9.795580908975005,0.0148926105003512,0.0274015983721804,-0.076679532263758,user,rest,heavy
1788967863389,0.0302275551529426,0.0713765707378275,9.7806130569458,0.0554053272784864,0.1120336986454415,-0.1034245586916512,user,rest,heavy
1788967863406,0.0805057922995125,0.0622486951747909,9.781362998530268,0.039520928620935,-0.0113488662340786,-0.064117913915712,user,rest,heavy
1788967863422,0.0342677727377449,0.0606026815334334,9.79243676573038,0.0167560765374744,0.0229666311460868,0.0205298410977658,user,rest,heavy
1788967863439,0.0194536465405952,0.0631465025310404,9.797672328296304,0.0766760771485333,-0.033504625859638,-0.0315251449906971,user,rest,heavy
1788967863455,0.0728742745077644,0.0668874517581891,9.783905668750403,-0.030715280656268,0.0543859949160347,0.0638575463041384,user,rest,heavy
1788967863472,0.0739217354507942,0.0623983419117052,9.782560683882236,0.03880099066384,-0.0378087255940171,0.0034290951387835,user,rest,heavy
1788967863489,0.0598558018390205,0.1159685857913922,9.775976044794916,-0.1307876638785776,0.1881621600411838,-0.1220737298798164,user,rest,heavy
1788967863505,-0.1186618548798025,-0.0992102610156871,9.808449742898343,-0.1294072319545077,-0.0963960339015502,0.3319501018291022,user,rest,heavy
1788967863522,0.179865154346131,0.1614584630001336,9.794982943081855,-0.2405179879481381,0.0292095841300372,-0.1983167837071416,user,rest,heavy
1788967863539,0.2053035504102241,0.1448486889827996,9.802465407791733,-0.0358060594344951,-0.0629992836761373,0.0003984121380019,user,rest,heavy
1788967863555,0.0113732227874337,0.0025433004077989,9.786303962063789,0.0695864008210196,0.0199474874297429,0.1537187166759996,user,rest,heavy
1788967863572,-0.0638944964703056,0.1877946355960797,9.794531107661127,-0.1432392988387091,0.1006038306366747,-0.2038295467801353,user,rest,heavy
1788967863589,-0.0287296618700493,-0.0068838960285298,9.780014506530762,-0.0179666608667931,-0.0024624966392011,0.2330448005007921,user,rest,heavy
1788967863605,0.240917298963404,0.1150707784351427,9.782560099360346,0.0195820939869937,-0.0054262517902445,0.0556126975579797,user,rest,heavy
1788967863622,-0.0478832751512993,0.0365110364612657,9.788994516322015,0.1189180624213516,0.0416149685709257,0.0014512684562822,user,rest,heavy
1788967863639,-0.1771701613748038,-0.0555161081172991,9.794531107661127,0.1060670281474395,-0.0715631202658234,0.0138537580709014,user,rest,heavy
1788967863656,0.1473937977551948,0.1773200398655142,9.808600549545885,0.0446351428187411,0.1117101984747915,-0.1736767695546148,user,rest,heavy
1788967863672,0.0564141380941902,-0.0387566690967418,9.788996854409575,0.1439462234178055,-0.0097205998287578,0.1926809438269555,user,rest,heavy
1788967863689,-0.0062840224477287,0.0184048590068705,9.790788414001463,-0.1802635131735269,0.0754163608139155,-0.1436895977360407,user,rest,heavy
1788967863705,0.0011978611651924,0.1351222082057967,9.788097859743235,-0.0184980682605186,0.0556430832286476,-0.2412557284197788,user,rest,heavy
1788967863722,0.0067344513626594,-0.0083802537998184,9.797374806654451,-0.1434325851880926,0.1315428266686871,0.0035816938378378,user,rest,heavy
1788967863739,0.168043792782264,0.0939718671718612,9.797674081861972,0.024215730338506,-0.0209840219971452,-0.2147410541237083,user,rest,heavy
1788967863756,-0.0706281863562064,-0.0070334970996715,9.79273779450357,0.1315155325924335,-0.0851777550147084,0.2245594910762413,user,rest,heavy
1788967863772,-0.0820006488085258,0.0282809682544786,9.778371415498851,0.1024036655242524,0.0168478622070264,0.0752783763184467,user,rest,heavy
1788967863789,0.1445506810004706,0.1466442945621442,9.80470646471679,-0.1616064379090271,0.0198263449534677,-0.0372697142787547,user,rest,heavy
1788967863806,0.0519250111230416,-0.0493809389636851,9.783459094026684,-0.0087516000907953,-0.0351757010091904,0.1591697412421986,user,rest,heavy
1788967863822,0.0044898895895516,0.0962164220951031,9.795129658076169,0.0334268057258035,-0.1887367096844715,-0.1585000758786333,user,rest,heavy
1788967863839,0.0034424263632332,0.0968149907764513,9.785553435957432,0.1420326231918647,-0.136970719305158,-0.0203985867398678,user,rest,heavy
1788967863855,0.138864461190754,0.0336679311229847,9.777474174398185,-0.0297508232609078,-0.0612108279904386,0.1165490406562017,user,rest,heavy
1788967863872,0.1123786076085641,0.1241986996639519,9.795582078018784,0.0323969646103857,0.0075315775606216,0.0386914308276954,user,rest,heavy
1788967863889,-0.0273829200112784,0.0335182843860704,9.784356335127352,0.0160408026524274,-0.0275957118147836,0.0652489972443301,user,rest,heavy
1788967863905,0.0523739216510322,0.1054939809276722,9.788996854409575,0.0096504995095626,0.0308795920625317,-0.1207374940821534,user,rest,heavy
1788967863922,0.1060938214007881,0.082300161478063,9.790644037094712,-0.0070628925144158,0.1443808342243872,-0.0560692830307925,user,rest,heavy
1788967863939,0.0269355312951607,0.0193027120288927,9.794533445748684,0.0256068027501476,0.0419554108123685,0.0866192851153381,user,rest,heavy
1788967863955,0.0227456795315316,0.1228519338306505,9.784207282045482,-0.1094334709748228,-0.0687471079762212,-0.0077715813367109,user,rest,heavy
1788967863972,0.0390561760580574,0.0644932683643419,9.800517780855298,0.0185292376687134,-0.0196779617617918,-0.098394257770069,user,rest,heavy
1788967863989,0.095469556100422,0.0713766255367547,9.783610485196114,-0.0274728868041158,-0.0443326234684371,-0.1358211664513332,user,rest,heavy
1788967864005,0.0097272057211434,0.0689823873439803,9.802312847578524,-0.0668779773510583,-0.032780585786977,0.0308869291798042,user,rest,heavy
1788967864022,-0.0166090148238639,0.0489309575733263,9.80455741163492,0.0268287662813452,-0.0300066085092395,0.0568108854941612,user,rest,heavy
1788967864039,0.0616514519424934,0.0728729467754252,9.782858205524086,-0.0309270098504317,0.1555113211680105,-0.1156206952180353,user,rest,heavy
1788967864055,0.0595565334813669,0.0537193791599478,9.79782605755329,-0.1692588111003802,0.0160785721311141,-0.0630287522071462,user,rest,heavy
1788967864072,0.0432460289633309,0.0748182538906112,9.787049811995027,-0.0122458638386983,0.0822864639018906,-0.0857033127249357,user,rest,heavy
1788967864089,0.0338188622097542,0.0683838643284048,9.795132580685616,0.1504579816981928,-0.0414538721560486,-0.1864912182937637,user,rest,heavy
1788967864105,0.054169578604371,0.0372592336132191,9.786303377541898,-0.0275669369748623,0.0070622688594477,-0.0405140407942975,user,rest,heavy
1788967864122,0.0755677525170845,0.0830483220973983,9.809645090162752,0.0530903967429012,0.0461942235432358,-0.033941137646604,user,rest,heavy
1788967864139,-0.0053861922585929,0.0586573926845565,9.791538940107822,0.0482508441951369,-0.0056672694225387,0.0396222175248815,user,rest,heavy
1788967864155,0.0029935146935982,0.0546171865161973,9.786752290353178,0.119450243547444,0.0236501303107641,-0.0401093187354412,user,rest,heavy
1788967864174,0.0670384045362006,0.0604530256633646,9.78091174763143,-0.1088059806953609,0.0008840159096274,-0.0288483244858603,user,rest,heavy
1788967864189,0.0683851429700385,0.0537193243610207,9.79288392497599,-0.0169901005629866,0.000390894927851,-0.1206081473747462,user,rest,heavy
1788967864205,0.04204893269983,0.0933733350231312,9.797675250905751,-0.0807755913729294,0.0358571591212446,0.0173095069557039,user,rest,heavy
1788967864222,0.0258880623606208,0.0466863569843117,9.794678407177328,-0.182631774546523,0.0448492499059119,-0.0504612975158153,user,rest,heavy
1788967864239,0.0568630486221809,0.0582084616069681,9.791835877227784,-0.0716221974000801,0.0597013761941856,0.0684765884623851,user,rest,heavy
1788967864255,0.0586587055755197,0.0866396611202508,9.79842460796833,-0.0608647495089092,0.2522367782948817,-0.0278216349958164,user,rest,heavy
1788967864272,0.0433956620005134,0.0609019384746439,9.7928833404541,-0.0021031579857284,0.0602659473579827,-0.0926867409242374,user,rest,heavy
1788967864289,0.0290304588894417,0.0338175687267445,9.804109667867422,-0.0426467340121009,-0.0147275820576267,0.0553002697643045,user,rest,heavy
1788967864305,0.0543192127831978,0.0655407224575057,9.800068868044018,0.0008551560258467,-0.0528070005882519,-0.1265416340923568,user,rest,heavy
1788967864322,0.0597061608103278,0.057310626851255,9.802309924969077,0.0475667147053848,-0.1023653390916637,-0.1228693668768436,user,rest,heavy
1788967864339,0.0570126919341622,0.0513251866329461,9.793486567044258,-0.0740960132102007,-0.0550347828459066,-0.0578160372099571,user,rest,heavy
1788967864355,0.0326217648046091,0.0761650288570672,9.795282218289374,-0.020964910474177,0.0829199372669828,0.0221400181739566,user,rest,heavy
1788967864372,0.0348663277193612,0.0697306118953973,9.788099613308908,0.1222210325142213,0.0321111472070364,0.1506197584639443,user,rest,heavy
1788967864388,0.034417411483149,0.0622486951747909,9.800517196333407,0.0554828839431098,-0.096936926186877,-0.0062798520137242,user,rest,heavy
1788967864405,0.0240924202486581,0.0456389485569205,9.80426047451496,0.1030928209393361,-0.0252542909507915,0.0287230798940192,user,rest,heavy
1788967864422,0.0426474751233588,0.0743693319461774,9.797224584528804,-0.0395457114020494,0.0495358935946645,0.0852147474259749,user,rest,heavy
1788967864438,0.0336692234643502,0.0767635427394881,9.806951028773188,0.105731968682032,-0.1066057259676912,-0.1154913485106282,user,rest,heavy
1788967864455,0.0284319107576913,0.0372592336132191,9.809047708791494,-0.1318321225326342,-0.0614397126988067,-0.1109289889183647,user,rest,heavy
1788967864472,0.0604543545373482,0.0617997823635116,9.782409292712806,0.0567391218171297,-0.1313365869722645,-0.0112861939123584,user,rest,heavy
1788967864488,0.0383079880392586,0.0592559430995956,9.77971873845458,-0.0590408355364645,0.0019286346462426,-0.0145450345798876,user,rest,heavy
1788967864505,0.0312750218041939,0.0725737081005238,9.803511701974273,-0.062383746227723,0.006248569213717,-0.0428878650362075,user,rest,heavy
1788967864522,0.0398043697850778,0.0613508969516959,9.78525591431558,0.0296102440939672,0.0927981250345402,0.0274326143679231,user,rest,heavy
1788967864538,0.0520746532933786,0.0715262540073599,9.79154127819538,0.0542513187934452,-0.0802569772436844,-0.012907256602539,user,rest,heavy
1788967864555,0.069133333272126,0.0903805646816268,9.777472420832517,0.0942598588880956,0.0980724984972445,0.0179002382776307,user,rest,heavy
1788967864572,0.0435453075957833,0.0523726315929554,9.79752619782388,0.004352569731597,0.1063459386553927,0.0115990886134964,user,rest,heavy
1788967864588,0.0710786289708688,0.0776613866283558,9.793784088686108,0.1016451143199843,-0.1257129133665374,-0.0499403355090432,user,rest,heavy
1788967864605,0.0436949474828317,0.0776613866283558,9.79872388317585,-0.0469729985107495,-0.1400747334580247,0.0652933000924426,user,rest,heavy
1788967864622,0.0441438511609565,0.0722743963603861,9.795128489032388,-0.1299527799742493,-8.729835532922548e-05,-0.0430128428237842,user,rest,heavy
1788967864638,0.0478847935382393,0.061799773230357,9.782709152442216,-0.0700620394533677,0.009220568616532,0.0090196249847588,user,rest,heavy
1788967864655,0.0555163113299873,0.0652414381168317,9.7809135011971,0.06711447265107,0.0401196107099425,-0.0651380933817033,user,rest,heavy
1788967864672,0.0417496563506661,0.0686831304027699,9.793037069711088,-0.0621548681894614,-0.0198134449672814,-0.0996200432723549,user,rest,heavy
1788967864689,0.0314246525580878,0.0659896261356305,9.800515442767738,-0.0386619556265799,0.00682810809675,-0.0570959725208365,user,rest,heavy
1788967864705,0.0505782658393378,0.0604530256633646,9.794978851428628,0.0526802819028497,-0.0212749453671054,0.1725669438557671,user,rest,heavy
1788967864722,0.0670384068194893,0.0745189604167826,9.792135152435302,-0.0217368285720943,-0.0253337852813855,-0.1242012270845696,user,rest,heavy
1788967864738,0.052523559254792,0.0469856504581402,9.795727039447426,-0.0284609847248332,0.0360913198839423,0.0038795941393135,user,rest,heavy
1788967864755,0.040103647275886,0.0640443738193716,9.801417360043525,0.0359768808648116,-0.1141161993109946,-0.0717124439425315,user,rest,heavy
1788967864772,0.0483337154826731,0.0778110242321156,9.79977076188028,-0.0244096220000644,-0.0396738474851066,0.0851348262085578,user,rest,heavy
1788967864788,0.0603047169335884,0.0595552274402696,9.795578570887448,-0.0245260770589185,0.0563346932429643,-0.1077493557668452,user,rest,heavy
1788967864805,0.0380087116900947,0.0757160795131698,9.797223415485025,-0.1605351654263929,-0.1500611903960974,-0.0239611507119443,user,rest,heavy
1788967864822,0.0318735653693671,0.0598544843814801,9.79333283778727,0.0770339350383384,-0.0568821489131967,0.0076536004909695,user,rest,heavy
1788967864838,0.0430963925012154,0.0772124555507674,9.785103938624262,0.0473135408037915,-0.0485864305989667,0.0175020529232535,user,rest,heavy
1788967864855,0.0492315319720772,0.0718254926822613,9.788694656592607,0.1306265274430608,-0.0212731977991732,-0.0109403288742406,user,rest,heavy
1788967864872,0.0387568928590277,0.0541682371722999,9.800814133453368,-0.0632724979130444,-0.0132624397795929,0.0094890137272121,user,rest,heavy
1788967864888,0.0468373303119209,0.0626975988529156,9.773432205531,0.0253181455489085,-0.0484544825499811,-0.0545172426038261,user,rest,heavy
1788967864905,0.0392058170867501,0.065989635268785,9.78689958986938,0.2169704171966299,0.0558903974415829,-0.133104365327468,user,rest,heavy
1788967864922,0.0469869679156807,0.0754167951724957,9.809494283515214,0.1574007355873786,-0.0652423271377188,0.0013902303106818,user,rest,heavy
1788967864938,0.049081896651606,0.0629968831935897,9.77941887872517,0.0885072921422111,0.162662956115837,-0.0399153120145437,user,rest,heavy
1788967864955,0.0381583447272772,0.0553653380023781,9.783456755939126,0.0740204142218678,0.1050840878866593,-0.0213206489376063,user,rest,heavy
1788967864972,0.0573119694249704,0.0652414563831407,9.788546772554517,-0.0669461258303064,0.1026383465552658,-0.0097915564228892,user,rest,heavy
1788967864988,0.0662902165174018,0.0577595487956888,9.796026899176836,0.0691445195982315,-0.0329479254216423,0.0992026947016833,user,rest,heavy
1788967865005,0.0591076161035103,0.0787088315883651,9.796776840761304,-0.0146726353868892,0.0697369251169177,0.0909135464424654,user,rest,heavy
1788967865021,0.0576112400659127,0.0562631910244002,9.79228771264851,-0.1115158182279238,0.0687468678523832,-0.0094638607551807,user,rest,heavy
1788967865038,0.0387569042754708,0.0733218778530135,9.794382054579255,0.1374771004588778,-0.1262146654662689,0.0095638523233913,user,rest,heavy
1788967865055,0.0383079960307688,0.0659896626682486,9.800220843735335,-0.0050608500098621,-0.085534899203106,-0.0434626214528001,user,rest,heavy
1788967865072,0.0399540073888376,0.075267175835045,9.796927647408843,0.0804945531009671,0.1410359892022115,-0.0215546296074255,user,rest,heavy
1788967865088,0.0498300915202708,0.0667378415538929,9.80590473459065,-0.0554880232602538,-0.1353055138494237,0.0625736041423082,user,rest,heavy
1788967865105,0.0457898670856026,0.0734715063236188,9.79378058155477,0.0485693884765747,-0.0422479216677023,-0.0208592509828734,user,rest,heavy
1788967865121,0.048632988406904,0.0623983419117052,9.79243793477416,-0.0592937259585269,-0.126615272069346,-0.0750054355559107,user,rest,heavy
1788967865138,0.0427971241435618,0.0544675489124376,9.809795896810291,-0.0226115980464317,0.1175100962971901,-0.1158379539305799,user,rest,heavy
1788967865155,0.0447424015759956,0.0619494108341168,9.80021616756022,-0.031728223056586,-0.0413062893771661,0.0210348215290972,user,rest,heavy
1788967865172,0.0424978466527536,0.0463871183094102,9.801565828603506,-0.0661729270719198,0.0713491165653052,0.0051024781452234,user,rest,heavy
1788967865188,0.0553666828593821,0.0674860204395372,9.802612707307937,0.0103432584497431,0.018992394864065,-0.0465277955748689,user,rest,heavy
1788967865205,0.0433956768418895,0.0580588605358265,9.81099416668415,0.0927997125199137,-0.0053965564756108,0.1009803114641386,user,rest,heavy
1788967865221,0.0439942249736399,0.0731722585155628,9.78480817054808,0.1646369741674633,-0.0403895632647167,0.0175437344194678,user,rest,heavy
1788967865238,0.058209795047529,0.0583581266101915,9.783459678548574,-0.1250358708650599,-0.0381465131330286,-0.0068703232014931,user,rest,heavy
1788967865255,0.0606039830079535,0.0600041037189308,9.785700150951742,-0.0187041528769625,0.0699179651505627,0.0963291460724517,user,rest,heavy
1788967865271,0.0480344334252877,0.0745189786830917,9.797074946925044,-0.0501846281636835,-0.0208988180552919,0.0129090708715373,user,rest,heavy
1788967865288,0.0402532871629344,0.0643436398937366,9.802614460873604,0.0164346874555669,-0.0587923740651921,0.0441544782610614,user,rest,heavy
1788967865305,0.0366619778228341,0.0555150121387559,9.788096690699458,-0.0676902629341874,0.1389635070367886,-0.0599090566336363,user,rest,heavy
1788967865322,0.046238773047016,0.0571609892474953,9.79946681049764,0.0078564484381803,-0.0718750411313962,-0.0091227314927569,user,rest,heavy
1788967865338,0.0577608799529611,0.061500507155992,9.7939319727242,0.0340557901091463,0.0515990776314712,0.0451375219084941,user,rest,heavy
1788967865355,0.0263369854466989,0.0679349332508165,9.804259889993071,0.0639196583369031,-0.052357342021155,-0.0437851477878849,user,rest,heavy
1788967865371,0.0525235752378124,0.0520733655185904,9.803512871018052,-0.1060526940883317,0.213169430263731,-0.0328979196323771,user,rest,heavy
1788967865388,0.0694326198960887,0.0546171956493519,9.796329096993803,-0.1529081119597365,0.0316024848768556,-0.0213290332616168,user,rest,heavy
1788967865405,0.0471366055194404,0.0695809286258649,9.790191617152097,-0.0021340372442856,0.0189046963023391,0.0857044799935927,user,rest,heavy
1788967865421,0.0336692257476388,0.0592559430995956,9.807850023439526,-0.0333391738651437,-0.1298230597408719,0.02307073149997,user,rest,heavy
1788967865438,0.0567134075934882,0.066588167417515,9.798420516315105,-0.0979601472214831,0.0458819024712664,-0.101410466639504,user,rest,heavy
1788967865455,0.0420489247083198,0.0552157186649274,9.7939319727242,-0.1243587083016634,-0.0627899824007801,-0.0544021966049937,user,rest,heavy
1788967865471,0.0502790020482614,0.070778047722252,9.790343592843412,0.0197366153442786,0.0473186167549227,-0.1106012065392701,user,rest,heavy
1788967865488,0.0384576313512399,0.0799059506847523,9.80411025238931,0.2104533761918063,0.041663393544924,-0.0250613647871651,user,rest,heavy
1788967865505,0.0543192036500433,0.0582084616069681,9.795428348761796,-0.0348990449972718,-0.0563825045671544,-0.0074384495321141,user,rest,heavy
1788967865521,0.0544688549535349,0.0734715245899278,9.787948222139477,-0.0204312836024766,-0.1369887285930087,0.0516580547141287,user,rest,heavy
1788967865538,0.0493811672925483,0.065989617002476,9.78061422598958,0.0397188640346265,-0.0796462022513906,0.0530160850851443,user,rest,heavy
1788967865555,0.0381583492938545,0.0629968740604352,9.801562905994055,-0.0761380463389428,0.0534700025153125,-0.0897738253257856,user,rest,heavy
1788967865571,0.0438445828033029,0.0637450712123885,9.802163209974765,0.107646902929295,-0.0532756089282316,0.1656240032035962,user,rest,heavy
1788967865588,0.0541695683295722,0.0418979627971537,9.795276957592367,-0.0756035973766025,-0.0730330249999778,-0.123593607052703,user,rest,heavy
1788967865605,0.0435453053124947,0.0706283918521832,9.791239080378412,-0.1350651632277906,0.0333829097541943,-0.0314951428511593,user,rest,heavy
1788967865621,0.042497844369465,0.0490805860439315,9.788995685365796,-0.0888752619136389,0.0727127398207144,0.0389859393799592,user,rest,heavy
1788967865638,0.041450378859858,0.0692816534183453,9.798121825629472,0.062736061258934,-0.0785628902263229,0.0542447287281131,user,rest,heavy
1788967865655,0.0297786480498849,0.0655407224575057,9.787049811995027,0.0732732422194786,0.0393069916214829,-0.0081582407468637,user,rest,heavy
1788967865671,0.0424978420861763,0.0591062963626813,9.80560487486124,-0.044773160664743,-0.0380608422837126,-0.0429757303505987,user,rest,heavy
1788967865689,0.030526840635261,0.0652414563831407,9.794831551912427,0.0989882240937023,-0.0289086422599467,-0.0300414598162837,user,rest,heavy
1788967865705,0.0408518352946848,0.0752671849681995,9.78540555191934,0.0084350359972578,-0.1282045717118434,0.0208138809177031,user,rest,heavy
1788967865721,0.036213051311823,0.0779606161701027,9.810241302490232,-0.0282339142854633,0.0535964677366636,0.0447626585818834,user,rest,heavy
1788967865738,0.0549177586316596,0.0478834669475443,9.790040810504555,-0.0412343989681091,0.0809249617403837,0.0001612164767961,user,rest,heavy
1788967865754,0.0468373462949413,0.0528215535373892,9.78570599617064,0.0107020760011368,-0.1731956014038859,0.0223987249289841,user,rest,heavy
1788967865771,0.0469869724822579,0.0667378232875838,9.798721545088291,0.0354632359649921,-0.0548983524852782,0.0574403434550734,user,rest,heavy
1788967865788,0.0305268360686837,0.0695809377590194,9.803509363886713,-0.0018186212428485,0.0895812926984493,0.0094870193653353,user,rest,heavy
1788967865804,0.0589579830663278,0.0737707997974474,9.790940974214672,0.1510875330405976,0.0215766076087099,0.0403692928107248,user,rest,heavy
1788967865821,0.0564141460857004,0.0739204374012071,9.780765617159007,0.1503791010174071,-0.06764333206407,0.0059324528510858,user,rest,heavy
1788967865838,0.0344174137664376,0.0793073820034041,9.800965524622798,-0.1180840322906695,0.0856159409984338,-0.1224244707658672,user,rest,heavy
1788967865854,0.0231945912011666,0.087687087813951,9.794382054579255,0.0419893683251269,0.0165932375572451,-0.0456615088086145,user,rest,heavy
1788967865871,0.0543192219163524,0.0647925527050159,9.784807586026192,-0.0511010774667086,-0.0705271726678029,0.1174667806248561,user,rest,heavy
1788967865888,0.0721260899138986,0.0653910848537459,9.78719944959879,-0.0617760061339373,0.0396964324660926,-0.0815215427458086,user,rest,heavy
1788967865904,0.0321728611264843,0.0725737172336783,9.793188460880517,-0.0524394977242869,-0.0206572534742556,0.0385237076618999,user,rest,heavy
1788967865921,0.0371108906341134,0.0592559430995956,9.782560099360346,0.1016284924143089,-0.0071532224331999,0.1016950934288231,user,rest,heavy
1788967865938,0.0486329838403267,0.0719751394191756,9.791688577711582,-0.0102575350733375,-0.1414972404145989,0.0143740063762662,user,rest,heavy
1788967865954,0.0528228527286206,0.055515030405065,9.792738963547349,0.0171860416148014,0.0443637728663121,0.0241161639895919,user,rest,heavy
1788967865971,0.0395050968608469,0.0698802220996934,9.793934310811755,-0.0054655287130254,-0.0078686313879059,0.0993084625822193,user,rest,heavy
1788967865988,0.0218478482007514,0.064044328153599,9.796774502673744,-0.0076611160335938,0.0845150532424452,-0.0153138177276974,user,rest,heavy
1788967866004,0.0526732105582836,0.0635954518749378,9.79228946621418,-0.0286927375790442,0.037056164145486,-0.0721879158222143,user,rest,heavy
1788967866021,0.070480083122407,0.067336391968932,9.786902512478829,0.0135588484784776,-0.0704267475426626,-0.0295396009948465,user,rest,heavy
1788967866038,0.0480344357085763,0.0585077642139513,9.797674666383864,-0.0500549212705194,0.0499014421173924,-0.0024108833542426,user,rest,heavy
1788967866054,0.043994218123774,0.0674860021732281,9.804856686842442,0.2291092241566896,-0.2107618686225809,0.0805280503763693,user,rest,heavy
1788967866071,0.0493811787089914,0.0650918187793809,9.80530618417561,0.019819873282528,-0.0193861712779721,-0.0545609651526634,user,rest,heavy
1788967866088,0.0727246357623604,0.0597048422111431,9.78136241400838,-0.038194044312741,-0.0219038697194887,0.0109450112890818,user,rest,heavy
1788967866104,0.0260377170890453,0.0588070485546253,9.79154186271727,-0.0219232146961883,-0.0540304782336503,0.0094024224031836,user,rest,heavy
1788967866121,0.0368116062934393,0.0586573789848247,9.79946797954142,-0.0022546361068719,0.0148171749296302,0.0479919006513247,user,rest,heavy
1788967866138,0.0332203175029368,0.0649421857421984,9.799470902150867,-0.0338135251669158,0.141165122466207,-0.0567204521887246,user,rest,heavy
1788967866154,0.036512342502363,0.0616501538929063,9.789743873384596,0.0638078406696706,-0.0279498944758458,0.0019394268787398,user,rest,heavy
1788967866172,0.0320232212394359,0.0571610349132679,9.79842460796833,-0.0750671140317458,0.0790129089791768,0.0241647423760423,user,rest,heavy
1788967866189,0.0490819035014719,0.0695809468921739,9.804109083345532,0.0298180345901769,-0.0531752038134111,0.1014054173687992,user,rest,heavy
1788967866205,0.032472122634272,0.0725736898342147,9.789144738447666,-0.0498195932391647,-0.0633125985939918,0.0506362510771775,user,rest,heavy
1788967866222,0.0568630429139593,0.0580588331363629,9.79872329865396,-0.0384517972425231,-0.0497322748735156,0.0360946249217683,user,rest,heavy
1788967866239,0.0496804561997996,0.062847263856139,9.794234170541166,0.0085340478935598,-0.1313304237937556,0.0537289127085916,user,rest,heavy
1788967866255,0.0667391293286811,0.0629968694938579,9.790041979548334,0.0453277199985165,0.0464523566690947,0.0445615315221784,user,rest,heavy
1788967866272,0.0336692280309274,0.0543179113086778,9.79887176721394,-0.0254705341396045,0.0249615933324727,-0.0135289172088225,user,rest,heavy
1788967866288,0.0290304577477974,0.0516244207412702,9.79183821531534,9.571436234608444e-05,-0.0989909121466666,0.0398179984941376,user,rest,heavy
1788967866305,0.0469869793321238,0.0493798703846056,9.79124141846597,0.01305542551704,0.0625168815556853,0.0519472672017431,user,rest,heavy
1788967866322,0.0505782863889355,0.0707780659885611,9.79258991046548,-0.050039663401646,0.0727860442923731,-0.0407956526954283,user,rest,heavy
1788967866339,0.0393554569737985,0.0529711728748399,9.789743873384596,-0.1291113326850154,0.1383004850994081,0.0256985200511068,user,rest,heavy
1788967866355,0.0368116177098825,0.0667378324207384,9.7915401091516,0.1337262727276962,0.0371125932474179,0.0590375271635853,user,rest,heavy
1788967866372,0.0474358830102486,0.0622486906082136,9.787498724806309,0.0563262355477811,0.0029735735479752,-0.0841945412795571,user,rest,heavy
1788967866389,0.0471366123693063,0.0577595716285752,9.800666833937168,-0.0383769986669835,-0.0302177040432752,0.0284472876609068,user,rest,heavy
1788967866405,0.0594068867444526,0.0749678823612164,9.78001567557454,-0.0731957089002284,0.0997311138876469,0.1311803597352136,user,rest,heavy
1788967866422,0.0430964062009472,0.0739204465343616,9.790942143258452,-0.0845787661007968,0.0498653835210515,-0.1227869243591274,user,rest,heavy
1788967866439,0.0233442288049263,0.0556646451759384,9.793633282038568,-0.0823559197220345,0.0077276386743554,-0.0814494255531268,user,rest,heavy
1788967866455,0.0480344425584422,0.0565624753650743,9.797375975698232,0.0969634998916166,-0.0605299968684058,-0.0570920438280424,user,rest,heavy
1788967866472,0.0335195904271677,0.056113562553795,9.801715466207265,0.0019744265956561,0.0006237216692264,-0.0406612233667833,user,rest,heavy
1788967866489,0.0275340817101998,0.0787088224552106,9.797074946925044,0.0494152513763852,0.122722918016085,0.0448562968735467,user,rest,heavy
1788967866505,0.053720648668427,0.0622486723419046,9.790938051605224,0.0180462919345726,0.0301970667334197,0.1118605426778111,user,rest,heavy
1788967866522,0.0607536206117132,0.0526718657012796,9.795277542114258,-0.0331316868587848,-0.0008545740590449,-0.2477738633220866,user,rest,heavy
1788967866539,0.0327714069749461,0.0706284192516468,9.79094331230223,0.039248141270851,0.0260512753093542,-0.0046119518349188,user,rest,heavy
1788967866555,0.0323224895970895,0.0592559430995956,9.7982732167989,-0.0522942494827183,0.0864069756218991,-0.0424217846666335,user,rest,heavy
1788967866572,0.0568630611802684,0.0550660993274766,9.778073309335111,0.0481726972260784,-0.1222079857856895,0.003525331436972,user,rest,heavy
1788967866589,0.0528228458787547,0.0597048741771839,9.786901927956938,-0.0993168402361232,-0.0840034694055686,-0.0495030099690706,user,rest,heavy
1788967866605,0.0583594326512888,0.0517740720447618,9.79273720998168,-0.0352584837023438,0.0663435350588246,0.0740134372903523,user,rest,heavy
1788967866622,0.0305268429185496,0.0576099385913927,9.788248081868886,0.0379837058358057,-0.0356614715334811,0.02513953843665,user,rest,heavy
1788967866638,0.0438445896531688,0.080055588288512,9.80545699082315,-0.1151032283471275,0.0540030507552644,-0.1651189827516252,user,rest,heavy
1788967866655,0.0450416722169378,0.0594055670036235,9.802909644427896,0.0841953817129901,-0.0641144854809138,-0.0147450977575881,user,rest,heavy
1788967866672,0.0395050808778265,0.0650917959464946,9.794529938617348,-0.0651389671656694,-0.0343350407925367,-0.0034180361020219,user,rest,heavy
1788967866689,0.0389065487290965,0.0604530530628282,9.794083363893629,0.0417140663448504,-0.0627411839008115,-0.0149878896382409,user,rest,heavy
1788967866705,0.0402532734632026,0.0577595487956888,9.784353997039794,-0.0163280874792311,0.1495724183238316,0.0351127352027793,user,rest,heavy
1788967866722,0.0433956631421577,0.0573106451175641,9.781811326819655,0.0424182495101295,0.0093899359636072,0.0032371228004025,user,rest,heavy
1788967866739,0.067636959517817,0.0574602872879011,9.793933141767978,0.103281998503047,0.0877020301813438,-0.0162303770874816,user,rest,heavy
1788967866755,0.0381583607102977,0.0552157369312364,9.790791921132802,-0.0296856296388885,-0.0382210982651566,0.0111851618075165,user,rest,heavy
1788967866772,0.0390561863328563,0.0670371213279897,9.806355985489487,-0.1009291183958966,0.0011077312853717,0.0153448470636534,user,rest,heavy
1788967866789,0.0435453144456492,0.0730226117786485,9.794382639101148,0.1069415658355722,0.0318310961108527,-0.0479567658647495,user,rest,heavy
1788967866805,0.048184080162202,0.0673363828357774,9.7985736610502,-0.0530155948323084,0.0008273867044971,-0.0654922026715928,user,rest,heavy
1788967866822,0.0550674008019967,0.0582084753066999,9.795129658076169,0.1582881265709513,0.0646243951210309,-0.0264602195456955,user,rest,heavy
1788967866839,0.0279829945214791,0.0689823782108258,9.795129073554277,-0.106745958289088,-0.0152502382714781,0.0359559967610115,user,rest,heavy
1788967866855,0.0516257313489448,0.0694312910221051,9.79976842379272,0.0473325039168875,0.1295275473375631,-0.0126325882823906,user,rest,heavy
1788967866872,0.05641413010268,0.073321868719859,9.790639945441484,-0.0398671471747032,-0.0370467059343111,0.1229049318852953,user,rest,heavy
1788967866889,0.0640456524610053,0.0570113653434673,9.784654441291094,0.0085552730065604,-0.0253459382156314,-0.0275887282131616,user,rest,heavy
1788967866905,0.0616514645005809,0.0622487134410999,9.78660265274942,-0.075140185049673,0.1048935496211997,-0.0820660835794519,user,rest,heavy
1788967866922,0.0416000164636177,0.0737707906642928,9.800068283522128,-0.1295987974163854,0.0203751213048091,0.0372271323181479,user,rest,heavy
1788967866939,0.0743706608201609,0.0757160886463243,9.796328512471913,0.0833374259098932,0.0908832708285565,-0.0576267595946471,user,rest,heavy
1788967866955,0.0432460346715524,0.0635954427417833,9.787648946931958,0.0195674047447088,-0.023368198244516,0.1080421134161236,user,rest,heavy
1788967866972,0.0330706776158884,0.0688327588733751,9.789444598177075,0.0504396530198615,0.0088927595570111,-0.0518720517445403,user,rest,heavy
1788967866989,0.0387568928590277,0.0650917959464946,9.79857015391886,0.0394971296805457,0.1110211497814135,-0.1397392937965404,user,rest,heavy
1788967867005,0.0405525578038767,0.0787088315883651,9.800966693666576,0.0732375104583616,-0.0079176833519257,-0.0061380588873803,user,rest,heavy
1788967867022,0.0558155888207955,0.0628472410232527,9.790790167567131,-0.0212449115445612,-0.0515883320897203,-0.1164743621425812,user,rest,heavy
1788967867039,0.0284319118993356,0.0480331228176131,9.78764777788818,-0.0586353330751347,-0.0892451593458774,-0.1246135197144298,user,rest,heavy
1788967867055,0.0604543591039255,0.0582084798732772,9.7990214048177,-0.018362109809933,0.020015429135686,0.0249794825584043,user,rest,heavy
1788967867072,0.0445927731053903,0.0698802129665389,9.810092833930254,-0.1595619435109455,0.0382342650556074,-0.1247757100267912,user,rest,heavy
1788967867089,0.0366619755395455,0.0623983327785506,9.78734850268066,0.0655502993001776,-0.1048386879943215,0.0416706506209172,user,rest,heavy
1788967867105,0.048932254481269,0.0601537595889996,9.796625449591874,0.0373696191355793,0.0231133868317495,-0.0262875838463807,user,rest,heavy
1788967867122,0.0387569111253367,0.065391103120055,9.790493814969064,-0.0765830224911985,-0.0509375164474386,0.0266451482514949,user,rest,heavy
1788967867139,0.0360634433908155,0.0619494473667349,9.77822470050454,-0.0276843675368083,-0.0429972814650599,0.0514177874688283,user,rest,heavy
1788967867155,0.0305268429185496,0.0647925527050159,9.795282218289374,0.0676846266941008,0.1405938011545192,-0.0025190057824124,user,rest,heavy
1788967867172,0.0538702999719185,0.0544675397792831,9.79303590066731,0.0080932038723498,-0.0647678557740277,-0.0009383505980833,user,rest,heavy
1788967867189,0.0417496586339548,0.0534200765529647,9.79961995523274,0.0387748771964566,-0.0097855800073655,-0.0849445080566164,user,rest,heavy
1788967867206,0.0357641499169869,0.061500507155992,9.791838799837231,0.0926304385543311,-0.0099483306086822,-0.1084488831977096,user,rest,heavy
1788967867222,0.0416000164636177,0.070478763381578,9.81159037901163,0.1493015853149847,0.0090946370037099,-0.1358384020068169,user,rest,heavy
1788967867239,0.0549177723313914,0.046237489838805,9.790194539761544,0.1497622495579903,-0.0105810035609811,-0.0604868346085238,user,rest,heavy
1788967867255,0.0507279102929634,0.0483324025917099,9.784955470064284,0.1030896593088024,-0.0652991831264738,0.0520569004090604,user,rest,heavy
1788967867272,0.0287311916734324,0.0761650105907581,9.789147076535224,-0.000178623787525,-0.0384130239127913,0.0874402618473817,user,rest,heavy
1788967867289,0.0293297375218942,0.0788584783252794,9.802913151559231,0.1067582646357859,-0.0404091867183672,0.0415734071366304,user,rest,heavy
1788967867305,0.0158623577500926,0.062847263856139,9.793037069711088,-0.017318786741527,0.0252230348312108,0.0592500501004358,user,rest,heavy
1788967867322,0.0469869793321238,0.0588070485546253,9.787650700497627,0.0495299705399937,-0.1272733047669812,-0.1188352730580916,user,rest,heavy
1788967867339,0.0501293553113471,0.0625479658157331,9.78674936774373,-0.0263846405676824,-0.0381832120596042,0.0552083456900403,user,rest,heavy
1788967867355,0.033968503238447,0.0769131803432479,9.79976842379272,0.0489816410857952,-0.0308081552207243,-0.0028177932080674,user,rest,heavy
1788967867372,0.0393554432740667,0.0661392546062357,9.78061364146769,0.0915208996700676,0.1416802814802273,0.0883214963225522,user,rest,heavy
1788967867389,0.0441438511609565,0.0623983236453961,9.802161456409095,-0.0635529625558381,-0.0057888921464899,-0.0273834957028372,user,rest,heavy
1788967867405,0.0541695797460153,0.0635954427417833,9.787949975705146,-0.117401240157293,0.0509432860896574,-0.0885102069788002,user,rest,heavy
1788967867422,0.0335195949937449,0.063146529930504,9.803660755056145,0.1008437810519111,0.0536772960885798,-0.0640886121373684,user,rest,heavy
1788967867439,0.032322480463935,0.0861907072097761,9.790790167567131,-0.0656799128118491,0.0927617062524423,0.1423866857910079,user,rest,heavy
1788967867455,0.0634471020459663,0.0706283918521832,9.788245743781328,-0.006579072996309,-0.0369673983667023,-0.0575704772350606,user,rest,heavy
1788967867472,0.0451913143872749,0.063296153834532,9.78734967172444,0.0211305892522961,0.0318593506824583,-0.1187726674374375,user,rest,heavy
1788967867489,0.0516257313489448,0.059255933966441,9.798570738440752,0.0849380914140563,-0.0242271212130715,-0.0434498015078931,user,rest,heavy
1788967867505,0.0393554524072213,0.0680845525882672,9.809943780848384,-0.06113429518718,-0.1865653765390685,0.0461498039682576,user,rest,heavy
1788967867522,0.0309757420300971,0.0598544843814801,9.789442260089515,0.0005612661259711,0.0974151861711234,-0.0207971456202153,user,rest,heavy
1788967867539,0.0632974598756292,0.0647925207389751,9.777620889392496,-0.0007713144532688,-0.0379212369523372,0.0317248946733869,user,rest,heavy
1788967867555,0.0543192127831978,0.0716758596450788,9.796924724799394,0.000875174683314,-0.032514715337449,0.1129424072897441,user,rest,heavy
1788967867572,0.0413007458226755,0.0811030423816759,9.8053067686975,-0.0669874604809769,0.0091368320981333,0.103821943633235,user,rest,heavy
1788967867589,0.0573119694249704,0.0748182630237657,9.797077869534492,-0.0815218429006062,-0.1233682775111586,-0.0237342737056662,user,rest,heavy
1788967867605,0.050877543330146,0.0481827421550638,9.791387548938394,-0.0316408613352439,-0.1206522100990208,0.0846946792134886,user,rest,heavy
1788967867622,0.0517753780858591,0.0694313001552596,9.781963302510976,-0.0893215454067905,-0.0948903573856392,0.1441602938193898,user,rest,heavy
1788967867639,0.0447424061425728,0.0597048467777203,9.791088858252763,-0.0417537301338147,-0.033708250874269,-0.020367537393592,user,rest,heavy
1788967867654,0.0414503742932807,0.0582084707401227,9.804257551905511,0.1369950918747159,0.0102087315707889,-0.167073924298343,user,rest,heavy
1788967867672,0.0345670582200633,0.0724240613636095,9.789296129617094,0.0100866452744283,0.0093337736659397,0.0237103813837844,user,rest,heavy
1788967867689,0.0496804516332224,0.0754168134388048,9.796029237264394,-0.1163278465807564,0.0077908846252441,0.049177615488143,user,rest,heavy
1788967867705,0.0329210308789741,0.0634457823051372,9.7876466088444,-0.0008951049618687,-0.0059725335217133,0.0341019339066836,user,rest,heavy
1788967867722,0.0447423970094183,0.0623983190788188,9.80081471797526,0.0119732682541794,0.096334375436035,-0.0835242689362901,user,rest,heavy
1788967867739,0.0375598011621041,0.0646428922683699,9.79393255724609,-0.0243952395826837,-0.0678333767416403,-0.0834570075812213,user,rest,heavy
1788967867756,0.0498300846704049,0.0640443372867535,9.788545603510736,-0.0393481861999145,-0.0925603023833128,0.0633941072967824,user,rest,heavy
1788967867772,0.0483337177659617,0.0562632001575548,9.796178290346264,-0.0002783135334114,0.1098533475159,0.082033320015777,user,rest,heavy
1788967867789,0.0489322636144235,0.0586573926845565,9.7919878529191,0.104562665642531,-0.048938258712395,0.0187907575412042,user,rest,heavy
1788967867805,0.0338188747678417,0.0739204556675162,9.789746211472153,-0.0578061054212128,-0.0965151620056287,-0.0169605803386515,user,rest,heavy
1788967867822,0.0306764759557321,0.0811030423816759,9.783609316152331,-0.0075742195521879,-0.0527380383559973,-0.0573636438991496,user,rest,heavy
1788967867839,0.0404029202001169,0.0522229848560411,9.796477565553785,-0.0114386625443338,-0.0533398353847922,0.0133056353900079,user,rest,heavy
1788967867855,0.0481840892953565,0.0441425725193228,9.793487736088036,-0.0326626382917687,0.0198772912277651,0.0723173225605809,user,rest,heavy
1788967867872,0.0353152371057076,0.0689823873439803,9.790192201673984,-0.0492374730248732,0.0746424550242282,-0.071429111153895,user,rest,heavy
1788967867889,0.022596049919282,0.0540186452343128,9.782413968887925,-0.0210718189429436,-0.0336476996464513,0.0037899012157108,user,rest,heavy
1788967867905,0.0418993008042918,0.0626976262523792,9.784059398007392,0.046570390875689,-0.0862294907550779,-0.101541514224097,user,rest,heavy
1788967867922,0.0387569019921822,0.0661392728725448,9.800667418459057,-0.0534806046497713,-0.0645009447878683,0.0238520010873563,user,rest,heavy
1788967867939,0.0543192219163524,0.060602690666588,9.794981189516186,0.0148684530417316,-0.205827136988526,-0.1362410096418774,user,rest,heavy
1788967867955,0.0309757602964062,0.060901975007262,9.793936064377426,-0.0127243205910897,-0.0657049123714285,0.0496254664563482,user,rest,heavy
1788967867972,0.0197529354478465,0.0695809468921739,9.793484813478589,-0.0040132897562312,-0.0441762094684012,-0.1163404931028915,user,rest,heavy
1788967867989,0.0401036495591746,0.0748182630237657,9.804707633760572,0.0764898877925844,0.0452118235610911,-0.002283964565642,user,rest,heavy
1788967868005,0.0294793842588085,0.0680845799877308,9.788698163723945,-0.0011163173801072,-0.1555022898436588,-0.0843304713821896,user,rest,heavy
1788967868022,0.0493811809922801,0.0550660993274766,9.783310040944814,-0.0542128856391506,0.1097964781869317,-0.0145855021166986,user,rest,heavy
1788967868039,0.0501293553113471,0.0582084661735454,9.786150817328693,-0.0054387832530406,0.0609515275959227,-0.0097273699869683,user,rest,heavy
1788967868055,0.0507279057263862,0.0579091955326031,9.79273487189412,0.068846959472193,-0.0636187364771325,-0.0093058392594514,user,rest,heavy
1788967868072,0.0456402408982859,0.070478781647887,9.78525591431558,-0.0273359361751717,0.1949718453034733,0.0036213809721753,user,rest,heavy
1788967868089,0.0546184971238719,0.0833476064380723,9.808299520772694,-0.035516576807563,0.0632136942531589,-0.0982662117334511,user,rest,heavy
1788967868105,0.0490819012181833,0.0751175382312852,9.789445767220856,-0.1875551403189121,0.0477565492745969,0.0301517566992088,user,rest,heavy
1788967868122,0.0537206715013133,0.060303424592223,9.79842402344644,-0.0609777277746921,0.0380395646436224,-0.112513105888025,user,rest,heavy
1788967868138,0.0306764805223094,0.0615005162891466,9.794981774038076,0.0625776795774477,0.0174141275779028,-0.0680427513881703,user,rest,heavy
1788967868155,0.0399539982556831,0.0631465116641949,9.80530501513183,-0.0826968622214731,-0.0424623655952569,0.1066379692630504,user,rest,heavy
1788967868172,0.050877543330146,0.0617997640972025,9.803210088679194,-0.1659745039658089,0.0890383593604994,-0.0119417653406541,user,rest,heavy
1788967868189,0.0511768231042427,0.0510258703262312,9.775975460273028,0.0111240052675237,-0.1083303487331194,0.0172420721778633,user,rest,heavy
1788967868205,0.0384576313512399,0.0716758733448106,9.794832136434316,0.0098575254448021,0.1230386808630659,-0.0523685211198356,user,rest,heavy
1788967868222,0.0477351582177681,0.0840957853237167,9.791090611818433,-0.0856113919857248,-0.0776640466696985,-0.054030191419066,user,rest,heavy
1788967868239,0.0368116040101507,0.0748182356243021,9.795577401843666,0.0451416140189001,0.1077806785874921,0.0054466423061554,user,rest,heavy
1788967868255,0.05581559795395,0.056113562553795,9.776575764253735,-0.0393858789723752,0.0844336512613604,-0.1029041503037277,user,rest,heavy
1788967868272,0.05117682767082,0.0448907422718126,9.78615257089436,-0.1423926755467449,-0.1801657827714575,0.1518597312829925,user,rest,heavy
1788967868289,0.043694952049409,0.0712269605335313,9.79962053975463,0.0449089506951367,-0.0563864799506948,-0.0624957306476208,user,rest,heavy
1788967868305,0.0487826260106638,0.0484820356288924,9.799769008314607,0.0428335503580714,0.0370920626592682,0.0428575727470321,user,rest,heavy
1788967868322,0.0474358830102486,0.0632961492679547,9.789892341944574,0.040892142457668,0.163425576085138,-0.0351112877896447,user,rest,heavy
1788967868339,0.0408518238782417,0.0694312773223733,9.7991687043339,-0.0425618368951518,0.0229505428489403,-0.06100932406971,user,rest,heavy
1788967868355,0.0362130581616889,0.0658399793987162,9.795576817321775,0.0010959068538765,0.0533731925879555,-0.1942038358880303,user,rest,heavy
1788967868372,0.0401036449925974,0.073022602645494,9.80575568150878,-0.2252392283007898,0.0753323441510391,-0.0117959434699169,user,rest,heavy
1788967868389,0.0510271763673285,0.0779606298698345,9.799018482208252,0.0135913444041247,0.0744931113372002,-0.069245284898809,user,rest,heavy
1788967868405,0.0459394978394964,0.0671867178325541,9.792882755932212,-0.039350864247719,0.0271016970387213,0.0325032494241841,user,rest,heavy
1788967868422,0.0475855251805856,0.0502776960071641,9.791091196340322,0.0243793880743219,0.0441491021551327,-0.0374581648008449,user,rest,heavy
1788967868439,0.0585090702550485,0.0700298597034532,9.7870515655607,0.03805472579595,0.0723380265715025,0.0501366934425211,user,rest,heavy
1788967868455,0.0529724834825145,0.063146529930504,9.793485982522368,0.009043467280841,-0.1662437761697088,0.0737698049762665,user,rest,heavy
1788967868472,0.0383079800477484,0.0685334608329692,9.815928700476883,-0.1002164441849013,-0.0041352126349799,-0.0400196191417319,user,rest,heavy
1788967868489,0.0336692280309274,0.0490805860439315,9.7927360409379,0.1365236754198528,0.0232085425726669,0.1569866020080936,user,rest,heavy
1788967868505,0.0472862408399116,0.0646428922683699,9.797375391176342,0.0169293408943373,0.0142910769407674,-0.0347878009592079,user,rest,heavy
1788967868522,0.0625492809899849,0.0683838277957867,9.786000595203042,0.04768625302102,-0.2350519956627031,-0.053138171381505,user,rest,heavy
1788967868539,0.0371108792176703,0.0676356352104106,9.796625449591874,0.0557553311177566,-0.0973344178501666,-0.0246017544210041,user,rest,heavy
1788967868555,0.039505090010981,0.065989635268785,9.79228771264851,-0.0298331657270248,-0.1112431976305051,0.071940601609279,user,rest,heavy
1788967868572,0.0363627048986032,0.061201241081627,9.807550748232009,-0.1096728811114236,-0.0464104617294688,0.0596287253929749,user,rest,heavy
1788967868589,0.0576112446324899,0.0641939840236678,9.794083363893629,0.0361858853204246,0.1061774250819638,0.0134708872813039,user,rest,heavy
1788967868605,0.0484833508031442,0.0709276761928573,9.797823719465732,0.0286672277563091,-0.0011669618320804,0.0096918650094761,user,rest,heavy
1788967868622,0.0260377056726021,0.0728729559085797,9.804556242591142,0.068274784386859,0.0792922930646995,0.0584778918786806,user,rest,heavy
1788967868638,0.0429467594640329,0.0724240522304549,9.7871988650769,-0.0418159588934452,-0.0738326840712916,0.1025448850214277,user,rest,heavy
1788967868656,0.0538702999719185,0.0655407133243512,9.798122994673252,0.0137759104228772,-0.0446749199995179,-0.0583612717346879,user,rest,heavy
1788967868672,0.0472862545396434,0.063146529930504,9.794233586019278,-0.1327042389720669,0.0968584190320615,0.0133251321116329,user,rest,heavy
1788967868689,0.0568630566136911,0.068084566287999,9.791090611818433,0.0025801840002516,-0.1163373848332107,-0.0205493778400304,user,rest,heavy
1788967868705,0.046238791313325,0.0607523282703477,9.806354231923818,0.0475615620480276,-0.0111812731353621,0.0134711407453551,user,rest,heavy
1788967868722,0.053720666934736,0.0646428968349471,9.800068283522128,0.0167741792068176,0.0519686148779527,0.105250220232028,user,rest,heavy
1788967868739,0.0562644924989202,0.0755664282096782,9.802760006824135,-0.0049866500763908,0.0864331891408817,0.0770896971296092,user,rest,heavy
1788967868755,0.03726051682143,0.0724240339641459,9.792435596686602,0.0332097137659242,0.0870365269643039,0.0842831403056755,user,rest,heavy
1788967868772,0.0348663425607373,0.0650918324791127,9.795283387333154,-0.0724668796910204,0.0659245189615002,0.0352300957286059,user,rest,heavy
1788967868789,0.0423482136155711,0.0703291440441273,9.788398888516426,0.0872621233101126,-0.0033045975988829,-0.0623651232900641,user,rest,heavy
1788967868805,0.0547681347276316,0.0742197217418812,9.783760122799873,0.0605828841437271,-0.0347680907941714,-0.0588031596275826,user,rest,heavy
1788967868822,0.0457898648023139,0.0600041265518171,9.78076386359334,-0.0582784490208949,0.0133687479387644,-0.0507526277622788,user,rest,heavy
1788967868839,0.0553666805760934,0.0592559430995956,9.78660031466186,-0.1161341867054028,0.0383027670505059,0.0287180773140607,user,rest,heavy
1788967868855,0.0426474796899361,0.0635954336086288,9.803359726282954,0.049215508363802,-0.0416531749415955,-0.0657464337850841,user,rest,heavy
1788967868872,0.0236435085790231,0.0694313092884141,9.79139047154784,0.0704709970299222,-0.1420407473817174,0.0287970180258059,user,rest,heavy
1788967868889,0.0359137966539012,0.0513251592334825,9.790343592843412,-0.1196184903166084,0.017754649860625,0.0145851085804085,user,rest,heavy
1788967868905,0.0543192219163524,0.0607523282703477,9.797226922616362,-0.0098978595794808,0.0503289559305397,-0.062666538737724,user,rest,heavy
1788967868922,0.0384576359178172,0.0709276944591663,9.79169091579914,0.072103759087099,-0.2832316698202971,0.1737778083295634,user,rest,heavy
1788967868939,0.0396547276147408,0.0562631910244002,9.8050063244462,0.1117578096957832,-0.1119261898670799,-0.0587340573230891,user,rest,heavy
1788967868955,0.0442934978978708,0.0652414472499862,9.808298936250806,-0.0822644258696467,-0.082569729989461,-0.0398997773362459,user,rest,heavy
1788967868972,0.0516257496152538,0.0814023267223499,9.783011350259184,0.0711016689502377,-0.0654341127131146,-0.0351695511708948,user,rest,heavy
1788967868989,0.0552170566720655,0.0697305981956655,9.790046071201562,0.0918869751312179,-0.1104033645070712,0.116365799487375,user,rest,heavy
1788967869005,0.0390561726331245,0.059106291796104,9.80081471797526,-0.0389579449425114,-0.1190846683442896,0.1809473992043876,user,rest,heavy
1788967869022,0.0302275631444528,0.0474345724025741,9.79258581881225,-0.0236220775098835,0.1185561424366202,0.0655417082028622,user,rest,heavy
1788967869039,0.0302275585778756,0.0653910802871687,9.777621473914383,0.0353363038361783,0.1399394103350938,0.1062298587900355,user,rest,heavy
1788967869055,0.0773634037622017,0.0617997823635116,9.79288567854166,-0.2327745811417535,-0.0140806350771796,-0.0628760868070259,user,rest,heavy
1788967869072,0.0595565471810987,0.0565624890648061,9.806655845218897,0.0785657316917393,-0.1608396691334139,0.0264335991502096,user,rest,heavy
1788967869089,0.0281326366918161,0.0543179113086778,9.79872212961018,-0.1085241286703921,0.049940235457444,0.0120946975450389,user,rest,heavy
1788967869105,0.0607536251782905,0.0784095426811138,9.789442844611406,0.051082184389732,0.1403723402748095,-0.0425659256705045,user,rest,heavy
1788967869122,0.0513264652745798,0.0632961675342638,9.800220259213448,0.0072100625804518,-0.1606259188969468,0.0242951829809336,user,rest,heavy
1788967869139,0.0564141346692573,0.0638946951164165,9.783157480731608,0.0795245728573328,-0.0361718547511677,-0.0488678023762594,user,rest,heavy
1788967869155,0.0282822605958441,0.0746685980205424,9.80590122745931,-0.1210803108815498,-0.0215956974538316,0.2297871737926662,user,rest,heavy
1788967869172,0.0258880635022651,0.0526718702678568,9.788694072070715,0.1943646388182165,0.0921585685322184,0.0606282408686843,user,rest,heavy
1788967869189,0.056264506198652,0.0724240613636095,9.784506557253003,-0.122865738338847,-0.1240987742470194,0.0935534345669952,user,rest,heavy
1788967869205,0.0570126942174509,0.0603034108924912,9.79243793477416,-0.0123075423145334,0.0928173749622205,0.0822262928701497,user,rest,heavy
1788967869222,0.0465380665208445,0.0688327588733751,9.778222946938872,0.1063862194292186,-0.176228765684327,0.091834508072613,user,rest,heavy
1788967869239,0.0447424198423046,0.0525222646301379,9.774632228970528,-0.0190363675419003,-0.0462156079050318,0.103784531005252,user,rest,heavy
1788967869255,0.0538703045384958,0.0662889196094591,9.799920399484035,-0.0353657456867607,0.0271652764949406,-0.0491549904865173,user,rest,heavy
1788967869272,0.0740713764794869,0.0733218732864363,9.784805247938632,-0.0262257319477738,0.1860245109341682,-0.0437228556622416,user,rest,heavy
1788967869289,0.046238773047016,0.0755664282096782,9.794828629302978,-0.0595791198101063,0.0729577061561225,0.0233666774602086,user,rest,heavy
1788967869305,0.0296290127294138,0.0635954290420515,9.79812241015136,-0.0370430240354616,-0.0621221446464262,-0.0321682166392031,user,rest,heavy
1788967869322,0.0404029247666941,0.0658400022316025,9.79916811981201,-0.0061744926772181,-0.0664251238028946,-0.0307796605252806,user,rest,heavy
1788967869338,0.0797576099889352,0.065989635268785,9.801414437434076,-0.1178645057418771,-0.051973604117698,-0.0948563998728809,user,rest,heavy
1788967869355,0.0469869747655466,0.0601537687221541,9.796177705824377,0.0951017864250055,-0.0024655648882423,-0.0604514630331639,user,rest,heavy
1788967869372,0.0469869747655466,0.053719347193907,9.782859374567863,0.0703672902123291,-0.0152219169988064,-0.119625053701514,user,rest,heavy
1788967869389,0.0387569019921822,0.0706283918521832,9.790041395026444,0.0206619892499497,-0.0084213964630009,0.0752776359366129,user,rest,heavy
1788967869405,0.0517753917855909,0.0623983556114369,9.7921409976542,0.0705893714119537,-0.0978616164066204,-0.0187281319102303,user,rest,heavy
1788967869422,0.0582097904809517,0.0730225935123395,9.782111186549066,0.0682267462790441,0.0972796496047809,-0.0775667431544522,user,rest,heavy
1788967869439,0.0341181408422067,0.0616501447597518,9.793634451082347,-0.0591476239433121,0.0268335587529454,0.2100996871186334,user,rest,heavy
1788967869455,0.0430964107675245,0.0525222737632924,9.792440272861718,-0.0027827901560977,-0.0672439661008226,-0.0099202494598485,user,rest,heavy
1788967869472,0.0245413296350045,0.0640443418533308,9.790640529963374,0.107355152466115,0.0139480466979593,0.000333658743019,user,rest,heavy
1788967869489,0.0740713719129096,0.0556646269096294,9.78121277640462,-0.0268965679150494,0.0198386579702722,-0.0681468117214138,user,rest,heavy
1788967869505,0.0453409565576119,0.0555149984390242,9.782111186549066,-0.0078048118078486,0.009179347357674,0.0055388231795241,user,rest,heavy
1788967869522,0.0540199375756783,0.0609019476077985,9.791836461749671,0.1029018624571601,-0.085030752535101,-0.1086146086665749,user,rest,heavy
1788967869538,0.029629017295991,0.0667378324207384,9.797375975698232,0.0083326473594837,-0.0845182082028724,0.1240647033424487,user,rest,heavy
1788967869555,0.0399540165219921,0.0843950787975452,9.790044317635893,0.0774375231790708,-0.0454437565081806,-0.073673415265626,user,rest,heavy
1788967869572,0.0308261226926464,0.0460878522350452,9.783012519302964,0.0061332038835306,-0.1732971604471502,0.0201833957603727,user,rest,heavy
1788967869589,0.0505782726892037,0.0544675397792831,9.81189023874104,0.0476111409504697,-0.0460749486968118,0.0011560428675577,user,rest,heavy
1788967869605,0.0393554615403758,0.0601537778553087,9.80515654657185,0.0937496691035008,0.0531797328158002,0.0127601874218655,user,rest,heavy
1788967869622,0.0188551098252879,0.0812526799854356,9.784057644441724,0.0167423594632282,0.1104776161338686,0.0615950528116782,user,rest,heavy
1788967869639,0.0552170475389109,0.0743693547790637,9.781366505661609,-0.0108419247914035,-0.174192462177164,0.0915910892019388,user,rest,heavy
1788967869655,0.0398043743516551,0.0758657262500841,9.774930919656155,-0.0189367695099797,-0.039004048719409,0.0028458476764747,user,rest,heavy
1788967869672,0.0595565380479441,0.0571610257801134,9.790193370717764,0.0505212384288781,-0.119280529354825,0.0241318587504484,user,rest,heavy
1788967869689,0.0568630566136911,0.0721247770229354,9.784805247938632,0.0068311388264415,0.0275820514364436,-0.0193582568818036,user,rest,heavy
1788967869705,0.0502790066148387,0.0746686254200059,9.807701554879545,-0.0241040844265187,-0.0854660637028769,-0.0757278614627718,user,rest,heavy
1788967869722,0.0646442120091989,0.0728729650417342,9.782861128133534,-0.1319534384316812,0.0176770631805219,0.0321285895358251,user,rest,heavy
1788967869738,0.0324721363340038,0.0649421903087757,9.796628372201322,-0.118515454786291,-0.1224522317495836,0.0746355781443119,user,rest,heavy
1788967869755,0.0191543804662302,0.0758657171169295,9.790939805170892,-0.0429566371704237,0.0667015196806553,0.1824547365768448,user,rest,heavy
1788967869772,0.0401036404260201,0.0574602827213238,9.807399357062575,-0.0133240682296284,0.0090080323394683,-0.0553382326760829,user,rest,heavy
1788967869788,0.0556659420838812,0.0727233091716654,9.773131176757811,-0.0683152652638832,0.0251421664586549,0.0231254663948227,user,rest,heavy
1788967869806,0.049381162725971,0.0629968694938579,9.800815302497147,0.016081838815827,-0.0633935603480403,-0.1197847894146424,user,rest,heavy
1788967869822,0.0360634296910837,0.0722744146266952,9.790941558736565,-0.1140913865144004,-0.0443809150403032,-0.0197897260681714,user,rest,heavy
1788967869839,0.0632974690087838,0.0623983282119734,9.79991806139648,-0.0704526342264212,-0.1286116349781202,-0.0593563449193942,user,rest,heavy
1788967869855,0.0573119739915477,0.0667378324207384,9.807551332753896,-0.1581118356532136,0.0764119009060846,0.0417506318692938,user,rest,heavy
1788967869872,0.0561148685948923,0.0604530530628282,9.793036485189198,0.05325289721522,-0.0335276777480868,0.1007716305086962,user,rest,heavy
1788967869889,0.0375598102952586,0.0704787725147325,9.79273720998168,-0.0704606650347812,0.0927499401843799,0.0027730901535582,user,rest,heavy
1788967869905,0.0296290081628365,0.0671867269657086,9.807698632270098,0.0607093893857178,0.1489605294237336,-0.0481401471058151,user,rest,heavy
1788967869922,0.0194536556737497,0.0821504964748397,9.809794727766514,0.1050591483580395,0.1287662347091579,0.0484445007354372,user,rest,heavy
1788967869939,0.0635967442163033,0.0607523145706159,9.794232416975497,-0.0734546424388806,0.0481864376456978,0.0065366044275145,user,rest,heavy
1788967869955,0.0579105198400095,0.0580588377029402,9.793335175874828,0.057343693610275,0.0088340092579784,-0.0293215552097217,user,rest,heavy
1788967869972,0.0592572491406928,0.0692816488517681,9.796775087195634,-0.0982672722804023,-0.0230464589820114,0.1822611700829837,user,rest,heavy
1788967869989,0.0603047123670112,0.0570113653434673,9.79318261566162,-0.113253260938259,-0.0693160547299554,0.054930929285968,user,rest,heavy
1788967870005,0.051326451574848,0.0794570059074321,9.776574010688066,0.056881628644881,-0.0536367618507027,-0.0384870087353243,user,rest,heavy
1788967870022,0.0444431400682078,0.0342664724048692,9.802612707307937,0.1428804871236587,-0.0122704748645675,0.037276591158671,user,rest,heavy
1788967870039,0.0281326366918161,0.0562632001575548,9.802463069704174,-0.0828414434523805,-0.0548228602186511,-0.0155929149986358,user,rest,heavy
1788967870055,0.0463884243505075,0.0661392728725448,9.795429517805577,0.0526871187621263,0.1474018589107956,0.0567795226528746,user,rest,heavy
1788967870072,0.0441438557275338,0.0589566587589215,9.789741535297036,-0.0369689825170225,-0.0015940620986178,-0.0131706657827274,user,rest,heavy
1788967870089,0.0688340557813178,0.0760153364543803,9.795278126636148,-0.0150765987211184,0.1452521769314531,-0.022458535774968,user,rest,heavy
1788967870105,0.0264866184838814,0.0606026724002789,9.795427179718017,0.0310311235445282,0.1298392013988714,0.000282138839553,user,rest,heavy
1788967870122,0.0595565380479441,0.0743693502124864,9.806503869527578,-0.0651382267838356,0.0030214515732315,0.0014360072523555,user,rest,heavy
1788967870139,0.0806554356114938,0.0683838460620958,9.790641699007152,-0.1787871784565992,-0.0707349998495991,0.0483203433709737,user,rest,heavy
1788967870155,0.0276837330136913,0.0448907559715444,9.77867302879393,0.1378632062501819,-0.0140180828173784,0.1175036929948432,user,rest,heavy
1788967870172,0.0697318951036082,0.0755664601757191,9.79752736686766,-0.0130539756026153,-0.0323968011927737,-0.037809259202546,user,rest,heavy
1788967870189,0.0294793842588085,0.0549164708568714,9.791540693673491,-0.1219208110156448,0.0352522871733018,0.0510133355492897,user,rest,heavy
1788967870205,0.0450416722169378,0.0568617277397075,9.797074362403151,-0.0523684244032897,0.0280816824422727,-0.0420290087687181,user,rest,heavy
1788967870222,0.0311253887670114,0.0513251455337507,9.78570307356119,-0.0942879133565029,-0.0629629782858518,0.0019520066998088,user,rest,heavy
1788967870239,0.0383079754811711,0.0583580992107279,9.808894564056397,0.0789186003417991,-0.0792137925799906,0.1954756651362543,user,rest,heavy
1788967870255,0.0362130672948434,0.0673363828357774,9.79228712812662,-0.0685118199655062,-0.0498101016774567,0.0468398131569875,user,rest,heavy
1788967870272,0.0285815540696727,0.0625479795154649,9.79917162694335,-0.1325879389931916,0.0524912977722305,-0.0933321471100573,user,rest,heavy
1788967870289,0.0384576176515081,0.0662888967765727,9.7928833404541,-0.1231251387849621,-0.0722775620550707,-0.0007012683286899,user,rest,heavy
1788967870305,0.0703304272523382,0.0700298323039896,9.796475811988117,0.046226346776676,-0.0818466704224718,-0.0249787888673167,user,rest,heavy
1788967870322,0.0333699391236761,0.0719751257194439,9.79348305991292,-0.0039366518987935,0.1523563874212729,0.0592005579093797,user,rest,heavy
1788967870338,0.0418992916711373,0.0812526662857038,9.798272632277012,0.0073066290489175,0.033692496082453,0.0439730146756466,user,rest,heavy
1788967870355,0.0632974644422065,0.0603033971927594,9.788695241114496,0.0250678598034779,-0.0783833042759192,0.0363741390743698,user,rest,heavy
1788967870372,0.0580601620103465,0.0475842191394884,9.796478734597564,-0.0428297483973029,-0.1221058797936831,-0.0711966245879567,user,rest,heavy
1788967870389,0.0329210400121286,0.0671867452320177,9.794382639101148,-0.0074453197419238,-0.005671778414608,-0.0232660322215501,user,rest,heavy
1788967870405,0.0321728474267525,0.0748182493240339,9.79961820166707,0.1513630217838592,-0.1846533504582881,-0.0877994737688288,user,rest,heavy
1788967870422,0.0541695660462835,0.0680845434551127,9.804405435943602,-0.0410175538021744,0.0757766799730602,0.0322247991535871,user,rest,heavy
1788967870439,0.0472862499730661,0.0502776960071641,9.797675835427642,-0.009189189099979,-0.001146804769901,0.138064083180889,user,rest,heavy
1788967870455,0.0246909718053415,0.0619494291004259,9.80440952759683,0.0457271926834697,-0.041338452631246,-0.0571416027201646,user,rest,heavy
1788967870472,0.051326451574848,0.070628387285606,9.798121241107582,-0.0813558372872631,-0.1249340049968915,-0.0194279128051459,user,rest,heavy
1788967870489,0.0493811764257028,0.0610515943447127,9.803509948408603,-0.1052721448724594,-0.0610423277572229,0.0576062423467106,user,rest,heavy
1788967870505,0.0637463863866403,0.061201241081627,9.791989606484773,0.0769312087264171,-0.1883360497205415,0.0631800502354113,user,rest,heavy
1788967870522,0.0218478482007514,0.0731722356826765,9.79991806139648,0.0981629117923613,0.0866094667184062,0.082888614446336,user,rest,heavy
1788967870539,0.0233442288049263,0.0860410696060163,9.794830382868646,0.0953803167368819,-0.024473728394706,0.0112158843185683,user,rest,heavy
1788967870555,0.0390561863328563,0.0594055898365099,9.797375975698232,0.0639166968095677,0.0657667442597156,0.0029151033934202,user,rest,heavy
1788967870572,0.0513264561414252,0.049529485155479,9.789292037963866,0.0413245254486415,-0.0124897346090955,0.137335614157438,user,rest,heavy
1788967870588,0.0288808338437695,0.0540186406677355,9.787350840768218,-0.0382660014228642,0.055046668975888,0.0860342900850971,user,rest,heavy
1788967870605,0.0315743198445998,0.0616501675926381,9.794834474521874,0.0183582811687381,-0.0551200401486128,0.0233093478938841,user,rest,heavy
1788967870622,0.0621003681787056,0.0607523145706159,9.78689958986938,-0.0225119299783917,-0.0400203995442054,-0.0211538495815765,user,rest,heavy
1788967870639,0.0748195599317085,0.0629968694938579,9.794829213824867,-0.065635723355549,-0.0193258868544188,-0.0364424409660699,user,rest,heavy
1788967870655,0.0471366169358836,0.0719751531189074,9.79303765423298,-0.0433426329049687,0.0609811161888506,0.0931351922020377,user,rest,heavy
1788967870672,0.0351655995019478,0.0652414472499862,9.80500690896809,-0.0394980368150449,0.0441286649484755,0.0250773597028191,user,rest,heavy
1788967870689,0.0356145077466499,0.0680845480216899,9.79961820166707,0.0336818839428344,0.0627156107120636,-0.0235596636547945,user,rest,heavy
1788967870705,0.0550674053685739,0.0773620885879499,9.79378350416422,-0.1523349363584108,0.0714163378997343,0.1321744457441414,user,rest,heavy
1788967870722,0.0242420635606395,0.0641939931568224,9.790942143258452,0.0164402186414744,0.096420646594946,0.0523586860476372,user,rest,heavy
1788967870739,0.0311253887670114,0.0718255018154159,9.790940389692782,-0.0254596135075551,0.1736055995170718,-0.0125881186816128,user,rest,heavy
1788967870755,0.0398043652185006,0.0712269514003768,9.803958276697992,-0.058250748068138,-0.0266049741993748,0.0416873925885116,user,rest,heavy
1788967870772,0.0656916752355173,0.0664385480800643,9.789294376051425,-0.0299966400349088,-0.0731857037403114,-0.0488359326068705,user,rest,heavy
1788967870789,0.0561148685948923,0.0788584737587021,9.787200618642569,-0.1634058992706346,0.0079279953367468,0.0472119850955805,user,rest,heavy
1788967870805,0.0498300801038276,0.0544675306461285,9.783606978064777,-0.1018359860907744,-0.0583687889448389,0.0976562104735242,user,rest,heavy
1788967870822,0.0495308094628853,0.0655407178909285,9.792136906000971,-0.0438036173130917,0.0053865913363335,-0.0992896862321084,user,rest,heavy
1788967870839,0.0462387821801705,0.0656903600612655,9.78660089918375,-0.1340681423719538,0.0492933418378497,0.1086178036476418,user,rest,heavy
1788967870855,0.0526732128415722,0.0528215352710802,9.793935479855536,0.0998796038010286,-0.0510026767189248,-0.0083408149050293,user,rest,heavy
1788967870871,0.0522242954637156,0.0544675534790148,9.800369896817209,-0.0562288853417886,0.0407039120490959,-0.07258990313736,user,rest,heavy
1788967870889,0.0254391461244085,0.0724240385307231,9.794380301013588,0.096132191164432,0.0757573500041005,0.0199168249496505,user,rest,heavy
1788967870905,0.0404029110669624,0.0830483083976665,9.807696878704428,0.0974858492805639,0.044252582189101,0.0337345977953838,user,rest,heavy
1788967870922,0.0520746487268013,0.0546171682498883,9.791687993189692,-0.0124457819415801,-0.0018486734081859,0.1834248102019717,user,rest,heavy
1788967881360,0.2032078476394526,-6.078130411639809,-7.5840826713562,-8.005806452597223,11.878231721407436,-1.1236316455944473,user,rest,heavy
1788967881375,0.3781342612335458,-6.009446751514077,-7.971943340301514,-0.8120933773369431,15.50170171761256,2.265726146289085,user,rest,heavy
1788967881391,0.3516483688354492,-5.964555470386147,-8.131157166180014,6.102228462046439,12.789115140630445,2.7920933940156485,user,rest,heavy
1788967881409,0.4939537300109863,-6.240337574115396,-7.547271236309409,7.519945214856597,5.664063715940481,1.9418110416469887,user,rest,heavy
1788967881425,0.6528688652038573,-6.233154969134927,-7.027729476055503,1.0291083375055234,0.397468184514347,-0.8352717310070872,user,rest,heavy
1788967881441,0.5687725684234872,-6.276999371558428,-7.0827961142390965,-5.316045087160822,0.8375012008017145,-1.9147547413538648,user,rest,heavy
1788967881460,0.5707178572723641,-6.289118848419189,-7.263707392662763,-7.855107720071,4.119498824298961,-2.4131831002804907,user,rest,heavy
1788967881475,0.530614979464747,-6.279392988696694,-7.460631648254394,-5.480797787677991,6.429122596383718,-2.7068756850623386,user,rest,heavy
1788967881491,0.4936544182708486,-6.111947925567627,-7.856721800884604,1.916623865308921,5.397215909030899,-2.702116964201544,user,rest,heavy
1788967881508,0.4861725746154784,-6.134394150653481,-7.839214201244712,4.101106405524585,7.400539847786434,-2.3746529359553907,user,rest,heavy
1788967881525,0.5574000740051269,-6.177789055743813,-7.7223472327083345,2.717783924053672,6.879179128721491,-1.8573171193022888,user,rest,heavy
1788967881541,0.6025906303405761,-6.252756910705566,-7.477240253227949,-0.8283722794500222,0.2446001732355578,-1.5031953963341051,user,rest,heavy
1788967881558,0.5633855781555176,-6.16701514827311,-7.504474881634116,-2.3287929114338097,-0.0147245938498648,-1.490898707950555,user,rest,heavy
1788967881575,0.5336077315399423,-6.178836518970131,-7.59141432941854,-1.480404229012536,1.6970216508270808,-1.6933676063428298,user,rest,heavy
1788967881591,0.5904699844360352,-6.150555011859536,-7.589918537902831,1.344451981626077,1.823937557941613,-1.4737546129687056,user,rest,heavy
1788967881608,0.6462848471710458,-6.122572779956459,-7.510909298595785,2.2031342927350885,1.4086465817574996,-1.4705445307805054,user,rest,heavy
1788967881625,0.6622960342407226,-6.125116034698486,-7.446265853771567,1.0964612597978425,1.5805189007107616,-1.5125446446473831,user,rest,heavy
1788967881641,0.5844844802856445,-6.177340142932533,-7.477839972686767,-1.1328761999143535,0.7603229446666265,-2.175967001867951,user,rest,heavy
1788967881658,0.5862801680633798,-6.187814775195718,-7.468262581524252,-1.839341768954108,0.0582481067059199,-2.303339998048345,user,rest,heavy
1788967881675,0.6144120010375976,-6.214000771331786,-7.519587695091962,-2.2133499078559,0.4218955823485308,-2.168147075598521,user,rest,heavy
1788967881691,0.6187515280792489,-6.173150290027261,-7.59066672592163,-1.963676398170904,-1.2458827469492726,-1.7985888049409915,user,rest,heavy
1788967881708,0.6691793640136718,-6.119131115069985,-7.498639599609374,-2.942103558096169,-1.5301540462664398,-1.2313089375294637,user,rest,heavy
1788967881726,0.6183026518005877,-6.1475622597843405,-7.393892692455648,-7.286754872629546,-2.9254682054857803,-0.9493444278827626,user,rest,heavy
1788967881743,0.5418377266814932,-6.1170356040954585,-7.384315885815024,-10.512681392156894,-1.9113016538416,-1.3892506587836615,user,rest,heavy
1788967881759,0.5538087715148925,-6.171802967071533,-7.489960034069418,-11.38380371890032,-0.3154757655923108,-1.9546468880881471,user,rest,heavy
1788967881775,0.6558615807464346,-6.157587394714355,-7.572859266552329,-9.783232556725164,0.3037716494801121,-1.9534108372917864,user,rest,heavy
1788967881793,0.7381623358795419,-6.063016429138183,-7.747785040825605,-6.545569637769619,0.4202459049009875,-2.0029309894348484,user,rest,heavy
1788967881809,0.6932710912842303,-6.0429655747562645,-7.784596475872397,-4.785671079712399,-0.1286264426147974,-1.8095207361510088,user,rest,heavy
1788967881826,0.6956652564117685,-6.026804713550209,-7.71890556782186,-4.141180832932343,-1.723729611472535,-1.772641556614348,user,rest,heavy
1788967881842,0.6609493323395028,-5.997924656024575,-7.724292521557212,-4.40399242492927,-0.4456519140967607,-0.9519265595541448,user,rest,heavy
1788967881859,0.5400421485016123,-6.044760641479492,-7.853878686413169,-2.826539745547316,-1.6831764304926418,-0.953501771931479,user,rest,heavy
1788967881876,0.5659294904846698,-6.037578621020913,-7.797166034588217,-0.6107955362222083,-0.978815520212604,-0.6698409207713818,user,rest,heavy
1788967881892,0.6139631247589364,-6.087856855884194,-7.753771129497885,1.4400417597208748,1.5921882789077284,-0.7248664188288854,user,rest,heavy
1788967881909,0.595707337100245,-6.029648412543535,-7.732522589763999,2.619406361560451,1.7697295481503954,-0.4689605749696639,user,rest,heavy
1788967881925,0.6272808349609375,-5.983559446063637,-7.733121724700927,2.619400171701516,0.9469081847831836,-0.7856442168280092,user,rest,heavy
1788967881943,0.6455366226196289,-6.028151451984048,-7.599495344543457,0.4145420299333658,0.6610259746780985,-1.0403564851297709,user,rest,heavy
1788967881959,0.6789058447906747,-6.0266556604683394,-7.692718987163901,0.2346612074565579,1.656520229874492,-2.4903663723357505,user,rest,heavy
1788967881976,0.6461351730346679,-6.045061085730791,-7.830535220226645,3.696087286800231,1.2744707171637726,-2.894815810594644,user,rest,heavy
1788967881992,0.6938695686340332,-5.953033374896645,-7.883506931957602,7.840153874656904,-0.5670355814269944,-2.5893787155349592,user,rest,heavy
1788967882008,0.7077858657836914,-6.056583181220293,-7.5731591262817375,6.766245792776738,-2.841386655812219,-3.0568103953475982,user,rest,heavy
1788967882025,0.6786066061157733,-6.080076285010576,-7.436988322338461,2.99265336125661,-3.1156428700937377,-4.137650905791916,user,rest,heavy
1788967882048,0.673070014776662,-6.038027533832192,-7.343913732799887,-0.4495451219236679,-5.43862777285551,-5.223565606459318,user,rest,heavy
1788967882059,0.6618471579620614,-6.011990590777993,-7.458835412487387,0.0453617842329806,-4.290259529964803,-5.607790641142392,user,rest,heavy
1788967882078,0.7558195731231943,-5.987749298968911,-7.543979209026694,1.2947327935017328,-4.672987899445999,-5.815011750371409,user,rest,heavy
1788967882091,0.797418790435791,-5.96245995941162,-7.547719564598799,1.485971153351214,-5.314665388948479,-5.77533859657739,user,rest,heavy
1788967882111,0.7498340689728036,-6.025757250323891,-7.489960034069418,0.0640859841153635,-7.248202723633055,-4.78331679888286,user,rest,heavy
1788967882125,0.6060323317596689,-6.076634035602211,-7.50223031757772,-0.918113067737762,-7.590404592560803,-5.324113248117898,user,rest,heavy
1788967882141,0.4964976058075204,-6.143970957294106,-7.606377505272627,0.2253996843854322,-5.524183576172735,-6.528997891295876,user,rest,heavy
1788967882159,0.6524200254578143,-6.110751409259438,-7.72519034717977,5.00778285510569,-4.769333267217728,-7.299144835783949,user,rest,heavy
1788967882176,0.7513304815430194,-6.040122460284829,-7.770381488037109,8.991669127207693,-3.8475497198530255,-7.054653091801465,user,rest,heavy
1788967882192,0.7906851713318377,-5.984606909289956,-7.792976766204833,11.751939816106606,-4.018747130738926,-7.573387176243716,user,rest,heavy
1788967882208,0.83512750311587,-5.959766482543945,-7.632265395244955,10.231367244585226,-5.823740305243862,-6.223506154722831,user,rest,heavy
1788967882225,0.698508370883204,-6.0429655747562645,-7.448959330639242,7.795715810143155,-7.809433391317479,-4.283428060134321,user,rest,heavy
1788967882241,0.2988264043061062,-6.259940100207925,-7.261912910461425,1.3069001351778755,-1.7028110899223128,0.5264742895974621,user,rest,heavy
1788967882263,0.0014964125702157,-6.688202922168374,-7.296628250011802,-26.856320891963065,-10.130743190185305,2.91116664313742,user,rest,heavy
