epoch_ms,acc_x,acc_y,acc_z,gyro_x,gyro_y,gyro_z,participant,label,category
1788983529536,-0.6706747628037352,-3.380014193725586,-10.013748443603514,15.47268365892376,-14.487908691938614,-69.28258392153629,user,rest,heavy
1788983529552,0.1369193755545653,-3.563170328466594,-9.533411735534669,34.51539791398646,-49.78697689808296,-80.74413312243792,user,rest,heavy
1788983529568,0.6645416023732948,-3.471741752569377,-8.99501563720703,36.41241806916039,-84.1648284625637,-83.20089069518897,user,rest,heavy
1788983529585,0.7197577508673071,-3.316267990002036,-8.182932946124673,18.27409940738283,-91.05000065539504,-80.56572175112801,user,rest,heavy
1788983529602,0.9314949784536846,-3.637390579931438,-8.70142724315226,5.33198931000457,-54.61088679186367,-75.67298404108108,user,rest,heavy
1788983529618,0.7018013297476805,-3.883095233044028,-7.789385463714599,-11.443482496773306,-37.70903727553352,-66.78112276066749,user,rest,heavy
1788983529635,-0.2603684806939214,-2.946064558300376,-7.504625103759765,-25.003423758827417,-41.2534580773795,-62.53316173845893,user,rest,heavy
1788983529652,-0.472704313494265,-3.6189848624080416,-8.325985910797119,-13.867715562470408,-24.25192024256572,-69.89276570122854,user,rest,heavy
1788983529668,-0.6820473576867953,-3.613148995861411,-8.004564337921142,-8.484368779436045,-13.037718658493276,-86.49134115803179,user,rest,heavy
1788983529685,-1.573139160212036,-3.327640740148723,-7.050474976348877,-23.16627362682324,-15.12845066249158,-114.18844809153968,user,rest,heavy
1788983529702,0.0905316270574927,-3.2196020979732274,-6.968174294281005,-44.26053765193682,-28.082700140459067,-119.81226875977724,user,rest,heavy
1788983529718,1.4329305064542683,-3.116950701794028,-7.527370604053139,-55.85715042858088,-51.03325761027309,-108.89362397524324,user,rest,heavy
1788983529735,3.738247512175608,-3.980210037884116,-8.984241729736327,-50.81033731123679,-90.504507597332,-79.20407572876178,user,rest,heavy
1788983529752,3.2089791067479174,-4.349814919170737,-9.33379517211914,-37.068973418222456,-120.70396361630075,-60.84800380605505,user,rest,heavy
1788983529768,2.333898509558663,-4.119821922191977,-9.377340299335122,-38.0282154305428,-99.44513642841947,-50.05274980397191,user,rest,heavy
1788983529785,0.2142817792363464,-3.9893376394525166,-9.38556978302002,-47.18948327748379,-78.22766603596261,-44.84574142983435,user,rest,heavy
1788983529802,0.3491052602238952,-3.5585312704890963,-9.820267021942138,-44.89017181038528,-67.19268946948495,-37.0561155871099,user,rest,heavy
1788983529818,0.5397435674138367,-3.440467201122641,-10.33576915141642,-30.112473559888656,-59.38196517241434,-19.882979494683305,user,rest,heavy
1788983529834,0.0615017857976257,-3.2972640143245457,-11.685350115203857,-10.58840940703212,-34.78196995200831,-5.205858767922883,user,rest,heavy
1788983529852,0.0392059289678931,-3.005470102471113,-10.378714559173584,14.852540048327038,-43.0578950183539,2.6341151739380733,user,rest,heavy
1788983529868,0.4082121137090027,-2.786401235088706,-10.39951418609619,33.49316448204568,-53.87045671979385,8.515493097710145,user,rest,heavy
1788983529884,-0.192732502990216,-3.5446146810784933,-9.580846855926511,34.79483802840461,-49.45252644008953,5.252460721743057,user,rest,heavy
1788983529901,-0.2784748499445617,-3.497179560686648,-8.763526848712562,25.056412366408377,-39.976137570506246,7.8194276656205,user,rest,heavy
1788983529918,-0.0875374136775732,-3.311629224285483,-8.27286514598429,20.46141284756605,-51.38376242791063,13.571884701591523,user,rest,heavy
1788983529935,-0.8155242098383605,-3.903296309551597,-7.085789450836181,30.277586552884543,-92.39079411022524,12.921321989752505,user,rest,heavy
1788983529952,-1.1734575041621922,-3.835809750255942,-6.621613603973389,41.54622389086834,-120.04781466349432,16.968928804168847,user,rest,heavy
1788983529968,-0.9992793333858252,-3.32629370945394,-6.202778535571694,40.911552467907,-150.1795493568424,27.76262893821581,user,rest,heavy
1788983529985,-1.5794240309014915,-2.967762010845542,-5.594800951495766,37.36084447693002,-163.23224576641186,34.48307745883397,user,rest,heavy
1788983530001,-1.8953093046993017,-3.612251462499797,-5.872827619281411,43.43476095109311,-175.36129569452052,32.04835066125079,user,rest,heavy
1788983530019,-2.2682062132686376,-3.842693080028891,-6.016778994098305,49.95489026863855,-174.62781533993115,25.865562679264983,user,rest,heavy
1788983530035,-2.671928468212485,-3.5514983031123872,-5.867889578357339,45.32710242668558,-151.07209115682298,24.199167276511123,user,rest,heavy
1788983530051,-2.189496833691001,-2.932597466222941,-5.2268426683723925,33.83568480854348,-123.13570220612206,39.234471234196654,user,rest,heavy
1788983530068,-2.238577967724204,-2.833686717876792,-5.01809762660563,24.885992316427387,-107.0467408236718,57.26173785025898,user,rest,heavy
1788983530085,-2.3880665184020997,-2.384325578308105,-4.784663549262285,35.81493361113519,-119.73251947102818,75.42230926835244,user,rest,heavy
1788983530102,-2.894738860210776,-1.4779703200742602,-3.7687732728153462,55.706565247949605,-152.9540814807283,84.39510146024152,user,rest,heavy
1788983530118,-3.291277925652265,-1.1757023604795336,-3.264793823352456,78.7957055484759,-195.64656137848647,88.38115204853676,user,rest,heavy
1788983530135,-4.071189700970053,-0.3306985197871923,-2.094927621680498,95.25448069334732,-241.97816606602757,93.93283225876068,user,rest,heavy
1788983530152,-5.148730085644126,1.115698558154702,-1.020679264289141,92.8625825969547,-264.31550744461055,106.50656848297216,user,rest,heavy
1788983530168,-5.070469618877768,2.138919908142089,-0.5623392839729786,83.1026042730325,-270.7406663968415,138.40968541680638,user,rest,heavy
1788983530185,-4.886564419335127,3.739743869946897,-0.0460889664798975,65.19584951468588,-262.77819578698075,199.1166253259332,user,rest,heavy
1788983530201,-6.956053063854575,5.359121433313191,-0.0550672227054834,47.05616139997972,-252.6352282657284,248.6136948446949,user,rest,heavy
1788983530218,-8.753351491656899,6.594080431012064,0.0688321286857128,26.81780033259148,-234.89004163219843,293.9953021809572,user,rest,heavy
1788983530235,-10.57907931060791,8.640524592291563,0.1725312803521752,9.85583319873417,-229.19194265673696,332.76689832529127,user,rest,heavy
1788983530252,-12.975524365776776,9.591172325509971,-0.969502911542356,11.14987998511114,-233.77426192938515,373.5855294846348,user,rest,heavy
1788983530268,-14.09167066769898,10.376170719909668,-1.493683437512815,32.17543999113721,-235.46003457881432,402.01712081054,user,rest,heavy
1788983530285,-14.955679360851644,11.653626797076312,-1.851766606902424,64.66951513724469,-231.1493109483225,426.37551516452976,user,rest,heavy
1788983530301,-16.327856187328695,11.250952443750204,-1.5415676899116486,115.01381498103318,-223.38696488114311,438.3093856069161,user,rest,heavy
1788983530318,-16.985364987292886,10.931775142669675,-1.12497623571828,144.04908574654078,-204.24757271347343,420.6828530196476,user,rest,heavy
1788983530335,-18.48712797862589,9.53176572189331,0.0995079835869371,160.3891931847724,-174.79070169125765,376.3038628120299,user,rest,heavy
1788983530351,-19.5236670753479,7.774870616149902,1.450286486595869,164.27719640753213,-140.24663747332465,283.0145709768678,user,rest,heavy
1788983530368,-19.068471238276363,6.7363862305790185,2.128744112695008,155.23726345610183,-125.3142183626543,207.66574088360636,user,rest,heavy
1788983530385,-17.25112137157023,4.929810855865478,3.4635108075797554,132.38552687074684,-107.34858737366216,145.07282182009897,user,rest,heavy
1788983530401,-14.918420182037352,3.970483009117842,4.582500808495283,67.71931071487127,-74.2333167678258,85.76735476638878,user,rest,heavy
1788983530418,-13.926920835003257,3.6939527173697946,4.765508036284894,7.966101709178293,-37.158657217119305,60.13461103781472,user,rest,heavy
1788983530435,-12.92868954936564,4.082712380981445,4.16351588329412,-44.991333742182334,13.85184647170753,45.029473518507686,user,rest,heavy
1788983530451,-12.236315772247314,4.4939153470695015,2.98541837130636,-89.9498620857811,75.73590374371524,29.18714002170284,user,rest,heavy
1788983530468,-11.704653366088866,4.568136767578125,2.470515376769006,-99.0365340217018,101.7958279935494,22.161139573469576,user,rest,heavy
1788983530485,-10.586711412921549,4.396503605109453,1.6968894037224351,-88.84988061051806,109.1883671284968,18.622013875777647,user,rest,heavy
1788983530502,-9.844059985461833,4.077475064849853,1.5336352164119482,-54.23563278376859,88.03840632579636,18.943848974374063,user,rest,heavy
1788983530518,-9.746046770477294,3.90045377960205,1.8873780733086167,-24.121224572797523,56.52536149546157,16.361984534143176,user,rest,heavy
1788983530534,-10.149619387817385,3.908833485412597,2.654121593365073,3.033827022233917,21.48981394032736,10.798803992904253,user,rest,heavy
1788983530551,-10.488099647521972,3.993378731536865,3.079242025646568,31.703979353487917,-28.78832186097121,-0.2132915599157847,user,rest,heavy
1788983530568,-10.543915058246254,3.825187233954668,3.1381994607236234,47.81408700160853,-64.06126630108754,-10.587375487146508,user,rest,heavy
1788983530585,-10.643422895702718,3.1384985167354342,3.195659569915011,56.1677327905197,-89.2181097690518,-22.914803137056293,user,rest,heavy
1788983530601,-11.489175216674804,3.3521815994262694,3.53653476193212,48.4133336484396,-100.33084120904088,-45.93731152713452,user,rest,heavy
1788983530618,-11.56219895183146,3.5528467951118943,3.46515784413442,31.754659357129405,-92.71412843534448,-66.09615040956359,user,rest,heavy
1788983530635,-11.349564501410722,3.847632874518633,2.8432633783869443,14.522093788734528,-74.87077832306308,-81.25022281917919,user,rest,heavy
1788983530651,-11.119120838055014,4.186560293468832,2.462434653905034,-2.33795262199762,-52.13365914217009,-94.02775139765636,user,rest,heavy
1788983530668,-11.16027293265462,4.809802082172036,2.2119417436026034,-23.5470225221056,-24.997513937648066,-110.49298107129344,user,rest,heavy
1788983530685,-11.498902245441078,6.264578281402588,2.208649862450361,-37.27669996145005,-3.898104218768521,-123.77842300702024,user,rest,heavy
1788983530701,-11.534665048217771,6.571036093902587,2.2200220280751584,-45.98254787000752,7.264438083290176,-138.44027100390971,user,rest,heavy
1788983530718,-11.222370784649252,7.0365580946773285,2.2942430101923645,-51.74065005732755,18.09279374341213,-153.86574781038493,user,rest,heavy
1788983530735,-11.47256719622314,7.625981784930825,2.8428149039670823,-56.49258000254009,21.553648888310303,-168.9651104047487,user,rest,heavy
1788983530751,-11.293448061913251,8.019826204460859,2.911496810527145,-60.09785095970172,24.61936905198677,-183.13532138518065,user,rest,heavy
1788983530768,-10.45772262943685,8.111255364879966,3.3104319773249324,-64.97114995137079,30.102317068592846,-192.90236895489383,user,rest,heavy
1788983530785,-9.995494409510492,7.917326199451089,3.6958990291319775,-68.52603801811982,25.816489477625737,-203.56030541880844,user,rest,heavy
1788983530801,-9.69202701099813,7.755417143139242,3.908383403557538,-74.74261665347696,15.108494557284097,-212.43481118854103,user,rest,heavy
1788983530818,-8.179342228156328,8.247875081634522,3.911675576970726,-80.56423960007812,-5.429410005683754,-208.89554376442385,user,rest,heavy
1788983530835,-6.531531766510009,8.353369592285155,2.4262236689694223,-72.01784928788378,-11.197469328153202,-194.8433857736064,user,rest,heavy
1788983530851,-5.183147903552651,8.608352069091797,1.41751643589437,-49.77615446334307,-22.57318781062352,-168.47104184094667,user,rest,heavy
1788983530868,-4.00879374281168,7.409904792840778,0.2425622634336352,-5.506892525402025,-35.6289099939953,-135.1248561996505,user,rest,heavy
1788983530885,-5.060444483947753,6.428431311389058,1.1742053999200464,18.96201044737713,-30.36279657787504,-121.07306703904824,user,rest,heavy
1788983530901,-5.179705069622397,6.498910403564199,1.6856661450490356,30.10972782384231,-10.921678242299135,-111.54003541067804,user,rest,heavy
1788983530918,-4.629937097930908,5.961711333001404,2.433705110765993,28.252672813049426,13.49619510653038,-99.02473145481602,user,rest,heavy
1788983530935,-4.536714039832353,5.5540989387512205,2.689136646514386,14.501879843885876,38.388695739463145,-87.46904858677327,user,rest,heavy
1788983530951,-4.29609735750854,5.347150498077646,2.901621751592308,7.154802874940892,53.17971285884129,-77.59416599044393,user,rest,heavy
1788983530968,-3.747974230414629,5.158008055468648,3.6071629071891302,-0.0954571897155776,50.34246252290176,-57.67730021974089,user,rest,heavy
1788983530985,-3.965694605797529,4.904372216631145,4.031834280528873,-1.640613252906061,37.47295178687202,-40.82962093371811,user,rest,heavy
1788983531001,-4.553470528843999,5.121197240905542,4.145110238835961,3.161850807376166,28.76075521748104,-20.348031707343843,user,rest,heavy
1788983531018,-4.295347415924072,5.809979122449411,3.41772184695974,5.349843851381806,24.423096735997284,9.267953694229297,user,rest,heavy
1788983531035,-3.956867156219482,5.507561484151729,3.0994420792408284,4.99189028556754,5.313019313358505,29.66652709388394,user,rest,heavy
1788983531051,-4.364780433112383,5.629965368254204,3.377320424596965,4.981315872071891,-12.54197669834458,50.26630591365611,user,rest,heavy
1788983531068,-5.693409794285893,7.468262764187343,3.6792879399403926,5.0890373467931,-23.974351599980157,82.53910683631727,user,rest,heavy
1788983531085,-6.113145026397705,8.548197752380371,3.1399940159901973,12.194533513002494,-34.06536016466891,112.46967879823016,user,rest,heavy
1788983531101,-6.417058415111899,8.295160418292134,2.849996778295189,26.46433633549603,-35.95830611200292,149.28107895266226,user,rest,heavy
1788983531118,-7.811230800297856,7.712321659386903,2.798670934075117,41.92765922016229,-20.621160726968892,191.58195678454692,user,rest,heavy
1788983531134,-9.234286165618895,6.796988875579833,3.255364316228032,39.33316746770334,-9.103134399367717,205.93062694761295,user,rest,heavy
1788983531151,-9.62738298165202,6.137834938757122,3.5154344715625045,25.57924627189993,1.426300379606161,211.55302010631405,user,rest,heavy
1788983531168,-10.11849593527913,5.362563098199665,3.879503492162376,-2.34594735842112,15.827138033448865,208.659847596545,user,rest,heavy
1788983531184,-11.119870779639482,4.802320201984047,3.5160340448908505,-22.891672701432046,25.92311214566422,194.52825450568037,user,rest,heavy
1788983531201,-11.749544062694907,4.586541900579631,3.150917414934188,-36.34432108313536,35.51648166516231,170.21717970226044,user,rest,heavy
1788983531218,-12.451795090705156,4.527884836688638,2.2584788922414183,-42.44139872877397,46.9464719770039,143.23365678228964,user,rest,heavy
1788983531234,-12.192024210578202,4.656423538318276,1.5869057649590077,-39.65124937735083,59.12961700333905,112.523104537918,user,rest,heavy
1788983531251,-11.801617948803305,4.608538920593261,1.478118642503768,-36.13833965324071,62.98700731823877,96.6562950582224,user,rest,heavy
1788983531268,-11.506533763232827,4.701314234924316,1.7462701052241023,-36.16028846613854,62.42575018357131,84.97758682284937,user,rest,heavy
1788983531284,-11.53062600196004,5.200506450110674,1.8192926713369784,-40.64431790153567,61.8372405941155,74.7693500138884,user,rest,heavy
1788983531301,-11.4721159453243,5.211428826141357,1.707662872801721,-42.67386080208077,55.99553347625992,67.40375597521668,user,rest,heavy
1788983531318,-11.509375708660484,5.213672805675864,1.522262320134789,-42.9171111591816,46.84711321514773,61.474639511457866,user,rest,heavy
1788983531334,-11.575815389251709,5.35014288482666,1.4161698435910046,-43.831721300370496,32.52089729897812,56.001970929552655,user,rest,heavy
1788983531351,-11.55636133171916,5.339667083519696,1.2993017060108485,-44.60936907322771,22.459757151529825,52.94087480394429,user,rest,heavy
1788983531368,-11.464484427532552,4.920532739910483,0.8845067067801952,-44.84427976935197,12.75579577031183,47.72655471230023,user,rest,heavy
1788983531384,-11.783363914710282,4.5046910081058735,0.430805199919641,-44.440752193187606,10.05038942969469,35.11363369282037,user,rest,heavy
1788983531401,-11.851896768188476,4.385429253387451,0.1894393066637218,-43.735231217965726,15.948017013832455,22.01074905322965,user,rest,heavy
1788983531418,-10.902596978980302,3.4931408066898584,-0.378733213507384,-40.9709307174565,22.77460667415261,7.826055510436351,user,rest,heavy
1788983531434,-10.590303299933671,2.2882588212162256,-0.3734966280281543,-36.63433774548328,26.199333533436,-19.615789324541577,user,rest,heavy
1788983531451,-10.433630975231528,2.122609409332276,-0.2699472600959241,-35.00277630749648,30.312997668636477,-44.94199245561816,user,rest,heavy
1788983531468,-9.705496148902178,2.7828111016422508,0.1680420061089098,-38.61433445378911,32.37888059066063,-63.29174303824806,user,rest,heavy
1788983531484,-9.592967501831057,2.9480104316711424,0.6759120332695543,-49.64553392565575,28.63482531220622,-84.02875060372953,user,rest,heavy
1788983531501,-10.248231737738848,2.8570313531070948,0.8304875318229198,-58.62658040115678,27.89901586310992,-111.720939801035,user,rest,heavy
1788983531518,-10.36869000876546,2.993201572528481,0.611418079918623,-65.93428175642346,26.546525709326087,-143.63279937700685,user,rest,heavy
1788983531534,-8.9374063288033,3.471593284009397,-0.0243910755433142,-71.6072661263068,19.46035812469418,-156.9307815400498,user,rest,heavy
1788983531551,-8.07594089039266,3.573345977783203,-0.4909618547186255,-69.3165846032246,18.81552167270057,-139.38070609035043,user,rest,heavy
1788983531568,-6.629243368199467,3.689015845489502,-1.4890446717962622,-62.47311071527618,22.59183764215224,-102.79424455585436,user,rest,heavy
1788983531584,-6.779481275939941,3.2860420708253977,-1.919103291132301,-52.809373171854034,30.739768378546383,-67.31989491258727,user,rest,heavy
1788983531601,-8.081777341461182,1.6298533646732567,-3.120992378400266,-31.72634139283053,42.48387567522228,-49.91922302079274,user,rest,heavy
1788983531618,-10.830171209716797,0.4020768258243799,-3.2230453702948987,-14.571416292278483,51.09425461465589,-60.41419800130002,user,rest,heavy
1788983531634,-11.003001473015546,0.4939540222719311,-2.513014063671976,-1.2832238180285551,43.91031287205525,-72.28665138266963,user,rest,heavy
1788983531651,-10.111012886047362,0.838269856262207,-1.073650391498208,14.219622276435098,16.555306208411217,-64.10805309690213,user,rest,heavy
1788983531668,-10.109666147613526,0.1201592880800366,-2.009633603015542,31.95082580518676,1.8796400985005943,-53.01940490392651,user,rest,heavy
1788983531684,-10.556333810314536,-0.1376665954589843,-2.547581080792844,53.25662078889564,-2.2506762513397853,-48.93131128943127,user,rest,heavy
1788983531701,-11.373804624176024,0.1319803665161132,-2.510920306263119,75.80398023917276,1.9500610563907184,-53.78833735540279,user,rest,heavy
1788983531717,-11.586439659118652,0.5600938431337475,-2.008436940576881,87.40246107255481,6.369326424634372,-61.64557182562661,user,rest,heavy
1788983531734,-11.467926676940918,0.6860885593689978,-1.7732070658579469,97.65641233763068,11.395036818764051,-66.73430181390705,user,rest,heavy
1788983531751,-11.16610763015747,0.7157169510439038,-1.4987708968449382,116.83401941370656,5.073680947104796,-74.76575733438497,user,rest,heavy
1788983531767,-10.82059557211995,0.9121912709109484,-0.6919247181765735,132.5822636395999,-10.253164939547675,-80.62584790639164,user,rest,heavy
1788983531784,-10.782137538909913,1.1670239639833568,-0.2986772416263819,144.68053673530846,-22.737846596039603,-85.1106662286379,user,rest,heavy
1788983531801,-10.676193530926108,1.4842553916931152,0.324862507110089,149.9120381678097,-31.07732657261217,-90.397041400931,user,rest,heavy
1788983531817,-10.95526941550374,1.4333788986757396,0.8821130896419286,144.14477669681267,-30.598260519322057,-97.11445731755768,user,rest,heavy
1788983531834,-11.209053622436524,1.3816040685791522,1.2336115286126732,131.34859487171218,-26.034816474445197,-108.2591813636191,user,rest,heavy
1788983531851,-12.03565057656169,1.5052047292847186,2.309954154869541,108.23436728636445,-18.933619058544675,-128.73847906152685,user,rest,heavy
1788983531867,-11.939883679199218,1.542015287548676,2.9236181140188124,88.15556456062959,-16.477798929257204,-145.25916304103526,user,rest,heavy
1788983531884,-11.628037743920087,1.4549263300246558,2.9385824589166787,65.68243902134675,-12.21175156612645,-155.40673410978818,user,rest,heavy
1788983531901,-10.913070442199706,1.3136685234069825,2.564637721794844,34.18359073920183,-1.7553826290770778,-160.05719134959642,user,rest,heavy
1788983531917,-10.49513261489868,1.2581529724121092,2.004095404241234,14.572575716890093,7.984738734102319,-161.8578341204869,user,rest,heavy
1788983531934,-9.84989468296468,1.558475643157959,1.772456832012534,2.0258537446196456,9.5898255050925,-152.8844545323292,user,rest,heavy
1788983531951,-8.779687125396729,2.375946018628031,1.686115788512677,-4.943145786782098,-8.287104378469614,-117.8137827293882,user,rest,heavy
1788983531968,-9.13492679672241,3.499873914337158,1.5521903523433953,-6.289201475480953,-20.34835614132942,-81.48758555321547,user,rest,heavy
1788983531984,-9.67137877524495,3.5895061083368955,1.1216826740656047,-3.715552899047944,-13.515304268280785,-49.59189303500905,user,rest,heavy
1788983532001,-10.348188488006592,2.5785550418578085,-0.0344175256475806,6.942962423398831,14.48648630504396,-26.008137755547125,user,rest,heavy
1788983532018,-9.47460415725708,1.054645831298828,-0.2911962382212281,18.54596825710602,24.73085139961972,-19.313259755634203,user,rest,heavy
1788983532034,-8.722227454596757,0.4748001167297363,-0.0184060097843408,32.8841028533773,15.71614233679428,-13.354963016193796,user,rest,heavy
1788983532051,-7.072472288623452,0.1165672549374401,0.8291413048457353,54.96082811889469,-6.591057416981434,0.2414767490724522,user,rest,heavy
1788983532067,-6.586449936133623,0.2693471022456884,1.0857695030327883,75.25838472827213,-15.287995343766616,14.31958294871188,user,rest,heavy
1788983532084,-6.77364657843709,0.3200742499202489,0.9563326104544102,96.9570829288914,-13.751299256935772,26.370873734440867,user,rest,heavy
1788983532101,-6.548889728546143,0.0080802844725549,1.8798967776425184,121.55496420574931,-28.57692579861202,37.36251445818209,user,rest,heavy
1788983532117,-6.8785413696289055,-0.030526363427937,3.317913126860559,122.74466021576048,-44.32351199608434,43.845422659845546,user,rest,heavy
1788983532134,-7.400927413398027,0.0050872401364147,3.837305249510705,109.68810474930996,-46.77701839879048,46.08039374496253,user,rest,heavy
1788983532151,-7.647379377746581,0.611568886566162,4.910805711144208,82.9394720348959,-45.8956337128191,50.492771080871634,user,rest,heavy
1788983532167,-6.807015179553628,1.2993030211851,5.290137036675215,36.47031075256542,-45.61722154187104,75.15508494726487,user,rest,heavy
1788983532184,-6.58914049039185,1.7368433015134184,5.026923761009424,4.472934646864086,-47.21486426043956,105.26071465760516,user,rest,heavy
1788983532201,-7.366359373363852,2.258779482623189,4.2025709325492375,-20.073208800804625,-51.511524531430304,130.47790967707564,user,rest,heavy
1788983532217,-9.1033532623291,2.645891653022449,2.923169128142297,-40.37291008958145,-51.42999256330786,143.9947311011258,user,rest,heavy
1788983532234,-9.890748086878656,2.7118819687112468,2.235435578045249,-46.1882492621462,-46.066938272297605,137.5845439235555,user,rest,heavy
1788983532251,-10.69340185535848,3.122188383251801,1.3409016905084252,-46.67022497602274,-37.62006381631035,124.0988135206072,user,rest,heavy
1788983532267,-10.822239832195638,3.510647529546916,1.0220242491573095,-43.023030317735575,-23.655318586490736,103.0502263855681,user,rest,heavy
1788983532284,-10.750113922661544,3.654449193694815,0.916978651317954,-35.8184374981794,-12.071958938157444,87.28173747897483,user,rest,heavy
1788983532301,-10.309134242469073,3.498976015649363,0.9235624136224388,-23.194405468467227,-2.2051856973636195,70.13770994524354,user,rest,heavy
1788983532318,-9.267206438446044,3.002927213055268,1.3932742673024534,-0.0185683028156094,0.3081588987635082,52.12696555678348,user,rest,heavy
1788983532335,-8.570494924384356,2.7225065628051754,1.8379983947202565,14.610063210149708,-4.051322864211655,43.50624229585188,user,rest,heavy
1788983532351,-7.830987640169263,2.653224352264404,2.8749864042535425,20.197434573881523,-11.892738189430895,36.79945415357375,user,rest,heavy
1788983532368,-7.520937356135248,3.003525836535543,3.6987411206901073,13.865222543423354,-14.359318427982076,36.52296809597164,user,rest,heavy
1788983532385,-7.253982117462158,3.146130326788127,3.8265310497790574,1.7299488188769487,-13.73272284994063,41.05200164780997,user,rest,heavy
1788983532402,-7.129184355926514,3.263745483343303,3.597286533080041,-15.103455585223918,-4.269158087410871,51.11389823870884,user,rest,heavy
1788983532418,-7.464521056908368,3.482365876305848,3.2677839450791475,-25.933314740736925,7.814618358671165,59.05254514874462,user,rest,heavy
1788983532435,-7.704092029571533,3.6013279174253343,3.1630384992301463,-36.77320232149881,21.939984878333732,65.49804440432392,user,rest,heavy
1788983532452,-8.000972450909018,3.763385296166688,2.956388676176965,-46.39927478674292,34.57137472932931,70.31700924114554,user,rest,heavy
1788983532468,-8.292018174743651,3.715501555224508,2.577357502636313,-54.27895325857939,48.010376393070935,76.06053580477678,user,rest,heavy
1788983532485,-8.36968009109497,3.8181528052732343,2.46482944008708,-56.034933422487136,57.150176955450576,81.01189702846993,user,rest,heavy
1788983532501,-8.298003678894043,3.5737945983335373,2.0769687711417677,-52.93032216167662,60.36559437516621,84.536937168546,user,rest,heavy
1788983532518,-8.539219496154784,3.232620861761272,1.8700196728810667,-41.76406252916214,59.32899022521172,87.00348923256685,user,rest,heavy
1788983532535,-8.826074198040367,3.267636061041057,1.8936629987969995,-31.03841498491061,56.07181985909979,85.84307424352754,user,rest,heavy
1788983532551,-8.826074198040367,3.041234366552532,1.903688864379376,-20.078659291762293,47.5548915678903,82.61830970993273,user,rest,heavy
1788983532568,-8.808716236004233,2.687491071264445,1.9400505098320544,-6.8399956141135965,33.91785198425873,78.56201745621307,user,rest,heavy
1788983532585,-9.016115708380935,2.6982658555179837,2.009632580102235,1.5429406940012325,28.340080451405367,75.93677960720531,user,rest,heavy
1788983532602,-9.37853681564331,3.039588645172119,2.022201700426638,7.79243475802061,28.45688351640176,72.03006849630893,user,rest,heavy
1788983532618,-9.398587670025227,2.7892443495601413,2.035219441301376,13.080654935163269,26.746843204851512,66.22386128666449,user,rest,heavy
1788983532635,-9.437045118713378,2.708889540863037,2.102107742442936,12.987057437871998,28.57518410037367,63.23931450617904,user,rest,heavy
1788983532652,-9.566930558776855,2.814683326721191,2.142210912511497,10.964910778424375,29.889860619365017,59.04228620461127,user,rest,heavy
1788983532668,-9.801711959075927,2.893392706298828,2.0546724759206176,10.591015977974124,28.30246147700423,53.51224744877253,user,rest,heavy
1788983532685,-9.966613182941078,3.031208939361572,2.0588629133477805,12.213716099286476,30.813817874433077,51.425839808292494,user,rest,heavy
1788983532702,-10.09365609305501,3.3812118790775534,2.1309885306209324,13.610012525085828,30.27053779766109,49.264832841697576,user,rest,heavy
1788983532718,-10.296862789916991,3.5633202583312986,2.309056694573164,15.544322098033438,25.68536692103441,46.41309567452844,user,rest,heavy
1788983532735,-10.409541074591877,3.701137075915932,2.3309043692439797,17.41337092100887,25.776111106799917,45.537120498379714,user,rest,heavy
1788983532752,-10.427495833477376,3.72223480900228,2.311899955175072,18.626301527029124,26.679301171696547,44.39152360474474,user,rest,heavy
1788983532768,-10.308833798217773,3.271377293395996,2.351703703905642,19.94400552737008,22.47215906751528,38.78719629639837,user,rest,heavy
1788983532785,-10.423156927490234,3.169174810028076,2.456748571092635,19.81795950887937,15.796159710468272,30.604807255641514,user,rest,heavy
1788983532801,-11.217883994624016,3.755456110602617,2.782361165917665,17.50350892748553,7.855382635185093,19.545602300630527,user,rest,heavy
1788983532818,-11.7859077539742,4.848707859149575,3.1305677237361667,13.124831744941265,-1.194452703159546,6.97327651048264,user,rest,heavy
1788983532835,-11.799523606872558,5.119700975036621,3.20822934782654,10.268981950118132,-5.639368313222653,5.545236780515653,user,rest,heavy
1788983532852,-11.56848373118937,4.925321727752685,3.061285293999686,8.258932409464249,-7.071886085964231,10.105624315738938,user,rest,heavy
1788983532868,-11.533017865532637,3.9053906514823433,2.7572208063770085,5.960541310356401,-5.796548041497572,13.020740515763915,user,rest,heavy
1788983532885,-11.65138237915039,3.317914003643393,2.573467071069032,3.6078587450834143,-4.748384223259653,5.466472319667536,user,rest,heavy
1788983532902,-11.65676933288574,2.367416529083252,2.360232097471878,1.000140758183559,-3.863087973327981,-9.57050631502512,user,rest,heavy
1788983532918,-11.601253781890868,2.035070242089033,2.1184185335136947,-0.928306164578654,-2.362151768783564,-37.923146630540494,user,rest,heavy
1788983532935,-11.395054332953691,2.1242560074955223,1.9348128283742811,0.2691730594351481,-4.244750406411831,-60.54772136938461,user,rest,heavy
1788983532952,-10.552144541931153,2.4934113914489746,1.4811121982965618,5.080676768362181,-9.010152472875394,-78.12771304764864,user,rest,heavy
1788983532968,-10.123133531951904,2.7623101654052733,1.2906231633841991,12.906859917958649,-15.84447646865694,-90.07111160392716,user,rest,heavy
1788983532985,-9.558699321526287,3.3241984907403586,1.0010743270438165,25.82829375205881,-25.809973477157545,-100.47871480457164,user,rest,heavy
1788983533001,-9.252691006359456,3.853018074688315,0.7142185291796922,36.78366275621268,-32.49033561753689,-104.74582767721292,user,rest,heavy
1788983533018,-9.074174514117836,4.054430873870849,0.6416448758780956,47.74476741172207,-37.09723674100797,-105.29749522628568,user,rest,heavy
1788983533035,-8.511536539459229,4.263175331115723,0.5856801928762346,60.43839053134021,-43.458871518863255,-101.10201737765952,user,rest,heavy
1788983533052,-8.167669910541177,4.324227181188762,0.74893518390432,67.60615497089167,-48.152888290103256,-94.50771562082232,user,rest,heavy
1788983533068,-8.078337430140376,4.49152260671407,0.8788203317068517,71.50227928857453,-49.611973791168886,-85.09042837812716,user,rest,heavy
1788983533085,-7.8531304983943695,4.5311756949275726,1.1321566487416623,71.27434904578205,-56.31332510286769,-71.9609469819084,user,rest,heavy
1788983533101,-7.993939483532309,4.575468425640463,1.546353682079166,66.65613029885625,-64.03334448776053,-63.49372539238367,user,rest,heavy
1788983533118,-8.214358011958003,4.757129061126709,1.672348982836306,60.74553047793734,-69.93986668574495,-54.98093961090579,user,rest,heavy
1788983533135,-8.82293180836141,5.176562679943442,1.672348982836306,51.59532753745177,-73.4826516572847,-41.649711502077785,user,rest,heavy
1788983533152,-9.298480697631836,5.536141841778159,1.4317312775991855,45.37166941101992,-71.80226119692149,-29.438593435996857,user,rest,heavy
1788983533168,-9.51755073405802,5.502174397985637,1.2313675490781664,40.72504390733605,-67.91331540805632,-19.346876239181714,user,rest,heavy
1788983533185,-9.807996153911947,5.003431972393393,0.8340794188350439,37.72463742759783,-61.3446200304175,-10.48050949361884,user,rest,heavy
1788983533202,-10.033049940922856,4.394256995226443,0.7407052618280052,34.86193097662165,-53.50650667477514,-7.240735619322939,user,rest,heavy
1788983533218,-10.134804680523276,4.125208875927329,0.8081918211236596,28.92542083308629,-45.18824126576464,-9.306424734729392,user,rest,heavy
1788983533235,-10.454580824279784,3.69664677875936,1.0015233129203318,16.800620990188687,-32.8905027406296,-19.022780347970023,user,rest,heavy
1788983533251,-10.542717957416176,3.5175308593198653,1.1631319249808787,6.467580403392298,-22.605426303505983,-30.160803978455665,user,rest,heavy
1788983533268,-10.458172711291908,3.416076563970744,1.218348493029177,-4.242614691635733,-15.479211612223,-43.79257748623716,user,rest,heavy
1788983533285,-10.116550061908365,3.4480990111753345,1.2792512900203463,-16.891435185393178,-11.520717422134163,-60.34886041169968,user,rest,heavy
1788983533301,-9.641899582782386,3.8295252631589767,1.28658324034363,-23.869463799990854,-10.30479263193651,-68.78270286675055,user,rest,heavy
1788983533318,-9.389311307635904,4.020911758367717,1.2594988340631126,-29.46748513618601,-9.983351122991015,-74.00293448712127,user,rest,heavy
1788983533335,-8.989329992786049,4.377348530523479,1.152508239635825,-35.868714520659864,-10.475917898949302,-77.33703668894962,user,rest,heavy
1788983533351,-8.70905759190023,4.600607543072104,1.040279744555056,-40.257442326567805,-10.893437971402072,-78.16871467323622,user,rest,heavy
1788983533368,-8.56211404953003,4.711938358660787,0.9828191969722508,-44.843176693801006,-9.416793761527629,-77.73546894399315,user,rest,heavy
1788983533385,-8.234109006610511,4.946569902160391,0.9118906805291772,-51.87499646320712,-3.085807750025476,-73.79838398185773,user,rest,heavy
1788983533401,-7.679251018303632,5.015103778551891,0.7869432813897729,-56.570874460995945,4.217797626173315,-67.29100321239811,user,rest,heavy
1788983533418,-7.314734984588623,4.990563284600526,0.7184086743459105,-60.24558795144909,11.526787752759011,-57.5735496462484,user,rest,heavy
1788983533435,-6.643311641040444,4.765957350954972,0.5358507977589965,-60.4759292510186,19.759909731123432,-40.93480584693631,user,rest,heavy
1788983533451,-6.268467690056562,4.54823471054975,0.4445715672045945,-57.52853869961802,25.26384179640708,-27.300319046507035,user,rest,heavy
1788983533468,-6.163274208179116,4.457255157061666,0.4764446690663695,-52.32367841997443,29.63876920509701,-12.980268229837009,user,rest,heavy
1788983533485,-6.090998661041259,4.278587876438815,0.7056894780263304,-45.2230513248696,30.64848973047833,3.886082232055652,user,rest,heavy
1788983533502,-6.0419163579642765,4.095132028098869,1.266531509178877,-40.31091587757984,25.30666025231389,15.450637515830252,user,rest,heavy
1788983533518,-6.05209288406372,4.049193338543549,1.660826887346804,-38.08800007634792,12.30226523300746,26.00515637797441,user,rest,heavy
1788983533535,-6.028450142669677,4.193593589639105,2.9569869343310597,-45.4633271345869,-6.648380633364413,47.438283163285256,user,rest,heavy
1788983533551,-5.852776180377602,5.426457843548432,3.638587388500571,-57.71757784527646,-0.3634179305936881,78.98832371325942,user,rest,heavy
1788983533568,-5.744587608337402,5.600935289532319,3.492241227501631,-67.91628654034527,6.250188288715486,108.9022231834083,user,rest,heavy
1788983533585,-5.238811923107504,5.449501961462199,2.432357495549321,-73.59527464650905,16.53973508465088,144.59537793673672,user,rest,heavy
1788983533601,-6.37800358505249,4.634575863647461,2.4371461911305783,-75.06349211049499,14.149633328009978,155.57067231024683,user,rest,heavy
1788983533618,-7.123052136781811,4.884471246448159,2.5408462195798758,-84.89538549618827,19.90523225099921,153.8007244094864,user,rest,heavy
1788983533635,-8.29216898139119,5.659444250189512,2.9348420302793383,-116.80049684526011,37.9850520500829,149.00034451739637,user,rest,heavy
1788983533651,-7.993640792846679,5.8957212958738205,2.675519478441774,-141.88160717570727,55.30917118165993,149.5006558740998,user,rest,heavy
1788983533668,-7.732970918053388,5.812073583111166,2.277483014049381,-160.61573689916338,70.60326246926077,155.45596611332564,user,rest,heavy
1788983533684,-7.9295958984374995,6.2310594581604,1.610399307140708,-173.70049421669688,86.91593986778562,161.96247261857147,user,rest,heavy
1788983533701,-8.937703265923261,7.503726985876262,1.4651006093680858,-188.15408974579265,99.969155371732,166.7343569614442,user,rest,heavy
1788983533718,-9.524133619579672,8.156147230529784,1.4405601884819563,-197.56576257299005,99.88676962996333,168.97508248093692,user,rest,heavy
1788983533735,-10.63070253033936,9.355941537475584,1.2964584454089405,-205.1196922478357,94.28318681223648,172.3900404621599,user,rest,heavy
1788983533751,-12.001384734344482,10.143484830585122,0.0233425894036889,-210.7442847274495,96.40441134201066,181.77014415501355,user,rest,heavy
1788983533768,-12.081440267834068,9.648034432275592,0.0106226624317467,-210.21706242541623,84.02577264125141,187.77938556792571,user,rest,heavy
1788983533785,-11.972803952026366,7.414244283349811,-0.9437655359566212,-206.565465710209,75.47216964929353,189.06546920750412,user,rest,heavy
1788983533802,-12.33372985229492,5.327548191180825,-1.3917797909609972,-203.50760367917263,73.09292789343296,173.3539440785888,user,rest,heavy
1788983533818,-12.623727528381346,4.5889369790226215,-1.6208754007086157,-201.59545123989253,84.59677645586449,143.40986200249762,user,rest,heavy
1788983533835,-12.97986502532959,3.3657992058902977,-1.9993097773998971,-197.29907100665773,98.60994772689948,101.1004874152854,user,rest,heavy
1788983533851,-12.695403356060384,3.191620450592041,-2.091934577344358,-184.9786801591404,112.26449991556296,38.85881082984595,user,rest,heavy
1788983533868,-12.24409751216471,3.522619999152422,-1.973271957562864,-172.4649539769766,111.81472512852844,0.8367117269831963,user,rest,heavy
1788983533885,-11.068245806342365,4.7402211809456345,-1.5158298028692605,-159.8591295240444,103.66230012766044,-23.605391611205235,user,rest,heavy
1788983533902,-10.167875175476071,5.612009860450029,-1.1974001052856444,-144.01698385744172,84.33203149344561,-37.89386902466323,user,rest,heavy
1788983533918,-9.60793067768514,5.78723520219177,-1.171063302502036,-132.6327797187013,65.572049503981,-35.88193776689301,user,rest,heavy
1788983533935,-8.526350077709555,5.79366961915344,-1.1544541130065915,-121.5549232246143,47.65572223551261,-22.672416798885465,user,rest,heavy
1788983533952,-7.585279187664389,5.393837941907346,-1.3250415658146142,-107.6967016250902,33.21936268878738,1.8997093287162077,user,rest,heavy
1788983533968,-7.353191848754882,4.931607091632485,-1.4710881593450904,-96.07025116705697,28.221697905163413,17.043476903864953,user,rest,heavy
1788983533985,-7.429206582421064,3.963152812360227,-1.6802806526184082,-83.15526503153329,28.362358820930652,26.21968237452076,user,rest,heavy
1788983534001,-7.872882077568769,3.475782552392781,-1.2645882661566137,-67.63799731280227,36.19414229875971,29.208009664711813,user,rest,heavy
1788983534018,-8.066964387732744,3.385252971161902,-0.9380784302309156,-59.38014834209511,43.00474931642204,26.35992664874863,user,rest,heavy
1788983534035,-8.333766481670736,3.451242277637124,-0.1174669802561402,-52.63792517840296,48.16967689508314,23.425576636020896,user,rest,heavy
1788983534052,-8.630797709655761,3.607464228223264,0.5383958060666918,-40.7829980624436,54.94881723123922,21.043326181830924,user,rest,heavy
1788983534068,-8.504802262768148,3.573646129773557,1.0119994064882396,-34.8159774638858,55.26352844253132,23.40570932327262,user,rest,heavy
1788983534085,-8.150010335209965,3.6460704377323383,2.1872522696346044,-35.73223368066467,54.88566871726787,29.59042854124624,user,rest,heavy
1788983534101,-8.097787396019697,3.7937627526432274,2.5911244544431566,-40.994976398429536,52.09617847909964,37.48915641067788,user,rest,heavy
1788983534118,-8.240242394798994,3.973776789966225,2.7895427479848265,-42.04518970030528,43.93869913824582,44.77150751884006,user,rest,heavy
1788983534135,-8.773252123913169,3.716699094446003,2.537105571746826,-32.277612790931435,38.06592832004503,45.0468051235266,user,rest,heavy
1788983534152,-9.075520083507897,3.5859164132818577,2.449118660736084,-15.19309157279658,34.48933049701911,40.00675047836624,user,rest,heavy
1788983534168,-9.510068853870033,3.5854677927315235,2.6765678184509274,9.334828930166536,31.96713971201933,30.529326835123705,user,rest,heavy
1788983534184,-9.265110342949628,3.502867250934243,3.339910439135134,24.83412385987031,24.73534054145171,23.15426956935694,user,rest,heavy
1788983534202,-9.063550828772785,3.53010187934041,3.698592652130127,35.92833182683032,16.678165943654115,18.566516881224,user,rest,heavy
1788983534218,-8.884882945361733,3.774460086280107,4.331110949353128,42.57334090806569,6.778053055417574,13.147010222949945,user,rest,heavy
1788983534235,-9.000702450671792,4.069994938227534,4.786308247729391,41.12733180416604,0.9018215724634006,9.152659247265833,user,rest,heavy
1788983534252,-9.101406804436444,4.246416504016518,4.912751292254031,34.627966261697445,-2.018439147388774,6.1112233942965215,user,rest,heavy
1788983534268,-9.306260683983565,4.469675808826088,5.087677797179669,22.04070114028745,-5.171190435243191,2.7809936962841437,user,rest,heavy
1788983534285,-9.656414430347084,4.566342285376787,5.074809986169636,12.206029575149271,-4.128958636299428,0.3191244473108463,user,rest,heavy
1788983534302,-9.727791567340493,4.511126009589433,5.036352683611959,1.8419248611208416,-4.093954770576759,-5.004194017583671,user,rest,heavy
1788983534318,-9.771483409550786,4.462342397198081,4.881327249334007,-12.606739698280997,-1.834400980863249,-13.067916632361197,user,rest,heavy
1788983534335,-9.651326751819251,4.445884598872065,4.68949315648824,-23.70677552415032,0.0524908842256206,-20.14768859860903,user,rest,heavy
1788983534351,-9.632172554016112,4.448277631488442,4.599859939575195,-35.84379116037849,3.834110468887379,-27.66957785605814,user,rest,heavy
1788983534368,-9.680056587219235,4.623503850013018,4.404432936803996,-53.19152908610542,11.12210331330399,-38.36463981320636,user,rest,heavy
1788983534385,-9.407716732898354,4.654928039063513,4.230553602843732,-66.09886199466409,14.225952154248407,-45.44797628442729,user,rest,heavy
1788983534402,-9.246255420354007,4.668843167169392,4.179078413280845,-77.72568128291252,14.24658103308914,-53.02253313056637,user,rest,heavy
1788983534418,-9.162760560065507,4.824168168915808,3.9814069925837217,-91.47212683666936,14.014019068265728,-63.14453880125594,user,rest,heavy
1788983534435,-9.055169953918456,5.256021708844602,3.636641807390749,-101.11008383106928,14.843116094819711,-69.62433243665787,user,rest,heavy
1788983534451,-8.86797214257121,5.383362725122272,3.398419034466148,-108.84523891516288,15.739986527186794,-74.36216145632892,user,rest,heavy
1788983534468,-8.46604495435059,5.581333274896442,2.787747389000654,-114.94698841019375,20.557412863897877,-76.18267324751494,user,rest,heavy
1788983534485,-8.136545873481035,5.849933650428056,2.2306474669858813,-116.78445956108894,25.209063679263576,-75.54541659795275,user,rest,heavy
1788983534502,-7.98720520684123,5.965602933612465,1.965938545934856,-116.01290773206595,31.20622590262865,-73.22917650699637,user,rest,heavy
1788983534518,-7.546524217334389,6.108806997193396,1.526452903692424,-110.7728753932914,41.64404244506668,-67.20639082896,user,rest,heavy
1788983534535,-6.871957899585365,6.0585287623301145,1.185578442327678,-103.88769637027086,48.91088902381293,-58.71589195474387,user,rest,heavy
1788983534551,-6.465840858459472,5.98520575196594,1.0619777816221116,-95.53216203405418,54.35125422603856,-47.4953289032332,user,rest,heavy
1788983534568,-5.7136132088810205,5.68189062140584,0.9235632904052734,-82.06694951937263,55.45511524875017,-31.853645873675816,user,rest,heavy
1788983534585,-5.249735468181967,5.281609592957049,0.9968854239866136,-69.25713463668882,51.66924042955507,-19.659328365405823,user,rest,heavy
1788983534601,-5.163695015063881,5.159805314148962,1.189768441363424,-56.372997050551504,43.2378568426054,-8.33213496189386,user,rest,heavy
1788983534618,-5.0079205159842966,4.975002142853289,1.5909467109128832,-43.86453694423783,31.19059501471307,6.120930373767579,user,rest,heavy
1788983534635,-4.731241171154379,4.626795731165259,1.8815424990229308,-39.37957860311358,24.840960879229492,17.150541826652194,user,rest,heavy
1788983534652,-4.645647292760014,4.361936734119057,2.0190601875305174,-39.29703235189939,19.167126150794488,27.55148730040321,user,rest,heavy
1788983534668,-4.707748651885986,4.091092963574827,2.3424266108639538,-45.49199002343886,16.173129803592325,40.00226987427072,user,rest,heavy
1788983534685,-4.983381118011474,4.130298161890358,2.618209299115092,-55.63470824278649,16.708415143940808,49.26099769047861,user,rest,heavy
1788983534701,-5.168333196258545,4.291008948328345,2.621053436499834,-68.96469325718554,22.18717454703837,58.39371876178353,user,rest,heavy
1788983534718,-5.421670243945718,4.38528078482747,2.285116285406798,-81.85672995709797,27.97828191597521,67.7192150922229,user,rest,heavy
1788983534735,-5.726629342320561,4.445584154620766,1.6431699423640966,-92.72961247419288,38.44462815857638,80.86569682928581,user,rest,heavy
1788983534751,-5.953032205852866,4.588488066211343,1.4157212230406702,-97.8785983913312,46.59367221580524,91.2424548956385,user,rest,heavy
1788983534768,-6.39057255924642,4.965275844739377,1.120187686267495,-102.2908391234569,55.114582507300845,103.1005375589944,user,rest,heavy
1788983534785,-6.616673809483647,5.417779373987019,0.8262995786137879,-106.63750320936133,64.92357768380165,122.79946565366068,user,rest,heavy
1788983534801,-6.6792234968990085,5.510106360028684,0.7146696339480578,-106.65448988982712,68.27558181144462,139.8143684611329,user,rest,heavy
1788983534818,-6.9496174778491255,5.386654752404987,0.5360024811893701,-104.29806779598356,65.7635816686865,152.51184039234832,user,rest,heavy
1788983534835,-8.053047506061196,5.227591148652136,0.2183218484073877,-92.99159804018709,54.550330334682336,160.64003871223028,user,rest,heavy
1788983534851,-8.764124230083823,5.2774198861822486,0.0393555665716528,-79.32818709617008,47.513046413940216,158.3006579403659,user,rest,heavy
1788983534868,-9.816376444244383,5.21591912329793,0.0487825894780457,-66.04773119853738,43.35021003935752,150.25093849404738,user,rest,heavy
1788983534885,-10.404750917705892,5.369895633044838,0.2533371938176453,-54.94710626885213,42.840292021586464,140.3087375532584,user,rest,heavy
1788983534901,-10.535383376744388,5.474790424236655,0.3040631724484264,-49.86104688453716,47.22669073298743,136.12729574337658,user,rest,heavy
1788983534918,-10.739789512524007,5.482123835864663,0.1364699330203235,-42.14318925451663,54.33607754570279,134.86789082269627,user,rest,heavy
1788983534935,-11.27998126209676,5.106682503509521,-0.0433954896122217,-25.77749422010684,64.08606671796386,129.34266393512783,user,rest,heavy
1788983534951,-11.74116435688436,4.893150227466226,-0.0133173083432018,-8.78320150845515,66.02949459345344,118.15747784842324,user,rest,heavy
1788983534968,-12.490399838909504,4.464588130298257,0.3589817804634571,10.832352174560064,64.32787590514982,100.52046775096794,user,rest,heavy
1788983534985,-12.639438307732345,3.8625954658508297,1.0565919969305395,34.02541380330809,54.788307785743925,71.66853975335098,user,rest,heavy
1788983535001,-12.531250320214031,3.712359311676025,1.4179661524232476,47.20019984429154,44.77574906631464,49.11920979349832,user,rest,heavy
1788983535017,-12.135908355602622,3.588459960284829,2.050933508588001,56.16870950757101,33.90264798316628,27.407655469313784,user,rest,heavy
1788983535035,-11.806705042809249,3.9930794563293457,2.411858897399902,63.12585140368679,21.52497746172188,3.934889910090917,user,rest,heavy
1788983535052,-11.884666234368083,4.602852691650391,2.5604491840638217,64.99943376472382,17.12786559860775,-9.837565857798973,user,rest,heavy
1788983535068,-12.155211606487631,6.039224050140381,2.60115097761266,67.31306472341726,19.88658412701778,-19.30577728339845,user,rest,heavy
1788983535085,-11.609932178387044,6.0796262031555175,2.3011276734058743,74.8648087377285,31.09203538498979,-20.04703210081055,user,rest,heavy
1788983535101,-10.957662448120116,5.739800374060869,2.2945434818431267,85.8267979027354,29.05891005022502,-18.910343481400567,user,rest,heavy
1788983535118,-10.829273384094238,5.456386168017983,2.567781645843759,96.1957012515426,20.2491664266552,-22.5345169870902,user,rest,heavy
1788983535135,-11.2552910574764,5.792172950854897,2.966566005994007,97.02649131123708,9.16868799370056,-35.71120694330479,user,rest,heavy
1788983535151,-11.869703058513998,6.843077257537842,4.020314084735513,79.55247684813496,-9.247042216311652,-53.67359700753575,user,rest,heavy
1788983535168,-11.246463023376464,7.006482105365395,4.64879180133082,55.61541637347579,-31.18777414658586,-56.10405493688767,user,rest,heavy
1788983535185,-10.744278056114911,6.806864957427978,4.670190124798938,26.04760771121333,-54.24700846383124,-51.13992808963576,user,rest,heavy
1788983535201,-10.30404481037557,5.909788107410073,4.527136721735075,-21.014828925066336,-76.41130016960278,-45.13780373383867,user,rest,heavy
1788983535218,-11.018414730724691,5.316026095691323,4.081665100418217,-60.36101131823313,-84.00125909232024,-52.192275825627135,user,rest,heavy
1788983535235,-11.526434395489096,5.1533700204044575,3.5128926141931207,-94.87649119448965,-81.25632900829717,-70.39447724671183,user,rest,heavy
1788983535251,-12.167331667870284,5.108328517150879,2.173636782062426,-128.2865254441471,-63.03159479314061,-104.3382156479249,user,rest,heavy
1788983535268,-12.14324001366496,5.48451745300293,1.4347259293705223,-148.54351414494926,-43.831506149411645,-131.14878451773262,user,rest,heavy
1788983535285,-11.540051417431236,6.311565073505044,1.27117180926539,-175.10418005340455,-15.597317535803567,-160.70962467949437,user,rest,heavy
1788983535301,-11.16057103881836,6.761974553082883,1.2214920517519117,-193.825428040086,6.40414843657039,-175.64319126194528,user,rest,heavy
1788983535318,-10.115052516826989,7.549516969409584,1.1706157048650083,-209.13606204585665,25.88884850169285,-182.5461629277537,user,rest,heavy
1788983535335,-9.567229833984374,7.829189943097531,1.0806832127444446,-220.3720510796078,39.17069434282166,-184.15394847723968,user,rest,heavy
1788983535351,-8.537872173199057,8.012196732495724,0.668281830652058,-226.56867190221016,48.32410405712255,-181.1896053963191,user,rest,heavy
1788983535368,-7.898469523289799,8.140286229053139,0.1906383071899414,-223.68239788350283,50.97395790789904,-175.84611618218636,user,rest,heavy
1788983535385,-7.571362305992841,8.121730873925983,-0.0529709810785949,-214.9110962721292,47.69725661585546,-168.60884773764084,user,rest,heavy
1788983535401,-6.74222092808187,7.728932748578488,-0.5039790110714734,-195.56096544780792,35.87004640754802,-154.53893125498138,user,rest,heavy
1788983535418,-5.954978079223633,7.121403565857187,-0.8445531743153929,-178.28413854604406,24.27379904602456,-140.55196058960254,user,rest,heavy
1788983535434,-5.662136119621992,6.877194923456012,-0.951994142858684,-159.89646333804768,12.913596192027573,-124.50551030454643,user,rest,heavy
1788983535451,-5.10129554977417,6.238093128790007,-1.1174936248779297,-134.9767367173096,-2.7251327807137824,-100.99424382274589,user,rest,heavy
1788983535468,-4.602701885002851,5.416582419287413,-1.2342093483753502,-116.02734675197136,-14.22419338053713,-82.50947747569775,user,rest,heavy
1788983535485,-4.512920491790771,5.0151045822694895,-1.2425892003163694,-98.069741235254,-23.424526494436005,-63.35806417508888,user,rest,heavy
1788983535501,-4.420595259314776,4.630984707287698,-1.1525080935053529,-78.1772182587529,-27.4278096500072,-37.56079826488215,user,rest,heavy
1788983535518,-4.291308369666337,4.115183960193023,-1.0479114084772765,-67.27767751332742,-28.198453063870566,-20.538107334208835,user,rest,heavy
1788983535535,-4.312703624394536,3.981557580035552,-1.0019732486449182,-57.93251706826759,-28.3947373326911,-3.5962367513238145,user,rest,heavy
1788983535551,-4.484338540428877,4.201225947681069,-0.9379283542357384,-46.12594769163193,-20.869713018412952,22.204268802983623,user,rest,heavy
1788983535568,-4.544045113372802,4.501248685632273,-0.8527838270440697,-38.14908928828452,-11.493005637124131,46.51615639891476,user,rest,heavy
1788983535584,-4.534167862480879,4.622755004407093,-0.8219580422781407,-30.346417784245347,-2.769372342854778,73.6338925360763,user,rest,heavy
1788983535601,-4.90392238137126,4.69966876927223,-0.6958145652219653,-20.79032231459531,5.045693393207023,108.3788735986344,user,rest,heavy
1788983535619,-5.767931074523926,4.873397497514356,-0.4195836948119104,-15.73847534783293,8.027255807912002,129.10254180466686,user,rest,heavy
1788983535634,-6.2217813422054045,4.990564106584433,-0.2331348021358251,-13.917591311337135,8.572138417818,146.14020280245353,user,rest,heavy
1788983535651,-7.157764553722739,5.404012641375884,-0.0620984365165233,-14.308339603564391,11.973107317847145,165.76029002353036,user,rest,heavy
1788983535668,-8.080880100360512,5.805939172009379,-0.1310810795888304,-14.018454422358005,14.892785230464046,177.94052538927906,user,rest,heavy
1788983535684,-8.445396718597411,5.962909018353373,-0.2220616194576025,-11.71182867643206,16.05937983315493,188.56196132226916,user,rest,heavy
1788983535701,-9.148243958935142,6.201132083538919,-0.4269149144828319,-5.051319334648998,16.577159398660672,200.7650778217374,user,rest,heavy
1788983535718,-10.039636333575844,6.590938187463581,-0.5345037670642138,1.7125594774152135,17.499451795118542,207.1496108087852,user,rest,heavy
1788983535734,-10.557232804980874,6.892757526507974,-0.5710159269034862,10.251876595115482,20.58991944170526,212.2792058188698,user,rest,heavy
1788983535751,-11.246462438854577,6.971915234375,-0.577001138792932,20.534635890563177,21.71478158856737,215.3492802281421,user,rest,heavy
1788983535768,-11.839028518787028,6.928521206067502,-0.497395102636516,37.02544803773655,22.558222866152025,218.00149732437143,user,rest,heavy
1788983535784,-12.157607561713457,6.960692998614907,-0.4593856899768114,50.4478864927409,22.977273754752524,217.71088643556573,user,rest,heavy
1788983535801,-12.773513600701094,6.911610695537925,-0.3844182734064758,64.20258291501511,23.718496128766063,216.04124669295612,user,rest,heavy
1788983535817,-13.111994444927571,6.49965895690918,-0.2159256009206175,80.81640335404582,24.88844093924484,207.9961034733815,user,rest,heavy
1788983535834,-13.373710613903402,6.234501123046875,-0.0402512002371251,90.53936888285574,24.91517771475085,195.43811766539608,user,rest,heavy
1788983535851,-13.865121089172362,5.811176926532387,0.3061590487491339,96.09576192360696,26.512525027637764,176.79343609931044,user,rest,heavy
1788983535868,-14.02014506214559,5.221904042926431,0.6661870137972756,97.33215593697348,29.858202692562006,144.27076636624273,user,rest,heavy
1788983535884,-13.942184455108642,4.89674094543457,0.8638591103478335,93.9588142983634,33.20720153697017,117.25049702853724,user,rest,heavy
1788983535901,-13.687201978302,4.464587545776367,1.281796572322678,87.21782056872185,38.75677121874055,90.77794739056428,user,rest,heavy
1788983535918,-13.021612747734784,4.09917193287313,1.819893450241722,71.9489668301042,46.801733438302165,59.33336154628053,user,rest,heavy
1788983535934,-12.603676089477538,4.036773636627197,2.0711353522805496,55.29473216175452,53.83967988739378,40.37404390098368,user,rest,heavy
1788983535951,-11.62654195240438,3.791366797417402,2.570176358960569,34.973324531795384,59.20114957451659,25.066924027541027,user,rest,heavy
1788983535968,-10.926537242016195,3.7982512962341306,2.9465149324163797,3.991355510846236,64.58199309322015,11.879293815823372,user,rest,heavy
1788983535985,-10.573991632080077,3.889232712885738,3.023129385541379,-20.703133242292804,67.06897425304851,6.741323713155831,user,rest,heavy
1788983536001,-10.058640309253336,3.9369671084851023,2.9713547015752644,-42.28735747242267,64.5869244898009,3.942565762057542,user,rest,heavy
1788983536018,-10.145130259704588,4.097227228546142,2.659360589997098,-63.184843747548186,50.35653954278115,-0.9532859806423888,user,rest,heavy
1788983536034,-10.460266468700766,4.471171015819907,2.473211337854713,-74.7026327260757,32.348827758312574,-7.983370134947378,user,rest,heavy
1788983536051,-11.419293871197103,5.62427897491455,1.9707280452337117,-81.71264711655655,11.35684240092534,-15.565661316547851,user,rest,heavy
1788983536068,-12.036848261913656,6.189010122460126,1.0901108932379633,-82.44214547085977,-14.459758067274407,-20.06593977198044,user,rest,heavy
1788983536084,-12.346448464092612,6.245273861473798,0.6262344677131623,-76.95938869955046,-24.56168639689872,-21.710135352384462,user,rest,heavy
1788983536101,-12.80598671428263,5.865645598822832,-0.341621663002856,-68.20232803259623,-19.43713035887426,-26.897843319474863,user,rest,heavy
1788983536117,-12.631059770965576,5.340266802978515,-0.7154162053985055,-57.07256551591172,-5.862896925981899,-39.50315721576661,user,rest,heavy
1788983536135,-12.305448345184326,4.41146619644165,-0.9051570020597196,-38.30492688438753,12.921297230316762,-67.46759775338879,user,rest,heavy
1788983536151,-11.959186930084227,4.153042054748535,-0.6787550198768265,-21.003847688428248,19.684294414369518,-94.24053911105892,user,rest,heavy
1788983536168,-11.515661657062171,4.208259499579667,-0.4634272021862678,-2.163789414908053,18.33212186438209,-118.19351392648424,user,rest,heavy
1788983536184,-10.366593328747152,4.736479071807861,0.1816611926086712,21.07554930678775,7.343221754045333,-137.37742526716403,user,rest,heavy
1788983536201,-9.554660275268557,5.616648041644692,0.8687966306820977,33.215005028096904,-7.30455861447483,-143.52813355816556,user,rest,heavy
1788983536217,-9.216628928375243,6.105962421417236,1.230321213796432,39.30310097497694,-24.507205392984115,-143.41502562551017,user,rest,heavy
1788983536234,-8.791958577948808,6.631190995135903,1.9714765688959397,35.641416070365594,-50.32533923865253,-137.46389546205637,user,rest,heavy
1788983536251,-8.775945600780844,6.762722448840737,2.4616894432946106,23.06413156288028,-68.13009878212335,-132.13257764502458,user,rest,heavy
1788983536268,-9.09766703338623,6.782923525348306,2.5134635427388363,-3.136490101544497,-85.0899844158311,-127.30106575069765,user,rest,heavy
1788983536284,-9.23847660304606,6.787861566272378,2.3012778041999784,-23.865493752535784,-91.83567048543246,-126.20654159658145,user,rest,heavy
1788983536301,-9.671227384075522,6.638222793468833,1.5647609339725226,-40.7097476986898,-93.6125373678221,-128.44305971954543,user,rest,heavy
1788983536317,-9.860819397082924,6.590639204517006,1.171064325415343,-53.4691148041639,-89.75285210936126,-134.55475397000788,user,rest,heavy
1788983536334,-10.074052982440593,6.670396047320962,0.5973543371222912,-67.03824523197262,-78.7936974728599,-145.59201181966833,user,rest,heavy
1788983536351,-10.01704105540812,7.097312423108518,0.195129042737931,-74.59561732215995,-65.85438220351266,-152.02895967840675,user,rest,heavy
1788983536367,-9.824605927929282,7.312640350396931,-0.0166083127126097,-78.55225028569996,-48.941720497726365,-155.36852603157112,user,rest,heavy
1788983536385,-9.216181184607745,7.473351136834919,-0.3944431160755455,-76.24471868593534,-27.20261148288271,-156.05612117531632,user,rest,heavy
1788983536401,-8.589946643829345,7.598298535974323,-0.5342049302481114,-68.27842317013935,-14.500220107917562,-152.61328236190135,user,rest,heavy
1788983536418,-8.384792320030927,7.615805843353271,-0.5023325590386987,-56.464562566564695,-5.023739884554132,-146.45721920259052,user,rest,heavy
1788983536434,-7.7968667593806975,7.572112101446836,-0.2678508723385632,-39.3827170750372,5.557648088011213,-133.2787790104011,user,rest,heavy
1788983536451,-6.887967369621991,7.261314360046386,0.0522236698426306,-27.380411552261894,10.57698420809798,-119.61374248136164,user,rest,heavy
1788983536468,-6.427083550041914,6.991218631390482,0.2060509803771972,-14.934794308954208,9.928118798267707,-105.28113009303434,user,rest,heavy
1788983536484,-5.731718189892172,6.224624822003022,0.460884842493385,2.778087450792303,6.058950249031122,-87.2427302686249,user,rest,heavy
1788983536501,-5.1988604364693165,5.601235003131255,0.8539828275702893,13.133976514466266,2.799913106841667,-75.94436111718403,user,rest,heavy
1788983536517,-4.997895965576172,5.368698130355961,1.1151001538701355,18.508002650604503,-0.9379522059557104,-65.37836582968696,user,rest,heavy
1788983536535,-4.460696383556724,5.202001684503956,1.5964850558176635,17.617665294178536,-1.983563134269631,-49.14564262558627,user,rest,heavy
1788983536551,-3.784185361480713,4.8804306566873095,1.839196080072224,13.48817817199208,-0.9439998048572276,-33.85321448904831,user,rest,heavy
1788983536567,-3.5226182455867527,4.77882682705324,1.9265857558421788,8.148487396811497,2.042984285944861,-15.654650143696657,user,rest,heavy
1788983536585,-3.33302740162313,4.743362572827458,2.08774443217814,-1.5391181359435526,10.819537885903472,11.178467741882228,user,rest,heavy
1788983536601,-3.389142672076821,4.806808834623207,2.071734085358679,-9.98701039683885,19.899887627973676,31.292812210736894,user,rest,heavy
1788983536617,-3.459920089611411,4.717924255536822,1.9813528265573084,-16.058987097277654,25.064246593386383,50.45511966307194,user,rest,heavy
1788983536634,-3.8316204818725583,4.441393991188239,1.670256394471228,-17.159533770694516,28.943903324980344,67.4949526610147,user,rest,heavy
1788983536651,-4.48823028717041,4.374954803787358,1.5773310041449964,-14.421647319253028,31.597284968463143,84.79981748932146,user,rest,heavy
1788983536667,-4.799924246758223,4.492719488348439,1.6306022833444178,-12.027239128340431,32.797294564121025,95.15634453535256,user,rest,heavy
1788983536684,-5.24240205655396,4.8816276935853065,1.747318591363728,-11.079664786669762,33.52000029529466,106.87987930224838,user,rest,heavy
1788983536701,-5.612904763463139,5.269039157458394,1.8019366089969877,-12.023765977147482,34.0565253149775,125.70036993757014,user,rest,heavy
1788983536717,-5.934325751817226,5.369296351977438,1.795652121900022,-13.4909068325655,34.01576957620004,138.35885514900315,user,rest,heavy
1788983536734,-6.870161663818359,5.662586055346578,1.741782438416034,-14.985296727677284,33.572374185850315,149.16709675579307,user,rest,heavy
1788983536751,-7.949796974945068,6.085910982513427,1.5891517903201282,-17.032678374787164,33.621623264860695,159.67644928450324,user,rest,heavy
1788983536768,-8.481758656311035,6.3250318733215325,1.490541120899096,-18.2562948117639,36.52888303979287,166.1296529934663,user,rest,heavy
1788983536784,-9.323021849170326,6.587346884973347,1.3189073739085346,-19.3679029765416,39.55642244600896,171.49139247306132,user,rest,heavy
1788983536801,-9.979480263298749,6.598119915661216,1.1873753356818109,-19.34600026742066,41.46928522496273,176.99925701975965,user,rest,heavy
1788983536817,-10.382903827556968,6.629394759368896,1.1038782834362235,-17.7289393210418,41.43940656243851,177.9676685610407,user,rest,heavy
1788983536834,-11.390265929633378,6.790405405536293,0.987309713324532,-14.73133834150516,41.073830932397335,176.5170046832217,user,rest,heavy
1788983536851,-12.071563016942145,6.842028625267743,0.7722806228522211,-7.477761112768952,40.13690314809542,173.290395998551,user,rest,heavy
1788983536867,-12.323553326195478,6.6706941534847015,0.6524217059582471,2.058860847227144,38.0912614916766,169.83232586328688,user,rest,heavy
1788983536884,-12.930185925403237,6.079326927947998,0.5331601704355329,14.281635271456937,35.331185463169035,161.89138400969,user,rest,heavy
1788983536900,-13.41964935825765,5.402665099224448,0.6750162534736096,29.5835368803737,29.99489526842147,143.4878354420625,user,rest,heavy
1788983536918,-13.652486638751624,5.122096345740556,0.8333329113166779,38.16398593086432,26.38285388624507,124.35181738784284,user,rest,heavy
1788983536935,-13.94966691981852,4.735581246185302,1.2401969531512818,42.35485340180074,23.42117457910082,101.27081184261804,user,rest,heavy
1788983536950,-14.240411614879966,4.995203073230385,1.7528554658306297,38.24182959683495,20.967485468834397,67.80219506044938,user,rest,heavy
1788983536967,-14.183848600658774,5.303754643139243,1.9078803446986217,31.47289356329887,23.599061733391927,47.500694016826245,user,rest,heavy
1788983536985,-13.518859674072266,5.520729753112793,1.9406513709351885,25.77647139927863,27.364005437875523,35.24563392872004,user,rest,heavy
1788983537000,-12.699891899651288,5.226840914806723,1.942147482111305,19.754653900557106,33.8176394487563,28.14738886208826,user,rest,heavy
1788983537017,-12.400019310760497,4.995950092205405,2.014123169519752,13.879164667066645,38.2996471481591,22.65993633572456,user,rest,heavy
1788983537035,-11.95799041377604,4.34757093963623,2.132037491684593,7.17591883164681,38.656589419089386,12.381757535889006,user,rest,heavy
1788983537051,-11.456854078784584,3.866036546215415,2.1356288307074456,-0.1089401565599546,34.07278458029671,-4.766234922655482,user,rest,heavy
1788983537068,-11.067346811676025,3.702183954620361,2.0793649820959192,-3.072669881156956,26.25326470712242,-17.3127127156631,user,rest,heavy
1788983537085,-10.37422543106079,3.465606903076172,1.9264357894448565,-4.62836285850372,14.174242499589534,-28.670344003437577,user,rest,heavy
1788983537102,-10.020033222961423,3.5512001969486477,1.7492647569954394,-5.04733733436288,-4.475673552721262,-42.2644353575681,user,rest,heavy
1788983537118,-9.930101023101804,3.6730057909309854,1.6439195916876197,-4.918819214279451,-17.40329468443581,-51.23998353078728,user,rest,heavy
1788983537135,-9.651177698737383,3.823540635791421,1.4115326122444125,-5.96369856530024,-29.73210374010523,-58.48094710767376,user,rest,heavy
1788983537152,-9.483732051086426,4.001908659473061,1.1971017433935776,-8.217548293283143,-42.43846857762003,-63.97521274773455,user,rest,heavy
1788983537168,-9.420434760174157,4.205264993938804,1.0574899138846434,-11.838382690242288,-48.52927610960056,-66.83491050038134,user,rest,heavy
1788983537185,-9.44243148792684,4.417151840862632,0.7086849152489565,-15.70020067527147,-54.38544956811823,-70.00441880359074,user,rest,heavy
1788983537201,-9.61526467383504,4.658368827167153,0.3419234247116954,-19.159635140822274,-60.98255170251512,-76.01837987721946,user,rest,heavy
1788983537218,-9.75472692053914,4.844817281451821,0.1857008690540678,-20.746421273705053,-64.88787628501,-81.45875532472884,user,rest,heavy
1788983537235,-9.981278252631425,5.328296379199624,-0.1767212428553029,-21.617451392894683,-66.91059582657425,-86.5869091648986,user,rest,heavy
1788983537252,-10.034100326758622,5.661688960376382,-0.4366415048576891,-21.798412132312293,-69.93228517576624,-92.88537493821504,user,rest,heavy
1788983537268,-10.097995583564042,5.894076159015298,-0.5479717359244823,-20.885736642205803,-69.84854705654188,-96.49349749935514,user,rest,heavy
1788983537285,-10.25945397349894,6.292561097827553,-0.7392091780513524,-19.247939241506785,-67.32845996980646,-99.38229868805536,user,rest,heavy
1788983537301,-10.184634002575278,6.392218572887778,-0.8013089297421276,-18.67133467177431,-59.661039871711885,-101.29685535392328,user,rest,heavy
1788983537318,-10.034995814293625,6.343586351665854,-0.7674908312924206,-21.012943792855413,-53.46856155884113,-101.72137893159626,user,rest,heavy
1788983537335,-9.958082670482993,6.446686660656333,-0.6880326791740954,-25.32230992324968,-45.911660751706535,-102.37842263918398,user,rest,heavy
1788983537351,-9.712078449901938,6.465242600305378,-0.7640485818840563,-31.262329076471133,-36.42329173031905,-104.446610750053,user,rest,heavy
1788983537368,-9.541341944012045,6.459555494579672,-0.9123398856014012,-31.50325033906499,-29.03915031295617,-104.28946175762935,user,rest,heavy
1788983537385,-9.000849165666104,6.255300457708537,-1.2352578345149754,-27.028801951526106,-22.4818118323598,-102.43287290724732,user,rest,heavy
1788983537401,-8.700528248485922,6.013486674554645,-1.359457045635581,-19.57014317031838,-17.088016567442605,-99.42157227578292,user,rest,heavy
1788983537418,-8.202982631462811,5.582080878393351,-1.378460582921654,-9.859465151825324,-11.90873107737248,-96.29965673071018,user,rest,heavy
1788983537435,-7.86016171220541,5.2777179923459885,-1.1870746722348031,-4.552047874246698,-9.814677040116612,-95.14143423239445,user,rest,heavy
1788983537451,-7.722048542022705,5.277119734191894,-1.1071678995661436,-0.0389098668140569,-8.28359536878352,-93.6370714073208,user,rest,heavy
1788983537468,-7.276126729252934,5.316024926647543,-1.0600323466427624,7.953613562054571,-5.233172694413764,-89.00302711208809,user,rest,heavy
1788983537485,-6.770652072796225,5.172672686767577,-0.9554355154842138,15.54355882439369,-2.2719915641921027,-82.03923261172072,user,rest,heavy
1788983537501,-6.596176380378007,5.074360927227884,-0.8616122995354235,19.42903999980238,5.390931708107664,-71.28818017885132,user,rest,heavy
1788983537518,-6.470628092736005,4.760271012414247,-0.5551543409049511,12.037513440399424,30.58712731097493,-52.78353798131846,user,rest,heavy
1788983537535,-7.341369893535971,4.179528056744486,-0.3244135942988097,-5.931761881401729,61.674996280571015,-38.98178155566286,user,rest,heavy
1788983537551,-8.2297683470577,3.831321206665039,-0.268448984362185,-29.463940268006773,105.62365041953214,-34.26022546168937,user,rest,heavy
1788983537568,-10.511294060626623,2.896535388238728,-0.2413645050164312,-60.31051572969923,171.473060245329,-53.94008366819296,user,rest,heavy
1788983537585,-11.414355830273031,2.2876595401488244,-0.1695384552117437,-78.41793461567165,210.69386427099647,-79.12766640251685,user,rest,heavy
1788983537601,-11.146803794750571,2.262520422717184,-0.1011543625544756,-91.92511864280294,238.59361608698947,-97.77033306279732,user,rest,heavy
1788983537618,-9.746495098766683,2.682702887139842,0.0205013015631586,-98.22503924641258,254.67352063860028,-103.74422824675474,user,rest,heavy
1788983537635,-8.172307507213949,2.672228108746186,-0.1129755140557885,-94.25812001798252,246.4490986136912,-95.68054789377273,user,rest,heavy
1788983537651,-7.599496513587236,2.536656622402929,-0.1870458356559276,-84.62427479746295,222.1251010923616,-82.96910822570459,user,rest,heavy
1788983537668,-6.865672535705566,2.097919222978223,-0.4468173003047704,-66.59057414320247,174.1778288170324,-66.94159122502776,user,rest,heavy
1788983537685,-6.65872372970581,1.6118962220344226,-0.7661430699452757,-52.90990331115287,134.04011287642575,-57.107208235382025,user,rest,heavy
1788983537702,-6.734141082000732,1.3717276670705991,-1.0070599042594433,-40.73984492726746,99.53860073702192,-51.07149983943599,user,rest,heavy
1788983537718,-7.214777065277099,1.1053728922084205,-1.675491080254316,-29.667691641137424,76.0083258387612,-45.581998256321285,user,rest,heavy
1788983537735,-7.563881010326742,1.1076173147009218,-2.0636510244071484,-28.205288375682457,71.08707891911862,-40.30130238632304,user,rest,heavy
1788983537751,-7.47574504623413,1.0931024580030702,-2.0857973897635937,-35.037685404344415,73.43790708803196,-32.08618307906349,user,rest,heavy
1788983537768,-7.296629419055581,0.6311712299956008,-1.9056340070977809,-54.59785820602187,74.97844259495,-20.68860884502277,user,rest,heavy
1788983537785,-7.709329930225015,0.3224688899718225,-1.902192049950361,-73.30271032360072,67.4552282808019,-17.48845519055482,user,rest,heavy
1788983537801,-8.137443114581703,0.634612767017912,-1.8963561834037304,-96.73088072395892,53.98614646395553,-16.241197761313376,user,rest,heavy
1788983537818,-8.83610050201416,2.292447802333358,-1.7513573453605171,-130.16399418282185,35.045434253957794,-8.629189280407825,user,rest,heavy
1788983537835,-8.997708529552817,3.1531632758985277,-2.888752771538496,-147.49587240929603,18.89656528229736,-4.100881436168798,user,rest,heavy
1788983537851,-9.106046154674887,2.89024998782631,-3.8432910459220406,-149.17880370003047,4.148396927790461,-1.9131833709579384,user,rest,heavy
1788983537868,-8.946683275714516,2.4694688999233767,-5.681290025164187,-131.8118319616008,-9.477007855476812,3.556743530325743,user,rest,heavy
1788983537885,-8.506748136138915,2.6601071705807,-6.28552666914612,-109.4513294115423,-13.086166044049822,12.133957419027295,user,rest,heavy
1788983537901,-8.20298380050659,2.56014917820394,-6.392966468645632,-80.61739896238834,-13.657328660561092,23.41389188989829,user,rest,heavy
1788983537918,-7.933786335864663,1.650502550274506,-6.554874648174643,-38.62774553022442,-14.36483209818957,35.742899021053645,user,rest,heavy
1788983537935,-7.901763888660072,1.013944110815227,-5.565171244646608,-13.345207798511726,-18.190704505164263,39.33111499585775,user,rest,heavy
1788983537951,-7.779060469055175,0.9356834979183972,-4.826110827416182,3.841529761873305,-25.71948200839134,40.51388519405052,user,rest,heavy
1788983537968,-7.769933159747719,0.956482978710532,-3.7820895582452416,17.941069628736763,-38.69391981799809,43.57599218765605,user,rest,heavy
1788983537985,-8.14716955882609,1.1587931651242076,-3.1742619040340183,20.99300988576273,-48.30370911226089,46.21012635805775,user,rest,heavy
1788983538001,-8.675389131054281,1.2651856475278735,-3.105428314043581,17.957578195960686,-45.760754552184274,44.982481817018,user,rest,heavy
1788983538018,-9.6076325715214,1.6564876890987157,-3.0775957197442647,8.54967136431689,-38.11669028595656,44.127888548066,user,rest,heavy
1788983538034,-9.790339501190186,1.7877197214655578,-2.9177824666678904,-15.67626939996704,-25.41646749605289,43.61500281310058,user,rest,heavy
1788983538051,-10.056695020404458,1.6858168055661022,-3.090015640856325,-35.756651606947464,-13.16387481378435,34.88808718604821,user,rest,heavy
1788983538068,-10.6043686501652,1.300200700677186,-3.969735113359988,-54.142950531826095,2.1360195732900737,23.64221657611536,user,rest,heavy
1788983538085,-10.944943251800536,1.5818188170835374,-4.872050156292319,-70.41417551227815,30.158553431124147,8.022226227361934,user,rest,heavy
1788983538101,-10.975918820300697,1.7489638743527232,-5.209482660509646,-75.45378278004786,49.571989863767634,-1.198060430423488,user,rest,heavy
1788983538118,-10.445004602161047,2.359036384881288,-5.738301952196657,-74.20339370907196,63.09381781647943,-6.935373229457301,user,rest,heavy
1788983538135,-10.441113439941406,2.307860324395448,-6.3703708982169625,-58.40749525333945,78.55583613501422,-20.441653110297207,user,rest,heavy
1788983538151,-10.131064324951172,1.928528998864442,-6.526443211199343,-39.54395735077369,84.03385275503953,-29.315311936572712,user,rest,heavy
1788983538168,-9.311948081970217,1.8468265749506647,-5.857862689861655,-25.632050464373297,88.65905195529707,-32.32594662459303,user,rest,heavy
1788983538185,-8.741230845752359,1.9819497695371509,-5.051465350939333,-11.366113528949988,84.00623830022518,-39.50506966873422,user,rest,heavy
1788983538202,-8.33167272426188,1.584811276897788,-4.88417080219686,-1.3200653248030754,76.65806807412616,-42.755303977744,user,rest,heavy
1788983538218,-7.568820220294595,1.0760434241145849,-4.171745878435671,2.1007023726392307,63.89118093037589,-39.09227011077157,user,rest,heavy
1788983538235,-7.204901567950844,1.0142429476313293,-3.954921282848716,1.610441212412647,48.91128517478479,-33.325872658704554,user,rest,heavy
1788983538251,-6.837990163531899,1.095645950207114,-4.0542806517452,3.6009807445892115,33.89294569945028,-27.07184580367552,user,rest,heavy
1788983538268,-6.787711928668617,1.293467008507997,-4.434359580773115,6.934309000607248,22.883990446163075,-17.92441591999298,user,rest,heavy
1788983538285,-7.1022501717716455,1.21804936395213,-4.809800913128257,10.581341868788448,15.720887610720146,-7.5090041055798835,user,rest,heavy
1788983538301,-7.375637489318847,1.0087062101617454,-4.968715463799238,10.847298336011344,13.58298717408738,-2.722834422058073,user,rest,heavy
1788983538318,-7.467215702819824,1.306784755242616,-4.421640968975424,9.876946167232324,8.875330515074866,-1.999567761598852,user,rest,heavy
1788983538346,-7.644836123004556,1.00092520089671,-5.099499314007163,10.019487092568614,0.4364697386138835,5.835436150423862,user,rest,heavy
1788983538666,-8.364592412567138,0.0668877531522885,-5.142894219097495,55.90694592272486,-27.87137067244429,48.13993142124774,user,rest,heavy
1788983538668,-8.437765785327553,0.361823287499696,-5.091268661278486,57.71425837333983,-24.40051442305393,54.09337701883015,user,rest,heavy
1788983538687,-9.23847660304606,0.887350624969229,-4.761019054302573,60.18756549444983,-17.288494572413526,67.07882338583167,user,rest,heavy
1788983538701,-9.749489019885658,1.2858354907162486,-4.746952535027265,54.23709444425097,-14.307748792201188,69.60552209568365,user,rest,heavy
1788983538719,-10.709713523212075,2.055721035125479,-4.659414829088747,43.39906296739604,-8.60366657102678,67.5957389324074,user,rest,heavy
1788983538735,-11.061960442462563,2.061706685406342,-4.907065063311159,33.56495660041168,4.11779981474292,61.54720344120008,user,rest,heavy
1788983538751,-11.052532104381918,0.91473423339203,-5.928341416710615,28.94791264602314,17.9033430788562,51.55011168514629,user,rest,heavy
1788983538768,-10.439318373218178,-0.0644940994814038,-6.65947074868083,34.918723999570304,21.31224951247454,43.95027972398358,user,rest,heavy
1788983538784,-9.99728889171183,-0.2525886404726654,-6.578517389568686,46.35604651948591,30.23025675703094,38.03988139364518,user,rest,heavy
1788983538801,-9.385421898981928,-0.0742204706605523,-5.566219584655761,55.26003821586544,36.45951222348763,31.06295585459846,user,rest,heavy
1788983538818,-8.583363173785806,0.1225530513487756,-4.582051895684003,56.21291449187933,29.082983051954727,24.020766150484977,user,rest,heavy
1788983538834,-8.355016190448403,0.0734718442503362,-4.334102386254072,55.42876437893226,16.587988663589726,15.537368965458366,user,rest,heavy
1788983538851,-8.301595565906167,0.1656486081663519,-4.249706777733564,55.21765006187634,0.4196891377619258,3.5212380725859007,user,rest,heavy
1788983538868,-8.243385953521727,0.7052418803893029,-4.031384929326176,55.43422853026827,-9.92953947761507,-0.8528087753096237,user,rest,heavy
1788983538885,-8.22378401195109,0.9519944351196288,-3.92649013813436,52.8354610793889,-18.05267321222748,-1.6369741494606194,user,rest,heavy
1788983538901,-8.218995024108887,1.214458572918549,-3.616889351433515,43.300305262186825,-29.85696984341682,-2.2645993785194447,user,rest,heavy
1788983538918,-8.711004049792885,1.336114090905711,-3.85690748334229,35.228046191607255,-36.64957589752157,-6.7215669640947455,user,rest,heavy
1788983538935,-8.949227114978433,1.48365676821284,-4.126106117027998,27.91451185478938,-36.37773778364965,-12.751550807742667,user,rest,heavy
1788983538952,-9.249849645453692,1.763479269906692,-4.608538920593261,18.008220633561745,-27.67283756383953,-20.040731251301214,user,rest,heavy
1788983538968,-8.934712267413735,2.112882855490036,-4.651035415539146,9.570594253710684,-20.1862791674196,-20.92814528676241,user,rest,heavy
1788983538985,-8.764574311938881,2.194285785000585,-4.685601702007651,1.522867301639094,-12.185016498167728,-19.729706634613635,user,rest,heavy
1788983539001,-9.118916157642008,2.309806015103124,-5.361363951542973,-6.544805510356224,4.257671416774203,-23.093383555548154,user,rest,heavy
1788983539018,-9.366267116656898,2.5710731616698204,-6.0128872473567725,-6.689774567942452,16.03627330319278,-28.31925691217329,user,rest,heavy
1788983539035,-9.044695906177164,2.6750712962828573,-6.131100369805098,-1.6144875658873508,21.13057331074137,-30.911677409766437,user,rest,heavy
1788983539051,-8.20358235092163,2.71128343199594,-5.586868404930829,4.003335235763615,17.606516717905784,-26.317683636279398,user,rest,heavy
1788983539068,-7.917624890136718,2.8327891845151782,-4.790497077721357,2.174594987618425,10.249881326104193,-23.33830047880647,user,rest,heavy
1788983539085,-8.238747187805176,2.74644844240942,-4.904820206993818,-0.6471480441408375,6.504708457946841,-27.59689781310004,user,rest,heavy
1788983539101,-8.200141270557046,2.6200047334477885,-5.265596469658613,-1.8131398826374687,12.109975771077735,-31.425604748580287,user,rest,heavy
1788983539118,-7.663989151763915,2.522590801813942,-5.096206702202558,-4.7565450186573495,21.514242111893918,-32.55579273544771,user,rest,heavy
1788983539135,-7.491157719421386,2.473060622538719,-4.897637602013349,-9.417723521028396,28.1437125127675,-31.61041942223708,user,rest,heavy
1788983539151,-7.159860649219155,2.5712228906051253,-4.555116542485356,-14.55112721534896,31.1523015591314,-30.46846301942972,user,rest,heavy
1788983539168,-6.616375703319907,2.39584761899868,-4.328565794914961,-19.99496386122025,27.741002851756257,-26.279700954304957,user,rest,heavy
1788983539185,-6.445640366473794,2.2925975445402784,-4.269160250744223,-24.01009568745412,20.784277597179848,-23.16350569266209,user,rest,heavy
1788983539201,-6.464045207214356,2.0772690692625937,-4.16246863926351,-28.950419325448536,12.585485003357562,-22.317986330022457,user,rest,heavy
1788983539218,-6.501305555072427,2.210745976213086,-4.045451448601484,-38.41698296791076,1.6896296785978344,-20.126943606552405,user,rest,heavy
1788983539235,-6.505046495166421,2.27299500018144,-4.144961039623618,-46.25797183319369,-3.831549574835447,-17.965368026709083,user,rest,heavy
1788983539252,-6.626402591815591,2.354248127691448,-4.5973149312675,-51.70325135652715,-8.381499300346482,-15.284470966154888,user,rest,heavy
1788983539268,-6.765415925708413,2.443881235006638,-4.977693135502935,-56.04153480031996,-11.26540665850638,-10.812273125947517,user,rest,heavy
1788983539285,-6.9168485961914055,2.4566004495925267,-5.180004344829917,-58.30705049140524,-10.741742885030671,-8.785485352958872,user,rest,heavy
1788983539301,-7.335235920825601,2.436249720925234,-5.487808895763754,-60.79134055670062,-5.222293483726404,-7.502548723040575,user,rest,heavy
1788983539318,-7.267299864196777,2.405274468375137,-5.430048196190596,-64.09040388808681,0.1157087673057315,-4.471704785926661,user,rest,heavy
1788983539335,-7.183653028216957,2.31923298321059,-5.375281417736411,-65.48589349779046,-1.864058089126268,-1.3503821866512349,user,rest,heavy
1788983539351,-7.116914656940102,2.115426530357171,-5.410445670098066,-64.19345778228397,-7.263533936998795,1.5704620874881523,user,rest,heavy
1788983539368,-7.296778472137451,2.133532479482702,-5.647471634453535,-58.174442368669446,-15.751970094085582,4.360262565655087,user,rest,heavy
1788983539385,-7.408259071460366,2.1528356938350943,-5.721841523522138,-52.2534845658742,-20.254128559087214,7.242496954355156,user,rest,heavy
1788983539401,-7.783250321960449,2.126798860378749,-5.7692772284358735,-48.72816097294758,-18.07444102511231,8.9113674469095,user,rest,heavy
1788983539418,-7.998878693500161,2.092531812585145,-5.480925565990805,-50.302447859649234,-11.143698663912277,9.916650056877607,user,rest,heavy
1788983539435,-8.014740279498696,1.9800042614925653,-5.294477111706137,-55.44909785209139,-6.171332474087219,10.124260486889316,user,rest,heavy
1788983539451,-7.990797678375244,1.677736374963075,-4.961532858818769,-62.29390704202255,-4.44716178180469,9.677984464257149,user,rest,heavy
1788983539468,-8.168119407874345,1.5435116635862738,-4.970661337170005,-68.90596729070178,-6.056649755941297,6.975027173344279,user,rest,heavy
1788983539485,-8.242190021735428,1.498320961120352,-5.052513690948486,-69.36766758802713,-10.37487720301001,4.441411616297185,user,rest,heavy
1788983539501,-8.423699850574135,1.3958192756101488,-5.357624180492758,-66.25158502450557,-15.882643565738974,1.7861090888320263,user,rest,heavy
1788983539518,-8.620622937121986,1.5325877531856298,-5.434836599510908,-60.49538845996397,-23.507637943804014,-0.7640779478845469,user,rest,heavy
1788983539535,-8.745719389343261,1.5960343894407152,-5.420471681810915,-57.2592721519686,-25.654123928223484,-1.2603394826578391,user,rest,heavy
1788983539551,-9.09766761790812,1.6452650149472057,-5.3839603987544775,-56.81840051651721,-23.67096996497382,-3.2207680191566963,user,rest,heavy
1788983539568,-9.81757354507446,1.494280965014547,-5.457133186993002,-61.34604753995404,-10.845107552835062,-13.393450278393171,user,rest,heavy
1788983539585,-9.981875634002686,1.5993261244624852,-5.278615233446657,-69.39652513727043,-0.6447693240406748,-23.21897195136447,user,rest,heavy
1788983539601,-9.872789820861817,1.8291693377070128,-4.728547402025759,-79.93101276212624,3.856416586056171,-32.95191297145718,user,rest,heavy
1788983539618,-9.763255094909669,1.9726719458431003,-4.603749932751059,-89.73617278740808,4.369599861137317,-40.80751844156395,user,rest,heavy
1788983539635,-9.438542079272866,2.223165586797893,-4.490773249651491,-101.30485350544136,0.4934653727209656,-48.920427382988855,user,rest,heavy
1788983539651,-9.579201426807046,2.6741728861384093,-4.761018762041628,-110.5300006965949,-0.8965840980304702,-55.44645798397718,user,rest,heavy
1788983539668,-9.635165890613198,3.0294124113336203,-4.911853758892416,-120.4483096356672,6.014212936854362,-60.194880627050914,user,rest,heavy
1788983539685,-9.28247122759521,3.4617161792479454,-5.070769478607177,-132.34149947135694,16.08796929747331,-61.29214368702429,user,rest,heavy
1788983539702,-8.5049524848938,3.1866816790156065,-5.5117506201043724,-136.52453954550452,22.923305015025665,-60.585184956982125,user,rest,heavy
1788983539718,-8.073996770587563,3.082982819610089,-5.614701291491091,-135.4775808287683,23.50728960415634,-58.58651451148548,user,rest,heavy
1788983539735,-7.235427054595947,3.0612853670649227,-5.636548381640017,-123.11129111002845,14.5858758027514,-48.95618683838845,user,rest,heavy
1788983539751,-6.881384484100342,3.1199428693473337,-5.684731397789716,-107.73340706168986,1.9944005100483253,-39.18449474003968,user,rest,heavy
1788983539768,-6.933757645416259,3.10602686445862,-5.767331939586997,-88.455122997248,-10.994232780531242,-29.356200864038996,user,rest,heavy
1788983539785,-7.113771682739257,3.250277368352562,-5.536141841778159,-63.84565771955775,-24.304710774660744,-14.643870938993976,user,rest,heavy
1788983539802,-7.502231486621499,3.1823420423761006,-5.122393867382407,-50.800426706751104,-29.77878808308227,-5.064991238933247,user,rest,heavy
1788983539818,-7.668627917480468,3.1012383150078358,-4.744109712816774,-44.4533504771117,-35.23244824852733,3.498790655878654,user,rest,heavy
1788983539835,-8.020126648712157,2.8300951231256124,-4.16935196903646,-44.646566283447605,-40.96877237767878,12.835144639220806,user,rest,heavy
1788983539851,-8.72087954711914,2.606686326842755,-3.9347202063411473,-49.306777033390624,-41.06558347897455,16.73633012707865,user,rest,heavy
1788983539868,-9.107243840026856,2.543838094872236,-3.909281813701987,-55.81683523700488,-35.98685288763899,17.32784329222197,user,rest,heavy
1788983539885,-9.681403325653076,2.491315880474448,-3.8943180533260096,-65.2659955574619,-27.7275320111657,14.092320356910754,user,rest,heavy
1788983539901,-9.983521647644045,2.439241117583215,-3.991133582958579,-70.5287519356051,-20.841029638993486,8.741724330946601,user,rest,heavy
1788983539918,-10.053252770996092,2.4313106168448924,-3.992181046184897,-74.65060717516772,-14.827830131457224,1.5234778565178697,user,rest,heavy
1788983539935,-9.96556571971476,2.5210937636226416,-3.8560111190244553,-77.67173644884777,-14.25254378823456,-8.39163786239572,user,rest,heavy
1788983539951,-9.88999814529419,2.7400135779231785,-4.090343314251303,-74.42415225323595,-14.5690206034271,-15.693259495527444,user,rest,heavy
1788983539968,-9.796475227466225,2.8275512838616965,-4.223072161047161,-66.44658692530943,-14.296440560256586,-20.47145151809868,user,rest,heavy
1788983539985,-9.408314698791504,2.964768674248457,-4.203319997350872,-53.69099008425718,-10.716714510590808,-20.548485806652668,user,rest,heavy
1788983540001,-8.946383415985107,2.9463638335078954,-3.729118431036174,-46.82359687383537,-8.854763961710312,-17.891784691233244,user,rest,heavy
1788983540018,-8.724322381049394,2.932596881701052,-3.4386721343994138,-42.84706756924312,-8.788266093724713,-14.371978183608697,user,rest,heavy
1788983540035,-8.520066467395424,2.8414675810113548,-3.0183395209163426,-39.36064873382889,-12.523239781903944,-10.777265845130264,user,rest,heavy
1788983540051,-8.398110651287436,2.7991198468863963,-2.816777960912883,-35.44656443372347,-14.397222562781062,-7.02217767673217,user,rest,heavy
1788983540068,-8.34454097366333,2.798670934075117,-2.693775850622356,-32.314758774732546,-17.26665504254241,-2.7805796160657112,user,rest,heavy
1788983540085,-8.35711111690104,2.9086548650994897,-2.3564923994869,-30.14133793932113,-23.111784085172168,2.6829749321657594,user,rest,heavy
1788983540101,-8.418612172046304,2.951151944567263,-2.2319940592892467,-30.55362181800144,-22.80934672381859,6.650246555668296,user,rest,heavy
1788983540118,-8.416665714153647,2.872292635124922,-2.1392188910886643,-32.930346649152874,-21.52243663135064,9.103463102221523,user,rest,heavy
1788983540135,-8.291120349121094,2.66564339659363,-2.0979190585814416,-37.420267122709134,-14.649080665783403,11.189474591729702,user,rest,heavy
1788983540151,-7.952490451812744,2.1152762899652124,-2.079364141845703,-40.730074341659765,-8.436618926948485,10.415647455939462,user,rest,heavy
1788983540168,-7.8359239275276655,1.8378481725946068,-2.0768204487122595,-43.00541184477152,-7.526227281345717,8.067588074960927,user,rest,heavy
1788983540185,-7.515249373626709,1.7048200505912303,-2.10360514139384,-39.76777240459125,-15.069296101637391,5.268647843189164,user,rest,heavy
1788983540201,-7.521683790588378,1.7875699377313254,-2.133084041595459,-34.127702716318204,-24.17510281251788,5.529797991670486,user,rest,heavy
1788983540218,-7.752125700378418,2.0313293019950387,-2.0798127623960374,-30.15211597783141,-33.59331896094016,6.689130395726355,user,rest,heavy
1788983540235,-8.504504156604408,2.7697908765494823,-1.9621976058408617,-27.47157750220864,-41.11280057670684,7.665877329115797,user,rest,heavy
1788983540251,-9.433753091430663,3.1099174421563744,-2.1974283573426305,-25.20658090550028,-37.81918090608914,7.342747909671664,user,rest,heavy
1788983540268,-9.756372349658609,3.1619913282647727,-2.180070395306497,-27.46629093579105,-26.8355622395281,4.310844012575929,user,rest,heavy
1788983540285,-9.94042660228312,3.1823420423761006,-1.758540680993348,-35.3983842793182,-16.037825463681664,-0.4266860262363691,user,rest,heavy
1788983540301,-9.618705754199624,3.1717177725091577,-1.1538552703306078,-51.36150967159473,-10.81468247517724,-8.53065270257299,user,rest,heavy
1788983540318,-9.201814221081138,3.2644927945792674,-0.909497209521383,-63.06284973878259,-16.667116405124325,-11.092724962136472,user,rest,heavy
1788983540335,-8.277204636493325,3.6020755209222437,-0.7013513757567852,-71.5140408743253,-27.20577215292113,-7.3648230810691455,user,rest,heavy
1788983540351,-7.607727166315913,4.052484708239138,-0.8988728665892034,-76.17446336013259,-42.26513545195803,4.757498683820212,user,rest,heavy
1788983540368,-7.4230731942325825,4.143314733721316,-1.1300633297242224,-72.24058175671789,-52.89455929118243,14.995803266168055,user,rest,heavy
1788983540385,-7.064991577479243,4.096478456005454,-1.7886180220121517,-59.89264475627785,-57.612795913219294,25.915721880982264,user,rest,heavy
1788983540401,-6.905027810016274,3.747523271776736,-2.250998144564591,-36.63356934920165,-51.95339678959511,39.875358129302704,user,rest,heavy
1788983540418,-6.84382603007853,3.579330605150759,-2.1582233599564997,-20.826901392695312,-42.09940774193685,47.80979081262059,user,rest,heavy
1788983540434,-7.116763850292563,3.4853576054677364,-1.373224143572897,-11.985651814031518,-30.00627436357871,51.28230679797926,user,rest,heavy
1788983540451,-7.536648135486245,3.6132983412042257,-0.40312386892559,-9.703510588732776,-18.438889673940437,49.28304554111941,user,rest,heavy
1788983540468,-7.723844777789711,3.64262731154114,0.0145148732516943,-11.019070763447994,-13.701093097667949,45.50543866591461,user,rest,heavy
1788983540485,-7.785794745746254,3.836707283617556,0.6043868706741603,-14.269324709251634,-14.39347620402131,43.90648113593088,user,rest,heavy
1788983540501,-8.07624133464396,3.869777194048464,1.0431240554697343,-18.581056646419665,-25.9293344479981,43.427456063775786,user,rest,heavy
1788983540518,-8.137143839374184,4.0659520925775166,1.17660042356411,-22.859941350095458,-29.1328707536525,47.38228927246949,user,rest,heavy
1788983540535,-8.257153197589517,4.434210527691245,1.2253828486453742,-29.46604396627114,-24.532227791008456,55.65623699905037,user,rest,heavy
1788983540551,-8.411129707336425,4.630235788616538,1.0360905492369086,-42.73303414595517,-7.753499264656952,66.15594871574706,user,rest,heavy
1788983540568,-8.494478437152505,4.564544296044111,0.8994721841892227,-51.93606176948162,4.862628101751402,70.3580176969223,user,rest,heavy
1788983540585,-8.768314082989097,4.596865726195276,0.4807857304779812,-57.11488536800912,17.680141034516645,72.55122559035924,user,rest,heavy
1788983540600,-9.04005714046061,4.60973543690145,0.2868548845486715,-56.17503426274244,29.40815128286611,72.62918536954577,user,rest,heavy
1788983540618,-9.65297276546061,4.832246553692221,-0.0823011935245245,-46.383210181815045,46.28422025017405,70.91364675571367,user,rest,heavy
1788983540635,-9.840767958179116,4.703407992333173,-0.2579750096861273,-33.3057953176393,57.01659553075805,68.79866501884088,user,rest,heavy
1788983540651,-9.963471377784014,4.361486652263999,-0.0800563006745651,-12.11760509238064,62.798582889605626,63.12016868629733,user,rest,heavy
1788983540668,-10.069563269805908,4.251052931645512,0.1623569462098181,3.0683965306140557,62.48681207475122,56.70318205540826,user,rest,heavy
1788983540685,-10.185983079096674,4.208856880950927,0.7237967240598052,16.055590785712866,60.02527336958116,48.31426858471773,user,rest,heavy
1788983540701,-10.0941044213444,4.047098046764731,1.282244599217968,30.10194140818849,49.35709162191152,33.75881785962415,user,rest,heavy
1788983540718,-9.910947994342443,3.9963708990901705,1.5276504246476106,37.65722687558439,39.44920896660727,24.81872178329193,user,rest,heavy
1788983540735,-9.648633274951576,3.9020992087215194,1.8480243699004872,42.46597374940768,30.45532173546661,17.027443034788348,user,rest,heavy
1788983540751,-9.68469710650146,3.8872856704711913,2.0193593166075647,43.51370086242554,21.028477350575315,8.42251885518064,user,rest,heavy
1788983540768,-9.69083224825561,4.113686780437827,2.348861247021332,36.08800798924688,10.507970269176878,-2.928706568926013,user,rest,heavy
1788983540785,-10.205286329981684,4.912153034099936,2.5492260715208945,22.837920820211338,4.0918152138192525,-11.011283494020534,user,rest,heavy
1788983540801,-10.575937505450844,5.526714088219404,2.5553613594055173,4.837157045675955,2.9603610806344367,-18.158621399085423,user,rest,heavy
1788983540818,-10.704326569476724,6.41675913990438,2.2334907275877893,-18.245124037376343,10.604952125201889,-18.47560023318196,user,rest,heavy
1788983540835,-9.897779885211586,6.133495155987143,1.5649099139891565,-26.731579439603827,17.060448216405142,-11.550331414828047,user,rest,heavy
1788983540851,-9.61451590129435,5.601981802910566,1.258602031353861,-26.57105804127748,18.210626459425903,-5.48762328109295,user,rest,heavy
1788983540868,-9.803358557239177,4.740518702587485,1.050156630120799,-22.361798578453502,6.861322026023315,-11.685239603766847,user,rest,heavy
1788983540885,-10.614842113384604,4.780321136143804,1.2870327376767992,-25.300451610358348,-8.85515157494571,-27.38564689226071,user,rest,heavy
1788983540901,-10.950331374579669,5.068374692425132,1.44549936191719,-37.91867285663413,-25.716572347804917,-46.81861083574126,user,rest,heavy
1788983540918,-10.96185288554728,5.760747885021567,1.4867989386960865,-66.66572671464013,-36.67360791811626,-65.2658589536785,user,rest,heavy
1788983540935,-10.095451159778236,5.889734914940595,0.9256583264557644,-89.01649624513135,-31.060578948767297,-68.48427824153435,user,rest,heavy
1788983540951,-9.675717681232094,5.743240285381675,0.4783912639563437,-106.88981722749077,-17.37166920103136,-66.61236927684399,user,rest,heavy
1788983540968,-8.85480578700602,5.380518733868002,-0.7419034221040085,-119.44940812993116,7.060541141752839,-62.99375554513874,user,rest,heavy
1788983540985,-8.750509546229242,4.944325703430176,-1.1608889683596788,-122.6271263205229,18.68694336157508,-66.2516464962081,user,rest,heavy
1788983541001,-8.612543675562739,4.920533032171428,-1.4428056658538058,-119.46589620658756,28.96968728909714,-73.93084184043178,user,rest,heavy
1788983541018,-8.506150170245766,5.114313144518435,-1.7824836839755995,-108.26282868463588,37.56488271800581,-84.19597412517896,user,rest,heavy
1788983541035,-8.037334388622641,5.421070232225954,-1.9339171581761911,-95.08850026632685,41.08226963111689,-88.33023298827432,user,rest,heavy
1788983541051,-7.687780946239829,5.466859046715498,-1.871667805414274,-80.40326570171926,40.52937947818269,-86.62348482790402,user,rest,heavy
1788983541068,-7.007678621673583,5.512049895311892,-1.5497972831944002,-63.00426720627139,32.975869859971006,-75.47083776240538,user,rest,heavy
1788983541085,-6.539463144031167,5.491549543596804,-1.1305128635900097,-53.8406087931209,24.768188628717592,-63.02427283035036,user,rest,heavy
1788983541101,-6.46000616095662,5.351040418188274,-0.9371811891302466,-48.27812663872461,15.0793159891498,-50.30880335067193,user,rest,heavy
1788983541118,-6.5219555443912745,5.113564664238691,-0.7029982296483591,-45.687907169591504,2.263424585982203,-35.71996324582074,user,rest,heavy
1788983541135,-6.769604609569907,4.883272392052412,-0.7125743056366219,-46.65506195606531,-4.299975047172323,-27.65680027966834,user,rest,heavy
1788983541151,-6.961141326904296,4.795884323717654,-0.8249524748537689,-49.7449200082686,-6.744915538885612,-21.58118308840192,user,rest,heavy
1788983541168,-7.297825935363769,4.856038348168134,-1.1237790618229655,-55.72792324948424,-1.792069602821626,-14.070547421384047,user,rest,heavy
1788983541185,-7.301716513061523,4.863220953148603,-1.4899424243535846,-61.333486822070384,8.001053494708541,-8.234384709587223,user,rest,heavy
1788983541201,-7.320570851135254,4.816683658379316,-1.6195277124267071,-67.2011520738666,19.537752705726888,-1.561624889919214,user,rest,heavy
1788983541218,-7.458985634613037,5.184343250817061,-2.0020020121585578,-73.70180510699375,40.92657205389186,8.620910237360123,user,rest,heavy
1788983541235,-7.494449746704101,5.285947476030886,-2.333449815943092,-75.91303103946117,53.98873510565097,15.077167894655831,user,rest,heavy
1788983541251,-7.414395382258296,5.436183922466635,-2.485181542437896,-74.8833253805684,65.2267971018152,22.133043590318728,user,rest,heavy
1788983541268,-6.853701527404785,5.205891650280356,-2.507028376858495,-68.5992917969682,62.77325654816322,31.165029616649715,user,rest,heavy
1788983541285,-6.287472834777832,4.721214867180586,-2.057816728763096,-61.32508568939127,47.68024602972754,38.34592509488053,user,rest,heavy
1788983541301,-6.263231542968749,4.461893484386802,-1.6865661260960625,-52.75632992275971,23.2818984841878,43.58455724487525,user,rest,heavy
1788983541318,-6.684312344470619,4.418947199846804,-0.8798694023683666,-45.70254084988826,-12.026007986742538,40.946007357175134,user,rest,heavy
1788983541335,-7.225402504187822,4.420593505749106,-0.1798650938389822,-43.48391782254969,-35.12261539157894,33.635287058295305,user,rest,heavy
1788983541351,-7.457189983367919,4.450820009447634,-0.0802059017457068,-44.29555261671689,-47.04382266324409,25.974152441784437,user,rest,heavy
1788983541368,-7.810334143719077,5.057151579882205,-0.1517333339300006,-47.11339838522443,-47.36646713925715,21.903217970031555,user,rest,heavy
1788983541385,-7.596054264178871,5.547364369799197,-0.0927760449834168,-51.56182204447828,-37.36335457145,25.98349443302172,user,rest,heavy
1788983541401,-7.365760238426923,5.817310314720869,0.036810046807304,-59.81841426037816,-18.115919056394503,38.37436258748988,user,rest,heavy
1788983541418,-7.010970648956299,6.046854983410239,0.4523542569700628,-74.08983498393134,5.700070338810672,53.3100636040564,user,rest,heavy
1788983541435,-7.068880401611327,6.157137897381186,0.6937196387693285,-95.2008910291194,37.845152700408114,75.16462672153537,user,rest,heavy
1788983541451,-7.207593291252851,6.181527657750249,0.7395080148674548,-109.99062748802815,57.36562502753488,89.35009634457312,user,rest,heavy
1788983541468,-7.62957133385539,6.489781706017255,0.552162027221173,-120.0466125502004,71.31565119969311,102.6182374111323,user,rest,heavy
1788983541485,-8.355463934215903,6.508935319298505,-0.2202675756476819,-116.85418213213644,79.33001075667848,112.92621547254296,user,rest,heavy
1788983541501,-8.68302181788981,6.610240561565757,-0.6699280634891241,-104.31326496688683,83.97809792084472,119.0936645572002,user,rest,heavy
1788983541518,-9.175031428095698,6.661866119384765,-1.303344040204212,-83.73031914832417,84.34371794711551,123.9128411298861,user,rest,heavy
1788983541535,-9.770438284412023,6.356305547985434,-1.570596654388681,-48.8586449068515,78.42937518253143,126.59957800218066,user,rest,heavy
1788983541551,-10.043377273669838,6.190955995830893,-1.5081980658818035,-21.93847369897987,69.59921783107973,126.1002092115827,user,rest,heavy
1788983541568,-10.595690838190912,5.825242276763916,-1.110460803631693,2.917197273287718,55.886861751470434,122.62567832041888,user,rest,heavy
1788983541585,-10.976217510986327,5.551105602154135,-0.4774944338476285,31.297579682777567,33.11652394554908,113.73316134184496,user,rest,heavy
1788983541601,-11.148451561957597,5.36899780742228,-0.1189625891087576,49.04062163690815,13.440513696869145,103.30221255461736,user,rest,heavy
1788983541618,-11.412260319298506,5.018244926121831,0.5250775844080373,62.24397835918976,-2.6169933837927326,90.72055331096868,user,rest,heavy
1788983541635,-11.545139680480956,4.847209729546308,1.1963513634176923,68.22473105307388,-14.422299602318764,71.93146788545063,user,rest,heavy
1788983541651,-11.4278237991333,4.649688092583418,1.470189055080898,61.47810241736706,-16.500056808214982,56.14274112834662,user,rest,heavy
1788983541668,-11.07034014827311,4.211699410900473,1.918652506024344,46.305622647938286,-12.933468627417724,41.57730466668649,user,rest,heavy
1788983541685,-10.66093224890828,3.9715316413879393,2.116323730358644,17.2812579869879,-0.1921137446411535,24.146709716138133,user,rest,heavy
1788983541701,-10.55319200515747,3.958063672527671,2.084451260682409,-6.161200315340328,12.983011404562411,12.72834267871661,user,rest,heavy
1788983541718,-10.39322999126017,4.196885872650146,1.7545002796038112,-27.312341886993547,28.62858422685212,3.448304031968035,user,rest,heavy
1788983541735,-9.886108152118323,4.246415334972739,1.3431466039079822,-48.54500262016452,44.833143145910256,-5.484197941224188,user,rest,heavy
1788983541751,-9.738115977478026,4.200326953014732,1.165078234459774,-57.53668028510867,50.5852996535578,-11.104270543154731,user,rest,heavy
1788983541768,-9.534308976635335,4.247462798199058,0.8773246452224207,-62.28299922991804,50.586836446121055,-16.07318023037294,user,rest,heavy
1788983541785,-9.428366137695312,4.39874641560018,0.5569504579409491,-62.47306290395199,44.70037109863438,-21.645979385510536,user,rest,heavy
1788983541801,-9.283816796985269,4.364629626464843,0.378133831975283,-58.4400547651129,35.61951506879195,-25.15621850565519,user,rest,heavy
1788983541818,-9.074173929595949,4.320784639519453,0.0685334014674648,-52.14660918083643,24.320876124878872,-27.40392106338508,user,rest,heavy
1788983541835,-9.050231328472494,4.404582282146811,-0.0522240351688116,-44.46101736445504,13.175305989134012,-28.705888307878325,user,rest,heavy
1788983541851,-8.984242314258218,4.527884252166748,-0.0882865515444427,-36.42923740999155,-1.8119409709947203,-30.781941381576623,user,rest,heavy
1788983541868,-9.288156872016192,4.721964808765054,-0.015562456921488,-32.36623449541235,-8.8392099134229,-33.92951794736111,user,rest,heavy
1788983541885,-9.612420390319825,4.910207745251059,0.0342656595541164,-31.042502853128852,-14.272773101008845,-40.11713999573199,user,rest,heavy
1788983541901,-10.458620455059409,5.702388635033369,0.1788159866448491,-33.134217550593995,-18.725383666223912,-50.44530126614005,user,rest,heavy
1788983541918,-11.040411458477378,6.816290957421064,0.1502348390005528,-36.36817210371705,-16.303367850686126,-54.42501002379095,user,rest,heavy
1788983541935,-11.024549872478842,7.077708435711264,-0.0407026703316718,-37.44521097355802,-11.763519548070716,-53.42528206516535,user,rest,heavy
1788983541951,-10.76882154574096,6.834996826934814,-0.684742551587522,-30.051633649856768,-1.7869593406619872,-48.9954433506431,user,rest,heavy
1788983541968,-10.647014198192954,6.30153818500936,-1.2134119864750652,-18.694716116850557,6.897580512119151,-49.91623481303086,user,rest,heavy
1788983541985,-10.62292312850952,5.858161965069175,-1.3367138103645295,-3.000334976195348,12.811367896946344,-57.37485261310356,user,rest,heavy
1788983542001,-10.276661128887534,5.0822904050529,-1.095946978980303,21.08092466566455,10.887886735154144,-72.28302455222035,user,rest,heavy
1788983542018,-9.515905304938554,4.6278427560001605,-0.1140242924563586,35.7962769494173,2.195401664820988,-82.4043267134254,user,rest,heavy
1788983542035,-9.293692294311525,4.5673879950374365,0.4548974386468529,46.59025712122023,-9.673803534711451,-92.31852387861734,user,rest,heavy
1788983542051,-9.21887349243164,4.731241755676269,1.2277757351312786,55.99906126896623,-30.14221903372406,-107.5274495374573,user,rest,heavy
1788983542068,-9.025541708374025,5.329342088860273,1.7571927735157309,58.97475612428735,-42.80130530180404,-115.74766416583768,user,rest,heavy
1788983542085,-8.86797389613688,5.65674975040853,2.0995642685052007,55.27717174539841,-54.28964591972505,-117.2510571040492,user,rest,heavy
1788983542101,-8.605210263934731,6.763619105419516,2.6532230370901524,39.66964990697485,-55.98981660792462,-105.38632866663087,user,rest,heavy
1788983542118,-8.500165835139155,7.739256866455078,2.792985070458427,21.080451675064527,-49.37377094386469,-90.1693433845703,user,rest,heavy
1788983542135,-8.654889363861084,7.69631058191508,2.770988854162395,6.07575208750253,-46.28972538264508,-82.6515249198665,user,rest,heavy
1788983542151,-9.854384395599364,6.847565801128745,2.884114298082888,1.8326586422946616,-45.43363971735944,-92.81664957478635,user,rest,heavy
1788983542168,-11.612026520317793,6.732643536919355,3.477725941545516,6.707129224849808,-41.09398682063805,-112.80338818069863,user,rest,heavy
1788983542185,-11.821971001002192,6.633584320013225,4.064754845616966,8.365424450134856,-44.035776616919215,-136.0787057776211,user,rest,heavy
1788983542201,-11.250951566967368,5.843647117504477,6.118979577770084,-2.598241953200109,-64.11890626749329,-151.34533970475852,user,rest,heavy
1788983542218,-11.169249435314535,6.015131519152224,7.842506374657899,-20.489732519412215,-87.42835431969833,-148.82927559944423,user,rest,heavy
1788983542235,-11.63866493639648,6.229562789861857,8.215253499493002,-39.927902774587615,-109.94820518309322,-146.7227359763856,user,rest,heavy
1788983542251,-12.695852268871665,6.072293229918927,8.050801919091493,-57.64691953831268,-136.9880771637166,-146.16382159660344,user,rest,heavy
1788983542268,-14.040795635986328,5.513097723864391,7.290044487707316,-59.575259525925695,-154.1548423971949,-147.37216402304875,user,rest,heavy
1788983542285,-15.000270782250166,5.245545615276694,6.990019923125207,-57.92300261475376,-168.88713696518386,-148.86733341349955,user,rest,heavy
1788983542301,-17.267583261549472,4.406527625794616,6.685808135986328,-63.77310062000471,-163.3708576254281,-155.15218661980015,user,rest,heavy
1788983542318,-19.44031834553182,2.742856655861996,6.462398609051108,-76.89601137424191,-137.26405778732016,-158.5331029381998,user,rest,heavy
1788983542335,-20.85813581019938,1.7076636765193194,6.323086292211711,-92.45762068106464,-100.43864891490036,-165.1775519439232,user,rest,heavy
1788983542351,-23.50836565682292,0.1339250708431005,6.840681302312016,-115.63487042188407,-73.63549080034208,-204.60964104137585,user,rest,heavy
1788983542368,-23.451803811645508,-0.7420534615665674,7.66488668512553,-138.94185277579876,-82.7350513032266,-251.24987465675304,user,rest,heavy
1788983542385,-22.00481052137613,-0.6813008867010474,7.637802571105957,-167.68547446374683,-99.24167192323397,-296.66902071269374,user,rest,heavy
1788983542401,-17.846529396930336,0.6581058890745043,6.200981130760908,-192.9196083523589,-125.41275067162093,-328.7088370525766,user,rest,heavy
1788983542418,-14.520084296306967,1.6979381821230053,3.243094909502566,-194.19637561390945,-142.20609580279623,-332.4619713599852,user,rest,heavy
1788983542435,-13.207016076880691,1.5673030927360057,1.805078121893108,-186.42213135719584,-150.54743700591763,-330.28166569389043,user,rest,heavy
1788983542451,-12.100295774951576,0.9085989455074072,-0.2284972054630517,-171.5003946623874,-157.3075620954244,-336.25346400977264,user,rest,heavy
1788983542468,-11.153687709045409,1.5753846923828123,-1.3055901386305688,-145.9772754699921,-170.6874382266158,-355.4771133910436,user,rest,heavy
1788983542485,-10.232070584271847,2.24142049767375,-1.912817488861084,-126.26302726101746,-165.36039610800444,-366.6501554014039,user,rest,heavy
1788983542501,-6.89560005645752,3.3500866729736325,-3.295170549176633,-104.9844198452998,-148.0894568293051,-370.8798456675827,user,rest,heavy
1788983542518,-3.177255240631103,3.199851687842607,-3.872921045032143,-71.67524699911594,-123.08341027783644,-353.5749603487084,user,rest,heavy
1788983542535,-1.5699979943757876,3.2240906415641306,-3.785083479364216,-43.578696942567376,-104.89760814094896,-327.6232741066514,user,rest,heavy
1788983542551,1.179443410171382,3.361307155168056,-3.1729166269049047,-19.556665499538653,-89.23966584607234,-296.6113465953421,user,rest,heavy
1788983542568,3.762038996124268,2.8287480924308297,-2.258330423681438,2.88380234400141,-72.44148494096464,-249.49910592718203,user,rest,heavy
1788983542585,4.824615620422363,2.345118772557378,-1.62476539388448,11.780180087003671,-69.32130426394109,-212.83973212329607,user,rest,heavy
1788983542601,6.123619658660888,1.7776941481441255,-0.4346981157049536,14.693295895375485,-70.3757147170618,-179.81720182601012,user,rest,heavy
1788983542618,6.883479410552978,1.5025094257861376,-0.0155626030519604,16.88394759051555,-68.76026569532706,-136.52370626242578,user,rest,heavy
1788983542635,7.191732874298095,1.1852794593811034,-0.0837976426273584,24.559519519384533,-61.99247713357155,-106.4620561401512,user,rest,heavy
1788983542651,7.484274097387492,0.5374982727050781,-0.2678527720347046,37.32737654999696,-51.98333350872728,-79.82518581112606,user,rest,heavy
1788983542668,7.4263643447324625,0.2834136215209961,0.1833048955619335,49.33381433722012,-31.5405807379737,-48.71588712300907,user,rest,heavy
1788983542685,7.472452142168581,0.2467529931217431,0.5867272907763719,51.88940133216668,-13.63883165451505,-29.21089541963614,user,rest,heavy
1788983542701,7.930193864330649,0.309600202178955,1.5129846425712108,50.71985779530164,1.0022876787387645,-9.960104574150876,user,rest,heavy
1788983542718,8.58051947479248,0.8749304846614598,2.050034586986899,48.151348082445416,13.833218838293613,21.67922874639016,user,rest,heavy
1788983542735,8.910470098821818,1.1420336073726416,2.117370924156904,45.49038492898391,23.0144282762901,52.43398597507013,user,rest,heavy
1788983542751,9.390357309557498,1.3712795853763815,2.136224677708745,40.87481971055068,32.04016467953053,90.08854224668904,user,rest,heavy
1788983542768,9.044844666998088,1.9996049609541893,2.092681596319377,33.57944001654669,50.50308466651836,145.75642813336887,user,rest,heavy
1788983542785,8.578574478204548,2.295588725712895,2.0762211676448583,27.460072048551755,65.1050558100489,183.0403407745825,user,rest,heavy
1788983542801,7.612363886205852,2.8889024091422555,-0.1797147621154785,36.91850776590166,94.76816439425323,221.00266878529672,user,rest,heavy
1788983542818,5.153518927355855,2.369360648888349,2.717119024547934,26.70912519270741,105.2377037502914,253.5291087827863,user,rest,heavy
1788983542835,4.5343183038022365,3.0481179885864256,2.1374229475826025,12.41163534463958,118.20020751187084,272.9465716119455,user,rest,heavy
1788983542851,3.345597380464058,3.329435514611005,2.039261264038086,-5.185731907986148,131.10145130678444,293.0400319236392,user,rest,heavy
1788983542868,2.6126720501888543,3.862295021599531,1.6273083563655617,-33.01808042904168,144.05047910513147,327.24471770209266,user,rest,heavy
1788983542885,1.7480660487301647,4.272002196171879,1.3486837226867674,-50.830687859868846,153.3752036241946,349.97629759956874,user,rest,heavy
1788983542901,-0.0213984695985913,5.347897151726484,0.3214204038321971,-63.413648254554445,162.01514703745062,371.16597595229285,user,rest,heavy
1788983542918,-0.8875009201601147,6.000018997955322,-0.1595151469126343,-66.51644610014033,166.04366091181583,397.0680477002188,user,rest,heavy
1788983542935,-2.25997789862752,8.232910736736654,-1.2517188477113843,-58.16938119849446,162.26126607400286,451.9036203950192,user,rest,heavy
1788983542951,-4.303877928382158,10.64955745293498,-1.8760069305971263,-45.29723400944511,141.80270483041528,501.3134820584583,user,rest,heavy
1788983542968,-5.781247652214765,12.159103353229163,-2.174534826880693,-30.30809700790699,118.76118460878232,541.7373282837751,user,rest,heavy
1788983542985,-9.60179670497477,15.348328725378217,-3.074305446027219,-9.944582115488377,103.9440386007343,568.4092716341883,user,rest,heavy
1788983543001,-13.864970867046711,20.145709425133465,-4.41445982529968,2.633444748182354,112.0634191463978,572.8298247065338,user,rest,heavy
1788983543018,-15.97351375710368,22.778134881127624,-5.488259562140703,21.530465518719986,124.50717687070392,573.1415545402532,user,rest,heavy
1788983543035,-18.874091990992422,30.15033180153854,-8.602517371588945,83.18597356204167,133.19688504225266,601.8963777384402,user,rest,heavy
1788983543051,-20.898987460547684,38.45536808248311,-9.804705003412067,139.51031576004058,122.95871834434868,666.2953354222823,user,rest,heavy
1788983543067,-22.558766592407224,42.56471508015096,-8.254160445514321,186.73125205865227,96.04866776927972,737.467545819216,user,rest,heavy
1788983543085,-30.1976166267395,45.57317793469727,-5.964855183985084,303.0751644182754,17.268649457780054,735.9624999752253,user,rest,heavy
1788983543101,-35.32195578297078,37.19422089669108,-3.1292228849984705,412.0916498363088,-63.68517559481913,656.6701235608735,user,rest,heavy
1788983543118,-34.48189144450724,30.194772927746172,0.2650077578671276,469.8736295352693,-148.7761230673232,546.9487079789815,user,rest,heavy
1788983543135,-32.54528128438741,17.801188618469237,6.686405955749005,429.27768986362486,-183.68378557553268,371.94699442350543,user,rest,heavy
1788983543151,-29.31415709092468,7.127238482555747,10.978610397472233,302.9525488622953,-127.9213835311182,229.60153544088428,user,rest,heavy
1788983543168,-27.02230638269633,3.580677051323652,11.759569197624922,132.2373937280276,-39.78317106607504,89.06135692759999,user,rest,heavy
1788983543185,-23.571963684247432,2.134579248589277,9.307907574407755,-77.46911205693016,103.13440846708848,-84.9371042916387,user,rest,heavy
1788983543201,-18.30920828323364,8.959850215801596,4.99954081017375,-192.50002983164504,223.87682604841643,-160.10471580584138,user,rest,heavy
1788983543218,-14.881909775763749,13.11259416438639,2.722654739104211,-243.7549168352013,337.7420900789986,-169.07682497881345,user,rest,heavy
1788983543235,-7.449857740783691,17.23884933449626,-1.086968430493772,-194.4785170681443,409.9770232692729,-85.37388122868268,user,rest,heavy
1788983543251,-3.315819953973591,15.306579541668295,-1.2035358315616846,-91.4717989875892,335.8428057161148,2.6011119133119838,user,rest,heavy
1788983543268,-3.566612285614013,12.700192343902588,-0.1524815950140357,22.11279720207152,173.34953177638496,66.16619399950207,user,rest,heavy
1788983543285,-6.052391867010295,8.637231542095542,2.443880467821657,137.09348064298825,-47.32416777772727,98.61295984032346,user,rest,heavy
1788983543301,-8.995315204675496,6.303483473858237,5.307794566179812,176.34522542559588,-155.03547234726298,96.40639209686996,user,rest,heavy
1788983543318,-10.252869188281148,5.88659252526164,6.855196442137658,168.50011112605424,-205.73505131091883,77.52327545704837,user,rest,heavy
1788983543335,-12.866739727539567,5.233724244579673,8.373570084270835,102.39952792371932,-211.975453646101,31.376283952583623,user,rest,heavy
1788983543351,-14.17322491531372,4.396053523254395,7.221660102789103,41.07535064948766,-193.65006976333515,-10.344072196079606,user,rest,heavy
1788983543368,-14.36401286010742,4.342931004875898,6.1306517492547625,-15.027906862814408,-164.22191285639005,-49.62211662208636,user,rest,heavy
1788983543385,-14.435839202173051,5.710469650158286,4.080915852953494,-81.71535187146787,-119.89169019944616,-100.37867302379848,user,rest,heavy
1788983543401,-14.018201234601436,7.076512503924965,2.204160442076623,-118.5451047441998,-89.87859589198119,-135.7627958681297,user,rest,heavy
1788983543417,-13.945926564246417,7.87797150966227,1.4326289570912718,-142.93422128907628,-67.52891919175717,-168.56580388549142,user,rest,heavy
1788983543435,-14.02298963792175,9.996091790881753,-0.0187057233832776,-162.9769059744801,-40.51778181697201,-209.3514725519005,user,rest,heavy
1788983543451,-13.459603767505287,11.242723252326249,-1.1948575811959803,-165.82457576399852,-26.88007799744366,-231.58876531952117,user,rest,heavy
1788983543468,-13.181127602386471,11.619359347423911,-1.6234194591682405,-159.5126750085847,-21.95826417209998,-245.5011776399201,user,rest,heavy
1788983543485,-12.759448250469564,11.96517068066895,-2.04644511112757,-143.21397217710165,-25.88082644451267,-261.13799415969385,user,rest,heavy
1788983543501,-13.307272102355956,12.884994784545896,-1.9149131094334648,-129.96378767787044,-26.053896607891623,-261.59919585320984,user,rest,heavy
1788983543518,-12.987945455932616,13.5023989531368,-2.0548246959238194,-122.2736503705964,-20.4474860918484,-260.10144465125273,user,rest,heavy
1788983543535,-11.341782176971437,11.761664708599447,-2.079514765830152,-115.45645222038502,-18.897314895558765,-255.38664702946295,user,rest,heavy
1788983543551,-10.829423021697997,10.638484854778646,-1.688062757861987,-108.8648415580808,-12.534457513842042,-248.7481129675608,user,rest,heavy
1788983543568,-10.952574769592283,10.126125991766154,-1.5171763221073895,-108.38208378754432,-11.6864348868716,-257.27702482566906,user,rest,heavy
1788983543585,-11.617114783367514,9.57695569370687,-1.0474647606883198,-107.81405793540938,-12.815953515200365,-270.31082893199425,user,rest,heavy
1788983543601,-11.737573638916016,10.826729544830322,-0.8821149893380701,-113.45072618947576,-6.98083411479926,-278.92604706045483,user,rest,heavy
1788983543618,-10.843190850287677,10.79545528564453,-0.9530426289983092,-117.7179415149546,-0.2390791392303661,-276.7833620763085,user,rest,heavy
1788983543635,-9.029581339153648,10.27202294769287,-1.4544784583929926,-113.70811503815852,8.354974260704738,-262.34264828398733,user,rest,heavy
1788983543651,-7.334785838970541,9.818022165624797,-2.160019979315996,-97.88134412737756,16.910622894319033,-233.86728910588076,user,rest,heavy
1788983543667,-6.704512251934409,9.16006613334976,-2.3461685008060185,-78.59832674184086,16.373711968948086,-209.59983189050047,user,rest,heavy
1788983543685,-5.855618125805258,8.621220610754191,-2.598757579670101,-57.05145340118721,17.83989745165595,-180.3573195251964,user,rest,heavy
1788983543702,-5.046230080634356,8.1696146879334,-2.6981162179142237,-27.40381861054753,23.65747351117388,-139.16097890475112,user,rest,heavy
1788983543718,-4.593725382342934,7.799710531439259,-2.6526273362193256,-3.5362019498403408,24.89225559989629,-107.61062758116972,user,rest,heavy
1788983543734,-3.65220441044271,6.590488909326121,-2.4200901346504686,19.67346173434587,18.471584081949995,-77.82595529011748,user,rest,heavy
1788983543751,-3.399766357421875,5.689820099230856,-1.6950955791082232,47.055956494304624,1.7767034914580957,-40.1185948260252,user,rest,heavy
1788983543768,-3.3780677358329294,5.781847371673583,-1.1406879649173467,59.63684051148253,-15.046843562288268,-12.23103660524798,user,rest,heavy
1788983543785,-2.6572633985221383,5.83691415598765,0.4493604089163243,65.99786398740711,-42.87345942019605,16.898806667054913,user,rest,heavy
1788983543801,-1.1373965952217575,5.78274505116567,2.338835162243247,63.55694562334131,-92.93523531915612,69.26140350492007,user,rest,heavy
1788983543818,-0.6114210025280714,5.611409629534557,3.062781450841576,54.295239844655285,-126.41493066815852,115.34606270301929,user,rest,heavy
1788983543835,-1.420810216742754,4.880430373559519,3.156454736925661,46.34579440554172,-150.25578792835807,147.37004666440603,user,rest,heavy
1788983543851,-4.490774126434326,4.487781283027585,1.526601664513349,53.24981450538772,-143.8152747108729,141.71975901313465,user,rest,heavy
1788983543868,-5.600635064476728,3.9131726836606857,0.8488926648244262,61.65417103379165,-110.2754463764177,112.64148537661264,user,rest,heavy
1788983543885,-5.0933635877311225,4.009688901553116,2.03058052945435,48.06567701968595,-64.44304655493458,98.99502696211565,user,rest,heavy
1788983543901,-3.789423262134194,3.5706526470459994,3.2930732846364377,-7.150995898252257,-11.879833400767804,101.08123994220432,user,rest,heavy
1788983543918,-3.821147018653154,3.9639001235961913,2.76156110060364,-40.5582575179935,33.97930661131592,109.147597729341,user,rest,heavy
1788983543935,-3.732111475372314,5.3136310172483325,1.5264517346486448,-62.25130032198001,70.5256305391544,119.57673651643852,user,rest,heavy
1788983543951,-3.729718442755937,6.480505197497457,0.6090241705194115,-72.85184270629901,104.10430898960864,140.9904723946957,user,rest,heavy
1788983543968,-3.941456236597896,6.906074980981647,0.1943789550229906,-68.62151040233826,115.1470309906051,157.89109247697525,user,rest,heavy
1788983543985,-4.739771099090576,8.104971023913473,-0.0200521695561707,-58.75031610816073,118.83265570825736,177.38722542499468,user,rest,heavy
1788983544001,-5.791573815917968,9.777918995556234,0.5475231153741479,-49.711332553025066,117.10900282969126,209.5703391336644,user,rest,heavy
1788983544018,-6.240038298907876,10.575039095306396,0.8146262380853295,-46.50658388879299,108.57310368806206,239.3662470859013,user,rest,heavy
1788983544035,-7.5528084121704095,11.847557569940388,1.1968009703487157,-44.68593549382356,94.15701272769884,270.4522958100836,user,rest,heavy
1788983544051,-8.76502264022827,12.44925008239746,1.2264281929798424,-44.093693205986334,74.26396382663164,291.369039803574,user,rest,heavy
1788983544068,-11.88212297962606,14.265550732311606,1.167620760832727,-42.26649465960286,48.13036574131514,302.9433964088076,user,rest,heavy
1788983544085,-14.630219326239825,15.819089503589272,0.3752897950552403,-34.204955570925634,27.418071507798054,306.0289480267391,user,rest,heavy
1788983544101,-15.739631351470946,16.11372536087036,-0.2310416292488575,-15.295641740542443,5.194739219954102,309.4712540853988,user,rest,heavy
1788983544118,-16.896479081615805,14.712518839263916,-1.5301948666997254,26.634172404302983,-21.85973527822796,313.4287203320176,user,rest,heavy
1788983544135,-18.26985359344482,11.855938152533769,-2.449718307129666,67.53546251298204,-30.958009998001213,301.47990543572723,user,rest,heavy
1788983544151,-19.23606418544352,10.370334853363037,-2.6197064788702877,111.11013647412828,-24.65683263958429,264.3400414841092,user,rest,heavy
1788983544168,-20.167258116857703,7.095216619873047,-2.103456453638151,156.55920558882278,1.4890291571086756,181.2684394397194,user,rest,heavy
1788983544185,-19.236362583868203,3.929482890209556,-0.2275996173025108,168.13405396767658,24.12643259203966,101.24842248251872,user,rest,heavy
1788983544201,-17.893664657592772,3.3461960952758787,1.1068681494345889,155.98605709481032,47.566041851710345,27.91137167531847,user,rest,heavy
1788983544218,-14.560485864800214,3.828775613835454,3.7874763658501207,104.57404158939794,78.78141679273223,-34.363371563440325,user,rest,heavy
1788983544235,-11.314098928014934,4.208706658825278,5.115360023222864,53.74875640916257,95.58797150976235,-52.36230655482543,user,rest,heavy
1788983544251,-10.310180244390668,4.280234017944336,5.236716850524395,3.3081767247297,109.34820721545344,-54.600436602433554,user,rest,heavy
1788983544268,-9.314043300683796,4.621108479309082,4.478952171215415,-49.58102961913414,117.05235324071518,-50.43038071789815,user,rest,heavy
1788983544285,-8.642918063299357,4.338143186077476,3.331979792266339,-74.13208653413703,106.69532076068548,-46.76964862467603,user,rest,heavy
1788983544301,-8.516024790789187,4.141219515007734,2.8182735332328823,-87.01234115773119,85.32762035743418,-43.70539353657653,user,rest,heavy
1788983544318,-8.7186346908018,3.906439283752441,1.9454372443716967,-93.87502836781486,41.75996783075472,-44.605629544657134,user,rest,heavy
1788983544335,-9.229199071612951,4.096330571967363,1.0754444353081285,-95.3529720211789,5.735506213998345,-47.6119236474599,user,rest,heavy
1788983544351,-9.562740413610635,4.281131843566894,0.5541071334069595,-94.54480354801548,-24.36082248623969,-50.93220496150275,user,rest,heavy
1788983544368,-9.978733536584675,4.315249217224121,-0.6096247667610645,-88.94682831559722,-55.45934313584641,-61.15681031880966,user,rest,heavy
1788983544384,-10.652701011657712,4.324826023864746,-1.5292972602728754,-80.3049041474819,-71.4263480755715,-74.02331577160459,user,rest,heavy
1788983544401,-11.04520044631958,4.540154535675049,-1.9494800534890964,-69.83432660268991,-81.0584584280419,-91.71032285378438,user,rest,heavy
1788983544418,-11.67053599243164,5.079149184417724,-2.422932810730487,-53.97179965160392,-82.16295465834632,-118.20911407854854,user,rest,heavy
1788983544435,-12.107627433013915,5.784690486145019,-2.6593602246709165,-42.8334276814706,-74.34331013421968,-139.28071212090143,user,rest,heavy
1788983544451,-12.30320319660604,6.28866935108602,-2.629881908991188,-34.593928013968686,-58.24824256265144,-159.00874365162113,user,rest,heavy
1788983544468,-12.473940287017822,7.474697583007812,-2.338687570466101,-30.1261988250258,-31.6113483279642,-182.13819572862883,user,rest,heavy
1788983544484,-12.310535439190268,8.442852879333495,-1.919402420209348,-27.7119523496689,-11.016021083983585,-194.8142208658504,user,rest,heavy
1788983544501,-12.13127017440796,8.87994490443766,-1.8100170396000144,-22.745004634289774,9.551310922136445,-201.48403719415128,user,rest,heavy
1788983544518,-11.519253544074296,9.311949251013994,-1.7037750715829432,-8.597561235682434,31.80411675690947,-200.95294900504777,user,rest,heavy
1788983544535,-10.69983685684204,9.159766638946532,-1.5671553548283874,6.811826633315995,41.32885653562727,-197.0827179345084,user,rest,heavy
1788983544551,-10.386493961003422,8.93815217873454,-1.4059966784924267,24.93742193333029,41.128708087283805,-195.4528708740033,user,rest,heavy
1788983544568,-10.358214207458497,8.740631710815428,-0.9774337045416236,49.0681029030337,30.54854698744812,-199.24993695815348,user,rest,heavy
1788983544584,-10.237904989513757,8.812158193151653,-0.4490638371225446,64.41565066617366,15.99885923446674,-206.8316928236777,user,rest,heavy
1788983544601,-10.097545501708984,8.768314959771931,-0.1957267894353717,77.07608248152012,-1.2160784694539817,-215.06194783013805,user,rest,heavy
1788983544618,-9.848997441864013,9.36581761932373,0.1713336680654436,87.69053796117844,-16.559254057751485,-219.4013445947656,user,rest,heavy
1788983544634,-8.69514129475057,9.40651875528544,0.4605837406549602,91.74530025252402,-24.656200847086065,-216.33002709106427,user,rest,heavy
1788983544651,-8.247126893615722,9.434052512768655,0.5819395450431853,95.40286655306583,-28.40075302180259,-207.0572393304499,user,rest,heavy
1788983544668,-7.170185059356689,9.388113768414408,0.7755703851126134,98.21994392529176,-31.04848951393637,-192.82628064753987,user,rest,heavy
1788983544685,-6.150853118023276,8.751704820428415,1.1357487549494951,101.27353708809686,-31.17547639098525,-167.59568479691782,user,rest,heavy
1788983544701,-5.7544648592293255,8.474725396673382,1.3527226228140294,101.93126381460158,-29.797789669353243,-146.32959028775966,user,rest,heavy
1788983544718,-5.025131178504228,7.748983420297317,1.9488792745843528,101.87955928258458,-28.00993813523092,-125.5399151335882,user,rest,heavy
1788983544735,-4.265418726128339,7.014412480522843,2.7442024809803813,98.29636691191504,-24.66748090450034,-97.27748027266756,user,rest,heavy
1788983544751,-3.9662937407344576,6.55547325338861,3.2193020190481096,90.84872181074395,-24.409851291649336,-78.87889042237748,user,rest,heavy
1788983544768,-3.642776656883955,5.789179504659958,4.22202396716848,78.02963836135643,-25.252624918242624,-64.45163893291046,user,rest,heavy
1788983544785,-3.305944748908281,5.169828914709016,5.218610408208519,49.656089983018,-29.68271805731145,-49.02154491855631,user,rest,heavy
1788983544801,-3.116352735900879,4.969464674731344,5.750123030632734,21.09247963819292,-35.68536492258004,-36.36020468805023,user,rest,heavy
1788983544818,-2.378190436553955,4.811297873687744,6.076183953747153,-12.475209037886769,-36.13606861534168,-19.11773705290613,user,rest,heavy
1788983544835,-1.9644436312019824,4.841075464574993,5.143192909783124,-49.73242759227665,-28.17174873176311,13.386629480733268,user,rest,heavy
1788983544851,-1.912519382697344,4.9075147067748,4.323927321459353,-65.78833427423862,-15.864924347484669,39.52809082133175,user,rest,heavy
1788983544868,-2.252194405144453,4.881477836785837,2.78595129936412,-70.56877001395222,-2.1515345614331696,64.00137920244487,user,rest,heavy
1788983544885,-3.058443567767739,4.926668246990815,1.7657225553214548,-63.19703563521666,18.41933484234669,90.34965354846946,user,rest,heavy
1788983544901,-3.35831674118042,5.014804859537398,1.4254467905022203,-52.43710737152082,26.52907969863858,106.24729450207847,user,rest,heavy
1788983544918,-3.996370314568281,5.456235744962934,1.8788487298943104,-45.2185194943553,30.513644720789355,123.81415855675776,user,rest,heavy
1788983544935,-4.997895381054282,6.339995377969182,2.2031128327198326,-43.34860494490257,30.44124471558722,149.37984348806063,user,rest,heavy
1788983544951,-5.508758160290122,6.544100886834412,2.2375300661064683,-45.1192802608096,28.635334161299387,167.60056155198524,user,rest,heavy
1788983544968,-6.903083690211177,7.017404919787496,2.3069622065119444,-49.87121362111672,27.08661267266109,184.35578056721357,user,rest,heavy
1788983544984,-8.730456353759765,7.814225159808248,2.022649809520319,-57.72263218526227,32.61103872054936,202.22087800181225,user,rest,heavy
1788983545001,-9.654318919372558,8.273911732427775,1.6463118205863982,-59.46514321612676,37.97438329459934,212.96488850964735,user,rest,heavy
1788983545018,-10.951527306365966,8.186224388885497,1.1004343535274266,-57.266952699690286,39.23054729051848,220.2677950721167,user,rest,heavy
1788983545034,-12.806135767364502,7.8615107887268065,0.8043016087520867,-48.34558500206224,32.055211586272065,216.13018941632805,user,rest,heavy
1788983545051,-13.923328947991132,8.334963582500816,0.6839921716116368,-40.47578639886019,30.34747987866129,205.32431105499091,user,rest,heavy
1788983545068,-15.836746156311037,9.655067107391355,0.5027813987847417,-30.948024261434654,29.091032429891587,191.8799989191696,user,rest,heavy
1788983545085,-17.1225820854187,10.223839639282224,0.1420044785328209,-11.001950894293357,24.783117714695948,175.99464547587746,user,rest,heavy
1788983545101,-17.204881598442793,9.476399223980309,-0.1104335014227777,6.303035169871166,22.1343942602271,160.97803745349754,user,rest,heavy
1788983545118,-16.494702115520834,6.33311230392456,-0.5930143351566046,23.77998319922181,21.383836725165445,137.56838369597924,user,rest,heavy
1788983545135,-15.270068550872802,3.125929542541504,-0.5654820389781147,42.21164824056766,25.762408039777576,89.41671117954824,user,rest,heavy
1788983545151,-14.552107328033449,2.1345804176330567,-0.300024783777818,45.09162140976564,35.56651621592724,47.29146824707584,user,rest,heavy
1788983545168,-12.77486092365682,1.8953093046993017,0.6515215422481299,34.12608737657949,51.70246929986718,9.95442527185601,user,rest,heavy
1788983545185,-11.77977085865438,2.3063638022273776,1.2319651131125169,16.881688505447567,62.33046221446046,-16.113954752170624,user,rest,heavy
1788983545201,-9.724498371014,2.948009847149253,1.842037468377454,-7.026071738332724,69.18448874467656,-31.22462984734725,user,rest,heavy
1788983545217,-8.282141508373618,3.708168874248862,2.112732450701296,-26.688786596906404,66.93305348856525,-30.59819563252494,user,rest,heavy
1788983545235,-7.870040716663002,4.164265459552407,2.072329850161588,-44.14067466219227,61.16284820603595,-24.7824910448396,user,rest,heavy
1788983545251,-7.328799750298261,4.7945378775447605,1.506999047089275,-56.89437271065526,42.710627710382944,-12.726462669147564,user,rest,heavy
1788983545267,-7.151030861553549,5.081543386077881,0.6046842324858065,-55.7316661931494,25.060223611965245,-0.6412641563359889,user,rest,heavy
1788983545285,-7.098060903388261,5.038897253528237,0.1692390704063698,-47.71988844767029,4.908903487151885,12.800029782924124,user,rest,heavy
1788983545301,-7.1863447515189645,4.830151627239585,-0.4804872247387305,-32.13768270540538,-21.3031943891824,32.87584856976534,user,rest,heavy
1788983545318,-7.570614117974042,4.307018564495444,-0.8447050495420116,-21.437475908264847,-38.74958244463911,45.88120835329203,user,rest,heavy
1788983545335,-8.002020498657226,4.065952969360351,-0.9298488734807818,-13.25490501372134,-52.83122977719808,53.0152384885328,user,rest,heavy
1788983545351,-9.211242559161782,3.905542042651773,-1.0244200217200443,-9.23965878181887,-63.95123195355864,52.03514390867641,user,rest,heavy
1788983545368,-10.503660789269208,3.9082343504756687,-1.2125140147220344,-10.399077417013013,-64.3999480612718,41.58704110134833,user,rest,heavy
1788983545384,-11.190347752922772,3.848977859386802,-1.4302372396491467,-12.352614826247857,-59.15747051477436,23.069629865162145,user,rest,heavy
1788983545401,-12.246789819988608,3.8183021506160495,-1.9810536974802613,-12.507071870364877,-45.04284702890257,-7.081353581927514,user,rest,heavy
1788983545418,-12.637493603405357,4.115332794079184,-2.3442232850223776,-11.71786229479012,-27.6477451563762,-27.272467242619012,user,rest,heavy
1788983545434,-12.528707649993896,4.282179306793212,-2.388516819452867,-12.00175227745253,-10.209008620337189,-44.988854383513626,user,rest,heavy
1788983545451,-12.202347451671958,4.496609408459067,-2.1399681750860062,-13.879720473710352,9.001321038278569,-66.40274394102713,user,rest,heavy
1788983545468,-11.815983743286132,4.811896424102783,-1.8041809538576752,-15.80766004148328,18.664678652428133,-82.64484499485823,user,rest,heavy
1788983545484,-11.576114664459228,5.003133281707763,-1.6701065376717597,-16.040837577105638,23.92554819081312,-97.34988027786969,user,rest,heavy
1788983545501,-11.021258429718015,5.3960822137027975,-1.4752785967722537,-13.216883911932818,28.455575535175697,-110.39999487593288,user,rest,heavy
1788983545518,-10.353424635094404,5.679195975494385,-1.3060378093328326,-8.733184033163147,28.877674395693315,-116.60027667993036,user,rest,heavy
1788983545535,-10.071209283447264,5.689671192279458,-1.1962040273688732,-4.331618886710169,26.66649115190819,-120.53926043465506,user,rest,heavy
1788983545551,-9.488520454406736,5.840804587554931,-0.8753807126469909,-0.8362841464689829,20.656549644606024,-124.16195178929482,user,rest,heavy
1788983545568,-9.143755415344238,5.992836392974853,-0.6274315685432403,-0.0178258182306413,15.33321802626127,-126.466252709582,user,rest,heavy
1788983545584,-8.962693330273032,6.068104107666016,-0.5933137564945966,1.01832912505648,10.168129084381016,-127.02643750454978,user,rest,heavy
1788983545601,-8.616731774902343,6.094739601135253,-0.624738237806037,3.40890045720282,7.097879651511184,-124.18557058344471,user,rest,heavy
1788983545618,-8.08866008671224,6.133196465301514,-0.6977609500493854,4.687400879255194,6.2665150021527545,-119.26630441866143,user,rest,heavy
1788983545635,-7.828589931377768,5.998522621917724,-0.6946189987618476,5.870369152933893,6.213582316745626,-113.63279854218078,user,rest,heavy
1788983545651,-7.62957133385539,5.9187657791137696,-0.6374573610603809,7.130130524111514,11.230208132392368,-105.28803541428522,user,rest,heavy
1788983545668,-7.584232308959961,5.83212589879781,-0.5874779630132019,8.744258331128675,15.394466040096066,-101.3947729458646,user,rest,heavy
1788983545685,-7.39269617614746,5.745485726220905,-0.5065244212379679,11.071141564359232,17.277344288593483,-95.24877065520118,user,rest,heavy
1788983545701,-6.819434516143798,5.682637932641804,-0.1629562272772192,12.389695069478208,17.869723180214102,-82.92188429778312,user,rest,heavy
1788983545718,-6.4079305212825535,5.5865705910280345,0.20799480792135,11.846240822882388,16.566313058258693,-71.31603369028663,user,rest,heavy
1788983545735,-6.25021248691976,5.620837163897604,0.2585722083942964,11.635562784159696,15.32894745048272,-58.186531803500365,user,rest,heavy
1788983545751,-5.972785538592934,5.540033003997802,0.2388199716327712,15.950832759317796,11.22969501443097,-38.4552832536816,user,rest,heavy
1788983545767,-5.668271261376142,5.362712589672952,0.3619726328425109,22.665615638019425,4.7912790919078025,-22.977574283076,user,rest,heavy
1788983545785,-5.728875659942626,5.199308472497761,0.4655211239919066,29.413693981377577,-3.025860673784155,-10.293849815112502,user,rest,heavy
1788983545801,-6.03982260055542,5.157260159710795,0.6871352371440269,34.86993254323432,-8.547699147194049,-1.3755955098072197,user,rest,heavy
1788983545817,-6.116886551013589,5.1026427265994245,0.9271540449062362,38.48992255805732,-9.179454079379791,8.919898353182846,user,rest,heavy
1788983545835,-6.009745442199707,5.060145501001179,1.0802330943567675,37.40784300860888,-6.145580526482156,17.706015498639946,user,rest,heavy
1788983545851,-5.876866081017256,4.940285488128662,1.415121832375415,32.51114378884334,-0.4771571754996495,27.139406619850703,user,rest,heavy
1788983545868,-5.89946194370687,4.928164549963176,1.7289120883890428,21.14622127412987,10.05773529814704,40.197917227951145,user,rest,heavy
1788983545884,-5.976376841083169,4.925621441351622,1.8466769008142871,10.193787543771816,18.265664123757865,49.63888132140416,user,rest,heavy
1788983545901,-6.281935074394941,5.003881177465617,1.9768617256831376,-2.1421360076918203,27.033571131114066,58.41305502732384,user,rest,heavy
1788983545918,-6.739826726421714,5.217863243103027,1.9289772175559772,-18.90224458459222,36.51039371770964,68.75038924178723,user,rest,heavy
1788983545935,-6.9412383565604685,5.363909252111614,1.852811694937744,-29.510033799620604,41.73399603643575,76.96282428470298,user,rest,heavy
1788983545951,-7.085939088439941,5.573103206689655,1.6265594011617823,-38.19077051769452,43.626767813945925,86.86795778886629,user,rest,heavy
1788983545968,-7.308002461463213,5.734263198199868,1.548748066402413,-47.4715735052999,41.37133348207558,102.09317344887673,user,rest,heavy
1788983545985,-7.537247270423173,5.855020452173054,1.5524888238333163,-54.48184061278003,35.97414532068818,112.78253561316258,user,rest,heavy
1788983546001,-8.394521102362871,6.13244856954366,1.4466950379751622,-62.22137726322619,30.733754396982185,120.33394494820448,user,rest,heavy
1788983546018,-9.21228885334432,6.241384452819824,1.1803408156688324,-74.27836186540203,26.027414256932197,123.47151528685492,user,rest,heavy
1788983546034,-9.504681315612793,6.222530407007039,1.0134941933569497,-83.2412229622379,23.49982591494081,122.9034347932066,user,rest,heavy
1788983546051,-9.99220062866211,6.146664141900837,0.6479295273718424,-92.77456194912077,22.846467094410315,120.7648615829406,user,rest,heavy
1788983546068,-10.574141854205727,6.048203475409746,0.2344807551183737,-104.9523999184708,25.21272295311141,114.3861888982007,user,rest,heavy
1788983546084,-10.89750930045247,6.176891814643144,-0.0414507419027504,-112.71269009871004,33.76272131273482,110.24602192147329,user,rest,heavy
1788983546101,-10.970829972729089,6.248866333007812,-0.5562035576969385,-119.74346143407854,43.15753381796605,107.7899746883959,user,rest,heavy
1788983546117,-11.125405617412923,6.302735870361328,-0.6202491370927077,-127.10189743450007,48.34004571864536,103.70005741339229,user,rest,heavy
1788983546135,-12.023531099700929,7.256376903644203,-0.6854913789271376,-137.2002501600939,56.18977722606592,96.26892770963428,user,rest,heavy
1788983546151,-12.2007014380306,7.448661224475503,-1.1306623185306788,-140.27311128654762,56.72063660383223,93.19189333759768,user,rest,heavy
1788983546168,-12.065279406628012,6.975506536865234,-1.8287221784614025,-132.87193196230012,54.74236110319725,93.9175462953982,user,rest,heavy
1788983546184,-11.861024662017822,6.543353137207031,-2.182614380700886,-121.71608836826992,54.790759823655954,95.0352521115574,user,rest,heavy
1788983546201,-11.47271449573934,4.902427174377441,-2.570475195776671,-106.75119853828537,56.04653791388699,90.42717619554912,user,rest,heavy
1788983546218,-11.334600156512856,3.3209085092842576,-2.783709073395282,-82.68313503534533,60.55076763375443,69.81375407290983,user,rest,heavy
1788983546234,-11.161619671088456,2.749293447443842,-2.7623100192748007,-62.18357899635934,64.92526474052664,47.137488462427065,user,rest,heavy
1788983546251,-10.498723332867026,2.0154694695621727,-2.305466999518126,-42.00747339570847,63.33844104160343,23.294618003969656,user,rest,heavy
1788983546268,-9.574860182732342,2.1423615730285643,-1.511489947034046,-18.57112042872459,50.98819543722393,-2.022689872930049,user,rest,heavy
1788983546285,-9.185951466038825,2.404526070293784,-1.0845743749640882,-5.495534347699117,35.348663917255095,-13.1123077393244,user,rest,heavy
1788983546301,-8.61209300918579,3.1214409989506,-0.3398270712036639,2.816206736550144,16.737615910189906,-17.680108591118085,user,rest,heavy
1788983546318,-8.404994565582275,3.4612685816109177,-0.0583595787817612,5.927931852824645,-4.4601536553797,-16.48618469401069,user,rest,heavy
1788983546335,-8.250867833709716,3.898060746985674,0.2578252259518951,3.840541945764592,-30.12880112709957,-9.107243611927126,user,rest,heavy
1788983546351,-8.51647399586141,4.066103191486,-0.012270721899718,-0.4760276329656586,-40.28589347955549,-1.81793766364258,user,rest,heavy
1788983546367,-8.784325306591391,3.995174382781982,-0.2660566823981702,-5.0347770433660495,-43.264948787948256,1.954951685279859,user,rest,heavy
1788983546385,-9.484180379375816,3.567660333362221,-0.949750747846067,-7.475537032420467,-40.25702226993385,-2.2018749766068675,user,rest,heavy
1788983546401,-10.102782233318688,3.170820823669433,-1.4583686707645651,-6.768408401422693,-32.15223100833751,-12.425265840901988,user,rest,heavy
1788983546418,-10.382006001934409,3.1293712074279783,-1.607108668097481,-4.8010624841202,-22.17389836683916,-27.983629954095328,user,rest,heavy
1788983546435,-10.516829482921958,3.334673999786377,-1.588104911615699,-2.474338266231258,-10.924365921737536,-49.59206037464372,user,rest,heavy
1788983546451,-10.17610407463908,3.9016508804321286,-1.194708235853165,-0.4033692011529736,-4.636869005341325,-61.03967257454394,user,rest,heavy
1788983546467,-10.21560898655355,4.099621430206299,-1.0573403310798108,5.23460746102629,-5.791505227455987,-71.55762431141915,user,rest,heavy
1788983546484,-10.407743669781087,4.948216865649819,-0.8400660189639776,20.21762461306808,-18.673294936066103,-82.8124919880362,user,rest,heavy
1788983546501,-10.54121982781291,5.641786574554443,-0.5864311573740094,31.25632875528528,-23.785163897707264,-88.77610090710358,user,rest,heavy
1788983546518,-10.384400788116457,5.904999704089761,-0.2905974686104804,37.5558429626393,-31.541554039930425,-92.46141826624316,user,rest,heavy
1788983546535,-10.092159132495524,6.449830803900957,0.3836700853876769,40.41588905493376,-45.16237875447238,-95.80978190305852,user,rest,heavy
1788983546551,-10.15096495720744,6.696582043457031,0.7255915715873241,37.57398052998027,-48.81731884727834,-99.49369224322908,user,rest,heavy
1788983546568,-10.209924511176348,6.915353389197588,0.8102874782286584,32.142276007622215,-45.98438519089424,-103.45181418800816,user,rest,heavy
1788983546584,-9.942668828251955,7.0422443236202,0.7582122769460081,27.816300564713767,-35.95636633827864,-105.98381312465608,user,rest,heavy
1788983546601,-9.899874227142334,7.052420557458698,0.3405740171134471,31.77116792435333,-23.388524567320868,-106.40414296617868,user,rest,heavy
1788983546618,-9.739761406597497,6.973561540277302,0.1170155832268297,42.34485400485584,-8.168675728450761,-108.3631573333542,user,rest,heavy
1788983546635,-9.135224902886153,6.5491890037536615,0.1583158541254699,61.41260090322664,2.3959644068263,-112.5889953728411,user,rest,heavy
1788983546651,-8.447941726905107,6.476466297370195,0.6865365953974425,73.03748041775079,2.5422504102618717,-115.56859026617828,user,rest,heavy
1788983546668,-8.098685806164145,6.565948415374756,0.9635154346305876,81.87367565642877,1.0459854147795078,-115.93127331110595,user,rest,heavy
1788983546684,-7.382222712928057,6.820632493756711,1.4923347263175992,90.80581456237792,-7.449836738121001,-110.09930262791224,user,rest,heavy
1788983546701,-6.806266407012939,6.807464092364907,2.0250448148980738,95.98731901015466,-15.35140340492643,-103.66442431649232,user,rest,heavy
1788983546717,-6.622960342407226,6.771251499994099,2.1742336519770324,99.07688677931824,-20.16912173222453,-95.52619927890876,user,rest,heavy
1788983546734,-6.096534667858481,6.894253318023681,2.569874599535018,97.00517429083747,-30.212706585958596,-77.77011849365263,user,rest,heavy
1788983546752,-5.521627578735351,6.3477770813539625,2.860321553758904,90.4630961603942,-32.829365717368816,-62.77423326521453,user,rest,heavy
1788983546768,-5.326799418640136,5.994782120215147,2.861818222057446,80.51769186088448,-29.58453408799252,-48.574082150555846,user,rest,heavy
1788983546785,-5.132120896148681,5.462820438849181,2.8606206828359517,64.5546723365401,-23.455139402296,-31.179707693176077,user,rest,heavy
1788983546801,-5.052064778137207,5.078101867321879,2.716221637316793,53.49991895732066,-15.763089642054362,-19.90901105315752,user,rest,heavy
1788983546818,-5.018845230102539,4.99729785355255,2.576908443694561,41.60926653690756,-2.957257613430312,-7.275847060525035,user,rest,heavy
1788983546835,-4.932803023418784,4.990264740045369,2.3268634232901038,30.82050462963052,11.463515441608957,9.659741028984042,user,rest,heavy
1788983546851,-4.904523269873857,4.823269320379942,1.8906703928522768,28.854134148718867,18.865404251756463,20.743252065930168,user,rest,heavy
1788983546868,-4.891353991699218,4.86112748800069,1.7326524987600742,30.50065370098799,23.035880192925816,32.53754246998544,user,rest,heavy
1788983546885,-4.986823951941728,4.929512165179848,1.5468033255428075,37.58897962539762,20.060808592366467,46.764730888473615,user,rest,heavy
1788983546901,-5.090521057781577,4.909609779357909,1.3856434436304494,45.93891662158947,11.650430398435525,56.27055787337965,user,rest,heavy
1788983546918,-5.2430011914908885,5.129726694488525,1.4178147612538188,53.42162791395939,3.935968226206133,68.53782692462725,user,rest,heavy
1788983546935,-5.670068081665039,5.977274374444782,1.7075140023829414,57.16446912628883,-2.348133445842347,84.75522318423043,user,rest,heavy
1788983546951,-6.184224057227373,7.547122475488483,1.7280142810327932,56.42510797882412,1.7115061341791509,115.68724431243974,user,rest,heavy
1788983546968,-6.019770577129721,8.381351531927287,1.4145229531668126,51.07286246217541,15.846301836712628,145.5088337759559,user,rest,heavy
1788983546985,-4.637568615722656,7.222109307861328,0.5304643920129165,53.45809770903267,20.902176907538024,179.0284379202787,user,rest,heavy
1788983547001,-5.632508458599448,7.093570313970744,0.0407002409125678,67.08214968795747,11.083119154842496,218.3266962911341,user,rest,heavy
1788983547018,-7.053169622260332,7.804349808612465,0.1005554856291622,79.00649884664082,-2.679271475531732,220.2440396741834,user,rest,heavy
1788983547034,-9.46248234230876,8.098236893352865,0.0734713556265691,92.72597198336528,-14.835418471625108,203.29959709818905,user,rest,heavy
1788983547051,-10.576834746551514,7.391798350524902,0.2451056643061339,107.32913499490596,-34.615412374002965,161.33107627131716,user,rest,heavy
1788983547068,-11.137228741675615,7.82066030742228,0.7722786500908434,103.69076835612104,-37.32921387088369,126.1638255935122,user,rest,heavy
1788983547084,-10.60391856831014,9.220518921551108,1.6338918994743377,87.35929427700033,-27.36727880603525,107.98007934356488,user,rest,heavy
1788983547101,-9.0334719168514,8.559569625744222,1.5126854404289274,64.1937241596616,-14.797487016069445,112.8106828227322,user,rest,heavy
1788983547118,-8.874857225909828,7.890092155566811,1.3045397527948022,49.78499614322365,-14.02235531414773,115.34498353313042,user,rest,heavy
1788983547134,-9.829843244060871,6.366331267437339,0.7936766812980175,40.81713534791533,-21.511974489089468,102.74463689191256,user,rest,heavy
1788983547151,-10.478971169170736,5.571306678661704,0.0790076318718493,36.20781633747807,-35.02725912057639,67.53693783384276,user,rest,heavy
1788983547168,-10.404002729687097,5.207836354607343,-0.1848034635566174,34.333147976363016,-43.84067909346697,40.46215675637143,user,rest,heavy
1788983547184,-9.818919698986411,5.35672577034831,-0.2472019059330225,27.179274434036067,-47.31337949393323,19.396169714421696,user,rest,heavy
1788983547201,-9.137021723175048,5.60602260273397,-0.5606929050054401,13.41419868554438,-43.846245697640526,-0.2866766998437752,user,rest,heavy
1788983547217,-8.779985816082357,5.6946074796378605,-0.8215109560977667,4.303557481391994,-37.62073658994359,-9.906076924042427,user,rest,heavy
1788983547235,-8.441206281170249,5.705082696422934,-1.361703180594556,-0.3324025485007627,-31.28749149337346,-17.130618164843266,user,rest,heavy
1788983547251,-8.067711406707764,6.428730148205161,-2.0295359157722443,-0.0006947316242107,-17.322027386143706,-21.557374756502544,user,rest,heavy
1788983547268,-7.720252890777587,6.270114288219809,-2.3319535129707307,9.286628285193755,-11.688146703032334,-20.72868497997782,user,rest,heavy
1788983547285,-7.295282680621742,6.070198449596762,-2.5623950574345886,23.18339520352517,-11.55623696713917,-18.868117544404253,user,rest,heavy
1788983547301,-7.293186585125326,5.776908746227622,-2.245313376926444,41.99100922471416,-20.36591485013823,-18.56711793787096,user,rest,heavy
1788983547318,-7.339425189208984,5.604975139507651,-1.98509343785774,54.305874449193,-33.40688553245008,-18.564233890493924,user,rest,heavy
1788983547335,-7.550712901195883,5.606621153149009,-1.480366129169613,63.495671996297126,-49.50127691529049,-18.758967706372864,user,rest,heavy
1788983547351,-7.7220479575008145,6.013336160168051,-1.131411018006131,70.15104930469258,-67.81754932570357,-14.031317376112431,user,rest,heavy
1788983547368,-7.7768153204768895,6.143969788250327,-1.036241136688739,71.10639469409142,-78.17489599443509,-6.607409743628091,user,rest,heavy
1788983547384,-7.701997103118896,5.979817921447753,-1.0217262891240415,69.57340654620626,-85.66822140077521,1.6006646503894202,user,rest,heavy
1788983547401,-7.826345951843261,5.738002969250083,-1.041329107477516,65.85104224100851,-91.17611326823015,6.188845079119131,user,rest,heavy
1788983547418,-8.59353911536336,5.552004012298584,-1.0471652297524734,57.44809956176277,-91.7920187464469,5.290593667879239,user,rest,heavy
1788983547435,-9.47385596923828,5.825691189575195,-1.270423913507536,49.75871699039202,-86.52041727332853,-2.559857143838283,user,rest,heavy
1788983547451,-9.732280695453284,5.7233384840816255,-1.4305363321935758,42.998557749939415,-78.36159238520823,-13.138145491180913,user,rest,heavy
1788983547468,-9.867103591918944,5.595248695263266,-1.6292553622474892,34.84558291884322,-66.76313887258284,-26.929393670798444,user,rest,heavy
1788983547485,-10.102633764758703,5.778854035076499,-1.60142243915461,27.54041556375861,-57.64534176461441,-37.593453399303975,user,rest,heavy
1788983547501,-10.18179205714762,5.87402355106771,-1.527052769281715,18.797373860075847,-48.30285533861464,-48.61893258774074,user,rest,heavy
1788983547518,-10.15126598598063,6.241234815216064,-1.4628577988773583,6.173395618103386,-34.446440324126016,-60.34875795886213,user,rest,heavy
1788983547534,-9.663148122516274,6.16761311416626,-1.6395801742438223,0.3744273417621024,-28.36807739681325,-67.77052347326803,user,rest,heavy
1788983547550,-9.514707619586586,6.046556292724609,-1.7729074983894824,-1.0753556550973855,-26.24978643328759,-75.25214876555991,user,rest,heavy
1788983547568,-9.55077145113647,6.164620946612954,-1.810466144207539,-1.1341210018905887,-26.259019141498158,-89.24430354451879,user,rest,heavy
1788983547584,-9.53101870291829,6.427384578815103,-1.6762412695756006,-1.5751871910116262,-27.585423095294413,-100.5741188868984,user,rest,heavy
1788983547601,-9.412802657860516,6.567593259972334,-1.614441180109768,-1.8852150269672057,-30.689962639118647,-109.95435235334622,user,rest,heavy
1788983547618,-9.092579354858398,6.5949775259822605,-1.4402625207096338,-2.409079010362959,-38.25512797514896,-120.49486420505,user,rest,heavy
1788983547635,-8.814103189739585,6.42887978580892,-1.2493250296437182,-3.1343460624753483,-46.51721507823611,-127.48143738629936,user,rest,heavy
1788983547651,-8.8797952668339,6.35929830006063,-1.1275198192538691,-4.036809565999024,-56.51925530634357,-135.77756273711526,user,rest,heavy
1788983547668,-9.293393603625892,6.589441226904094,-0.8292918922975658,-5.548944719461324,-61.53613170455549,-145.13701193791874,user,rest,heavy
1788983547685,-9.641748776134849,7.117063125500082,-0.5559043555546551,-8.081460189165224,-56.46189196259922,-147.37179519283356,user,rest,heavy
1788983547701,-9.40457317417562,7.105091532677411,-0.2843121777959168,-13.986122868148104,-44.542289785389016,-142.53025658080503,user,rest,heavy
1788983547718,-8.149264485278724,6.540360092870891,0.1883929394159466,-27.469239869965204,-17.67952290239676,-126.57709301943298,user,rest,heavy
1788983547734,-7.622240260314941,5.979069148907065,0.9659094170950352,-41.285020381534125,3.509091648364091,-112.6735872657117,user,rest,heavy
1788983547751,-7.4682631660461425,6.004208266338706,1.2765578131526707,-58.6593516487945,30.51168445649756,-96.57191490121606,user,rest,heavy
1788983547768,-7.070526415252685,5.443216889843344,1.841888899352774,-84.8685223621826,54.53393105048514,-79.78529067618402,user,rest,heavy
1788983547784,-6.807165401679277,4.818031565856933,2.285713447582349,-108.11611622126402,73.00169022649992,-71.53381427197249,user,rest,heavy
1788983547801,-6.547991902923584,4.678569026891887,2.2888556911308315,-135.1500459373095,94.42606753948398,-60.236285233799535,user,rest,heavy
1788983547818,-6.327277021899819,5.144839507946371,1.861191931042075,-168.1783272538766,125.74569507290236,-41.85157432790293,user,rest,heavy
1788983547834,-5.506214905548095,5.4833200599119065,0.5984003207775764,-177.98494893964084,135.24232179299636,-24.24237334565333,user,rest,heavy
1788983547851,-5.100099617987871,5.561132052258402,-0.3748431563994381,-169.0379612024361,132.3227574322744,1.8616235535739816,user,rest,heavy
1788983547868,-4.216787089428306,5.927593959344178,-2.3060660248572007,-131.02039062171474,117.73396513874744,42.05090998373517,user,rest,heavy
1788983547885,-3.7166988021850575,5.827337349347025,-4.009690435923077,-84.80673647095067,88.2198161501519,70.72499010064874,user,rest,heavy
1788983547901,-3.7304654617309567,5.781697734069824,-4.722264595429227,-25.464253207033597,51.57383634722833,98.64474071053152,user,rest,heavy
1788983547917,-4.329313982933759,5.798756128637493,-5.479730072595924,38.66473441967462,10.04835574086932,120.53737530244416,user,rest,heavy
1788983547935,-5.56053394023478,6.253655028589069,-4.8473614129766815,117.48033289410816,-45.7014138686752,134.63958491949944,user,rest,heavy
1788983547951,-6.050446870422363,6.49591772455424,-4.241479193744808,165.06336484137893,-87.72180656719875,137.86869345340637,user,rest,heavy
1788983547968,-6.52479807434082,6.879588832855224,-2.892795251862332,201.59948105150283,-127.77598246406698,139.77601011875407,user,rest,heavy
1788983547984,-6.734141082000732,7.00019644922465,-1.7782943059943614,237.1528013419536,-178.64634347772986,142.9434147236991,user,rest,heavy
1788983548001,-6.979846027374268,7.065887065014243,-1.3102278449011966,257.5068743516183,-210.9823714615378,144.45483996437454,user,rest,heavy
1788983548018,-7.94186559742391,7.354687348009645,-0.5579994372709188,275.9942566611186,-234.38356944486364,143.70106028757195,user,rest,heavy
1788983548034,-9.380781964221596,7.907599170684814,-0.0233439228442497,298.2806994700066,-244.6936307139712,138.1793167964802,user,rest,heavy
1788983548051,-9.879224822345376,8.008005418285727,0.3558375276209786,300.0205125761489,-233.2896463473944,130.55282319189234,user,rest,heavy
1788983548068,-10.179696546173096,6.648397566002607,1.792807509591244,276.8810611021963,-207.1392152608684,119.15905678831392,user,rest,heavy
1788983548084,-10.877307054901122,4.530127647179365,3.638587826891989,200.9168036439601,-158.73513993384876,92.28364210252607,user,rest,heavy
1788983548101,-11.06390514678955,3.891922682622075,4.397997935320436,119.05466417703944,-115.1949789185786,71.31998836981606,user,rest,heavy
1788983548118,-11.609335966059565,3.5734956153869626,4.432415132174454,34.61846546856196,-68.971380012383,50.39457003607978,user,rest,heavy
1788983548134,-12.208034265136718,3.830272574394941,2.514210068523511,-48.26330854332026,-13.714379523150916,15.38839570947122,user,rest,heavy
1788983548151,-12.27073300563395,4.125508151134849,1.4435534885464236,-81.96698287068033,20.691380194278505,-11.259326082597775,user,rest,heavy
1788983548168,-11.624000451228024,4.82027612991333,-0.2748847895633429,-94.57657758803438,49.792365917338095,-32.65949208252143,user,rest,heavy
1788983548185,-11.084555720630288,5.212625342449545,-0.620996640124917,-94.16180069030702,65.94512809682544,-52.89607900827276,user,rest,heavy
1788983548201,-10.662876953235267,5.483319767650961,-0.7562687416628002,-84.91386115789315,70.3340573933139,-62.1724048068772,user,rest,heavy
1788983548218,-9.993697004699706,5.70837413918376,-0.6063325933478773,-72.59659170682647,61.26101851497655,-66.9240239784825,user,rest,heavy
1788983548235,-9.222913123211264,5.832573350304365,-0.3875620513249188,-53.49514123999624,41.51956907763237,-68.28579977444296,user,rest,heavy
1788983548251,-8.991723609924316,5.715856603893637,-0.3585325753912329,-35.463680887783525,20.12253301189587,-67.64585886053696,user,rest,heavy
1788983548268,-8.754399539405107,5.580584794616699,-0.4947030140083283,-13.181707583933608,-1.57300056998187,-67.94079325908727,user,rest,heavy
1788983548284,-8.519020173212885,5.221753236278891,-0.3639193829961121,19.247901675466352,-26.370183885334697,-69.09864692718784,user,rest,heavy
1788983548301,-8.40858528355062,5.120148718804121,-0.1330287065252661,38.061710678232544,-37.21198050396959,-68.94509744445678,user,rest,heavy
1788983548318,-8.176199253955483,4.984277774590254,0.5310631981562822,49.43688872198478,-41.70434618524872,-68.1866664088294,user,rest,heavy
1788983548334,-7.903109458050132,4.872199209374189,1.3703805176448076,51.776559776888895,-36.74845996123043,-67.91519371007807,user,rest,heavy
1788983548351,-7.898471276855468,4.799924539019167,1.781734509576112,47.07514932587236,-32.17723291579434,-68.64612640410698,user,rest,heavy
1788983548368,-7.92331111907959,4.6803638013541695,2.304568662438914,40.856719709250136,-31.708777561379847,-69.31812139578786,user,rest,heavy
1788983548385,-7.80823921726644,4.743660800005495,2.383427241228893,35.491879323771926,-32.45602074714675,-68.26739924481895,user,rest,heavy
1788983548401,-7.68119630715251,4.776430850706994,2.3391344374507663,33.713253667671,-34.37562150771674,-64.47544214216795,user,rest,heavy
1788983548417,-7.427113994055986,4.92891303024292,2.284816133416444,33.12595302169828,-35.9886731330528,-58.566761604405805,user,rest,heavy
1788983548434,-7.256077628436684,5.027224059130251,2.2658124499998986,33.91756853140817,-38.24711274815795,-47.64457536678715,user,rest,heavy
1788983548451,-7.274183193969726,5.06268846348226,2.163160177037865,39.67538043568849,-39.83651142839826,-39.29162625717132,user,rest,heavy
1788983548468,-7.1674915824890135,5.076604176110029,1.8781013455931097,45.88382090064956,-45.74289019241011,-25.464283942884855,user,rest,heavy
1788983548485,-7.187991934204101,5.150525444628298,1.8113626089900727,57.35182121522228,-45.095248240214914,-4.2860388999445584,user,rest,heavy
1788983548501,-7.229142859759927,4.9322041807428,1.853859542327374,64.44946010256521,-45.80023304558695,8.020236080992522,user,rest,heavy
1788983548518,-7.476494403296709,4.331858991241455,2.037764449609071,69.87762317183862,-47.75453458223519,14.624242682866656,user,rest,heavy
1788983548534,-7.747488103705644,4.156333789770305,2.177676047515869,72.37665961555206,-47.44827573004098,16.994173183341214,user,rest,heavy
1788983548551,-8.15943984233439,4.0351270384639495,2.4516625,69.76585395626053,-45.722724058885646,16.791296074424327,user,rest,heavy
1788983548568,-8.207922425952553,3.996220969225466,2.629431534875184,64.07498132094094,-44.635634565681,17.041822290538516,user,rest,heavy
1788983548585,-8.196997127312422,4.020012763701379,2.6200039274469016,57.80935509715392,-43.54607937418598,19.14782403620003,user,rest,heavy
1788983548601,-8.297255490875244,4.2214252706229685,2.368313624053448,51.37162518175552,-41.4740083007738,24.39253846965065,user,rest,heavy
1788983548617,-8.497921271082758,4.3255739196226,1.9563623238161203,49.80253948410683,-40.82805340530359,28.300017976828656,user,rest,heavy
1788983548635,-8.586803085106611,4.302378629735112,1.7280143175654112,51.28889110033916,-42.18818312567409,30.466379811732867,user,rest,heavy
1788983548651,-8.904634524536132,4.196735066002607,1.3672379087701438,58.588980209775855,-45.73575264472744,29.94460800065725,user,rest,heavy
1788983548668,-9.202412186974286,4.212147154667973,1.1514609225399792,65.72812615670496,-48.50509382484413,28.15174823032602,user,rest,heavy
1788983548685,-9.249251679560542,4.125957356207072,1.133953469030559,73.13593076444735,-53.64344513744472,25.768737917590883,user,rest,heavy
1788983548701,-9.416096438708902,3.861696763445437,1.2536638442993164,82.99075309518436,-60.70980858857818,19.735857219961236,user,rest,heavy
1788983548717,-9.706544196650386,3.720738725225627,1.5319897872924804,87.27107555368045,-64.25059231469113,12.926530008994638,user,rest,heavy
1788983548735,-9.871143807220458,3.710263216179609,1.6992846282958984,87.26102834541135,-65.47913161051216,5.095176406196472,user,rest,heavy
1788983548751,-10.083929064288736,3.838652280205488,1.9182048809878527,80.37298064293942,-59.66528141918646,-3.0283965949569334,user,rest,heavy
1788983548768,-10.214860798534753,3.5024165845572948,1.9530692736200987,71.22857311796461,-47.958183502528286,-10.61516069669012,user,rest,heavy
1788983548785,-10.427646640124916,3.3643016608089207,2.0633523337215185,57.01015807746531,-24.63909293076248,-20.48680236825828,user,rest,heavy
1788983548801,-10.613796988245843,3.4807197165340185,2.711283596392721,23.412580493577654,9.38380053274188,-35.05653672645365,user,rest,heavy
1788983548818,-10.653897527965905,3.5329426557242867,3.1702215426020324,-7.384411209835096,35.415794431512566,-46.70729241264839,user,rest,heavy
1788983548834,-10.53269340700805,3.630058337347209,3.263894828686118,-33.78190731411338,60.23752149803931,-56.08786738855474,user,rest,heavy
1788983548851,-10.18942474398315,3.556137361089885,3.1307176536008714,-62.94119723947549,87.54073142211254,-64.69501906360551,user,rest,heavy
1788983548868,-10.072855881610511,3.300555749346316,2.8935416132502256,-86.59755059962548,113.14670763932932,-70.85427875144792,user,rest,heavy
1788983548884,-10.17805053253174,3.297113792198896,2.8226141197204586,-112.81469897396416,141.95865170954502,-80.62292458542687,user,rest,heavy
1788983548901,-10.26005252391398,3.470244499748945,2.503886096777394,-144.26390885631602,175.15834345352275,-97.70190822769212,user,rest,heavy
1788983548918,-9.310302068328856,3.811268890978396,1.671601415872015,-159.52076195256197,188.2942452275613,-105.25666435542736,user,rest,heavy
1788983548934,-8.722526145282387,3.9121246359124777,1.1396398441039026,-164.97435381611533,196.89637671357207,-102.89742822364572,user,rest,heavy
1788983548951,-7.387308637890219,4.3519092611014845,-0.030227289149817,-153.57389382715027,190.83958352365823,-83.73226575223762,user,rest,heavy
1788983548968,-6.360646207538247,4.591030444170534,-1.0317517893802377,-131.46802755953902,163.1845437252485,-62.61864155592164,user,rest,heavy
1788983548985,-5.850979944610596,4.778526069420576,-1.6982376034609972,-96.76281868851792,121.30634531996084,-37.45760435180701,user,rest,heavy
1788983549001,-4.830601124572754,5.137058060289919,-3.371485434833169,-31.938019200492985,45.75336087240773,1.7570410843849216,user,rest,heavy
1788983549018,-3.2799060522884127,5.9555754605948925,-5.426308717401326,27.06193861428442,-17.00436041048829,34.90226665876516,user,rest,heavy
1788983549035,-2.23438928386271,6.538114944292604,-6.856545153332874,106.13137253148504,-92.39401112932433,71.52856185650074,user,rest,heavy
1788983549050,-1.0313023651123046,8.922739505547284,-11.09503057208918,222.35964978845985,-163.8864412851157,120.69380029481576,user,rest,heavy
1788983549068,-1.0287573568046091,12.423810228453576,-12.124236951302922,400.7519512102002,-213.0939244434473,180.9288424341864,user,rest,heavy
1788983549084,-1.8875299028694628,14.010119342693686,-10.607361731033958,503.4854822145224,-236.5701042434815,213.7317548288997,user,rest,heavy
1788983549101,-5.43229509833455,13.7736922210142,-4.410119494540431,558.8239480775325,-253.47468583547965,215.44305872544643,user,rest,heavy
1788983549117,-8.186374611011146,11.293598576299846,3.761440701437555,533.3827501740423,-258.15664390774,185.47205204364707,user,rest,heavy
1788983549134,-9.843311212921142,9.023596419525148,7.307702236407622,470.3581358342334,-251.32249322800865,139.97490522738485,user,rest,heavy
1788983549151,-12.955923008728028,4.597614206475019,11.95529664464742,386.54250762317577,-230.94426866943877,73.82967307844555,user,rest,heavy
1788983549168,-15.483003445544838,-0.6901292130619288,16.417938390118255,173.46919669064357,-108.09014784203964,-43.48048565249176,user,rest,heavy
1788983549185,-15.9536137093693,-1.3178589608341456,18.71173438719548,-65.45911232605484,48.55983779104179,-121.17786946167293,user,rest,heavy
1788983549201,-14.97049465266764,1.5895996802181005,18.102409334033357,-295.94335409451486,226.25328108709564,-178.85115353018185,user,rest,heavy
1788983549218,-12.024877838134763,7.031320486284792,13.800628012604266,-514.5241607435302,442.4925486244688,-224.6749063321757,user,rest,heavy
1788983549234,-9.60164648284912,9.524582240130009,12.003629152270406,-605.7873452632996,523.4191980619078,-239.6860092220846,user,rest,heavy
1788983549251,-4.260631491851807,12.000485739678144,7.0573583061218255,-629.887039372286,532.0402628322979,-235.4026883105429,user,rest,heavy
1788983549268,0.0998088662296533,12.828280963677168,-1.3230954001829027,-543.3173969256092,427.7598032639946,-199.4226178007497,user,rest,heavy
1788983549284,1.3426988030582665,12.79162004301697,-4.767603693389892,-397.9069315340798,264.16043482969457,-141.61869953417514,user,rest,heavy
1788983549301,3.123983669170737,13.208360477226972,-11.195885805566608,-200.9880425170033,49.48498349902543,-61.66673858186447,user,rest,heavy
1788983549317,2.9608792655944822,12.502968813103436,-15.049503307452795,126.32765451094411,-275.9371016381439,46.01112538149484,user,rest,heavy
1788983549334,2.2981337340205905,12.032807754351198,-15.169961286218465,391.2491909802315,-500.0251990979672,110.291688566264,user,rest,heavy
1788983549351,0.8704401875048875,12.460771885626018,-8.426842094122618,600.786390036043,-675.8177119555472,153.4855111792903,user,rest,heavy
1788983549368,-1.425597451019287,12.67340604378581,0.0288801214577164,769.520585405332,-779.8878836596841,164.3230952787546,user,rest,heavy
1788983549384,-2.915987399944663,12.502220332823692,4.132093593939766,797.9523133350206,-759.1202836769102,132.9808051776701,user,rest,heavy
1788983549401,-4.440945973426103,11.35734448776245,13.5459445187442,699.3730673084402,-649.6345915836536,102.45783041847454,user,rest,heavy
1788983549418,-5.61769667391479,7.990947315979003,19.105430557361245,399.10289765774905,-402.1587242924127,118.30259204752932,user,rest,heavy
1788983549435,-7.589620431739092,6.4475850708007805,18.611626318823543,133.15810322814534,-162.14925097161466,125.61738313915448,user,rest,heavy
1788983549451,-12.964901264953612,5.334579404991865,13.337499190576374,-91.67914304022328,65.19130743888782,94.887071157514,user,rest,heavy
1788983549468,-12.968492567443846,6.732195208629966,4.536862654522806,-240.75515239324503,263.92020341620685,38.81251922274619,user,rest,heavy
1788983549484,-11.355399783435464,8.037932939037681,1.103578204511106,-247.53908752219849,334.02154943430924,30.22232349230997,user,rest,heavy
1788983549501,-8.154202526202797,8.950871959576011,-2.079213627459109,-205.70126919528397,345.50312474985736,55.05309372929781,user,rest,heavy
1788983549518,-8.117540728759765,7.000045934838056,-2.485479648601636,-115.2657260180016,276.45116899583576,84.89309738281631,user,rest,heavy
1788983549535,-9.293394772669672,5.736656230816244,-2.3332982055779543,-30.40516765639121,172.1737283711456,71.24906368547465,user,rest,heavy
1788983549551,-11.35734565680623,3.745578859710693,-1.5979798974853008,58.75711214638489,48.55069558283772,30.497402530943063,user,rest,heavy
1788983549568,-11.001057353210449,3.380910850304365,0.2255040880616754,147.3906055338078,-101.41149324895278,-34.371895639524496,user,rest,heavy
1788983549584,-10.20259168407023,3.902397899407148,1.3822029843203725,171.28554423185548,-173.15338240380052,-66.21459271996078,user,rest,heavy
1788983549601,-8.703224063441157,5.461773121753335,2.919280450140685,161.91343186033075,-205.4468173279443,-79.74800467350492,user,rest,heavy
1788983549618,-8.38778682567179,5.875370289501547,3.1649856147099285,133.64633881039617,-204.1033874200945,-81.53929691542163,user,rest,heavy
1788983549634,-8.383297697558998,6.628795039910077,2.598008514868468,86.0646592405811,-158.8901715676297,-76.468919645441,user,rest,heavy
1788983549651,-8.155848539844154,6.385035967907309,1.1394907910220324,56.44839550879927,-107.2217371003967,-70.2731730870524,user,rest,heavy
1788983549668,-8.01818135986328,6.194098385509848,0.5970547696538269,33.82240350570239,-49.95373255157424,-62.24031737779463,user,rest,heavy
1788983549685,-7.705737458691001,6.108505091637372,0.0366622358344495,12.904528262130734,16.018195500007046,-52.93611416209279,user,rest,heavy
1788983549701,-7.521386268946528,5.744138695526122,-0.099508641174063,7.567777029614197,51.06777055614916,-48.88453132380585,user,rest,heavy
1788983549718,-7.769783522143959,5.780350995635986,-0.0553655480649322,9.360060502734209,73.23192907323188,-46.25693022934527,user,rest,heavy
1788983549735,-7.657553565758466,5.965451542443037,0.2760819634586572,15.028151042077235,79.66311225231082,-44.63592826381531,user,rest,heavy
1788983549751,-7.06109924621582,5.448004124119877,0.6730708550268784,19.772663401851137,70.51130080227573,-41.40615720155889,user,rest,heavy
1788983549768,-6.97221392506063,5.311834489220381,0.7897882590247318,23.592791619733852,51.67423329783835,-39.52032148115086,user,rest,heavy
1788983549784,-7.132026885876059,5.245096117943525,0.8690955679628998,27.67291952610957,22.2712388077956,-40.25576551512657,user,rest,heavy
1788983549801,-7.156869066187739,5.262006336212158,0.6064820482885465,29.564910954507077,0.7935640879749034,-42.39436263105468,user,rest,heavy
1788983549818,-7.153873976024985,5.224296783281862,0.3752920418112538,32.386984610110844,-18.372116037067094,-43.61219902044629,user,rest,heavy
1788983549834,-7.216572716522216,5.296123125347495,0.0632973639775067,32.415367461206834,-34.146666736548745,-42.62712181759037,user,rest,heavy
1788983549851,-7.2631105958133935,5.5099552611202,0.0299280322086065,27.68698117806333,-37.50456531744543,-40.2803132150036,user,rest,heavy
1788983549868,-7.238569444274902,5.5099552611202,-0.0128677744774147,20.325577460447423,-35.42321884714037,-36.58253076062873,user,rest,heavy
1788983549885,-7.03551063145101,5.137506973101198,-0.1475421293178573,9.308645399983291,-28.909748964035696,-30.65637518387511,user,rest,heavy
1788983549901,-7.076661557006836,4.816833880504966,-0.2147288288841023,0.5543662208468554,-24.10577809998954,-27.007664223592204,user,rest,heavy
1788983549918,-7.320719319695234,4.916641577690839,-0.2062004353178665,-7.705872355574453,-16.491136581158948,-22.185354301624564,user,rest,heavy
1788983549934,-7.696909424591064,5.375131780132651,-0.6180024267449975,-25.97375629081257,12.877241656396532,-11.020423140903656,user,rest,heavy
1788983549951,-8.277056167933344,4.434809662628173,-1.1213833988580852,-54.7597507648241,88.19025509142408,2.870719543533073,user,rest,heavy
1788983549967,-8.978554331749677,4.513517288640141,-0.7122745737713762,-108.1984131705735,224.11901089600676,17.878669020479528,user,rest,heavy
1788983549985,-10.855160689544675,5.913976499010622,1.3988131601965057,-223.20203067917583,428.3065189259191,14.360918399795152,user,rest,heavy
1788983550001,-10.786927695795892,4.702960248565674,2.0887918954044578,-305.5102361404117,540.6107295613165,-3.519877157393776,user,rest,heavy
1788983550018,-10.525808323669432,4.0060967588126655,1.3516767670229075,-351.9853294420363,605.2104401652437,-27.596143077196743,user,rest,heavy
1788983550035,-10.583868298450112,3.871273570086062,-0.0930745895385742,-357.5595834274671,599.4488204305011,-75.77448065214747,user,rest,heavy
1788983550051,-10.032754172846674,4.579209657995403,-1.2369047249391674,-325.0954757363431,511.6803431807036,-117.3823196795185,user,rest,heavy
1788983550068,-9.157522659412026,4.733934063500166,-1.9973630272462963,-270.50808479522425,366.7206429536384,-152.46094182265338,user,rest,heavy
1788983550084,-6.127810096088052,5.4975347554862495,-3.61659153753072,-193.76738509251925,155.98523747210993,-182.0908898384373,user,rest,heavy
1788983550101,-1.5569792671203613,8.12696731327474,-4.507384484973549,-149.06891961666332,1.0509980265783565,-183.7025685957502,user,rest,heavy
1788983550118,1.826327538409829,10.401458305901288,-6.6139820861816405,-69.82807014941018,-158.75509774660352,-106.49701987851248,user,rest,heavy
1788983550134,7.054364969524741,14.05785315377116,-16.69087789083272,196.00369830980816,-345.6154130598124,71.12544409168659,user,rest,heavy
1788983550151,5.240008439415693,15.091251029857991,-16.855180564282833,441.3807850728875,-459.0648278529675,165.3493585223057,user,rest,heavy
1788983550168,2.939780363464356,15.202730460137127,-12.364106285858153,613.0095326501578,-571.505915479332,216.15520156906865,user,rest,heavy
1788983550184,0.3113952689021825,15.18866452538371,-2.8619682249873875,745.7176493554043,-684.9917488411415,251.07551358762095,user,rest,heavy
1788983550201,-3.206435157886147,15.606453299602864,3.515436663519591,807.7115061871882,-723.6153211257831,246.939260309288,user,rest,heavy
1788983550217,-4.667496136474609,15.586701135906576,6.25081257170476,833.4456372438019,-716.6478178326964,210.76472065344615,user,rest,heavy
1788983550234,-6.659172642517089,14.18055657337606,13.961638256912863,755.1832533562881,-649.1073556212419,160.62547674891982,user,rest,heavy
1788983550251,-6.44773529292643,3.0820851401180027,25.0144715453316,323.49803109326047,-311.7705689675919,171.1548690526548,user,rest,heavy
1788983550267,-10.696844104766845,-0.4486135360717773,27.598710596775728,-151.8129071345809,122.85681192193208,145.63597091716653,user,rest,heavy
1788983550284,-18.24710867767334,1.9632453613281249,20.947321000217134,-527.1262968943106,478.67326277132025,50.55622695335564,user,rest,heavy
1788983550301,-10.754005669403076,6.992714276775717,9.96706205921974,-763.2745686546521,753.6209978478095,-70.851751581455,user,rest,heavy
1788983550317,-7.832782122370601,10.695198675647378,4.631284640082344,-754.1669758493036,829.2346890167057,-131.96822963321574,user,rest,heavy
1788983550334,-3.3370687859684227,14.482674310845136,-3.774159057506919,-630.6272133122619,750.6453849547584,-139.76178966490212,user,rest,heavy
1788983550351,-0.6111205582767725,10.174009148186444,-11.028590233910828,-330.2327888601898,445.1391649655787,-74.6898124610036,user,rest,heavy
1788983550368,-1.5987287430912256,7.518391178783774,-11.674276494134215,-76.28459333030987,123.59695854115137,-49.63304492475838,user,rest,heavy
1788983550384,-4.997148362079263,8.016384539574384,-7.672668278912455,134.9732533208329,-216.19257636420693,-81.89958939413981,user,rest,heavy
1788983550401,-2.9064129313915967,9.195978354534509,-5.273378501836955,329.7748929782322,-557.041541911726,-89.37937053535579,user,rest,heavy
1788983550417,-0.9668091424137352,9.413701068004965,-4.983978937774151,429.903253229328,-680.9347257571807,-38.33648235835298,user,rest,heavy
1788983550434,-1.1248276210278272,9.746345461162925,-3.751114336804952,497.29782260011103,-705.4035779304279,14.28963598429596,user,rest,heavy
1788983550451,-3.614347850257158,8.909572565460204,-0.5475231153741479,505.4936671135328,-583.9842886023517,68.45929340955045,user,rest,heavy
1788983550468,-5.0842356939017765,7.033115845268965,1.9834465839661657,348.49472028556625,-290.983926417412,107.60950059995666,user,rest,heavy
1788983550484,-12.534094603729248,4.746653844341635,15.179688607245684,-29.905740809185296,203.05711172227527,96.78761227520506,user,rest,heavy
1788983550501,-18.012627721625567,7.13786333694458,14.769980263629554,-476.7198286686966,703.1722370908548,2.756948228754525,user,rest,heavy
1788983550518,-12.834417274475095,7.04209410149455,9.15348239330734,-580.3287167170475,831.9081889823888,-50.04600840726111,user,rest,heavy
1788983550534,-5.532999452099204,9.644590721562505,2.421286358697712,-541.777817645175,759.9951489473189,-68.18855154104031,user,rest,heavy
1788983550551,-3.4163767159610985,9.600448212975262,-1.6166843787595628,-307.0795950456272,276.3443721579734,-87.74387490840707,user,rest,heavy
1788983550568,-3.599683949610591,7.892485772705077,-4.43391154474467,31.72343173224411,-388.9621431177878,-102.02414755712458,user,rest,heavy
1788983550584,-2.702306070819497,7.913883365520834,-8.544606582320878,382.9577238184296,-917.6471711429652,-82.68202854469979,user,rest,heavy
1788983550601,-1.0386357767403125,12.358120781707765,-7.295281365447491,702.831000839921,-1159.9063311914472,7.808509608232235,user,rest,heavy
1788983550618,-0.2231102517277002,13.09493575809896,-6.629244537243246,822.797372327752,-1015.1149541462876,102.53978585832552,user,rest,heavy
1788983550634,-0.2861065138667821,6.883628463634849,4.366875359565019,689.7688924296752,-725.5886447392699,163.15387617587515,user,rest,heavy
1788983550651,-4.191199643707275,2.5652368567317723,17.21984740464538,223.6956894316277,-194.57480907506317,153.44312302530122,user,rest,heavy
1788983550668,-22.50744206336141,3.4430122094303366,26.033652195960283,-414.2459734628009,532.4880500342839,17.035249941009674,user,rest,heavy
1788983550684,-13.658919886669516,2.0492863989681003,8.737191214972734,-582.3464092393826,815.5375915797022,-80.16166825039757,user,rest,heavy
1788983550701,-7.185447510418295,5.7788534505546085,3.1537633058845995,-547.9084861611517,886.9820259961958,-85.7376024623642,user,rest,heavy
1788983550717,-0.2376262683361768,9.5507696975708,-1.7565950998835265,-338.00043515416513,713.342115557437,-3.512474939880774,user,rest,heavy
1788983550735,-5.60617165581584,8.154051135033368,-1.2219403800413011,-121.35841868219303,386.7709637905343,-10.166685353145205,user,rest,heavy
1788983550751,-8.699631591907144,6.203973882836103,0.847846662902832,108.00537153406142,-108.469209680597,-95.88819930491944,user,rest,heavy
1788983550768,-6.182427821460366,4.847509589275718,6.611589053565264,273.1740715528203,-679.6855114787421,-149.5487404058567,user,rest,heavy
1788983550784,-5.140799292644858,9.109187959831951,6.347477952276915,290.1139515624491,-829.6859186340333,-117.31258344809268,user,rest,heavy
1788983550801,-7.493402867999673,9.964667309570313,4.108751077601314,242.6905001549465,-721.905806738799,-62.82315791023933,user,rest,heavy
1788983550817,-11.231349625396728,4.065054559215903,2.412308686994016,-47.28746234112762,-100.38095430698124,-17.598440019212244,user,rest,heavy
1788983550834,-15.811606454357504,4.287416038402915,6.427534216418862,-336.5014818389142,444.6529374589438,-61.40877599729143,user,rest,heavy
1788983550851,-13.563001598137616,6.75508917748332,3.895815013885498,-441.2237180427339,744.5192516843905,-110.80385713136656,user,rest,heavy
1788983550868,-2.427570261272788,7.901911480437219,-1.6060606934145092,-295.4171836416138,674.2808101092677,-87.9704527737439,user,rest,heavy
1788983550884,-0.3298012786865234,8.096441242107748,-0.5981010638363659,-6.246324109192551,199.6263350229345,-84.61217853244285,user,rest,heavy
1788983550901,-0.5690718070983887,8.000523538097738,1.3470378551758826,333.1403730691076,-443.0038839064926,-83.02217879555559,user,rest,heavy
1788983550917,1.751658374133706,6.705559422899782,5.866842991913855,545.603160712489,-887.782305600868,-47.89594681881113,user,rest,heavy
1788983550935,-0.6150105514526367,7.4256155721917745,6.555923280444741,503.3851603959932,-785.7436507219462,-4.214889673134182,user,rest,heavy
1788983550951,-2.63092659573853,4.86830833941549,9.444078086090087,203.1925816942733,-315.1660199285453,59.89875777558501,user,rest,heavy
1788983550968,-11.386374182891846,1.917904875127971,18.75138857138753,-396.9049701035956,506.0095376411656,61.38464493895378,user,rest,heavy
1788983550983,-9.439289682769775,5.4649140501275655,5.855469657245278,-591.9568132506707,859.5427518736668,14.936553082665489,user,rest,heavy
1788983551001,-3.159448365783691,6.222529530224204,-0.0212476629510521,-558.5711764367286,907.1309201231934,21.182460550318662,user,rest,heavy
1788983551018,2.0052946970283982,7.857170421434938,-5.982361249255016,-221.03456576872068,437.3642786710831,59.717764592768845,user,rest,heavy
1788983551035,-4.9157449211120605,6.940939665874838,-5.196614191912487,213.5087491524988,-253.18374709759377,25.841824356804604,user,rest,heavy
1788983551051,-5.926398465949297,6.701818775066733,-1.342248721203208,529.4287809842785,-797.3259576673737,-19.013873781292325,user,rest,heavy
1788983551068,-2.467223641747236,8.113199776946008,3.267636353302002,654.6702988134072,-929.0304190552218,1.229722305929611,user,rest,heavy
1788983551084,-4.201225947681069,3.974225118255615,9.143607531306149,439.1242271748986,-553.3021499449274,61.42208803598378,user,rest,heavy
1788983551101,-8.763675317272543,1.4151228187561034,17.93705985494405,-80.36577479336506,148.7129164967439,89.72523765454689,user,rest,heavy
1788983551118,-18.55940235671997,4.361486652263999,15.38603827830851,-533.9939155009749,804.8258332251279,25.0455660260064,user,rest,heavy
1788983551134,-3.961505337414145,4.880279932238161,-0.2392702361509203,-540.7684796103871,884.2085867025771,21.0757661652939,user,rest,heavy
1788983551151,-0.5654805046081542,6.66216451780945,-3.93950802513957,-349.867233138902,632.0458162821169,59.81857818491823,user,rest,heavy
1788983551168,-4.356099114006757,6.951413713616132,-4.377347799871116,153.53635510747188,-209.11932808239013,21.293027652602834,user,rest,heavy
1788983551184,-6.987776820373535,5.177609558647871,-0.6079765611626208,468.20646232113927,-752.5069666734237,-38.5667997522604,user,rest,heavy
1788983551201,-4.711938504791259,5.954528581890464,1.1064213189825416,590.8887355890208,-927.6686432592614,-46.8662958014317,user,rest,heavy
1788983551217,-4.036623999023437,5.391891191753745,4.665851291877031,499.0162435537729,-738.4786870239446,3.1087766089871707,user,rest,heavy
1788983551234,-13.05677816914022,1.1555009917110204,15.545402618573606,-47.86883779799535,92.83804172726684,55.45136205980125,user,rest,heavy
1788983551251,-18.74375413098633,3.7832851977705952,15.97710652089864,-421.8138503839317,654.367256980312,13.996513293422986,user,rest,heavy
1788983551268,-6.924480698505044,5.602281662639975,1.615787137658894,-490.5192696602236,861.1738010474659,22.259600165449896,user,rest,heavy
1788983551284,-0.2846118913948536,7.937676036779582,-5.600037390844523,-305.1144949799011,624.2553571563137,73.56634879537405,user,rest,heavy
1788983551301,-2.512715226855874,7.923759447368979,-5.920709898918867,51.315173668265366,50.75032726918906,63.20346284322565,user,rest,heavy
1788983551318,-8.022820125579834,5.926247074779868,-1.60605952437073,418.4054767050686,-593.8165917993952,-10.991387152968285,user,rest,heavy
1788983551334,-4.061465010291338,6.140827983093262,3.058294806946814,622.2557509749008,-957.4419296249672,-67.7741981150415,user,rest,heavy
1788983551351,-3.643227323260903,6.449380722045898,4.603751394055784,557.3529438963651,-832.5691873695059,-40.278376856373896,user,rest,heavy
1788983551368,-6.612634763225913,1.8369512237548824,12.999916756494342,208.5861635157789,-303.41801259385335,29.615160656230856,user,rest,heavy
1788983551384,-17.274464837756753,5.0191445053100585,15.342942648425698,-371.5726727362321,533.5725201499419,22.613847926752605,user,rest,heavy
1788983551401,-12.476335073199868,5.51594134979248,7.409007844001055,-514.1822141529226,821.8573197319048,9.31809155160542,user,rest,heavy
1788983551418,-1.518223127746582,8.013841284832358,-4.32258029076457,-428.381760289816,794.4645455372453,51.51389119197771,user,rest,heavy
1788983551434,-3.934571153259277,8.326583876690268,-7.759756779778749,-37.23235495826374,281.96761226013155,74.94694859268706,user,rest,heavy
1788983551450,-7.692719571685791,7.3807239988029,-5.765386139281467,363.6953882456997,-369.5510733456917,11.725311469853663,user,rest,heavy
1788983551468,-4.89075485676229,5.918166059654951,3.85571330512166,589.0246950022544,-825.7538060496137,-48.47325489802812,user,rest,heavy
1788983551484,-3.0072669227600097,6.865971810913085,7.88739897096008,585.7915020152237,-882.545189752869,-47.15396287870514,user,rest,heavy
1788983551501,-4.766105563786626,6.326975993126631,10.22174529735148,400.9223780903704,-629.8762749941541,-27.969071405879443,user,rest,heavy
1788983551517,-10.260649905285238,3.145532068634033,14.199561718097328,97.25528898805418,-235.902904044598,-8.99600202846242,user,rest,heavy
1788983551534,-12.62223115234375,3.975422219085693,6.979997126282751,-216.31169486333195,254.5625164042092,-22.83537998984009,user,rest,heavy
1788983551551,-10.428992209514975,4.948514387291669,1.9663886277899143,-273.7439278956528,435.9206772088659,-32.403981535860424,user,rest,heavy
1788983551568,-5.409398791393637,7.066186924743652,-3.475332178276777,-192.20119539507863,420.7015404172168,-31.12212578337828,user,rest,heavy
1788983551584,-4.429573515540361,7.808689299121498,-3.828626560753584,19.45690546406874,158.9741965547992,-30.31030657410349,user,rest,heavy
1788983551601,-2.4245780937194823,8.973916735076903,-2.460788932524621,357.4989586683941,-293.4281779137927,3.304731534623663,user,rest,heavy
1788983551618,-1.0402806213378906,9.724798815265297,2.275240057428181,498.43119687022624,-486.8174164131034,31.48718573413712,user,rest,heavy
1788983551634,-2.759317413330078,11.188104942432044,8.249521387536824,473.2150127187529,-501.8154190001842,59.14751892915365,user,rest,heavy
1788983551651,-4.096479040527344,10.968736799842118,11.746552771924437,307.6628658799896,-351.5583060151272,89.35047883516664,user,rest,heavy
1788983551668,-9.424624028557538,8.221538278850913,11.24526621480733,116.44774489538564,-124.26965021212756,107.50585247930172,user,rest,heavy
1788983551684,-13.405584592548012,8.804379083582758,-3.422061191338301,22.66240544910952,171.24550566294087,70.04487401404472,user,rest,heavy
1788983551701,-14.885349687084554,9.703250415802,-6.530484157153219,93.1829184690283,314.96428346121985,25.668887382114463,user,rest,heavy
1788983551718,-12.018592474254966,13.150302256011962,-10.943296142180635,203.8323655138284,365.3621183277229,22.318536160250645,user,rest,heavy
1788983551734,-12.154762693676352,12.817657278332112,-3.634247952790465,273.6759265322761,343.8349466677301,6.856559676624524,user,rest,heavy
1788983551751,-12.6153478225708,11.354800648498534,-0.1960239457510411,273.3170957140404,292.58885694782487,-32.335440587539345,user,rest,heavy
1788983551768,-13.883676152038571,6.927623088183998,2.647239724896848,249.729747755075,261.5608648315877,-99.1739232768566,user,rest,heavy
1788983551784,-15.268123262023924,4.511125425067544,3.131915631213784,195.0418710708869,254.1471862611591,-209.20865329635555,user,rest,heavy
1788983551801,-15.18223127746582,3.701585988727212,3.419669035504758,137.35194866155987,260.22867741511175,-284.83694740969725,user,rest,heavy
1788983551818,-14.31343476551473,3.347542249187827,3.720291273719072,78.94241801184776,260.3711278404415,-347.12330026249776,user,rest,heavy
1788983551834,-13.73837803878784,3.550302371326089,3.9026989281803366,20.53190552244246,255.3811282366136,-398.065146036014,user,rest,heavy
1788983551851,-14.88819338607788,5.58312834161967,3.3038498224556445,-48.54233884638821,254.7892240431403,-477.17373572017897,user,rest,heavy
1788983551868,-16.090082619476316,8.49702227641642,-0.0957668973624706,-86.72100626887347,267.1102022869263,-532.1635340864383,user,rest,heavy
1788983551884,-14.266300089374184,10.031107282422482,-0.7225988195121288,-119.26242487121289,298.4002004597252,-534.6797211351576,user,rest,heavy
1788983551901,-8.890269899097085,11.052083922223002,1.7057202143013477,-166.37543052056003,317.1892858852432,-481.8314329605074,user,rest,heavy
1788983551918,-4.531925636512041,8.908974161175639,3.078495591193437,-191.30567563261997,255.00535854923615,-444.1263025531792,user,rest,heavy
1788983551935,-2.7127807030826805,7.478438303906097,2.8423668679386376,-195.15680949423992,126.46117104883952,-413.2608689391883,user,rest,heavy
1788983551951,-1.5336363854557276,5.367500554601848,1.903690179553628,-183.9276779704155,-93.55965804326786,-371.8901945703676,user,rest,heavy
1788983551968,-1.961300657001137,6.730100209112092,-0.745942870220542,-186.26095255316187,-248.72948021150495,-334.5079408654842,user,rest,heavy
1788983551984,-3.4792250940620897,8.155997154534608,-1.8384470152705907,-171.8527777820467,-340.5874102834425,-279.00106985829825,user,rest,heavy
1788983552001,-2.303222581592202,11.180622477722167,-5.134963426098227,-113.33537112458342,-452.5784704057732,-158.7493877084574,user,rest,heavy
1788983552018,0.1390133338928222,10.733804081438851,-6.889314400316774,-7.8576716023306945,-567.7133026785207,-30.99289177409247,user,rest,heavy
1788983552035,-0.9732429748535156,9.771484459863556,-9.013270255821944,170.07039893699687,-667.5184310573349,63.955002217980486,user,rest,heavy
1788983552051,-5.697303294593096,7.727285876420606,-12.603974195641278,457.8420873877518,-690.0870699619711,107.73361879755412,user,rest,heavy
1788983552068,-7.09925683517456,8.229619403573684,-10.379760780290884,624.0707781241833,-639.534162480552,98.98477484817144,user,rest,heavy
1788983552084,-6.587495061272382,9.804554781286418,-8.469188513073325,727.805724143856,-544.9713408935061,88.01446651275546,user,rest,heavy
1788983552101,-4.020761828503012,12.057049338421225,-4.157530890600383,773.4321527807282,-390.01762591060816,117.16042049376313,user,rest,heavy
1788983552118,-3.273323751288652,13.903728467725216,3.9234994318857783,688.5277650952139,-264.76864951490586,183.44991989835145,user,rest,heavy
1788983552134,-4.74321451754272,14.614806945313513,8.562265732960402,515.635623766788,-65.75739351729847,244.58989380085703,user,rest,heavy
1788983552151,-14.597147077721356,13.64874511413574,10.351480515289309,288.2157053883191,204.4263597451877,228.71500420737328,user,rest,heavy
1788983552168,-20.35999047371745,8.51034002315104,5.224148460852354,176.35097644487703,354.662790917438,151.43743797552696,user,rest,heavy
1788983552184,-20.458750707677005,4.912003981018066,2.830844955112226,122.86604633768997,431.0890287107556,51.299631572809,user,rest,heavy
1788983552201,-21.15172245068848,0.5960065757751465,1.0477631591130048,101.124454549083,451.1175475838208,-102.76460836504566,user,rest,heavy
1788983552218,-20.99684986888468,-0.9283511092036962,2.595913734546304,86.71946264612104,414.9038026421432,-227.38442871554145,user,rest,heavy
1788983552234,-20.351161855095626,-0.4706096793025732,4.310312053082883,59.86350716927858,341.65420386952843,-334.8988189313057,user,rest,heavy
1788983552251,-17.293318006786702,3.628263270623982,8.553885150367021,-40.87340927648707,251.4586325585453,-412.2085007126294,user,rest,heavy
1788983552268,-12.697349229431152,5.879711241315305,11.090241657312214,-148.47877761199587,205.86082241429543,-423.043284434534,user,rest,heavy
1788983552284,-9.910199806323646,6.5475434285037215,11.56803540289998,-254.36804725816063,167.2623032635295,-393.6286922832805,user,rest,heavy
1788983552301,-6.536619445037841,7.202207652691751,9.501540387238562,-359.2147021879013,106.7532612554147,-336.45683972249896,user,rest,heavy
1788983552318,-5.819706269946694,9.119364485931396,4.941483465741574,-401.9903737897503,59.9845859326954,-297.16434603130307,user,rest,heavy
1788983552334,-5.092167655944824,9.088389648083597,2.2518968835026025,-409.8191639371756,-9.79712089262874,-270.05813925346047,user,rest,heavy
1788983552351,-5.286248212543129,8.261492176641896,-2.373550794054568,-357.98871055264067,-105.49789297653386,-219.4329410498661,user,rest,heavy
1788983552368,-4.192845657348633,10.15964503420405,-6.625802287834882,-281.4133560693634,-145.5524103828606,-153.137185191998,user,rest,heavy
1788983552384,-1.3633482078552246,10.96245121676661,-9.773279937578735,-161.27680358817224,-206.20679881651327,-61.95599709321451,user,rest,heavy
1788983552401,2.111535642132163,8.277652745587005,-11.484236152837424,64.90512934285344,-363.9260300735927,58.37760634553148,user,rest,heavy
1788983552418,-0.9551362402766942,7.65635778010264,-16.304362791277466,282.46200867301377,-419.0913369807646,119.3887423897231,user,rest,heavy
1788983552434,-2.861967640465498,7.748684181622416,-15.443946131267396,461.0933940364613,-385.8186714956945,149.33753729634157,user,rest,heavy
1788983552451,-3.7868782538264982,9.981426575060931,-8.067859802202507,551.3408474643799,-325.5045221053568,184.66274292889227,user,rest,heavy
1788983552468,-4.872349431499838,9.583391279712318,-0.5425852936457842,523.2596994844097,-212.3539827299031,240.37869968695065,user,rest,heavy
1788983552484,-7.583184845733642,8.296657232721149,3.2022455972418187,397.762432051999,-79.02560971593851,236.73460251945207,user,rest,heavy
1788983552501,-16.191835020989178,5.646574977874756,8.283191090491787,249.44320765901463,58.035318245465454,164.1811093062884,user,rest,heavy
1788983552518,-19.71550131432414,3.6511581162601705,9.49735013247449,102.3269435034096,164.59299703399682,28.292567947991465,user,rest,heavy
1788983552535,-18.42218408955037,2.4199396202638743,10.687118975696713,-2.983569849990728,196.5540886135061,-51.80533536386216,user,rest,heavy
1788983552551,-13.923181063953042,0.812982270270586,14.773721642114966,-140.99223458350158,213.00043281408813,-100.5250781286577,user,rest,heavy
1788983552568,-9.860967281121017,1.2834420197084546,17.325341769165544,-357.4036092275807,193.32424241916883,-125.17887133406133,user,rest,heavy
1788983552584,-8.93890095127523,3.2731726523801683,15.935358798493445,-489.8335186675543,151.77998562278145,-126.04605947184282,user,rest,heavy
1788983552601,-9.485078204998374,10.574290907287596,9.826852245551349,-569.7364047106785,118.03646055670896,-104.47999671471602,user,rest,heavy
1788983552618,-7.714716883960365,17.118391940252483,1.9363115424994377,-604.5938653284883,85.66971721220344,-49.16724651393102,user,rest,heavy
1788983552634,-5.817760396575928,17.257106583459674,-2.409762874968722,-533.9203133824789,26.80555209586236,2.084463597887525,user,rest,heavy
1788983552651,-4.97365467376709,15.819537247356772,-14.866196201667467,-358.2169481539458,-165.0470406892626,37.0716508523771,user,rest,heavy
1788983552668,-6.013038638526201,11.815984035547077,-29.892653363646197,140.5224541723881,-230.80752828225508,81.25842587637237,user,rest,heavy
1788983552684,-3.9897891826123,9.897330680139362,-27.139471530461684,437.5318095510452,-241.57778037688135,135.10988442498984,user,rest,heavy
1788983552701,-4.841972997936606,11.078719269561766,-10.657038748601078,559.0112045438175,-258.60413058140256,168.84170254682493,user,rest,heavy
1788983552718,-8.212261916461587,9.12879165496826,-1.166124677056074,549.4717252168708,-211.62513324357104,184.65809840025665,user,rest,heavy
1788983552734,-10.486005305591226,8.137144423896073,2.9571394945442675,446.3567691285385,-155.7180677925357,160.59426278441288,user,rest,heavy
1788983552751,-16.672023845019936,4.756980592566729,8.567052866772237,334.25792862110507,-82.36746418247485,97.92234575296511,user,rest,heavy
1788983552768,-18.442833494347333,0.3800795135498047,8.067563029479327,214.79905384898427,-14.997913794621589,-1.121055597060295,user,rest,heavy
1788983552785,-19.584421111518143,-0.8662515036433934,7.639599318329617,135.99813686617165,64.97308972509508,-81.6638044338018,user,rest,heavy
1788983552801,-19.856909434399007,-0.2738368148803711,11.351209784399718,-6.620563407309066,177.02108630434697,-153.1994355360935,user,rest,heavy
1788983552818,-15.385139283642172,1.6340426330566404,13.51137852453664,-231.93920866545616,277.4820084661308,-207.15715133762885,user,rest,heavy
1788983552834,-13.383736333355309,2.995595189666748,10.538977894105017,-311.89982346744523,285.92390371421305,-230.85413749315128,user,rest,heavy
1788983552851,-10.269778383636474,5.632060422571003,4.001460477314144,-311.0116256677768,233.92255899664443,-241.93581889317343,user,rest,heavy
1788983552868,-8.622865747612714,6.663212273296714,-0.3829214589774608,-233.3794496746017,117.81099601220684,-240.4584489756997,user,rest,heavy
1788983552884,-7.802702625927329,6.714687901251017,-1.8649322866141795,-155.26924240179582,46.80591009897962,-224.46642163795028,user,rest,heavy
1788983552901,-7.64812756576538,5.934926640319824,-2.6758184613883493,-92.35211474895546,-2.0745002728791806,-211.9046382447863,user,rest,heavy
1788983552918,-8.009951291656494,5.731718482153117,0.1394632696174085,-66.78657325162516,-8.739083609058744,-211.2237640071844,user,rest,heavy
1788983552934,-7.505372707256674,6.244975170788169,2.1130336256049573,-87.16900520672377,22.03857865900287,-203.8138557011777,user,rest,heavy
1788983552951,-4.910657242584228,6.616525487054139,5.304653783936053,-119.89126672771762,56.54281945898012,-185.29094274761505,user,rest,heavy
1788983552968,-3.62616863643229,6.854449569293111,6.424242627527565,-149.8289420863673,83.71439797736888,-154.37823056418932,user,rest,heavy
1788983552984,-1.3111246841430664,7.382071979345754,7.828442047339677,-183.1694723310307,90.2310882946672,-99.38889665079358,user,rest,heavy
1788983553001,0.6989572471618652,6.808959518554434,8.279150363733619,-209.8663048907794,61.153675261980624,-50.56588484084204,user,rest,heavy
1788983553018,0.716764706531167,6.22178163446635,7.984364722718298,-241.30287892316676,10.186560349856297,-3.508100417160793,user,rest,heavy
1788983553035,-0.9998778838008642,5.561730164282023,6.029947833881526,-284.4762041384938,-69.82955913064924,48.60651188873506,user,rest,heavy
1788983553051,-3.859152631920576,6.395660237774252,1.6852200087167322,-298.61316575804614,-134.07608065259504,91.18996489186696,user,rest,heavy
1788983553068,-5.9217585311889644,6.930165758404136,-1.0871163145318627,-282.92381142317663,-187.26736726698493,130.92823770943292,user,rest,heavy
1788983553085,-10.248830288153886,7.762599748119712,-6.565498534449096,-219.22452465753227,-234.3724498968949,155.37908550402798,user,rest,heavy
1788983553101,-15.709854052844642,7.345260471233725,-12.116455430581231,-142.84720467905032,-228.6536281274916,142.82291652636175,user,rest,heavy
1788983553118,-18.6370636885494,7.284656949450075,-16.27563244442083,-27.85227687861952,-149.011136216285,79.82649037725753,user,rest,heavy
1788983553134,-18.43161184310913,4.931007079912722,-20.159026368150485,147.1232446089368,-42.49668911010522,33.15737872206951,user,rest,heavy
1788983553151,-13.812448652648923,4.361187669317424,-16.29792852044627,263.90545020759964,-9.891587531491894,37.92377500794413,user,rest,heavy
1788983553168,-13.25983698196411,5.027075006048381,-13.087602857927603,345.14708064880296,-12.507924790237482,42.26353718769225,user,rest,heavy
1788983553184,-13.959392779541014,5.051615865325927,-7.076361368483863,399.3127483898085,-22.51997892944183,6.90892502944372,user,rest,heavy
1788983553201,-14.107236485621332,4.751293194580078,-2.560747442066256,401.19402837404016,-27.034833008563226,-33.61770615137169,user,rest,heavy
1788983553218,-13.42009827106893,5.085732946722209,-0.8892951831657439,372.4793393674162,-9.184231796704218,-54.53332657874359,user,rest,heavy
1788983553234,-12.750621385413409,5.785289328821003,1.996466005341336,298.3477446068994,42.40944710383665,-68.31253313485439,user,rest,heavy
1788983553251,-13.169157763129473,4.723610237884521,4.427328659223019,237.06032058059165,67.91511857799719,-91.4590880055438,user,rest,heavy
1788983553267,-13.441945945739745,3.907935367529094,5.321563125421852,190.7957063884301,58.3740478169739,-126.28006175280748,user,rest,heavy
1788983553284,-11.92536883163452,2.765003934533894,6.7863657747566695,144.63596292078495,-7.954947156490015,-162.2978622275758,user,rest,heavy
1788983553300,-7.707683916583656,2.2620719482973217,7.732673688672483,103.14364288284636,-56.21134696346481,-154.56356091712846,user,rest,heavy
1788983553318,-6.024109483116865,2.0391114803038537,7.466169262506813,60.25728806549732,-77.74607622777418,-120.74698014769348,user,rest,heavy
1788983553334,-5.748029273223876,1.8219875364441425,5.765687533380836,13.843677565460196,-59.23518440715076,-81.8947604503966,user,rest,heavy
1788983553351,-7.267299864196777,1.219845965045318,5.051018337824195,-26.00086872672294,-17.674827147342373,-73.7660908474619,user,rest,heavy
1788983553368,-7.594557303619385,1.1864767794068902,4.989816411755979,-65.64797388679486,27.394041194750656,-74.20057967113392,user,rest,heavy
1788983553384,-6.768408093261718,1.3079824040619656,4.704756922724098,-103.31897383884058,58.52154575210032,-64.50763282372621,user,rest,heavy
1788983553401,-4.885817400360107,1.3898342463837936,4.023456912805885,-119.87221049993327,60.27776497262902,-44.31115618387579,user,rest,heavy
1788983553418,-4.484640153723955,1.304241354370117,3.650410366632789,-130.15893984283605,45.08028329574341,-20.849425649030724,user,rest,heavy
1788983553434,-4.714183068847656,1.2571056553162634,2.369063711768389,-140.6192789340622,33.60494394290752,9.912767948108105,user,rest,heavy
1788983553451,-5.841103862762451,1.6534955580780282,1.4338288344003258,-151.71412893880418,39.35926903561654,32.42156927297321,user,rest,heavy
1788983553468,-6.690896399036049,1.818545871557668,1.2192486567392944,-167.9288067831177,50.67423554674053,47.94051038805088,user,rest,heavy
1788983553484,-8.678681742858886,2.1404163572449235,0.6842934926457702,-196.7876674227422,72.70045156334568,53.20370731339555,user,rest,heavy
1788983553501,-9.65312123402059,2.6726770946227014,-0.3217198251701891,-214.45359654114336,78.75775018725813,53.45186516141504,user,rest,heavy
1788983553518,-9.802908475384116,3.022679157555848,-1.0172354074455796,-222.46225289017173,71.36593505236274,55.75614217604014,user,rest,heavy
1788983553534,-9.7806130569458,3.938910351507365,-2.949206801848858,-216.02571484278351,48.55407311138229,59.56593631770863,user,rest,heavy
1788983553551,-9.807847100830076,5.008370451708883,-5.669169086998701,-179.11139739793768,7.410923442872146,74.120796231439,user,rest,heavy
1788983553568,-9.631873278808593,5.5307551803037525,-6.935252852410078,-128.4872100623404,-24.76038172249627,93.03150000531828,user,rest,heavy
1788983553584,-8.891616053009033,5.714809432928264,-8.807369059178978,-59.14389892889354,-60.54694955800839,111.78300573002292,user,rest,heavy
1788983553601,-11.844715916773676,6.216095697784423,-10.904540222002565,52.78478107574741,-80.26241354065526,105.23423401419302,user,rest,heavy
1788983553618,-13.614628909522294,6.939144306890666,-11.508478321429342,140.54816300442403,-70.31641501468775,84.36523304300104,user,rest,heavy
1788983553634,-13.308618840789794,6.854748990631103,-10.065372393987328,203.41061499295844,-53.8084932436435,68.40853827382809,user,rest,heavy
1788983553651,-12.9218056350708,5.871779571533203,-7.130530363707989,227.59988020272036,7.515362157923519,54.908584001933264,user,rest,heavy
1788983553667,-13.77803200378418,5.549459588512778,-5.852176168657839,211.51623270744437,77.06078968796847,35.06189500985752,user,rest,heavy
1788983553685,-14.622737446051834,4.30971262588501,-3.440616254204512,177.3577463285369,138.9421396437439,4.342049439346424,user,rest,heavy
1788983553700,-13.63587744925618,3.104082744653523,-1.5126859518855809,123.31447557745796,192.64545821945296,-42.876737910997655,user,rest,heavy
1788983553718,-12.744036161804198,2.746896907696128,-0.972792600737512,87.35867955997503,207.80450300678436,-75.4974823303576,user,rest,heavy
1788983553734,-10.9566149848938,2.691531578826904,-0.7507306890189647,63.90315425199092,200.46196768675057,-97.86528635263883,user,rest,heavy
1788983553751,-9.430610701751707,3.4310409088686105,-0.5184931279838085,46.15252737278704,161.7514880751098,-114.05655030847754,user,rest,heavy
1788983553768,-8.794651470294594,3.5058594184875487,-0.5609907919734716,34.78830495246349,132.58199043203308,-122.05507065677766,user,rest,heavy
1788983553784,-7.993940068054199,3.738845167541504,-0.8960288022696972,24.176576425831307,115.46492165495584,-127.88224654717403,user,rest,heavy
1788983553801,-4.801571429443359,3.774758046313375,-0.8978244535148143,4.346923206206052,107.58633942848115,-96.84349005280494,user,rest,heavy
1788983553818,-4.361786511993408,3.680336645275727,-1.3714274694144726,-8.619827652376676,104.32337364685849,-65.52279700987604,user,rest,heavy
1788983553834,-4.629338547515869,3.507954198809713,-2.519147305729985,-12.78616876777723,99.2626132832292,-41.164501693629255,user,rest,heavy
1788983553851,-4.8422734421879055,2.7599158176146448,-3.829674608501792,0.0756006958802266,78.32365751455796,-12.180698111064988,user,rest,heavy
1788983553868,-5.041889421081542,2.4961046491209418,-4.215439766472578,13.810343680989597,52.51514911297739,1.7050024067071232,user,rest,heavy
1788983553884,-6.6204170876652,1.720383457360789,-5.321711155590415,32.832753491197145,23.721634600689683,4.134845405590333,user,rest,heavy
1788983553901,-7.46317665656209,0.9012673605103044,-5.939864096722006,54.88684350980511,-4.394728553980618,-0.1858945372367396,user,rest,heavy
1788983553917,-8.027458891296387,0.7249941171508282,-6.011240064671635,59.32794520626871,-15.61999376384801,-5.669719966346897,user,rest,heavy
1788983553935,-8.687211670795083,0.3455131540160626,-6.217740542382002,52.61843864870091,-6.257637463779031,-14.303984504194863,user,rest,heavy
1788983553951,-9.99863563014567,0.14649503141772,-6.9337570608943695,33.029664429874025,20.74071294310621,-35.51519417450376,user,rest,heavy
1788983553968,-9.990405561938882,0.0918774521758779,-7.342417356762289,17.537801599760872,54.55404595759082,-51.28788364743658,user,rest,heavy
1788983553984,-9.954491952514648,0.0579097161224111,-7.792676906475425,4.26700273584091,88.08998108421912,-66.18619962358105,user,rest,heavy
1788983554001,-8.962245586505531,0.2006639353103004,-7.2658023191154,-10.836710689024176,111.29257082685932,-83.8159287393811,user,rest,heavy
1788983554017,-8.379706395068764,0.214280877337337,-7.009772379082441,-17.44314030050637,117.6979427210648,-98.74687935937988,user,rest,heavy
1788983554035,-7.398682264819741,-0.0971148231063969,-6.756735775646567,-13.377626437633545,117.20558170455524,-115.20264239082736,user,rest,heavy
1788983554051,-6.86926442271769,-0.238672270257771,-6.769903884777427,11.39160464870612,117.16042049376313,-132.08917862303832,user,rest,heavy
1788983554068,-6.337452378955483,0.2163758289061486,-7.481130830925703,38.02625858134559,50.08052135313718,-138.11893792421728,user,rest,heavy
1788983554084,-5.259463665992021,0.6902781200133263,-7.17602034138143,37.258101356340106,10.340904695852013,-123.89687214760662,user,rest,heavy
1788983554101,-4.880730306354165,1.0067615788999944,-6.1997840299308296,17.6812902138445,23.38973351080396,-104.04413502302084,user,rest,heavy
1788983554118,-4.037074080878496,1.1198876804076134,-5.917268818554282,-17.92385755202833,48.85017888737527,-72.13280820180427,user,rest,heavy
1788983554134,-4.260782298499345,0.2519894324705004,-6.7090013800472015,-43.59301643416231,66.72806585119483,-56.55601879955117,user,rest,heavy
1788983554151,-4.408324975806474,-0.0323220146730542,-6.996006304058432,-66.36729525923475,84.0944706839234,-50.65499490384861,user,rest,heavy
1788983554168,-4.323928490503132,-0.2612672561645507,-7.259667761883139,-83.89402512235104,85.13317170195309,-52.04282445639809,user,rest,heavy
1788983554184,-4.3400899362310765,-0.3737950995180755,-8.097937618145346,-79.95500038649132,35.91523152400224,-56.99288111395977,user,rest,heavy
1788983554201,-4.160674157062172,-0.2929907934878021,-8.457366557854414,-61.57702404711635,0.0486544656864023,-59.01088782499672,user,rest,heavy
1788983554218,-4.22621542750895,0.1201585574276745,-8.912115820202231,-40.33662129452118,-15.54031277699064,-54.32950690372124,user,rest,heavy
1788983554234,-4.419697141431271,0.5886738217342644,-8.466644673809409,-39.918880094694025,-6.600084792630076,-44.69926460798884,user,rest,heavy
1788983554251,-4.405182293866575,0.5045774884212761,-8.211512559399008,-47.69345220048776,2.078157625736311,-35.60696459619205,user,rest,heavy
1788983554268,-4.166360678265988,-0.0380083897463977,-7.576749844250083,-63.45198610636572,4.36800928083435,-26.886781828114025,user,rest,heavy
1788983554285,-3.65474971101135,-0.4897642424318939,-7.11212508457601,-71.88411418393493,-0.269402137576608,-18.64396610377007,user,rest,heavy
1788983554301,-3.707721130481362,-0.6720228803439066,-6.840832108959555,-77.26303158929254,-2.884728048077358,-11.223281466800326,user,rest,heavy
1788983554318,-3.047071109881997,-0.7731779735507444,-5.699845380291342,-95.92283519420056,9.177489546219768,6.890374662544788,user,rest,heavy
1788983554334,-4.664803244128823,0.0846943973875488,-4.812344752392173,-124.95761418608794,21.66176566022973,7.432604170845059,user,rest,heavy
1788983554351,-6.025308337512612,0.5786481753475964,-5.441570876201987,-152.60096070063864,24.79671320623886,-11.610588197459547,user,rest,heavy
1788983554368,-7.722199056409299,1.3488329949643465,-8.675090440368653,-153.7091862142299,27.17629476401065,-48.89514885287063,user,rest,heavy
1788983554384,-6.89126144273132,1.4682437296994029,-10.860547058758138,-128.82127461464572,25.09557325601465,-67.08510032967891,user,rest,heavy
1788983554400,-6.07723258601725,1.183632715087384,-10.884938572692873,-103.43845433799162,19.07936846524358,-71.54629985777527,user,rest,heavy
1788983554418,-5.486164343427121,1.6880612234920265,-10.11909331665039,-72.48667347251344,20.47628216938917,-89.74964192045135,user,rest,heavy
1788983554434,-5.325303334863484,2.029833218218386,-10.212466596874592,-49.738284479489934,2.0538432195081238,-110.95029638717163,user,rest,heavy
1788983554451,-5.165191391101479,1.9654891947321596,-10.41372917393148,-25.167519053636973,-17.595390339747834,-129.81632389368986,user,rest,heavy
1788983554468,-4.720168865258992,1.4448999712519346,-10.925789053997397,9.14709349686592,-18.84525519370493,-147.91169432596638,user,rest,heavy
1788983554484,-4.597167339490354,0.9446614618830382,-10.929230718883872,30.463466736051856,-4.278818963105032,-155.4744895863547,user,rest,heavy
1788983554500,-4.528932299914956,1.0791857407283036,-10.76971761779785,45.627518052044834,7.755885561998225,-149.17186422783374,user,rest,heavy
1788983554518,-4.140024167743325,2.059311917490605,-10.18897349308431,38.539448259729085,-3.3668087761123817,-121.89837245683924,user,rest,heavy
1788983554535,-4.288763653619587,2.602645965410769,-9.83897113789022,12.357831383226452,-17.763698153727994,-103.26784304271386,user,rest,heavy
1788983554551,-4.077475649371743,2.2900530705221227,-9.846154327392576,-8.390268409467133,2.541707623666267,-89.3736058556963,user,rest,heavy
1788983554568,-3.663129124560952,1.688659646042902,-9.92112276687622,-18.94273223844477,28.23874947242635,-79.62872224983981,user,rest,heavy
1788983554585,-3.4201173637941475,1.570296173604764,-9.394248179516197,-23.410268474543603,32.46418965339409,-72.85570859336924,user,rest,heavy
1788983554601,-3.303699015808105,1.4073407865777612,-9.253888107189535,-20.46182778155813,20.04647714794049,-73.41011504829918,user,rest,heavy
1788983554618,-3.2454902802065013,0.8813647189600393,-9.56393722217977,-10.873253908631035,4.185413991770992,-79.00150597835754,user,rest,heavy
1788983554635,-2.9106013229921457,0.966807644576393,-9.446322065624594,-7.747816547267502,6.289439251441434,-81.5417421231445,user,rest,heavy
1788983554651,-2.784007910211384,1.0968428318414836,-9.343072703552243,-10.881465503560683,10.19720519967776,-82.25797625007954,user,rest,heavy
1788983554668,-2.5680808479860424,1.19096481154114,-9.176524881523846,-17.132204476278,18.63659803720292,-78.8613914777239,user,rest,heavy
1788983554684,-2.3398835022524,0.9632163055535404,-9.093028267669675,-23.002398605614413,24.709976633968868,-68.83126551174935,user,rest,heavy
1788983554701,-2.388366085870564,0.7185588234063237,-9.084199649047852,-22.62513993699793,24.25680553536957,-62.084472951502455,user,rest,heavy
1788983554718,-2.9490581871584056,0.2873033224359154,-9.170390908813475,-19.91126501558362,24.51452906332166,-59.85461426297922,user,rest,heavy
1788983554735,-3.532944117029011,0.1032489602135494,-9.03466901768148,-15.082527885607,23.58824612884121,-63.20876307002157,user,rest,heavy
1788983554751,-3.6257194313600656,-0.0498302719000726,-8.935459286388754,-12.770649724209315,20.44323600663736,-68.16698180364142,user,rest,heavy
1788983554768,-3.546112518420815,-0.3341417190436274,-8.828767674908041,-12.28712270361754,17.07407615134661,-71.32354689837364,user,rest,heavy
1788983554783,-3.3203090820863843,-0.3262109260443598,-8.904634524536132,-15.036456552107971,20.060993007474057,-70.08743975295225,user,rest,heavy
1788983554801,-3.2272347848087546,-0.2557316877387464,-9.0212016333431,-18.61120851651069,25.15881739263438,-64.52083557939186,user,rest,heavy
1788983554818,-3.2088290672853588,-0.1303352296575903,-9.07192936553955,-20.773641285094847,30.663997674988845,-57.563680022897735,user,rest,heavy
1788983554834,-3.3147724907472726,-0.2198185897711664,-8.812008263286948,-22.39263517500882,32.66760293216082,-51.65229473022427,user,rest,heavy
1788983554851,-3.2002994316101074,-0.1653504289373755,-8.557624336895346,-26.383374688169283,27.582272670539744,-47.02220169942642,user,rest,heavy
1788983554868,-2.827402815301716,-0.0834987327460199,-8.422801440429687,-31.907853670023623,13.406495939707897,-38.31776080983798,user,rest,heavy
1788983554884,-3.015048370416462,-0.6477822095893323,-9.388412897491454,-30.249705720692557,-8.496482973702708,-31.62347532883556,user,rest,heavy
1788983554903,-3.218405581665039,-1.076793073438108,-10.301351333507895,-24.76667061917456,-18.94228486105413,-35.21996949291371,user,rest,heavy
1788983554918,-3.518877890014648,-0.9424186148596928,-11.737424001312256,-12.369978020891672,-11.948780745344497,-35.26269232617214,user,rest,heavy
1788983554934,-3.296067790277302,-0.7285865156196057,-11.309310232433676,5.273971975647189,13.605981005928228,-23.16162568309305,user,rest,heavy
1788983554951,-3.147028444671631,-0.794875974085182,-10.73949082183838,14.202380317649048,20.26726984305032,-13.184647980371295,user,rest,heavy
1788983554968,-3.076549133300781,-0.951247270014137,-9.32032778778076,20.11740353982919,19.286707395235776,-6.634806486162659,user,rest,heavy
