epoch_ms,acc_x,acc_y,acc_z,gyro_x,gyro_y,gyro_z,participant,label,category
1788982964348,1.2448350795470178,-1.3447934372499584,-9.787945299530028,19.44392981219301,32.26930386580612,-1.810844939076345,user,row,medium
1788982964364,2.599354522649944,-0.9132382957458496,-9.297731925091147,31.59647900614108,37.86135732421397,11.142418857216546,user,row,medium
1788982964379,3.21002572972402,-0.4777931610658764,-9.21887349243164,26.803277642868743,47.644981763042765,36.28229613528248,user,row,medium
1788982964397,3.880551832171529,0.710329558917135,-9.48133784942627,-9.612376228410945,30.37066495579889,58.84194992606562,user,row,medium
1788982964412,3.6855740344725545,0.2926910068236291,-10.46894603424072,11.05647800198486,-15.038377542812038,33.543472240377405,user,row,medium
1788982964429,-2.407220277813822,-4.516960853222757,-14.60792215423584,119.62722527478329,-24.959445878309,-38.164043987472255,user,row,medium
1788982964446,-2.2969373638428747,-3.175010968835652,-8.255955512237549,127.8069778625205,-168.56936924423815,-81.06022061684777,user,row,medium
1788982964462,-0.6280292421754449,-2.028637140301615,-5.31153579853475,120.97234906954723,-316.8797963535716,-97.82305529300064,user,row,medium
1788982964479,1.3471871365866157,-2.463484162957966,-5.49693737411499,102.7576757230381,-480.12590740399855,-91.834085881545,user,row,medium
1788982964496,3.790170427239686,-2.0450977151066065,-6.220884101104736,99.77599079181488,-580.2946204127109,-55.797761933747616,user,row,medium
1788982964512,3.759943192888796,-2.0931310936525462,-7.084741987609863,117.80561382314086,-655.988416040193,-13.22354590769452,user,row,medium
1788982964529,2.5471307066768407,-1.5146321175172923,-9.993247507366538,19.45232069958837,-153.0633918282052,11.350959046729022,user,row,medium
1788982964546,-2.118120573480427,0.4379886816829442,-8.950273993682861,-2.934707316998692,54.48131468821394,32.173729028750124,user,row,medium
1788982964562,-4.855740826526284,-2.184410031946004,-8.434922086334227,3.492841987998396,98.4408254128608,58.7458355040652,user,row,medium
1788982964579,-5.238513524682819,-6.529287494714557,-8.608351484569907,-11.427575839969991,71.37651501538708,16.50190266683818,user,row,medium
1788982964596,-6.401047776031493,-4.807706863458455,-5.274126397594809,-24.911248648430803,-7.136762637795597,-38.01700367502022,user,row,medium
1788982964612,-6.807314454761147,-3.563470188196004,-4.793640636444091,-11.245212350451592,-58.27113052656014,-48.589935019619446,user,row,medium
1788982964629,-2.9429230454042554,-1.3651441513612863,-7.625232427868246,13.61490635562614,-59.08993360426127,-14.315641075787138,user,row,medium
1788982964646,0.3875608092159032,-2.13233643809855,-7.217918870434165,28.483686886252176,-82.40802184576638,24.41405527308348,user,row,medium
1788982964662,0.2205655356809496,-2.951602026422321,-6.220584241375327,33.626879095427014,-108.48845032348892,51.26148155119989,user,row,medium
1788982964679,-2.627936181750893,-2.595763804681599,-4.444086609539389,26.92306037789055,-119.35129929269308,59.75240048204998,user,row,medium
1788982964695,-5.549909670367836,-0.9567831307008862,-3.198952693176269,15.073985026502609,-129.73587792564547,57.05399081646387,user,row,medium
1788982964712,-5.533000036621093,-1.0016741195678711,-2.923469280132651,8.106906058918106,-169.44870145836396,60.00202340564643,user,row,medium
1788982964729,-4.468329070392251,-1.5855603416994213,-3.1000422370910643,14.83087639582705,-218.5563135906516,77.61602942597713,user,row,medium
1788982964746,-5.301960160937905,-1.186776127679646,-3.0009815588802096,17.74881175643195,-224.7880689063445,92.58897887918232,user,row,medium
1788982964763,-6.082618955230712,-0.6212953308105469,-2.5921710408866403,16.190411889739746,-229.71691099634413,112.98111653309152,user,row,medium
1788982964779,-6.551434152331948,0.178218093816936,-2.1122844146728514,4.408879425280414,-260.8444326291667,160.49172798459264,user,row,medium
1788982964796,-7.358579387012123,-0.0971149509705603,-1.6630717436641451,-20.77808603069723,-281.2181765836411,184.10151994517065,user,row,medium
1788982964812,-10.608109590259192,-0.6988077556885779,-1.8227350668758155,-67.66721003188242,-255.35375283842015,175.435758416852,user,row,medium
1788982964829,-16.543335505786537,-0.3167829532898962,-1.7274159132808449,-158.49680731295032,-168.8563054912704,144.72556134231718,user,row,medium
1788982964846,-19.402910698157548,-0.5690719532288611,-2.1827634337827564,-234.46514922431027,-85.77171925726842,92.5526559331762,user,row,medium
1788982964862,-20.48299375305176,-1.253963192572072,-3.4814673200309274,-294.9643694203986,-4.830996641931427,43.82667037547928,user,row,medium
1788982964879,-17.479318717303872,-0.2953845932891592,-6.080523444256186,-327.8330155556842,39.68686198368328,21.298152002027635,user,row,medium
1788982964896,-13.283329501232505,1.20622854124438,-8.499265086907148,-305.4640367408657,25.65095984309048,17.090021227964005,user,row,medium
1788982964913,-12.113313661956786,1.611147933550924,-10.601972694939374,-237.61285556368895,-18.592362317043328,22.232101823851423,user,row,medium
1788982964929,-11.441291767993569,1.705120275646821,-14.256572183825076,-63.0504802661957,-43.576658131100125,-5.521385333047146,user,row,medium
1788982964946,-12.785785053253171,1.471984962054342,-19.596539419335127,93.85102708307144,-40.16450394253144,-49.68148121125752,user,row,medium
1788982964962,-12.512397151184082,1.511040449700877,-19.80812669879049,190.22635547959615,-61.09075555934647,-66.45939353000321,user,row,medium
1788982964979,-8.948778202167153,0.3886087838988751,-14.103343862096963,202.68639637488369,-85.22162948189393,-55.501369289809496,user,row,medium
1788982964996,-7.869442166247963,-1.0634745229858904,-7.979573981310427,143.36430464073365,-70.62552205576584,-36.41837740921122,user,row,medium
1788982965012,-8.506449445453285,-1.4426564666414632,-6.870759629711508,96.98112519476986,-33.668372494634845,-28.43086903340047,user,row,medium
1788982965029,-8.820238916015624,-2.510769572680816,-7.408257610155641,75.41114190905947,-0.4919914926032709,-21.631028101417375,user,row,medium
1788982965046,-8.81036341868937,-2.8003180436950177,-8.367285304912924,86.34377492101366,12.419606175400986,-22.95983628180148,user,row,medium
1788982965062,-8.719084480395912,-2.896684843179397,-8.452129826244711,116.0659919622953,-8.740856043148362,-27.666340346391557,user,row,medium
1788982965079,-8.706514921680093,-2.5962124252319336,-7.759457358440756,148.7953432196476,-36.66570538924656,-35.039874479973406,user,row,medium
1788982965096,-8.099584800830483,-2.035520397009328,-6.518811693407595,176.87732448269654,-59.73495617890977,-33.305252317600285,user,row,medium
1788982965112,-7.840860799407959,-1.7278654836792495,-5.767630922533572,179.01200448513566,-59.0606594134786,-27.62258956966304,user,row,medium
1788982965129,-8.015488467517494,-1.4496892513550816,-4.155435379625857,163.51901808890403,-47.89765778119822,-22.204939869069577,user,row,medium
1788982965145,-8.204031848254798,-1.3766659545898436,-2.826504112896323,131.30915735944453,-27.73165915297168,-15.955007712447966,user,row,medium
1788982965162,-8.494180330988764,-1.4347254909791052,-2.6804579577572643,110.3283803424853,-14.333449086500654,-12.695140275387532,user,row,medium
1788982965179,-8.960749210467934,-1.3634978454589843,-2.8903992235712703,99.52347869819953,-8.821363482895304,-10.369045075232464,user,row,medium
1788982965196,-9.204658504596352,-1.2484268204286697,-3.0949536817803978,100.69575089563796,-17.586572565529348,-10.248304406179564,user,row,medium
1788982965212,-9.173086139246822,-1.2367550873354076,-3.119195119719952,107.6584184147923,-33.98318957385907,-11.86061495599068,user,row,medium
1788982965229,-8.684369725367427,-1.2996030270449817,-2.947860355675965,115.22165763747668,-48.85000813264602,-12.440835257115031,user,row,medium
1788982965245,-8.308028813824057,-1.1982977847777303,-2.9861668515861037,122.6283830753302,-54.65997536142855,-10.918236680731097,user,row,medium
1788982965263,-8.127268926569819,-1.0865190792910755,-2.921224569945782,124.4714003398314,-48.83103728222631,-4.14431332844044,user,row,medium
1788982965279,-7.60398447265625,-0.97683427734375,-2.721159239849448,126.24264597653412,-43.48203952052794,4.799808717520679,user,row,medium
1788982965295,-7.714266802105307,-0.9433151618406176,-2.2924469936210663,130.27982053076693,-44.08734454515281,13.396704863532683,user,row,medium
1788982965313,-8.019827958026529,-1.0749965454101562,-1.9809015025932344,133.24007915856382,-49.5649820896792,13.935712656978824,user,row,medium
1788982965329,-8.681374050682782,-0.9804251414425672,-1.0790359935266896,137.54690958122873,-63.3642318359094,12.43390944529664,user,row,medium
1788982965346,-9.081806031909585,-1.1058220379151402,-0.5906186539254151,152.33952837996725,-89.38835906430353,5.684624292889512,user,row,medium
1788982965362,-9.157073162078856,-1.3618516856871543,-0.7148185043668374,167.74678224173687,-104.54047120962731,-0.2906374358300156,user,row,medium
1788982965379,-8.935310817828775,-1.3549686481751502,-0.6084251817129552,174.29411961784103,-108.98721805743992,5.139431336263101,user,row,medium
1788982965396,-8.238747772327065,-0.8990227233886718,0.5804455801583827,149.93094413143228,-67.331253517177,20.260501125582834,user,row,medium
1788982965413,-8.5480486992985,-1.4685434432983395,1.119589135852456,130.3767409150894,-39.63601122531254,19.582907086329843,user,row,medium
1788982965429,-9.233688199725746,-1.1005844295226035,2.2714994095951315,113.24743243901948,-32.30617322694584,16.900124893564726,user,row,medium
1788982965445,-8.920348226496577,-1.4523827282227575,2.179772143012285,110.15769391512669,-35.89139074870431,8.157077213466435,user,row,medium
1788982965463,-9.170091633605956,-1.1330557895384727,2.0213056283697486,120.62925500715916,-39.44352966431241,0.7764115086174445,user,row,medium
1788982965479,-8.708461379572748,-1.0296563514709471,1.335966133802384,134.58844046299438,-41.9945540928934,1.085173091533927,user,row,medium
1788982965495,-8.336759233745932,-0.8189663131162523,1.36275053422302,146.20051337282476,-42.3730148748038,2.8786205782988974,user,row,medium
1788982965513,-8.50375421501994,-0.3036144057676196,1.804780015729368,150.21953328424365,-24.876795466709968,-0.0556387810098833,user,row,medium
1788982965529,-8.826673917499184,-0.2094924991331994,2.264017967798561,150.6818278080268,-17.951806686112022,-4.767496373217818,user,row,medium
1788982965545,-8.49702227641642,-0.0109233989439904,2.593519825147092,158.26746322099964,-31.97221112747807,-6.825904933855861,user,row,medium
1788982965562,-7.838467182269692,0.3110967243470251,2.57885563223958,186.7195724351716,-66.33590370980939,-11.026975853638636,user,row,medium
1788982965579,-7.917175977325439,0.6461354652956127,1.9238912560611965,213.78848638014583,-87.39328129831031,-15.605850149624208,user,row,medium
1788982965595,-8.05738816561401,0.8681974500793963,2.027291717042029,223.7804110980925,-85.85270481025725,-17.295667978589332,user,row,medium
1788982965613,-8.272117542487383,1.2885295521058142,3.774759361487627,205.026979260042,-70.45233577917101,-17.562660073245134,user,row,medium
1788982965629,-8.150161726379395,1.5699979943757876,5.384859977942705,184.1072436436951,-62.129463407565325,-16.373995421798643,user,row,medium
1788982965645,-7.950695385089516,1.48664981254898,5.494693394580483,172.37143502686078,-67.54588538165548,-17.60704605756646,user,row,medium
1788982965662,-7.475744461712241,1.3055883667985908,5.08857635345459,178.13702993170034,-85.7088815169043,-19.26666762021096,user,row,medium
1788982965679,-7.198465981945395,1.4151229283539577,4.188655804443359,190.26647601078085,-93.83363742144458,-18.063481986589025,user,row,medium
1788982965695,-7.374442142054439,1.6235683295870198,3.90000662035644,198.2836427755151,-84.21679254176917,-18.128213396900527,user,row,medium
1788982965712,-7.64288908059001,1.8004399772310629,4.097077590942383,192.83753679929205,-68.340318344398,-23.47111179967008,user,row,medium
1788982965729,-7.195027239668369,1.5084971584262326,5.080647898542881,183.8648812111864,-60.54155370856408,-25.580740375780863,user,row,medium
1788982965746,-7.015908689880371,1.6947957924440502,5.397578589740395,174.6345772272095,-54.70015053412656,-21.27308691532098,user,row,medium
1788982965762,-6.394312914818525,2.34706588803716,5.772269980511069,163.68807893124017,-59.893785397869244,-14.21946005944231,user,row,medium
1788982965779,-6.56909255861938,2.2300497202884406,5.968297579523921,156.91432078415008,-59.04488850668504,-10.497352740112094,user,row,medium
1788982965796,-6.835597715437412,2.394202390808612,5.974134030592441,142.65274919338006,-50.1050246567846,-4.8097517654049255,user,row,medium
1788982965812,-7.255926821789145,2.483236472784728,7.021295643615722,95.40714225148628,-22.33616146340386,3.9151481020686414,user,row,medium
1788982965829,-7.001693117523193,2.146551864325255,7.916428958350419,51.96487492249532,-1.684137886340027,10.835336967227358,user,row,medium
1788982965845,-7.02937548969686,1.8580501258850095,7.5979983839839695,22.687101705600995,8.958451355952983,10.609455781185869,user,row,medium
1788982965862,-8.151061305567621,1.593641210693866,6.225823311072587,19.824859707488372,6.234606492784571,-1.1179814783252602,user,row,medium
1788982965879,-7.848941814532876,1.927931179101765,4.339640731158853,46.856306649770566,-16.838545615555184,-1.7873082139181868,user,row,medium
1788982965896,-7.373541978344321,2.0177134490966795,3.77984587097168,77.92885892015289,-43.13402430684287,-2.755820820654649,user,row,medium
1788982965912,-8.008605722266434,1.9485817529425025,3.70263403647542,98.24341245527992,-50.72460136168021,-12.634821167279856,user,row,medium
1788982965929,-8.508695178553461,2.238279715429991,4.491972396308183,86.34502484563177,-37.09579898618768,-19.22586065501472,user,row,medium
1788982965945,-7.983018276545405,1.9874875299200412,5.185393052130937,55.46013543779013,-18.86768553493925,-17.268644335138177,user,row,medium
1788982965962,-6.784271432825922,1.9363111771732568,5.932832882910967,23.811606975078966,-1.8253906806875333,-8.902992781213419,user,row,medium
1788982965979,-6.99645755495727,2.4628857586734,4.55167780020833,25.809210203517797,5.9762908728088044,-5.591942040947024,user,row,medium
1788982965995,-7.406313782611488,2.6747728978581726,3.563919977790117,44.63280686736461,6.851403310687988,-6.562140957356539,user,row,medium
1788982966013,-8.311024488508702,2.2022177835762498,2.8749896191239355,68.06534858879162,1.0965069366879168,-19.11909113790908,user,row,medium
1788982966029,-8.269274428015947,1.6566384957462548,4.1106957819283005,69.39076728780012,-3.9956064498309214,-26.92396537795557,user,row,medium
1788982966045,-7.850587243652344,1.4387655601501463,4.632481521716714,64.78840140993793,-6.241196771559987,-31.16565457895877,user,row,medium
1788982966062,-7.898471276855468,1.999308900617063,4.891803489032387,59.07804224491628,-6.8666393282921705,-36.76032058472416,user,row,medium
1788982966079,-8.664915083312987,3.1534631538942453,5.149928940039873,46.96446269527772,-2.669261406416255,-38.14142240094117,user,row,medium
1788982966095,-8.609249894714354,3.46351226888448,5.291486113196611,31.347354686354038,-2.5773646262283183,-30.196358528180166,user,row,medium
1788982966112,-8.268677046644687,3.301605550660193,5.636401374384761,11.55340329240726,-4.870347496173986,-20.52969937134055,user,row,medium
1788982966129,-9.18655177001953,3.1970076965883374,5.074511587744951,-11.225876938684932,6.096010855467611,-14.299012126479097,user,row,medium
1788982966145,-9.55795171802938,3.234417243658751,4.514716727557778,-17.51659386238798,20.59398340426141,-9.664731335946383,user,row,medium
1788982966162,-9.616910102954506,3.0021795364931223,3.574244387927651,-15.560415731265282,30.87195302955364,-6.200955858291211,user,row,medium
1788982966179,-9.963919706073405,2.78206276749298,3.680936583930254,-3.7581387016361503,21.97214482404074,-12.561393218607634,user,row,medium
1788982966195,-9.814880652728675,2.72101091741994,3.8524206933170553,5.253131360942187,10.407130210044455,-12.083835783350452,user,row,medium
1788982966212,-9.485229011645911,2.8827690209537744,3.998467579108477,7.50600052989237,4.641018345262108,-12.031624963561228,user,row,medium
1788982966229,-8.65683640627563,2.5492269483037293,4.682910855488479,-5.87341968617195,5.612448830156341,-5.892336321965123,user,row,medium
1788982966245,-8.335712939563393,2.625990454510599,4.923975573840737,-17.808919128675356,15.938152513123669,-2.432110194800831,user,row,medium
1788982966262,-8.714145854949951,2.528127607782185,4.030937770080566,-14.944112394529398,22.231654446460787,-4.120297102658205,user,row,medium
1788982966279,-8.308628533282876,2.9484599290043114,3.645770578002929,7.385431469342366,10.676598248274384,-3.35733743816769,user,row,medium
1788982966296,-8.053195974621175,2.9881136017397045,3.9486376725345846,18.445089778159517,-1.654782266895841,-0.728020205317286,user,row,medium
1788982966312,-8.287978543964028,3.0180409763611853,4.6637557809025045,20.733821282233677,-6.481631383175484,-0.4973769366812672,user,row,medium
1788982966329,-8.455723466822505,3.0491658902041614,4.786160802082717,17.159250317843963,-12.217078259905414,2.0409320275426834,user,row,medium
1788982966345,-8.226478657862543,3.130269763702899,5.001788296839594,11.110571392664069,-13.60396951521766,6.265342344049628,user,row,medium
1788982966362,-8.31760795855224,3.19192031032145,4.896592769135535,7.436972076819282,-9.517040447975903,12.22670711908784,user,row,medium
1788982966378,-8.597578746142982,3.1438863472536203,4.219032822528481,12.869480853952108,-0.9410254709170986,15.763260396783611,user,row,medium
1788982966396,-8.790610085949302,3.1072252804629503,4.181773351453244,20.338460904769363,-5.78686240636767,17.14188285433191,user,row,medium
1788982966412,-9.056666329956052,3.450493505096435,5.1232925697878,22.0989302105091,-16.958338595860745,15.832658533845528,user,row,medium
1788982966428,-9.413401792797446,3.370138404138386,6.063764617156982,0.0256226008976565,-15.96077409965475,12.618952930290623,user,row,medium
1788982966445,-9.392155006629228,3.273323751288652,6.13529256079793,-24.48851287277308,-5.461657890076323,14.460905539054968,user,row,medium
1788982966462,-8.9378540725708,3.310881913049519,5.563377054706216,-41.86934306502872,6.5540130322442245,16.453994012452416,user,row,medium
1788982966478,-9.096171241870522,3.394828901019692,4.939688691279292,-42.62766823272397,13.860165642116606,12.32768890464554,user,row,medium
1788982966496,-9.08539558083415,3.4675527764469383,3.6267666023254392,-20.139803145212248,11.102906212868024,8.040623341891363,user,row,medium
1788982966512,-8.692297595757246,3.6758480286195874,3.180846543121337,0.644232033612918,7.870148650397015,9.424557125292994,user,row,medium
1788982966528,-8.447643036219477,3.703979898126423,3.237711170637608,22.365616654199545,0.168555608440773,12.844761545572185,user,row,medium
1788982966545,-8.323292433929442,3.480571247974038,4.131495408850908,34.610337543449646,-12.53598662244248,14.89727778739062,user,row,medium
1788982966562,-8.442254328918457,2.977938244684041,5.402517215186357,24.774308478213925,-17.741064614365865,11.765839251067582,user,row,medium
1788982966578,-8.781933443018794,2.61147604533732,5.77720977500081,-1.0309588918837738,-9.922401929932406,1.743474514424278,user,row,medium
1788982966595,-9.02150032402873,1.9865891197755927,5.952134964752197,-40.411483582919104,3.7955023977170583,-10.951350291600964,user,row,medium
1788982966612,-7.699453848376869,2.1529864274173973,4.7402211809456345,-48.492857540946055,12.104145350847483,-9.741261898049084,user,row,medium
1788982966628,-7.16240565752685,2.8278520203739403,3.539378826251626,-33.16570813776234,14.079465087119145,-3.456964071505377,user,row,medium
1788982966645,-6.281487915149331,3.3117797386720773,2.0021523073494434,4.822730405488419,1.7193633063238982,6.845130635708977,user,row,medium
1788982966662,-6.292260653576254,3.066972618921101,2.434305122485757,24.761466015027008,-3.5384187731128334,11.30655598693477,user,row,medium
1788982966678,-6.62041591862142,2.6889874473020434,3.029114012908936,33.35993481209541,-3.2216693906837266,9.76381176759388,user,row,medium
1788982966695,-7.19502490158081,2.057217776489258,4.307318424224853,35.037617102452714,5.913099670155139,8.3903213434332,user,row,medium
1788982966712,-7.564480729785561,1.9428949394777413,5.324106818555295,34.99196411804035,6.030873475787315,3.622301606970229,user,row,medium
1788982966728,-7.710977112910151,1.8203420342594383,5.804444403406977,31.365403461235797,-1.4482998853142433,-0.7123570340857128,user,row,medium
1788982966746,-7.770680178722738,2.113781375232339,6.883479995074868,13.320064164629615,-9.82347603131488,-0.6197171506604201,user,row,medium
1788982966762,-7.881115068385005,2.022353091596067,6.851309371571243,-3.608143478594439,-2.998265428876834,-2.6281551935570024,user,row,medium
1788982966778,-8.073846548461914,1.8275243469789624,6.228515618896484,-13.68574993147116,6.888315787396852,-7.50158395882031,user,row,medium
1788982966795,-7.924809248682856,1.7932576279789207,4.967820268525183,-6.937348007901081,9.395281226963023,-14.00889642638822,user,row,medium
1788982966812,-7.324461428833008,1.9141645195558663,4.289811701367795,7.859293772258572,5.59754493050055,-17.19201302774522,user,row,medium
1788982966828,-7.056010398644209,2.057965672247112,4.38602780380249,21.75292307244001,-2.714259119555122,-18.10760330108001,user,row,medium
1788982966846,-7.064689964184165,2.459144087927043,5.530157506671547,20.820516873368643,-12.5763538942109,-15.099627264194126,user,row,medium
1788982966862,-7.314585931506753,2.827253762219846,6.603657091522217,5.184927226324556,-10.905333599615297,-9.1188540797425,user,row,medium
1788982966878,-7.601140773662924,2.733280470275879,6.445341383527219,-5.613644113261093,-3.614522448392408,-6.0077861557322025,user,row,medium
1788982966896,-8.796298652979731,2.3258181520208714,4.51292166083455,2.0342982063113086,1.6576355784216137,-12.045640511738094,user,row,medium
1788982966912,-9.623194882312417,2.3412305329471823,3.5306995529726146,14.012950997434269,0.9141510244106256,-20.276475230504204,user,row,medium
1788982966928,-9.541641219219564,2.3695111632749435,3.782689569965005,18.260983736629115,-1.7660228898651942,-20.378408973677477,user,row,medium
1788982966945,-8.598176127514243,2.625990016119182,5.045481308093667,8.795315702721814,-1.4708569052133278,-13.361639526107483,user,row,medium
1788982966962,-8.842984416309,2.803610728564858,5.080647021760046,2.016553161404204,3.31129321198193,-11.134497545326624,user,row,medium
1788982966978,-8.899548599573968,2.7850559579595924,4.767156534144282,-2.2132126637422656,7.197205969968802,-9.20429547739113,user,row,medium
1788982966995,-8.8609391751945,2.907009435980022,4.377348238262534,0.3699124266381653,7.084677322732372,-11.483323843975638,user,row,medium
1788982967012,-9.46158568572998,2.903717700958252,3.8177041847229,4.430953316017426,4.736803637521897,-17.744139907039663,user,row,medium
1788982967029,-9.401582760187983,2.790143636487424,3.750668876326084,9.005380731966493,2.448373302101454,-20.127814455671583,user,row,medium
1788982967045,-8.77220466068685,3.1067762215211987,3.933075069482624,8.575602177500842,7.624170486496407,-15.866203300406752,user,row,medium
1788982967062,-8.525302614483238,3.3241993675231933,4.346973266004026,6.6776522628261485,15.079018875920903,-9.678016053882056,user,row,medium
1788982967078,-8.551788470348715,3.3017540192201733,4.381688897815346,11.786704625208325,9.523015155952374,-9.265088429872474,user,row,medium
1788982967095,-8.424148178863526,3.1682774227969346,4.800075637927651,16.421835774292706,-0.9914673784329948,-9.050453150299408,user,row,medium
1788982967112,-8.269424650141596,3.2836485998176035,5.455339289313555,6.768985125520736,7.0882524998760505,-4.330158933775079,user,row,medium
1788982967128,-8.487145610046387,3.3821091201782223,5.631462456677854,-5.621792102054095,17.77877238122621,-3.105854568682875,user,row,medium
1788982967145,-8.454225921741127,3.106476946313679,5.45788312857747,-8.116787635099822,17.711008366923224,-1.8672070197770556,user,row,medium
1788982967162,-8.262241460639238,3.096601302856952,5.240159830585122,-4.359150525480844,10.164255513347973,0.839511357490961,user,row,medium
1788982967178,-8.291421377894283,3.1305690389104184,5.351341446961462,-2.446174408075533,7.338795791463165,4.282808647353965,user,row,medium
1788982967195,-8.188919619318842,3.01474953360036,5.454741323420405,-3.917136967777585,5.957707635624492,7.082216320197052,user,row,medium
1788982967212,-8.639176830944418,2.8670569264285266,5.663634541486204,-20.192738818827134,16.945917896855075,7.181811577353239,user,row,medium
1788982967228,-8.698134631347656,2.9083571973271667,5.8373635071903465,-39.158430738166906,25.960333261546204,9.422230592106958,user,row,medium
1788982967245,-8.80407863933146,2.7133792534977195,5.503372960120439,-50.10415722276001,30.857322764351476,9.083592374378664,user,row,medium
1788982967261,-9.042000675743818,2.483834438677877,4.323030080358683,-52.68790508765453,37.20070386164991,7.730867432842115,user,row,medium
1788982967278,-9.133730864936112,2.348413430188596,3.886688289099932,-56.25629985348725,50.38571128072627,3.1275632577427026,user,row,medium
1788982967295,-9.060705960735678,1.9068321308411655,3.788973764801025,-68.37078781828542,66.8652570308637,-0.8932996308133403,user,row,medium
1788982967311,-8.962244417461752,2.3466170482911166,4.939238024902344,-86.42301877576415,80.53598993767095,-5.066792274440015,user,row,medium
1788982967329,-8.832507445958257,2.6620531170167028,4.658817447717488,-66.86011389841869,54.556699486083374,-9.774445518357943,user,row,medium
1788982967345,-8.3762641456604,3.055001756750792,2.820819345258176,-30.105810710353307,15.466061790523431,-8.32664605112211,user,row,medium
1788982967362,-7.647229155620932,3.1292221543461083,2.596661922565102,-7.485285419913367,-10.413269696334652,3.1012587051451024,user,row,medium
1788982967378,-7.932139153179526,3.391237598529458,2.990358165796101,-9.892773423086537,-2.828007382445222,7.542170650415819,user,row,medium
1788982967395,-8.885183389613031,2.873192068182677,2.580202370673418,-9.02347561062515,3.3811540943601126,5.163027078524556,user,row,medium
1788982967412,-8.607005330657959,2.7214593918398022,2.357690377099812,1.1488965153343245,-4.4650509010146,0.384511502421818,user,row,medium
1788982967429,-8.182185927149654,2.7136789670966563,2.281076216235757,11.308735671053649,-10.747177154289064,0.1249098725511717,user,row,medium
1788982967445,-6.985681309399008,3.066822689056396,2.2854151222229,26.300724276570254,-15.599503196337972,7.307496449591582,user,row,medium
1788982967462,-6.171353469738364,2.8507462814882394,2.613869370214641,47.25655232003873,-28.07519717765581,20.861434829138897,user,row,medium
1788982967478,-6.351216700413823,2.5487771587096155,3.133561060333252,57.78122837815181,-32.16599383951508,28.171053760015063,user,row,medium
1788982967495,-6.927175344416499,1.2412445077091454,4.1175794039621945,67.06787459259213,-38.09529813347608,29.28480489664485,user,row,medium
1788982967511,-7.568370722961426,0.6447887268617749,4.653131803296506,67.89132902911804,-37.95970863316757,23.94356281474903,user,row,medium
1788982967528,-8.24263835002482,-0.0407008437007665,6.201432381659746,52.72693278857198,-35.249008042170026,18.716060458006844,user,row,medium
1788982967545,-8.636783798328041,-0.8768757735103369,7.2354276391178365,35.29863619667934,-32.05357234087126,11.391857365705413,user,row,medium
1788982967561,-9.009678953331708,-1.1909656883239743,7.564330799920857,8.419238656831741,-18.55798939004524,5.995189152468583,user,row,medium
1788982967578,-9.390207964214682,-1.4634557647705078,8.063222570855915,-40.46349547344875,6.058598494288866,-3.14065310184362,user,row,medium
1788982967595,-9.938329922264812,-1.2407950103759764,8.524405665643513,-75.50151897215709,20.62419503850768,-9.15853662504663,user,row,medium
1788982967611,-10.17041784569621,-1.118541088104248,8.277054998889565,-103.89206769133968,23.69877395753765,-21.39260327296516,user,row,medium
1788982967628,-11.103411227747795,-0.3428188734307885,7.430855226410925,-132.35485932137348,19.33630139879924,-39.15539471908083,user,row,medium
1788982967645,-10.875661041259765,1.376516755377501,4.378996005469561,-129.2468500414509,22.353605766544074,-44.87168931849122,user,row,medium
1788982967662,-9.84435984519124,3.5622732334963976,0.1512850787058472,-76.16304328384032,5.113188468811442,-45.74252819238409,user,row,medium
1788982967679,-9.138516930168867,4.271106270245462,-1.1689680837884544,-26.613343742429027,-11.736695687652784,-39.53464438784037,user,row,medium
1788982967695,-7.963864663264155,5.200954924530536,-1.8085183254748585,4.699936837703107,-8.802300424921798,-28.803416579036934,user,row,medium
1788982967712,-7.590966585651039,5.470601301983743,-1.233910511559248,19.4119303759315,3.7218750928984368,-23.982033855249124,user,row,medium
1788982967729,-7.5065692235648624,5.856067915399373,0.5439329819276929,25.40272003280095,15.0943714336278,-9.152722426515655,user,row,medium
1788982967745,-5.931484975433349,5.906346296393126,2.577508309283852,25.77280700278892,7.419931608613747,11.889590325997164,user,row,medium
1788982967762,-5.638644769397378,5.5771434219911695,3.322703576007485,23.914841869289127,4.023384402298541,30.29209728977624,user,row,medium
1788982967779,-6.833051538085937,4.079120786230265,3.707421270751953,28.80180123929823,8.115051913276993,36.94873476807355,user,row,medium
1788982967795,-8.466645842853188,1.983895642907917,3.685874624854326,45.935487866626126,9.994789128529847,30.172835356678643,user,row,medium
1788982967812,-8.953268499323725,1.0914571202151475,3.9903874407663937,64.50867784266923,-1.6540441795786565,19.942040140436408,user,row,medium
1788982967829,-9.019109044978022,-0.5370484831109643,5.496190062879026,78.84949328818973,-14.713590094946882,0.338146657551464,user,row,medium
1788982967845,-9.51246305553019,-1.1791441714964803,6.079327220208943,72.41681429768256,-16.3145574080939,-17.101366172175396,user,row,medium
1788982967862,-9.067440821948647,-0.8804673682615161,6.955156115014851,47.28445022770365,-16.114779497512902,-24.203384918323607,user,row,medium
1788982967879,-7.6119158501774065,0.206799168395996,8.081328720910847,7.351712532957306,-8.710633309844702,-10.221991102402091,user,row,medium
1788982967895,-7.010821595874428,1.5602717327944933,6.927025122290849,3.10376303669297,-16.773151676894187,6.6948809881206826,user,row,medium
1788982967912,-7.03610859734416,1.7975968262270092,5.841253500366211,21.69590977589062,-40.40569158250293,22.89327950343429,user,row,medium
1788982967929,-8.748413450732826,2.427271862848103,5.147085825568437,23.074831054215107,-97.70656641670608,30.853088047066063,user,row,medium
1788982967945,-7.957579883906245,0.8833115056462585,8.042574042841792,20.027390184304885,-154.01344382099728,39.88975616807309,user,row,medium
1788982967962,-8.594884100231528,-0.2145803237915039,7.196521277618408,-10.26020174194008,-135.4571039216366,25.813011203790907,user,row,medium
1788982967979,-11.76555645534098,3.09315919957906,6.106562140876054,-45.2550541762257,-10.844393798066797,12.5295705134909,user,row,medium
1788982967995,-9.044845543780925,2.8200705727174875,1.3875900841861963,-33.16842996814659,41.16363084451008,23.863304676906797,user,row,medium
1788982968012,-7.991396813312172,2.9303533405579625,0.9184756118774412,-3.718876212965978,50.99825289077677,26.931903765318424,user,row,medium
1788982968029,-8.316409688678384,3.595941694342345,0.2392716974556445,55.75643587417446,32.58912747369196,8.844704800610176,user,row,medium
1788982968045,-9.068489454218744,3.473987485669553,1.1581962221443654,83.13062170900788,17.90362482415946,-2.94010017823524,user,row,medium
1788982968062,-8.513483581873775,3.633052258466184,2.538602824567258,80.15466047630913,6.410689196474323,-0.7729706407404918,user,row,medium
1788982968079,-6.457761596900224,2.9019226342350244,4.95076158169657,53.78418801548201,1.5032929399731894,9.946119761825276,user,row,medium
1788982968095,-7.13741500865519,2.7599162560060617,5.7676326760992405,32.315438378554965,7.645776936162096,6.228931032471113,user,row,medium
1788982968112,-7.817966246032714,2.85059664388448,5.656152076776325,16.286261641909828,28.79681520120412,0.3155026861425942,user,row,medium
1788982968129,-8.661474002948403,2.8211183282047507,5.232229329846799,4.894948130017079,30.059737669306987,-18.78378178362752,user,row,medium
1788982968145,-7.729080924877524,2.1300909972593187,5.623081581823527,-4.410593802762088,24.37188568514782,-20.913878729133547,user,row,medium
1788982968162,-6.929567792510986,2.0718825539186594,5.654954975946247,-13.880824403034955,29.191067380475594,-12.64441843683737,user,row,medium
1788982968179,-6.423343778991699,1.8834888107851149,5.140501186481118,-18.63627018812276,32.10310487273219,-2.85161166244314,user,row,medium
1788982968195,-6.507290474700928,1.7461217827945947,4.675128238788247,-19.918154968908876,36.51722390687965,0.6818528222830541,user,row,medium
1788982968212,-6.496517151752114,1.849670712335408,4.730793719647824,-19.27495605476877,26.16473691774259,2.49495647290141,user,row,medium
1788982968229,-7.041347082519531,1.9265844406679271,4.503044994464516,-13.91329426857555,53.51873612848404,0.9732222356125982,user,row,medium
1788982968245,-9.609727497974038,2.8169281830385327,2.277934411078691,-4.132121013885144,70.53088295462615,-2.157988022981774,user,row,medium
1788982968262,-9.338284300231932,3.235913765826821,2.6041438027530908,8.355412246585265,68.50747356395573,-3.8793472386471968,user,row,medium
1788982968279,-7.728335074946284,2.4158996972233058,2.9165882884472607,12.721851437684158,49.92199266250118,-19.5014434200991,user,row,medium
1788982968295,-10.035296843066812,2.9873657059818504,5.87387449798584,-12.23357402052464,44.47324340306936,-36.1182520668917,user,row,medium
1788982968312,-11.290308594843744,3.995474388641864,6.93899613059163,-58.66688534744903,32.90937113821176,-53.038331358116615,user,row,medium
1788982968329,-14.316128826904295,5.854422340149432,8.93112038040161,-119.94476076929716,27.805749629993397,-72.553103892381,user,row,medium
1788982968345,-14.3396207616508,8.355763940075784,8.190414241790771,-175.65351850797035,41.36101648133428,-73.79747556669811,user,row,medium
1788982968362,-12.240657016322016,9.239673850006607,5.915175645667314,-157.7473169949465,33.98427215884252,-46.09489423657047,user,row,medium
1788982968379,-10.543614029473066,9.81682579544708,-0.3917512466430664,-77.59563448111548,7.866685744487818,-28.53400488986766,user,row,medium
1788982968395,-13.283329501232505,8.113201822772622,-1.6476593627378344,-8.944424708718715,-12.691917279872932,-17.8269491205369,user,row,medium
1788982968412,-13.753492021289468,6.5016046841494735,1.2114666245609522,-26.070051712826,-3.0548490638387467,-10.635736641564783,user,row,medium
1788982968429,-14.610913737267255,3.245041002069041,4.294449590301514,-51.27039836316134,10.362036447370386,-10.338281903210728,user,row,medium
1788982968445,-15.23804785723388,0.8930378037601708,2.2092513354748484,-34.57104005005998,-4.031572091566094,-20.39320145587243,user,row,medium
1788982968462,-14.77372061920166,0.9726446436341852,1.7093109322696922,-18.2932393049845,-15.073062950964657,-19.473183512408173,user,row,medium
1788982968479,-12.340164269256592,0.4956001089785248,2.3558953103765843,-13.954235276234254,-21.564319351341155,-8.972920257936009,user,row,medium
1788982968495,-11.73368481478393,0.1963249745242297,3.149573160718381,-8.883539548683576,-8.658828886311095,-2.2521500780966277,user,row,medium
1788982968512,-12.10388824648559,0.1319807318422943,2.392107610486448,-2.023168199615361,-4.835761125764334,1.3777851190447374,user,row,medium
1788982968529,-10.82822592086792,-0.7770677109982818,4.137330398614704,0.4928076468482345,-22.52994417544088,-9.186820438399652,user,row,medium
1788982968545,-10.002077295032144,-0.4753982287533581,5.454590224511921,-21.34698273195135,-29.54892489675466,-9.546233530262183,user,row,medium
1788982968562,-8.164975849151611,0.1620577440675348,5.365705780139566,-36.1747377313277,-14.924029930822268,-1.1212706412974442,user,row,medium
1788982968579,-7.975535227313637,0.7882911158021539,3.5456633133485917,-39.88666209237908,-9.626517281313808,1.835487834714928,user,row,medium
1788982968595,-8.52425456673503,0.7137716987276449,2.6328742226749657,-27.180365556755977,-17.355295530043545,0.4264550271042052,user,row,medium
1788982968612,-7.940520028033852,0.6232410215182229,2.5579057831913232,-24.23590515650933,-21.523978546555767,11.524147030871156,user,row,medium
1788982968629,-7.1112278434753415,0.3910032412873581,4.053682978112995,-28.38644889813329,-24.7475512121404,15.382547359994394,user,row,medium
1788982968645,-7.22764531467855,-0.3434178622372448,5.248239968927204,-50.07658716417525,-20.464986744049263,14.65927472311965,user,row,medium
1788982968662,-6.782326143977046,-0.3110962494229897,5.586571760071814,-62.13175152093728,-22.83461330110576,19.47867156940628,user,row,medium
1788982968679,-6.413018784332275,0.1158197610383853,3.704878308270872,-50.04553370911379,-22.607161171555163,27.283996601938,user,row,medium
1788982968695,-7.241113868060707,-0.183455483013764,1.6784858781561254,-30.47516001991092,-10.88885576824264,29.01306923561048,user,row,medium
1788982968712,-8.053944747161864,-0.9005186245022341,2.002002377484738,-33.84150412971633,-6.375037743440972,27.772293655891374,user,row,medium
1788982968729,-6.4655427522957325,-1.2069765466000884,3.904345234082639,-43.771390239431774,-1.6891246714860766,36.16351231542679,user,row,medium
1788982968745,-6.828712047576904,-0.8530835406430065,2.4292180284798146,-29.412307452976066,2.678262955412097,35.53612870430985,user,row,medium
1788982968762,-6.533627277484536,-0.9657607293393462,1.9883853555426,-16.494756581419054,-3.679646594581187,37.24481663840443,user,row,medium
1788982968779,-6.735635704472661,-1.142034118829295,3.1512180053159597,-6.220431288935856,-10.036653065500149,36.45337871361296,user,row,medium
1788982968795,-7.248744216808676,-1.2478276854917407,3.500621810095012,-6.730462858601864,-7.782332908238161,34.46249126867555,user,row,medium
1788982968812,-8.369831482264399,-1.1314093375056982,4.572627649256587,-25.79180858905989,0.6088739585487604,26.7320404773728,user,row,medium
1788982968829,-7.728930702751874,-1.0679632857725023,5.793668742370605,-51.10195906803966,11.779238374671856,29.82000485962871,user,row,medium
1788982968845,-7.357682145911455,-0.9216174900997428,5.577144298774003,-73.04188588976545,25.082420019220493,28.67984138147848,user,row,medium
1788982968862,-8.058884541651606,-1.1234784714411945,4.792295359314978,-94.86276934444707,42.51194775271103,24.779091318180228,user,row,medium
1788982968878,-7.738657731518149,-1.1813887355528772,3.9393598488405344,-100.86281049254733,45.09471207036506,19.967323793196503,user,row,medium
1788982968895,-7.855078125330805,-0.9085990185726434,3.85242215462178,-104.96807520261596,46.62294640658791,16.328362927953787,user,row,medium
1788982968912,-7.807194092127681,-0.2835628937985748,3.963003174756467,-105.72519484192271,47.038201417557175,12.1458009670481,user,row,medium
1788982968929,-6.903083690211177,0.3743937595309689,4.534020855225623,-122.5637148442685,59.10976847361099,15.50618402925538,user,row,medium
1788982968945,-6.202181738722324,0.6429933678776025,5.542728526692092,-139.65592173276693,65.12717879277056,16.8372888607479,user,row,medium
1788982968962,-6.188263103485107,0.3184291495943442,5.147534446118772,-155.4159548651677,70.38713479335406,7.131497842605986,user,row,medium
1788982968979,-6.085012572368979,-0.102800723255705,4.4909246408209205,-155.9565643379742,65.11146252749036,8.058737003570236,user,row,medium
1788982968995,-5.103241423144937,-0.6256346021238715,3.7255282975897193,-137.54681395858034,56.35005103003485,6.154239925689263,user,row,medium
1788982969012,-5.860256891521811,-1.1834834876193443,1.3872908089786766,-85.52277935258896,34.42251417146346,5.693714420901152,user,row,medium
1788982969029,-6.695684217834472,-1.584213320137793,1.2276242708966136,-56.46501335904992,20.514374134390334,-1.1007341834539202,user,row,medium
1788982969045,-7.388505738720298,-1.744474810172012,2.411410276849568,-47.33193370281357,14.931182846430564,-3.275119249477073,user,row,medium
1788982969062,-7.0675330786556,-1.7293616405211387,4.42418597728312,-54.024532127091,25.457942112240502,-2.9186491153731686,user,row,medium
1788982969079,-7.927652363154292,-0.3790318676603957,4.27409975297302,-49.37395877406687,31.85066791119769,-1.0512489293086489,user,row,medium
1788982969095,-8.13265588030517,0.3811272142381407,3.4555820604071017,-30.70400892314678,16.109793459418796,7.751576566405594,user,row,medium
1788982969112,-8.191163598853349,0.4008793231355026,3.160347360450029,-8.225922105205578,-6.633223589822508,-1.8605960369907175,user,row,medium
1788982969129,-10.29701359656453,-0.5855317243162542,3.598037351447344,-6.26956254718305,-8.845992291268724,-7.646423242812308,user,row,medium
1788982969145,-9.913641471210122,-0.2799715730420313,4.106206653815508,-13.370489743724528,8.264180556067759,1.0585304445724113,user,row,medium
1788982969162,-10.261698537555336,0.5961563777756876,2.8167785454347727,-6.404206920065158,24.744902806289726,4.130848037378583,user,row,medium
1788982969179,-10.052206476813554,0.094421638499666,1.985692463196814,0.2332575769016939,17.294324138870135,-3.2880720629077675,user,row,medium
1788982969195,-11.023801684460045,-0.5193917025250382,2.5727201982244847,-0.9663483972649208,-2.7359313097915727,-19.41433972516122,user,row,medium
1788982969212,-8.470833942192792,0.020351042904891,4.221127456720173,-7.677689287511688,-13.730344236562171,7.156218858533201,user,row,medium
1788982969228,-7.91642837382853,-0.0888845905028283,3.004424977332353,-7.436234416388921,-6.170682325455599,5.5239709865348186,user,row,medium
1788982969245,-9.568575403374432,-0.2350802736477926,2.361282264111936,-17.362839473981825,-2.5680668177772272,-1.4854894115713164,user,row,medium
1788982969262,-9.163059250751138,-0.8566749892637133,2.7005110040962697,-19.018743706170547,-6.866695677352823,-12.205655622292214,user,row,medium
1788982969278,-8.54849702758789,-1.3102267489226531,0.8824138261541724,-2.278684295805069,-9.572883220856282,-12.384658658738967,user,row,medium
1788982969295,-7.927500971984863,-1.549347347469814,0.777966778729856,19.30017652827904,-16.19067143692821,-8.322314857414675,user,row,medium
1788982969312,-6.829758341759443,-1.7506100341245532,2.725499607141316,26.35138549719153,-27.59068063340803,-3.7684966835124745,user,row,medium
1788982969328,-8.164825042504072,-3.0482672973966225,5.160402403259277,11.822770585346932,-21.31589683349133,-22.16957997973642,user,row,medium
1788982969345,-8.230365728428959,-3.5886085019100453,5.536591339111328,-13.637685036508136,3.8025601175637975,-37.90434994994462,user,row,medium
1788982969361,-7.121554591700434,-3.54416642585434,6.186319568201899,-32.3128326613866,31.79726266207736,-44.89690637690691,user,row,medium
1788982969378,-4.4708752477437255,-3.667617741217092,3.368193699811399,-16.717854465373765,34.57732382409639,-47.866918514838574,user,row,medium
1788982969395,-4.0257010384708645,-3.7113117023192346,2.146103389905393,6.549346305493813,13.823931488569688,-59.8653239995978,user,row,medium
1788982969411,-4.366726306483149,-4.219032018810883,2.0266934588879346,24.997985220700794,-9.393368773995425,-64.7550154452749,user,row,medium
1788982969428,-3.264943460956216,-2.699611863299459,2.60115134293884,48.96547248056508,-14.92663735553792,-31.71613709021053,user,row,medium
1788982969445,-4.444685744476318,-2.4592935794003306,2.171990695355833,65.00378459522511,-22.886970116188493,-25.90103185162486,user,row,medium
1788982969461,-9.527426231384275,-2.9246665270932017,3.5256115821838376,55.75424338345088,-28.054115798782565,-33.16196860919176,user,row,medium
1788982969478,-10.711209899249672,-3.828627583666891,4.8813294412910935,20.565054138031822,-19.16491658459799,-51.08293357610659,user,row,medium
1788982969495,-10.62352226344645,-3.957465560504049,4.369418906567991,6.644288069391106,3.043875084276652,-46.59313604595539,user,row,medium
1788982969512,-8.531887838092446,-2.266859913226217,0.7181114449650049,30.651293523132622,13.089865445259033,-26.004145509977253,user,row,medium
1788982969528,-8.330325985828042,-0.7371145438596606,-2.0851988393485543,87.58593361403969,0.3341302128348057,-8.967216196205401,user,row,medium
1788982969545,-9.725846278491616,-1.0495580066405237,-1.3506284270137547,100.1362969309114,-0.4235730074395771,-18.081559789774754,user,row,medium
1788982969561,-10.595089949688315,-1.6086039481565355,1.670405447553098,90.83864728171818,0.6675982708460904,-23.316773430089885,user,row,medium
1788982969578,-8.210915178027749,-1.1097123233519497,2.7968776209175585,81.30498727594434,-3.2635209479361564,-16.916563451349653,user,row,medium
1788982969595,-7.319523387908935,-0.877025557244569,2.162862217004597,87.0531993493462,4.70108046750226,-0.3571505116586874,user,row,medium
1788982969611,-6.067953885540366,0.1330282681338489,0.789637927301228,86.35491495954996,28.18640119508008,32.100202042334935,user,row,medium
1788982969628,-6.513427370020747,1.7714103186342864,0.8535334763675928,82.36735489944813,55.57103721934363,79.77667780764064,user,row,medium
1788982969645,-7.633315196558833,1.9770120939392597,0.983419500952959,92.45619317152811,28.4464640628229,76.12556603586447,user,row,medium
1788982969661,-12.527360327038169,-0.4520549452299252,3.0030779466375708,110.40190732890048,-29.74472251459683,34.97566045649153,user,row,medium
1788982969678,-12.068871878162026,-1.6572360780469142,4.257041358405352,113.89332927788176,-68.3972616315084,10.077580412780511,user,row,medium
1788982969695,-11.40208554676473,-1.3151644975857808,4.141969456592202,87.85303499172221,-21.622763572521663,19.665429431881936,user,row,medium
1788982969711,-11.092785204315184,-0.6745659341565333,4.040964366315305,50.11003801563539,33.90598111548125,14.374244098865848,user,row,medium
1788982969728,-11.263523463770747,-0.7065884806841786,3.4486990228950973,23.411851370883756,44.01178557745954,-4.480478590802366,user,row,medium
1788982969745,-10.384552179285883,-0.0766142168046266,2.9420260965645317,34.95675790796352,24.375480072198545,-15.571299637707696,user,row,medium
1788982969761,-10.511592166790363,0.5096659158677794,0.9871592720031738,63.87292383472444,4.092262591209888,-26.39874261380181,user,row,medium
1788982969778,-10.611402786585687,0.9712980718804174,0.359580623139441,95.20167650087394,-6.097533133878877,-20.26289339933963,user,row,medium
1788982969795,-9.537752979609367,1.2334632746818242,0.2495963998541235,114.44084407193914,-2.024160071148894,7.848033351638159,user,row,medium
1788982969812,-9.757418059319257,0.9907509763522072,1.5658081780031323,122.85841018619789,13.161539742861851,32.88962847641584,user,row,medium
1788982969829,-9.44138636278808,1.8499699510103087,4.239832449451089,109.19970524251904,-11.71328436049892,78.54925866284349,user,row,medium
1788982969845,-9.29548853007853,1.9614500754091888,5.497536216790974,88.64232482201972,-56.4884545682814,70.26263410516307,user,row,medium
1788982969862,-11.451765231212972,0.6407483654297887,5.139902928327024,83.05656196783744,-104.79625496385512,25.421612336045204,user,row,medium
1788982969878,-13.868413116455075,1.5111907448917627,3.003377514106035,76.38530446962172,-51.95026173276607,8.265536348618005,user,row,medium
1788982969895,-12.0405921246171,3.047968935504556,2.2414231280222534,51.2142405478055,-1.134288875133783,29.157899981866013,user,row,medium
1788982969912,-10.199898207202551,2.006790342413634,1.93137284398824,27.81835303655936,38.48291478396889,40.810366630447845,user,row,medium
1788982969929,-10.50770392718017,2.019958597674966,1.44894208624959,21.78316544253753,45.05750119976683,38.16965840297001,user,row,medium
1788982969945,-10.716897297236322,2.6452938515260813,1.0619786584049462,50.6529936584218,14.326757208661334,28.391185634322696,user,row,medium
1788982969962,-10.353279089143872,2.752285030475259,1.0592866428419947,71.69767051016109,-0.3853192256520249,28.94442583445185,user,row,medium
1788982969979,-9.351004081073404,2.950255287988484,2.4302646149232983,107.40009383019324,-37.1155860442132,18.39716746339541,user,row,medium
1788982969995,-9.838824422895907,2.4763534352727232,4.641311601643264,90.93663317555118,-45.07928608812459,-0.480248903316138,user,row,medium
1788982970012,-9.290849179840087,2.878728659521788,6.423942913928627,53.02994388581584,-45.359132598798354,3.4126954810604087,user,row,medium
1788982970029,-8.692897315216063,2.8036108746953308,6.635829760852456,23.600098214598475,-41.38206370926167,21.788009754206364,user,row,medium
1788982970045,-8.879495991626381,2.456301411847025,4.8466126404359935,-3.277841079861323,-18.999648204798483,24.21360458886924,user,row,medium
1788982970062,-9.785699566429852,2.830395421246439,3.148823803655803,-16.32880859779713,-0.3965813271393033,15.84864288405065,user,row,medium
1788982970079,-8.649354526087642,3.3406605268500744,2.3047189576298,-6.940780177959012,5.038654883267324,14.860422086629232,user,row,medium
1788982970095,-7.731477464625239,3.377022318433225,2.4316119378790257,10.754440206697726,-10.069133176324495,16.66607138618131,user,row,medium
1788982970112,-7.7706825168102975,4.086454343988746,3.9987662697941055,9.7347441900336,-8.623860879081569,29.05620871040828,user,row,medium
1788982970128,-9.265860284534096,3.5889085808351635,5.270686486274004,-14.36267717350643,13.930118732048584,32.54610069701546,user,row,medium
1788982970145,-9.623794017249343,3.0090628662660714,5.6727624353155495,-45.36400935386574,26.6354206213738,25.89541743612711,user,row,medium
1788982970162,-9.137620858111976,1.3823524757936596,5.8556192948490375,-76.92033367787631,29.06759463575469,13.536627265095918,user,row,medium
1788982970178,-9.28905294407308,2.5897780082702635,5.206790352685749,-87.03869885773827,21.37132894124786,4.702069564271443,user,row,medium
1788982970195,-8.754099679675697,2.76754777379781,4.411167798016965,-83.47621562063219,9.947424327956748,4.816006938024188,user,row,medium
1788982970212,-8.352771041870117,3.2396547059208154,2.8962361130312084,-62.47589743245754,-7.162085137256596,10.88324306029218,user,row,medium
1788982970228,-8.844782405641675,3.271079187232256,1.9605533457651731,-44.54401099305986,-14.308370339415658,11.538928414008712,user,row,medium
1788982970245,-8.664168648859858,3.240402893939614,0.4821332360967993,-16.279431452739818,-5.936267671819822,11.10741243017294,user,row,medium
1788982970262,-9.612719665527344,2.9593831818178296,0.5943620234385133,12.658031003853203,7.809626344161532,-9.346234492306811,user,row,medium
1788982970278,-9.771185887908937,2.79014334422648,2.683602247132361,19.322765671411567,13.090313676423312,-22.834630376578684,user,row,medium
1788982970295,-8.999653818401693,3.2965164108276364,3.802142166192829,21.35441227022103,6.625806431270697,-23.42848800415461,user,row,medium
1788982970312,-7.753321632164717,4.0435073287963865,5.130025969696044,18.03661543748878,-7.60030409798909,-15.186087213802733,user,row,medium
1788982970328,-8.609999836298822,4.364630064856261,6.018575229865312,6.777008463361385,-12.755368029715058,-14.037343310507676,user,row,medium
1788982970345,-9.29563816768229,4.562002356476336,6.246622353473305,-11.3242350778277,-6.812910925846734,-11.062301592025944,user,row,medium
1788982970362,-10.424504250445962,4.5468889584966,5.743541021893918,-32.717022765900445,8.841331540933835,-6.42765752080675,user,row,medium
1788982970378,-12.121393508037924,4.489128258923441,4.953004392187297,-42.56256969974458,22.402812156872137,-7.557626514733911,user,row,medium
1788982970395,-12.920608534240722,4.451419436645508,4.127903521838784,-34.173625493202785,32.0555223598793,-12.490151784243462,user,row,medium
1788982970412,-14.793922864753007,4.11967359976247,3.31597076062113,-1.5700786363992798,21.11622479084247,-36.54902526765523,user,row,medium
1788982970428,-15.67334364657104,4.561254168457538,4.831051206427812,12.2973244449166,3.7427387594918873,-55.35636095863554,user,row,medium
1788982970445,-15.410131101557612,4.670339689337462,6.082170919202268,8.828855346641161,-21.43548661566908,-71.56432472699493,user,row,medium
1788982970462,-14.259118653437495,4.282029961450398,7.554755162324011,-17.05580881041141,-47.74707943075612,-78.48219303538313,user,row,medium
1788982970478,-14.86320390625,4.5724764772828665,6.477662813678384,-38.44605566811291,-48.23292444679746,-86.17523317305442,user,row,medium
1788982970495,-15.100978058624266,4.658967304516956,5.416432927814125,-52.71937176916077,-35.45608571742647,-93.31901681842996,user,row,medium
1788982970512,-13.64829795489013,4.854693363299965,4.431668149732053,-58.08586847551272,-20.83629802544596,-89.37411128969488,user,row,medium
1788982970528,-12.184541745868325,4.3953056274965405,4.562750106103718,-55.20306760799836,-19.27062400728769,-79.62742451389751,user,row,medium
1788982970546,-11.627291309466957,3.677194890351011,4.97365525828898,-60.514547140585854,-20.85149178125465,-71.71531288878724,user,row,medium
1788982970562,-11.528232384821772,2.216731845689658,5.6774020778149366,-78.1926613164663,-35.92989935524484,-74.87793636131326,user,row,medium
1788982970578,-11.811046286883949,1.583764690454304,5.157859733039141,-92.6811864329775,-42.22198914697106,-78.48643458285771,user,row,medium
1788982970595,-10.8539635887146,1.553986953436583,4.679916934369504,-108.83028080088054,-34.12535313124372,-67.18682916717708,user,row,medium
1788982970612,-9.048587652918696,1.1300634027894585,3.0961528284370896,-118.9649291517238,-17.214253831230074,-49.40849562560504,user,row,medium
1788982970628,-8.798989791759848,-0.1669952735349535,2.2979849731996653,-122.27313127621947,-1.4783189936032726,-44.29896429620732,user,row,medium
1788982970645,-8.56914584786296,-0.3775350897639989,2.482337916509807,-112.76037847949506,-15.727106497959443,-45.28704336720345,user,row,medium
1788982970662,-6.4924769364506005,-0.6241384452819824,2.669985225190222,-101.76606202914648,-34.88110673271646,-35.53000885481352,user,row,medium
1788982970678,-5.594203570124507,-0.8484453594483434,2.522143272675573,-93.89484957678624,-47.9706383524798,-16.822270982310336,user,row,medium
1788982970695,-5.156811100769042,-1.008557010949403,2.175581997846067,-92.44370758572532,-41.47080494205306,-1.2323661227469347,user,row,medium
1788982970712,-5.355979335895181,-1.5643113635741173,1.9915277452215552,-96.96165232544617,-32.217373937546505,4.396932570648416,user,row,medium
1788982970728,-6.405387851062416,-2.858377214758098,3.050213499560952,-123.19819843702768,-10.389399892732747,-1.7891210955342962,user,row,medium
1788982970745,-5.83481966792643,-2.840121719360351,3.4078482493296263,-152.30611509454752,13.779543796701068,-0.367691467899574,user,row,medium
1788982970762,-5.017499076190591,-2.743306189727783,3.3876465883001683,-169.25193736875423,17.277689213146566,5.853221536135753,user,row,medium
1788982970778,-3.930231662750244,-2.532915134319663,1.115100592261553,-150.19486264096156,0.6223950650627411,22.47571759607285,user,row,medium
1788982970795,-4.95435142288208,-2.868403226470947,-0.3350380102962255,-106.97953859242804,-18.060556958076965,20.82865333621742,user,row,medium
1788982970812,-6.42947775170207,-4.067897673687338,-1.218348493029177,-63.01354260316427,-35.56511944224197,13.472195529334249,user,row,medium
1788982970828,-6.215645615929365,-4.619162605938315,0.9177280083805324,-48.95505644208082,-31.742365016623385,11.911424733226404,user,row,medium
1788982970844,-5.727976665276288,-4.614374202618003,2.209998646710813,-71.96770203899754,-16.430814057956688,15.82659674095714,user,row,medium
1788982970862,-5.85442160949707,-4.328417034094035,2.947861670850217,-97.13227728110223,-2.547707944852123,17.739522699160734,user,row,medium
1788982970878,-5.560834384486079,-3.438373151452839,1.485604175953567,-103.83649044206328,1.8640563815789757,21.701384172510387,user,row,medium
1788982970895,-5.740547977557778,-3.4917934837341305,0.6317705475956201,-86.84108099448228,-5.380099454970847,20.64315564364363,user,row,medium
1788982970912,-6.082768592834472,-3.712059744207561,-0.3528445928826928,-60.40057177390585,-7.516661601413114,19.454470501629636,user,row,medium
1788982970928,-6.423644807764887,-4.6781206986024975,0.4643263612493872,-30.90746659814312,-7.987260781453346,13.220979464113888,user,row,medium
1788982970945,-6.4118234370678655,-5.240308883666992,1.3015493388071655,-19.75263899475195,-6.487913876551426,8.872390118637176,user,row,medium
1788982970962,-5.387853899061679,-5.762694342914223,2.6883909427136183,-12.078629471655608,-15.02168114538594,11.643325294151415,user,row,medium
1788982970978,-5.895871810260415,-6.021566812896729,3.8124683298960327,-11.338086701464489,-17.296851308863037,7.927459913948946,user,row,medium
1788982970995,-6.682067195892333,-6.281487038366496,3.979762001855671,-17.223066482806683,-6.300590389035126,-3.805785674399336,user,row,medium
1788982971012,-5.948543077740073,-5.768828607885539,4.199280366571247,-20.869713018412952,3.9484410054042223,-8.589709933231504,user,row,medium
1788982971028,-5.527462276238203,-5.209931865581869,3.9769191796451806,-18.33425288340313,10.077745191094236,-11.594169276468484,user,row,medium
1788982971045,-5.658096488842368,-4.61257884363383,3.610755670984089,-5.701285685596112,8.652637319828479,-12.183850243366948,user,row,medium
1788982971062,-5.174170816370845,-3.802141873931885,3.647118193219602,6.986336685949351,-1.9567651005044973,-6.382326835945845,user,row,medium
1788982971078,-6.15459522716105,-3.8093244789123535,3.8076790497928856,14.023385818938754,-6.089928572011715,-6.977556904658123,user,row,medium
1788982971095,-7.220463294219971,-3.465606318554282,4.238486003278196,12.179791403452668,4.525770855849189,-2.5253815505592323,user,row,medium
1788982971112,-6.721123194995522,-2.869001776885986,4.209605653491616,5.307301591249559,15.194746186123016,4.518861265730076,user,row,medium
1788982971128,-7.1562705157727,-2.538153327234089,4.052187771119177,6.405079049844804,16.91533913994093,10.062628274913706,user,row,medium
1788982971145,-8.391377543640136,-2.650231307928264,3.4696482874214647,19.550670300994675,2.0998643938054347,2.2224413165280104,user,row,medium
1788982971162,-8.188170262256264,-3.337666751861572,3.765930450604856,25.74220092511809,-10.936416936754377,-2.8956559238625554,user,row,medium
1788982971178,-7.817219811579585,-3.386298973083496,4.081217466248572,20.21998444342632,-1.7936866501076267,0.3884321377271111,user,row,medium
1788982971195,-7.94261320092082,-3.6394852141231295,3.918111309106648,9.604893756175194,15.81040748507692,10.382356260151171,user,row,medium
1788982971212,-8.240543423572182,-4.018667486572266,4.220828766034543,9.111067664088688,12.853014121636852,9.299773838025091,user,row,medium
1788982971228,-7.605631070819497,-4.40518141708374,3.978416140204668,27.940939564235453,0.6048603152768787,5.642814143658925,user,row,medium
1788982971245,-5.860708142420649,-4.931008248956501,3.5814275774300097,70.20550640294509,-17.00884272213111,2.815170895673829,user,row,medium
1788982971261,-6.310366803631186,-5.706280089513958,4.1240126518800855,92.48056328648671,-20.27616274934968,-8.853906772969475,user,row,medium
1788982971278,-6.420501249042153,-5.957821193695068,5.54123068934977,77.42552178964715,-9.882485450649206,-28.95269377844215,user,row,medium
1788982971295,-4.081217758509516,-5.782595851953327,6.755390790778399,41.95258941063283,10.993285945557547,-47.2001622782511,user,row,medium
1788982971311,-0.9871598565250634,-4.60928710861206,5.5632277093634,31.549965417893294,14.895657325010037,-48.11148368335464,user,row,medium
1788982971328,0.2603700150638818,-4.388870626012981,4.68290910192281,50.32377854042719,-5.575217895877424,-36.475235318957,user,row,medium
1788982971345,0.1521820275455713,-4.7509936271116135,3.2613518662050365,75.27876601275545,-17.152674553220532,-19.502522589987965,user,row,medium
1788982971361,-4.142566837963462,-6.017526013073325,3.0585929131105543,77.57638700803439,-3.362969782912012,-24.940287197687116,user,row,medium
1788982971378,-6.37171880569458,-6.826168208312988,3.117849404199421,75.10415905681324,-5.060113203205389,-49.6006732431871,user,row,medium
1788982971395,-7.711275219073891,-6.936151554815471,2.681955941230058,77.19724320720698,-19.047580764846337,-69.13308474098304,user,row,medium
1788982971412,-5.846342932459712,-4.8469119156435125,1.784131195454299,80.66658998479076,-12.26820222584296,-62.86016387516246,user,row,medium
1788982971428,-4.511126594111323,-3.5314477409914136,1.1429328942999244,85.93800021261238,0.3617657185056326,-39.79621331229519,user,row,medium
1788982971445,-5.857116839930415,-3.4421140915468333,2.388068564228713,88.70605048697593,0.494613698275174,-19.29619111289834,user,row,medium
1788982971461,-9.09078545717895,-4.5596074241638185,1.881395637898147,102.4474758516928,-3.1875925096974758,-23.206564912737143,user,row,medium
1788982971478,-9.121757518547772,-4.151844077135622,2.034772428186238,109.35360306489775,-3.0144053793289856,-18.214560648387828,user,row,medium
1788982971495,-7.401825823542476,-3.2695816421508788,2.88531344473958,93.25355628542457,15.081023536442304,3.111515728287757,user,row,medium
1788982971512,-9.093775286644696,-3.481766887499392,3.8636423445552586,80.96256940228409,22.331834538564657,3.3255458957890425,user,row,medium
1788982971528,-10.03559611827433,-3.355473626708984,3.605069149780274,84.19296201175499,12.516512899345129,-7.678869202690808,user,row,medium
1788982971545,-9.204209007263184,-2.215533484484255,3.030011838531494,102.16206273684548,1.8744805309128845,2.5012404603812337,user,row,medium
1788982971561,-9.648931965637209,-1.1730088836118575,3.219753489142656,110.62821198667052,4.410811088155059,12.660272159674616,user,row,medium
1788982971578,-10.168773585620524,-1.1569978061400352,4.097826363483071,95.54718845022822,16.65061808318416,20.873254471497606,user,row,medium
1788982971595,-9.291448314777016,-0.841412245941162,5.738453051105141,63.81825500060766,25.099666246874776,28.17829034544069,user,row,medium
1788982971611,-9.547629645979404,-0.7037459427431225,4.51875869642496,50.76080819447045,13.502132248466417,25.92514754203688,user,row,medium
1788982971628,-9.56827905077636,-0.676362115124613,3.428198671180009,64.05090490411663,7.867466093600492,27.419429007895594,user,row,medium
1788982971645,-9.669583708521722,-0.8913910594664514,2.751538596022129,74.84483726459537,9.648394377225358,32.285979772664696,user,row,medium
1788982971661,-10.570250107464194,-0.9932939753659068,3.5950440148502585,73.09761340320358,17.76406869149047,35.58821572692037,user,row,medium
1788982971678,-11.76645311191976,-1.2813463626034558,4.127155333819985,69.76168754086683,17.87403815222226,22.529300430111604,user,row,medium
1788982971695,-11.17254263164103,-0.7408554839536547,5.1197021440804,64.55846309152945,12.898536478681342,13.52100406114316,user,row,medium
1788982971711,-8.624214239612222,0.456095562390238,5.801002153998613,52.00509107632835,11.240335595384202,25.855670857799517,user,row,medium
1788982971728,-8.70681536593139,0.6847417478699237,5.9412125887215135,41.07723578169858,14.740384927060845,32.926006063935326,user,row,medium
1788982971745,-9.115773183441162,0.3832221954897046,5.677250686645508,36.41760559783501,17.031814355857154,40.13575567631486,user,row,medium
1788982971761,-10.293720984759926,-0.3274067117001861,6.220735632544756,29.66884594310716,9.262242802309515,32.81652496172919,user,row,medium
1788982971778,-10.40535063716471,-0.4716575809203088,6.638972150531411,14.594369142984313,6.928060231290333,24.28304882970805,user,row,medium
1788982971795,-10.267684041705728,-0.6832449699735269,5.922057806396484,5.826359255903739,10.72956465774054,15.72879696977902,user,row,medium
1788982971811,-8.936057252281904,0.0360629547670483,4.891353991699218,20.591558687106065,11.040177755530625,17.375876597560087,user,row,medium
1788982971828,-8.58800018593669,-0.0686834043974056,4.969613873943686,31.04151930588837,3.267553747754226,21.88358117616777,user,row,medium
1788982971845,-8.928277850452066,-0.249744904946722,6.77978113566935,21.69943756859693,0.190519522459977,26.43251277660565,user,row,medium
1788982971861,-10.886287064692375,-0.0242408990834373,7.18859165366292,-5.997145574778969,6.926443610891155,21.76375404491636,user,row,medium
1788982971878,-11.749247125574946,-0.0755667204706231,6.686558077570796,-20.389571210328565,17.748845907377802,9.619008342095023,user,row,medium
1788982971895,-11.34492515117228,0.2958337663953425,4.812047230750322,-14.442935311348664,17.396389363184927,-1.0066894154937205,user,row,medium
1788982971911,-10.467598711284994,0.9932946694856508,3.845387433679402,9.957713154167726,10.47547393665325,-7.059185349202592,user,row,medium
1788982971928,-9.63307037963867,1.2779053690038389,4.325874948395788,19.525442997295237,10.159883338505518,-6.007957764235099,user,row,medium
1788982971945,-8.909870671623946,1.4902412109373369,4.922778473010659,27.679153781274497,10.71276922257148,-4.7883608935849145,user,row,medium
1788982971961,-8.540567988154292,1.5221139314899104,5.656751503974199,32.69235553771295,9.534393397335968,-3.0605044604715173,user,row,medium
1788982971978,-8.209419971033931,1.5126867852859314,6.285977920044958,24.740943004118414,6.3410951183605935,0.1471524769648108,user,row,medium
1788982971995,-8.00576202327311,1.6362875852721044,6.959196622577309,12.585530253360814,5.422483766978538,1.8540663761441856,user,row,medium
1788982972012,-7.720105591261387,1.681627564582182,6.419753645545244,0.128067300917782,1.9852948006676403,6.235514054170537,user,row,medium
1788982972028,-7.618800348994135,1.5963343770342877,5.720796982905268,-0.1906983613584403,2.6419067122337654,10.5820129348744,user,row,medium
1788982972045,-8.236503208270669,1.3623009729577693,4.279486706708371,6.073305172232373,4.293236211782459,11.18667592171729,user,row,medium
1788982972061,-8.235154716271161,1.3494322760317474,4.077026444299519,13.437868706113058,5.383400143887256,12.319701852184854,user,row,medium
1788982972078,-8.284236434826255,1.1474214926897548,4.271107000897825,18.549533615852763,1.6493171550644787,11.58257673789968,user,row,medium
1788982972095,-8.129212461853028,0.90381140070362,4.451869226239621,19.763357269106997,-0.1997984811897848,11.57925043577388,user,row,medium
1788982972111,-8.209566101506352,0.9174283678468316,4.384231275774538,22.94580536569898,1.9687789763677264,10.716783666256154,user,row,medium
1788982972128,-8.45901432506144,1.0772414017274976,4.438252204297482,25.041471327598973,2.6617119129492752,8.345204528870681,user,row,medium
1788982972145,-8.828170878058671,0.8883988188479095,4.663906295289099,23.760322499695928,2.0891608470457896,5.606066445263787,user,row,medium
1788982972161,-8.986787322565913,0.9449619061343372,5.096508607758581,15.62990607588099,1.646015078765895,1.2700983288779066,user,row,medium
1788982972178,-9.622745969501135,1.2226893717776983,5.722890740314126,1.7895949399079658,8.08827330286231,-2.5840106137341525,user,row,medium
1788982972194,-10.047416319927573,2.293046859210357,6.490381133215129,-10.369060443158098,9.456966372904704,0.1064668143274034,user,row,medium
1788982972211,-11.027542624554036,2.653524065863341,6.996306748309731,-27.022405479368384,8.473825528678484,-0.7261622871413367,user,row,medium
1788982972228,-13.76351890978515,3.022829562344588,7.227198447693884,-48.09730421063769,15.300977825831517,-8.628245006755071,user,row,medium
1788982972244,-14.708328401836752,3.5511999412203203,5.002385678210854,-36.70448378825931,13.426487903408525,-16.140635178615987,user,row,medium
1788982972261,-15.005509851947426,4.064756142524909,3.806482825745642,-5.353376766729995,8.740620401621998,-23.538095464860397,user,row,medium
1788982972278,-14.761898663982748,4.789002126455865,3.4572277817875143,29.09599797741819,8.527298225916867,-18.0212133609104,user,row,medium
1788982972294,-14.96450973303914,3.61135438579591,6.403442854474484,18.667443171494693,6.867803448658834,-14.571091858292908,user,row,medium
1788982972311,-15.87101199852824,2.508674856290733,7.809137627410888,-18.345046289839043,13.247546338664298,-23.43022628729838,user,row,medium
1788982972328,-16.99538953770101,1.9391540359163653,8.626009598596394,-61.88947105069859,17.289058063020054,-39.18463134382307,user,row,medium
1788982972344,-15.439009990039468,1.8281228973940011,6.891560425677895,-74.7419677855058,6.692092990278848,-40.22261177689533,user,row,medium
1788982972361,-15.06611191242635,1.6018710231723263,5.214123179791868,-60.9005826022858,-5.157317894152071,-39.95546258788862,user,row,medium
1788982972378,-15.014638914820551,0.928950609466806,1.1559519503489135,-4.955587830128922,-22.89168806935768,-52.75963231922341,user,row,medium
1788982972394,-12.943355203577877,0.9059062723573296,1.4330810847729445,25.02976267581428,-35.166922828724815,-53.08020383282338,user,row,medium
1788982972411,-11.476454851311445,0.9376296635501086,3.3039985832765697,14.081993110885696,-35.072461312503535,-39.75512289424839,user,row,medium
1788982972428,-10.343999219623209,0.0423478071901947,6.884228183093667,-48.52187218454027,-16.002445083780998,-24.41120537665229,user,row,medium
1788982972444,-10.164883007922768,-0.2415148002073168,5.970541851319372,-82.93912369524824,-0.9730546825345214,-21.35911314791729,user,row,medium
1788982972462,-9.44243265697062,-0.2231095210753381,4.586243794415891,-87.44823017018307,-3.2507798703697324,-21.890455761567388,user,row,medium
1788982972478,-7.476196297132969,-0.0231936824522912,2.692580795618892,-61.63441812671197,-29.94299607601313,-14.879544908757977,user,row,medium
1788982972494,-5.606922766444087,0.0233436123169958,2.664897254401445,-48.42670374373989,-41.43453663756029,0.8151269418237808,user,row,medium
1788982972511,-5.677548208287358,-0.5146029886774719,3.3512823124989866,-55.36765126133357,-43.36420851206147,8.68345854845816,user,row,medium
1788982972528,-6.100725105285644,-1.411531077874452,4.654627302551269,-94.0309957375121,-23.306869655793367,15.07226211128447,user,row,medium
1788982972544,-4.781372106501459,-1.390881380816549,4.391265704455972,-123.3760565630148,-9.295837087742225,24.55500476434316,user,row,medium
1788982972562,-4.403237881800532,-1.180790185137838,3.656845221985877,-130.6297994238384,-5.282714617784805,33.413282004607794,user,row,medium
1788982972578,-4.714332706451415,-1.6183303924009202,1.0332482384830712,-113.57533616069348,-7.514007219146918,39.136229208269775,user,row,medium
1788982972594,-5.306451042616367,-2.8860609021060166,1.0136474659562111,-88.03451994815862,-19.340896408563367,40.08633242748065,user,row,medium
1788982972611,-5.452644643402099,-3.3505351473934946,1.9149135843575,-88.61942319773266,-19.995899597136543,40.40069529912507,user,row,medium
1788982972628,-5.492298608398437,-3.932326296941936,3.5939968438848853,-104.58569389212198,-10.684873022453855,40.72795015282789,user,row,medium
1788982972644,-5.570260384479165,-4.094383967944235,3.682732527436316,-131.52533284667544,5.88829071554236,38.565884506911615,user,row,medium
1788982972661,-5.450100804138184,-3.9700349730893967,3.1019884027227755,-147.18138317915194,22.214584096177635,36.940504390123685,user,row,medium
1788982972678,-3.9558185239493846,-3.066073916515708,2.242320076861977,-148.84644669501765,23.983034477962534,43.70147642308753,user,row,medium
1788982972694,-4.038419650268555,-3.425952645818889,0.6461357575565576,-120.89089223350568,4.033909723809531,46.11093493583624,user,row,medium
1788982972711,-4.202123773303628,-3.7297172737121578,-0.3268073575675487,-87.06651821822773,-8.179539144325668,41.98310669584445,user,row,medium
1788982972728,-5.238065488654375,-4.4473792213439935,-0.2561784085929394,-64.23092820007066,-5.486118931928254,31.21162858226213,user,row,medium
1788982972744,-4.552576210352778,-5.299715158490091,1.6454168445080517,-54.783933049580526,2.633230664440557,22.78435335409822,user,row,medium
1788982972761,-3.8827982959240672,-5.2711346684329206,2.283471002417803,-49.25201257662546,12.41727281202578,26.992665128174856,user,row,medium
1788982972778,-5.333235589167475,-5.260959165246784,1.8260297245070336,-29.7844981212284,21.5517825391196,22.561579904129083,user,row,medium
1788982972794,-6.47990737773478,-5.034407687024027,2.408867022107541,13.66933271802739,13.82789641338288,12.652355970426571,user,row,medium
1788982972811,-6.616228403803706,-4.57262604182139,3.42460766095072,38.91141011664422,0.1493933926623832,4.7322192999283486,user,row,medium
1788982972828,-7.292289344024658,-3.816506791631877,5.7698769478946925,44.674761304341416,-4.306113679688872,-1.4488261300454517,user,row,medium
1788982972844,-6.770054691424965,-2.918232402392477,7.601590855517983,17.870872359541956,8.49083355348546,-2.3304112393802794,user,row,medium
1788982972861,-6.871809431025386,-2.4105123050965367,7.988854143092036,-7.107123885665972,11.328678115882791,-2.793820791545427,user,row,medium
1788982972878,-6.802673935478925,-1.552190279278159,6.794146345630288,-22.050965207062685,6.179214939276237,-2.997035354495997,user,row,medium
1788982972894,-6.624755993652343,-0.7003036933347583,4.8139919350773095,-21.770157347263243,-8.986677966471706,5.508651299113303,user,row,medium
1788982972911,-7.428163210847973,-0.6795047970645129,3.4931416834726927,-11.73918870669984,-4.81116860277088,9.872210284816568,user,row,medium
1788982972928,-8.370430032679439,-1.681028840637207,2.5635934734389183,-8.525269659733373,3.894196496789627,10.628967070323654,user,row,medium
1788982972944,-8.081179375568032,-2.761561831256002,2.7889462433964014,-13.861529972403316,7.35265680661006,18.343366063303225,user,row,medium
1788982972961,-9.357588720160722,-3.3851020183838902,2.116026523810625,-12.21940906195968,18.41062464360763,15.095670877117396,user,row,medium
1788982972978,-10.280551122063398,-4.798428455242514,1.3268372170597311,-2.1662288596588057,32.26397973334809,9.000865123151469,user,row,medium
1788982972994,-8.619427005335687,-4.990862998199463,1.6654676988899706,24.932936206592885,34.778626574409586,3.490238832150975,user,row,medium
1788982973011,-7.831733490100502,-4.7248073387146,1.901744890704751,55.88327590215618,22.75999348442337,-5.767271716280781,user,row,medium
1788982973028,-8.386589140319824,-4.247912003271281,3.2793086709171533,90.08971703922629,-9.607210044077474,-36.04363908039848,user,row,medium
1788982973044,-7.599645566669106,-4.127304240771383,4.080019780896603,105.18503616160145,-24.78367779020789,-51.11543161617751,user,row,medium
1788982973061,-4.085405857849121,-3.338863414300233,6.283882701331376,79.34900551276029,-5.7879104135184445,-45.37566165658978,user,row,medium
1788982973077,-3.506158693695068,-3.639186085046082,7.514052565057575,48.14957906345038,11.233139991093594,-45.817209480769016,user,row,medium
1788982973095,-3.370138696399331,-3.666719696398824,7.488465703858434,27.82117390468657,11.274475442176865,-50.48814362770895,user,row,medium
1788982973111,-3.706673667255044,-3.4726397243224083,5.016601542828977,33.754026481921386,5.249679980977215,-55.82947791715857,user,row,medium
1788982973127,-3.285893894526362,-2.4043773094728587,1.851766807831824,55.203969192968806,7.915878474437543,-53.30424769797813,user,row,medium
1788982973145,-2.918981321063637,-1.729212002917379,1.7950529869630931,79.95088861261098,-8.650401286648945,-51.453730885768245,user,row,medium
1788982973162,-3.5506016465336083,-2.0018515708372,2.4726129335701463,84.22492046688147,-24.354075966887013,-51.86697099093235,user,row,medium
1788982973178,-4.3161476273685695,-2.030582136889547,2.836830568860471,76.589001201239,-18.34111380842441,-38.54674973195183,user,row,medium
1788982973195,-6.997952177429199,-2.382230359594524,2.283919915229082,68.49174363829718,6.139771450593059,-17.491486086999014,user,row,medium
1788982973212,-8.36863438143432,-2.9111997272767125,3.1820451052561403,53.60150436084626,5.657741948976811,-14.038232088873425,user,row,medium
1788982973228,-10.698341065326332,-4.5213000514708455,4.283377284406125,34.21773826995731,4.984462027958328,-15.900798208552867,user,row,medium
1788982973245,-10.522067968097328,-3.623324791308492,3.584270691901445,26.296680804581605,3.270933410732913,-16.60870121224779,user,row,medium
1788982973262,-9.987860553631188,-3.21945260649994,2.2011697358280418,46.07484763135648,-4.277329981865969,-9.270002750980298,user,row,medium
1788982973278,-9.09093392573893,-2.3780406528197227,2.6479879129156467,50.68900924591527,-5.025394924767391,-1.5561429160583382,user,row,medium
1788982973295,-9.459639812359214,-2.452859162438661,4.4020390274047845,23.54257436140863,15.521292407699448,11.487671259382353,user,row,medium
1788982973312,-10.620676810887456,-2.516604781640321,4.670489473071694,17.73309549115175,11.695654788477473,2.8753410202802336,user,row,medium
1788982973328,-12.334178180584312,-2.578255328258872,2.113631445367634,45.50023064667248,0.7283710529250425,-10.181701524035478,user,row,medium
1788982973345,-11.975647651019692,-2.2159831279478968,1.4688435952886938,77.6713881092001,-12.039558228282198,-14.40705803518588,user,row,medium
1788982973362,-9.420886011072993,-1.8831893894471228,3.429096204541624,60.4831487609713,4.443325776812081,2.0291734299996835,user,row,medium
1788982973378,-8.522311031451821,-1.6516997241698204,5.961712063653767,22.51196370245082,20.393990342721565,13.341155788786615,user,row,medium
1788982973395,-7.666084662738442,-1.0079586066648365,4.9750025812447065,14.792721251576063,20.83330981768408,30.95960484717241,user,row,medium
1788982973412,-8.249971761652827,0.5002386554993689,1.499519596320391,67.49293092502037,-9.156421827724865,34.8961297337959,user,row,medium
1788982973429,-11.586289436993004,-0.6148604754574597,0.6792047912046313,116.23587242733186,-22.79085398664078,16.992060947340388,user,row,medium
1788982973445,-11.308263938251136,-0.7332239661619067,2.54069804328084,121.03510484764132,-13.125050310994704,9.32340543877969,user,row,medium
1788982973462,-9.387662955906986,-0.6379046664364636,7.346159173639118,70.87057558280756,4.081976753206672,8.823369850963994,user,row,medium
1788982973478,-8.738239262720942,0.0430958490785211,7.808240678571164,43.44773831051614,4.748527657232224,11.234237944002674,user,row,medium
1788982973495,-8.401554654261469,0.3716999538697302,6.382644104334712,41.61669778272453,-1.3715826669481312,15.71901443134027,user,row,medium
1788982973512,-7.778613309809565,1.2509706596925854,5.1437937982857225,51.056319744005634,-7.991180456263287,32.531893903541835,user,row,medium
1788982973529,-8.431333121931553,0.8355764524597674,4.758179154701531,53.36340055128503,-5.101797420823154,42.32622124880004,user,row,medium
1788982973545,-10.06208138961792,0.1400610528474673,4.9999908920288085,50.90365135567751,-4.365667806609506,35.00725349649743,user,row,medium
1788982973562,-10.98758938435018,-0.261715803649649,5.767931074523926,32.406969743622305,0.713248160328988,22.783021467210062,user,row,medium
1788982973578,-9.02688903132975,0.7116767357423901,6.2029281731754535,17.23475635157116,3.712769596961164,27.889465551102944,user,row,medium
1788982973595,-8.526949212646484,1.0248682769441977,5.238813092151284,17.9290126373044,5.618266443781899,38.31025443194014,user,row,medium
1788982973612,-9.211690302929282,1.119588980588829,3.822941793115437,36.68394540942508,-2.563065198314073,38.70851251715983,user,row,medium
1788982973628,-9.52607832390666,1.3069351508982012,3.7560537842348216,49.25150031243771,-11.91351647865972,35.92819863814151,user,row,medium
1788982973645,-9.098416390448808,1.4000099139667117,4.290709526990354,51.31911127232188,-15.508595086032395,36.44270654303482,user,row,medium
1788982973662,-8.909574319025873,1.4749783717166631,4.514567966736853,49.30959790151784,-8.989824976131791,37.32758487076664,user,row,medium
1788982973678,-9.25747940967977,1.4772226435121147,4.738873273468017,58.26042078994156,-15.32189357261739,30.74435826566863,user,row,medium
1788982973695,-9.178321701812743,1.5691002783510832,5.070171512714028,53.329652586596,-21.287667661651668,27.474767200551035,user,row,medium
1788982973712,-8.973765928429364,1.375020160144195,6.618470045250654,26.957281333179605,-13.545210251561686,27.81749584781852,user,row,medium
1788982973728,-8.364592997089028,1.48814633471705,7.168389992633461,2.5157787314730173,0.216055398631473,32.74347267346132,user,row,medium
1788982973745,-8.784176253509521,1.0354926564089952,5.8029468583256,-6.822658032679166,7.45072551648675,24.094062618015677,user,row,medium
1788982973762,-10.403254541668296,1.1125557300843298,4.701314234924316,-4.08280534053036,5.254070511953064,12.107504096371835,user,row,medium
1788982973778,-10.557233974024651,1.459116712652892,4.414609755164385,4.99796488506062,8.535422735934597,7.745247542365931,user,row,medium
1788982973795,-10.94928274230957,2.773832480090484,4.236241731482744,27.73473786074006,3.005946616928748,3.7535996140458536,user,row,medium
1788982973812,-11.24197564882934,2.396596300207823,6.097434247046709,30.90924927751649,-14.455301368840974,-2.021303557971948,user,row,medium
1788982973828,-11.790397466608882,2.582296858734637,8.06561852608174,-13.523839443422364,-2.5899584278407644,-4.144645019502009,user,row,medium
1788982973845,-12.412739091601969,2.549825133392587,9.868751066865029,-65.3366948455607,21.03630816245873,-7.67874796683304,user,row,medium
1788982973862,-13.022961239734292,3.2101757326539606,8.437765785327553,-111.74897772757792,55.20757553285057,-9.800403652298575,user,row,medium
1788982973879,-12.96744568873942,3.1051302078798413,8.28603325511515,-131.4547086906575,66.81679683870247,-14.4716716247342,user,row,medium
1788982973895,-14.40321791229248,2.86166968043223,8.691700214385985,-139.19588117140987,53.10318741938047,-30.142816675276435,user,row,medium
1788982973912,-15.158438898468017,2.2188266260118223,8.463951781463622,-144.86670037132632,28.788817049686035,-52.29952687106926,user,row,medium
1788982973929,-15.540164425659178,2.4358012701944918,7.262661390741169,-136.71547065356307,27.211362662756788,-68.2701654714328,user,row,medium
1788982973945,-15.656733872553705,2.6834513308869674,4.618267118403315,-132.38812234263145,47.17195018188436,-74.39994606281742,user,row,medium
1788982973962,-13.83429632731974,2.472013579437509,5.805939610400795,-164.82272361654103,86.50866934795611,-67.2637166066639,user,row,medium
1788982973978,-13.12516313858032,1.9074309004519132,7.417386380767822,-224.9908572228022,131.9997577864245,-61.32949799159509,user,row,medium
1788982973995,-13.050344921222328,0.5636848533630371,8.329877657538653,-293.23889971151334,192.80856313683287,-62.333733875072895,user,row,medium
1788982974012,-14.278421904322505,0.8078932765685022,5.953183597022295,-346.82542205241515,255.07499915801364,-86.7876894057403,user,row,medium
1788982974028,-14.093468657031654,0.8183680549621581,3.8584066358588633,-346.0841006406587,275.8852468419652,-102.64183571471467,user,row,medium
1788982974045,-12.949488007244469,1.031452587237954,0.1701380285400897,-319.0830514552776,278.5972690745671,-113.14827175264924,user,row,medium
1788982974062,-10.62322240371704,0.2977791237428784,-1.2054796956384557,-273.5200069739031,239.33523802706944,-119.37310125652375,user,row,medium
1788982974078,-9.977236868286132,-0.740705846349895,-1.850118529168144,-231.9164504751417,201.43535160574743,-121.16873066856344,user,row,medium
1788982974095,-7.999777688166499,-1.7892174126774072,0.0541691048219799,-218.0256761940333,166.725067904173,-123.88575259963784,user,row,medium
1788982974112,-6.631490270343423,-1.884835256958008,-1.061378646685183,-205.51285159684,142.14089481697928,-122.03548167423806,user,row,medium
1788982974128,-5.440674219623208,-1.5770309982851147,-0.9045587302058936,-192.58189647903683,112.04931480576172,-115.02534434035216,user,row,medium
1788982974145,-3.9941275040775537,-0.965910732269287,-2.878877274212241,-147.92215817577485,62.662477710014784,-95.23519906932036,user,row,medium
1788982974162,-3.385252094379067,-0.985064345550537,-3.268982214953005,-118.2261622307169,19.382791081384934,-79.8354037741244,user,row,medium
1788982974178,-4.674829548102617,-1.5460557220458984,-3.702632282909751,-95.36924836197105,2.450050753872927,-79.11104855226621,user,row,medium
1788982974195,-4.80710860530436,-1.9437924728393556,-3.489249059948325,-84.89539915656661,-7.712713643801867,-66.41136363975968,user,row,medium
1788982974212,-4.661211941638588,-1.915211982782185,-3.649510933575034,-70.37045547140089,-27.93244451645525,-55.01932868913585,user,row,medium
1788982974228,-5.26050996017456,-2.1941358916684983,-3.98080829603821,-59.33181792352811,-35.25616266532561,-49.7497045557822,user,row,medium
1788982974245,-5.712116832843423,-2.977339694269001,-3.1138080198541283,-64.31630556469582,-34.81684489791039,-48.31027975424245,user,row,medium
1788982974262,-4.663606143298745,-3.1209912093564864,-2.8296462103143334,-65.49059266793944,-49.96823304318217,-40.88382189987675,user,row,medium
1788982974278,-4.727800675311684,-3.070563921411335,-3.393929906353354,-54.84374501614233,-63.55568203834486,-39.268301161155726,user,row,medium
1788982974295,-4.985476628986,-3.731064012145996,-3.841047358648479,-51.87234976490374,-59.33612777289438,-38.29035126069872,user,row,medium
1788982974312,-3.810671801868081,-3.6415810173586007,-3.0425811049863696,-68.15623108588781,-40.858816577325335,-27.97199984948609,user,row,medium
1788982974328,-3.799149121856689,-3.5811271331787107,-3.223492675670981,-71.87567207012079,-50.24616027069916,-27.66641206337784,user,row,medium
1788982974345,-4.649838899230957,-3.9395091941833495,-4.5139673704952,-61.66223748720144,-65.60417188364757,-29.58339344640113,user,row,medium
1788982974362,-3.735253280529379,-4.032732836803794,-4.531624315477908,-69.22917867241596,-48.0558483774703,-17.5668811301522,user,row,medium
1788982974378,-3.7720664691418406,-4.331410662952065,-4.050241313226521,-85.67078272171396,-28.49745484007163,-9.395688476992287,user,row,medium
1788982974395,-3.699341424670816,-3.88144980392456,-5.760298679949343,-74.07078558633617,-24.373765694716862,-2.481593421233692,user,row,medium
1788982974412,-4.731541615405678,-3.892223711395264,-8.010699187414348,-11.352823688372435,-41.01472589041463,-3.33619522792215,user,row,medium
1788982974428,-4.653580423846841,-3.993229093933105,-7.309796359142661,26.96396296573517,-56.56651680030548,0.8677232404142871,user,row,medium
1788982974445,-5.6108121750980615,-4.727949728393554,-4.242225189806521,37.30974783174916,-60.15577096386343,3.893104947182895,user,row,medium
1788982974462,-7.87138803961873,-6.102221773584187,-0.5922650511592626,-12.883311133247735,-34.01310921751831,-6.980452051092562,user,row,medium
1788982974478,-8.192809027972817,-6.4448915939331055,-0.3091509971067309,-60.7991816138678,-5.468699388223783,-16.458216776906777,user,row,medium
1788982974495,-6.123320967975259,-6.137236680603027,-1.5786761351436376,-79.78802275185203,4.898072087788714,-19.839981746310784,user,row,medium
1788982974512,-4.545691711536049,-5.134665027673543,-4.737226967565715,-53.0461690001892,-1.380225417569136,-13.260700429232095,user,row,medium
1788982974528,-4.714632566180825,-4.6212584091737865,-5.477484193365275,-13.633495569225978,-16.604346966651907,-9.996570100355928,user,row,medium
1788982974545,-5.937920561438799,-4.373907157897949,-5.458778908373415,19.264869572911955,-28.82169416525589,-6.910234718217069,user,row,medium
1788982974562,-6.381446418982744,-4.479252323205769,-3.5075045553460718,21.37574124345169,-23.993023629623675,-1.421368983025412,user,row,medium
1788982974578,-6.599318185535073,-4.367173757989704,-2.9602801306575537,2.511387987053757,-4.25570987182194,6.2802138003068615,user,row,medium
1788982974595,-6.705562053248286,-4.789750643268227,-2.1214117239803074,-14.343573134397904,3.378268979766017,11.419176414838171,user,row,medium
1788982974612,-7.935282711902261,-4.765059854125976,-3.5431185973018406,-14.706198122717636,2.914996885157916,10.178499872862034,user,row,medium
1788982974628,-8.610597217670083,-5.004330382537842,-4.401738875414431,0.4386370430148931,-2.0921441456092045,4.019869416196923,user,row,medium
1788982974645,-8.368184299579262,-4.809053601892292,-4.56828552839905,11.482741570348894,-5.319380780796726,2.671188160092433,user,row,medium
1788982974662,-8.04436852504313,-4.505438903863728,-3.712059159685671,14.34113475686421,-3.096594112828807,3.2910952753891443,user,row,medium
1788982974678,-8.227375314441323,-4.674529396112263,-3.193116242107749,3.587066795476249,4.420992765773432,-1.540959618976811,user,row,medium
1788982974695,-7.879916213989257,-4.85514139932841,-2.206704865862429,-10.839563146776303,10.918991416634382,-4.784564589066857,user,row,medium
1788982974712,-7.244705170550942,-4.573523721313476,-2.1356270040765404,-15.549828938051762,7.3341982203781,-3.3260989276684017,user,row,medium
1788982974728,-5.566220169177651,-4.055478629358112,-3.718343939043581,9.190452391490808,-7.404781395261012,4.9701715646673685,user,row,medium
1788982974745,-4.449175457111001,-4.715230532073974,-4.509328604778647,22.472201756197588,-3.3988225130824663,10.546697441770853,user,row,medium
1788982974762,-3.976320044708252,-5.335029486846923,-4.078222376085818,17.028573431095985,14.527165204193263,17.51248038096034,user,row,medium
1788982974778,-2.5164555824279784,-5.930138236999511,-4.253597355431318,21.9473956335832,36.718680336449175,30.162487620086075,user,row,medium
1788982974794,-1.3275865741223096,-5.239561280170083,-6.512676843914389,54.57780477061871,37.84976307809787,38.40439151417584,user,row,medium
1788982974812,-1.3816045800358057,-4.772242459106445,-6.807163648113608,114.77266832219672,-6.124572999029311,31.327547137761,user,row,medium
1788982974828,-1.143979480743408,-4.150497923223674,-7.299621002086996,208.19420628006856,-77.0405791582144,26.376325932945832,user,row,medium
1788982974845,-1.2705734780460596,-3.580828150232136,-6.0467050535455344,245.0660945897903,-86.86767775111032,30.43950643244345,user,row,medium
1788982974862,-1.798345306506753,-3.317316330011189,-5.011661748339235,261.1011384589325,-81.55762231296478,38.3740381535043,user,row,medium
1788982974878,-2.9755455043286085,-3.0677213914617893,-3.5529943868890403,271.54974328516454,-95.40173274166362,31.4298155602036,user,row,medium
1788982974896,-6.376956121826171,-4.643703757476806,-3.065026307158917,258.44485056995785,-81.51681193267395,16.1469189526524,user,row,medium
1788982974912,-8.009951291656494,-5.693859876140952,-1.4235017939142882,204.721492219224,-39.604517223049605,3.59667174899658,user,row,medium
1788982974928,-8.634239374542236,-6.814645820562541,-0.0339671880641952,125.51685641495024,20.25690161589024,3.680295462552338,user,row,medium
1788982974945,-8.836998912158608,-5.63385607381612,-0.2259521971553564,98.49390964309012,31.01738824755072,12.334224541907597,user,row,medium
1788982974962,-9.176227359881995,-4.362834267480671,-1.4827580292748286,125.09237381841228,-3.163199983180656,16.68153322691493,user,row,medium
1788982974978,-9.925611894989013,-2.6780639022275805,-3.430291734469123,206.670964812129,-76.03019610448358,15.39166566253636,user,row,medium
1788982974995,-9.79931834193766,-2.3446716133117675,-2.527079633099213,244.4887250388708,-89.91724110230513,18.29028012552659,user,row,medium
1788982975012,-9.613318800464272,-2.231246309661865,-0.4101556489922106,234.5355001727614,-69.28492667642159,22.82366621541352,user,row,medium
1788982975028,-8.962095364379882,-1.7151459220334886,2.141165787372738,218.70146877089272,-66.76992125042867,27.76756545743844,user,row,medium
1788982975045,-9.368961178046463,-0.6986576796934009,1.2217914730899035,240.87391572253324,-94.57995853167354,23.71727352490463,user,row,medium
1788982975062,-9.733179690119623,-0.4156938477665186,0.1408098619207739,281.21689250807714,-110.440374954306,18.56346037157042,user,row,medium
1788982975078,-10.362703920093178,0.3483563415527343,0.7808104777231812,319.4524280855919,-114.53484113529686,12.034473152445123,user,row,medium
1788982975095,-10.238054042595625,0.2434609658390283,3.589058510699868,315.2561784255895,-106.5736409406217,11.873116763492742,user,row,medium
1788982975112,-9.61526292026937,0.2509428460270166,5.326500727954507,277.39846159220315,-89.96289408671748,19.17478450040137,user,row,medium
1788982975128,-8.876353601947427,0.3090019440248608,7.474698752051592,204.262940639106,-64.69849562989305,32.767928165784554,user,row,medium
1788982975145,-9.356240812683104,0.5636852917544544,6.89515172816813,167.23167669529118,-47.065836362939045,40.22216781459928,user,row,medium
1788982975162,-9.178021257561443,1.08023459219411,6.401795379528403,149.71606638014367,-33.846169148919444,50.5624765764462,user,row,medium
1788982975178,-8.277653549304604,1.995118536255136,6.069601652747393,144.09703367451428,-37.48681707088715,67.18914460130571,user,row,medium
1788982975195,-10.098891071099043,1.2765587630007416,7.06080055553019,136.40785259372404,-47.97207610730009,64.61982551103284,user,row,medium
1788982975212,-10.430639976722002,0.5976526624817401,7.618949402076005,108.11686754207273,-37.71035891713792,60.80482335012223,user,row,medium
1788982975228,-10.905587977489828,-0.056413002158096,8.558223471832274,57.87819657379848,-10.862501483330146,54.236028934740446,user,row,medium
1788982975245,-9.99205040653646,-0.0230439763498725,8.572738319396972,21.13916398116996,4.481273880953849,52.45187765560098,user,row,medium
1788982975262,-9.267208192011712,0.3525464867189526,8.21690126670003,-2.396546040122809,9.74707097393818,52.99085812829044,user,row,medium
1788982975278,-9.951948697772622,0.6392520989900454,6.1551937775760885,4.855068363000667,10.643808217616446,39.86784150612111,user,row,medium
1788982975295,-10.404303173938391,0.1931824387148022,5.570110746875405,12.180816785601817,1.9485959808137503,24.855142059493733,user,row,medium
1788982975312,-9.944915145874022,0.3446158398501575,6.103868079486489,4.578934060140807,0.3737975236154332,16.462442956455725,user,row,medium
1788982975328,-9.45574981918335,0.9017164559846744,5.56696777267456,-5.739448940696735,13.051500272691069,12.89491989351582,user,row,medium
1788982975345,-9.676016956439614,1.3376108322694895,4.830452071490884,-8.65079658384716,30.62974086120665,0.709225392351262,user,row,medium
1788982975362,-8.936956246948242,1.5309425067292526,4.873846392059326,-1.7411010236876985,28.530145832986605,-1.5348247217199649,user,row,medium
1788982975378,-7.912087129753828,1.6264114075258371,5.879411089324951,5.052381855951758,14.774138014391754,-2.6171677670599798,user,row,medium
1788982975396,-7.09312052437663,2.1467012827333063,6.89559888741374,-3.1694925083969414,9.152395431209142,6.394089275470253,user,row,medium
1788982975412,-7.0584063538700335,2.084452222232334,6.7115469728767865,-6.467664500096453,8.67938860948648,11.72340413952794,user,row,medium
1788982975429,-7.98616066622436,1.9375082414707168,5.467010437884927,1.0355303161509222,9.218296511416009,12.044435837123231,user,row,medium
1788982975445,-8.192060839954019,1.696591626352258,4.671237661090493,26.043635956210974,1.1480670742369912,11.317793355666732,user,row,medium
1788982975462,-8.364741465649008,1.4832082937929778,5.03725065536499,36.40302997414621,-1.0742293142145682,10.637792528504956,user,row,medium
1788982975478,-8.533982180023193,0.963367185266316,6.599168547931313,30.21151813304301,5.368856963597006,11.143514248804689,user,row,medium
1788982975495,-8.889371488952635,1.0310035282962025,7.50761902487874,13.78456313196738,11.57093041159116,11.416168570282426,user,row,medium
1788982975512,-9.034968877410888,1.1927615587648004,7.379079154205322,10.5840175953958,6.859169235774292,13.838928022666098,user,row,medium
1788982975528,-9.520094573321938,1.3371619194582105,6.751500213080644,12.09710171826591,0.0958325833156638,13.158852063423453,user,row,medium
1788982975545,-10.525959714838862,1.3099280947696417,6.6249068002998825,9.209289199448056,-0.1708649594321777,6.76998404068685,user,row,medium
1788982975562,-10.447399972864984,1.4692921427737922,6.507740556555986,8.646817998655628,2.878737758731845,6.355045779740345,user,row,medium
1788982975578,-11.059566240802406,1.7823339367739854,6.620866000476479,7.100976288526137,4.448339135662871,3.143033636212781,user,row,medium
1788982975595,-11.13438387363851,2.08460175023824,7.2901955866158,0.3167822527144873,9.487525493024988,3.5026021148789326,user,row,medium
1788982975612,-11.513418262049557,2.312200691687316,7.850887687903642,-9.61897760624376,12.166602308165372,3.237328026242804,user,row,medium
1788982975628,-11.959486789813637,2.4269725876405834,8.487295832172036,-20.823532401887203,13.434327253028409,-0.7203982478120806,user,row,medium
1788982975645,-11.198429937091468,2.7421093080934136,8.073548442298174,-28.91121745470725,11.048351784419838,0.4259095457855297,user,row,medium
1788982975662,-11.099819925257563,2.9429233376652,7.6214932413399215,-27.32045785927481,8.195770235114557,3.4355892079412333,user,row,medium
1788982975678,-11.484386228832602,2.642001970373839,7.199663667297363,-30.440534375913536,9.083839968736076,4.737330842748457,user,row,medium
1788982975695,-12.600084786987304,2.300828087671101,6.461202092742919,-36.13145482255733,11.610734192753055,0.3292080476816065,user,row,medium
1788982975712,-12.974777931323649,2.087744212982431,5.830480177417397,-34.057983560365294,8.524979376693647,-12.01886019377612,user,row,medium
1788982975728,-13.395859317347409,1.6817773939821867,3.758748137885332,-15.845053619641808,3.891925458890598,-31.142606105604564,user,row,medium
1788982975745,-11.316344953376056,2.2981346838686614,3.666121876636147,15.962239175231716,-1.4725966824609769,-38.07049771659976,user,row,medium
1788982975762,-10.33756363361776,2.274042920065485,4.318690882110595,25.65850378702876,-8.619085723078083,-33.4084735514321,user,row,medium
1788982975778,-9.529073414069414,2.1007627941073848,6.002714228388667,21.794409641458667,-13.501724144663507,-25.875536463000497,user,row,medium
1788982975795,-10.02347722593546,1.6636713900577276,6.401798302137851,-1.5474774337140018,-3.63506680364216,-19.688841612809448,user,row,medium
1788982975812,-11.078119550102947,1.277606262759678,6.580013765606283,-24.63661869473564,0.2332190503659068,-27.45617542563026,user,row,medium
1788982975828,-10.850820614513754,0.8886980027238838,6.176891230121255,-46.114524200245086,2.670936296866789,-30.561650705370788,user,row,medium
1788982975845,-10.761488718634844,0.7707836714258882,5.353435496631264,-55.24116981828328,0.7165924450622083,-36.77581145376175,user,row,medium
1788982975862,-10.27845911822021,1.149516547006555,3.992332437354326,-51.17111814848062,-9.40362344926055,-38.35100675562302,user,row,medium
1788982975878,-8.866775041741132,1.6745946976701729,2.8483512030452487,-41.63738984081509,-14.19671296818523,-31.34317461058199,user,row,medium
1788982975895,-8.725220791193843,1.4673466347292066,2.841918539649248,-37.38654989387137,-12.810329708192503,-27.93750568663023,user,row,medium
1788982975912,-8.155848539844154,0.8592195591799915,4.1962879067569965,-56.93067516609388,-11.274585578977232,-20.12262863454425,user,row,medium
1788982975928,-7.939623371455073,0.4010289972718804,6.153249657770991,-91.51725389651564,-5.596802147428311,-16.702220162363606,user,row,medium
1788982975945,-8.173356139484047,0.0221465114869177,6.278644216156006,-129.14290822266162,6.040640646300433,-16.09803699630991,user,row,medium
1788982975962,-7.633314027515054,-0.253036968762055,5.136610608783364,-160.54780383767843,28.059436516146004,-7.70700275188209,user,row,medium
1788982975978,-7.345861359736323,-0.1313816699706018,3.14717925131917,-162.22260720330058,36.04253600484752,-2.0284389712204955,user,row,medium
1788982975995,-7.323714994379878,-0.4999390880309045,2.486529815241694,-154.25852466879567,36.06601819521403,-1.9822504572885191,user,row,medium
1788982976012,-7.612065487781167,-1.4685432971678674,2.272098252271116,-141.23294411023116,19.82700438688776,-7.751609009804151,user,row,medium
1788982976028,-7.015012617823481,-2.1844097396850586,3.28140418189168,-142.49289544604508,11.65974250759519,-6.543028380511551,user,row,medium
1788982976045,-6.734141082000732,-2.304418951769918,3.3785186944708228,-147.2562283920769,12.27340682999051,0.7339597484916995,user,row,medium
1788982976062,-6.7956438907116645,-2.958634701538086,3.1607965655222534,-149.0386482182618,10.752753149972731,6.807159906565584,user,row,medium
1788982976078,-7.202506781768799,-3.774308987371623,2.8091476121649146,-146.4545827495709,8.973505946657337,5.7125764151809655,user,row,medium
1788982976095,-7.286006318232417,-3.860350901794433,2.7406141741648318,-142.00531556195455,5.883020797710872,6.217794835916231,user,row,medium
1788982976112,-7.070077502441406,-3.954023457226157,2.3831296465218066,-127.12940943647688,-8.280196495897792,5.509396216619658,user,row,medium
1788982976128,-6.89530019672811,-3.9466915069028734,2.0887918954044578,-117.11509535843092,-9.659494288400277,4.891645306666555,user,row,medium
1788982976145,-6.753444332885742,-4.164713495580852,2.161665408435464,-112.8517254294548,-9.187039858226738,2.5289761510533637,user,row,medium
1788982976161,-6.565200811877847,-4.403086490631103,2.5896292474493383,-111.35230083115108,-7.497109331140306,-0.3582834159264104,user,row,medium
1788982976178,-5.7519216044873,-4.358644414575398,2.9807822359383103,-115.5137165263864,-4.789565568199776,-0.0232576745779661,user,row,medium
1788982976195,-5.603032773268223,-4.373459121869504,2.857780417908728,-113.97464267995076,2.2006683810013024,1.074123979890962,user,row,medium
1788982976211,-4.451719296374916,-3.7859810127258298,1.5412681955084204,-94.04139128542886,6.758950723856341,9.592166552430522,user,row,medium
1788982976228,-4.299838297602534,-3.7345059692934153,1.2381029948130249,-70.96000324961054,-2.3046507540387533,11.289952650836112,user,row,medium
1788982976245,-4.463241391864419,-4.043058415985107,1.2717705788761378,-52.47163056268066,-11.176659449299466,10.560094004054184,user,row,medium
1788982976261,-4.691439906641841,-4.4819455078125,2.017714618140459,-43.71884900924145,-6.303707089730767,9.55409507799687,user,row,medium
1788982976278,-4.854991469463705,-4.742314353832602,2.425027883313596,-43.40074319393186,2.017268623719763,9.13888446325721,user,row,medium
1788982976295,-4.779723170250654,-4.583249581035972,2.1245546981811523,-37.43536525586945,9.309062041522662,11.481734117446315,user,row,medium
1788982976312,-5.622634714838863,-4.345326960101724,1.37217799552083,-18.756498592987903,9.64832351401272,11.602416729891273,user,row,medium
1788982976328,-6.281487915149331,-3.594893792724609,1.1055237856209277,0.5595447315373415,2.251263007278172,12.967546148734211,user,row,medium
1788982976345,-6.969521032714844,-3.517231584112346,1.2650371789678931,15.804205673310546,-3.793548109840789,10.574810500394625,user,row,medium
1788982976362,-7.710377393451332,-3.4995743468686937,2.051682061932981,24.79305222484373,-4.097594834517553,9.507376584073985,user,row,medium
1788982976378,-7.867047380065918,-3.900752762548626,2.9605811594307423,21.004206273359674,7.164756594995716,10.827614584597011,user,row,medium
1788982976395,-7.705740965822339,-3.935170288196206,3.423561074507236,14.918772392708652,15.898491312160695,15.35631601848696,user,row,medium
1788982976412,-7.61625534068644,-3.8132150566101073,4.416555044013261,7.633481741882427,10.148682682040343,15.940722371798884,user,row,medium
1788982976428,-8.417115211486816,-4.211699703161418,4.2806840997993945,7.550710948199273,0.0152436348659329,10.254970670809495,user,row,medium
1788982976445,-8.737040992847085,-4.46264225692749,4.010289242066443,8.670377028650293,-6.157091529667743,4.755777049262546,user,row,medium
1788982976462,-8.154501216888427,-4.183118628582358,3.7945109406620254,9.26659448658446,-3.130594367630307,6.26350160806831,user,row,medium
1788982976478,-7.624186133685708,-3.938761006164551,2.784906904877722,16.31840451214391,9.303726810007236,15.91972295519568,user,row,medium
1788982976495,-7.702447769495844,-4.1136876572206615,2.9043168358951807,18.43487523025576,12.37565732318654,13.1215208107411,user,row,medium
1788982976511,-9.750088739344475,-4.470872617395222,3.255366946576536,21.30214083250292,10.141989096653733,-2.2583412176924207,user,row,medium
1788982976528,-8.349628652191162,-3.6930557685300704,2.8467069429695604,33.25463378566132,6.82619991265064,-7.094748009776732,user,row,medium
1788982976545,-7.369652569690346,-3.318513138580322,2.7560259705692527,44.09774009306957,1.635669583329147,-3.966138025543725,user,row,medium
1788982976561,-6.260688288226723,-3.550451424407959,2.90476574870646,46.64522648366049,3.561561588454952,-1.370845967013122,user,row,medium
1788982976578,-5.7816983185917135,-4.444835382080078,3.3807629662662744,35.96642379183148,8.679200779284304,-10.750770687566138,user,row,medium
1788982976595,-5.603630739161372,-4.932055419921875,3.604621990534663,25.5528322228322,9.499055706117614,-22.79526628884461,user,row,medium
1788982976611,-3.9809605639904735,-5.036353122003376,2.391360299250483,21.79295993380733,17.71734849002029,-22.69364161173128,user,row,medium
1788982976628,-4.3860307264119385,-4.713286120007932,0.7785667904496193,34.258941386125414,26.6709768786456,-19.07893304068399,user,row,medium
1788982976645,-5.033958628082275,-4.741267182867229,0.1399123285591602,61.41752546961822,18.835348004313825,-22.609922275527143,user,row,medium
1788982976661,-5.8370642319828265,-4.859181906890869,-0.5421358693778514,95.68246034674031,4.696304457725129,-27.74298360661556,user,row,medium
1788982976678,-5.915922664642333,-4.928164549963176,0.3043631783083081,127.64019830336711,-4.427441745010394,-31.017091134321824,user,row,medium
1788982976695,-6.069452599665523,-4.998345170648396,1.372776838196814,121.5969971899016,6.657137362767192,-28.1013021606636,user,row,medium
1788982976711,-7.320122522845864,-4.596417982427775,3.515886306983232,97.7770607991298,21.51642947997561,-28.59422496023237,user,row,medium
1788982976728,-8.302492222484945,-3.822193020574748,3.081637396350503,83.77718107621963,24.45752088941415,-33.55709163758241,user,row,medium
1788982976745,-8.024166279491782,-3.042880380193889,2.3570918266847727,101.4317379296527,8.891347308678546,-30.77466039992139,user,row,medium
1788982976761,-6.5663955746203655,-2.1627117026180027,0.7309794021055102,130.1351981052811,-7.995784003763876,-18.413144983411364,user,row,medium
1788982976778,-7.242760466223955,-2.4979005195617674,2.2312468941837547,140.99351865906553,-22.36862364498164,-12.49280787405695,user,row,medium
1788982976795,-7.99348998619914,-2.9296044218868014,3.2454899879455565,124.26566138165228,-17.499497898895438,-13.347010114678962,user,row,medium
1788982976811,-7.984512899017333,-2.424577801458537,3.990685839191079,100.242622485721,0.9385583852445488,-8.19960282501258,user,row,medium
1788982976828,-7.921964380645751,-2.259527524511516,4.080318763843178,78.96080488109344,17.451297253922657,1.6103082371672437,user,row,medium
1788982976845,-7.345412446925043,-1.406743405206501,3.7698213205635542,79.79196377100313,10.207889323086953,10.989084525444346,user,row,medium
1788982976861,-9.005938013237714,-1.522861308941245,2.453607496587932,105.58260098262036,-9.940006742518117,4.20667893197818,user,row,medium
1788982976878,-9.035717649951575,-1.2348093600951136,2.4781495249092576,131.78987973360836,-31.091219177383973,2.8076158526781487,user,row,medium
1788982976895,-8.284387241473793,-0.8031048732481897,2.975544335284829,146.7791943200649,-29.05964088046621,19.77943211931862,user,row,medium
1788982976911,-8.833259141108392,-0.5470750793457031,4.7695507358044384,132.97861951713574,-18.81228757812857,30.388300504235865,user,row,medium
1788982976928,-9.196128576660156,-0.5834367247983813,5.6387944070011375,108.9842400949618,-14.068322487261916,33.88855047271937,user,row,medium
1788982976945,-10.321405110499262,-0.3280054813109338,5.494096013209224,91.66163043519136,-4.889121978655059,32.5246368275487,user,row,medium
1788982976961,-9.258676510509847,0.5125093043338507,4.461146173150837,93.25703285171213,-9.95661861635323,36.60148453557552,user,row,medium
1788982976978,-9.253740807673337,0.668730597332865,4.31540060839355,102.80122500918613,-24.399626498461828,41.76191784976276,user,row,medium
1788982976994,-8.28782832183838,1.2168532495027409,4.3064211831241845,104.08100438416056,-24.24911474236413,60.43562430472635,user,row,medium
1788982977011,-9.8709941696167,1.1387424386064522,4.898237321472168,94.34357251468856,-12.871150835204174,62.90696433135539,user,row,medium
1788982977028,-10.658985206493735,1.0670660652214312,5.304055087390542,85.80189503302152,-7.707335723604128,58.404599253131366,user,row,medium
1788982977045,-10.540624784529207,1.690905452208314,4.967670923182368,95.34778790759886,-10.410417238582523,61.19337232143674,user,row,medium
1788982977061,-10.558429905810952,2.4120086811341346,4.886416535297036,113.4370726413249,-21.978172465983278,63.649679101702574,user,row,medium
1788982977078,-10.81550730907023,2.318784453991801,5.033360662189126,126.3482953426159,-31.679950747987807,62.54135113527378,user,row,medium
1788982977094,-10.54032317123413,1.875109104974568,6.617572804149985,97.7232115877134,-21.98170196623688,62.66675340843521,user,row,medium
1788982977111,-9.950751596942544,1.2695258686892688,7.47574504623413,57.84612883564527,-0.4236591318561428,62.13048793594083,user,row,medium
1788982977128,-9.887004808697103,1.2847884658813475,6.976105087280273,34.37438182838238,10.413868191660674,55.49086445886602,user,row,medium
1788982977144,-9.89643197773397,1.547402752740681,4.715230532073974,53.09919858890518,-6.081558602070687,35.76617630574505,user,row,medium
1788982977161,-9.06594386138916,1.980005211340636,3.8495769943237295,78.68825984264242,-31.414048068504627,22.83680066918745,user,row,medium
1788982977178,-8.56765122539103,1.8311156494691967,3.801394270434976,85.81295310928778,-37.93071106504628,13.092706803953757,user,row,medium
1788982977194,-8.110061186659335,1.9639944261297584,5.715410029169917,51.440582771615965,-12.818146005923936,9.307606357455803,user,row,medium
1788982977211,-8.233360234069824,3.216161602130532,6.126164666968584,22.423191733808164,1.7151778944665614,8.825741634153282,user,row,medium
1788982977228,-8.479366208216547,3.706973234723508,5.888539567676186,8.773225163398699,-1.6149836083758229,12.086257939184868,user,row,medium
1788982977245,-9.07791545421183,4.194043050439656,4.388272952380776,11.665988715591164,-5.493049012614878,11.242870449339923,user,row,medium
1788982977261,-9.200769095942375,5.086183320838213,3.088821170374751,28.191458950160477,0.027893171889223,13.720623169825954,user,row,medium
1788982977278,-8.87366129412353,5.126734819196164,2.99380070746541,50.23201494892806,6.630127379694377,20.855403772101777,user,row,medium
1788982977294,-8.653245103785395,4.712388294385374,5.2655993922680615,59.71008062995258,7.240222501361542,25.89855420050344,user,row,medium
1788982977311,-9.53745428892374,3.3469454523384568,8.486099900385737,38.15396262825732,4.846748765704769,21.99851618442616,user,row,medium
1788982977328,-10.198550884246826,2.8661586624145508,10.397718534851071,-14.93985035648731,11.029618283073786,13.81797727116073,user,row,medium
1788982977344,-10.464605959209798,2.408117957305908,11.34432660075724,-70.29082229586771,23.03866520255989,5.126060387189154,user,row,medium
1788982977361,-10.394876004901528,4.138976704517007,9.044696490699051,-108.36711884307282,33.28945750514463,0.1084716349313608,user,row,medium
1788982977377,-10.143334023937582,4.778078325653076,7.325059979248047,-100.47919291781356,24.64039408179936,-1.3506347969288195,user,row,medium
1788982977394,-10.442460762897133,5.516240917260944,5.621137754279375,-90.2043959153908,18.63629409378485,0.0702081414685825,user,row,medium
1788982977411,-11.021109376636147,5.186738767651468,5.3214136339485645,-90.7173362918696,31.894968518154396,3.906863509492239,user,row,medium
1788982977427,-11.79054710421264,5.206042895319312,6.041021454951167,-109.26731045492382,49.05519384550237,2.091891001723091,user,row,medium
1788982977444,-12.725181239208576,4.4273276363097125,6.85041008464396,-133.89073663927758,62.00094656814237,-6.58626860059961,user,row,medium
1788982977461,-13.167661971613764,4.436156985583901,5.934928393885493,-149.27032823490865,66.26020472323813,-24.48398104225878,user,row,medium
1788982977478,-12.60846624636352,4.232649990601092,5.519982441876828,-148.97571485524932,50.641129619833485,-30.05659578228878,user,row,medium
1788982977494,-10.15141562358439,4.710591912487894,5.220408543671668,-130.81272555018967,18.13793787873133,-23.869923130212538,user,row,medium
1788982977511,-10.50860058375895,4.389469760949909,4.572776994599402,-116.55228777082186,12.981116027067731,-19.23097134406118,user,row,medium
1788982977527,-10.977117090174556,3.745429733563587,4.977097799958289,-128.18517909724244,25.36050946373027,-25.303957204949857,user,row,medium
1788982977544,-10.504559199413656,2.913294726794585,6.101473293304443,-153.13071017266483,41.51682334158602,-28.322808610541696,user,row,medium
1788982977561,-9.996091206359862,2.8727430640398524,4.555268518176675,-148.4403782884821,27.37253634414887,-33.74182776406374,user,row,medium
1788982977577,-9.727344992616771,2.730736841074517,2.5866379566788678,-98.4651955278194,-11.18088392130112,-38.70265562994653,user,row,medium
1788982977594,-9.994594830322264,2.07607236115816,-0.5635340467154979,-45.16737162275566,-24.05912620041106,-41.37756261459863,user,row,medium
1788982977611,-10.20812652184367,0.8560769503053277,1.1183908659785986,-9.78336318409304,-8.205928433957657,-47.05008936180758,user,row,medium
1788982977627,-9.974992888751624,0.4156935189729556,3.267935920770466,-17.303548309344237,-1.8981232307248836,-50.41744433961015,user,row,medium
1788982977644,-9.63965501872599,-0.3558378564145416,7.011420438550412,-42.53353798067744,-8.08680225086982,-54.33662054574181,user,row,medium
1788982977662,-9.311649391284584,-0.3851668998166918,7.914034172168374,-90.26258229693012,-3.510194297028225,-51.46245303733835,user,row,medium
1788982977679,-8.96419029083252,-0.079606766808778,7.407361830359697,-112.65815103818748,1.3687575299526846,-42.803822226513184,user,row,medium
1788982977695,-8.589946059307456,-0.0673366294309496,4.585345384271442,-109.20108494073138,1.7915436782555352,-36.8875670089615,user,row,medium
1788982977712,-8.559570210266113,0.2702456585206091,3.4298441002994773,-81.5359569529175,-19.53985128134937,-33.696260157016006,user,row,medium
1788982977729,-8.462155545696616,0.3811272690370679,3.00367591253072,-55.94265756680026,-41.1621213727035,-25.97997005540999,user,row,medium
1788982977745,-8.403648411670327,0.6192005504883825,3.43463308814168,-40.02443383812741,-58.36688977872373,-15.326966695623415,user,row,medium
1788982977762,-8.649353357043863,-0.6609491496764123,4.202722323718667,-48.5871448873435,-54.477571744548776,-5.946656816434235,user,row,medium
1788982977779,-8.678383052173256,-1.292569475146383,4.356400727301836,-62.42656297608254,-44.51070016047771,-3.3130810139971807,user,row,medium
1788982977795,-7.677606173706054,-1.745522355596721,3.480871107703447,-70.6708813420439,-36.88343474451364,-1.2477314870585243,user,row,medium
1788982977812,-7.349901575037837,-2.1749827167786657,2.718018603736162,-71.32602625704236,-35.03347800781569,0.7830472508395234,user,row,medium
1788982977829,-6.697182347437739,-2.3705590648926798,2.491019527876377,-68.73485056142545,-31.59426602485,8.156839864392776,user,row,medium
1788982977845,-6.414814435577393,-3.083282679339498,1.8496710045963525,-65.46084719410402,-23.528222426415137,12.183095507463662,user,row,medium
1788982977862,-7.25203741313517,-3.707271340887248,1.941699299952388,-63.52802660239548,-15.111890868848883,6.89866608531036,user,row,medium
1788982977878,-7.397634801593423,-4.019266036987305,1.959205730548501,-59.21693414168849,-13.303373743619044,2.5279691250376093,user,row,medium
1788982977895,-6.530334665679932,-4.067449053137004,1.681178478240967,-50.17940541684604,-9.67817229445932,5.712420174603702,user,row,medium
1788982977912,-7.025786525294184,-4.262726418304443,2.2369342921704054,-39.61102980842321,-12.310563059075378,0.1971404570453788,user,row,medium
1788982977928,-6.6917948091804975,-4.236689767511189,2.502839729529619,-36.045541288082326,-15.852956148511511,0.6388675069892549,user,row,medium
1788982977945,-5.714512203547359,-3.835960264642536,2.982728109309077,-36.68417422076227,-17.530546231315025,5.152633238155089,user,row,medium
1788982977962,-5.674407572174072,-3.8248867897033687,3.059042702704668,-37.84277579457695,-14.294941333733767,10.00012094495069,user,row,medium
1788982977978,-5.565770087322592,-3.844937644085288,3.336918563842773,-40.23047332463001,-13.021168256360689,12.47647006156228,user,row,medium
1788982977995,-5.917568678283691,-4.2794858299255365,3.70263403647542,-46.81681791108414,-5.762970404650966,12.29869560539248,user,row,medium
1788982978012,-6.0613704154968255,-4.466681887707114,3.905691680255532,-58.28021467815626,7.580605832422773,8.850810989728167,user,row,medium
1788982978028,-5.875071598815918,-4.241627516174316,3.742736329761147,-60.53046831154115,14.05935188756075,7.727855319418139,user,row,medium
1788982978045,-5.908290562328696,-3.664026073400676,2.798373996955156,-50.51999621490331,18.96829592896083,8.8011042880434,user,row,medium
1788982978062,-6.171804136115313,-3.2728739616945384,2.7213112155407666,-23.32147089269156,14.000372350304042,7.809586216800158,user,row,medium
1788982978078,-6.029051031172275,-3.1833909669071434,3.4008155742138624,-3.107328181996305,-0.7145930139043929,6.01902822021922,user,row,medium
1788982978096,-5.335927896991372,-2.747645680236816,4.493469064606726,6.31110674592283,-7.526174347379649,8.234225907689021,user,row,medium
1788982978112,-5.606324216029048,-2.941725944574177,5.583728645600378,0.0075714222762278,-7.153205037561933,7.892848784103553,user,row,medium
1788982978129,-5.767781436920166,-2.708290698187053,6.37142011500895,-19.3234418601394,-9.342423246749943,12.050053667715568,user,row,medium
1788982978145,-4.866964815852046,-2.2194252312257885,6.737585084974765,-39.81261942668156,-10.148339465034551,21.356761855295517,user,row,medium
1788982978162,-4.568587433955073,-1.8899232277467848,6.077981943079829,-49.91392279399681,-4.520959414465739,31.99971971436029,user,row,medium
1788982978179,-4.842424248835444,-1.9041388001039623,4.266469404225052,-39.32389207081046,1.2987961157276555,41.60675985748216,user,row,medium
1788982978195,-5.785438674163818,-2.573766492407024,3.8491289582952857,-24.064578398916023,-0.1447338829673254,40.13021639289798,user,row,medium
1788982978212,-5.928941136169433,-2.977338817486167,3.6345486345037816,-9.730161986874164,2.909521848207916,40.064591935352496,user,row,medium
1788982978229,-6.778285928675532,-3.6396360207706686,3.589209317347408,6.763785644015064,12.40707533959495,37.227758240952326,user,row,medium
1788982978245,-7.599644982147216,-4.211400427953898,4.236690644294023,18.66281401078472,12.831354738005096,31.95912790012291,user,row,medium
1788982978262,-7.50073627962768,-4.55841032333374,4.291458884052932,35.54518553514929,9.43186457393126,30.429418243039343,user,row,medium
1788982978279,-8.657883284980057,-5.267992132623493,4.697126427845657,51.340838104071686,8.343054726829418,19.011934007568044,user,row,medium
1788982978295,-11.404480332946775,-6.0924947448179125,6.046856736975908,51.87980491638281,7.580585341855263,-2.8130392363225507,user,row,medium
1788982978312,-11.0061438626945,-5.774963311248272,6.825569950158894,41.27385985243033,5.872353749774605,-12.8432315831981,user,row,medium
1788982978329,-8.64426626303792,-4.395155843762308,7.41798668474853,19.673886913621704,2.042968064245582,-6.65560483907217,user,row,medium
1788982978345,-9.076419078174233,-3.3110311122618614,7.376985104535519,-1.537279854561467,1.0961125999850545,-7.415670424345305,user,row,medium
1788982978362,-9.041852791705727,-2.924367544146627,7.036260573035478,-22.2952913189578,-2.1003898914847023,-9.346334383823422,user,row,medium
1788982978378,-8.686614289423822,-2.0735284214295446,6.366782810597122,-44.50811151878227,-2.8079543739288875,-8.860079556431874,user,row,medium
1788982978395,-7.916579180476069,-1.136946805627644,4.329316028760373,-46.573113346403495,0.7995131827419846,0.2834288915325812,user,row,medium
1788982978412,-8.147319780951738,-0.9590276947572828,3.605968728968501,-42.60779238223923,4.998818658706871,6.800494495709297,user,row,medium
1788982978429,-8.365788928875327,-0.6034881637021899,3.045724371448159,-41.010091607062776,13.408899312522095,14.410705356202667,user,row,medium
1788982978445,-8.582913091930747,-0.515950165502727,3.050512190246582,-37.56449681231771,13.544228411868495,12.925045296623807,user,row,medium
1788982978462,-8.321345976036786,-0.8680468626275658,3.097498105566203,-28.49635005697338,8.227837973267766,14.181453471805774,user,row,medium
1788982978478,-7.095516479602456,-1.7892168281555174,3.094506814795732,-17.815756148034538,11.314456808257182,20.508134756583527,user,row,medium
1788982978495,-7.859416446796059,-3.500023551940918,3.3146237299263475,-17.819341997348797,25.368241237870723,21.184251767428503,user,row,medium
1788982978512,-8.403498774066566,-4.110843958227336,3.274819835065305,-19.512723477513376,47.45024282452195,17.703327819201544,user,row,medium
1788982978528,-8.942342031639814,-4.586541608318687,2.948459344482422,-12.681543930070974,72.78752964507417,12.8734457787653,user,row,medium
1788982978545,-9.134028386577963,-4.27469713434428,3.082535514234006,-4.711712510719032,84.09578891043321,9.30978006515916,user,row,medium
1788982978562,-9.241617823681237,-4.193294277898967,3.384504198621213,1.566912843718979,75.64864807706833,6.11761047494413,user,row,medium
1788982978578,-8.442852879333495,-3.647565936987102,4.914697750146686,-9.482178308678511,54.96748755333545,9.108473899751374,user,row,medium
1788982978595,-9.087041009953618,-3.067570146422833,4.721365673828124,-29.3168862951764,64.35817462430799,8.401761056519325,user,row,medium
1788982978612,-9.290549320110678,-2.840719977514446,4.237438832312822,-48.45938278382382,80.41175562685758,7.266610937219886,user,row,medium
1788982978628,-9.16784706954956,-2.03372438043803,3.23322058122009,-60.709979343307424,95.04840705589886,9.346494039495273,user,row,medium
1788982978645,-9.495404368701577,-1.290923607635498,2.1416142617926,-54.64535875660472,89.6466085168217,7.34602640047327,user,row,medium
1788982978662,-9.682301735797523,-1.4377178046628831,1.593342081616819,-34.90277550785832,69.24930040971081,1.0525851917867384,user,row,medium
1788982978678,-9.917532048907876,-1.6014216354370117,0.8439569619879126,-10.40942515360558,46.52601577698167,-5.8834643331201,user,row,medium
1788982978695,-9.370009225794671,-1.3804071869447827,1.3521268488779663,11.990758234209748,20.22891150067153,-8.703504299898501,user,row,medium
1788982978712,-9.276933467212318,-1.229721535436809,1.5619178925663233,22.17591156509702,5.819387340308448,-7.449358624879101,user,row,medium
1788982978728,-9.796025145611166,-1.300649759618938,1.9731221738286315,31.090013648995463,-1.5802339537563252,-10.02842524887122,user,row,medium
1788982978745,-9.935338923755287,-1.480514451599121,2.5499752824530004,37.76014075090355,-11.859429918169685,-11.4209010376036,user,row,medium
1788982978762,-9.535508415552972,-1.5043071228578686,3.0527585078686474,32.25102969468174,-17.970804857288414,-5.308565176246011,user,row,medium
1788982978778,-9.53790144816935,-1.7958005904600025,4.020913219672441,20.22320487761998,-22.765408116887897,-2.8064626179254746,user,row,medium
1788982978795,-9.25643428454101,-2.4052748428344723,4.473567117176205,-3.490588879345938,-23.969059910920688,-4.547501956467231,user,row,medium
1788982978812,-9.067589290508629,-3.1275749716609718,4.628141738946735,-26.46941799623852,-19.230611051582464,-17.134437948136597,user,row,medium
1788982978828,-8.594286134338379,-3.44465734628886,3.948787164007872,-50.421959094651534,-5.569261117147527,-26.920017528615308,user,row,medium
1788982978845,-6.474668308037519,-3.635594344164431,2.8505969361454246,-69.57160337626537,1.6666432105546851,-20.93500962687828,user,row,medium
1788982978862,-6.149655432671308,-3.506157816912234,2.221669795282185,-57.47914960172965,1.4686757269905666,-12.298504360095722,user,row,medium
1788982978877,-7.411400292095541,-3.831021639196575,-0.2811680345512926,-13.19351441968762,5.840146419630233,-14.938054016735595,user,row,medium
1788982978895,-7.415592483088374,-3.8000472397401928,-0.5247773228198289,16.47151857031538,21.17105242685745,-26.466011439389977,user,row,medium
1788982978911,-6.282236103168129,-3.63275210647583,0.3519482285648584,16.033889567172444,61.23411439983587,-12.60176646679158,user,row,medium
1788982978928,-5.666924522942304,-4.1941918112605805,1.7085633287727833,-8.397003829762411,28.677778664349137,14.596358435580076,user,row,medium
1788982978945,-6.989125312373042,-5.581482912500202,1.2379535033397375,-12.803218627492877,24.24302221362448,3.963888758872676,user,row,medium
1788982978962,-7.920767279815673,-6.244676187841594,0.8265988538213074,19.27321094143583,39.85044501430509,-11.43003214675026,user,row,medium
1788982978978,-7.475894683837891,-5.815814523205161,1.451036866571754,50.71282953064569,19.526747563426703,-6.3335985588596815,user,row,medium
1788982978995,-6.266224879565835,-5.124190103149414,2.375348637256771,88.55756217441986,6.323788272777428,-2.822538535354157,user,row,medium
1788982979012,-5.817310314720869,-4.896740068651735,2.4961051605775952,112.63813175373016,-0.2036607797426551,1.1839003810569937,user,row,medium
1788982979028,-4.584147991180419,-4.455758342632652,3.514838843756914,116.65710385382488,-14.410826592060436,4.524955502017019,user,row,medium
1788982979045,-5.207538832965493,-4.021959513854981,3.5595800488896665,100.9276153273924,-20.702282883741137,7.51011401132001,user,row,medium
1788982979062,-5.445760729107261,-3.4876033385679124,3.6415813096195455,81.84195625792324,-12.324885965764896,15.380476105128588,user,row,medium
1788982979078,-7.0197998521000144,-2.807949634552002,2.1101903650030494,59.59933594275,9.97564923092818,16.46167626772139,user,row,medium
1788982979095,-7.819763650843501,-2.8860604637145992,0.4038726231999695,46.91732072962629,35.58050102825284,13.493466445956962,user,row,medium
1788982979112,-8.071305631807446,-2.953248332324624,0.3751427877999841,52.40730042598289,26.577311079462625,9.119093990137095,user,row,medium
1788982979128,-6.772748168292641,-2.423679975835979,-0.0302256269156932,78.31035230605478,-14.629701711560786,11.740007475626594,user,row,medium
1788982979145,-6.895004428651928,-1.5755347683779894,-0.4985914728142321,118.10802727883237,-60.4859969498552,19.134904733384957,user,row,medium
1788982979162,-8.300099189868568,-0.93688089100942,-0.1167164541497826,137.03132592154114,-72.6476951821965,34.998200080752575,user,row,medium
1788982979178,-9.165004539600014,-0.4393358585081994,2.44522866756022,112.10367628136584,-31.27011207703036,53.44657517990287,user,row,medium
1788982979195,-9.432108831354975,-0.3781342247009277,2.8104943505987525,77.17772935674824,21.09299190238067,65.8136469553027,user,row,medium
1788982979212,-11.298687131610512,-1.7890670444212853,2.86645852214396,52.524065924938846,39.90377513134455,36.64015365156154,user,row,medium
1788982979228,-11.481544283404943,-2.485330814715475,1.8831904123604295,66.94079892308405,-1.0514120000750828,3.419546801128166,user,row,medium
1788982979245,-9.559748538318276,-1.6219218410216272,1.238850598309934,91.68550877652972,-37.2145759758542,5.647879155815312,user,row,medium
1788982979262,-7.514953021028638,-0.1924339584350586,0.1951288966074585,115.98165278642398,-39.94620768156325,29.99213928709137,user,row,medium
1788982979278,-9.490017414966225,-0.5404908786498009,0.2998749269783496,123.44848388897364,-32.96479812332642,29.214450533099136,user,row,medium
1788982979295,-11.25559091720581,-1.407191733495891,1.634791697858274,114.1888032613765,-30.804146326568336,7.651986431891284,user,row,medium
1788982979312,-11.418994595989584,-1.7537522776730357,2.736871772766113,92.9333296963777,-31.64169827354115,-6.101528794543335,user,row,medium
1788982979328,-9.415945047539472,-1.1052229760434478,3.2851439529418944,71.45276724728112,-16.992158277536063,1.982479908955949,user,row,medium
1788982979345,-8.620024386706948,-0.384418711797893,2.999037439075112,60.81448806779779,-13.974412508816116,10.791729624471412,user,row,medium
1788982979362,-9.794529938617348,-0.5654801027493551,2.555811148999631,58.04379451022544,-11.037506297791504,7.702031227939967,user,row,medium
1788982979378,-9.85692765034139,0.1092357795381918,1.830816082000732,73.76120726220535,-16.556769576440892,8.553932548585331,user,row,medium
1788982979395,-9.932343833592531,0.90904875336783,1.541267026464641,99.72401305223109,-17.206190792914875,17.369353766902723,user,row,medium
1788982979412,-9.879374459949137,1.3584105048578698,1.8620906334474685,123.95610354808896,-24.141313866693825,23.795197445598014,user,row,medium
1788982979428,-11.432911477661133,0.4273653707972262,4.544195627759397,114.95425573147068,-27.21576130458228,15.004877172480416,user,row,medium
1788982979445,-11.720963864898682,0.1801640219866298,5.727529798291624,84.79933254589038,-17.475694689637944,8.56328734642731,user,row,medium
1788982979462,-11.169551048609614,0.2653077271943911,6.520310407532751,40.38668658113737,6.075072910566937,8.336156235767707,user,row,medium
1788982979478,-10.51383789989054,0.5810430711274966,5.811027581189572,18.40991771902853,15.935316277070818,8.588716140707268,user,row,medium
1788982979494,-10.19555871669352,0.7522285263612866,5.713762554223835,5.583320634667175,7.399079894851344,3.6795377384412897,user,row,medium
1788982979512,-10.237757689997553,1.054795870761387,5.07810376701802,1.7694951872844993,-1.7582800166673385,-5.201026409085099,user,row,medium
1788982979528,-9.190142487987876,1.9482820028109475,3.89461791305542,6.598433594398225,-2.644957245471822,-0.3341525443517404,user,row,medium
1788982979545,-8.506598498535157,2.124704628045857,3.705625619506836,11.10052418439498,-3.678923448302812,10.080886224338798,user,row,medium
1788982979562,-8.494180330988764,1.8154037376070395,3.7789497989147898,8.33327389593796,0.1666736778810229,14.885779163922903,user,row,medium
1788982979579,-9.456948673579095,1.160739330755919,3.740193659541011,2.203606856448289,3.198108653141768,9.060742830284031,user,row,medium
1788982979595,-9.44243148792684,1.2159556430758909,3.60402139429301,-2.66865437335377,4.931202774131507,3.290548006481897,user,row,medium
1788982979611,-9.087042178997397,1.5744873416842893,2.587982649286092,4.647171491930642,8.165637148043754,1.3353220464181796,user,row,medium
1788982979628,-8.359804593768715,2.267309410559386,2.387917757581174,15.634082736558454,9.142405425774353,5.939617025834068,user,row,medium
1788982979645,-8.078336261096597,2.246958477252349,2.5445883287176487,26.12404265066765,4.38692677040117,10.37455362279808,user,row,medium
1788982979661,-8.706513168114423,1.514183131640777,3.3940804207399484,34.613465770089505,-12.20597322608862,12.96854164880574,user,row,medium
1788982979678,-9.616759880828855,0.9551370439942926,3.851972072766721,33.96519885558526,-16.8551685884477,10.870398035784326,user,row,medium
1788982979695,-9.96556571971476,0.5654807238038629,3.977517437799275,24.68331328299643,-10.33486253975749,5.337486758512783,user,row,medium
1788982979711,-10.57892850396037,0.6845923294618725,4.082413398034871,12.552063180201396,2.848391655136302,-3.7498980784025298,user,row,medium
1788982979728,-9.368062767902016,1.4912887974612414,3.900753347070515,4.473975396938867,13.593994023934856,-6.57701881691612,user,row,medium
1788982979745,-8.844031879535317,1.9698296350892632,3.648913259942829,10.093055060118822,12.601990155486895,-3.433906633527883,user,row,medium
1788982979761,-8.954764875361322,2.4878752385012803,3.186084736035764,22.298047300287895,5.665619291523951,-1.6942705786954466,user,row,medium
1788982979778,-8.860192740741372,2.706944617340341,3.797653622601926,30.0349304222415,-0.083106260025064,4.187373829175963,user,row,medium
1788982979795,-8.94997471847534,2.7853545025147497,4.14615960175842,22.32291089641404,10.932750832717373,8.73782514670417,user,row,medium
1788982979811,-9.559149403381348,2.505681894152984,4.368969993756712,16.456808050390464,19.27870070598123,7.024502502370913,user,row,medium
1788982979828,-9.310451121410727,2.324321045330912,4.540753670611977,19.861892993168183,11.808169348448736,4.669031939256091,user,row,medium
1788982979845,-9.292945859858394,2.164209028503671,4.793491875623166,22.69952411215396,3.853366052818114,3.960550930802655,user,row,medium
1788982979861,-9.05292538986206,1.8016370415285228,5.225645275281369,18.394356840551957,-1.081020443240265,5.479967492807012,user,row,medium
1788982979878,-8.753200685009359,2.033724818829447,4.463540667071938,14.587865095347166,5.147001320297591,13.24599930081729,user,row,medium
1788982979895,-8.780136622729897,2.05257930303365,3.959861077338457,22.569045300891908,6.901886946390844,18.238433867084314,user,row,medium
1788982979912,-10.097545501708984,1.5852610664919018,4.102914042010903,29.771315856130272,1.648162212764512,11.10434396768831,user,row,medium
1788982979928,-9.99713925410807,1.27670861980021,5.4954418748602265,26.897080045835114,-10.70695417026686,4.683853022868196,user,row,medium
1788982979945,-10.195108634838462,1.34703770904541,5.43887856837809,21.494262101024333,-16.79647677290978,2.433807069922756,user,row,medium
1788982979961,-12.075904845538735,2.130989407403767,5.272033224707841,6.95380705625352,-13.651281381824692,0.095538718428688,user,row,medium
1788982979978,-13.082217146301268,2.8814222825199365,5.724237186487018,-27.96034925430934,-0.4986246735044111,1.468752673340435,user,row,medium
1788982979995,-13.32403151397705,3.258059985052794,5.601534351404011,-51.43179231815416,15.87779754652285,5.89325498240849,user,row,medium
1788982980011,-14.441973467144368,3.219902396094054,4.121768672345579,-50.693267868862776,28.121020916797427,3.4036049261619445,user,row,medium
1788982980028,-16.1716345290035,2.39899050186798,3.6855747651249167,-5.940419999948367,6.933616590180138,-18.298544654422304,user,row,medium
1788982980045,-16.199020548579096,2.034173877771199,4.825364392963052,16.102640543810498,-16.807898556749336,-33.06710069671487,user,row,medium
1788982980061,-17.070357977184653,1.7042231076113878,8.080730170495807,2.93153597478969,-23.565819202701476,-44.1967436850889,user,row,medium
1788982980078,-18.464682338061927,1.237353710815683,10.322601334546508,-61.40368750635977,-18.6998080228768,-69.51882650454868,user,row,medium
1788982980094,-18.98033293609619,1.4529815343661232,9.876980550549924,-111.94611064740282,-18.30098473950329,-96.72709679915874,user,row,medium
1788982980111,-16.740856558227538,3.6026754413104616,6.335806073053181,-140.56389976027174,-16.023710877761832,-109.68553659818204,user,row,medium
1788982980128,-12.926444985309242,5.629965715314075,3.398120928302407,-155.56074121519362,-6.26699098096054,-101.0037377856922,user,row,medium
1788982980144,-11.392210049438477,5.447856240081787,1.7952035013496874,-144.3226758039348,5.584846328173026,-89.84838596528222,user,row,medium
1788982980161,-9.1111350022465,3.996222284399718,-0.9071025694698096,-107.52530485805792,6.82871555669932,-79.78187558159901,user,row,medium
1788982980178,-8.12053289631307,3.4443589478641745,-1.342099375860393,-49.473570252922336,-15.337599592613833,-68.22445784550708,user,row,medium
1788982980194,-6.7061576810538766,2.1799210499636827,0.3714014093145728,0.3288203810853554,-41.31597479885263,-44.78964508618103,user,row,medium
1788982980211,-8.225279218944907,0.3603277882449329,4.367922238269448,-16.683957944070283,-42.3471626087953,-39.2428894423487,user,row,medium
1788982980228,-8.374168050163984,-0.3856155203670263,5.451896747644246,-78.56296002231853,-10.907070175211771,-38.2576483149527,user,row,medium
1788982980244,-9.044845543780925,-1.2358566771909594,4.342483845630288,-107.55099319952632,12.835940356259114,-43.143559250924206,user,row,medium
1788982980261,-8.110506592339277,-1.0181336714595557,2.0453966980531813,-100.2482027502729,5.978004396516831,-39.59345231659419,user,row,medium
1788982980278,-7.509114231872558,-0.8641568694517016,2.038813520270586,-82.36352316332375,-20.65235761600293,-32.00932296033333,user,row,medium
1788982980294,-7.061850356844067,-1.3220488137394188,1.864935209223628,-78.7467126015594,-29.87769263735864,-21.682534557948443,user,row,medium
1788982980311,-6.791303231158852,-2.045096838323772,2.7769758196175096,-99.79295015152402,-23.06021444939128,-13.560186295090585,user,row,medium
1788982980328,-6.557270018878579,-2.085050370788574,2.703952668982744,-110.98326571029529,-15.188218232823775,-13.518721070413084,user,row,medium
1788982980345,-6.883930076929927,-2.310255256707966,1.743877803260088,-99.70734739065624,-19.38875042143577,-13.36442368196791,user,row,medium
1788982980361,-5.848436689868569,-2.2189757338926195,0.606781652289629,-82.45954196267579,-18.329164392471476,1.773729050796261,user,row,medium
1788982980378,-4.901678401836753,-2.347514435522258,0.8940852669864893,-88.78358679443392,-12.657540937780258,12.587235239332378,user,row,medium
1788982980394,-6.054338032642007,-3.431339891815185,2.6626526903450487,-105.12578427055156,-5.335021913996055,17.323830556084587,user,row,medium
1788982980412,-5.909039919391274,-3.548954756109416,1.851167672894895,-111.96067944090244,0.8664005849536847,21.15899714297238,user,row,medium
1788982980428,-6.933008872875571,-3.860051334325969,1.199346563178301,-98.47354884917432,-0.7901097731630223,13.196286622717,user,row,medium
1788982980445,-7.164198970684409,-4.508430779156089,0.7404077401861549,-76.6227559961172,-8.9502704968746,13.371428894735406,user,row,medium
1788982980462,-6.283882116809487,-4.511873028564453,1.1022311738163233,-66.93827858328031,-10.033278098276517,15.848221119869402,user,row,medium
1788982980478,-6.2297121352046725,-4.568884663335979,1.5105924867376683,-75.35045567828391,-8.769723837675421,13.981697759339582,user,row,medium
1788982980494,-7.134272034454345,-4.905569271795452,3.039589814215898,-92.36783784442484,-7.2928781372204625,10.571682273754757,user,row,medium
1788982980511,-6.324286607912183,-3.490148346875608,2.529326462177932,-112.79773278406586,-0.0462179024217061,21.609888665936182,user,row,medium
1788982980528,-6.381298534944653,-2.9119486459478736,1.3950734256789088,-105.18779555802612,0.0517059594198113,30.70172422486941,user,row,medium
1788982980544,-8.368931903076172,-2.890549299566448,-2.792087756292522,-70.12148141577559,-7.937444796741858,26.42305296460518,user,row,medium
1788982980562,-9.00863207462728,-3.039139440099895,-4.449024065941572,-28.22780067918682,-7.4185493490804655,25.951252525044676,user,row,medium
1788982980577,-8.863782289665936,-3.523516071209311,-3.032555385534465,-29.62001350563615,11.241187661483162,25.33868871687937,user,row,medium
1788982980594,-7.182455927386879,-3.3228526290893554,1.0019748560801147,-44.549768842530185,20.653556314202262,26.004589472273302,user,row,medium
1788982980611,-4.047396737450361,-2.8832167647212743,3.371784125518799,-47.71230693769158,9.082683959219052,36.40631529513698,user,row,medium
1788982980627,-2.775329221454262,-3.020584669494629,3.694254038403928,-35.5555913283498,-13.703241192161917,39.981881759598224,user,row,medium
1788982980645,-2.6417022567749022,-4.406527863256633,5.04039333730489,-33.41866077857918,-19.335336634578976,39.805717520525256,user,row,medium
1788982980661,-2.853890132471919,-5.339668544824421,5.024682850214838,-36.731305941129946,-1.4760164728010376,36.64996521830427,user,row,medium
1788982980677,-3.5066093600720163,-6.347328168542683,3.9959240321055054,-22.519302740714,13.294556823174204,26.85577276928217,user,row,medium
1788982980694,-3.5405770961254834,-5.813570543670654,3.607763503430784,-6.221743965916968,3.48687304299404,18.535673454479515,user,row,medium
1788982980712,-5.137807709613442,-5.070170928192138,3.873819455176592,16.880044137404887,-7.944454278377584,17.117490541258505,user,row,medium
1788982980727,-6.140380823847651,-5.064784266717732,3.763686763331294,21.9820622587156,-9.509459791770835,16.1367146500324,user,row,medium
1788982980744,-9.292646584650871,-5.216217521722615,4.71448322083801,11.91142814832099,-11.126235577751848,10.889080310711604,user,row,medium
1788982980761,-10.249128978839517,-5.245396562194824,5.242554324506223,-9.024911657898146,-11.65638717716542,2.7628902798890245,user,row,medium
1788982980777,-11.33879000941813,-4.743811314392089,4.801572890748084,-22.06487488730742,-12.397263772852227,-4.461947433810475,user,row,medium
1788982980795,-10.659733979034424,-3.2149636245176194,3.684078389087319,-21.16123573747285,-20.682912467254983,-6.963505071101291,user,row,medium
1788982980812,-9.118618051478268,-1.9467855171754955,2.0281892504036425,-9.661810576302557,-13.460001080344838,-1.2231316002673718,user,row,medium
1788982980828,-8.540566819110513,-1.686864707183838,1.1637325212225318,8.868622415536267,-12.160395373757124,2.9335380739901504,user,row,medium
1788982980845,-8.253263788935541,-2.028637286432087,1.0040700747936964,23.417863644900656,-14.271830534903383,5.896749477942598,user,row,medium
1788982980862,-8.451081193974614,-2.8196207831233737,2.126499987030029,20.90412521899877,-11.393605894132936,7.857497432506859,user,row,medium
1788982980878,-9.094227122065424,-3.479373854883015,2.557157887433469,11.203429521977686,2.341477639939581,6.994430033228993,user,row,medium
1788982980895,-9.376741748920082,-4.482992971038818,2.275240349689126,2.923776879892556,14.366858956825771,2.4993672810013576,user,row,medium
1788982980912,-9.813384276691078,-4.533720118713378,1.7019792742073534,13.014675307780946,7.392008941513088,-8.187180418459619,user,row,medium
1788982980928,-9.585935118976234,-4.332157974188029,1.8315654390633105,19.94270779142777,-8.415256656545624,-13.402998029079203,user,row,medium
1788982980945,-8.526202778193355,-3.823839618737996,2.90117532299906,10.158772578991744,-3.663974298643769,-14.270368020647355,user,row,medium
1788982980962,-8.365789513397216,-3.7294179985046383,3.133711574719846,-8.858993556353843,14.412616101622978,-13.874501355410816,user,row,medium
1788982980978,-8.044817437854409,-3.102286508886516,3.297116130286455,-13.730520967706948,15.7786607658147,-11.93779267851724,user,row,medium
1788982980995,-8.047810189929605,-2.077268923132121,2.7157740396797654,-4.980115466325261,7.322760214839268,-11.706008501485565,user,row,medium
1788982981012,-8.272565870776772,-1.9083283607482908,2.49565712454915,2.02867311864298,0.5691420544557086,-8.803237014611735,user,row,medium
1788982981028,-8.353072070643305,-1.89920075917989,2.703354118567705,-0.1007364056756817,-2.063195456029163,-0.2688439296945181,user,row,medium
1788982981045,-8.671948635211587,-2.5519194022580978,2.8345865893259643,-2.420972504142067,2.7404697570516343,4.030014381548508,user,row,medium
1788982981062,-9.15527809535563,-2.9319992080688477,2.555661511395872,2.190624374383387,7.429559614022526,2.986632122616421,user,row,medium
1788982981078,-9.14166224245727,-3.417423886926472,2.1948858332529664,15.660588993179982,9.031752092351914,2.2215544591529666,user,row,medium
1788982981095,-7.602787956348061,-3.8295255554199215,2.617163151063025,26.221547016164173,7.317211539912279,0.7686174090008137,user,row,medium
1788982981111,-6.5316819886356585,-4.2166377440854905,2.852542809516191,35.2056909824538,6.622021225810041,-1.2676680621938514,user,row,medium
1788982981128,-3.62646732711792,-4.839728726141154,3.411438967297971,40.37748973141995,9.932365468384162,-1.7762294336410145,user,row,medium
1788982981145,-1.6026187362670898,-5.0608931044980885,4.04455566880554,35.661028958567286,13.157249530289436,-7.770644747020976,user,row,medium
1788982981162,-1.7323551232486962,-5.197961149542033,4.21304790289998,27.9131406943135,14.323764732031222,-18.545411596688663,user,row,medium
1788982981178,-2.903568063354492,-5.239111198315024,2.934843491584062,23.75845615050522,23.592781374450094,-27.102007919050298,user,row,medium
1788982981195,-3.684078389087319,-5.049520646612346,0.8222595094427466,28.27671849402245,22.911808099105244,-30.701953036206607,user,row,medium
1788982981212,-4.2957957442134616,-5.042936299785971,0.1596644922554493,37.14568668788545,20.66604190000505,-34.515657461174925,user,row,medium
1788982981228,-5.479579996600747,-4.272153587341308,-0.9353837843194605,60.46632600504556,6.513358038757016,-39.99194262824565,user,row,medium
1788982981245,-5.698949892756343,-3.589956044061482,-2.489370299364626,80.7962952771293,10.6270665701871,-28.08764519741816,user,row,medium
1788982981262,-5.395933745142817,-3.200598999078572,-2.619853997582197,80.7710372375786,26.94458230396526,-10.725118204590862,user,row,medium
1788982981278,-7.533656552454829,-3.748272336578369,-0.7870926267325877,61.31389100934162,46.73086681056869,-1.1996663786520871,user,row,medium
1788982981295,-10.095154222658277,-4.117578819440305,0.2032099117323756,66.14519116780428,38.49873691718122,-7.222856745396784,user,row,medium
1788982981312,-10.403704623523351,-3.746327047729492,-0.3651154609128832,100.17378100907644,12.852752013127454,-9.794764477365083,user,row,medium
1788982981328,-10.059088053020837,-2.910750376074016,-1.3730740675777195,136.52563237577172,-3.421726698690458,-2.116959930411153,user,row,medium
1788982981345,-9.617657121929524,-3.002627864782512,1.2985562944710254,111.30417531825915,11.651744356077105,11.265303351895184,user,row,medium
1788982981362,-9.434651501575113,-3.561374677221477,3.5899566285833715,49.86344428093583,37.917825913177055,17.948637478337137,user,row,medium
1788982981378,-11.081712021636962,-4.259134823553264,5.280561399078369,14.632389390999188,36.13912512499525,4.647385789115852,user,row,medium
1788982981395,-11.074380363574624,-3.3464950782224534,0.707637397223711,43.27390316595014,21.38210014956897,-3.745226229010241,user,row,medium
1788982981412,-10.869676121631263,-2.685246507208049,-1.0413272077813744,75.08967222558366,14.96157035804795,-7.351810716926625,user,row,medium
1788982981428,-10.319009739795328,-2.232143843023479,-0.3253106892690062,74.54768988475396,25.885863709025557,-5.62958534789708,user,row,medium
1788982981445,-9.936385217937827,-2.3306053862974045,2.195483799146116,56.59452057590253,36.76716443427252,-1.2839434424906395,user,row,medium
1788982981462,-9.922171983668209,-2.072331174468994,2.969409485791624,46.70501795965478,35.54928706374588,-5.882487616068788,user,row,medium
1788982981478,-10.574143023249508,-1.84503165435791,2.7751801683723927,59.68633206220844,16.162932331161493,-3.889239486999491,user,row,medium
1788982981495,-9.748141696929933,-0.966060077612102,2.318485617175698,73.73991073237325,4.099783910146542,-1.0028374022452446,user,row,medium
1788982981512,-9.69846201248169,-0.7739253943845629,2.420838322669268,73.96339452201606,4.162037669336623,6.109411259732353,user,row,medium
1788982981528,-8.527100603815912,0.0389054847165942,3.797803844727576,59.86479807503171,-0.6603749722728317,22.19364102863508,user,row,medium
1788982981545,-8.173803883251548,0.3841200211122632,4.418799315808713,52.336993873761365,-0.0499166099398266,39.90914024493759,user,row,medium
1788982981562,-8.61703397271931,0.3513489474974572,3.9550723817572,54.051480638461285,0.3033862240396824,47.796352415428586,user,row,medium
1788982981578,-10.784084581324455,-0.3176807789124548,3.31582112301737,62.260855756628864,-4.350402760701351,45.69347377376506,user,row,medium
1788982981595,-11.08276006938517,-0.5403412410460412,3.572448736682534,66.41641797974549,-6.816095501547252,51.66404265559669,user,row,medium
1788982981612,-10.942700441309809,-0.5843348426818847,3.7787998690500855,60.94385185067783,-7.847458761974233,56.49737138024285,user,row,medium
1788982981628,-11.624147750744225,-0.9807244166500866,4.5518268532902,52.94783818180312,-3.936128308764805,55.68140624614186,user,row,medium
1788982981645,-12.37951895904541,-1.2398968924924731,3.860500831659138,56.80396491170639,-8.407597453165101,47.66276416054689,user,row,medium
1788982981662,-12.020239072418212,-1.0347437377378343,3.764283560180664,64.89872262541198,-16.816555821522325,45.56112861331231,user,row,medium
1788982981678,-10.78962117266357,-0.1681926666259765,3.677943247333169,75.17289808062026,-19.784191053622827,48.3458684549128,user,row,medium
1788982981695,-10.544812883868811,0.4592381712649017,3.6140485750496394,84.75258673121081,-20.903911775587208,47.337018778650645,user,row,medium
1788982981712,-10.984746269878745,0.6230912012513726,3.823989256341755,93.04103494939964,-23.04973693920448,42.15343795336623,user,row,medium
1788982981728,-11.097872882843015,0.7312793531664646,3.810222304534912,97.59856063536068,-26.485315261531724,41.56489079786999,user,row,medium
1788982981745,-10.199149434661864,1.0266638733903877,4.952556356158852,88.64973557726917,-26.340918232288484,45.35909503275792,user,row,medium
1788982981762,-10.15111576385498,0.9406223973589948,5.046977684131265,74.25611593927529,-16.530147206603473,45.05442419954574,user,row,medium
1788982981778,-10.440515474048256,0.6709753075197339,5.444116176770627,63.216139674325184,-16.699932048991652,41.11854135070424,user,row,medium
1788982981795,-10.191517916870117,0.6426938369417563,5.269787491607666,52.329975854389176,-20.1537316084772,36.05247393008989,user,row,medium
1788982981812,-9.885510770747064,0.6464348866336047,5.323657905744016,38.52846873063829,-15.563943523971592,36.31130394868752,user,row,medium
1788982981828,-9.227401666802168,0.9949407196596264,4.813991058294475,28.242075774552145,-10.838601797650623,40.77604151477395,user,row,medium
1788982981845,-9.62723509761393,1.086070166479796,3.811869487220049,28.571731439748227,-12.570509813602309,37.56486564253289,user,row,medium
1788982981862,-10.505757469287516,0.8264489970218389,3.225887754113972,39.64972624516592,-21.657486546714715,27.70809500033513,user,row,medium
1788982981878,-10.322149791386725,0.2786252912659198,2.583343591308594,43.250878598258026,-26.199277184375344,21.84686037164249,user,row,medium
1788982981895,-10.104278609356284,0.156371295928955,3.306841697748005,32.62258174024668,-20.031449024219167,10.728176421791735,user,row,medium
1788982981912,-10.248081515613196,0.155623400171101,3.337518283301592,26.285935209469883,-13.284814412096829,4.006531337408358,user,row,medium
1788982981928,-9.916934667536616,0.7281370182864367,3.518281385426223,23.264146822534936,-14.583305944076182,0.2463233018971051,user,row,medium
1788982981945,-9.835828748211265,1.5016137921206651,3.892373933520913,12.05212150748679,-9.549929516376809,-1.9017090800391403,user,row,medium
1788982981962,-9.759514739337565,1.8694227299012245,4.023606404279172,3.692610720512694,-2.7316118554717743,0.352920196643643,user,row,medium
1788982981978,-9.865157718548176,2.1835120601929723,4.006846992658079,-0.1195771356556181,-1.395385662762214,-0.8418001111931499,user,row,medium
1788982981995,-10.323948949763178,1.70586941351369,4.1389772890388965,-12.630721346230557,5.039387847942631,-6.159295973222364,user,row,medium
1788982982012,-10.179397855487466,1.859547086444497,4.476858413806557,-26.41561830369362,13.04391534761777,-4.482254439986569,user,row,medium
1788982982028,-9.382430315950511,2.45286033148244,4.262877224951982,-29.05516027637068,15.156235872035191,-1.630859636049577,user,row,medium
1788982982045,-9.622147419086096,2.866158808545023,3.669115213233232,-16.222785278858314,10.495427480539796,0.6131110770725483,user,row,medium
1788982982062,-9.484480823627116,2.861819683362171,3.636643268695473,-6.32071852963233,7.12435730671556,1.3714721032609416,user,row,medium
1788982982078,-9.797971603503823,2.6018989464357496,4.600160091565549,2.221664595953333,4.136782617993678,0.1537272010516092,user,row,medium
1788982982095,-9.705345926776529,2.328810611835122,5.229386507636308,-2.410063624820499,-1.5492373813640437,-2.424966884146055,user,row,medium
1788982982112,-9.22515827178955,2.314594454956054,7.467815130017698,-43.97075663111528,2.0392609790735574,2.5528487294196154,user,row,medium
1788982982128,-8.449137658691406,2.42353128808029,8.7265663605839,-87.30347114091381,14.263152779562882,10.833167528392233,user,row,medium
1788982982145,-8.19774589985311,2.574515264947712,7.395838273565471,-102.32093976712916,20.714307431774944,18.441715664709527,user,row,medium
1788982982162,-8.475324823871254,2.4025816582277417,3.2110742158636447,-66.33684627591484,2.019606042519788,17.78878373100216,user,row,medium
1788982982178,-9.276933467212318,1.540669206701964,0.3052612961918115,-36.35982219745671,-7.7748760492118,14.242125188429352,user,row,medium
1788982982195,-9.393351522937415,1.3163622925356029,0.1792667260870337,-31.865513327358716,-4.134756613131123,7.58395689398431,user,row,medium
1788982982211,-9.660902973937988,1.0238209233157336,1.6935992761358618,-57.51804069886371,10.82345585316612,4.928142849383342,user,row,medium
1788982982228,-8.749161638751625,1.2033859747622162,1.166126722882688,-57.46134329856344,20.257217512139352,5.042797392998938,user,row,medium
1788982982245,-8.347683947864175,1.5161285666201263,0.0987611107423901,-34.86972422246463,15.224344810891267,7.492369179856317,user,row,medium
1788982982262,-7.831133186119795,1.469441488116607,-0.6985086266115308,-4.287258088711406,11.09382120749826,7.23190930736799,user,row,medium
1788982982278,-7.909396575495601,0.79143387080729,0.3238169435799121,8.660328112833913,15.60709495160044,10.68164661184467,user,row,medium
1788982982295,-7.90356012442708,0.3709521311771124,1.1397913814038036,17.344456019830734,15.540519390213037,13.325847627309324,user,row,medium
1788982982312,-8.499566700202227,-0.662894000133872,2.7257991746097803,20.797357409440423,16.62706929847325,8.529178235485913,user,row,medium
1788982982328,-9.833286077991128,-1.7624314048215746,4.494814633996785,9.254405160236928,19.57345068942396,-3.131740985637223,user,row,medium
1788982982345,-10.152463671332598,-1.90353915371038,5.390247223939001,-8.379934333252903,22.590688462824385,-12.178534648645384,user,row,medium
1788982982362,-9.195531779810786,-1.2448346411556004,5.273678653827309,-5.55870207157751,20.29986350576962,-14.48238648399466,user,row,medium
1788982982378,-8.691552330347895,-0.6636424073483794,3.518429853986204,12.176402775850695,11.541467536832664,-17.894009625355377,user,row,medium
1788982982395,-8.552089499121903,-0.3236656254757195,3.1845880677372214,25.28941060956502,6.198377034992708,-16.648534875487304,user,row,medium
1788982982412,-7.6550097264945505,0.3711014034546911,3.7198417763859033,29.87861471289659,5.238551468385149,-11.208685352544007,user,row,medium
1788982982428,-7.501782573810219,0.6929721814028919,4.578313001416623,29.619306581057057,-0.7760053258052403,-7.974081077676161,user,row,medium
1788982982445,-7.593061512103676,0.7347209997866302,4.891504798346758,25.396017909677877,-8.8946377523112,-8.02464582187541,user,row,medium
1788982982462,-7.793875176349282,0.2660559517458081,5.003283796094357,19.12237987399444,-14.7681598913207,-8.20848377848089,user,row,medium
1788982982478,-8.654141175842284,0.4507087547853589,3.764882402856648,15.63225224586089,-6.210025068848518,-10.655851548670473,user,row,medium
1788982982495,-8.72013135910034,0.5421372576173394,3.120244190381467,14.707979094543717,-1.0684442507092733,-12.902312719518712,user,row,medium
1788982982512,-8.541013978356123,0.9687541390016674,3.0268700333744287,16.006005319885865,-1.1848412396151629,-12.202664853209397,user,row,medium
1788982982528,-8.404695874896644,1.0259157767031342,2.8378774475649,17.62369635121566,-1.8131371078731189,-10.82264476820218,user,row,medium
1788982982545,-8.545055362701415,0.8493434042666107,2.7543799569278957,18.2466608299396,-3.2675543880844606,-9.701038060253232,user,row,medium
1788982982562,-8.724021352276205,0.7282864366944879,2.800916959436237,14.890772032206185,-5.96343090726214,-9.316005782587627,user,row,medium
1788982982578,-8.711004049792885,0.9992804293643682,3.254767811639607,7.422824193727247,-3.490347901734284,-7.341190626540901,user,row,medium
1788982982595,-8.662819572338462,1.0553943115785718,2.9659669441223144,2.644301760754913,1.709550245477294,-7.186996544706925,user,row,medium
1788982982611,-8.849568470874429,1.0896614689700306,2.2985835236147043,8.443343248186363,1.9949351857942903,-6.423889390819019,user,row,medium
1788982982628,-9.114726304736733,0.6973115257814526,1.873164108386636,23.159339277268383,-1.1379070611248914,-6.835472321335756,user,row,medium
1788982982645,-9.381381683680416,0.410157183362171,2.1767793909370896,29.461396022540946,1.091002764712239,-8.334651032829365,user,row,medium
1788982982662,-9.623643795123696,0.2467528469912707,2.9834754205450413,32.25239231742116,-1.2484021262576552,-12.36247335054112,user,row,medium
1788982982678,-9.906907194519045,0.3697549572817981,4.097975708825886,26.220575421754734,-2.758157812567852,-14.50388279685998,user,row,medium
1788982982695,-9.839872470644115,0.535852697455138,4.468778859986364,12.894605704814,1.0195763816319476,-14.215479766703483,user,row,medium
1788982982712,-9.649680153656004,0.6753147249635308,4.926818396051228,-2.485279802394795,9.986368359056868,-11.12424884647702,user,row,medium
1788982982728,-9.13657164131999,0.8457518095154315,4.525490342767537,-3.3475997228453678,6.293542487585318,-9.612072284992877,user,row,medium
1788982982745,-9.044846712824702,0.8441061612002551,4.321834733094275,2.987366794839021,-2.617274275322349,-9.390146632254469,user,row,medium
1788982982762,-9.478796932771802,0.7698860558658838,3.797205878834426,5.513742778252724,-5.154457325550306,-10.408561134675574,user,row,medium
1788982982778,-9.45380628390014,0.5214875605594367,4.058920878766477,-4.273671988678604,-0.8704777810013592,-11.26703565862343,user,row,medium
1788982982795,-9.630825815582275,0.5663785128938034,4.032135747693479,-6.543597847533601,2.402232599493668,-12.612030533566816,user,row,medium
1788982982812,-9.311500922724605,0.6513728179598227,3.3034006173834203,3.689068413654396,-3.5089917568474798,-11.910416426550182,user,row,medium
1788982982828,-8.997409838867187,0.8358758007325231,2.979884118054807,18.46412039273446,-11.095042957586044,-8.323865310356268,user,row,medium
1788982982844,-9.252242093548178,0.7202061156893148,3.223045224164426,13.884100332515624,-7.031005696234412,-11.079181550785984,user,row,medium
1788982982862,-9.661500355309247,0.3378818188874051,4.182969283239543,5.204022727696619,-3.011003945122319,-13.113149560139604,user,row,medium
1788982982878,-9.302670550537108,0.6658877020571381,3.9499847032293673,3.980962951137238,-8.798324401051204,-12.225467439753482,user,row,medium
1788982982895,-9.0464903883785,0.9150341296540572,3.855264100049436,2.221922008707678,-10.450424217872229,-7.790202139935662,user,row,medium
1788982982912,-8.898051054492592,1.0914570471499114,3.34200711915344,-0.8189408554232924,-5.392594005396916,-4.411891111817567,user,row,medium
1788982982928,-9.316436625561115,0.7303813266145065,3.3059438721254466,-5.03674499162066,-1.3115393277281953,-3.1757005100222484,user,row,medium
1788982982945,-9.422530855670573,0.5060747777743265,3.164686266437173,-3.1138674477963577,-1.3969519105162629,-5.7996848058739,user,row,medium
1788982982962,-9.803210088679194,0.5008373520448803,2.7603657533392307,3.9449396796809446,-4.010265316450239,-7.947848028621434,user,row,medium
1788982982978,-9.509321834895012,0.4453218010500073,2.711883169721067,6.415915571849852,-6.550872425886488,-11.148033272714295,user,row,medium
1788982982995,-9.326762204742431,0.4668694698609411,3.0027777946472165,0.7899191148356438,-2.3677303257881714,-10.94366376746376,user,row,medium
1788982983012,-8.75305221644938,0.7574657694276422,2.632724292810261,2.3107473382032246,0.8237980270576707,-8.06123258393823,user,row,medium
1788982983028,-8.695291516876221,1.0544965590212494,1.7742542368233205,15.778672718645746,3.667258338974076,-5.126266146637901,user,row,medium
1788982983045,-8.517821903339028,1.1314102508211508,1.9852432581245896,19.43485932097523,3.251955943567444,-3.4686789131490063,user,row,medium
1788982983062,-8.801085887256264,0.7526775853030383,3.5408749100282786,7.724631470129893,1.512742933576725,-3.125389550039346,user,row,medium
1788982983078,-8.783876393780112,0.5783495942598208,3.832369546674192,-8.614727208613969,3.883278439401362,-1.678791342323788,user,row,medium
1788982983095,-8.847772819629311,0.6073793989870697,3.015947072821856,-6.930705648933244,5.432964692259922,-1.1883940052006272,user,row,medium
1788982983112,-9.355492040142416,0.8385693506654351,1.3974661660343408,1.109470635732601,6.644497243934437,-3.5690549463046906,user,row,medium
1788982983128,-8.851662228283285,1.359158702009823,0.788740686200559,17.75380974735711,5.35927719639924,0.9753910341174888,user,row,medium
1788982983145,-8.500314303699135,1.6041155141634866,0.7502832375124097,34.572474389785675,2.397794257193629,2.688256802828295,user,row,medium
1788982983161,-9.284714038085935,1.3509286886019631,1.3796584144040942,42.25574052675468,3.1752471562160887,1.525524672113052,user,row,medium
1788982983178,-9.313443288964033,1.1725605918550863,2.504185006658733,30.328631971646637,8.17113630409926,1.4254718990041797,user,row,medium
1788982983195,-9.01461816329956,0.918475867605768,4.761618773761391,5.462895434976565,10.999219672398995,1.3773665565146629,user,row,medium
1788982983212,-9.057564740100505,0.6795046144014224,5.045181740625202,-6.479746677851383,10.15943681488853,1.2786879320894322,user,row,medium
1788982983227,-9.127745945307613,0.8925886717531829,4.816386136737465,-11.138362578623203,11.711085039586177,5.657095642326598,user,row,medium
1788982983245,-9.273940715137124,1.2342112480714915,4.084658546613157,-8.678333345259713,13.428384988450494,8.103899921909655,user,row,medium
1788982983262,-10.268432814246417,1.8032831282351165,4.361937026380002,-8.479453604554573,11.689411141802433,9.29973114934278,user,row,medium
1788982983278,-10.860399759241938,2.1359275213930755,4.657471878327429,-14.192704500916076,12.612258491130364,4.086277637949665,user,row,medium
1788982983295,-13.280639531496169,4.11847613360621,5.483472035603225,-31.29101928607977,23.36607032042445,0.4090668062203808,user,row,medium
1788982983312,-12.974330187556149,7.357681122998148,6.280889949256181,-49.64854603907972,32.28488011220833,13.606652925787827,user,row,medium
1788982983328,-12.811225199458002,8.282292132358066,7.107637417767942,-78.54860296468317,33.57768124283542,23.44724711871005,user,row,medium
1788982983345,-14.240413952967524,7.567323551996052,8.476672146826981,-151.71799482587443,27.35087098410159,32.75019016451003,user,row,medium
1788982983362,-14.503175831604002,6.501305226278864,4.566192647773027,-152.4693429553325,30.491210964460446,23.67371740856746,user,row,medium
1788982983377,-17.23645805544555,5.75266840426661,0.5274731377750634,-116.2971528845652,22.896011579102296,5.585766269276863,user,row,medium
1788982983395,-15.862932736968991,4.754435949585214,-0.6503253182008862,-89.27367335794985,5.092826821121988,15.032204759349638,user,row,medium
1788982983412,-15.824624925884605,2.6635495843858457,0.513706478229165,-78.94424850254532,6.686546022899152,5.381325473926864,user,row,medium
1788982983428,-17.154005397686362,2.288109028348839,1.3260884445190428,-76.04545474708938,3.3140118407150063,-1.7325594452437745,user,row,medium
1788982983445,-14.29562789066732,1.3503302363683352,2.985869037683308,-80.043813336269,5.616355698361588,2.4534993590735485,user,row,medium
1788982983462,-11.999141339331864,0.7971197981776799,0.8861550585091114,-52.90107187655604,3.527182471597928,11.157669815859538,user,row,medium
1788982983478,-11.520748166546223,1.0131963988621078,-0.9371797278255224,-7.740066843880475,-2.741803138043668,18.033181559883555,user,row,medium
1788982983495,-11.412561348071694,-0.3591298471646383,-1.5313909446164964,23.00777054939663,-4.836934210754284,14.729162926254512,user,row,medium
1788982983512,-12.08503273936808,-1.57373838648051,-0.3272559781178832,26.003650321262423,4.893106967148938,7.107000942260912,user,row,medium
1788982983528,-11.729045464545488,-1.6117461551724002,0.1153720538035035,29.682267264826237,5.5960841237918135,2.4944350306469625,user,row,medium
1788982983545,-10.357616241565346,-1.5216644638394936,0.9904518838077784,30.39975131637939,5.940970257063376,1.2087256640907569,user,row,medium
1788982983562,-8.961647620612382,-1.7123025518337265,2.168698375812173,26.088959383995885,2.5492581843503044,2.539331998495572,user,row,medium
1788982983578,-7.926603730884194,-1.95411726656938,3.023129385541379,12.51527065868983,-5.458515576171294,5.494993482094216,user,row,medium
1788982983595,-7.274632106781006,-1.65469220225038,4.262727002826333,-7.38203686532487,-7.666445942364201,8.392403697356407,user,row,medium
1788982983612,-7.066934528240561,-1.3787605339826083,4.26167983186096,-18.22665691340792,-15.36073515087996,8.889764412338396,user,row,medium
1788982983628,-7.028478833118081,-1.3428474177487193,4.231752603369951,-31.245297999775705,-19.592307134175076,10.794719539780584,user,row,medium
1788982983645,-7.197718378448486,-1.954416468711663,4.19449225551188,-54.00016201213239,-24.97734097393443,2.580039925948848,user,row,medium
1788982983661,-7.365462132263183,-2.4359503141432066,4.30327820892334,-68.57434794611932,-32.6190471173512,2.840389661636809,user,row,medium
1788982983678,-6.465241139000653,-2.1739346142315306,4.211550942340493,-75.89516326459243,-37.640018213970535,11.482573376940582,user,row,medium
1788982983695,-6.365434610858559,-1.9587558404896872,3.263895997729897,-84.49689176944221,-37.64054413853663,11.34174853663326,user,row,medium
1788982983712,-6.924781727278233,-2.358288388658734,3.453937215809524,-96.51854380304158,-32.46952403113587,6.654004867259095,user,row,medium
1788982983728,-6.690445148137211,-2.2984334396280173,3.339911900439858,-108.53632994957071,-27.60852962525657,6.285436333700983,user,row,medium
1788982983745,-6.985681309399008,-2.221370081683248,2.936787903650105,-121.64702149538276,-21.66578181146169,4.321294628892872,user,row,medium
1788982983762,-7.620144749340414,-2.021454133462347,2.84715527125895,-127.4212497593332,-22.461985500746543,1.9143654205711735,user,row,medium
1788982983778,-7.789536270362138,-1.973420389590226,2.6952733957037327,-130.35623668720103,-27.48926598461168,-2.9338065858018965,user,row,medium
1788982983795,-7.97433637291789,-1.601720472253114,2.1610671502813696,-131.0918753815681,-22.300369564605703,-6.797538731345974,user,row,medium
1788982983812,-8.144475497436522,-0.676810589544475,1.111957618060708,-130.7923989072197,-8.124389635646045,-6.340812946170507,user,row,medium
1788982983828,-7.691970799145102,-0.1195602262083441,0.6479314088016748,-130.4768714883218,10.046573061495945,-6.943180989452272,user,row,medium
1788982983845,-6.722319711303711,-0.3420711238034069,-1.1249749205440285,-115.50899003548076,30.554069195392078,-10.559615890812283,user,row,medium
1788982983862,-5.494096013209224,-1.2125134302001446,-2.3151915440663693,-74.69757155590072,49.239871915375765,-7.16634119888316,user,row,medium
1788982983878,-4.7855602058410645,-1.6204253919187932,-2.421583880339562,-38.46999548115381,36.91394178444151,7.832618468455087,user,row,medium
1788982983895,-3.9323248356372114,-2.351255156420544,-0.2501940734863281,-11.251320247116876,20.253127936373808,12.7935095135877,user,row,medium
1788982983912,-5.05012007381022,-3.638138694885,0.840515297101438,17.463212518929748,21.5708695027552,7.957031217960516,user,row,medium
1788982983928,-4.778378185382485,-3.8027403512816873,1.4386162148073314,33.14341098521683,28.77544353929115,9.291715068578124,user,row,medium
1788982983945,-5.622782598876952,-4.0381200828000905,3.153164463208616,41.15163361723295,25.708743243468785,5.040926348053177,user,row,medium
1788982983962,-6.957100527080893,-3.98844017915614,5.618444277411699,32.52875201652363,9.220953455003144,-10.276503695941608,user,row,medium
1788982983978,-7.133973343768716,-3.7090671382628377,6.6864075631842015,8.66625757080713,2.089415698479196,-17.497035615699648,user,row,medium
1788982983995,-5.104737799182534,-2.963722087804973,7.21672323090881,-15.60849172528571,4.5145258031544095,-10.364100018273376,user,row,medium
1788982984011,-4.292804161182046,-1.7767966878477484,4.595521618109942,-17.974088470731896,11.624363835241816,1.7568107789438452,user,row,medium
1788982984028,-5.090670695385336,-1.558475277831778,3.127875708173215,1.240130660451064,9.098640988667494,-6.370044875157692,user,row,medium
1788982984045,-6.290914499664306,-1.5919941741392016,1.5753846923828123,21.082514392193872,0.8635785962485587,-22.333991170795088,user,row,medium
1788982984062,-3.864840614429116,-1.3609537869993595,2.645593711255491,25.99878551902608,1.150131285470216,-28.973785402599148,user,row,medium
1788982984078,-2.225112921473384,-1.2259808876037597,2.931851031769812,17.281234081325803,16.20421228695776,-20.678670919780405,user,row,medium
1788982984095,-0.5904705689579248,-0.5960063565794378,3.254768103900552,16.428085397383267,20.223377339896523,-3.8282369330879913,user,row,medium
1788982984112,-2.888006337085366,-0.657806686932221,3.3560733461678027,28.55676820282402,-5.6052583485076095,0.2853715467429209,user,row,medium
1788982984128,-5.354782819586992,-1.537825507708639,3.598785247205197,26.331415731605706,-13.841634485124716,-1.1889765989924883,user,row,medium
1788982984145,-8.463054540362954,-3.652803399249166,3.8434427293524154,11.514852850958064,1.019987366920912,-1.7033111878356046,user,row,medium
1788982984162,-10.130765049743651,-4.146756836999208,2.150592225757241,17.048136800426192,15.465552941430268,5.125923783405755,user,row,medium
1788982984178,-10.851270696368813,-3.487304136425629,1.4178177569285035,44.8104259367308,-6.046097113673628,7.125736578041081,user,row,medium
1788982984195,-12.161796245574951,-3.0832824601437894,1.2597992783144116,69.70390414048852,-34.83963040898156,-5.51214152577918,user,row,medium
1788982984212,-12.299463425555825,-3.656394555608928,2.4622876466497776,66.28971114045258,-39.72632340161303,-16.474926834711212,user,row,medium
1788982984229,-11.598711696192622,-3.5085530414856967,3.422812009705603,38.41074359010395,-17.104605389389274,-9.79567630761928,user,row,medium
1788982984245,-9.476998358917236,-2.8787278558041898,3.843143454144895,14.663210619628869,-0.6913655682495894,1.9973513652131825,user,row,medium
1788982984262,-10.76358422960937,-2.399588467761129,2.3250702562630177,21.37620569631525,-5.478924608298115,-5.4987231922678665,user,row,medium
1788982984278,-11.409719402644038,-2.5076270368713884,1.2662339875370263,46.30018581735896,-21.741972571653186,-19.560942905506376,user,row,medium
1788982984295,-11.134236574122308,-2.352901535388082,0.4553483972847461,64.11265664440272,-24.096203882320477,-27.64340286361136,user,row,medium
1788982984311,-10.341306911799313,-2.2818236736021933,0.5545578363165259,63.62586223206674,-10.998719361042294,-19.3837319399431,user,row,medium
1788982984328,-8.68885768443644,-1.7896655948363245,1.6210256228342652,48.43124923463254,15.139525814230756,0.733425819797675,user,row,medium
1788982984345,-8.6123928689152,-1.5191205880429597,1.567305723084509,44.8414247502789,26.893501026710027,5.9740988089720535,user,row,medium
1788982984362,-9.61466553889811,-1.5433621721129864,1.2825453631296753,50.55831357614708,22.86220043516344,-1.1129125174657586,user,row,medium
1788982984378,-10.19600879854858,-1.224783567577973,1.2011416299015285,73.19007367399804,8.825624667163744,-4.013863118595543,user,row,medium
1788982984395,-10.032154453387855,-0.3892071151182055,1.1041764626652002,95.92099787331384,-1.4982890793542143,-3.0374378444273264,user,row,medium
1788982984411,-10.423607593867182,-0.298227452032268,1.209970833045244,114.57935347811784,-8.60941076011876,-7.846902101556877,user,row,medium
1788982984428,-11.439346479144692,-0.6271308320309966,2.3558953103765843,112.9789377027463,-7.087066181394584,-15.48144849917618,user,row,medium
1788982984445,-10.92953057861328,-0.5556040939664468,4.6019557428106665,90.18397364977244,-0.4863349753925896,-15.91118180363858,user,row,medium
1788982984461,-10.606015248328449,-0.4846759428495541,5.40745467158854,66.16779226376785,1.5656604645016337,-15.493080311332712,user,row,medium
1788982984478,-9.765050746154785,-0.244507515749894,5.467309128570556,48.588732906325525,1.345350471667051,-12.796766660048153,user,row,medium
1788982984495,-9.503035886493326,0.3205239299165084,4.307468354089558,43.50729756007865,0.5583021173560753,-10.295866428464947,user,row,medium
1788982984512,-9.440187508392333,0.5596449668550864,4.072388263104855,44.183015004857175,-3.939404238245472,-9.997899425923142,user,row,medium
1788982984528,-9.898976986041664,0.6016930239137261,3.41862157227844,48.0834081907713,-8.327243692674486,-9.75412912067174,user,row,medium
1788982984545,-9.656114570617676,0.7890393403535708,3.3098350343450904,48.23682789990813,-5.17519036477588,-5.110734296465292,user,row,medium
1788982984562,-9.620500820922851,0.8530842347627505,3.193865306909382,49.12136130308687,-2.5871219783445047,-1.6785453487919615,user,row,medium
1788982984578,-9.704299632593989,0.9828201468203216,2.852691862598061,56.95393196021777,-1.5105883290587034,1.735610618812066,user,row,medium
1788982984594,-9.808445651245115,0.9050085745989344,2.776825889752805,60.199142665093,-2.880385114982288,4.053969989401859,user,row,medium
1788982984612,-8.813806252619624,1.2996028991808182,3.706823597119748,62.135009521171376,-9.711905744996368,12.694442742318545,user,row,medium
1788982984628,-9.21094328395426,1.1373958737025502,4.029441978564858,54.17081770363975,-6.341513040560434,16.138171187872906,user,row,medium
1788982984645,-9.817425661036372,0.9479545714445644,4.188507628144324,42.94934282187489,1.3452097057371253,16.459738201544397,user,row,medium
1788982984662,-10.281749976459144,0.6717236234026961,3.928437180548906,37.9358098012617,-0.5764857351130888,11.126755525902414,user,row,medium
1788982984678,-10.344896460723875,0.6325183520219289,3.762189510510862,35.93440728009705,-5.325737979366716,8.130279820031536,user,row,medium
1788982984695,-9.90840532412231,0.8203137822024523,3.8554134453922506,30.819432289930827,-7.00386380513325,6.90162825297603,user,row,medium
1788982984711,-9.57650794993937,1.0577884584398007,3.4567788689762358,27.73827077608825,-7.016574360291821,5.635850765800097,user,row,medium
1788982984728,-9.27648396987915,1.1987473186435178,3.601777999280393,24.41493465993912,-7.575152780144164,7.155340752338031,user,row,medium
1788982984745,-8.916906561610102,1.1730094316011297,4.070592611859738,17.41837915721778,-9.262253047593273,8.777897866564635,user,row,medium
1788982984762,-9.14315628040731,0.8922893965456634,3.73151321721822,5.976300691205736,-4.319521341029607,8.899698068712533,user,row,medium
1788982984778,-9.312996129718424,0.8119338571961968,3.6026755326420066,-0.5437953291674971,0.7932867182615775,5.145455989997875,user,row,medium
1788982984795,-8.88653012804687,0.8614640501711517,3.652505731476843,-6.791609273372757,4.035450785241014,5.398641284133316,user,row,medium
1788982984812,-8.966884352222085,0.8909426946444436,3.1245836808905003,-10.808258682262842,7.148285593812231,4.643188210984055,user,row,medium
1788982984828,-9.14944105976522,0.9059062723573296,2.772934727533161,-4.0743017550136935,4.150134784047406,1.979108570270313,user,row,medium
1788982984845,-8.83490515474975,1.215506584134139,2.640506617249548,3.6379529854533135,0.1362450917471235,4.9373367108930015,user,row,medium
1788982984862,-9.514409513422846,0.9083005836153404,3.1545112016424537,3.366163323235816,3.270720607651585,6.941166510533941,user,row,medium
1788982984878,-9.720162387636304,0.8228575484011322,3.3659500125378368,-4.166551143717532,10.76190133459232,6.271198804376091,user,row,medium
1788982984895,-9.853488323542477,0.6102226230563595,3.066075377820432,-4.850216794255843,13.05469594744899,2.1791340752087214,user,row,medium
1788982984911,-9.734227153345945,0.4664207031801343,3.470695750647783,-2.363647153324973,7.616565924629244,-4.906591041231012,user,row,medium
1788982984928,-9.628432198444008,0.3639189446046948,3.942802390509844,-9.97513013655126,7.70882726616413,-6.701665927287444,user,row,medium
1788982984944,-9.42208311190307,0.5759553925996646,4.483592398236691,-27.597343482943376,16.578110502502597,-7.540255636127276,user,row,medium
1788982984962,-9.119813983264564,1.2372040732119232,3.47892581885457,-37.86790064543885,24.745785608239952,-9.191511070812158,user,row,medium
1788982984978,-8.563609841045738,1.7341505370317958,3.047070817621052,-28.3693648874718,18.158628229274598,-5.503065485032702,user,row,medium
1788982984995,-7.814674803271889,2.01666638772916,3.0330057596504685,-19.564784886914502,11.965569350324389,2.052364056665992,user,row,medium
1788982985012,-8.358308217731118,1.9174566199038177,2.987365998242795,-13.71598632515316,15.008307634991056,7.840596983179308,user,row,medium
1788982985028,-8.335413079833984,1.857152629056014,2.561346863555908,-1.3698671155276945,14.492262937534498,14.080105417353831,user,row,medium
1788982985045,-8.367734802246094,1.7399863853121176,2.7368726495489475,11.456603290168902,6.025711987208901,18.64547728312393,user,row,medium
1788982985062,-9.261370571899414,0.9389763289187104,3.641281742151081,10.653270590937852,1.6348663957714358,19.493655296897995,user,row,medium
1788982985078,-9.938330506786704,0.5918169420655817,4.05398196105957,0.5087692653300254,5.1387722230081945,14.19737549653472,user,row,medium
1788982985095,-10.83301490871012,0.1837551966127008,3.485060083825886,-1.8459004581046123,7.951695132671444,7.696783081336458,user,row,medium
1788982985111,-11.82406358936727,-0.1390129685666412,3.008015403039753,5.596789340823618,-0.358786795532155,-12.227847760679232,user,row,medium
1788982985128,-11.277438007354736,0.0471362105105072,3.3125276344299315,5.886926812142473,-4.269508561492658,-19.00922242246755,user,row,medium
1788982985145,-11.017219967982172,0.7046439875613898,4.2006282740488645,-4.277421762532941,-2.773407703993786,-23.097987103048744,user,row,medium
1788982985162,-11.17254204711914,1.0809821956910193,4.595072413037717,-22.585099660536024,5.426696286149143,-25.283702278966185,user,row,medium
1788982985178,-11.897237546649574,1.9861402252306228,3.975573025733232,-31.72328146808237,17.18371776299824,-30.33779808551279,user,row,medium
1788982985195,-12.433987631335851,3.9175128591563086,3.7410903161197897,-25.733683679223088,13.313841008522088,-27.8925049852836,user,row,medium
1788982985211,-11.998992286249994,4.649390497876331,3.3364705278143285,-4.772360321680513,-0.8623448933297252,-13.02905541730476,user,row,medium
1788982985228,-11.59407059238851,4.966023366037896,2.978686432702839,22.29311761125444,-10.560139254057436,9.35523838918018,user,row,medium
1788982985245,-13.128006253051757,3.6511577144013714,4.094234476470947,25.946602873767187,-11.490474198262994,18.537778860291173,user,row,medium
1788982985261,-14.33363525750041,2.932897417283896,5.3326355774477125,4.244896828592164,-5.372432994514331,15.819532617808056,user,row,medium
1788982985278,-15.966481958770752,1.5616182337663136,7.173178688214719,-45.72831798381589,6.0278976477433055,7.047811376687228,user,row,medium
1788982985295,-15.534478196716307,1.21999574877955,6.632987523163854,-77.85296868828488,9.714945179177024,3.695590390538112,user,row,medium
1788982985312,-15.668105161395667,1.1941082697991747,5.046828046527505,-88.5692144771439,14.109482914747703,-2.46653776331228,user,row,medium
1788982985328,-15.914109381976722,1.027711423381674,1.0577893900215625,-67.01169628666878,19.10480067461812,-15.828107920311009,user,row,medium
1788982985345,-14.732121949878334,1.1139027973117306,-1.0987886321470142,-31.47515094081956,23.184602439460967,-21.05515777702068,user,row,medium
1788982985362,-13.997252846857904,1.0657192514390683,-0.9531909514278172,4.792213547163625,14.68944025358901,-23.922848558543677,user,row,medium
1788982985378,-11.819126132965089,1.1667246522432193,2.158971639306843,28.8098028059109,-0.172187067944038,-11.096500349200197,user,row,medium
1788982985395,-10.576235027092697,1.4821607757677324,3.9736271523624658,31.030297305082044,-2.1391580452136947,2.265601708780144,user,row,medium
1788982985411,-10.827928399226067,1.3512279638094826,4.955249833026528,17.267611269026215,-9.686786016776354,3.8858555551525726,user,row,medium
1788982985428,-10.455181128260492,0.663792666006647,5.966052430945634,-16.683240774207434,-15.663903342474727,3.515050348084692,user,row,medium
1788982985445,-9.476848136791586,0.8156749616869725,4.52040237197876,-38.058199960999154,-14.516054193960944,5.939675936215658,user,row,medium
1788982985461,-9.31523894020915,0.7727289876742288,3.4041064324527976,-43.813190997152255,-20.567477147639888,0.4117065676128849,user,row,medium
1788982985478,-8.966434854888915,-0.0188539727475494,1.7404352615907788,-44.551210012445054,-38.37476215355632,-11.060559040013944,user,row,medium
1788982985495,-8.729558528137206,0.4899139165682717,1.3789111031681298,-49.429334532762745,-40.21039939865934,-11.093587273519187,user,row,medium
1788982985511,-9.081956838557124,0.7357683534150943,0.543634291242063,-49.075052620514185,-34.30116561557443,-11.477964706798115,user,row,medium
1788982985528,-9.146299254608154,0.6730702339723705,-0.3072060005187988,-43.899551909017895,-27.705671990727076,-11.66745037607355,user,row,medium
1788982985545,-8.380604220691323,0.3272577316835522,0.2771294266849756,-42.267399659667895,-33.7557101235518,-12.00183680104351,user,row,medium
1788982985561,-8.648754222106932,-0.1632542603757232,0.7043450776800513,-40.64763054328312,-44.21522617698296,-16.99280373041263,user,row,medium
1788982985578,-7.749582445636391,-0.0257373755857348,0.5784992683961987,-35.312071178776755,-38.22108289723104,-2.6222993735607747,user,row,medium
1788982985595,-7.606678534045815,-0.3838200883176177,-0.3936950741872191,-18.96312547575913,-30.112972163698068,8.244066502735716,user,row,medium
1788982985611,-8.49058785945475,-1.0745474134031685,0.2714434900030493,-3.680973785714285,-39.13953160473348,4.761233516635739,user,row,medium
1788982985628,-8.44045867767334,-1.737142576720938,2.1733368492677805,-6.218213611889717,-52.08827936532453,1.2406622412675614,user,row,medium
1788982985645,-7.302167179438471,-1.1905164832517503,4.480300663214922,-30.497600606429,-45.19073428481169,10.70536444373754,user,row,medium
1788982985661,-6.343436129540205,-0.7224500586912036,4.588487189428508,-58.16617783977373,-24.49944971318157,26.841396928626583,user,row,medium
1788982985678,-5.595549139514565,-0.7320267922665923,4.253001435364783,-85.29124960010387,-8.341557207853894,43.28352007230152,user,row,medium
1788982985695,-4.82042635203898,-1.1303622396055608,3.609709084540605,-90.18146697034706,-12.70822350274269,56.0959167664916,user,row,medium
1788982985712,-4.73707820674479,-1.5469531092770397,3.096901016455889,-82.58165208465728,-18.97746033527969,66.7661100048718,user,row,medium
1788982985728,-5.193472898212075,-2.5306710086546835,1.8653835375130172,-69.01839903462935,-20.05430454472932,67.79943566402468,user,row,medium
1788982985745,-4.9024300969868895,-3.850923550094477,2.6812080454722045,-67.43819378901189,-18.39390604806673,60.784435235449735,user,row,medium
1788982985762,-4.560805694037676,-4.108599540301412,2.7433073587715624,-72.46358060292964,-7.679490749905279,55.80583180225199,user,row,medium
1788982985778,-3.662230714416504,-4.570081727633439,2.1933882881715894,-73.35226334602916,6.952109327357948,49.21295413985674,user,row,medium
1788982985795,-3.018189298790693,-4.906018111541495,1.3926771781921383,-53.77543171296605,20.095885028849064,35.93435946877286,user,row,medium
1788982985812,-2.680160874506831,-5.019892583731003,1.2403472666084765,-28.81879474995322,23.179158778692468,23.99276578998251,user,row,medium
1788982985828,-2.1721377026110886,-5.368547871697694,1.647958930206299,-2.51434097665273,32.36091036295432,10.042603014040877,user,row,medium
1788982985845,-0.9341904828816652,-4.760570726013183,3.7363036663651465,13.14584482192281,46.589300894736425,-0.4233239189782832,user,row,medium
1788982985861,-0.7577654099613428,-4.18611163638588,4.7694005136787885,13.042405875811196,41.86310368722192,-4.907088791266777,user,row,medium
1788982985878,-2.5604507914990187,-2.961626978689245,6.031295010706782,13.905195371767208,31.137681539212984,-15.057413280028864,user,row,medium
1788982985895,-3.8961142890930174,-2.3280615105008704,6.34867549149841,15.700262146974,14.240800985504016,-22.89196127692448,user,row,medium
1788982985911,-3.92050404946208,-2.1205140810208394,6.268319513757526,11.46394232843208,7.757189274356051,-16.57987952149763,user,row,medium
1788982985928,-5.932980766949057,-3.1470279332149773,5.425260961914062,5.412976570540703,8.646390258058855,-16.273502848540247,user,row,medium
1788982985945,-8.204632736757397,-3.6068645818296816,4.632782258228957,-4.378636201409244,3.5717255502701657,-29.314844068614565,user,row,medium
1788982985961,-8.82787218737304,-3.400514399310201,3.631257484003901,8.745814760485793,-12.206762112937756,-41.00242130462485,user,row,medium
1788982985978,-8.03045281241536,-1.7981948651853947,0.9888070392102004,37.20233286176696,-20.27332822084412,-34.36813220529182,user,row,medium
1788982985995,-8.340798864525556,-1.3174090981747957,1.8146555130556223,49.6320374718558,-2.3240508391591166,-13.423709723963622,user,row,medium
1788982986012,-9.228750158801674,-1.5336356548033654,2.7548294542610643,37.01039771590042,14.77363599548776,-5.777824358548451,user,row,medium
1788982986028,-11.226412168994544,-2.3086087316099557,3.726725106158853,21.65765559389667,17.493260228635926,-13.797861510281397,user,row,medium
1788982986045,-10.496033363130689,-2.1109377493042496,3.146580993165076,14.129379255799952,10.951786569934198,-20.509832058592277,user,row,medium
1788982986061,-9.71058265838623,-1.468692934771627,2.015170194354653,28.08563199916029,9.652866443584424,-14.912312741301111,user,row,medium
1788982986078,-9.616161330413815,-0.6314702494747937,0.1231517478942871,55.59403788137365,10.926655742656784,-4.686594063159487,user,row,medium
1788982986095,-10.084379146143794,-0.5973530584806576,2.222419152344763,74.32097541563374,1.7097124624700817,2.7855364124124367,user,row,medium
1788982986111,-10.909328917583824,-1.2485758004453031,3.876961260333657,60.05997756075399,-4.285249586208598,-4.988096969257244,user,row,medium
1788982986128,-11.175235523986816,-1.4149729619566351,5.554848295813799,31.143883350979355,2.979600869752716,-11.378654610039778,user,row,medium
1788982986144,-10.306738287243247,-0.7365158107815309,4.919636375592649,13.785010509358017,16.716416710553478,-2.3535847905736635,user,row,medium
1788982986162,-9.36596550336182,-0.0918771964475512,2.9122470443725583,21.36239676136077,13.166262818672916,5.8305615297905895,user,row,medium
1788982986178,-10.54645831298828,-0.2024594221586361,1.4531319391548632,40.465442077362205,4.846159235002032,5.424409453437659,user,row,medium
1788982986195,-10.155605476489663,-0.1979701113827526,2.2848177408516404,49.70518538277205,0.7005663133092725,15.431080976689213,user,row,medium
1788982986212,-10.673201947894691,-0.4819825025144964,2.865561281043291,45.37772778881372,3.300273342086349,13.989882033512549,user,row,medium
1788982986228,-11.001057353210449,-1.0456674106764607,3.971531933648884,34.11495416823237,5.832372383694289,10.91587599659921,user,row,medium
1788982986244,-10.575338955035804,-0.761954513947945,4.158878798078001,27.461342463737378,3.19263254897471,6.839231059813378,user,row,medium
1788982986261,-10.73814408340454,-0.5627866989469156,3.558232872064412,32.43300983983298,-7.404270838620554,1.8962237978053853,user,row,medium
1788982986278,-10.106824786707758,-0.0402521592183504,3.706075409100949,31.802040379401785,-12.69709712458474,3.1429213649782994,user,row,medium
1788982986294,-9.963023049494623,0.0252891728772199,4.113988101471961,20.38215362488993,-8.805333028913283,3.747251806985973,user,row,medium
1788982986312,-9.305662133568523,0.4044708162803377,4.990563722991944,-8.774671455955449,-0.0849238240560146,9.123581424421795,user,row,medium
1788982986328,-9.621997196960448,0.4701615542258718,4.13388931825012,-20.51444755892391,4.723105266254613,8.73916642510243,user,row,medium
1788982986344,-9.993998033472897,0.4393362672168645,3.1209926706612108,-19.366178353776167,8.535956344463504,5.591995828686738,user,row,medium
1788982986361,-9.465178741785884,0.8482959730063332,2.4163491945564743,-11.99676880067936,12.426417581550782,9.347563817874024,user,row,medium
1788982986378,-9.69905997837484,0.727089427195955,2.117223332379758,-5.547130023576217,17.17179396025469,10.235540490168104,user,row,medium
1788982986395,-9.895832258275153,0.6147115319734439,2.4796450241640207,-2.7828395549073397,17.542813251064366,9.070794307421352,user,row,medium
1788982986411,-9.689333534130451,0.5017352324663661,3.311930253058672,-3.179275260279104,12.714205894681976,3.698359178472906,user,row,medium
1788982986428,-8.711152518352865,0.7882912710657809,3.339761970575154,-3.2182673161468256,11.448905666974298,4.364159188576579,user,row,medium
1788982986444,-8.568548466491698,1.00706141122994,2.8718451836183667,4.773187628343732,10.769263424743947,3.5788959682382098,user,row,medium
1788982986461,-8.233060958862303,1.3210009760537649,2.297685697992146,15.27106159726686,6.43700847666732,6.93673884040448,user,row,medium
1788982986478,-7.913582921269535,1.565508994127158,2.47710089263916,20.87301199978207,-0.343540639365923,9.790068722310702,user,row,medium
1788982986495,-8.469786478966475,1.36649078019727,2.2565350646972653,22.38665875948506,2.841193062637932,8.810775835908137,user,row,medium
1788982986512,-9.541343113055824,1.5667059488267636,2.4597438073858617,17.095452935901456,19.91744462923519,13.521258485689744,user,row,medium
1788982986528,-9.311650560328363,1.2590511085619218,2.686295431739092,17.752518841603976,20.547628617911837,14.848252397075562,user,row,medium
1788982986544,-9.87084394749105,1.062427352020517,3.1682772766664624,13.917756943424507,17.21259238771447,11.651153544713898,user,row,medium
1788982986562,-9.800814133453368,0.8261495026186109,3.8495778711065647,-4.899675901583198,21.70051332339121,11.636575359704151,user,row,medium
1788982986578,-10.072556606402992,0.7817073169650509,3.503466093610227,-19.02593760291386,32.025746150192624,10.16585292384011,user,row,medium
1788982986595,-9.81278455723226,1.1239283706331624,2.607435537774861,-14.06923687883705,35.32889051960791,12.003298461525892,user,row,medium
1788982986611,-9.178173817774653,1.686865145575255,1.3629001718267797,22.28945321476473,15.711694176097309,13.469165486663702,user,row,medium
1788982986628,-9.420136069488525,1.3450928220553322,1.741483017078042,48.90208490997279,-1.431824295097409,12.664387348649548,user,row,medium
1788982986645,-9.51305985237956,1.220594262661971,2.3508070473268625,59.83552388424904,-8.127304418874349,12.992162150502937,user,row,medium
1788982986662,-9.356839947620031,1.130362897192687,3.351285235108435,56.35595231347774,-1.754978687420695,17.08364695392109,user,row,medium
1788982986678,-9.662398180931806,0.7540240314759313,4.108450633350015,44.09252524363826,5.436364418919297,15.59199852598742,user,row,medium
1788982986695,-10.154256399968268,0.4958992380555719,4.5884874816894525,25.451409036299385,7.115635155145455,5.860247239470757,user,row,medium
1788982986711,-9.695021516638992,0.5837366575930267,4.7910976739630105,2.590340918434285,11.911947242697911,1.4037758031056342,user,row,medium
1788982986728,-8.846126805987954,1.1611882435671983,3.724031921552122,0.2373659356874565,7.780856733603792,0.7315470375282455,user,row,medium
1788982986744,-8.751555840411783,1.3724766131412236,3.127726070569456,8.015349934415024,2.107241638439283,1.8501535315234143,user,row,medium
1788982986761,-8.354567277637123,1.694197168963775,2.063652777972817,22.94532383736249,0.1521716254681388,4.627226485780559,user,row,medium
1788982986778,-8.583512811389564,1.8963576447084545,2.1874027840211987,30.45929690556356,-2.2009123468207186,5.48368055439456,user,row,medium
1788982986795,-8.345438799285889,2.152836497552693,2.663399709320068,30.40774605280289,-3.580207364558852,10.337402516355088,user,row,medium
1788982986812,-7.791631196814775,2.4497177956730125,3.196409730695188,26.344111345725462,-0.7311767132091839,25.653994154629256,user,row,medium
1788982986828,-8.585907013049722,2.3841763060305268,2.5676328119575977,32.42328706554947,0.0421027267869866,33.26147763520967,user,row,medium
1788982986844,-9.1754791718632,2.066794583129883,2.683452317267656,39.83890540970235,-5.558941128198461,34.52539389583678,user,row,medium
1788982986861,-10.67320311693847,0.6850418267950416,3.720590548926592,39.51244627303783,-13.37249355047228,24.72237854995432,user,row,medium
1788982986878,-11.651831291961669,-0.1279401512145996,4.34427978913635,24.943010735618653,-11.11042112850233,8.748367543688085,user,row,medium
1788982986895,-11.660959185791016,-0.133326374297589,4.345027392633259,6.389846020448383,-0.7558887111522602,-1.76516740867165,user,row,medium
1788982986912,-11.085900705498457,0.7917325614929199,3.670461659406125,-2.405486757746356,1.197176988143029,-10.774388627942397,user,row,medium
1788982986928,-10.03050727070272,1.8154038472048937,2.539949563001096,9.300136691824749,-6.332172756870441,-13.700196635339385,user,row,medium
1788982986945,-9.616462359187006,2.232892907825112,2.7525843056827783,15.213817781832985,-10.48228875789763,-10.204469105860069,user,row,medium
1788982986961,-10.305392133331296,2.380584930475056,3.2350153556823726,12.634642728587789,-4.327895152952043,-9.993393208618226,user,row,medium
1788982986978,-10.663175643920898,2.406023323114216,4.121170414191484,-1.4765507216601796,3.0251879001509083,-9.461106321315375,user,row,medium
1788982986995,-10.896761112433673,2.707992299762368,4.428825035260617,-14.906973240917454,9.109243149806646,-7.551775603936149,user,row,medium
1788982987012,-11.379490853118895,3.826682733209431,3.84628525930196,-18.732864430912368,9.998673798620292,-6.51873809338887,user,row,medium
1788982987027,-11.253197300067542,4.523993966729939,2.880225181689858,0.9936801462806674,-1.5405451118715563,-0.2712005317211576,user,row,medium
1788982987045,-11.81747953480184,4.609287547003477,2.8917466926574704,14.073925803702265,-7.152178374752316,4.777856489528259,user,row,medium
1788982987061,-14.57590029155314,4.304026543072611,4.12401294414103,14.966319047068405,-4.498270379816603,2.1206749129894056,user,row,medium
1788982987078,-15.894208749720454,2.940080077063292,5.767482746234536,9.135215797899267,-3.0503366566748955,-9.3013430739869,user,row,medium
1788982987095,-16.239270725902912,2.665794057110697,7.309348615375161,-12.22201990176992,-10.53760304489098,-20.98263141331889,user,row,medium
1788982987111,-16.055518086573482,2.5326169550906865,8.432079556384682,-40.453834170867765,-13.817867134360364,-31.667246596131584,user,row,medium
1788982987128,-15.173105137202144,3.643227250195667,6.964883143781125,-67.51223986980399,-12.730263669420676,-35.59618997277636,user,row,medium
1788982987145,-15.205425106048583,4.254795698370412,5.6440314308717845,-66.3801769960094,-12.07280758916182,-38.41065821273932,user,row,medium
1788982987161,-15.48150706950724,4.796783391449227,3.072808485467732,-40.12870009090224,-23.220624857143616,-40.485389644833226,user,row,medium
1788982987178,-14.517991707941889,4.190002981268615,3.203742850062251,-19.14629578137324,-40.90014946708767,-43.48937855879112,user,row,medium
1788982987195,-14.181456737086176,3.6806363954072814,3.012356062592566,-14.791619883572402,-34.630093865623905,-47.9715057865044,user,row,medium
1788982987211,-12.479028550067545,3.5483570459445937,2.3240225007757545,-3.933061553827469,-31.830641796551213,-46.75820464272167,user,row,medium
1788982987228,-11.627142840906975,2.42143603283409,2.902072856360674,6.099858386404444,-32.67644119694682,-39.59698352439508,user,row,medium
1788982987245,-12.091767600581049,1.1296144991113335,3.901053791321814,-6.924876082476637,-38.21948463296525,-48.77123897604285,user,row,medium
1788982987262,-12.559085837122796,-0.2935886680494062,4.8430222147285935,-30.77023102224464,-39.56305455969304,-61.08799616292178,user,row,medium
1788982987278,-12.140547705841064,0.4580411800326779,2.84072085429728,-43.309317696796654,-36.99894007356773,-67.72614773423045,user,row,medium
1788982987295,-10.888979372516276,0.7372648390505463,1.7226289712652565,-41.58561700690639,-34.679059491783725,-64.29524809148467,user,row,medium
1788982987311,-8.596979611206054,0.941819443390146,-0.1101329841062426,-28.75419140568865,-33.52874976762144,-59.18907380006401,user,row,medium
1788982987328,-7.715913400268554,1.0856212536685168,-0.4595362043634057,-10.538660870438685,-41.11349725600218,-48.81847997943724,user,row,medium
1788982987345,-7.373392925262451,1.745074173437804,0.4923083008915185,4.659786424440833,-52.600861156871886,-30.31523455558965,user,row,medium
1788982987361,-7.3294000542789695,0.3206737501833587,1.919701110894978,-0.1737010087220404,-51.86569374555756,-19.390898515929734,user,row,medium
1788982987378,-7.273435590472817,-0.4080613801266998,2.9382845719486475,-23.7621512828462,-42.69324487894527,-12.21787141562278,user,row,medium
1788982987395,-6.334459626880288,-0.9280520531918852,3.888483063562214,-56.45060849009036,-36.73190016758774,-0.1089375818988026,user,row,medium
1788982987412,-4.777480359759927,-0.775571627221629,2.789545086072385,-64.95223032736986,-41.66814959774224,10.75539387186059,user,row,medium
1788982987428,-4.1103953376770015,-1.1040260944090785,2.4105136202707884,-67.53234111653134,-48.15191157305194,20.681449099225308,user,row,medium
1788982987445,-3.1587019313305613,-1.3839980510436,1.716195431086421,-68.56020945453739,-48.27510086492229,33.72281251741443,user,row,medium
1788982987462,-2.54728268236816,-1.5351321769714354,0.984018051367998,-68.60319866517345,-39.10019313020879,45.845708445080895,user,row,medium
1788982987478,-2.2890070092350245,-1.828122459002584,0.99883188187927,-73.19021710797061,-29.034864369251988,53.265964487680215,user,row,medium
1788982987495,-1.2792536281079052,-3.1756090808592736,1.703326597163081,-94.14363921730396,-17.270961476814104,55.05317227647326,user,row,medium
1788982987511,-0.1671457879215478,-4.122814966528117,1.4312845567449926,-110.48651288214944,4.260680541990417,49.57829412837155,user,row,medium
1788982987528,0.497096704211831,-4.283675244439393,0.3085530312135815,-102.2743032354763,22.74331587001749,44.95717255104852,user,row,medium
1788982987545,2.014121562084556,-4.5572130763731895,-1.354219729503989,-49.470090271540215,21.38317078172137,42.95476599207588,user,row,medium
1788982987561,0.9552870469242334,-5.8464903781063855,-1.0108011366143823,-3.122030164184757,18.811836785643347,32.668951894521896,user,row,medium
1788982987578,-0.3332435280948877,-6.463146943200379,0.0574620088875293,22.369943579038743,19.87950975858494,9.082573822418686,user,row,medium
1788982987595,-0.1900409258186817,-5.578938780975341,3.445257358008623,32.53561977173408,22.71493131137421,-0.870019357914175,user,row,medium
1788982987611,-1.2626421005249022,-4.396502289935201,4.514567089954018,38.56506146911663,25.631707247367505,-0.1132015275913814,user,row,medium
1788982987628,-3.0808874547660348,-3.992181338445842,4.775085281316936,50.857158257997234,22.823205177644542,-1.8598445027386048,user,row,medium
1788982987645,-6.847116888317466,-3.340808776214346,5.581183637292683,74.85238462362824,-6.9294198658219885,-18.76388885766986,user,row,medium
1788982987662,-8.382998422351479,-2.6443955144468694,7.378780755780637,73.16075850208036,-23.44446893926515,-22.985413632695884,user,row,medium
1788982987678,-8.52904413909912,-2.2851153355587277,8.130410439465939,51.39858735350414,-19.021439923345408,-16.990850296310004,user,row,medium
1788982987695,-9.938481313434243,-2.8134860066954044,7.190985270801186,15.094825641207608,-0.2333641918857695,-14.488477305187018,user,row,medium
1788982987711,-11.411214609637856,-3.218854129150137,6.667852500317991,-16.988290682918542,13.537320529296675,-21.47001492947079,user,row,medium
1788982987728,-12.326398194232585,-3.3514332652769983,5.848436982129514,-29.92919567879512,17.419905704497282,-32.39330936528228,user,row,medium
1788982987744,-12.36066462097168,-2.326265968853608,3.449296696527302,-20.60610699003819,10.256720053010666,-37.81716600028399,user,row,medium
1788982987761,-10.584915761676433,-1.0827775546751917,1.795801174981892,4.386011951939212,5.401772925867767,-29.19574947515164,user,row,medium
1788982987778,-9.849448108240962,-1.0688612575255334,1.6736980593577029,10.2286052868396,8.733534934131756,-22.774348834511443,user,row,medium
1788982987795,-9.52473450808227,-0.9807247089110316,2.939482841822505,3.519032561814221,14.861248539518805,-20.183164601158072,user,row,medium
1788982987812,-9.453952998894453,-0.9962865813106296,1.6270099579408763,15.469666422857909,20.7629930201788,-14.841094358825387,user,row,medium
1788982987828,-9.498395951732991,-1.0039182452328503,1.85775085067749,36.53387590807614,20.20052352693366,-11.524963238476976,user,row,medium
1788982987845,-9.611972062030434,-1.5834649768553672,2.4643822808414697,54.44235528918819,13.188550579708314,-12.590299432948774,user,row,medium
1788982987861,-10.153061637225749,-2.38956245604828,4.799477672034501,49.39607492659937,5.036476479808914,-23.561278834450707,user,row,medium
1788982987878,-9.855282805743814,-2.0923823211118577,5.170278777368367,37.78694924339585,5.89156152238115,-26.78154227338247,user,row,medium
1788982987895,-8.493430973926186,-1.7761982104979457,5.371990559497475,21.11577399835725,5.721159401646733,-20.920591097540377,user,row,medium
1788982987911,-7.983318720796704,-1.4911387214660643,4.102765573450923,23.292128400017184,11.223799707403602,-12.50234452568558,user,row,medium
1788982987928,-7.905057084986567,-1.2361560985289513,3.163490334650874,35.19645656669595,5.450011563767805,-6.397624325252558,user,row,medium
1788982987945,-7.586479795625805,-0.805050308227539,4.100520717133581,37.89896434578406,-4.410747482018413,-2.922101349111787,user,row,medium
1788982987961,-7.349301855579018,-0.8248023257933557,4.548684463611245,25.997066018902533,3.114011308655751,5.564065477623263,user,row,medium
1788982987978,-7.650220738652348,-0.7664433680661022,4.741416528210044,16.935768235748437,9.197759840129072,8.636700780947546,user,row,medium
1788982987995,-8.283339778247475,-0.8979748948361724,4.474015299335122,13.278138755956784,10.058722260482106,12.10748787467256,user,row,medium
1788982988011,-9.048734367913006,-1.5017625529415906,4.411766056171059,2.447936383437985,15.991503120730636,8.559219115002922,user,row,medium
1788982988028,-9.323470761981604,-1.7272665679380297,4.830302726148068,-14.581893802465284,14.578996094709904,-0.680160856359595,user,row,medium
1788982988045,-8.75903655155599,-1.3877388450071215,4.52608860092163,-29.31405518176543,14.776192193784636,-3.4928735776233077,user,row,medium
1788982988061,-8.830712963756918,-0.8620617968685924,2.216582409015298,-25.206319650764524,26.12937190576756,-4.501456236177591,user,row,medium
1788982988078,-8.479964174109696,-0.527322915649414,1.4580696878179906,-9.919379571224676,33.789632258064664,1.4598822853209985,user,row,medium
1788982988095,-7.887998398157953,0.0046389118470251,1.685069932721555,5.06904623686612,29.169132227956094,9.227121969597311,user,row,medium
1788982988111,-8.598624455803632,0.0077815207216888,2.0682906669065355,26.157536190810102,13.17057608313378,11.170701816795924,user,row,medium
1788982988128,-9.271097600665689,-0.0061348494932055,2.437896424975991,36.956104542188,4.953855950287501,6.948411206809209,user,row,medium
1788982988145,-9.476551199671626,0.0348657078064978,3.097500151392817,42.273338509151216,9.098745149052338,10.83546161817971,user,row,medium
1788982988161,-9.973945425525308,-0.1713346909787505,3.6146468332037327,45.18288981254993,19.73134246491985,18.158930465145367,user,row,medium
1788982988178,-10.367191294640302,-0.2843109356869012,4.047997041431069,44.33456324216142,20.169447873757395,19.79787192253036,user,row,medium
1788982988195,-10.146926495471597,-0.2425623364988714,5.097555194202065,40.651861845473945,12.623337057964124,21.530011311140186,user,row,medium
1788982988211,-9.922619727435707,-0.1463452842161059,5.348348110364377,33.897754152625964,8.00952207550571,25.548717033857265,user,row,medium
1788982988230,-10.428695272395014,0.0172086897585541,5.141998731562495,25.266218702238245,10.198625025251475,22.709185414734936,user,row,medium
1788982988245,-10.540773253089188,-0.0049379313262179,5.115812443165481,20.336621876335336,6.703583502896925,18.58623051471595,user,row,medium
1788982988262,-10.370037331721186,0.0998086105013266,5.267244821387529,12.486133925464202,6.325907338967424,17.653112268423612,user,row,medium
1788982988278,-10.198100802391767,0.3438676152987405,4.91918687825948,7.723861366300975,5.559971632989487,15.583476157450535,user,row,medium
1788982988295,-9.823260358539224,0.3619736557558178,4.731692129792273,1.969350150937069,5.821348458373889,16.395616385616318,user,row,medium
1788982988311,-9.688285486382243,0.4258688942949287,4.412812934875488,-0.8871199638009184,9.96755374921442,17.257891909837287,user,row,medium
1788982988328,-9.305813524737951,0.8554784546892158,4.235044338391721,-2.1871535710679626,11.93651714068974,19.09083806040732,user,row,medium
1788982988345,-8.61209476275146,1.1852797699083573,4.196138853675127,0.5189392035607628,8.292382407150741,25.82456617631928,user,row,medium
1788982988361,-8.472782153651117,1.301398349496536,4.230256227332354,4.801715194072759,-0.3163978944911154,31.121118330475703,user,row,medium
1788982988378,-8.569448045679927,1.1525091824913245,4.241479339875281,7.21678982986652,-3.668894169280294,34.97466666396729,user,row,medium
1788982988395,-9.613915597313644,0.5220858004472219,4.0321345786497,1.3986113263194584,2.7879487498499205,32.59524390809371,user,row,medium
1788982988411,-9.714323598480224,0.4052189415086992,4.4011412017822265,-12.245674554412965,11.256881728648558,33.63012002018819,user,row,medium
1788982988428,-9.32032778778076,0.7175125474900939,4.335750445722043,-21.141838000230017,13.418686119829076,32.55307773525263,user,row,medium
1788982988445,-9.485677339935302,1.2358571886476128,3.869479087884724,-14.014393874896433,7.869561254128394,34.70015794612989,user,row,medium
1788982988461,-9.247454274749757,1.3781626594210044,3.338864729474485,-2.453331805995472,3.05702234465528,37.22211308960331,user,row,medium
1788982988477,-9.153929603356122,1.304241719696298,3.2977138039186595,4.404695507526959,-3.451027996786401,36.22079711199569,user,row,medium
1788982988495,-10.043825601959227,1.1688196882937103,3.1156054246649143,13.347316619417969,1.3758807769267734,32.365141665145146,user,row,medium
1788982988511,-10.631453640967608,1.127070869909972,3.0071181619390845,19.922323091849872,4.477688458526416,29.38661569641306,user,row,medium
1788982988528,-12.547263297381996,1.1555020876895636,3.849278595899045,21.379339045596996,1.4683651668267426,17.524445164838912,user,row,medium
1788982988545,-13.73269180984497,0.744297733362019,5.412392712512612,2.1923020395982715,0.5165954881800965,-3.71511534005424,user,row,medium
1788982988560,-14.74184839412272,1.223886326477304,6.166117030389606,-17.5804561311276,7.948052080522888,-21.298281775621867,user,row,medium
1788982988578,-15.216947786059976,2.435352220385894,6.60485448461324,-30.209284661184416,6.284527491654548,-31.363658347902856,user,row,medium
1788982988595,-14.911387799182531,2.8875573146762323,6.54320408412516,-32.86289170090983,-0.6739769738397947,-39.407602869278136,user,row,medium
1788982988611,-15.838842251807453,3.50600960408058,5.801002446259558,-29.43936866246765,-5.717357547599975,-50.46383156935829,user,row,medium
1788982988628,-16.359728412407637,3.109170240518264,4.888062841199338,-23.7701221136076,-8.837178785918468,-65.69478117317696,user,row,medium
1788982988645,-15.210065625330804,3.194763182764291,4.316447194837034,-13.98165677820456,-13.933783982311942,-78.35302049779985,user,row,medium
1788982988661,-14.310592235565183,3.2160118001299907,3.83655910731852,2.305638356704055,-18.391909925281794,-80.35316626415722,user,row,medium
1788982988677,-12.996326915308831,2.974197194992192,3.4817689333260056,21.62562029914202,-26.33871891137574,-77.18393116851462,user,row,medium
1788982988695,-13.42578566905558,2.3437740068849173,4.135385694287717,34.26781038676268,-30.80546455307815,-73.78145194290526,user,row,medium
1788982988711,-13.469180574145913,1.8647842564456163,4.869656831414997,26.11643040483768,-34.36560162020433,-73.73509544900838,user,row,medium
1788982988728,-12.579434213146566,1.2208936474673449,6.124966981616616,7.367415137859165,-45.47872921116528,-69.26721599590375,user,row,medium
1788982988745,-12.006025253626705,1.4282911470826714,5.704934812384844,-23.76883974559093,-46.50798407757284,-53.48145695599412,user,row,medium
1788982988761,-11.921331538942455,1.470638588946685,4.866216335572302,-40.101802805950726,-37.81630198135398,-45.60744754116875,user,row,medium
1788982988778,-9.847202375140784,0.976984353338927,3.8141131744936105,-51.50436990827472,-34.20475408034512,-39.49959868720904,user,row,medium
1788982988795,-7.888446141925454,0.4420294815063476,3.267337370355427,-57.929101973682585,-44.94721755033323,-29.75210594908961,user,row,medium
1788982988811,-7.403771112391352,0.3562871345520019,3.225140442878008,-62.518285586446645,-55.77652004542888,-25.11677928584024,user,row,medium
1788982988828,-6.800881206843257,0.1581670933045446,2.9074595178350804,-66.46353262464024,-59.08178518858145,-17.7434483503862,user,row,medium
1788982988845,-5.822997712707519,-0.2714421748287975,2.089839358630776,-65.07862980815011,-55.13020656502725,-7.192422276228854,user,row,medium
1788982988861,-4.927265847557782,-0.5633849936336278,2.0599115456178785,-66.17587920774515,-51.40714558053417,5.905265443177134,user,row,medium
1788982988878,-3.103334264373779,-1.269974050848186,2.3973452188789843,-72.27099658909196,-53.83185249060495,18.29352788047693,user,row,medium
1788982988895,-2.42622293831706,-2.3656201471857727,1.7334020019531249,-72.49223324649785,-55.82855242652603,26.684828502282382,user,row,medium
1788982988911,-2.3217764754146337,-2.8573296054013078,1.0489596023559569,-58.22090131540387,-55.34570244843574,29.644363130027248,user,row,medium
1788982988928,-0.7179618073612452,-3.8944681293211874,0.0987619875252246,-38.181136535870216,-47.277070208305446,38.96618481869314,user,row,medium
1788982988945,-0.7453443198055029,-5.2066398382991546,1.7963994331359865,-22.481603511590112,-46.13605637160355,38.809961316902026,user,row,medium
1788982988961,-0.7064397118717431,-6.130502696172893,2.414104630500078,-18.713367655926568,-44.23304955562211,34.54993476552463,user,row,medium
1788982988978,-0.3975865286678076,-7.330595839934795,3.175758280071616,-24.363175486408764,-31.41813593672288,28.61655114108185,user,row,medium
1788982988995,-0.4207826953381299,-7.966855515643209,3.2296295709908005,-34.30654097445123,-1.9507084302579885,18.40142608634292,user,row,medium
1788982989011,-0.2904471734195947,-7.741351500646769,3.317616482001543,-42.62204698703705,18.114324207223305,8.102856610513934,user,row,medium
1788982989028,0.2130845322757959,-6.407332116997987,2.7632091600716118,-35.595097142509154,17.46355744348283,-0.7983411649690927,user,row,medium
1788982989045,-0.0178086284130811,-5.200954486139119,1.1037281343758103,-0.6865422273959438,6.898449653691035,-4.105729589819038,user,row,medium
1788982989061,-0.6991057157218455,-4.882973701366782,0.883160552868247,24.1698367366678,9.575317329521743,-4.218722689919028,user,row,medium
1788982989078,-3.1431396205395457,-4.62410137751475,0.9745914668530226,46.419464825929474,18.821506625960797,-7.305684741914236,user,row,medium
1788982989095,-5.162047832378745,-4.196436375316977,2.7804168999820944,56.6203796721002,27.897583230931502,-13.23112827144688,user,row,medium
1788982989111,-6.090549163708091,-3.96629388686493,3.751713416942954,53.808520564400176,30.25366381531657,-17.76347617257997,user,row,medium
1788982989128,-6.8619333491772405,-3.216460292816162,4.9465720210522415,51.26038872093269,20.86472527277155,-19.784206421548458,user,row,medium
1788982989145,-6.710647978210448,-2.4751554576598105,4.387075851550698,65.98275560896305,6.531707341962255,-11.698053892423438,user,row,medium
1788982989161,-5.625326438140869,-0.9347859645567834,3.1971576264530417,71.86530384296071,12.878421571575654,14.770311400909254,user,row,medium
1788982989178,-7.84654585930705,-1.3971657217830418,4.601356315612793,46.69018961896669,35.49268870118857,26.620926959955035,user,row,medium
1788982989195,-8.989480799433588,-1.9387047943115236,5.281909306555986,12.864857669657654,55.5141246680845,32.40242083763508,user,row,medium
1788982989211,-10.449642783355712,-1.9339158064693207,4.779575578473508,6.579933600144423,46.90306270973389,33.76861918108312,user,row,medium
1788982989227,-10.195259441486,-0.4920084411621093,2.4182941911444065,40.6795002059504,20.13322055039965,37.321348908054425,user,row,medium
1788982989245,-9.687540220972895,-0.1393124629698693,2.373254149195552,65.22037672399539,0.5914765595982387,47.51061828169028,user,row,medium
1788982989261,-9.11607245864868,-0.1776196164671331,4.7255569880381225,43.94254794984312,8.470673396376522,62.25471541656502,user,row,medium
1788982989278,-10.247782240405678,-0.703745431286469,6.016181028205156,6.904401736665879,31.983979543418,65.19969491118859,user,row,medium
1788982989295,-11.381137451282145,-0.9157819888792932,5.456835373090208,-12.828355431185814,50.30191168979939,55.320393182466255,user,row,medium
1788982989311,-11.89379471271932,-0.6557116143491118,3.2228952942997213,3.8075896981138655,49.91842047356526,44.5118203115016,user,row,medium
1788982989328,-10.574740404620766,0.0163107910707592,2.6186589425787328,28.107645698855247,34.11493709275945,44.59737184595059,user,row,medium
1788982989344,-10.213214200371503,0.1985693559175357,2.909852550451457,43.69853261155525,22.265434854548374,46.29872074178199,user,row,medium
1788982989361,-10.54032141766846,0.4966473712754435,4.044255516815185,36.74505511192918,22.24592441918424,43.51639195695852,user,row,medium
1788982989378,-10.265139033398032,0.8988732684480026,5.04637884145528,18.534310831740097,27.937275167745742,40.68340707415565,user,row,medium
1788982989395,-9.519944935718176,1.5200191260515712,5.13855648215413,1.523080104720422,32.740501541172364,47.82305503998875,user,row,medium
1788982989412,-8.54774942409098,2.264466040359624,4.458453280805051,-4.931604047745245,32.07884062570572,57.45437650561002,user,row,medium
1788982989428,-8.095545170050858,2.5833440297000108,4.014778662440181,2.516526423743722,13.844763565538228,62.36599968871204,user,row,medium
1788982989445,-7.955785401704907,2.5724206307560205,3.724182728199661,16.00512764057752,-6.839881635331822,66.796128686274,user,row,medium
1788982989461,-8.74078193294108,3.072060370514169,3.8395524439156055,19.25556173262052,-13.845302296709011,72.24119647374319,user,row,medium
1788982989478,-8.474426413726807,3.464260603033751,4.236540714429319,6.922882521012641,2.745228264469018,86.22223853492245,user,row,medium
1788982989495,-8.379854863628745,3.3608608727052807,4.13059699870646,-2.863387762345888,21.979541918911863,106.49749116156522,user,row,medium
1788982989511,-9.821613760375977,2.556109839685261,4.147356702588499,-14.605118153190618,40.130510091032285,119.29367981685486,user,row,medium
1788982989528,-12.779350636291504,1.523760011346638,5.438580169953405,-42.54159077370888,54.571531241866055,105.98325304914414,user,row,medium
1788982989545,-14.388105098834632,0.9479543659485876,6.422147554944456,-92.3655224102962,85.7650051813143,73.18647416430545,user,row,medium
1788982989561,-15.982943264228105,0.758813165448606,7.379380182978511,-168.4945650124482,133.27100625512563,28.59701338496103,user,row,medium
1788982989578,-15.039328534919022,1.59902831055969,7.302466162385046,-216.8097522576093,164.44478192900755,2.106373350641045,user,row,medium
1788982989594,-14.420725511932371,2.286463023840636,6.669498221698403,-244.80966196759132,182.18350720358268,-19.70534847248608,user,row,medium
1788982989611,-13.774740561023354,3.5091517380312083,4.598663861658424,-245.94330944527337,194.20550074664052,-44.16955611709767,user,row,medium
1788982989628,-11.79248947045207,3.411139034503325,1.6756421791628002,-216.0308101639044,187.6509780115295,-53.89603236314097,user,row,medium
1788982989645,-11.572074449157714,2.9279592850282787,0.6278796776369213,-173.6956584427645,181.305745932966,-57.06072879808009,user,row,medium
1788982989661,-12.223597160449623,3.4388220642641185,0.3040641953617334,-134.19918798219535,163.37893090902708,-52.0513621928606,user,row,medium
1788982989678,-12.976872273254394,1.7678188700135795,0.6000470833376049,-117.70156272132488,159.82567525748968,-58.92845427190383,user,row,medium
1788982989695,-13.631387736621498,1.4088384412569923,0.9877586261358112,-113.90226999550528,154.3302689758375,-77.45794469763719,user,row,medium
1788982989711,-13.647548597827551,0.2353802053007937,0.2588740408850833,-93.75572545358224,158.96216176148164,-103.66688318459352,user,row,medium
1788982989728,-12.98525373263061,-0.585232558706589,-0.824352974590659,-62.318133723008586,182.63076165081347,-99.96557635260692,user,row,medium
1788982989745,-14.27542798320353,1.876755009018071,-1.001822734258324,-72.93945354278277,159.22676328992793,-91.81030316285502,user,row,medium
1788982989760,-12.753612968444823,1.5593737610414624,-0.0882853094354271,-95.51367271197095,138.6743962282794,-86.99688443963944,user,row,medium
1788982989778,-11.090541224780678,0.2067993145264685,-0.507420383697003,-103.86022534942909,142.70715848030838,-95.93501342149072,user,row,medium
1788982989795,-10.758495382037758,-0.1126769695006311,-0.8349769521966576,-101.59098379015154,145.05745389446645,-109.30370170282164,user,row,medium
1788982989811,-9.899574951934811,-0.465522293035686,-2.2349863729730246,-95.9524372340634,138.33380201512756,-123.24696598770156,user,row,medium
1788982989828,-9.019855479431152,-0.4079118155881762,-2.327911617168784,-93.35115285847488,108.89970284360456,-128.45669277712878,user,row,medium
1788982989845,-8.30578541881144,-0.3356369991026818,-2.566433665300905,-86.41109326547331,100.8035244505516,-111.83010671453933,user,row,medium
1788982989861,-8.00007520980835,-0.5144537894651293,-2.963272882732749,-83.06135676063478,118.93732152709862,-87.42258280984967,user,row,medium
1788982989878,-7.659650830298662,-1.0229226593017575,-2.3199808241695163,-92.54442555522634,138.83359427745407,-68.60810957118669,user,row,medium
1788982989895,-7.820061172485351,-1.1590925864621997,-2.5472803442806,-97.70018702002127,132.41410438223417,-69.27430573226222,user,row,medium
1788982989912,-7.140707035937905,-1.6729482639037072,-2.733429523357749,-93.45787456425631,117.59085901525732,-71.53099340384527,user,row,medium
1788982989928,-6.669348584094643,-1.862239978790283,-2.32417067707479,-75.77180321799283,91.23330927233984,-63.43904972807772,user,row,medium
1788982989945,-6.482002304187417,-1.700631366729736,-1.829319121441245,-67.99763409336012,64.83691624361254,-51.836207818910616,user,row,medium
1788982989961,-6.85729282989502,-1.9852417968198657,-0.9385264662593602,-74.81656711162069,46.54855540124272,-48.59336035948821,user,row,medium
1788982989978,-6.542455896106362,-1.1595417915344235,-0.9982318701595068,-111.21008263225308,45.15808256548444,-41.7814726813565,user,row,medium
1788982989995,-5.838710245624184,-0.8559270935058593,-0.8514379653930664,-140.98035005434576,42.28366234008169,-45.84693446403691,user,row,medium
1788982990011,-5.659444396319985,-0.9784802909851074,-2.425175475090742,-142.1683794981994,42.21077739144849,-56.262324080335205,user,row,medium
1788982990028,-5.17776036529541,-0.3098993312560021,-3.1449329336971044,-122.50492057589304,25.407484089747037,-59.88080120825705,user,row,medium
1788982990044,-5.01764871379435,0.3486557628907263,-2.5369547650992867,-112.01425544475204,-3.2393661973798182,-56.391585410377694,user,row,medium
1788982990061,-4.297592564502359,1.7117045494079588,-1.4311334578365087,-110.75128516532496,-41.12628678522303,-49.14408192736092,user,row,medium
1788982990078,-4.170250963702798,2.6625018836975096,-1.6401771902889013,-119.18980629995733,-87.07381969045048,-36.784762416669054,user,row,medium
1788982990095,-4.057124935260415,3.36310499837026,-2.352003271374106,-118.53868436638,-107.9393031142199,-23.751622546240625,user,row,medium
1788982990111,-3.0919623910099268,4.992060245160014,-4.153191107830405,-107.33989254284874,-128.06145705061684,-0.7051863493134044,user,row,medium
1788982990128,-0.2488479195743799,8.010100856195017,-7.954135880932212,-48.08352771908177,-147.77271363673498,62.54933562641352,user,row,medium
1788982990145,1.388786015972495,8.803479431329295,-9.311648222240803,35.33976076567198,-177.4692559969265,142.27549052476357,user,row,medium
1788982990161,1.1094131942749024,8.862287301867827,-10.244937664629518,157.5835290586496,-278.8521990551487,229.309695118028,user,row,medium
1788982990178,-3.4406185922920702,8.925434206257666,-9.446322065624594,345.8347167736832,-363.9291446398542,306.5201205903331,user,row,medium
1788982990195,-7.833080228534341,9.425673099219054,-5.939864388982952,421.1542453554053,-355.19601012556257,312.5082293979533,user,row,medium
1788982990211,-16.461633374133704,4.802020488385111,0.7140712296634912,440.9025352272032,-291.0610802342764,263.2813075212439,user,row,medium
1788982990228,-20.956746991077065,2.423830197961628,4.879234222577512,339.94780404880584,-167.17930280473553,158.97864983813804,user,row,medium
1788982990245,-22.487240402331945,-2.1996727752685548,17.368437983570246,-7.178597973348747,43.55461028045932,28.36963980258589,user,row,medium
1788982990261,-21.014356884002684,-4.2072105750486255,22.47796389381215,-287.9564040866688,163.02440310996838,-53.95243606530693,user,row,medium
1788982990278,-19.74108992908895,-2.0245967788696286,20.806211853955684,-508.6618366996649,250.02057720993412,-132.41019751402894,user,row,medium
1788982990295,-15.474773377338051,4.1063554146364325,13.003209368298949,-677.8284650056856,316.1898379643736,-208.9405820318109,user,row,medium
1788982990312,-12.428152933833005,10.545410995892436,3.915418124499917,-718.3868932784084,358.7827610247897,-244.3192543851844,user,row,medium
1788982990328,-9.81847195521891,13.568389428655802,-0.5084677007928491,-667.3392068935136,358.2972438578285,-243.05061504874627,user,row,medium
1788982990345,-0.4067155915409326,14.30146434173584,-11.83034836872518,-406.00996743705946,204.4088061590208,-143.20267504421446,user,row,medium
1788982990362,6.158484635815024,12.80673431777954,-20.72615515142232,-128.17996083271655,8.340662453072621,-25.911656210878817,user,row,medium
1788982990378,7.306653384941816,12.403759666332602,-21.018696082250774,124.4172369397132,-179.5207169745182,93.9809099603284,user,row,medium
1788982990395,7.694364416283369,12.073211222540586,-15.630694299151005,388.78797329395246,-406.71705594069584,248.1969986638108,user,row,medium
1788982990411,0.4531020796626806,12.196212602178752,-8.74616771763265,536.6310788602735,-518.651889945779,303.17368306686365,user,row,medium
1788982990428,-3.53025093242228,12.555941986139118,-5.69984523416087,646.0175966067816,-585.6892131022137,312.49320298177923,user,row,medium
1788982990445,-5.368248450359702,13.422792040197551,-0.0179552703421562,761.2399919046886,-662.8962508006904,308.1491480281378,user,row,medium
1788982990461,-5.611111450305581,14.51200445022583,5.153370805855747,812.7858996084008,-680.2142227620144,287.4724168820817,user,row,medium
1788982990478,-6.291214359393716,14.789582789722084,7.828441316687315,807.4469319794986,-649.4980970832801,247.9108956998573,user,row,medium
1788982990494,-5.571905813598632,13.03059275752604,13.36443454377502,666.7655256447459,-523.9170368901317,196.7832551205384,user,row,medium
1788982990511,-5.318719572558999,9.28965207901001,17.254862019403276,472.3752819414349,-381.24389275189,172.7802355090644,user,row,medium
1788982990528,-6.599616291698813,7.788038725280761,16.915783647675067,295.8022697070191,-258.5422217467656,140.38705250228176,user,row,medium
1788982990544,-7.818563627403974,8.565555714416503,11.434857424097135,203.1048547445737,-269.6148053348133,107.56443501181292,user,row,medium
1788982990561,-2.268954985809326,7.963862909698486,7.653814963752031,172.62304553550572,-293.6346955135372,120.76831765866062,user,row,medium
1788982990578,-1.680131599536538,8.840741021296381,7.177966799274087,98.91901378684256,-242.8648065825652,132.61422892491555,user,row,medium
1788982990595,-2.40018774882853,9.353249814173578,9.519944789587706,-68.37947581890968,-58.98244691729278,147.516923052318,user,row,medium
1788982990611,-3.2158617424011227,8.93127060252726,7.621641856030374,-177.95037452206222,84.85745745572719,150.1438138071049,user,row,medium
1788982990628,-4.020312915691733,8.188020624652504,6.15579188959971,-251.9423738763223,226.48535725471436,131.2640917713008,user,row,medium
1788982990645,-7.196821137347817,6.742373488295078,4.090345067816973,-336.00582867122466,428.1708986897593,76.26953276319,user,row,medium
1788982990664,-7.172728898620605,5.333233251079917,7.6140110688909886,-471.01487218330846,620.9704732976445,27.96082736755124,user,row,medium
1788982990691,-8.182184758105874,7.208044542151689,7.813926615253091,-573.8799799518017,798.25737690411,-43.28809629904543,user,row,medium
1788982990694,-8.182184758105874,7.208044542151689,7.813926615253091,-573.8799799518017,798.25737690411,-43.28809629904543,user,row,medium
1788982990711,-9.12983911819458,7.671770307159424,6.286725377411395,-562.7591205867003,829.7937809814063,-110.85911336175197,user,row,medium
1788982990728,-9.5567546171993,7.901015116119384,5.643134847358241,-511.7334547316897,797.526437379892,-155.73631805799798,user,row,medium
1788982990745,-10.91172311924398,8.372672843170166,4.6284411054858,-427.9141382184802,689.1345591010778,-208.8783043669587,user,row,medium
1788982990761,-10.18328784866333,8.488791039165854,4.210802681256458,-365.2364428469946,583.166305147351,-229.16657533415952,user,row,medium
1788982990778,-9.714175714442131,8.488343295398353,3.5980369130559264,-302.1243201235396,459.0322615110049,-231.7323358958748,user,row,medium
1788982990795,-7.759609334132075,7.130681608746945,2.608932059942931,-232.72017249515545,293.12051887281865,-230.3815430440997,user,row,medium
1788982990811,-7.065141215083003,5.460276453454792,0.3600286591678857,-189.2113620481756,220.33296873717697,-219.6748390295112,user,row,medium
1788982990828,-7.220013796886802,4.5724759658262135,-0.3116939595878124,-166.26737692789044,194.6218690784445,-219.79778243457145,user,row,medium
1788982990845,-7.537994289398193,3.139546272222697,0.0420490434393286,-169.16299464538233,183.57965251144665,-239.2251900191622,user,row,medium
1788982990860,-6.04595774230957,4.442740309496969,0.9150348237738012,-179.89076296337117,144.12562484637994,-252.48769617965613,user,row,medium
1788982990878,-4.67901940100789,5.198559846087545,0.4083613129213452,-176.22638013403764,63.44147444523308,-251.43341550012963,user,row,medium
1788982990895,-3.068169427490234,8.504952046502382,-2.7138267050042746,-150.62976810617295,-13.33061595312364,-217.61716257977483,user,row,medium
1788982990911,-1.9399024796634912,11.001804810576886,-5.3999719146177165,-92.13083711041456,-119.60407093349691,-131.61463073988418,user,row,medium
1788982990928,-2.1054022539436814,11.14650510406494,-7.197119535772502,-44.01059712454396,-172.4625224296321,-54.34073573471674,user,row,medium
1788982990945,-4.342483845630288,12.253374824402108,-9.054121613909304,6.48347596113821,-206.22615557262108,12.808507755231403,user,row,medium
1788982990961,-6.922535409656167,10.449193651348724,-11.333700869585574,96.68837645675394,-245.223243582214,74.32411047246278,user,row,medium
1788982990978,-7.351098675867915,8.342296555737406,-11.918933537890016,145.5173032105267,-206.4568657024058,106.895049152395,user,row,medium
1788982990995,-8.597279470935463,6.484096792248636,-10.517128538933768,168.1522222708688,-162.4488230686114,123.09593684477424,user,row,medium
1788982991012,-11.032481834521889,3.413981929779053,-10.47403247065954,192.627180633234,-75.49879372667824,124.629068426632,user,row,medium
1788982991027,-13.455114639392496,1.5981297542847692,-11.146205171270296,193.49578945036288,42.36576462899984,98.03103455322754,user,row,medium
1788982991045,-16.106692393493653,-0.3742437931336462,-9.216627978527171,146.79397484942882,168.82656684762418,56.81290904442452,user,row,medium
1788982991061,-14.034062528339028,0.4526536052428185,-6.645405252318829,54.44051455320688,284.0357662200547,15.615439735218905,user,row,medium
1788982991078,-14.58218448638916,1.9861397685728963,-6.617721857231855,26.56552729559706,297.1737990131143,-19.76966153371092,user,row,medium
1788982991095,-14.921263881030676,4.639962817382812,-8.460659169659017,36.96722067506219,257.59561216931513,-54.523979464864425,user,row,medium
1788982991111,-10.405050777435305,4.827159021294862,-10.61962963992208,80.76637221837548,203.28156539878023,-57.729940487674185,user,row,medium
1788982991128,-9.962872242847084,5.31033913609609,-12.138751762335,131.56142356624977,198.09806653576584,-39.91784532103477,user,row,medium
1788982991145,-9.094525228229164,4.894795656585693,-12.00243161304891,166.71603839409025,214.61314976015484,-16.9546127276685,user,row,medium
1788982991161,-10.03589539348185,3.968089757305756,-9.482384728130697,159.46905742054497,234.3493911782569,12.40576308950066,user,row,medium
1788982991178,-10.950330790057778,3.4488474914550777,-9.235333628845217,140.16623248641525,248.94749984981175,20.86987523540574,user,row,medium
1788982991195,-12.357672453418374,1.000925858483836,-8.920495526012777,121.92611668524782,259.23794481562305,6.873809319373391,user,row,medium
1788982991211,-11.786954632678627,-0.1176152296204119,-7.850886518859863,105.65116242150894,235.92814842377032,-31.56315451318059,user,row,medium
1788982991228,-10.7185421418339,0.0176571367789525,-7.658900888714194,98.31815521536736,202.24005717300165,-56.42088009172788,user,row,medium
1788982991245,-8.326435408130287,0.0585081386732868,-8.580967803081869,97.13287150756004,179.54223207040374,-69.19569025491538,user,row,medium
1788982991261,-5.021988204303383,-0.2798223920959979,-9.579799392700195,109.83748098645816,192.4569449983606,-59.09499477443625,user,row,medium
1788982991278,-4.135535039630532,-0.0577602611817419,-9.776123928833009,138.0787354307626,246.92734845937545,-30.427365771193752,user,row,medium
1788982991295,-3.709217214258015,0.3851670459471643,-9.966911289104818,150.7456490956314,204.08838832467717,1.778408584151366,user,row,medium
1788982991311,-4.5329725152164695,0.937628786767274,-9.247005361938475,158.86007775414663,155.3644962199608,27.069120558196687,user,row,medium
1788982991328,-3.630956747491657,0.1455970961973071,-8.896852784618735,171.3541876330141,178.93553368718818,50.00505800809229,user,row,medium
1788982991345,-3.524564703479409,0.5192421927854418,-7.37399147567749,152.9128544588981,169.53764418173586,70.60374058250268,user,row,medium
1788982991362,-3.24145021103546,0.5928638938352465,-6.067655194854736,107.91588239555593,153.86245565920498,86.1959901179421,user,row,medium
1788982991378,-3.102137601935118,0.1677437538146972,-6.070947222137451,83.21009779019015,154.23715983707189,92.87482229594735,user,row,medium
1788982991395,-2.939481526648253,-0.2106900383546948,-6.477512591552734,70.72613757242931,157.3878031577937,99.72424527866288,user,row,medium
1788982991412,-3.002478811700642,-0.430208403070271,-6.565349864959717,61.1570083942956,150.7011435829996,103.47634822750685,user,row,medium
1788982991428,-3.905392185852304,-0.2308908226013183,-6.289717398834228,55.07383359871255,102.167909378775,91.82690735272732,user,row,medium
1788982991445,-3.501969206115976,-0.5054761177614331,-7.326257080078125,65.89315718743082,69.75842271044355,84.65191657303399,user,row,medium
1788982991461,-2.9427734808657315,-1.091008061273396,-8.007107592663168,87.61084331394272,58.88631883491402,78.84118777815901,user,row,medium
1788982991478,-2.844461502130329,-2.323423365838825,-8.700079920196533,111.0387268463558,68.53514266028344,56.41485927997452,user,row,medium
1788982991495,-2.4691704649660733,-3.049614656884968,-6.9792474769592285,110.36401343938526,68.56768851167855,36.833973929638994,user,row,medium
1788982991511,-1.9752167714877051,-3.3635543495729565,-5.905148757171631,99.1566155774998,58.0248748862245,31.266949699444645,user,row,medium
1788982991528,-0.0986115462038666,-2.770091320800781,-5.127780821117758,82.87769297385314,64.92822904262643,51.33211253740699,user,row,medium
1788982991545,2.3458684218809007,-3.146429894256592,-5.327397384533286,63.38761840362753,107.19869204213708,73.30660353142763,user,row,medium
1788982991561,1.5502451913586817,-3.2000001564025875,-4.150797490692138,16.402728320089594,159.6757935863429,84.95633810434146,user,row,medium
1788982991578,1.2192468849073164,-4.3631332504272455,-2.720411636352539,-65.70125619251013,223.11841550335652,99.64507655599326,user,row,medium
1788982991595,-1.3269865989351644,-4.560804524993896,-4.491671367534995,-97.65218445053443,164.40509852992977,85.66491558921692,user,row,medium
1788982991611,-2.798223336438089,-4.22965680013448,-7.486070040893554,-50.37101612872699,70.48137091333273,44.56285548497993,user,row,medium
1788982991628,-2.081608852032572,-4.182520662689209,-10.998363291820883,49.7243064973535,-26.89296997950206,9.457407773879815,user,row,medium
1788982991645,0.6637921180173755,-4.3399397141054274,-9.70968483276367,91.535026048736,-65.05298927800588,5.670636919242972,user,row,medium
1788982991661,1.098339755868353,-4.3153988548278805,-8.608800981903075,95.83362609345104,-63.40357372552867,4.643460991664033,user,row,medium
1788982991678,1.2837407103940843,-4.322281600078941,-6.367378730663657,68.37290517692813,-48.34424628498492,3.0111928425415524,user,row,medium
1788982991694,1.5535372917066328,-4.717026183319091,-5.434987406158447,38.09208452947159,-30.42039556314576,2.035572463478339,user,row,medium
1788982991711,1.6771380437437444,-4.74321276397705,-5.483320352172851,9.393830665538044,-10.745248479622182,2.880081811894457,user,row,medium
1788982991728,1.5321391509016045,-4.120421057128906,-6.056731065258384,-19.676943423275286,4.233290202758196,9.986077222243496,user,row,medium
1788982991745,0.7969695670972577,-3.8084266532897946,-7.200860768127441,-26.127457745252663,17.69367846945161,11.638192406990154,user,row,medium
1788982991761,-0.0846951759889721,-3.982904099273681,-8.531587978363037,-17.135179023661543,44.62904343313193,10.40674686567729,user,row,medium
1788982991778,-0.3799301682069897,-3.302652137103677,-11.018415315246582,7.32211732328364,84.58179785101464,20.461569941916963,user,row,medium
1788982991795,-0.1089364677980542,-2.5151088439941405,-11.486631377410887,28.740247574498078,120.76749803596022,29.153836019309857,user,row,medium
1788982991811,0.2503434918943792,-3.0437784980773923,-10.093056373596191,39.38964630195017,134.9233929398918,3.7608485791893527,user,row,medium
1788982991828,2.2527939054075627,-7.17572223521769,-6.120477268981933,17.666711175061106,80.18616130876124,-4.006543290239406,user,row,medium
1788982991845,2.8534391738340257,-5.373037438201904,-2.900425673675537,-31.2526336229443,-0.1018065375700854,6.051113460732179,user,row,medium
1788982991861,2.669534558813274,-3.766079795947671,-5.881655068859458,-45.53403666796945,13.31901573059202,20.48281524533029,user,row,medium
1788982991878,2.775477982275188,-4.669142734637856,-10.339808782196044,-28.70989079873195,21.804362934626667,27.31944699127765,user,row,medium
1788982991896,2.5436893340513107,-4.173692044067383,-9.598354455566406,-14.376533919785096,13.39454652375496,34.03387299259515,user,row,medium
1788982991912,2.5586530944272874,-4.280982205963134,-8.825775507354736,-4.825626832583327,-19.04578101000004,38.41342443935318,user,row,medium
1788982991928,2.394051803356781,-4.745607550159097,-8.123825508117676,0.5230057807987121,-44.30148805110564,40.54678621528247,user,row,medium
1788982991945,1.92269335151352,-5.467608403778076,-7.459883460235595,3.507265426534759,-93.23767609560429,44.43817038168135,user,row,medium
1788982991961,1.7114049819394943,-5.8349687210083,-7.666981903839111,-0.0026223240662954,-76.72176641832571,43.59507573619707,user,row,medium
1788982991978,1.5665557815000417,-5.9018573144108055,-7.88500389251709,-8.248399403990444,-40.17805503784475,38.99086570725898,user,row,medium
1788982991995,1.175552741142083,-5.246144750213623,-7.594557303619385,-22.462844397034672,-4.38230657431448,29.988491966074584,user,row,medium
1788982992012,1.2500722860807552,-5.329492895507812,-8.37686211155355,5.986680871196863,53.328286548762,24.264527064226268,user,row,medium
1788982992028,0.5380965308591723,-4.637119702911376,-9.033472501373293,19.992826012010035,19.29505730149612,18.66059249175717,user,row,medium
1788982992045,0.432302745001018,-4.081216004943848,-8.152256652832031,9.772042999317392,-59.32314358328219,6.885419360301944,user,row,medium
1788982992061,0.8485945403943769,-4.554969242969155,-8.464849022564291,12.421609128375092,-33.09592409501232,5.0226261368325975,user,row,medium
1788982992078,0.9368807814115658,-4.68590156173706,-9.009979397583008,17.206300075941595,-5.022057950471017,9.27733410528066,user,row,medium
1788982992095,0.701949722959136,-4.113687949481606,-8.741679758563638,14.775145467294331,0.4150873511694826,20.833770855453054,user,row,medium
1788982992111,0.7118257671330182,-4.022708286395669,-8.64381618118286,11.413938513518415,0.1399848070806906,32.62285494781348,user,row,medium
1788982992128,0.3070560889204032,-4.4671313850402825,-8.506897773742676,9.581140919562827,5.157066030926427,41.07801100816938,user,row,medium
1788982992145,0.049529745450383,-4.865317633166909,-8.487444300732015,8.419349647405754,16.22948057179222,43.200123462535664,user,row,medium
1788982992161,0.0384565810384694,-4.95420236980021,-8.328230474853514,6.769371458095665,17.706958064745407,42.44389516291561,user,row,medium
1788982992178,0.3986342841550707,-5.0680760017395015,-8.08881030883789,6.573427418073162,14.365120673682002,44.648376283577655,user,row,medium
1788982992194,0.3905538718183525,-4.926967156872153,-8.148964041027426,9.274600322065362,16.372735251896774,50.33936844720774,user,row,medium
1788982992211,0.0454895392820239,-4.808454759216309,-8.365639875793457,13.008595585645988,22.386274561344244,52.773760565521584,user,row,medium
1788982992228,-0.5490206421892159,-4.798579261890054,-8.40125362548828,16.500732996942816,30.23682056882332,53.20692091740004,user,row,medium
1788982992245,-0.9504983696092852,-5.226990552410483,-7.8622583922237155,17.362122304118973,24.46507849373077,50.52092170553585,user,row,medium
1788982992261,-1.0497080826357006,-5.45219631511271,-7.740902880096435,14.355638663566731,15.37068844404796,45.02713417871696,user,row,medium
1788982992278,-1.0196308877473697,-5.757157167053222,-7.842655866131186,8.621356760977113,16.472833381730606,39.27920214307107,user,row,medium
1788982992295,-1.0785881766939536,-5.524770552936196,-7.859266224670409,-2.0057503634581826,22.540305572411786,35.684265262123674,user,row,medium
1788982992311,-1.1272203248506412,-5.392490911212564,-7.722347817230224,-8.824519884065495,23.376964472150625,36.7371252623028,user,row,medium
1788982992328,-1.1656771890169009,-5.352237811279297,-7.753921351623535,-12.126947083617926,20.26214549362552,37.70707359614714,user,row,medium
1788982992345,-1.1972507599428297,-5.376628740692138,-8.126070072174072,-9.468481218071698,15.298010108637149,36.98928560117592,user,row,medium
1788982992361,-1.3540709321504458,-5.284751251983642,-8.233210596466064,-4.24782441842516,15.809271966127405,36.57878098677439,user,row,medium
1788982992378,-1.60950243136622,-5.180154566955566,-8.148216437530516,1.2114575263153504,16.706962021194887,36.29904375912735,user,row,medium
1788982992395,-1.8890254751894624,-5.534496412658691,-7.914931413269042,5.997035437978602,14.553522904200342,30.53303904293761,user,row,medium
1788982992412,-1.8842368892060597,-5.63116172016561,-7.841309127697349,5.3177714174735415,14.683337479565605,22.642341768422607,user,row,medium
1788982992428,-1.5942392861848695,-5.56083263092041,-7.9390230674743645,1.5450308386089622,12.88925937424117,17.19334491463337,user,row,medium
1788982992445,-1.1638815377717835,-5.272182277789712,-8.170362802886963,-3.213090459642779,16.797653272994317,18.644732792504403,user,row,medium
1788982992461,-1.0568906145509331,-5.086930339813232,-8.21076437138021,-3.6547565314720143,19.586288029969,23.67688320124776,user,row,medium
1788982992478,-1.0259156671052798,-5.08184324580729,-8.358307633209227,1.584784780734258,20.6719073249548,28.621282754629377,user,row,medium
1788982992495,-1.0898109239106997,-5.201702381896973,-8.375067044830322,10.791692058430977,22.26344214685803,29.53185966911338,user,row,medium
1788982992511,-1.4974237930849197,-5.210082087707519,-8.10826378184855,22.07212854820597,32.04263720801007,23.605342092333757,user,row,medium
1788982992528,-1.7500121047640218,-5.333533695331216,-7.90984373474121,21.73286280684768,42.52322439503072,15.425285561178455,user,row,medium
1788982992545,-1.7483660728563553,-5.378275338855386,-7.658302922821044,12.22689580306366,45.63455314688995,9.396019741167034,user,row,medium
1788982992561,-1.3130701556550337,-5.501426502227783,-7.135019637951254,-2.3667962974191723,41.707300242064754,8.183769592742845,user,row,medium
1788982992578,-0.4694134369890205,-5.563975020599365,-6.835445739746094,-7.79802868295085,31.75277764001307,8.180095804743024,user,row,medium
1788982992596,0.0811033803083933,-5.709273133850098,-7.127239067077636,-12.2623846122174,10.142164120251213,9.08624419532392,user,row,medium
1788982992611,-0.174776995186042,-5.836165821838379,-7.506271117401122,-21.369583827914923,1.6957085469591455,10.578709684637056,user,row,medium
1788982992627,-0.9132385332078672,-5.652410259899496,-8.220790090832114,-20.757467397140257,7.3036860578083616,7.747281231191302,user,row,medium
