epoch_ms,acc_x,acc_y,acc_z,gyro_x,gyro_y,gyro_z,participant,label,category
1788967297620,0.4112042812623083,-6.55008741389811,-8.278549621361494,25.99729312269244,17.188714046376102,-20.489469557129173,user,ohp,heavy
1788967297638,0.6639423401430249,-6.019622108569741,-6.300640359386802,4.806960779355329,-9.323486547276085,-17.328358971504308,user,ohp,heavy
1788967297654,1.6458641498841344,-6.516119677844643,-5.915772442516684,-10.537312761851252,-40.91010446780296,-8.224568020202623,user,ohp,heavy
1788967297671,1.9602529015138743,-7.267899583655596,-8.640224294170737,3.7752137476743592,-53.91104170384207,-3.922191734650217,user,ohp,heavy
1788967297688,1.6828247841432689,-7.259519877845048,-10.04382501743734,27.356712503389243,-43.55006478956668,-4.572277187020983,user,ohp,heavy
1788967297704,1.0401312759950756,-7.090878298407793,-9.554360415539144,39.698818229825385,-31.480775601601064,-8.11367221506465,user,ohp,heavy
1788967297721,1.4140753555297851,-6.589890431976318,-7.299620417565107,35.375588522963284,-39.98371908048496,-6.046611939182317,user,ohp,heavy
1788967297737,1.5919946125306188,-6.493374762073159,-6.547243130382896,25.28211084488957,-56.26835855246691,-1.6507915154298494,user,ohp,heavy
1788967297754,1.3305777187623082,-7.087884961810707,-7.1125734128654,25.974522979546904,-54.71425828985723,-2.5304410131869197,user,ohp,heavy
1788967297771,0.6787564629152417,-7.074716852679848,-7.568668829125166,26.626958016992155,-39.28369640754494,-7.712806705129308,user,ohp,heavy
1788967297788,0.6117186703003943,-7.006781380572915,-7.409604640850424,27.484594135219396,-36.06087164767442,-7.744834315921144,user,ohp,heavy
1788967297804,0.8764277374818921,-6.780379686084389,-7.36142133243978,31.62972153683153,-26.7199015236704,-10.385543397172633,user,ohp,heavy
1788967297821,0.5368998684205114,-6.925528746253252,-7.098657700237632,33.76465425626993,-18.54329936068784,-14.30094250869327,user,ohp,heavy
1788967297837,0.8152258844789118,-6.905775998035073,-6.993461880272626,37.783657092215904,-25.101645294186785,-12.704456653415429,user,ohp,heavy
1788967297854,1.5236101545471696,-6.877194631195068,-7.349151048931479,45.69045483015192,-30.215961171098105,-6.904184024386084,user,ohp,heavy
1788967297871,0.9225159002441912,-6.6712938729435205,-6.746111505779624,45.04632018009553,-22.217457898270915,-7.152889995086466,user,ohp,heavy
1788967297888,0.509067274121195,-6.469133470264077,-6.017226153343915,38.09380573714243,-13.704411715830927,-9.035198776561831,user,ohp,heavy
1788967297904,0.3628714083131402,-6.3709717867195605,-4.8204251829952,25.755629077026335,-9.129200962561423,-9.406579213623871,user,ohp,heavy
1788967297921,0.6397010483339428,-7.077859826880693,-5.1328679151237,18.584147307019094,-14.10276883879358,-8.803788552387214,user,ohp,heavy
1788967297938,1.253664063495025,-7.546824077063799,-6.564750145500898,31.49237667790633,-23.427828890899708,-6.6108743570845805,user,ohp,heavy
1788967297954,0.767042503003031,-7.928399382129311,-7.310694184765219,39.38942773589673,-34.20172147635363,-6.996105137122939,user,ohp,heavy
1788967297971,-0.5056253900390119,-7.604733829718827,-6.555772473797202,40.25252800545998,-45.57348101042628,-12.608915113531644,user,ohp,heavy
1788967297987,-0.9715966689512132,-7.525425899726152,-6.24392770756185,37.83162892585149,-45.48296392845069,-20.86012001772367,user,ohp,heavy
1788967298004,-1.281496219402924,-7.353193017798662,-5.893475855034589,32.91571296885612,-46.6958108646536,-32.727763238370294,user,ohp,heavy
1788967298021,-2.142511064501852,-7.688679356384277,-5.01226000649333,20.160473005188,-62.18664575129667,-57.44045658008153,user,ohp,heavy
1788967298037,-1.9518725381162016,-8.038533243018389,-5.227439465221762,25.070093235315912,-90.05155677233343,-74.84474847213616,user,ohp,heavy
1788967298054,1.8778025818422437,-8.658032922583818,-6.474668308037519,47.65460549958331,-122.8950746416625,-68.45014095606264,user,ohp,heavy
1788967298071,1.9156609686587005,-8.075194455939531,-5.188383466118574,46.65375738993384,-146.2606600186559,-50.331988427809534,user,ohp,heavy
1788967298088,0.4658222258303314,-7.698257916590571,-4.769997310528159,30.665322731687827,-142.41079657222153,-45.84554110544623,user,ohp,heavy
1788967298104,-0.3250125465726479,-7.3382286729007955,-5.60557427444458,5.228269045476518,-97.49127202387812,-24.746495947913637,user,ohp,heavy
1788967298121,-1.6057607606198638,-6.717980805316567,-6.640168082317709,-21.62160414791005,-22.30046689480137,-8.14077440569126,user,ohp,heavy
1788967298138,-2.7588682082578537,-6.539313506427407,-6.7555386748164885,-40.04478097166487,18.27323368090553,5.731621117021077,user,ohp,heavy
1788967298154,-2.2740424086088318,-6.066907591357827,-6.188411572045087,-35.53232428894216,4.288169492078779,59.55741907181363,user,ohp,heavy
1788967298170,-0.7499833640832686,-7.674165093341469,-4.415954155510664,29.629066921381003,-107.03878365328872,131.9703333314801,user,ohp,heavy
1788967298187,-2.606986113506928,-9.135674984741213,-6.553976238030195,99.3750245365893,-131.80789777263885,93.8901640670156,user,ohp,heavy
1788967298204,-7.368754086480662,-11.03831828559041,-8.812157900890707,133.59695654269697,-159.4713933452411,-30.030063912457862,user,ohp,heavy
1788967298221,-8.453925915881246,-8.74078193294108,-8.328678218621015,189.88122602083544,-188.1183405356768,-71.2921894998941,user,ohp,heavy
1788967298238,-7.148786370562389,-7.798364304462074,-8.546850137163698,269.65799945112445,-280.29284987564444,-107.75943691261678,user,ohp,heavy
1788967298254,-6.345831427178904,-6.621464550891519,-7.472003229357302,341.9867794405947,-362.10376292378993,-136.13887974420894,user,ohp,heavy
1788967298271,-4.244320627715811,-5.934627949634194,-4.836585313548892,371.6494713832597,-392.1746269712549,-149.1694600012459,user,ohp,heavy
1788967298288,-3.495234929424897,-5.943757012507319,-2.703202873528749,340.2611458071693,-383.2781416527732,-165.55859453733987,user,ohp,heavy
1788967298304,-2.1399668051128278,-7.18859048461914,0.7170643105322495,299.28358980621795,-351.6884347791942,-161.17354478829998,user,ohp,heavy
1788967298321,1.5789765428623184,-7.933486476135253,2.0295359888374804,234.33597668672695,-301.7478674172452,-130.8985673676784,user,ohp,heavy
1788967298338,2.114679310452752,-7.363367790332436,2.036419026349485,194.6012282467728,-265.3551715193132,-101.19895142236032,user,ohp,heavy
1788967298354,2.705747808771208,-7.944708127373456,2.110639423944801,167.05022588980063,-246.06554251065992,-82.07196970841258,user,ohp,heavy
1788967298371,1.4018055104129017,-8.708909123340248,1.9850933282598853,142.14142757173457,-245.8450913250086,-82.77459809852097,user,ohp,heavy
1788967298388,1.3018477372318509,-8.830714132800697,1.8966570660464463,130.72098244925806,-255.2643866433197,-86.90783926342999,user,ohp,heavy
1788967298403,1.8282729733891785,-8.552088914600015,1.1816890336737036,127.00520927660938,-252.65173000276317,-88.32326619532091,user,ohp,heavy
1788967298421,2.324621343451738,-8.458117668482661,0.5678764598339796,126.18223978351456,-231.75689725613017,-83.26363281290472,user,ohp,heavy
1788967298438,4.233846360778808,-7.962066089409589,0.4209305793762207,125.20354197734342,-208.40938455968063,-60.27997112373093,user,ohp,heavy
1788967298454,5.906047751837969,-7.688082559534907,1.1667264423415065,123.26050342263652,-210.9140968905944,-43.76971001289595,user,ohp,heavy
1788967298471,5.992537702289224,-7.713969864985346,1.6563400973215698,114.45311792187766,-208.9999773568333,-33.22060578321632,user,ohp,heavy
1788967298488,5.517737877820432,-7.709031239539384,2.405575579346716,83.46862045027514,-174.35723056577197,-23.03103758880428,user,ohp,heavy
1788967298504,5.625477244788408,-7.723845946833491,2.3454209703743456,60.67885417125968,-131.6398887794349,-10.956425122154284,user,ohp,heavy
1788967298521,5.991041326251626,-7.851036740985513,1.7753008232668042,47.86564126946379,-101.86970331961226,1.917189276906151,user,ohp,heavy
1788967298538,6.409577996228635,-7.859416446796059,2.0694886445194483,31.993480336553485,-95.05219781088822,14.27441661527788,user,ohp,heavy
1788967298554,5.345803978839516,-8.463802143859862,2.6185084281921385,23.38076205732915,-96.94156473909716,12.551745576404992,user,ohp,heavy
1788967298571,4.764312835150957,-8.756943963190913,2.447622869220376,23.609078205809748,-107.70045822913372,6.108782882328712,user,ohp,heavy
1788967298587,4.969465405383706,-9.315689606586098,1.411232825580239,40.05440129311084,-113.11636793903612,1.7395638042376225,user,ohp,heavy
1788967298604,4.549133668683469,-9.898079160419108,0.7475900529056787,45.59965088023118,-100.53724952575864,-3.070672050824728,user,ohp,heavy
1788967298621,4.622006304931641,-10.190320231518148,1.5200187789916992,38.20241599022939,-85.35600662362475,-4.462284247513921,user,ohp,heavy
1788967298638,5.278017852075398,-10.505607831683754,2.334945753589272,29.97541215381401,-66.3882161286625,-12.173188318072558,user,ohp,heavy
1788967298654,5.4140387261539695,-10.645668044281006,1.804780015729368,41.49806081193599,-62.749514810608254,-18.26322403867688,user,ohp,heavy
1788967298670,6.206520060187578,-10.409092746302484,1.3533242419689893,62.622343518451785,-75.71745540276703,-17.35376898276405,user,ohp,heavy
1788967298687,7.190835925458371,-10.134356936755776,2.635866974750161,73.39045093367871,-89.65114376243059,-23.55459549434785,user,ohp,heavy
1788967298704,5.642983967645466,-10.31721350402832,4.692785476031899,65.49654859289568,-87.66808029918744,-36.22603928218367,user,ohp,heavy
1788967298721,5.577142545208335,-10.15874669712484,4.894495796856284,56.14771692115698,-73.54733354872474,-41.90407799205282,user,ohp,heavy
1788967298738,6.4092778442382805,-9.432406352996823,4.370315855407714,43.66443289212396,-57.18186561810485,-39.78661689651132,user,ohp,heavy
1788967298754,6.986730526190995,-8.979752601623535,4.304326548932493,37.12753546016614,-54.09742049081879,-36.80862709762908,user,ohp,heavy
1788967298771,6.823774006652831,-8.801832321709394,4.108450341089069,36.97171493953606,-58.16261248102698,-37.20209039005142,user,ohp,heavy
1788967298788,5.33712441329956,-8.725368090710043,3.647267246301472,41.56400628837247,-66.10056271176742,-44.340167412375415,user,ohp,heavy
1788967298804,5.059248552161455,-8.463354984614252,3.3554742112308737,45.62295207058468,-76.7726308370748,-44.47753617696272,user,ohp,heavy
1788967298821,5.196166375079751,-8.288576509857178,3.6324528312683104,37.6802514432765,-73.42042863394589,-45.489568721378085,user,ohp,heavy
1788967298837,4.56499496242106,-7.990648040771484,4.060117395074665,16.098339232180685,-59.28617859949408,-49.5325250307433,user,ohp,heavy
1788967298854,4.89614356406331,-7.472303381347656,4.075530360522866,4.263496287475754,-49.14290030463451,-46.91005340834939,user,ohp,heavy
1788967298871,5.297919361114501,-7.068281851196288,3.470993856811523,6.410926972434804,-51.89782978560247,-41.58921993169357,user,ohp,heavy
1788967298888,5.83496989005208,-6.9264259873539205,2.0456965577825903,21.600398118084456,-58.59752477642754,-36.9841185630688,user,ohp,heavy
1788967298904,5.608118113708496,-6.530334665679932,1.8365020186826584,26.72005691047401,-56.87622148293595,-37.637436402464274,user,ohp,heavy
1788967298921,5.667673880004882,-6.574477174267172,2.258330423681438,16.91566015883192,-48.82494475348666,-38.53758703318025,user,ohp,heavy
1788967298938,6.299894509455561,-6.325631008258462,3.6357455892033874,-2.14527298551156,-34.40145328315773,-33.9688564218858,user,ohp,heavy
1788967298954,6.649148676630854,-6.105365040045976,2.3220773580573497,-2.799821966504929,-27.19690485983116,-30.936235354927213,user,ohp,heavy
1788967298971,6.864027106586098,-6.07842910232544,1.488146261651814,6.240156021485206,-29.699069530184463,-33.43857078000976,user,ohp,heavy
1788967298988,7.164500583979487,-5.824793948474526,1.4466964992798863,8.907440941910389,-29.727664117144723,-32.10366494824413,user,ohp,heavy
1788967299003,8.074146408191323,-5.756408979034424,1.8436859388373792,6.32040177960957,-25.17731866754865,-26.92651986870516,user,ohp,heavy
1788967299021,8.134449777984619,-5.914575926208496,1.945289725659788,4.14588384506272,-20.025969504957523,-22.250266711949077,user,ohp,heavy
1788967299038,7.831583852496743,-6.247967922863364,1.7703626362122595,3.9611293624479904,-14.064769935119864,-19.08262817302497,user,ohp,heavy
1788967299054,7.012766884723305,-6.542006398773193,2.417396365521848,1.3411071099234748,-7.778109290010154,-19.060648624275867,user,ohp,heavy
1788967299071,6.88871731120646,-6.615179771533608,2.635866244097799,1.1638609261972936,-11.444781086489256,-24.00261833786025,user,ohp,heavy
1788967299088,6.968623791614174,-6.453421521869301,2.6586118905216454,5.885843800272203,-19.61891925872873,-25.762913473776155,user,ohp,heavy
1788967299104,7.480834478327631,-6.383391123309731,1.817349428314716,21.012930132477077,-32.006669431840784,-27.02571470602125,user,ohp,heavy
1788967299120,7.737762828505039,-6.181829271045327,1.7757498822085558,23.55485504153631,-26.97901841021317,-23.132696416863457,user,ohp,heavy
1788967299138,8.471134386444092,-5.970839080700278,3.122638099780678,9.675821001837544,-20.56764790236914,-19.7709182885182,user,ohp,heavy
1788967299154,7.9028131054520605,-5.97518032477498,3.740641257178038,-4.400210634563199,-16.973986559249244,-19.367090184030367,user,ohp,heavy
1788967299171,7.471557531416415,-6.207567523413896,3.166033443262428,1.450756725703038,-17.89586060662045,-20.057473752504208,user,ohp,heavy
1788967299187,7.562685663062334,-5.974431552234292,1.5916959218449889,16.177120341614902,-26.36552057367887,-19.51572193055901,user,ohp,heavy
1788967299204,7.165248187476396,-5.941809970092773,2.014721573804319,20.48592810404452,-31.972559467125738,-22.11464476824201,user,ohp,heavy
1788967299221,6.79220222582519,-6.21145810111165,3.04692161840871,2.6467405651754303,-24.429460764756445,-26.698205427771853,user,ohp,heavy
1788967299238,7.772177723804115,-5.49708701171875,3.364003116253764,-4.991119754851797,-13.614151619722856,-18.951573918325348,user,ohp,heavy
1788967299254,9.686341951099038,-4.864269585418701,0.7251436816893517,15.979917412351002,-15.8107985134069,1.4360557040099375,user,ohp,heavy
1788967299271,9.140163528332112,-4.972457572937011,0.6877345730103552,27.054732764710053,-29.018424103919767,-2.158243728188826,user,ohp,heavy
1788967299288,6.588244418334961,-5.613804342651367,2.427271424456685,22.352186794744004,-35.32675950058687,-18.315241051848403,user,ohp,heavy
1788967299304,7.803301176342368,-5.255271474999189,2.6994626640871164,10.57288865591691,-23.931536559167927,-14.355218606932777,user,ohp,heavy
1788967299321,8.780736342188716,-5.195120080897212,1.8384480381838977,5.967445350946814,-2.1321899715998125,0.8115954672186197,user,ohp,heavy
1788967299338,8.268376602393388,-5.230882299152016,1.640029160120338,2.280480849000194,5.286920733653064,6.414996484519662,user,ohp,heavy
1788967299354,6.088754096984863,-5.8934770240783685,2.1586728024907407,5.138682149888515,-7.341956461501589,-9.581822230932536,user,ohp,heavy
1788967299371,6.005107261005044,-5.824793363952637,1.8517657849185167,18.218761214727387,-17.90111472963948,-13.219120798885998,user,ohp,heavy
1788967299388,7.4878662766605615,-5.245546199798584,0.5939117954529821,34.42038998263159,-26.903700206688143,-13.291985256951694,user,ohp,heavy
1788967299404,8.072349587902426,-4.781370352935791,1.4802157609134912,35.81847506421984,-23.513680953672186,-8.507687899036114,user,ohp,heavy
1788967299421,8.64366771262288,-4.814440847888589,2.0006556390509007,21.4433857294442,-8.856162442942871,-0.9792834948924556,user,ohp,heavy
1788967299438,8.50959125061035,-4.647294475445151,2.496404581915587,10.93919255487834,0.988518337537136,3.346852670904897,user,ohp,heavy
1788967299454,7.677307483020424,-4.735881105914712,1.813907471167296,18.579390080262183,-10.395734893187935,-0.0476210460587875,user,ohp,heavy
1788967299471,7.7507789619445795,-4.748748770794272,1.4941317658022044,34.53227189633098,-31.29714596576527,-2.3940871720216044,user,ohp,heavy
1788967299487,7.918374247199297,-4.653281148639321,1.40629376174286,39.94932566291936,-31.415400445960287,-0.7091353725924353,user,ohp,heavy
1788967299504,7.242461775538325,-4.705654894477129,2.9450185563787814,12.410199297366583,-1.943179000471696,4.419073482616659,user,ohp,heavy
1788967299521,7.604734414240718,-4.613028633227944,3.345148924310505,3.944894429677693,3.635431791875933,6.503710823441196,user,ohp,heavy
1788967299538,7.24006640483439,-4.5874406029850245,1.3503298824585974,21.84074393724074,-10.426651744466,3.986825387879225,user,ohp,heavy
1788967299554,7.49460055335164,-4.776732171741128,0.7160166646428405,44.000471369099415,-36.52693302078482,0.6655057249999806,user,ohp,heavy
1788967299571,8.10227769317627,-4.472667391857504,1.3503300285890698,49.51901150147043,-44.6928954565878,-2.056417347051572,user,ohp,heavy
1788967299588,9.013571284595132,-4.048444785198569,2.7115833099916578,29.665809924021087,-20.103051604835706,9.629798333436351,user,ohp,heavy
1788967299604,9.20585560542643,-4.142418369403481,2.8661586624145508,9.453666537761942,9.97937509912042,19.91278814776853,user,ohp,heavy
1788967299621,7.844304802381992,-4.635774133521318,2.277784042822569,9.62899920130346,8.357379341066228,18.16679713552193,user,ohp,heavy
1788967299638,6.564751314544678,-4.845414662823081,2.1422119354248044,25.81140269424137,-21.617702402346683,8.246281191574093,user,ohp,heavy
1788967299654,6.910714038959145,-4.846313657489419,1.619378001757711,44.20833110101583,-41.25132364326387,2.732838514758026,user,ohp,heavy
1788967299671,7.83293175997436,-4.547637000384927,1.471387142291665,41.60740531035873,-33.706778648337824,6.382329397266783,user,ohp,heavy
1788967299688,9.242516818347571,-4.302081692615151,2.419790128790587,26.51017544256328,-13.164869460082231,20.246996134046427,user,ohp,heavy
1788967299704,9.27603447254598,-4.267514821624756,2.412008535003662,23.436520306618547,-10.039623344015457,27.675393762136405,user,ohp,heavy
1788967299721,8.154802245661616,-4.520402956500649,1.594089392852783,41.960109448909016,-32.73973314489074,14.757863381146906,user,ohp,heavy
1788967299738,6.648848232379556,-4.96108511505127,1.2384005164548757,49.069383563503074,-38.52768325888373,3.626786053047166,user,ohp,heavy
1788967299754,7.734168603405356,-4.538209246826171,1.596782869720459,45.64051931712996,-28.04036150534145,10.965302660528009,user,ohp,heavy
1788967299771,9.386019864875076,-4.362236009326577,1.6021704079777002,30.649835277744824,-4.228396372217882,28.88820313229889,user,ohp,heavy
1788967299788,8.437167819434404,-4.969016492572426,2.411709405926614,21.589135136143103,-1.1078893402180374,28.474688112020687,user,ohp,heavy
1788967299804,6.924182007819414,-5.354632597461342,2.5951646697446704,25.011013806542596,-8.86047656117738,15.579915921345668,user,ohp,heavy
1788967299821,6.506992368537187,-5.256021416583657,1.4047987008795142,47.6913245965613,-25.886107888288382,13.240004102273312,user,ohp,heavy
1788967299838,7.953986827850342,-5.239710333251953,1.0963945766173302,56.28130517603867,-28.283792862455293,11.45970334227844,user,ohp,heavy
1788967299854,7.549217109680176,-5.245096702465415,1.890821199499816,48.64713443882372,-22.176492131176477,10.642229590144526,user,ohp,heavy
1788967299871,8.134749053192138,-5.008220960235596,3.202245304980874,35.21269192635307,-13.71932116501542,14.870061191095411,user,ohp,heavy
1788967299888,8.214955393329262,-4.926070500293374,2.436101212122291,31.23586550853192,-2.1654363442716726,18.202650506022614,user,ohp,heavy
1788967299904,8.01743550993204,-5.00522937720418,2.5369560802735385,28.918894587334343,-2.218848637024584,22.273905996666485,user,ohp,heavy
1788967299921,7.935882431361079,-5.230134695655107,2.7828111016422508,30.975601150208583,-9.001297132616473,15.845116798891633,user,ohp,heavy
1788967299937,7.329401807844638,-5.38171758826375,2.8235134066477414,29.146203282912367,-5.728106557806282,10.71855695411942,user,ohp,heavy
1788967299953,7.378333304274082,-5.245247509112954,2.9005761880621312,22.5213295993502,4.975384706551381,13.548696209359331,user,ohp,heavy
1788967299971,8.234407697296142,-5.067178176116943,3.269581496020406,8.388055428176049,13.380869923715656,18.0328076070265,user,ohp,heavy
1788967299987,7.353939452251791,-5.209782812499999,3.6840780968263744,2.854167860740017,6.817800487518817,13.78613492925013,user,ohp,heavy
1788967300003,6.950517057037353,-5.381117868804932,3.3236016938909887,4.615009838676345,0.7562163467890093,7.480552952592195,user,ohp,heavy
1788967300021,7.288996732220053,-5.070021290588379,2.5318679633542893,15.628543453141576,-7.745978372607122,4.655105610425259,user,ohp,heavy
1788967300037,7.49549662540853,-5.08797838756144,2.11467934698537,18.579618891599377,-4.125409926138784,3.4297043596410326,user,ohp,heavy
1788967300053,7.99319304907918,-5.0300692194283005,2.1576253392644227,16.12927145138438,-1.372633128698138,5.570924268210425,user,ohp,heavy
1788967300071,9.293244550544022,-4.432864958301186,2.900575749670714,10.703524561529868,-2.495969902219511,20.85579992307364,user,ohp,heavy
1788967300088,8.521860365074872,-4.523244901928305,2.223314932140708,10.849958694693065,7.805138056103187,26.969532985003315,user,ohp,heavy
1788967300104,7.53964030303955,-5.03066660079956,2.2477061538144945,8.194083178389564,13.97067383401918,22.7370508790013,user,ohp,heavy
1788967300121,6.240338743159175,-5.724686391559243,2.868702940069884,4.924462231194351,14.975085594868114,18.31970116537642,user,ohp,heavy
1788967300137,7.23333388170898,-5.52851207755208,2.9150903049744663,4.285444246599944,6.489710643189962,19.36312525921717,user,ohp,heavy
1788967300154,7.083396418219804,-5.488409199744463,2.732233299310505,5.648389712455771,1.024988986384065,11.510709487452804,user,ohp,heavy
1788967300171,6.8329030695259565,-5.185691742816567,2.420388679205626,12.642500861227887,-3.725340133241749,9.266054047866383,user,ohp,heavy
1788967300187,7.342120419642328,-5.102493819648027,1.707066806604713,21.428120256649223,-0.6559517844550137,15.154770796458225,user,ohp,heavy
1788967300204,7.414394213214516,-5.312434208679199,2.245312536676228,16.200231994218935,5.521799840152401,18.81570608780816,user,ohp,heavy
1788967300221,6.695535164752602,-5.333084197998047,3.5504520089298484,5.744425160393912,5.35351678560798,14.38889143954094,user,ohp,heavy
1788967300237,5.699247414398193,-5.40790299987793,3.28484438547343,6.294671176345664,-2.0823786826433786,1.6271966269420404,user,ohp,heavy
1788967300254,6.212953892627358,-5.264550759997964,2.699612009429932,11.598488517344869,-6.577602798090156,7.813003018932457,user,ohp,heavy
1788967300271,7.192332009235024,-5.383363601905107,2.5019404426023364,10.535810974007497,-1.8450605582801125,10.98347608636212,user,ohp,heavy
1788967300287,5.697751038360595,-5.346103838568926,3.127426503100991,1.7771663434960698,7.314471780281457,3.119491041360805,user,ohp,heavy
1788967300304,5.45907847584188,-5.597343621715903,3.3093846602290866,-1.6638197811065314,5.818071248232752,-5.825880288888191,user,ohp,heavy
1788967300321,5.185991018024087,-5.823596263122559,3.801094702966511,-4.640837772135925,-2.436632847248437,-11.006087427609446,user,ohp,heavy
1788967300338,4.408474028888344,-5.9961290047794575,4.351911014667153,-18.07786465743378,-1.7045226926396355,-26.362154997965348,user,ohp,heavy
1788967300354,4.297145405256748,-5.882255957362055,4.132243596869706,-26.34533565713419,2.7712768984161538,-35.031954875630774,user,ohp,heavy
1788967300371,5.801600704413652,-5.08782874995768,2.899079227502644,-25.31104864885562,0.0839730670596341,-33.645259134483524,user,ohp,heavy
1788967300388,5.519083154949546,-4.709394665527343,2.6818048423215743,-28.47346380061196,0.5842564626761535,-36.60079810156393,user,ohp,heavy
1788967300404,5.358821865844726,-4.772092821502685,2.6149172718323768,-31.064711213215155,2.281572185163515,-44.97932626962145,user,ohp,heavy
1788967300421,6.37171822117269,-4.048595007324218,1.671302688653767,-26.78412920753061,5.647545330319629,-47.498426394021806,user,ohp,heavy
1788967300438,8.692299349322914,-3.220650730243325,0.4902124976560473,-9.419860516464963,5.65707130977768,-33.95927025138569,user,ohp,heavy
1788967300454,8.996513182288409,-2.98766498118937,0.6717237877994775,-3.376692700171625,7.836255544188119,-26.293410851516462,user,ohp,heavy
1788967300471,8.608503460261225,-3.5884611293286084,2.324321483722329,-7.814300754874759,8.956740393565894,-20.88461819872921,user,ohp,heavy
1788967300488,7.66728176356852,-5.177460505566001,3.039139878491312,-11.86328897505074,8.409386108953997,-22.7168010756595,user,ohp,heavy
1788967300504,7.806443566021323,-5.531802935791015,2.690633607073873,0.0551273906060985,1.4816322756809632,-25.262777994443848,user,ohp,heavy
1788967300521,7.363067930603027,-5.753565864562988,2.501342622839659,10.165005980383029,-3.304537728005964,-30.038325026259,user,ohp,heavy
1788967300537,7.67386464909017,-5.878363041576743,3.498377538299561,6.241239887129122,0.1696184098880108,-33.115386719052275,user,ohp,heavy
1788967300554,8.294262154278158,-5.587168264660239,4.156184298297018,-4.81903228493968,2.369645766963537,-29.54827944387809,user,ohp,heavy
1788967300571,9.297133374676108,-5.185391883087158,4.208856734820455,-14.524964175733226,6.700212377654701,-23.96406362754282,user,ohp,heavy
1788967300588,9.561095861274003,-4.859632573267818,3.547609040588885,-19.81315788589285,8.319673281753174,-13.432264535899062,user,ohp,heavy
1788967300604,9.712527947235106,-4.930708681488037,3.1962592163085937,-13.373977409069466,3.627951027187476,-8.09915379421014,user,ohp,heavy
1788967300621,8.43941355253458,-5.138107569342852,2.8660099015936256,-5.698843892967832,-1.1218075581992308,-7.0364386848323335,user,ohp,heavy
1788967300638,6.758382958331704,-5.640290198516845,3.45109234777242,-4.225482869650048,-5.16127940387068,-12.748501982051902,user,ohp,heavy
1788967300654,6.509684676361084,-5.63071339187622,4.490326236536354,-18.87639231858373,-0.2332246532554603,-13.217557539339712,user,ohp,heavy
1788967300671,6.220585994940996,-5.5573921350777145,4.648641798400878,-35.07762493551606,8.751156822190389,-15.92254040822831,user,ohp,heavy
1788967300687,6.204425133734941,-5.532551123809814,4.199879355377703,-37.02227541486708,8.999772292884268,-19.552174650159373,user,ohp,heavy
1788967300704,6.401946186175942,-5.372140197101235,2.203863797217607,-23.006032266252863,0.0479272106223546,-26.1867830608361,user,ohp,heavy
1788967300721,7.199815642988681,-4.497508987647295,1.9969149912178517,-19.41471026292369,0.5672250124547564,-18.993924506274013,user,ohp,heavy
1788967300738,7.7778633682250975,-4.126406561279297,2.543539988708496,-32.10562521253593,6.123255199406323,-8.933132698473392,user,ohp,heavy
1788967300754,7.356334822955727,-3.898807765960693,3.4605199552007018,-50.8023186691512,22.981592141855263,-8.84574042804308,user,ohp,heavy
1788967300771,6.57537792249918,-4.490924933081865,1.863437664142251,-45.58091567133784,26.671352539049945,-20.175321836443608,user,ohp,heavy
1788967300788,6.483498680225014,-4.5887867568969725,0.2280482926517724,-14.947635064593833,9.368647758068208,-32.888156570649706,user,ohp,heavy
1788967300804,7.469612242567539,-3.8663369904667135,-0.322168591850996,14.918977298383751,-9.98687550060274,-32.62762583494874,user,ohp,heavy
1788967300821,8.578726161634922,-3.061436904364824,2.000805568915605,8.6307098512718,-3.5612774952741617,-26.027866756964706,user,ohp,heavy
1788967300838,9.025842737147212,-3.0603891488775607,3.073706164959818,-12.284259146808012,12.914959668540636,-16.828546218610285,user,ohp,heavy
1788967300854,9.79348247539103,-3.3701381118774414,3.454084953717142,-24.88341392001571,20.55488057126309,-5.838635240276368,user,ohp,heavy
1788967300871,9.044246993365883,-3.4449572060182687,2.177227280835062,-16.083418683938792,9.948880012023606,-6.982985624387814,user,ohp,heavy
1788967300887,8.65099937068522,-3.2845454025268555,2.032527717999369,-5.553850502832685,2.278995496299128,-5.138738498949167,user,ohp,heavy
1788967300904,8.907029310718178,-3.097498690088093,2.2296005882814525,-3.849898451153864,-1.2544581561739294,3.1043555556034685,user,ohp,heavy
1788967300921,8.192958081054687,-3.443759812927246,2.5647895513556898,-8.52075575846564,9.99719847775957,1.9844841425905249,user,ohp,heavy
1788967300937,7.468563025775551,-3.9757214942932126,2.388814706420898,-16.1114549029344,22.90828542904081,-7.564999703942941,user,ohp,heavy
1788967300954,8.193407578387855,-4.031237337549031,2.2900540340699256,-12.928940211998006,14.148589162840612,-5.86347066187218,user,ohp,heavy
1788967300971,9.46831996242106,-3.5678099709659814,1.4223060082584618,1.7451392663127627,8.08189561372481,0.0382605919664024,user,ohp,heavy
1788967300987,9.158269678387043,-3.38061245187968,1.0130471619755028,9.395764462846804,7.276645338884281,2.736642930125724,user,ohp,heavy
1788967301004,9.19403423472941,-3.857059459033608,2.045397136444598,7.579334563463504,6.705215064334912,4.850406758892134,user,ohp,heavy
1788967301021,7.943362557983398,-4.648941365869343,3.21316782714203,-1.3611134810543826,11.345120942535951,-2.524825103585288,user,ohp,heavy
1788967301038,7.574656671363114,-4.902427758899331,3.2719759899415077,-3.41236784542366,13.093228459651616,-6.480559470362614,user,ohp,heavy
1788967301054,8.870070576155186,-4.435858002637326,2.314595331738889,8.13221703243488,10.325804855144408,0.6237729490060854,user,ohp,heavy
1788967301070,9.298182006946206,-3.650858548791706,2.271349771991372,11.994864031674572,8.134584546755937,7.7656621240214525,user,ohp,heavy
1788967301087,9.335741045489907,-3.986346056421101,2.7301389573797583,6.304583488378644,10.243165542602776,11.616848065833864,user,ohp,heavy
1788967301104,8.832359561920166,-4.419097421972453,3.769221893365681,-7.836523629113042,13.536602505660175,11.068564021721198,user,ohp,heavy
1788967301121,8.84837253908813,-4.959140410724282,3.100043113873898,-9.299621012542412,12.926031405185228,8.716245164021515,user,ohp,heavy
1788967301137,9.18086671012044,-4.865167995563149,2.853889255689084,-4.299209212211635,8.688864643186227,12.17229953970681,user,ohp,heavy
1788967301154,9.100811176630854,-4.977396490643918,2.85673237016052,-0.5994288741436905,1.1278724460170848,10.23703971669092,user,ohp,heavy
1788967301171,8.418013621631264,-5.519083739471435,3.457377127130329,-3.413174661519367,0.1781786379500201,9.179989395455992,user,ohp,heavy
1788967301188,8.513183137622475,-5.574450237384438,3.489998417010903,-8.490019907200583,4.740063772190108,9.858613085726365,user,ohp,heavy
1788967301204,9.16245953129232,-5.570559075164795,2.697816065923869,-8.732055344402802,14.248059769044447,12.750931821849134,user,ohp,heavy
1788967301221,8.992174276301265,-5.25377743704915,2.5429420228153465,-9.121763740328928,13.50044604551507,12.99098650419205,user,ohp,heavy
1788967301238,8.868274340388178,-5.181652112036943,3.008614537976682,-9.725294623316886,7.698230227666855,12.418170981901635,user,ohp,heavy
1788967301254,8.330027295142411,-5.201702381896973,3.397672600013017,-13.239730040932866,7.636655218525544,11.477753824707492,user,ohp,heavy
1788967301271,8.781333139038086,-5.256769020080566,3.142988521631062,-18.347906431553987,12.526224574571238,15.67839188125162,user,ohp,heavy
1788967301288,8.79135944301188,-5.487959702411294,2.916288428717852,-18.41627150250394,18.20621586476937,14.747437097378882,user,ohp,heavy
1788967301304,8.055441707721352,-5.608118698230386,2.1773764800474047,-12.786449659306848,16.231476694577157,10.635326830214582,user,ohp,heavy
1788967301321,7.994988115802407,-5.4523459527164695,2.924666965484619,-5.745105617989974,2.824729745417262,8.762243072986966,user,ohp,heavy
1788967301337,7.906403823420405,-5.670518163520097,2.921225885120034,-4.1536139116558815,1.1363445486305452,4.493917414881189,user,ohp,heavy
1788967301354,7.500285613250732,-5.799654246520996,3.0906159448370336,-7.879985830349126,4.909011489518136,-0.082210498057694,user,ohp,heavy
1788967301371,8.22318604605794,-5.389498159137368,3.2912793869569894,-14.484300644509554,8.60820352418296,3.429986958717942,user,ohp,heavy
1788967301388,8.584559690093993,-5.278316250500082,3.080738401684165,-12.81525683590502,11.00236241319085,8.893977785282647,user,ohp,heavy
1788967301404,8.323143380847572,-5.295824434661865,2.7272958429083225,-10.958802027985447,11.531785743684171,9.361375314149436,user,ohp,heavy
1788967301421,7.431452900043129,-5.705681831359863,3.30684199000895,-13.838788003788112,7.458809899143105,0.3413393441016219,user,ohp,heavy
1788967301438,7.535150590404868,-5.632808318328857,3.500173774066567,-15.303706486404938,1.9431999179260289,-2.347091415107097,user,ohp,heavy
1788967301454,8.208071479034423,-5.510104898723959,3.2863410537719724,-14.071171529919456,-2.7637028589568446,-1.790269207645093,user,ohp,heavy
1788967301471,8.28678144313395,-5.316325370898842,3.3520322540834546,-14.575017509518371,-6.857309716772756,0.8226648026248303,user,ohp,heavy
1788967301488,8.103026465716958,-5.494244481769204,3.336171252606809,-18.959532796255704,-4.654473817927032,-0.7744320344186101,user,ohp,heavy
1788967301504,7.592013464355468,-5.376927431377768,3.2300776070192456,-22.47030296360833,0.8392416717404513,-0.1427762733779631,user,ohp,heavy
1788967301521,7.996634713965654,-5.430648500171303,2.249202822113037,-17.060369669229686,2.7236995082051374,2.4883905266749125,user,ohp,heavy
1788967301538,7.988851220482587,-5.313630724987387,1.99975708277598,-8.079062792766548,0.85997572482223,1.6026940703465602,user,ohp,heavy
1788967301554,7.937377638354897,-5.060892812237143,1.920449445044249,-3.736495112816849,1.7052890612088525,0.2449350125874471,user,ohp,heavy
1788967301571,8.016684399303793,-4.74336181705892,2.6551697872437536,-7.664515560150026,8.774679139918266,0.4449080104466111,user,ohp,heavy
1788967301587,7.969549723163246,-4.74964718093872,2.8003187012821438,-13.919233118058877,15.487009980707862,2.633873555996184,user,ohp,heavy
1788967301604,8.472930622211098,-4.772542318835854,3.098845866913348,-18.599691110022757,19.096850334424225,7.441156421459562,user,ohp,heavy
1788967301621,7.866897742462157,-4.814589316448569,3.2981624244689938,-25.626038190356397,20.08036171641292,9.023503785155476,user,ohp,heavy
1788967301637,7.766641132465004,-4.871452774921059,3.2305263737000525,-30.749176964128075,18.660256104940547,8.160954199594062,user,ohp,heavy
1788967301654,7.729831450983881,-4.9920612680733205,2.478747344671935,-34.364010186127715,21.09396008169552,9.977997962229017,user,ohp,heavy
1788967301671,8.596831727167963,-5.16444378760457,1.581371511707455,-31.968772127230967,26.626737743391423,17.163577242683164,user,ohp,heavy
1788967301688,8.592043323847651,-5.175367332679033,1.5361809553720056,-28.25472528489501,29.328381503549533,22.367344692059557,user,ohp,heavy
1788967301704,8.700080504718422,-5.348945783996582,1.765874384882301,-21.8674021655713,23.47050562038124,25.89265633215513,user,ohp,heavy
1788967301721,7.947104667121171,-5.268740612903237,2.474557491766661,-11.451443082250956,8.407158613510928,22.0235607805653,user,ohp,heavy
1788967301738,7.559394220301509,-5.352388617926835,3.1402959215462207,-8.33759740568258,-3.6655951879111774,17.90045220128999,user,ohp,heavy
1788967301754,7.668328642272948,-5.556193865203857,4.081964631354063,-9.302891819381202,-4.529602591973567,17.40876566596099,user,ohp,heavy
1788967301771,7.857172467261552,-5.664083162036538,3.930680867822468,-12.810359590270124,5.439269383750667,20.718830724552788,user,ohp,heavy
1788967301787,8.322095917621255,-5.934328089904785,3.783437465722858,-14.898345004448435,12.547606481767962,19.836831321556115,user,ohp,heavy
1788967301804,8.160785996246338,-6.253056185913086,4.254645987701416,-14.021907082983446,5.537320164380786,16.153071245547288,user,ohp,heavy
1788967301821,8.368184299579262,-6.473323323169351,4.817583237567543,-17.79537315600393,-9.555467946020045,12.58088230963062,user,ohp,heavy
1788967301837,8.081776756939291,-6.504896273040771,5.168332757867128,-32.35740306081552,-6.964320851820284,8.990116112945161,user,ohp,heavy
1788967301854,7.527669879260658,-6.336405500251054,2.905962849536538,-36.07240442208799,6.817582775239023,6.624604744863598,user,ohp,heavy
1788967301871,7.329849551612138,-6.225972948676348,1.6401779209412632,-28.709648327016417,15.159565589255571,2.155501834123889,user,ohp,heavy
1788967301888,7.714567246356606,-6.160880006518959,0.5346560350164771,-6.055775491727535,6.627196374766795,-2.2384199037610206,user,ohp,heavy
1788967301904,8.414123043933511,-6.051793608856201,0.4560964391730726,18.54982389889249,-7.017495582056126,-1.0922776622095038,user,ohp,heavy
1788967301921,8.415170507159829,-5.998671674999595,1.041028955487162,30.2671875898732,-16.66475828231338,1.7757490792432922,user,ohp,heavy
1788967301937,8.168566567119955,-5.977123275536298,3.009062281744182,23.2701915399504,-8.639352601892803,8.291145289137322,user,ohp,heavy
1788967301954,6.90742142715454,-5.751919850921631,4.178330371392518,6.622381518288759,-5.820592014923309,6.81534119253079,user,ohp,heavy
1788967301971,6.216245335388183,-5.708374723705649,4.504690861975401,-6.238048481239434,-4.784149655074779,-1.365016827443339,user,ohp,heavy
1788967301988,5.981914016944169,-5.92490092086792,3.3635544957034287,-7.273290008454512,-8.440884380085159,-4.879201555772438,user,ohp,heavy
1788967302004,7.455545138770342,-6.231509540015459,2.3054667072571813,2.700565444042893,-7.407486150172337,-0.0941428652181327,user,ohp,heavy
1788967302021,7.624037080603838,-6.503101206317544,1.7265185260497034,17.97412432922504,-10.558792853017296,2.1100198178841856,user,ohp,heavy
1788967302038,7.23946785441935,-6.698826022991538,2.140416138049215,21.742266269787496,-13.583401254305812,-6.063227654998842,user,ohp,heavy
1788967302054,6.988377124354243,-6.61353434241414,3.784036600659788,5.687108347313281,-8.641924168115313,-12.636386988147082,user,ohp,heavy
1788967302071,7.537247270423173,-6.420201389312743,3.953425491333008,-8.407639288073767,-2.190436757624623,-11.908609841514712,user,ohp,heavy
1788967302087,9.094375590625404,-6.117036188617348,2.854786058398336,-8.409141075917523,5.062426929786731,-2.644440285529017,user,ohp,heavy
1788967302104,9.476699668231603,-6.322787893787026,1.4951790828980505,4.699344745679431,2.4147487077043044,0.2396278755610679,user,ohp,heavy
1788967302121,9.343521031841636,-6.539312921905517,1.6186296676084395,15.08946565025644,-3.67509512727302,2.6559333594680328,user,ohp,heavy
1788967302138,8.98873144237101,-6.586299129486084,2.554314919092506,19.39794727115319,-17.37275520110939,1.590364191512512,user,ohp,heavy
1788967302154,8.150461586108804,-6.6840130692631,3.382708839637041,12.928936796903422,-19.8744622487883,-1.5198878450570874,user,ohp,heavy
1788967302171,7.784598813959955,-6.676082860785723,3.191919871930033,3.080766430087772,-8.30630147890558,-1.927531250526608,user,ohp,heavy
1788967302187,7.764844896697998,-6.654982205089926,2.536058108520508,-4.537711307178841,-3.6827509155589575,-2.4441076355213696,user,ohp,heavy
1788967302204,7.3461582968562835,-7.052569902801514,2.516305506432801,-3.580315366925103,-15.934781814768266,-9.40296262845835,user,ohp,heavy
1788967302221,7.108236260443926,-7.327005852618813,2.393004997717589,1.5693580514418437,-26.406614406820253,-21.05077450312082,user,ohp,heavy
1788967302237,7.71800891124308,-7.1037465478092425,2.06170807364583,7.201526064618834,-31.528989906952184,-26.844958872278745,user,ohp,heavy
1788967302254,8.66237299761474,-6.817489811816811,1.7797906820319591,9.020156992462171,-23.182580703466645,-29.179797568345077,user,ohp,heavy
1788967302271,8.811710157123208,-6.543353137207031,2.0181632386907933,8.089700812398844,-26.204433977198704,-30.9463064688584,user,ohp,heavy
1788967302287,8.66910668978393,-6.106562140876054,3.6976957032904023,-0.8262753580139754,-31.089166705538386,-34.44767658836579,user,ohp,heavy
1788967302304,8.381801321521401,-5.7519204354435205,3.971232512310892,-8.194208683115562,-22.861437161523693,-34.42798173789406,user,ohp,heavy
1788967302321,8.633642577692866,-5.303606759101152,3.432239032611996,-9.435694602508343,-19.93460377197756,-27.39053730770644,user,ohp,heavy
1788967302337,9.597906127277016,-4.821623452869058,2.6306295124880967,-6.164526190579301,-22.06415259480269,-18.12755769874021,user,ohp,heavy
1788967302354,8.832959281378985,-4.933252520751953,2.399738251495361,-1.3555886050677828,-28.329321195915306,-17.877128812821688,user,ohp,heavy
1788967302371,8.680629369795321,-5.214422162738442,2.266112748120725,6.433585271232675,-30.38122442825573,-18.171883918906296,user,ohp,heavy
1788967302388,8.884884114405512,-5.28579988425374,2.14954520092234,10.674668719833855,-28.008922144591885,-15.343043253382334,user,ohp,heavy
1788967302404,8.693646087756752,-5.50352201320231,3.2887358399540183,4.962598592425117,-36.21353662090796,-19.800508375549988,user,ohp,heavy
1788967302421,8.247425584301352,-5.581781895446777,4.097676433618367,-6.727815733411661,-39.97726796681388,-27.26910678954737,user,ohp,heavy
1788967302438,8.995164105767012,-5.136608855217695,3.238906079510599,-11.780785412518863,-38.5017251249431,-24.1178367989692,user,ohp,heavy
1788967302454,10.030659246394038,-5.209933619147539,0.774075835705921,0.7240357504319355,-37.59737051279298,-19.45181014294791,user,ohp,heavy
1788967302471,9.441085918536782,-5.248688589477538,0.7362178872808813,6.167163924259396,-43.16470551659456,-23.233714914687944,user,ohp,heavy
1788967302487,8.747514456066488,-5.24823967666626,1.8965071361817416,6.103180846548832,-44.12876964246894,-25.018737042946587,user,ohp,heavy
1788967302504,9.248651960101723,-5.307347699195146,1.0275613519530742,10.769580174766707,-41.038033910957296,-22.381834938383736,user,ohp,heavy
1788967302521,9.224410083770753,-5.27397675999105,0.7616559145938605,14.768115495091095,-46.05329155433592,-23.438079297296603,user,ohp,heavy
1788967302538,8.530990012469887,-5.276072563226521,1.2321155179012566,10.695795348710352,-48.230967597600255,-27.671987205287863,user,ohp,heavy
1788967302554,8.303840129962563,-5.326350213567912,1.494281330340728,2.0376125556060574,-39.775954971216926,-30.838662687539,user,ohp,heavy
1788967302571,9.110086954498293,-5.151274217168987,0.9011175402434544,11.01439549896112,-34.61179920393202,-22.46268559513647,user,ohp,heavy
1788967302587,9.475953233778476,-5.095460560010373,-0.1351227196624502,21.513137328795665,-36.43294961780545,-21.20284524989657,user,ohp,heavy
1788967302604,7.741800705718994,-5.238512647899985,1.2538143221532925,23.2082827053134,-49.14638028601663,-34.91123811223997,user,ohp,heavy
1788967302621,7.903110042572021,-5.079149184417724,1.7371427045851011,13.80090350578299,-49.58038416625758,-37.40540804616977,user,ohp,heavy
1788967302638,9.664644498553873,-4.317494073541462,1.3335710918920114,3.714757608896461,-33.49128959511851,-29.98555498473148,user,ohp,heavy
1788967302654,10.49498297729492,-3.879355461993813,-0.6382043069701642,10.773667189211311,-15.09372256565665,-17.52290324963378,user,ohp,heavy
1788967302671,9.90810487987101,-3.871574014337361,-0.8958801693129352,21.647036357284595,-22.8197764226812,-19.37379913734261,user,ohp,heavy
1788967302688,8.347983223071694,-4.40802482381612,0.0597051618715515,27.424917064893695,-36.26761122856695,-27.742809436791724,user,ohp,heavy
1788967302704,8.729859556910395,-3.909432912610471,0.03591337310386,26.80470173731069,-28.126082086972406,-25.396757277655528,user,ohp,heavy
1788967302721,9.554660859790443,-3.831172153583169,-0.5606922793843551,33.179061157589715,-24.59295500291904,-21.79031152795666,user,ohp,heavy
1788967302738,9.166801359888913,-3.344550958417356,-0.741005614747759,34.033224124624,-18.688862644731856,-20.132032097484068,user,ohp,heavy
1788967302754,9.274091521784662,-3.382109996961057,-0.2406166731906589,39.09657996013785,-27.82492367854091,-17.076938000608845,user,ohp,heavy
1788967302771,8.819640365600586,-3.579032206726074,-0.0558146161398384,37.60638977759198,-31.88051242277606,-22.18011213143658,user,ohp,heavy
1788967302788,8.488342710876465,-3.679738314056397,0.7767690203126519,28.117595576928665,-20.676201806395444,-18.90819880200118,user,ohp,heavy
1788967302804,9.05816329051554,-3.6553476769045,0.7242461939935106,21.75679237460482,-8.305446851485682,-9.370677178025348,user,ohp,heavy
1788967302821,8.807519719696044,-3.697545481164753,0.2190698994288686,30.77072279586488,-18.816675974670304,-8.618266954151327,user,ohp,heavy
1788967302838,7.902062579345703,-3.825635269983112,0.57131666341573,30.95350890333817,-24.58803043652746,-10.078627993044462,user,ohp,heavy
1788967302854,7.388656545367836,-3.967042805536091,1.3177086473769508,19.38294646818855,-24.936084923800266,-17.240782285966404,user,ohp,heavy
1788967302871,7.729381953650712,-3.8353617142274974,0.6941694283634424,17.507373107008462,-17.7873391459927,-21.62432427074701,user,ohp,heavy
1788967302887,7.9228627907902,-3.586664309039712,-0.4550482635607011,19.170891292574456,-12.631854303859132,-20.45230991294972,user,ohp,heavy
1788967302904,9.178920252227783,-3.333476898956299,-0.3881601268159225,21.1939557586918,-14.260906501099594,-13.309810343138135,user,ohp,heavy
1788967302921,9.255236599189043,-3.217657685907185,0.0270847716066986,18.989382430475956,-14.984767388016609,-10.017192149007489,user,ohp,heavy
1788967302937,9.309404827228189,-2.8257568016603587,-0.337731742892228,21.895776478930827,-14.68255030026376,-9.8969389847066,user,ohp,heavy
1788967302955,9.137471220508218,-2.835034333093464,-0.6103716396056116,21.829007964699368,-5.250013379586076,-9.041700262878036,user,ohp,heavy
1788967302971,9.23578546426594,-2.698864698193967,-0.5268737288434989,16.72979705113753,3.6432164999824543,-0.7802877476931325,user,ohp,heavy
1788967302987,10.002225763592124,-2.6858456421449777,-0.5942109427963383,15.885225377245238,5.280262152985948,4.833867028930125,user,ohp,heavy
1788967303004,9.39140564956665,-2.814084776306152,-0.6682814470595679,21.750612760953253,-0.2173727446872127,0.8808334150001563,user,ohp,heavy
1788967303021,8.759635686492919,-3.1268273681640624,-0.7199059271663427,25.965539573241045,-0.1317082586528616,1.036287826818559,user,ohp,heavy
1788967303038,9.46158627025187,-3.164536044311524,-0.3332430349045432,24.901462694897468,4.8417439445904416,6.801284663218904,user,ohp,heavy
1788967303054,9.113380735346674,-3.282600698199868,-0.1068412673507817,24.367084062161304,4.46199866022925,3.2614138345772075,user,ohp,heavy
1788967303071,8.379558511030673,-3.529502744403481,0.4222777836009394,21.55083655791955,4.995794165565025,3.2700220073655397,user,ohp,heavy
1788967303087,9.40397579280436,-3.2272347848087546,0.3278562638322823,20.24792845486813,7.906850671902078,7.633094982420675,user,ohp,heavy
1788967303104,9.676018125483392,-2.900276620593667,0.137816561856307,18.079106044315427,15.800268069254034,17.053840008383155,user,ohp,heavy
1788967303121,9.598654315295814,-3.163339528003335,0.584784344581631,9.56722355535528,23.85997495968641,18.96991297624683,user,ohp,heavy
1788967303137,8.042873318049311,-3.8159091179996727,0.9211690887451172,8.369360346644077,23.753275452019768,11.805652423739588,user,ohp,heavy
1788967303154,8.081180544611811,-3.749021401380002,0.6573584499743766,12.927767980781702,17.131181655449794,10.632412046986278,user,ohp,heavy
1788967303171,9.204957779803872,-3.3385648697450754,0.7398080937925726,10.791860251839289,16.606998787597167,15.095534273333996,user,ohp,heavy
1788967303187,8.97047507019043,-3.2510271638065573,0.7303822033973411,4.488776843757108,22.8004845533705,17.718929678813147,user,ohp,heavy
1788967303204,8.942493422809243,-3.1323642517641184,0.988356372833252,4.734290981680978,20.686257552401,18.390728302555384,user,ohp,heavy
1788967303220,8.179192006030679,-3.380463691058755,0.512209627267532,5.69243589486589,22.03928387603467,16.680583830620296,user,ohp,heavy
1788967303238,8.623616858240961,-3.656545069995522,1.1825855806546286,1.641569586111569,19.129915280196258,15.987886535565115,user,ohp,heavy
1788967303254,8.155401380598544,-3.9255937738165256,1.5025121291998773,-3.0259823365287457,16.825448727821684,6.931869342413084,user,ohp,heavy
1788967303271,8.000674929267168,-3.589208440564573,0.8551793804110959,0.4930335233385209,15.72284104482277,3.489203631604895,user,ohp,heavy
1788967303287,9.453656646296382,-3.091364132855833,-0.0965157429683953,6.536513660703829,19.99460698383612,12.000889966069815,user,ohp,heavy
1788967303304,9.640853288599848,-3.141343092511594,-0.2682994198236614,9.248884659840265,26.58003974003605,15.52968329509481,user,ohp,heavy
1788967303321,8.74063112629354,-3.405302948760986,0.5939121607791632,9.002535958177184,27.776185156170992,16.891658874088495,user,ohp,heavy
1788967303338,8.723574777552486,-3.509152614814043,1.1246770335759968,7.679723830110706,24.26247117728609,16.92864947108599,user,ohp,heavy
1788967303354,8.680478563147783,-3.4976305193245407,1.0820293666563927,6.530312702711103,28.900029604846768,16.8759187031462,user,ohp,heavy
1788967303371,8.96374137802124,-3.5154362251281737,0.954688423443958,8.799151707714422,28.447258072313915,16.632019478074216,user,ohp,heavy
1788967303387,9.110537620875238,-3.3032509797796603,0.7431009247928857,12.657855126482078,28.776450992193727,19.192140011082365,user,ohp,heavy
1788967303404,9.21887349243164,-3.4317890968874094,1.0197811464056372,17.207771981707733,19.98769653994336,20.803579711774304,user,ohp,heavy
1788967303421,8.86752615236938,-3.661334057837725,1.3162125088013708,14.945022517236303,23.899800085189465,24.610913277794296,user,ohp,heavy
1788967303438,8.52814923608601,-3.839403390833735,1.8336597809940576,7.941226160221106,29.45435068241208,25.69578637461327,user,ohp,heavy
1788967303454,8.075642199707032,-3.972280121667683,1.9647420296266676,1.8482400113387527,28.7891209931041,22.228917248150907,user,ohp,heavy
1788967303471,8.566604346686601,-4.04096407405436,2.1374242627568543,0.8179964750488324,18.818887248414093,26.35664474285244,user,ohp,heavy
1788967303488,8.52964385855794,-4.113538311877846,1.5710456402651964,1.5566897580787624,19.74059395615064,28.420960136462075,user,ohp,heavy
1788967303504,7.932887925720214,-4.0851068749025465,1.6596306632995603,0.5100752722045259,21.028356114717543,22.247199957011738,user,ohp,heavy
1788967303521,8.457218673816323,-4.014926838739216,1.5385747186407446,3.148305261591562,20.700971487420496,23.357356706590807,user,ohp,heavy
1788967303538,8.680178703418374,-3.9124253724247215,2.3481134243287145,-2.7611137903745866,22.1937742173239,25.70925380010924,user,ohp,heavy
1788967303554,8.117391675677895,-4.080468109185993,2.0644011121220887,-5.864856336500046,20.79468509792765,26.17436748447231,user,ohp,heavy
1788967303571,8.438364335742593,-4.207510727038979,2.550723032080382,-13.925987321374372,19.89656986358434,28.483104612625432,user,ohp,heavy
1788967303587,8.572139184460044,-4.226963615527749,1.8359039066590368,-16.35964177925786,25.780190437281703,32.730905125388496,user,ohp,heavy
1788967303604,8.331971999469399,-4.395605194965005,1.784129003497213,-15.65709535141952,25.68578185502649,31.816315474767112,user,ohp,heavy
1788967303621,7.863606299701333,-4.498704334911704,1.8818426510132849,-9.29255176675145,21.606885090248674,31.606348629491748,user,ohp,heavy
1788967303638,6.994512266108393,-5.02393407767415,1.4423577394232152,0.0771200527847974,16.17827805867922,25.804954995664875,user,ohp,heavy
1788967303654,7.312790280261635,-4.902427174377441,1.506401610919088,8.727554249739763,10.741958035989528,22.29183353569048,user,ohp,heavy
1788967303671,7.997234433424472,-4.4684798770397895,1.9235922731146216,14.086969757469696,9.241480734779971,20.91822614454026,user,ohp,heavy
1788967303687,7.878272538435459,-4.6751288233101365,2.401684417127073,17.810800845791697,8.07041406573002,21.10490204474588,user,ohp,heavy
1788967303704,7.93588067779541,-4.88417138671875,2.817227458246052,17.947792242427347,6.344636144558422,23.881934017868005,user,ohp,heavy
1788967303721,6.929268517303466,-5.293281179919839,3.645472033447772,8.500381304171492,10.217681253035812,16.378778261764943,user,ohp,heavy
1788967303737,6.819884013476967,-5.125687063708901,3.809923321588337,3.87845589896051,7.875495834743488,9.141825713468547,user,ohp,heavy
1788967303754,7.241265843752026,-5.007025612971186,3.7289699624761936,3.555302787297693,-2.647753567606708,8.054500578737537,user,ohp,heavy
1788967303771,7.462427299499511,-4.742165300750732,3.4846111710146066,3.218077564953946,-7.492667146858859,5.720555783678833,user,ohp,heavy
1788967303788,7.0100734078556295,-4.741866025543213,2.9659663596004244,1.7245780490334972,-4.18833090943341,3.539220253123252,user,ohp,heavy
1788967303804,7.184103110072016,-4.59013466437459,3.0731077606752515,-3.175116955735035,-2.4639595803440115,1.580992424919314,user,ohp,heavy
1788967303821,6.357652870941162,-4.805761282348633,3.1881784934446213,-7.39407678128431,-7.126061012026656,-5.579645139120062,user,ohp,heavy
1788967303838,5.484668844172358,-5.260959457507729,2.852991430066526,-9.76462712142605,-7.265834856975443,-15.175384307373324,user,ohp,heavy
1788967303854,5.400272066608071,-5.2630537994384765,2.3862707210265097,-7.458289097218892,-7.876825160310703,-26.23989631936941,user,ohp,heavy
1788967303871,6.241834534674883,-4.296096188464761,1.5765819393433629,-2.9619365064551824,-8.033829864988139,-32.356095079589466,user,ohp,heavy
1788967303887,7.47619395904541,-3.6960488128662106,1.2306199455812572,0.505073919545637,-4.580032866823533,-29.16914588833444,user,ohp,heavy
1788967303904,7.446567467066645,-3.73390829566121,1.4944314794011413,3.31859553797832,-5.194511262390553,-26.91856782096397,user,ohp,heavy
1788967303921,6.558767563959956,-4.284425039893389,2.0045459244877097,2.431718526140613,-2.76139425501738,-29.75812676084298,user,ohp,heavy
1788967303937,6.121524147686362,-4.195987462505698,3.0659248634338376,-8.384085380720979,-0.7916291700882329,-33.64118492664361,user,ohp,heavy
1788967303954,6.369623879241943,-3.891474938854575,3.3848027431763708,-24.23860820387336,1.299413607517307,-32.90390015668658,user,ohp,heavy
1788967303971,6.759132315394282,-3.803189921680093,2.82336303839162,-33.859716829138165,1.2937958836466774,-33.76063810503796,user,ohp,heavy
1788967303987,6.594231091529131,-4.008193146570027,0.3974380601078272,-17.777211683000864,0.0955843086073765,-37.35164079702343,user,ohp,heavy
1788967304004,7.081152438685297,-4.107104771699011,-0.3100477998159825,11.126763209865231,-6.783823284605766,-36.431242070512944,user,ohp,heavy
1788967304020,6.63882426649332,-3.7180464174017303,1.4164704339727758,25.21695767039682,-15.49594557568953,-36.75966830165842,user,ohp,heavy
1788967304038,6.37815380717814,-4.154388793182373,3.867683144378662,3.0019616284348687,-6.568430280921652,-37.40450987629392,user,ohp,heavy
1788967304054,6.4411529919266695,-4.456807559424639,4.346823628400266,-25.059885517601327,6.3556643387470535,-37.89600004368428,user,ohp,heavy
1788967304071,7.853281305041909,-4.626046520233154,3.015348084015399,-33.29040007125009,7.971616233159432,-35.58255350009843,user,ohp,heavy
1788967304087,7.850140084406733,-3.838953893500566,1.7975972646184264,-19.651861261095707,-6.655209114987133,-38.0140257125421,user,ohp,heavy
1788967304104,7.975983555603027,-3.799149706378579,1.2795512958802282,-8.8037347646475,-12.87297620325986,-40.0589877651385,user,ohp,heavy
1788967304121,9.187299958038327,-3.512144490106404,2.489221538543701,-14.398313685500971,-12.378544785658162,-37.43347670856394,user,ohp,heavy
1788967304137,10.440515474048256,-3.395577089038491,2.60130039602071,-30.8472721409878,0.221550632664292,-19.55897410347812,user,ohp,heavy
1788967304154,10.03589539348185,-3.550301786804199,2.086097980145365,-29.256630366318547,10.004635699992066,-12.298084303461764,user,ohp,heavy
1788967304170,8.265234797236323,-3.884892053332925,1.6882114456176758,-21.702553842405752,4.26713250943514,-18.940295568458364,user,ohp,heavy
1788967304188,9.473107781219484,-3.789422969873249,2.166004314422607,-19.36562681600069,-2.8222879527889826,-19.92376596931204,user,ohp,heavy
1788967304204,9.943720383131504,-3.4941888544380664,2.462436115209758,-26.141574038719785,2.086726951823738,-10.469404459802048,user,ohp,heavy
1788967304221,9.533712764307856,-3.746926182666421,2.0546742294862863,-31.458136939597058,7.99573960753427,-3.743676629842295,user,ohp,heavy
1788967304238,8.922291761779785,-4.144811986541748,0.4888663437440991,-23.11327135886394,6.457080268203873,-9.616887568357736,user,ohp,heavy
1788967304254,8.93830298538208,-4.102764112146199,0.0694319942750036,-8.397331678842571,1.1912616174349748,-15.34965829159349,user,ohp,heavy
1788967304271,9.682003629633783,-3.751864223590493,0.3241154881350696,5.930076532224029,0.6866992150251484,-12.084828722101042,user,ohp,heavy
1788967304287,8.964191459876298,-3.859005332404375,2.6445461018987,2.856638895115681,6.113275439255288,-5.029145979282197,user,ohp,heavy
1788967304304,8.851214484515786,-4.145261191613972,3.57678778880015,-11.354470617736055,5.123673662961059,-2.6229027780852627,user,ohp,heavy
1788967304321,8.85510389316976,-4.29684320743978,2.876782932281494,-22.59555326506073,8.565730846602882,-5.218123226351287,user,ohp,heavy
1788967304337,8.595334182086587,-3.9061405930668114,0.9334396645143628,-15.891804556963251,11.951813349335982,-16.360900241612438,user,ohp,heavy
1788967304354,9.04589300700724,-3.4849107384830718,0.6605015520393848,-1.433933756333885,4.154328520197795,-15.636609906551358,user,ohp,heavy
1788967304371,10.064624059838057,-3.063829644720256,1.1216828932613134,8.316661168329198,0.2758645637484979,-8.100797308479175,user,ohp,heavy
1788967304387,10.29162430474162,-3.4256536628723144,2.4977504435665905,-0.7055226827691746,6.497447966859117,-1.8918292114047168,user,ohp,heavy
1788967304404,10.25915528281331,-3.4536361870363352,2.4941598717287183,-8.439455163001332,13.193330858353676,2.40034960171686,user,ohp,heavy
1788967304421,9.733628018409012,-3.258509043994546,2.100014277295023,-9.7125930327816,14.534324949990728,3.6590224114955103,user,ohp,heavy
1788967304438,9.539996959143876,-3.268384541320801,2.2833206341616807,-8.51618892323184,11.463208083096305,8.634033592076657,user,ohp,heavy
1788967304454,9.32137466648519,-3.375824048559368,2.218078200531006,-7.627874156573847,11.27673623479214,12.50243587946573,user,ohp,heavy
1788967304471,9.101409142524004,-4.03168625036031,2.0259435173034666,-9.760488026789025,13.74003883631536,12.355539000986266,user,ohp,heavy
1788967304488,8.935611262080073,-4.053384287427366,1.6234189477115868,-9.648319245144489,16.18868897452161,7.996193815114077,user,ohp,heavy
1788967304504,9.088689946204424,-3.885939224298298,1.4833575660705565,-2.615090322335237,12.676988193894577,8.73181884910279,user,ohp,heavy
1788967304521,8.855555728590488,-3.7933141320928927,2.035520908465981,0.996518943654454,8.521968970816964,10.672685403653611,user,ohp,heavy
1788967304538,8.770112656843661,-3.9639012926399695,2.250100793866068,-0.4167224611041866,10.754297626498802,13.043149512657084,user,ohp,heavy
1788967304554,8.418014790675043,-4.215441812299192,2.3430264764532445,-4.68284428930515,15.696828269368776,9.40140534532759,user,ohp,heavy
1788967304571,9.1039541508317,-3.9127252321541306,2.334496402386576,-4.341017227008106,11.742786508845144,9.067557651528412,user,ohp,heavy
1788967304587,9.376144367548823,-3.817705061505735,2.2580329020395875,-2.5317989401712824,7.187414893793588,10.751954017839845,user,ohp,heavy
1788967304604,9.250298558264973,-3.924396380725503,2.2014690110355613,-5.365711661484215,12.207124112963768,11.883028221752076,user,ohp,heavy
1788967304621,9.290400851550698,-3.8753149544313543,1.8451818764835597,-6.010723563962131,16.1308833760285,14.488846135402198,user,ohp,heavy
1788967304638,9.198074450030925,-3.821295779474079,1.5891516441896556,-1.0860955939587018,16.984026937329162,15.845864704605749,user,ohp,heavy
1788967304654,8.851514344245194,-4.030788132476807,1.5780788999028503,6.411448628132663,16.94299286834302,15.003388191241354,user,ohp,heavy
1788967304671,9.182212864032389,-4.489726955468952,2.2153848697938026,7.627726453733045,18.285903681815903,14.550188064338084,user,ohp,heavy
1788967304687,8.902839457812904,-4.365827311816811,2.6309293722175062,8.034167105578408,15.4014055122928,12.103134482850322,user,ohp,heavy
1788967304704,9.561543020519611,-4.166808422033489,2.9508536922730504,8.762120983355551,11.336704441931206,14.636412372420324,user,ohp,heavy
1788967304721,9.14121157608032,-4.076277964019775,3.317915464948117,5.542827004399109,13.30452036162596,15.56637677886341,user,ohp,heavy
1788967304737,8.902391129523515,-4.324377403314411,3.518579053198546,0.94551535980103,14.299643065203677,14.896857730756665,user,ohp,heavy
1788967304754,8.33122439597249,-4.581604444177448,3.378668039813637,-0.0455806404360586,10.391988534428185,8.98385282947626,user,ohp,heavy
1788967304771,8.428040510126948,-4.456957197028398,2.5597008499145506,7.829312656896801,8.500814167410143,6.843655741735077,user,ohp,heavy
1788967304787,8.755148896467686,-4.296994890870153,2.517803636036068,15.543007286618211,5.798399876536291,9.429792465291808,user,ohp,heavy
1788967304804,8.692000658637285,-4.352958185632526,3.2957688073307274,14.17986716037104,3.0426100051763187,9.817586700703036,user,ohp,heavy
1788967304821,8.509741472736,-4.52294650350362,4.099022879791259,4.629286641588964,2.381783866892296,6.810417479912856,user,ohp,heavy
1788967304837,8.813505223846436,-4.286369159698486,4.036175962994992,-4.225168680948228,5.760968305450506,9.314205173967682,user,ohp,heavy
1788967304854,9.3785374001652,-4.067749205127358,2.9722527463935315,-5.865079598308541,12.205866504382838,16.212577561143732,user,ohp,heavy
1788967304871,9.066692049407958,-4.260481854248047,2.7380693119876085,-2.7559488867015878,10.579981807369968,19.17555972687216,user,ohp,heavy
1788967304887,8.731355348426103,-4.458602333886921,2.8309947023138404,-2.7142576254512414,7.190409077970992,18.621141319111175,user,ohp,heavy
1788967304904,8.289026007190346,-4.692934821374714,3.1878798027589914,-8.277601877786832,3.368702019172945,16.327807975083726,user,ohp,heavy
1788967304921,8.398111820331215,-4.595071828515827,2.9527994195133447,-11.093703386735076,1.879666565483628,17.01519821315381,user,ohp,heavy
1788967304937,8.167818963623047,-4.602702761785686,2.862417868451029,-12.36240077978119,1.17556851076493,16.57136569069721,user,ohp,heavy
1788967304954,7.994390734431147,-4.92861492407918,2.321777644458413,-10.310750264440053,7.141696595697284,15.982721205005292,user,ohp,heavy
1788967304971,8.093599296680093,-5.0965077309757465,2.1591212769106027,-6.968511599762911,8.064761230418188,15.522836030451872,user,ohp,heavy
1788967304987,8.034493612238764,-5.071219268201292,2.353051319122314,-5.178030442810136,5.973003844270735,13.529517038169937,user,ohp,heavy
1788967305004,7.871237817493081,-4.944625563159585,2.6936270898014305,-4.711414970603313,5.504746565342171,9.934572473259722,user,ohp,heavy
1788967305021,7.988703336444496,-4.748899577441812,2.792088925336301,-2.8625226761988234,1.9467477743130277,7.961015779567572,user,ohp,heavy
1788967305038,8.221091119605303,-4.746505375781655,2.7388179383978244,-0.8489365916587555,2.692173062543651,9.072471118862593,user,ohp,heavy
1788967305054,8.134450947028398,-4.971560331836343,2.792537545886636,-2.7084611427234275,7.53886996149941,8.987724692962011,user,ohp,heavy
1788967305070,8.476672146826981,-4.924125211444497,3.0131027893066404,-3.0714523999374013,4.30095517931822,10.845725684954948,user,ohp,heavy
1788967305087,8.326735852381587,-4.840628013068438,2.960431229566037,-1.6425232512744317,2.344372359487197,9.72670591115414,user,ohp,heavy
1788967305104,8.050654473444819,-4.75608276694417,2.778920523944497,0.4414715181595955,0.4574330832805335,7.213984329664937,user,ohp,heavy
1788967305121,8.595334182086587,-4.66016389389038,2.9246675500065087,0.965677437900673,-0.1571470314123096,9.556757144225882,user,ohp,heavy
1788967305137,8.565705936542154,-4.707749820929766,2.9653681014463302,-1.1388611531745776,5.841183327723606,12.523215022468202,user,ohp,heavy
1788967305154,8.655038416942954,-4.799775778198242,3.018788725988567,-3.968054320492737,11.56484642058797,16.14397343357283,user,ohp,heavy
1788967305171,8.374318856811524,-4.937741648864746,2.977938244684041,-4.0655142897596495,10.167222376768695,17.29183111982308,user,ohp,heavy
1788967305188,8.311173541590572,-5.012710672870278,2.9426237701967355,-2.087578591035874,6.606004005319538,15.84772251605999,user,ohp,heavy
1788967305204,8.110060602137446,-5.032313783484697,2.8715459084108472,-1.4822470994279702,4.508973286246013,14.60379651158622,user,ohp,heavy
1788967305221,8.218096613964438,-5.081394332996011,2.634370598712563,-0.1959459610132067,4.755836813417783,15.357203943079062,user,ohp,heavy
1788967305238,8.256106903406977,-5.133019890815019,2.378789279229939,4.246171085759194,6.06730399727287,16.688339510422846,user,ohp,heavy
1788967305253,8.053046921539305,-5.38201569442749,2.3922569558292626,9.359619955532745,5.9024936670345785,15.81129540966902,user,ohp,heavy
1788967305271,8.251915881457924,-5.498733609881997,3.1399960618168112,11.052017034683196,3.2077637658638154,15.163387080096197,user,ohp,heavy
1788967305287,8.09539377888143,-5.595697608074546,3.5034652168273923,7.464043531594628,-0.0292302347801059,13.08093497291924,user,ohp,heavy
1788967305304,8.029255127063394,-5.560084442901611,3.702484106610715,3.35926440528728,-1.1339343456271769,11.36684179787024,user,ohp,heavy
1788967305321,8.061876709204912,-5.6115597785949705,3.5112475412666795,0.0919868066168698,-0.6503128229649335,10.116644825964752,user,ohp,heavy
1788967305337,8.124424058532714,-5.5075616439819335,3.4931405144289136,-1.9892911016623327,-0.604960313515196,11.59684414930219,user,ohp,heavy
1788967305354,7.912835317772626,-5.549459588512778,3.2104742041438814,-3.924349647541118,1.1622363016701824,12.97367538974065,user,ohp,heavy
1788967305371,7.693767619433999,-5.595698192596435,2.8661589546754955,-5.09343897682635,5.108142666562095,13.817778341901152,user,ohp,heavy
1788967305387,7.520787134009599,-5.582232561823726,2.8678052605777977,-4.070837141557204,3.745273186560785,12.294031439963009,user,ohp,heavy
1788967305404,7.10479518007934,-5.694011267310381,2.9596830415472386,-1.2086642991099326,-1.729904209203932,7.675869042097879,user,ohp,heavy
1788967305421,7.109582414355874,-5.703886764636636,3.1377509132385253,-0.8375304959099515,-5.504703022886213,1.761099283968967,user,ohp,heavy
1788967305438,7.44986007887125,-5.651663825446367,3.016694968579709,-1.8731644388371875,-2.8631531880365806,3.5490798446335767,user,ohp,heavy
1788967305454,7.436092834803461,-5.523723674231768,2.9429239221870898,-3.120860494289393,-0.8286682721010071,4.632895969678493,user,ohp,heavy
1788967305471,7.510161695098876,-5.402066548809409,2.8046581917911766,-2.2608833287241348,1.2937084785696424,7.275869258639838,user,ohp,heavy
1788967305487,7.419480722698569,-5.4035623403251165,2.7650027654901144,0.4616379184883227,-0.24413817497123,6.965336842459324,user,ohp,heavy
1788967305504,7.254132339587807,-5.385457943835855,3.031059886279702,2.552201568995757,-3.9790607434533896,4.814323723280602,user,ohp,heavy
1788967305521,7.344512867736816,-5.410147563934326,3.1569045265197757,1.773110918676375,-4.554522964047181,4.032950082231144,user,ohp,heavy
1788967305537,7.726088757324218,-5.419125820159912,3.3628064538151023,-2.290428379196083,-3.3782422993395715,4.906413029425769,user,ohp,heavy
1788967305554,8.05753721869588,-5.518186498370766,3.4213147568851707,-5.410316638745806,-3.1430737635741552,6.334544113172905,user,ohp,heavy
1788967305571,8.058883372607827,-5.648371213641762,3.1139585342407226,-6.3833838077199045,-0.2076359898602422,6.462526917180135,user,ohp,heavy
1788967305587,8.106468130603432,-5.726930955615639,3.1199437461301684,-7.077564961372273,0.8938455123384125,6.525758674081997,user,ohp,heavy
1788967305604,8.074893427166343,-5.77182106769979,3.0321073495060205,-6.117132361702229,-1.588809362980982,6.093435874150516,user,ohp,heavy
1788967305621,7.937676329040527,-5.838859298706054,2.934991667883098,-3.796213591164386,-3.906054558962416,4.6231800255841495,user,ohp,heavy
1788967305638,7.896227297320961,-5.890633325085044,2.736572205297649,0.2591773443890989,-6.258741819990457,2.8719549539992,user,ohp,heavy
1788967305654,8.060977714538573,-5.94405453414917,2.7061960639953613,0.9497596820399582,-5.824019062339363,3.483328815145037,user,ohp,heavy
1788967305671,8.104072759899497,-5.925948384094238,2.7202617064878343,0.3374595832096431,-2.9872056450632907,5.385610136970578,user,ohp,heavy
1788967305687,7.851186378589272,-5.957372280883789,2.5393501358032227,0.982247903713947,0.4685636769458627,5.233526583590136,user,ohp,heavy
1788967305704,7.570616456061601,-5.98161474173665,2.7703911805301904,1.324289476639611,-0.0688596726953942,2.766580716474947,user,ohp,heavy
1788967305721,7.534554962599277,-5.952734684211015,2.84999926251322,1.7594284489432526,-1.5870032048323368,0.3497056588242264,user,ohp,heavy
1788967305737,7.455246448084711,-5.923105854144692,2.99365106986165,-1.6819495577629782,-0.8541034163224586,-1.4371588862826004,user,ohp,heavy
1788967305754,7.619996280780434,-5.819256772613525,2.826205129949748,-3.665057737400863,0.3310619904740154,-0.7636817435518332,user,ohp,heavy
1788967305771,7.7325243433296675,-5.748328548431396,2.723404680688679,-2.501424448602001,-1.4490019006948738,0.9088843082303112,user,ohp,heavy
1788967305787,7.522433732172846,-5.639992092353105,2.556708682361245,0.6673669515488091,-4.121561114541481,1.0717034248821329,user,ohp,heavy
1788967305804,7.343167882868647,-5.640590642768144,2.8546371514469384,-0.0848143275858829,-4.329527995050499,0.0654121147015104,user,ohp,heavy
1788967305821,7.450905788531899,-5.662137873187661,3.014898440551758,-5.186000419797894,-1.538187629390844,1.3070632059443097,user,ohp,heavy
1788967305837,7.662344891688227,-5.628619049945473,2.989909252984821,-9.71213114123898,1.8246839695518489,4.561895299482564,user,ohp,heavy
1788967305854,7.454797535273432,-5.806089832526445,2.38432645509094,-7.031268658517457,2.963599870961492,3.6734520398908086,user,ohp,heavy
1788967305871,7.250991118952632,-5.848735965076089,2.426524259351194,-1.4831416407658304,-1.1515607159974526,0.4512914091953698,user,ohp,heavy
1788967305887,7.535449281090497,-5.959616260418295,2.695122442925721,3.7830411444631937,-8.125270730048978,-0.8654484672555555,user,ohp,heavy
1788967305904,8.058434459796548,-5.838709661102294,3.420715329687297,0.2495989112126551,-10.941954512623964,1.7181872331261867,user,ohp,heavy
1788967305921,8.119636239734291,-5.81581569224894,3.355473918969929,-6.118795939651951,-5.482775981216356,5.001639099947264,user,ohp,heavy
1788967305938,7.946058372938633,-5.850682422968745,3.0304622126474974,-11.419269476165612,0.0234142886812003,6.607488290803547,user,ohp,heavy
1788967305954,8.053496418872475,-5.923704404559731,2.418892887689918,-8.929736386908603,-2.8545153466140416,7.002126375763128,user,ohp,heavy
1788967305971,7.963114721679687,-5.991190379333496,2.274642237665504,-3.8787393518110655,-5.665213322155159,2.398613666450619,user,ohp,heavy
1788967305987,7.836819415062665,-6.21789134902954,2.3674166752137245,0.3966150245179037,-11.268228380407242,-4.06240612680047,user,ohp,heavy
1788967306004,8.626457634624838,-6.4381579017639154,2.680607887621969,-1.7777612102840956,-11.100110104176547,-5.017507336936496,user,ohp,heavy
1788967306021,8.730308469721674,-6.653038669806718,2.577508309283852,-5.215286136524793,-5.690590890016341,-6.5471491190151845,user,ohp,heavy
1788967306038,9.076418493652342,-6.859537393951416,2.006041423742473,-0.562959772761495,-5.550388450697136,-9.20588520392045,user,ohp,heavy
1788967306054,9.086893125915529,-7.105841474261879,2.2565356492191557,4.360410695382711,-9.692768408715638,-13.839033890598232,user,ohp,heavy
1788967306071,8.943241610828041,-7.41858406611979,2.604143218231201,6.772079628101575,-15.96616482645718,-21.737976910988728,user,ohp,heavy
1788967306087,8.98903071757853,-7.638101846313476,3.41996728779897,1.3425349396251247,-18.24248758435672,-31.087554780894266,user,ohp,heavy
1788967306104,9.344420611029864,-7.387160753852129,3.631854134722799,-5.652774693902919,-19.08095648422561,-35.86153599184218,user,ohp,heavy
1788967306120,9.500792491480707,-7.078757652503252,3.4763819795906543,-10.555366659374888,-21.712850352579544,-38.236440577579806,user,ohp,heavy
1788967306137,9.629479661670327,-6.566546965789795,2.9939499066777526,-11.429382425005462,-29.519814630512062,-40.792051478188455,user,ohp,heavy
1788967306154,9.323769452667236,-6.544999150848389,2.730736923272908,-9.175292786627963,-34.4391559273762,-41.71005280830027,user,ohp,heavy
1788967306171,9.149590697368978,-6.556220802086592,2.88276814417094,-11.076872093072872,-34.44327453144572,-42.30574434166834,user,ohp,heavy
1788967306187,9.144203743633629,-6.287920578545331,3.053654287664592,-18.86428239318529,-34.72872521233347,-42.0243678686205,user,ohp,heavy
1788967306204,8.864084487482906,-5.84813741466105,2.689137669427693,-24.210143390507334,-35.01009827028673,-43.37670092805342,user,ohp,heavy
1788967306221,8.807519719696044,-5.500379039001465,2.3280628622077404,-27.07051562433466,-34.42097396380562,-44.62786522550011,user,ohp,heavy
1788967306237,9.35923298023641,-4.867860887908935,1.5876548297606408,-23.22276441390112,-34.079191297738184,-40.66027322343682,user,ohp,heavy
1788967306254,8.987982669830322,-4.875193715015054,1.0790363223202526,-16.356049099754433,-35.484390021347004,-39.64463433913968,user,ohp,heavy
1788967306271,8.768314667510985,-4.98906763921529,1.1002855927065014,-11.689319788022283,-34.923706622569824,-40.31319716076262,user,ohp,heavy
1788967306287,8.855853834754228,-5.051466812244057,1.5999261361822483,-11.845906143613057,-34.084518845290795,-39.74462489349408,user,ohp,heavy
1788967306304,8.85525411529541,-4.9932571998596185,1.7806872655455022,-16.271660405011634,-32.77123397734284,-39.33872041149856,user,ohp,heavy
1788967306321,8.726417892023921,-4.989965757098794,1.632098220990598,-18.842094523666507,-29.536131952439224,-39.381036848501374,user,ohp,heavy
1788967306337,9.196278798785803,-4.909161158807575,1.2972080947324631,-18.6157608375925,-27.63700639145364,-35.234780758128885,user,ohp,heavy
1788967306354,9.553912087249754,-4.385279908044636,1.083376251220703,-14.439062594089268,-28.15230147564879,-27.22681596575394,user,ohp,heavy
1788967306371,9.496600300487875,-4.240130847875774,0.827346311187744,-8.230255006460304,-27.31687884014973,-23.87739877225912,user,ohp,heavy
1788967306388,9.093626233562826,-4.298938133892417,1.0411789584171027,-5.988486175571862,-28.35959771695868,-23.883694499126573,user,ohp,heavy
1788967306404,9.34666517508626,-4.112939761462807,1.0983407057164236,-8.700061884556815,-23.83515234469529,-21.306863908313986,user,ohp,heavy
1788967306420,9.286960355708002,-3.9655467217594382,1.264138768823445,-13.05524919277176,-24.43841343521104,-21.91674857477735,user,ohp,heavy
1788967306437,9.380334220454095,-3.901951324683428,0.7541730662914924,-13.407742449231424,-25.048825733787783,-21.78140325373167,user,ohp,heavy
1788967306454,9.494506543079018,-3.983054029138386,0.4037221636123023,-10.656765940245606,-26.70632823024229,-20.13992267352272,user,ohp,heavy
1788967306471,9.843162159839272,-3.842694249072671,0.2629133154716808,-9.680513341797344,-21.390255395437965,-14.3162643305489,user,ohp,heavy
1788967306487,10.000133175227043,-3.5564380976021286,0.1981203609078656,-9.340737897572245,-18.40532953945358,-8.948655157135892,user,ohp,heavy
1788967306504,9.834334125739336,-3.197605954742432,0.165499020794942,-7.055209752218821,-20.272484692481623,-5.294260198803065,user,ohp,heavy
1788967306521,9.752034612715244,-3.182792708753049,-0.0564129564923234,0.7571937041705558,-26.09428180890661,-4.427986879483525,user,ohp,heavy
1788967306537,9.348907985576986,-3.200598122295737,-0.7197566092229913,12.34392426430266,-28.85169918627976,-4.2437062412424655,user,ohp,heavy
1788967306554,9.758166831859944,-3.1390973594114184,-0.0555155875274911,15.058103129135034,-19.63489848629198,6.223798145309849,user,ohp,heavy
1788967306571,9.339032488250732,-3.5181299942567943,0.3755907690295018,8.421238194711263,-11.652049153268816,8.214335543052297,user,ohp,heavy
1788967306588,8.151957962146401,-3.858255975341797,0.4785410750900395,4.318313678206984,-10.69753363185412,4.26547320035365,user,ohp,heavy
1788967306604,8.608502291217446,-3.518878182275593,-0.4484636792723089,10.760421744863365,-9.966317484974647,5.3118748297857055,user,ohp,heavy
1788967306621,8.527099434772133,-3.393930783136189,-0.5476736480270512,17.56451446960479,-7.650768096898083,7.725501465475424,user,ohp,heavy
1788967306638,8.128913771167397,-3.8958153061464422,-0.3327938663649372,22.798049590931388,-5.17316777500791,7.490425137263802,user,ohp,heavy
1788967306654,8.125472106280922,-3.873669233050942,0.7692874506519176,17.32588302793018,-5.573876617479163,6.015778330834764,user,ohp,heavy
1788967306671,8.377761690741776,-3.907636676843464,0.7763201805666089,14.152875960318442,-6.152012003359369,6.20567423834722,user,ohp,heavy
1788967306687,8.274810434833169,-3.705326344299316,-0.4727050258803181,20.56651409096692,-5.74033729217566,5.007667595663446,user,ohp,heavy
1788967306704,8.448688745880126,-3.50840296549052,-0.9418185848736204,31.84137885392647,-3.295325937249733,8.298747289683547,user,ohp,heavy
1788967306721,8.889221266826986,-3.143736417388916,-0.126293753980752,32.197429785170065,0.9140039619000588,15.80340995627224,user,ohp,heavy
1788967306738,8.917352551811932,-3.235164701025188,0.9226659123072866,24.07960310754276,-1.8191045587735943,18.02737931418363,user,ohp,heavy
1788967306754,8.555829270172119,-3.2562638954162595,0.7236479175731073,20.40951365515771,-2.578344971817627,13.978035070397162,user,ohp,heavy
1788967306771,8.09449712230265,-3.386298973083496,-0.3336917376532685,25.178440526119825,-1.3123575630464217,9.1485551573483,user,ohp,heavy
1788967306787,8.577528476282954,-3.2202021096929907,-0.3983349906812422,29.252610799991995,1.13146085665228,12.452057257921362,user,ohp,heavy
1788967306804,8.87291310610473,-3.204639798901975,-0.4789892732319771,34.972371720406166,2.0577496608265475,20.038622430394973,user,ohp,heavy
1788967306820,8.362796761322022,-3.5220199874326585,0.0888848918969277,35.43092671561873,0.4800949572555483,23.000522011139957,user,ohp,heavy
1788967306837,7.487268310767412,-3.903896029010415,1.160139739161264,24.63530217577312,3.2360761806339875,17.874774105105327,user,ohp,heavy
1788967306854,8.112453050231933,-3.677643679864704,1.1783959743445274,15.360779547109564,7.727207305220634,18.952233031580253,user,ohp,heavy
1788967306871,8.761881419593095,-3.154810184589028,-0.810138297282625,31.493592451578596,6.427683987789784,23.97225131681037,user,ohp,heavy
1788967306887,7.956530667114257,-3.266888165283203,-1.0196307964158244,46.328059819361776,3.060111724594241,23.71928843070978,user,ohp,heavy
1788967306904,7.745691283416748,-3.390489118249714,0.045789362478815,45.55340025426644,4.523140379245088,23.863475431636044,user,ohp,heavy
1788967306921,7.672818354907632,-3.899855521447957,1.8719668614260847,26.911754707266887,8.892405987999899,24.600037909088343,user,ohp,heavy
1788967306937,7.242458852928876,-4.110694028362632,1.5840635272704064,20.30782750634185,6.721355228230475,20.893555501258174,user,ohp,heavy
1788967306954,7.313388830676675,-3.9776670754030334,1.181838488614373,22.79084544890432,3.859767647617709,19.24607972250525,user,ohp,heavy
1788967306971,8.572738319396972,-3.6941035240173337,0.6346130775451659,23.452755666275667,6.886714961810131,24.66546770624248,user,ohp,heavy
1788967306987,8.418162674713134,-3.882946764484048,0.9018666781103238,18.30680918331802,13.687991941066215,25.43708100696799,user,ohp,heavy
1788967307004,7.915231272998452,-3.9742257027775048,1.1278191309940069,13.33746492531387,13.72929751007187,21.758354780377463,user,ohp,heavy
1788967307021,8.335712939563393,-3.794959268951416,1.2904750601503998,14.85718799205723,7.121522351323183,25.550523618892733,user,ohp,heavy
1788967307037,8.45153302939534,-3.9823055488586414,0.9029131549559531,17.30348342254712,3.1293397472571405,27.85769663372592,user,ohp,heavy
1788967307053,7.857621964594721,-4.292205610767007,1.0913078479375689,10.513503576178234,7.775641030398841,24.645629421798176,user,ohp,heavy
1788967307071,8.027459475818276,-4.381988173022866,1.466898379505053,5.313230622335952,13.01850533635803,26.69847180514948,user,ohp,heavy
1788967307087,8.601918236652017,-4.114136862292885,0.955286608532816,7.230849774272992,13.943166954684248,34.36163328029655,user,ohp,heavy
1788967307104,8.743626800978182,-4.10500955298543,0.8254008762083948,10.102331310785344,10.51348223183708,37.50490341180935,user,ohp,heavy
1788967307121,7.407660521045327,-4.833893151855468,1.7030260067813097,3.4004071169699093,10.88188556019464,33.23583027487628,user,ohp,heavy
1788967307137,7.378630825915932,-5.094412804523111,1.696292168481648,-7.941378131930139,18.460696760412997,30.45690633935406,user,ohp,heavy
1788967307154,7.777715484187007,-5.039645441547036,1.3777143676642327,-8.979662508420457,18.323749760006944,30.677914185422747,user,ohp,heavy
1788967307171,7.87841866890788,-4.90332441547811,0.8780739703189581,-5.428177156538567,12.013595825473333,30.03045323324056,user,ohp,heavy
1788967307187,7.558046897345781,-5.10054853079915,0.7604585945680737,-0.9112099876427004,7.228799009974695,29.044471030319613,user,ohp,heavy
1788967307204,7.561039649420977,-5.195418187060952,0.9982328200075776,-2.269154260922197,14.791626713761572,32.144396781359504,user,ohp,heavy
1788967307221,7.630020831188559,-5.327847466388344,0.824503708172962,-6.476399031384431,22.21759108695973,32.96020823620417,user,ohp,heavy
1788967307238,7.541886036139727,-5.3782759233772754,0.775272863470763,-5.951096866281566,24.75455044849237,31.63721083925645,user,ohp,heavy
1788967307254,7.637503295898437,-5.430199002838134,0.7999634334173054,-0.132966574265091,18.139467841105414,34.67343483100222,user,ohp,heavy
1788967307271,7.398830733379722,-5.314080222320556,0.7520783773008733,3.84058676888102,15.312942609710086,31.20166333626308,user,ohp,heavy
1788967307288,7.330297879901528,-5.698199951171874,0.7754226472049951,4.385008767904866,20.315514884252703,28.754280198147864,user,ohp,heavy
1788967307304,7.671023872706294,-5.584176681628823,0.5831381802432238,6.262314008926374,29.42234100086681,34.84047052224947,user,ohp,heavy
1788967307321,7.592612599292397,-5.439028205981851,-0.0495297545835375,13.435105894593788,35.51039255151724,37.64593998798094,user,ohp,heavy
1788967307338,6.636876639556885,-5.942259467425942,0.8361749298095703,23.400931605948195,22.277498676169916,32.78929641260294,user,ohp,heavy
1788967307354,6.121525901252031,-6.2208846856266256,1.481711552429199,26.328681948390408,11.473924649904054,23.36264668810298,user,ohp,heavy
1788967307371,5.531055332294106,-6.561909369117021,2.2409729000367222,24.8794063065202,6.358876235204252,15.402464191614152,user,ohp,heavy
1788967307387,6.25679771052897,-6.44773529292643,2.104652896881104,21.3421196372623,12.9025432384032,11.834548392796972,user,ohp,heavy
1788967307404,6.250813375422358,-6.248119314032793,2.25668557908386,18.332285788922167,15.790885096881729,5.887914201364363,user,ohp,heavy
1788967307421,6.695983493041992,-5.774216438403725,2.170493734796345,22.397143099861022,10.32595255798521,5.477443311021869,user,ohp,heavy
1788967307438,7.5067206147342915,-5.456386168017983,2.1844097396850586,32.82424307549131,-6.016729434676688,4.133359839445856,user,ohp,heavy
1788967307454,7.672369442096352,-5.317372834125161,2.373851384436339,31.905159160396053,-8.807026915827446,4.697858752648131,user,ohp,heavy
1788967307471,7.5926131838142865,-5.378874473792314,3.178452195330709,20.26162810679589,-0.3595542579988559,8.428275850877315,user,ohp,heavy
1788967307487,7.543680518341064,-5.7423430442810055,3.4192192459106443,8.303983483456006,10.065333883598678,10.353333932594143,user,ohp,heavy
1788967307504,6.728005355724692,-6.021866672626137,3.4549830716006458,1.9752516478233717,12.65005846554451,7.734184343457803,user,ohp,heavy
1788967307521,7.391051916071772,-6.152351247626543,3.018191052356362,4.291347664476951,3.281913580153943,9.11737619756084,user,ohp,heavy
1788967307537,7.181258242034912,-6.146813487243652,3.2098766766421494,7.131008203419861,-3.758659930447187,3.5208338107644006,user,ohp,heavy
1788967307555,5.710768925365805,-6.463446072277426,2.873341559655964,13.322895278040589,-7.752711231581462,-7.683430061509084,user,ohp,heavy
1788967307571,5.877766244727373,-6.6358303453743455,2.7075439714729783,13.822002813902806,-8.022187807547853,-14.094687017458163,user,ohp,heavy
1788967307588,6.279842486029863,-6.535723372980952,3.016395547241717,7.080383268178549,-4.421966494616982,-16.815036104432,user,ohp,heavy
1788967307604,6.68476008823812,-6.092046124267577,3.26299700306356,0.3572288720711574,-4.283917699320447,-17.490750134115945,user,ohp,heavy
1788967307621,6.6587243142277,-5.837512560272216,3.610007775226235,-4.132071495013662,-6.983532466408238,-18.14010134115093,user,ohp,heavy
1788967307637,6.509235763549804,-5.9111342613220215,3.5006219562254843,-9.037238441802726,-5.618999835344029,-19.997415899132285,user,ohp,heavy
1788967307654,6.22417671290934,-6.117934014239907,3.2615016499392686,-18.588851599809946,-2.201189609812339,-25.61036119866392,user,ohp,heavy
1788967307671,6.158187698695063,-5.961114390021562,2.5848408441290256,-19.16870221694547,-1.263793957552279,-28.41376111707688,user,ohp,heavy
1788967307687,6.066457509502768,-5.737853916168213,2.288408458819985,-18.332145770044185,-4.177192578444412,-33.62654783125227,user,ohp,heavy
1788967307704,5.402066548809409,-5.568164873504639,2.1422119354248044,-20.17643686482561,-2.091936678613165,-37.29534637788419,user,ohp,heavy
1788967307721,5.63670064959228,-5.7526692079842086,2.2296014650642872,-26.23950529103943,2.4231551764687094,-36.29774943827963,user,ohp,heavy
1788967307737,5.482573917719722,-6.026954935675859,2.3678655880250035,-31.391190840447177,2.9447312599359203,-42.52492169703947,user,ohp,heavy
1788967307754,4.518159561488032,-5.914875785937905,1.8803459827147424,-21.245317073703003,-6.3651403724468,-58.10159157098209,user,ohp,heavy
1788967307771,4.200028846850991,-5.230134695655107,0.9959875983640551,-8.8650732784888,-12.24188806829184,-68.52837394281596,user,ohp,heavy
1788967307787,4.343682115504145,-5.022736976844072,1.1665753434330224,-8.309385309315841,-10.49352698040324,-73.07182943908678,user,ohp,heavy
1788967307804,5.718401612201332,-5.140800461688637,2.4449288078308102,-22.25211598566685,2.387129343691477,-70.84466184509654,user,ohp,heavy
1788967307821,6.5494882789611815,-4.52040237197876,3.025822277887165,-30.690338299523,4.254496232583793,-64.52787750442613,user,ohp,heavy
1788967307837,6.960243501281738,-4.159776331439614,3.0017306236818437,-36.91676265256872,4.470087738640661,-58.30341000057762,user,ohp,heavy
1788967307854,6.697481622645259,-4.002207934680581,2.4021321608945727,-41.58256049725281,4.424531230650322,-66.18730611422659,user,ohp,heavy
1788967307871,7.720253475299477,-3.854964240320027,1.3054383090697228,-33.66367332448588,4.041684186632298,-66.1511539229497,user,ohp,heavy
1788967307887,8.472482878443598,-3.503915006421506,0.8423108022160828,-24.181915926214963,-0.3945923013478015,-58.03971688729094,user,ohp,heavy
1788967307903,9.503633852386471,-3.1090204933166503,1.055394019317627,-20.983399809600524,5.230743281503355,-45.2551463837795,user,ohp,heavy
1788967307921,8.440159986987709,-2.442385260827839,1.5508444176271556,-27.32244032168141,18.42769328634349,-34.55087391653551,user,ohp,heavy
1788967307938,8.392425006866455,-2.539499773406982,1.9319711021423336,-32.22155059822397,27.787755496624992,-29.483034061831543,user,ohp,heavy
1788967307954,8.38928320170939,-3.0544033524662253,2.184858360235393,-40.2468521182597,26.375648036670707,-28.26870326703144,user,ohp,heavy
1788967307971,8.8046771897465,-3.3888431046083567,2.18979669342041,-36.92663227591939,21.39117234833404,-28.35093020690193,user,ohp,heavy
1788967307987,8.511835230144857,-3.3210566855832933,1.545607393756509,-24.72174163481421,13.909042475817218,-29.409763207510235,user,ohp,heavy
1788967308004,9.04634133529663,-2.9519007171079514,0.7549215648375451,-6.985079504255245,10.478947941619849,-24.03694345353415,user,ohp,heavy
1788967308021,9.571269464764,-2.6276360297605392,1.2524667434692385,-7.078155772735479,16.581955899005315,-15.043414807324922,user,ohp,heavy
1788967308038,9.687088970074058,-3.0897172424316404,2.186205975452065,-20.062119988687108,22.28495724274357,-9.285312620004882,user,ohp,heavy
1788967308054,8.929775395533442,-3.4097929536566136,3.728221774457394,-37.4519796910255,20.56120874152911,-7.572234581821276,user,ohp,heavy
1788967308070,9.18116481628418,-3.837905261230469,2.9536968067444858,-41.29083970270698,15.729222149054854,-4.777665671118321,user,ohp,heavy
1788967308087,9.188799256685376,-3.9697368669256567,1.896507866834104,-28.825529316474853,11.590045549757088,-7.4295579064752335,user,ohp,heavy
1788967308104,8.94488703994751,-4.488379924774169,0.6504752480655909,-11.562053726991085,7.765187425874137,-13.006367236429272,user,ohp,heavy
1788967308121,9.275584975212812,-4.317643126623333,0.9385271969117224,2.401580956758166,2.934363032775841,-14.595414161927325,user,ohp,heavy
1788967308137,9.914988794165849,-4.121618450219929,1.5560821721501648,1.3275301879573704,1.98569351296044,-4.966017955878354,user,ohp,heavy
1788967308154,10.84678098373413,-3.884143280792236,2.815880427551269,-11.936474452007426,6.1948838201190695,6.11087761596979,user,ohp,heavy
1788967308171,9.936088280817868,-3.835511936353147,3.441964600073546,-35.634442447223016,14.932164686123754,11.485851013968542,user,ohp,heavy
1788967308187,9.615414311438798,-4.140173805347085,2.9309521832339462,-42.24521862033828,20.71407862043775,11.538123305460296,user,ohp,heavy
1788967308204,9.245359348297118,-4.538957434844971,1.1311115236029028,-34.53848736847569,22.89194590899885,6.375834314252924,user,ohp,heavy
1788967308221,9.23114319141805,-4.538208954565227,0.1640033982425928,-12.792157989905684,11.529519828427018,0.3516348670996376,user,ohp,heavy
1788967308237,9.803656663402917,-4.472667391857504,0.1840545448854565,-3.5828837314964392,3.061075848484271,1.928859508876764,user,ohp,heavy
1788967308254,10.018088518634436,-4.120421057128906,0.9082999625608325,-4.465914493057783,4.2252092351964246,6.410641812036956,user,ohp,heavy
1788967308271,10.109067597198486,-3.9571664314270016,1.3491323432371018,-13.121873419257003,15.65635256834728,16.2919170385426,user,ohp,heavy
1788967308287,10.0625303024292,-4.123713084411621,1.3441953252263366,-15.339547904074578,23.376040689065377,17.77423372052274,user,ohp,heavy
1788967308304,9.392754141566156,-4.772841886304319,1.4261968782171606,-14.000713859762543,22.81887654525805,17.535955741137673,user,ohp,heavy
1788967308321,9.262716725811362,-4.681262503759562,1.3687350154601037,-2.271449204483321,13.382854093669543,15.921995700642002,user,ohp,heavy
1788967308337,8.973617459869384,-4.600308852386474,1.3887864543639123,5.056035153384069,7.47669560325843,14.446896821067272,user,ohp,heavy
1788967308354,8.800037254986167,-4.343530432073772,2.109141732732952,4.94207814283746,4.454770185653261,12.972720870804142,user,ohp,heavy
1788967308371,8.72147868205607,-4.6824598968505855,2.797774277496338,-4.874534829022027,6.815319848189633,11.222658212038564,user,ohp,heavy
1788967308387,8.845227226799725,-4.744259934942424,2.829646794836223,-12.53376339586764,11.89816733604741,11.722041516788522,user,ohp,heavy
1788967308404,9.124003251647949,-4.925920570428669,2.4259252705447376,-14.947240621169264,17.662252769080382,12.047501738286922,user,ohp,heavy
1788967308420,9.193734959521889,-4.879532913263142,2.0874453031010924,-9.140080600135608,16.2298955057843,11.02208031555103,user,ohp,heavy
1788967308437,9.126696728515624,-4.872051033075153,1.7850271213807165,5.42519492519221,3.117059920903104,3.496545444632424,user,ohp,heavy
1788967308454,8.870218460193277,-5.084087517602741,2.0433014793396,12.345984420111064,-6.385873411672374,-2.7437913634223765,user,ohp,heavy
1788967308471,9.047688658252358,-5.065232887268066,2.570475195776671,11.786545823310124,-9.224071436359257,-6.92932851204184,user,ohp,heavy
1788967308487,9.285162366375326,-4.942829035131633,2.829497887884825,4.623906586957109,-6.563779348983696,-4.3951541601432735,user,ohp,heavy
1788967308504,9.797820212334392,-4.810848668615519,2.927510226086527,0.5901655368035665,-2.872157938683596,-1.6791915487204685,user,ohp,heavy
1788967308521,9.397841820093989,-4.73722842887044,2.712930632947385,-0.0899949593702714,0.2744789424814844,-1.5566482433352131,user,ohp,heavy
1788967308538,9.36596784144938,-4.560954454858601,2.597410110583901,6.079683288256695,-5.132100408849562,-2.288562883779023,user,ohp,heavy
1788967308554,9.2446123293221,-4.509180136218667,2.453459028027952,12.22409201040937,-10.785427067414782,-5.399146718131897,user,ohp,heavy
1788967308571,8.68317145549357,-4.7073000313356514,2.9507037624083456,12.131247541474094,-18.766183801230984,-12.590272112192094,user,ohp,heavy
1788967308587,9.018509325519204,-4.553921487481892,3.334973859515786,10.469090271100226,-23.158420616825016,-13.38832166010014,user,ohp,heavy
1788967308604,9.099312462505695,-4.372859110149741,2.729539530181885,9.322928179311434,-19.28733748018671,-12.551152203720848,user,ohp,heavy
1788967308621,9.181317376497388,-4.2040696466743945,2.726547801019996,8.45061398455784,-14.808348724397057,-9.379460801297984,user,ohp,heavy
1788967308637,9.515903551372883,-4.181322977337241,2.310853660992533,9.870947553593762,-9.092681648616658,-6.076299356409777,user,ohp,heavy
1788967308654,9.554360415539144,-4.2863685751765965,2.5282775376468893,7.847674766706734,-8.332978490256357,-3.208534936909792,user,ohp,heavy
1788967308671,9.639955462977287,-4.238635640881955,2.4967035648621616,8.436709426954987,-8.87811979357717,-2.420117022948523,user,ohp,heavy
1788967308688,9.330952642169594,-4.231901364190876,2.3057661285951734,11.135857606745104,-10.980962576747554,-3.9477596940345134,user,ohp,heavy
1788967308704,9.30252091293335,-4.105457296752929,2.395548398590088,14.350848993411262,-16.052201304337245,-4.34899189975092,user,ohp,heavy
1788967308721,9.368062183380127,-4.022408718927204,2.383278115081787,14.559680319737108,-14.470932256756548,-3.24627002452682,user,ohp,heavy
1788967308737,9.298331644549965,-3.9676413559511294,2.2744912848874925,10.151233757695344,-7.136286658987811,-1.20201575028316,user,ohp,heavy
1788967308754,9.191040898132323,-3.9082346427366135,2.276586065209657,7.689930694051643,-3.8315098743608966,0.8915737273874427,user,ohp,heavy
1788967308770,9.104553285768628,-3.878757203839719,2.1541838205084205,7.994385522531315,-8.65373441896391,5.777195127371164,user,ohp,heavy
1788967308787,9.398588839069008,-3.860949744470417,2.158373527283221,9.803548954411369,-13.239676253193151,10.621785980185033,user,ohp,heavy
1788967308804,8.663268485149741,-4.093186428722739,1.7714093687862156,8.805453410997405,-8.159989435373799,10.339728195767478,user,ohp,heavy
1788967308821,8.651000539728999,-4.198682692939043,1.728913604492694,7.663501277058279,-7.633882161722519,8.345374429826284,user,ohp,heavy
1788967308837,8.552537242889404,-4.376899909973145,1.7129012118466198,7.769889157344044,-8.764153818407276,5.122480514290421,user,ohp,heavy
1788967308854,8.664166310772298,-4.447827549633384,1.3790603023804724,11.895815189651987,-13.787336188770407,1.7717892770719774,user,ohp,heavy
1788967308871,8.520066467395424,-4.436605313873291,1.3946234899543224,13.064365787766434,-13.681818303830172,-0.3579910518134221,user,ohp,heavy
1788967308887,8.515278064075112,-4.495862097223103,1.728614475415647,7.472095470852427,-10.961253212123836,-1.489811747377171,user,ohp,heavy
1788967308904,8.820988273078203,-4.468029502923787,2.1049527566105124,3.122626738520076,-7.097360130247439,0.8731978504774639,user,ohp,heavy
1788967308921,8.984242314258218,-4.493916808374226,1.8966564815245568,1.896369366212071,-1.2935423128737409,4.430647238165245,user,ohp,heavy
1788967308938,8.839841442108154,-4.456956320245563,1.5762822257444262,5.121060688716705,-4.619941235257095,1.7496532743022006,user,ohp,heavy
1788967308954,8.501960317340492,-4.487482683673501,1.9651916730903087,8.717097230120473,-13.907820725729431,-1.8702223348522045,user,ohp,heavy
1788967308971,8.575881293597817,-4.502895064599811,1.82273535913676,13.82050102605905,-18.447867957604416,-5.055581372691085,user,ohp,heavy
1788967308987,8.409932606506347,-4.471770150756836,1.7956519757695495,11.132023309299786,-13.4163920300416,-6.825031950302568,user,ohp,heavy
1788967309004,9.029432870593666,-4.322581459808349,2.211494145965576,5.782299413115279,-8.870598047753694,-3.5716954547491357,user,ohp,heavy
1788967309021,9.188348005786535,-4.291008217675984,2.081609144293517,3.125377597208298,-3.7346270560788506,-1.6167701297306043,user,ohp,heavy
1788967309037,8.843881657409668,-4.124760839898884,1.8821414878293872,3.7094172547391566,-7.712744379653133,0.7444216239486021,user,ohp,heavy
1788967309054,9.143608115828036,-3.969437299457192,1.760636630359292,6.641007871042207,-11.875759192927893,0.986549428787174,user,ohp,heavy
1788967309071,8.70726486326456,-3.966594477246701,1.8595462096616624,6.046637979278527,-14.415735790526382,-1.3105943070235009,user,ohp,heavy
1788967309087,8.423102469202876,-3.925444136212766,2.0681420522160825,5.477651631791554,-18.134725982274134,-3.543832124916892,user,ohp,heavy
1788967309104,8.387638941633702,-3.849877438575029,1.7328044744513929,3.216862218168507,-12.18203255927408,-1.7766006117337223,user,ohp,heavy
1788967309121,8.568399413409828,-3.793014272363484,1.504606982587278,2.850864823946081,-7.92173280032989,2.9949600442053708,user,ohp,heavy
1788967309137,8.650101545062661,-3.602675240381062,1.3316254742495717,4.305537809364475,-4.744472232412528,9.638879069937884,user,ohp,heavy
1788967309154,8.176049616351722,-3.5594302651554344,1.2506709460936487,6.052952916053028,-3.3405797824824752,10.203353223704418,user,ohp,heavy
1788967309171,7.880513595360517,-3.459171609331668,1.2936178151555358,13.903045569725949,-9.798226529500637,7.080658610179466,user,ohp,heavy
1788967309188,7.319673610034584,-3.507206741443276,1.0814311085022985,21.264774575101075,-15.10179243416102,1.302756664950911,user,ohp,heavy
1788967309204,7.73716252452433,-3.502268700519204,1.6470612507142126,18.79385631265329,-13.32268268840267,1.9140433344631251,user,ohp,heavy
1788967309221,7.7400056389957665,-3.539827739062905,1.9916775289557875,10.02113487570588,-8.087514298090793,4.718471409789583,user,ohp,heavy
1788967309238,8.358158580127357,-3.5254628213629124,1.973720578113198,6.117603217868137,-0.6248791728473629,10.419104385433137,user,ohp,heavy
1788967309254,8.306832882037758,-3.656095572662353,1.3775640724733471,12.90129502133238,0.1499379801867727,12.602885764041815,user,ohp,heavy
1788967309271,8.33780903505981,-3.7147546823799606,1.1450269439697265,24.15901430192791,-6.580296880830902,13.089153398038055,user,ohp,heavy
1788967309288,8.121732919752597,-4.001460623444617,1.6511017582766712,26.31896258920148,-15.058314864999303,13.4344083615248,user,ohp,heavy
1788967309304,8.360402559661864,-4.245069473321736,1.823932752227783,20.79941500392789,-15.136715191387296,15.138142700923828,user,ohp,heavy
1788967309321,8.639328806635737,-4.429722860883176,2.074276755578816,14.24857374077949,-14.529460147754389,16.26503512151672,user,ohp,heavy
1788967309337,9.16784765407145,-4.701165181842447,1.132756806591898,14.347811266777898,-9.745984973860146,16.454436267201174,user,ohp,heavy
1788967309354,9.063100746917724,-5.198410354614258,1.1017816764831545,23.768322358761303,-22.059361217099923,6.866257691472296,user,ohp,heavy
1788967309371,9.06549728666544,-5.281759668952226,1.1631335324160754,33.16902077950979,-40.50546698589848,-5.1911508093189065,user,ohp,heavy
1788967309387,8.882786849865317,-5.734112683813273,1.8923177947331216,36.35391749891923,-64.30449616762087,-20.655391927541707,user,ohp,heavy
1788967309404,9.283667159381508,-6.335805780792236,1.6053124323304742,37.96697253934988,-78.91523385895111,-39.335523882967,user,ohp,heavy
1788967309421,10.15126598598063,-5.814618591418862,1.051802497631684,54.887502623060016,-94.93807901023564,-42.46397250398086,user,ohp,heavy
1788967309437,11.398197307154536,-5.5482642412483685,-0.2510908761955797,56.22826534203894,-91.60761046904572,-34.96778866347309,user,ohp,heavy
1788967309454,12.256367211151122,-4.4835915214538575,0.0558153011264279,45.53434061138752,-58.49917005237936,-24.052285765957294,user,ohp,heavy
1788967309471,12.410046783778071,-4.869657415936887,0.3125939406348392,33.75680978400817,-43.09337785109212,-23.000646662092308,user,ohp,heavy
1788967309487,11.482591746631265,-3.9047938546329735,1.0203793680271134,16.334685975577926,-33.53669669272075,-22.88151108749436,user,ohp,heavy
1788967309504,10.984596632274984,-3.5755905418395995,1.099388242007978,-4.036021106036711,-34.79465019820243,-23.44523733554677,user,ohp,heavy
1788967309521,11.001656488147376,-3.585766191156208,0.8895962758710142,-16.61019531612873,-31.118533103874853,-19.5451976119222,user,ohp,heavy
1788967309537,10.959759128138424,-3.5392294809088107,-0.8828612593944184,-15.453793063226795,-15.899358746185287,-12.689456704224437,user,ohp,heavy
1788967309554,10.518627472254634,-3.5811277177006,-2.1755806255895997,3.095008655167718,-7.310473558296061,-4.139874986140401,user,ohp,heavy
1788967309570,9.92785587452352,-3.412036348669231,-1.967285494431248,10.170449641151528,1.3014383317193927,-1.884096583490616,user,ohp,heavy
1788967309587,8.876053742218017,-3.799897602136433,-0.4423282635235227,13.699813290972218,-5.512719103650869,-4.7324668942857615,user,ohp,heavy
1788967309604,8.219742627605795,-3.3752254981443284,0.5584479893225943,-1.3607639674679484,10.895510080041523,-2.602611780165036,user,ohp,heavy
1788967309621,8.587253751483559,-3.093758042255044,1.2618937298430128,-13.158980983244035,14.781878326268671,4.288196385948636,user,ohp,heavy
1788967309637,9.080309071350095,-3.246537451171875,1.1106109892247245,-19.03890983969501,25.159228911531876,11.746788145925125,user,ohp,heavy
1788967309654,8.456920567652583,-3.7309152513250714,-0.0746683422922156,-2.7560654268043008,27.20159549224367,13.287508067950752,user,ohp,heavy
1788967309671,7.583633758544922,-3.873369665582478,-0.165648991758842,8.917502664331463,17.52580266493645,6.170663969322204,user,ohp,heavy
1788967309687,6.902932883563637,-3.7066733749940983,1.7474684481631964,5.724309826401401,16.613425995606146,0.9141451547168076,user,ohp,heavy
1788967309704,7.620594246673583,-3.570203588104248,1.7480671081760897,-0.2358339189205374,25.453393206253278,1.8621584427633584,user,ohp,heavy
1788967309721,9.515307339045403,-3.475483569446206,0.6043865738466382,7.487443759691092,28.12751130405623,6.3279073037337685,user,ohp,heavy
1788967309737,10.58416815817952,-3.608361469323933,-0.187645189788565,23.412711974719176,-0.4514887376293597,4.802236422883795,user,ohp,heavy
1788967309754,10.52131919555664,-3.787178113555908,0.410306894031167,29.598699900331127,-23.345644639711526,-5.824292696792987,user,ohp,heavy
1788967309771,10.18882560904622,-4.388572812110185,1.215207126263529,13.36533038958023,-14.493420654598816,-8.788296829575978,user,ohp,heavy
1788967309787,11.851149749213455,-4.492570069940388,1.5233110254701223,-4.0844351944210535,-0.1861662773800856,1.2648299051502996,user,ohp,heavy
1788967309804,11.697470176586508,-4.629637530462444,0.9111438807498664,-12.129128475284098,9.394751033528705,6.295591544336323,user,ohp,heavy
1788967309821,10.352378925433754,-4.561104092462361,0.2457054568301886,-9.191063693421524,-10.0596007935641,-1.3268332952186177,user,ohp,heavy
1788967309837,8.602816062274576,-4.645499700982868,0.7438486013550311,-14.17935660373058,-15.622826584806273,-12.472182410310806,user,ohp,heavy
1788967309854,8.84807209483683,-4.509928324237466,0.673219761978276,-19.97562588813265,-2.751251424099911,-9.98077870299486,user,ohp,heavy
1788967309871,10.04158045338094,-3.952677011053264,-0.3134903049526736,-15.18234768523215,5.897385539309055,1.7125984308378237,user,ohp,heavy
1788967309888,8.782830099597573,-3.9659956345707177,-0.3084024072291329,-11.680291131713172,1.3535065713096923,-2.94992220370513,user,ohp,heavy
1788967309904,7.842057900238037,-4.153640605163574,0.7218519466675818,-19.85182870942617,-6.231835570415662,-13.190080542082397,user,ohp,heavy
1788967309921,7.650373298865556,-4.060715945489704,1.6096523794972335,-32.18988584123179,-3.983275397058111,-16.275224056211087,user,ohp,heavy
1788967309937,8.679131240192055,-3.5305502076297994,-0.172680936222244,-27.2823778471047,5.66565600379074,-14.51965370365354,user,ohp,heavy
1788967309954,8.9567101642102,-3.412486430524289,-1.0748465607465243,-13.471171000958748,1.9340081908504845,-12.748013623526246,user,ohp,heavy
1788967309971,9.040506053271889,-3.095553693500161,-0.5153516150876879,-5.119775759379096,-5.00469091384579,-14.08448186106452,user,ohp,heavy
1788967309987,8.642170752063393,-3.1708211159303783,1.1258743718680926,-10.952960508697794,-1.4782545336929804,-13.707091711306512,user,ohp,heavy
1788967310004,8.75978590861857,-3.082235946765542,1.3612533727341332,-15.93342772976531,2.389161751856379,-11.264296752766256,user,ohp,heavy
1788967310021,8.825776676398515,-3.164536336572468,1.340304354802938,-16.12264275279488,-6.2184475458687904,-11.01136631006422,user,ohp,heavy
1788967310037,9.190592569842934,-3.273622441974282,1.2776063632243777,-14.110725155403,-8.947146539102965,-6.866193658448827,user,ohp,heavy
1788967310054,9.4808883520931,-3.3625063018247485,0.9264071720616892,-13.321563391152434,-6.856652311065142,-3.128249691754289,user,ohp,heavy
1788967310071,9.510218491473792,-3.590255319269001,0.9964365066087572,-16.554725642331764,-7.19058495534212,-2.345029765194811,user,ohp,heavy
1788967310087,9.335292132678628,-3.6951515717655417,1.426046511102683,-22.626126899333,-7.267155644806194,-0.677188977018699,user,ohp,heavy
1788967310104,9.13522665645182,-3.8057337609440087,1.1080668782494612,-27.183835292854344,-3.8264666334324886,-1.2727242164486592,user,ohp,heavy
1788967310121,8.468291856494545,-4.1962879067569965,0.3532949989647371,-21.34075701452288,-0.2480150276967262,-5.805374353452521,user,ohp,heavy
1788967310137,8.106317908477783,-4.512322233636677,-0.7154174931732937,-11.425277481314284,-1.8493283592943124,-12.95638988849864,user,ohp,heavy
1788967310154,8.110808790156245,-4.544943523517251,-0.7553704045835882,-2.8334602212804194,-2.831632078460383,-20.292553495810413,user,ohp,heavy
1788967310171,8.395717618671059,-4.226513825933635,-0.2648580471981316,-0.8380186943530488,-6.208479738548803,-26.6458298296689,user,ohp,heavy
1788967310187,9.100508978813886,-3.762188341467082,0.2602201308649499,-2.697591536989587,-0.0991292034670395,-27.120130118465635,user,ohp,heavy
1788967310204,9.27483854075968,-3.4968811622619627,0.4869206804358866,-1.9311119771989875,2.483771824692103,-25.152082826112743,user,ohp,heavy
1788967310221,9.313893955340982,-2.9746462174013257,0.5609912212317344,-0.5370848283905182,1.047394568182646,-25.43358053501836,user,ohp,heavy
1788967310238,9.341575742992758,-2.549974113409221,1.280598795639165,-3.092770914440892,1.762803522888591,-24.38449079926108,user,ohp,heavy
1788967310254,9.453206564441322,-2.578106567437947,1.3705310959634835,-4.213230364052691,-2.5475662184268453,-21.05757395643957,user,ohp,heavy
1788967310271,10.243442749896644,-2.14490599681437,0.7914334324158727,0.8610746382266615,-6.582678482417122,-13.58196435325917,user,ohp,heavy
1788967310287,9.884162863269449,-2.002301068170369,0.685040950012207,0.3469658458325521,-8.139743900900234,-12.57686188953042,user,ohp,heavy
1788967310304,9.434950776782632,-2.0195096848636864,0.7763203814960085,-5.07129294221623,-6.398487490408918,-12.917849692333196,user,ohp,heavy
1788967310320,9.380033776202795,-2.2982845406681296,0.4213795469864271,-5.493341430088719,-6.213736422888774,-12.110651106031922,user,ohp,heavy
1788967310337,9.411158982306718,-2.333448793029785,-0.0612016703398898,-0.8633177683996289,-9.815673393961786,-11.923205101997384,user,ohp,heavy
1788967310354,9.548676524683833,-2.2697037583500146,-0.3265091418059542,2.4959453562271814,-9.891474833370587,-9.787022457940877,user,ohp,heavy
1788967310371,9.69068085708618,-2.0344725684568283,-0.4147947435023263,4.713636062744037,-7.802216442685714,-7.172339812521724,user,ohp,heavy
1788967310387,9.86441186861694,-2.172738298852741,-0.0561139370131306,3.3327728762611506,-7.949080877766621,-3.057939937881589,user,ohp,heavy
1788967310404,9.7366213550061,-2.417546003125608,0.2470515742095187,0.1410615357105329,-6.121153635576074,-2.339830924019373,user,ohp,heavy
1788967310421,9.751883221545816,-2.5790043930605053,0.240168792425841,-0.2726505862180367,-7.000783389817575,-0.8323271190620183,user,ohp,heavy
1788967310437,9.71058324290812,-2.71038620916158,-0.0638954760011285,0.7485466846813196,-8.432819634222666,-1.8141355961524104,user,ohp,heavy
1788967310454,9.554659690746664,-2.7558754561826584,0.1889922935485839,-2.1346817099863977,-13.837420258406818,-2.426862688527557,user,ohp,heavy
1788967310471,9.64638812637329,-2.7350767060428858,0.1572696330081671,-3.893299180687417,-13.920582080419956,-1.2576781634807672,user,ohp,heavy
1788967310488,9.604939679175615,-2.650531167657673,-0.53196142563764,-0.8312087823071345,-12.027643817048755,0.6795465128602641,user,ohp,heavy
1788967310504,9.122357822528482,-2.537105571746826,-0.3182788544034585,-4.540070710650258,-8.75846341705501,-0.8723943427546353,user,ohp,heavy
1788967310521,8.935459870910645,-2.5462337578371166,-0.0067335825713351,-9.217600685894316,-4.806912968031138,-1.870923069572365,user,ohp,heavy
1788967310537,9.264812236785888,-2.505831312561035,-0.5158000529749318,-6.807333649502596,-7.334218710945611,-4.570196113758245,user,ohp,heavy
1788967310554,9.88266590270996,-2.3279124939516187,-1.1038764568053183,-0.1456047721071418,-6.390022751593157,0.3114026783303089,user,ohp,heavy
1788967310571,10.743531621661782,-2.21837776799947,-1.7013793720854444,5.519536913103011,-3.507666273261674,2.869620096520113,user,ohp,heavy
1788967310587,9.695918757739662,-2.40048643951416,-0.3073553458616137,4.959508358712509,-7.418713273620546,4.670702774281806,user,ohp,heavy
1788967310604,9.425223748016355,-2.599204885046184,0.1165678029267117,1.1299492504115918,-4.35169750843589,0.8188656166207166,user,ohp,heavy
1788967310621,8.89969706813395,-2.886061048236489,-0.0507270015440881,2.0635124194953343,-5.73971318364025,-3.100323823002457,user,ohp,heavy
1788967310637,10.09440252750814,-2.6038436507627365,-0.6441894457943738,4.531349839740621,-5.235729746484288,-2.304422369588381,user,ohp,heavy
1788967310654,10.77630225688517,-2.43265852432251,-0.7537246101379395,4.3119257437857295,-7.25945119142242,1.7171846894220757,user,ohp,heavy
1788967310671,10.689213171496986,-2.3892639114931224,-0.3664627838686108,2.9411972773706734,-7.961078958817395,0.6462545700200352,user,ohp,heavy
1788967310687,10.714053013721108,-2.5700261368349198,-0.1499367328368127,1.1199395014612323,-10.823940796597192,2.054049405843693,user,ohp,heavy
1788967310704,11.008090905109048,-2.51271435007304,-0.5219356696531177,3.137502250202129,-7.349117914846347,5.543062645925474,user,ohp,heavy
1788967310721,9.796325589862466,-2.9415765992313623,-0.4731541761536151,3.897931756491978,-5.755417922976225,4.585472258723802,user,ohp,heavy
1788967310738,8.928276681408285,-3.200598999078572,-0.0353144744873046,-2.7977569014980586,-5.864067022764087,-0.1573605148445122,user,ohp,heavy
1788967310754,9.098863549694418,-3.19206936340332,0.0170589060243219,-5.924474923330972,-3.064055518509689,-2.030184297996845,user,ohp,heavy
1788967310770,9.980678533172608,-2.7123312057495115,-1.6409261820252985,1.2455791236963245,-2.306513474691463,-2.7186782519481203,user,ohp,heavy
1788967310787,10.22772963245809,-2.627636322021484,-2.355893995202333,17.44350059298509,-4.1459909936553245,-2.9532820164465416,user,ohp,heavy
1788967310804,9.764601833343503,-2.924666965484619,-1.7322045357968656,18.395816793487043,0.9768880194844852,-1.9736525297839425,user,ohp,heavy
1788967310821,9.645638769310713,-3.216759275762737,0.1146229159366339,12.65619197541918,2.887443475159261,-0.4713863593420762,user,ohp,heavy
1788967310837,9.182510970196128,-3.3113302413389083,0.3449152611881494,9.211620855275967,1.3452255005495808,-4.892779544955601,user,ohp,heavy
1788967310854,8.621070680889487,-3.1872812523439524,0.2445085751958191,8.65664322577669,-3.346464417339264,-9.856704047853349,user,ohp,heavy
1788967310871,9.693673609161376,-2.622099438421428,-0.8846575864929705,12.466143669310869,0.0171191221026964,-7.15425902112823,user,ohp,heavy
1788967310887,9.65357014683187,-2.533214994049072,-1.2150573425292968,18.03946362637268,-0.007737443731074,-3.805794212135799,user,ohp,heavy
1788967310904,9.19358532191813,-2.533813836725056,-0.7425020821169018,20.770651369785675,1.1723721956767756,-6.510461184775284,user,ohp,heavy
1788967310921,8.970625292316079,-2.308908810535073,-0.2114375687863677,18.102420895047267,-0.8321545500637697,-9.6834955731437,user,ohp,heavy
1788967310937,9.198970522087812,-2.195033425030112,-0.0742198861386626,15.732174498323593,-2.0678694398555675,-14.256713618722852,user,ohp,heavy
1788967310955,9.70504606704712,-1.596184027044475,-0.1904885234557092,15.438443920614484,-3.9871835459238274,-5.587928451035995,user,ohp,heavy
1788967310970,10.984447579193114,-1.3726260315492749,-0.4264667323239147,12.124838262711684,4.139153547409318,7.924993361884924,user,ohp,heavy
1788967310988,10.64851174327433,-1.6142907616212965,-0.2977783565578982,5.912221990846792,9.922372047854788,16.57357013425183,user,ohp,heavy
1788967311004,9.056067779541015,-2.132485198919475,-0.071974920223467,2.837076593002529,5.744010226401834,8.858338711967168,user,ohp,heavy
1788967311021,8.170063527679442,-2.4416367805480954,-0.4333505004882812,7.687587085392683,-0.1231950415022489,4.950860058562804,user,ohp,heavy
1788967311037,8.543409933581948,-2.527229782159626,-0.7032962992794811,10.29692083891807,-0.4233374726349175,6.455692459141891,user,ohp,heavy
1788967311054,9.31314576732218,-2.269105207934976,-0.5241803798399866,1.90506590457279,11.595223686921605,13.813115884018972,user,ohp,heavy
1788967311071,9.864260477447507,-1.6983870949342843,-0.8224082337310538,1.459158605434094,11.90992721425088,19.637721061966488,user,ohp,heavy
1788967311087,9.382277755737304,-1.6856676063537597,-0.9989802773740142,9.035773366225758,5.667541562888487,15.31900952524035,user,ohp,heavy
1788967311104,8.430285074183343,-1.9140154664739968,-1.2719194492949173,21.21797582645544,-2.7267927301255077,11.102835349655384,user,ohp,heavy
1788967311121,9.860519537353516,-1.703175498254597,-1.373373306252621,22.1136441455286,4.993935073450312,19.277896451206463,user,ohp,heavy
1788967311138,9.954642759162189,-1.7929580605104565,-1.038335222891159,14.830432433531,17.22781175673255,23.83656960894807,user,ohp,heavy
1788967311154,8.483554307556151,-2.5077768936708567,0.2135330797608941,5.383629808998097,22.3969672224899,21.62467261039468,user,ohp,heavy
1788967311171,9.049934391352531,-2.4491195375189183,-0.5202898386748507,11.536309036462011,17.015375798072228,21.489556100686197,user,ohp,heavy
1788967311187,9.139117234149577,-2.545186586871743,-0.7453448312621563,20.19960998913217,11.448877492443971,20.17287492117345,user,ohp,heavy
1788967311204,9.344119582256674,-2.498050157165528,-0.3860648167707957,21.32021522059407,10.017511460351187,21.639504366177363,user,ohp,heavy
1788967311221,9.695471013972163,-2.3321029313787816,0.1427544475167524,12.63073415283525,16.18226688915451,24.92723129108863,user,ohp,heavy
1788967311237,10.14333519298136,-2.2498019570499657,0.172981330241193,5.717862554711733,24.717329332610387,35.19245407584232,user,ohp,heavy
1788967311254,10.112060349273682,-1.9888330993101,-0.1509839677342679,0.8102634736087615,27.382675759971757,45.08440531490752,user,ohp,heavy
1788967311270,8.610147720336913,-2.357091534423828,0.1087872137867845,-1.8422510026537096,26.15031326576281,41.15396954192909,user,ohp,heavy
1788967311287,7.691971968188882,-2.5492268021732567,0.1824080471869092,-0.7759057544537462,16.110350119836152,28.57686432690949,user,ohp,heavy
1788967311303,7.3665090109676115,-3.085078476715088,0.0360631374301388,2.344870322966373,9.844344820550209,20.363336453726543,user,ohp,heavy
1788967311321,8.8872765625,-3.2372602119997143,-0.2835632408584468,3.6843619864294346,14.894304947554373,21.89482366754161,user,ohp,heavy
1788967311337,9.063550244250893,-3.043030894580484,-0.2045544764754362,5.10549511448507,13.47870982225515,26.50869499906068,user,ohp,heavy
1788967311354,9.102156161499025,-3.052158788409829,-0.071077660856489,7.248236020805259,10.616922031722336,27.53005075169312,user,ohp,heavy
1788967311371,8.58081991904378,-3.2923271424442526,0.816871861587651,-0.0838807461140266,15.44566343056719,27.00837797836047,user,ohp,heavy
1788967311388,8.661323196300863,-3.2887352554321287,1.1363485840061678,-9.667057015358772,16.576539558993492,28.324738138982227,user,ohp,heavy
1788967311404,9.14884367839396,-3.1910224846988915,1.2460326187685131,-13.562230229199711,14.96066194288834,34.09454556299237,user,ohp,heavy
1788967311421,9.185204447063803,-3.875912920324504,0.3601783333042636,-3.91504138036286,18.70445084396512,42.037423775218976,user,ohp,heavy
1788967311437,8.422652971869706,-4.069245288904011,0.3405754418855533,0.2857023840308434,12.622453402240255,38.78872967386704,user,ohp,heavy
1788967311454,8.088060951775311,-4.19464072407186,1.5801731687683611,-2.211378757950117,9.680791672006022,38.30541865800777,user,ohp,heavy
1788967311471,8.33107534289062,-4.102914334271848,0.940023536416702,-3.175135525311841,11.713634407693885,36.9491104284779,user,ohp,heavy
1788967311487,7.910741560363769,-4.070741664941608,0.7447468288363889,-2.3382520831040425,14.348308163040016,31.1010751403563,user,ohp,heavy
1788967311504,8.166173534503578,-3.7858313751220702,0.0615012743409723,3.344675334663544,16.11754572412676,33.71678146037731,user,ohp,heavy
1788967311521,8.379107844653726,-4.067001017108559,-0.357184448717907,14.266342477905278,19.68606514091184,37.82232279310735,user,ohp,heavy
1788967311537,7.648278956934809,-4.318392775946856,0.0163107910707592,19.44889365217232,18.0838957144709,32.02960862216827,user,ohp,heavy
1788967311554,6.676980101886391,-4.699968373273313,1.00317027640976,20.76555434111755,14.878059342613495,24.01351078203913,user,ohp,heavy
1788967311571,6.708852911487221,-5.0661312974125146,1.7827824111938475,18.830973268150437,9.99946439301672,13.90440904623901,user,ohp,heavy
1788967311588,6.337002881622314,-5.326051815143227,2.3374888622008263,15.369884189273192,6.586835933187544,4.551823758664557,user,ohp,heavy
1788967311604,6.258744752943516,-5.447108636584877,2.657713553442433,12.11829067261858,6.745913173391256,-2.757947143920639,user,ohp,heavy
1788967311621,6.168959852600097,-5.281758499908447,3.143138232300058,3.0519643761314743,4.574618661245828,-15.399545993291264,user,ohp,heavy
1788967311637,6.272810103175043,-5.016002992413938,3.02731967683807,-0.3845771629513,0.76762644460178,-24.08825354212658,user,ohp,heavy
1788967311654,6.95261256801188,-4.61946275792867,2.84086990737915,-4.968883220235175,-5.067835585835734,-31.313801382056347,user,ohp,heavy
1788967311671,7.794773001971841,-4.118027439990639,2.30546692645289,-8.212470047635238,-4.871297319355441,-30.79793426951821,user,ohp,heavy
1788967311687,7.988104786029457,-3.91975761500895,2.033126926001534,-8.281363604472217,-4.082173974918956,-25.433829836923064,user,ohp,heavy
1788967311704,7.39868343386352,-3.8190517999395728,2.070385885620117,-13.285106402683844,-5.743250794743493,-27.355641871236845,user,ohp,heavy
1788967311721,6.773197081103921,-3.693954178674519,2.401684124866128,-28.12241256784081,-8.76719581390887,-36.95178444753796,user,ohp,heavy
1788967311737,7.256526541247964,-3.507505724389851,1.6439184957090764,-24.86803404155213,-6.008172488307132,-32.60299958789626,user,ohp,heavy
1788967311754,8.416068332782388,-3.4051536034181717,-0.0773624219480901,-7.7550369109938515,-6.077433167811999,-23.94790852260845,user,ohp,heavy
1788967311771,7.527969738990068,-3.361160440173745,0.3606270634524524,11.18706780382092,-18.917786680048582,-20.207270046286343,user,ohp,heavy
1788967311787,6.59482905742228,-3.509900510571897,1.067963578033447,8.072870372510286,-22.227600729188385,-31.28043590796084,user,ohp,heavy
1788967311804,5.548712569537758,-3.952976578521728,2.290952151953429,-11.86553013087215,-16.224730175224476,-45.26376608251205,user,ohp,heavy
1788967311821,7.492506211420893,-3.492692186139524,2.383577207626216,-38.30966362057693,-3.923175708777522,-42.10194174211892,user,ohp,heavy
1788967311837,8.737341437098383,-3.1358067934334275,1.6849193087371066,-41.852083176996096,1.770290263992571,-26.246398659459263,user,ohp,heavy
1788967311854,9.176974963378903,-2.6123732864379883,0.4578914693636819,-34.63274397902187,-2.316628984852252,-14.253221684509684,user,ohp,heavy
1788967311871,7.69286979381144,-2.9625255714967844,0.3826229874875396,-27.1944135483314,-14.753840399725767,-16.046190737867636,user,ohp,heavy
1788967311887,7.35439070315063,-3.4047052751287814,0.5526112322933971,-34.09956575203233,-5.825617326605146,-26.077807392628547,user,ohp,heavy
1788967311904,7.71800891124308,-3.725528005328774,0.3266591812685132,-41.804097682982174,7.590101502916383,-33.77146395487243,user,ohp,heavy
1788967311921,9.581295768737792,-2.7446529281616208,-0.6949163194742984,-28.83248927923909,8.450703630790697,-25.132922437943567,user,ohp,heavy
1788967311937,9.936685077667237,-2.255487893731892,-1.0932516754817216,-9.57345524919927,3.656827359450997,-15.922799955416773,user,ohp,heavy
1788967311953,9.038110682567954,-2.2565353569582105,-0.2413650712720118,-3.149804701557791,-0.6313235630509758,-10.089242960788308,user,ohp,heavy
1788967311971,8.728213543269037,-3.3096851044803857,1.8303672787873075,-22.44332883902865,4.562984287768358,-8.85578934385946,user,ohp,heavy
1788967311987,8.689755510059,-3.709665834808349,2.0673937180668114,-37.72015340840771,13.283214440283752,-10.76019293352617,user,ohp,heavy
1788967312004,9.00100289492309,-3.226037391717732,1.1602896142270416,-36.3867911993945,15.919939813701829,-9.343148100575611,user,ohp,heavy
1788967312021,9.438390688103436,-2.637811386816204,0.213382967233099,-20.731312895260984,12.164647166515458,-1.680060370127235,user,ohp,heavy
1788967312037,9.98471933299601,-2.405425064960122,0.1375168299910612,-11.946373957435714,0.9180970594818948,5.6857738991041895,user,ohp,heavy
1788967312054,9.406220941382646,-3.876212780053913,1.1816889788747764,-20.47310271633053,4.868024804969359,3.4320270508456603,user,ohp,heavy
1788967312071,9.137023476740715,-4.265570117297768,1.743577596470807,-32.01887839498218,8.106351959821689,2.5039264322723414,user,ohp,heavy
1788967312087,9.2498490609318,-4.297592272241413,1.6310503924380988,-34.84328114509293,10.033938919078714,6.333005186175536,user,ohp,heavy
1788967312104,9.092131026569009,-3.5281557137086987,1.008558380922582,-31.11573955650432,10.839131991084946,12.1449241415134,user,ohp,heavy
1788967312121,8.942942920142412,-3.7421371948242186,0.8827125168398022,-31.093602913404307,11.9468554857722,12.523285031907196,user,ohp,heavy
1788967312137,8.531737615966797,-4.522048385620117,0.2680009483337402,-32.4310461604466,20.73548614084386,3.00914805465878,user,ohp,heavy
1788967312154,8.796745227703452,-4.258536273138225,-0.5276224648515694,-25.20672604702014,18.433201833909106,-1.084171081438345,user,ohp,heavy
1788967312171,9.35265009471476,-3.876212487792969,-0.6642405924372374,-16.8656922024114,13.795201151599676,0.8945733543718419,user,ohp,heavy
1788967312187,10.382605721393228,-3.5537437439516184,-0.0508773332675918,-17.876095746709723,9.66321930281887,10.34721664441875,user,ohp,heavy
1788967312204,10.427796277728676,-4.132841270501912,0.3977372622501104,-21.13431113176466,13.633256512605028,12.382766696338876,user,ohp,heavy
1788967312221,9.709684248241782,-4.311956897680461,-0.0002998231967911,-21.29446540742312,19.819048924051987,8.107151091954579,user,ohp,heavy
1788967312238,9.068788144904374,-4.162768791253865,-0.3432681150356307,-11.465810385170078,20.2475493793692,-0.4065996138261252,user,ohp,heavy
1788967312254,9.018060997229814,-3.896862769372761,-0.8328823180049657,1.6530473988466576,15.539715135438266,-5.619686696242439,user,ohp,heavy
1788967312271,9.675119130817055,-3.930980143029988,-0.7293330596705898,12.603562806543293,9.382671843981536,-6.229382251843157,user,ohp,heavy
1788967312287,10.638186748614906,-3.979163451440632,0.0423476245271041,14.777650439172431,8.897896606318943,-4.351951932982474,user,ohp,heavy
1788967312304,10.855610186877849,-3.820697521319985,0.7068888804113492,13.72281053790765,12.537588301802847,-3.800736030168581,user,ohp,heavy
1788967312321,10.852466628155112,-3.568556989941001,0.9735424327241256,15.015170267559624,14.132045590897196,-1.0720947733772337,user,ohp,heavy
1788967312337,11.112536783489585,-2.995445552062988,1.2425909538820386,17.48467638839651,12.254978979609817,5.13872654611812,user,ohp,heavy
1788967312354,11.14710423900187,-2.98152925491333,1.6136919189453125,15.869078810047329,12.050783644183111,9.265537514810402,user,ohp,heavy
1788967312371,10.798300738203524,-2.973748684039712,1.7536034437868744,9.593368665724444,9.755922899102517,10.275668705315574,user,ohp,heavy
1788967312387,10.27801020540893,-3.1863840112432835,2.102109276812896,-0.524702762642343,8.954747685875544,11.00855995608899,user,ohp,heavy
1788967312404,10.133906854900715,-3.232321586553752,1.6762408026430755,-3.069900879778751,11.512453747012096,13.801319293548715,user,ohp,heavy
1788967312421,10.054151181140542,-3.167828363855183,1.1581959298834203,1.8369582463771847,12.790196871840244,18.33863444975569,user,ohp,heavy
1788967312437,9.957335066986085,-3.047519145910442,0.5084682122495026,12.62990940749297,12.413301057023418,22.43243468730248,user,ohp,heavy
1788967312454,8.984093261176348,-3.633650224359333,0.6821984931278974,15.119533850530129,13.108543451318075,21.55318102035216,user,ohp,heavy
1788967312471,8.866775626263022,-3.733608143670857,1.1026792829100045,11.133832455656194,14.026192172913984,21.432025417307177,user,ohp,heavy
1788967312487,8.888624469977616,-4.158878505817055,1.4140755016602575,8.034267850868666,15.18107214740465,19.81927090520001,user,ohp,heavy
1788967312504,8.722076647949219,-4.428225900323689,1.0037699228033423,10.771728269260676,15.273348003091524,16.709277455323523,user,ohp,heavy
1788967312521,8.72746243264079,-4.641458901159465,0.8149266823366283,17.33979953836408,13.40697576049709,14.415812630154544,user,ohp,heavy
1788967312537,9.046042644611,-4.529680195672809,1.2479781268130987,24.016145527511465,5.57304034619266,15.064439837137511,user,ohp,heavy
1788967312554,9.399937331068514,-4.30537401215881,1.8475757128175347,25.80569777873712,2.0570828636088248,16.83556936062435,user,ohp,heavy
1788967312571,9.361031554090976,-4.40159099137634,2.2297506642766294,22.16923847027792,2.016082518681708,16.84291010643482,user,ohp,heavy
1788967312587,8.906131485095619,-4.57098046657145,2.706944105883688,13.575666065070772,3.807836011810809,14.181819740700016,user,ohp,heavy
1788967312604,8.888025335040687,-4.649540208545327,2.75303336462453,3.05572076673157,6.409687293100447,13.514062027625489,user,ohp,heavy
1788967312621,8.905234828516841,-4.616320952771604,2.4621375706546007,-0.4712490085067355,8.390212914180125,14.531782412072191,user,ohp,heavy
1788967312637,9.19912249777913,-4.519504838617146,1.88154366806671,4.063708558497827,7.644485176635317,17.165633129623338,user,ohp,heavy
1788967312654,9.047689827296136,-4.349667035132646,1.8270760186895727,10.95353509836172,0.3241413546583529,17.00188446691416,user,ohp,heavy
1788967312671,9.043499974390864,-4.173094662696123,1.8704709237799049,13.172803578576849,-1.6918345490392792,16.498542213766534,user,ohp,heavy
1788967312687,9.252093040466308,-4.307019149017334,1.8043300800047812,11.722810766843796,0.4020595123796237,16.28819117035036,user,ohp,heavy
1788967312704,9.341576327514648,-4.425681768798828,1.493084594836831,11.507065581530602,0.2308039381640726,14.37011354196528,user,ohp,heavy
1788967312721,9.26376535808146,-4.427777572034299,1.5360304409854113,10.162822881169562,-3.0560895969467503,11.833938798413548,user,ohp,heavy
1788967312737,9.248352684894204,-4.512172888293862,1.7564464851930737,10.201783987742608,-5.8840273968398025,11.846191304010905,user,ohp,heavy
1788967312754,9.432856434851884,-4.416704097095131,1.7902638529904185,9.771638310609069,-5.22078273125936,14.769198080074542,user,ohp,heavy
1788967312771,9.547776945495604,-4.407874893951416,1.8022358842045068,7.204652583711408,-2.595309667612057,19.08815208851621,user,ohp,heavy
1788967312787,9.373151030951735,-4.513220643781125,1.738788809558004,3.02277214761884,1.6555024249664545,21.15724349190298,user,ohp,heavy
1788967312804,8.783428650012612,-4.741567334857582,1.6843207217894494,-0.1806737113899111,0.7043397260214401,19.69294484895333,user,ohp,heavy
1788967312821,8.66416747981608,-4.746355738177895,1.5756841137208044,2.060753449957472,-1.9136928603813392,19.41199184763403,user,ohp,heavy
1788967312837,8.63064982561767,-4.688147002576291,1.1911157643191517,8.30764787994572,-6.0917944943155975,18.468097270378703,user,ohp,heavy
1788967312854,8.660277486640215,-4.893001174384355,1.2862858648322522,11.46745475321276,-7.555209481541373,16.881106231820823,user,ohp,heavy
1788967312871,8.750658014789224,-4.978742936816811,1.4712369201660156,8.718126027364207,-6.234515565891245,15.502154217645073,user,ohp,heavy
1788967312887,8.687511530524493,-5.152621832385659,2.0621553790219127,3.028057646819372,-6.74154484053021,14.53362997824268,user,ohp,heavy
1788967312904,8.870218460193277,-5.262306195941567,2.040459095520526,-1.3086274259859485,-6.789060759038696,14.75619510744213,user,ohp,heavy
1788967312921,8.891317946845293,-5.347150132751464,1.8007396542973817,0.266072553758359,-6.977902256098032,15.61841769769703,user,ohp,heavy
1788967312937,8.776994233050942,-5.291784803882241,1.340604314997047,3.4532053330277543,-9.981515509651574,13.300142210367982,user,ohp,heavy
1788967312954,8.544456227764487,-5.277268787273765,1.6023198994509875,4.3981227311112905,-13.988485259827282,9.067106005269546,user,ohp,heavy
1788967312971,8.4974711892277,-5.308993128314614,1.6907558694034814,1.0341242576772516,-12.40114417407444,5.969907634142604,user,ohp,heavy
1788967312987,8.92513546077311,-5.349394696807861,1.4704893166691064,-0.8423743806919599,-9.086102468898645,8.615042251089436,user,ohp,heavy
1788967313004,9.219473796412348,-5.222952090674639,1.3718776974000035,-0.9497645912384242,-11.057739025660377,11.49604677885208,user,ohp,heavy
1788967313020,8.675688406261802,-5.323357169231772,1.2005427872255443,-1.8902390579885733,-11.38109128002618,6.494573737879011,user,ohp,heavy
1788967313037,8.423550212970376,-5.383662292590737,1.3808567573431878,-1.1647168342776608,-16.576479794838257,2.524905144864624,user,ohp,heavy
1788967313054,8.479813367462159,-5.425709874725341,1.5242087049622088,-1.4283887099448924,-20.269885805502437,0.4009734055798859,user,ohp,heavy
1788967313070,8.801085302734375,-5.520729753112793,1.514931100463867,-7.201919654269756,-12.257108291083568,1.345294762936633,user,ohp,heavy
1788967313087,9.026141427832842,-5.451148851886392,1.5357314580388366,-10.89436090071367,-10.119244566717589,3.330237381975195,user,ohp,heavy
1788967313104,9.188346836742758,-5.383512070465088,1.3566142234250902,-9.84318710348589,-10.714030246246994,4.411632418402752,user,ohp,heavy
1788967313120,9.18655293906331,-5.482572748675942,0.8125322614807635,-6.021559232193534,-16.133934763040205,1.1937097066438955,user,ohp,heavy
1788967313137,8.648455531421304,-5.425710459247231,0.9678564595095812,-7.01318189070844,-21.558078265987056,-5.398006930314151,user,ohp,heavy
1788967313154,8.64381618118286,-5.44576131362915,1.173906563103944,-8.678922449075626,-23.01428484231753,-7.087826466826571,user,ohp,heavy
1788967313170,9.073575379180909,-5.180453842163086,0.8801683122497052,-14.20779409633993,-14.237967310772106,-4.2906881243352215,user,ohp,heavy
1788967313187,9.300425401958822,-5.205443321990966,0.5539584091186524,-17.73887212364229,-6.6296236532430886,-0.6461500361092223,user,ohp,heavy
1788967313204,8.968380728259682,-5.29926609954834,0.820163925402984,-22.645082381827077,-11.144760758328214,-3.233970347935508,user,ohp,heavy
1788967313220,8.182932361602782,-5.5549967643737785,1.3657422633849083,-27.348840710370805,-12.98255634320896,-12.372167096520664,user,ohp,heavy
1788967313237,8.65683465270996,-5.540182641601562,0.5939122338443994,-22.550024931600717,-12.288306887664891,-13.278654435239122,user,ohp,heavy
1788967313254,9.119512954491375,-5.189281876263022,0.1557728916443884,-14.316412033389703,-13.732765538622944,-9.86839220907053,user,ohp,heavy
1788967313270,9.02793591003418,-5.172373411560058,0.4343985117038711,-10.54412843686928,-17.419927902612084,-6.230140829727852,user,ohp,heavy
1788967313287,8.628703367725015,-5.166836820220947,1.2422920440007,-15.29760200483424,-17.922667391565458,-6.0458512268635065,user,ohp,heavy
1788967313304,8.408885727801918,-5.099650120654702,1.196352934320271,-19.35695759839665,-14.581600104330972,-8.82205674709606,user,ohp,heavy
1788967313320,8.261193997412919,-4.811597733417153,0.6473324747941457,-17.42236286505119,-13.777487909760897,-10.797600172063037,user,ohp,heavy
1788967313337,8.869769547381997,-4.499453107452393,0.0761664170965552,-13.079494656778012,-14.493056947025512,-9.05618367901305,user,ohp,heavy
1788967313354,8.91899973449707,-4.433612561798095,-0.0173571948511526,-11.656048229027858,-10.06295783154116,-8.982560216175836,user,ohp,heavy
1788967313370,8.824578406524658,-4.308365887451171,-0.1324293706589378,-11.259136544848309,-9.291442714784967,-8.513245965473212,user,ohp,heavy
1788967313387,9.353696973419188,-4.093785563659668,-0.2567783198480028,-8.421443100386362,-10.20299720009393,-4.87539415219698,user,ohp,heavy
1788967313404,9.33918271037638,-4.122964896392822,-0.4234748204989358,-5.543304263867363,-7.944968250112627,-0.7303088522977691,user,ohp,heavy
1788967313420,9.080908790808916,-4.369268392181397,-0.304362249009835,-1.6275055862802776,-4.784086475824957,2.0573737869787854,user,ohp,heavy
1788967313437,8.393772329822182,-4.868309800720215,0.2050043437013635,-1.3919795328004934,-1.5656433890287087,2.545805523724863,user,ohp,heavy
1788967313454,8.338855913764238,-5.06253999492228,0.4914107275723537,-4.6671566254421,-2.055572751472017,1.4461350355124667,user,ohp,heavy
1788967313470,7.833976885113119,-5.182547599571943,0.9701009025516802,-8.424264822287224,-1.6570585341584534,-4.551451086467968,user,ohp,heavy
1788967313487,8.034042361339926,-4.975599962615966,0.4189855873548658,-7.230575712932545,-3.807654584910981,-6.042763127585014,user,ohp,heavy
1788967313504,8.188321068903804,-4.990415254431963,0.231040528703737,-5.019720745114403,-3.0251155428343885,-6.732066245509524,user,ohp,heavy
1788967313520,8.481159521374106,-4.983530171093344,-0.1228523219897178,-3.483445782134574,0.8190205765375111,-4.6904642190979455,user,ohp,heavy
1788967313537,8.322244970703125,-4.985027131652831,0.1607105626757023,-1.692691097449881,0.6078049805828004,-4.091734959096505,user,ohp,heavy
1788967313554,8.250270452338457,-5.030966168268025,0.0661400948564522,-0.677401886821733,-1.4232008611051503,-5.52902148453922,user,ohp,heavy
1788967313570,7.677606173706054,-5.1735708046510815,0.4189856238874839,-1.4503286649411486,0.7050231718252645,-8.398282782684495,user,ohp,heavy
1788967313587,7.555053560748695,-5.119701559558511,0.6709755038825562,-4.455455765891201,1.4383910950975531,-11.604443588527474,user,ohp,heavy
1788967313604,7.968651897540688,-4.970063955798745,0.5143043253913056,-3.76034015698301,2.336505262223812,-11.50894729864694,user,ohp,heavy
1788967313620,8.281095214191078,-4.565443582971394,0.2400191959212766,0.4811691645850914,-0.3528848717590293,-12.908634059595558,user,ohp,heavy
1788967313637,8.615386205512285,-4.477007759149372,0.477793604023871,3.2555620700057992,-5.176159397864375,-12.34297401423438,user,ohp,heavy
1788967313654,8.900445840674639,-4.419846779035032,0.8047513800798914,-0.5838240263243271,-5.139294305592878,-8.379259852072364,user,ohp,heavy
1788967313670,8.782230380138754,-4.57112951965332,1.263390599070955,-4.379042170778037,-8.149560590284835,-7.684799514437671,user,ohp,heavy
1788967313687,8.607904909846186,-4.729446981213987,1.016488580266805,-7.520718733780101,-6.456891157341228,-6.866875823592182,user,ohp,heavy
1788967313703,8.478916126361488,-4.747552254486084,0.7526771560447756,-6.694348660252245,-7.855862455974287,-10.273644408000312,user,ohp,heavy
1788967313720,8.483254447826743,-4.553322644805908,0.0613516184709034,-4.873364732239839,-9.38519047623798,-10.315529689311768,user,ohp,heavy
1788967313737,8.99546455001831,-4.406976776067912,-0.2410657595318742,-3.650432594840573,-6.970345932441882,-6.617413836328044,user,ohp,heavy
1788967313754,8.716091728320718,-4.461894653430581,-0.0733220605161041,-3.7591973809575023,-7.854883177602036,-7.821851529002209,user,ohp,heavy
1788967313770,8.198644894519449,-4.70789858175069,0.274884131976217,-5.742671936211335,-7.517282294853938,-10.761746801562348,user,ohp,heavy
1788967313787,8.45288035235107,-4.530877588763833,-0.1963243534697219,-4.622248131649266,-7.076931461326754,-11.046666435242138,user,ohp,heavy
1788967313804,8.767716701617836,-4.3547541291385885,-0.6465839031828567,0.0675088560446787,-7.035409460701778,-9.613813129457585,user,ohp,heavy
1788967313820,8.55493144454956,-4.2075098502561445,-0.6361088325282559,0.1699083994430454,-7.721957451069834,-9.552472054295343,user,ohp,heavy
1788967313837,8.565556298938393,-4.148253651428222,-0.2250546272611245,-5.643349032848302,-1.3634823827576137,-8.94815655332648,user,ohp,heavy
1788967313854,8.530241239929198,-4.164864009967446,-0.4623796841610222,-3.4165728940748603,-0.8030728318774719,-8.247182776544536,user,ohp,heavy
1788967313870,8.68302181788981,-4.041113419397175,-0.7013508277675137,2.493487768786446,-2.6439668680421704,-7.598084286508835,user,ohp,heavy
1788967313887,8.591143744659423,-3.998765685272216,-0.1809114245541393,4.432803870395676,-6.533014042527843,-7.287030641517285,user,ohp,heavy
1788967313904,8.413674131122232,-4.090793688367307,0.2271498825073242,-2.1606039854338883,-3.702990473616998,-6.754428284852146,user,ohp,heavy
1788967313920,8.703822029334306,-4.037821684375405,0.2923922796053811,-7.830173260732223,1.4326188381969518,-3.852736821640827,user,ohp,heavy
1788967313937,8.774749668994545,-4.003704602979124,-0.2135328970978036,-8.613370562290076,2.208260776594006,-2.43800849003596,user,ohp,heavy
1788967313953,8.69573984516561,-4.004301692089438,-0.4955991956630721,-5.729168652222219,0.2412962293071228,-3.4484758539143434,user,ohp,heavy
1788967313970,8.979303688812255,-3.912574717767536,-0.8563754948604851,-0.7948873837657405,-1.75666190216428,-3.441159654096202,user,ohp,heavy
1788967313987,9.054123075214028,-4.011934086664021,-0.635061551965028,1.732337997704278,-0.1979794230549532,-2.4514797575133405,user,ohp,heavy
1788967314004,9.159020204493403,-4.185514291547238,-0.3245641817506403,-0.899907625391916,2.480984680623915,-0.5830111804522426,user,ohp,heavy
1788967314020,8.894010839191079,-4.220379853223264,0.3227684209076688,-4.102333705141072,2.837149163762461,-1.0363716033575974,user,ohp,heavy
1788967314037,8.93845145394206,-4.065503179766237,0.2017113437376916,-6.143140014514345,2.371386611428244,-2.82270139267718,user,ohp,heavy
1788967314053,9.09706906749308,-3.979313089044392,0.0407014647552743,-4.855572943225602,2.545580767812487,-1.9010247804616696,user,ohp,heavy
1788967314070,9.446472287750243,-3.895516030938923,-0.4303581137392669,-0.0597074993520548,0.2953576568354498,0.3496319408059579,user,ohp,heavy
1788967314087,9.332448433685302,-4.0352772605896,-0.4525038215085863,2.971480842046629,-2.504834847431953,1.7406042341472858,user,ohp,heavy
1788967314104,8.981398615264892,-4.301033937127888,-0.0148141227722167,-0.3015554665378546,0.3496917583220483,2.2478965777910016,user,ohp,heavy
1788967314120,8.710107393214106,-4.638317680524289,0.555903917163238,-5.234783765284241,2.7177275749930194,1.078962848752799,user,ohp,heavy
1788967314137,8.507796183887123,-4.688295763397217,0.4130002247683703,-7.55270024079504,0.9815062945804716,-4.033769278044723,user,ohp,heavy
1788967314153,8.65025118266642,-4.534917219543456,-0.023492373137921,-3.272857389644741,-1.5676794257316071,-6.963508913082699,user,ohp,heavy
1788967314170,9.318980464825032,-4.165162408392131,-0.4041709485594183,-1.2849806707491296,-2.0703090980497314,-5.715212441313768,user,ohp,heavy
1788967314187,9.490765018463136,-4.087052163751423,-0.2222120242463424,-1.9033321037406643,-0.0046692613909235,-2.9400799011111416,user,ohp,heavy
1788967314203,9.309705271479489,-4.182372194129228,-0.1253960562223568,0.2479658023099345,-2.4987911972335497,-2.814651160966674,user,ohp,heavy
1788967314220,8.737790349909663,-4.416554751752317,-0.0980125208647921,-0.1450438961824073,-4.206145750336096,-6.836439219990136,user,ohp,heavy
1788967314237,8.681226166644691,-4.32796899806559,0.0127191597869619,-4.753427037301238,-2.27716030984651,-7.016249072532599,user,ohp,heavy
1788967314253,9.293243966022134,-4.169203208215534,-0.0604534457884728,-4.035424745144804,3.064407486695357,-4.047712682348481,user,ohp,heavy
1788967314270,9.106046739196778,-4.235492374420166,-0.5482715225886553,2.505678589237861,-3.251233224175892,-6.035851403031785,user,ohp,heavy
1788967314287,8.735694254413247,-4.364630210986733,-0.3146877711089327,4.052342696832103,-5.410061360425577,-7.522970134885266,user,ohp,heavy
1788967314303,8.702624343982338,-4.378546508136392,0.4875194591797888,-6.259677555906749,-2.9223873632832813,-7.645221983292033,user,ohp,heavy
1788967314320,9.107692752838137,-4.166809006555378,0.1891421138154342,-9.854538024112806,0.6000237409317163,-5.808101733365471,user,ohp,heavy
1788967314337,9.37883667537272,-4.017171110534668,-0.3455131540160626,-6.189255317356156,0.4444298438438573,-4.334072205282673,user,ohp,heavy
1788967314353,9.23817615879476,-3.951031289672851,-0.7205047698423266,-0.8937790247157106,-4.589266855694567,-6.861230672243167,user,ohp,heavy
1788967314370,8.920795970264077,-3.9993648202091454,-0.2060513091707602,-4.259838294288389,-3.605019947709628,-7.9506663354277105,user,ohp,heavy
1788967314387,9.1932866312325,-3.925144568744301,-0.1605611488342285,-8.827909365441114,-0.2161197918406988,-5.746140391649232,user,ohp,heavy
1788967314403,9.370306747436524,-3.847930688421428,-0.5690714052395894,-5.307735308261854,2.223974480553266,-2.883115269659589,user,ohp,heavy
1788967314420,9.157823103663326,-3.873070974896848,-0.8420102848995477,-1.974056151275208,0.3796142301064924,-5.356366682039169,user,ohp,heavy
1788967314437,9.012373014721272,-3.729716981451213,-0.7457937440734356,-0.948238150680632,0.8943236789411663,-6.699750486112079,user,ohp,heavy
1788967314453,9.55062181353271,-3.550601938794553,-0.5954076235013083,-0.3805611451214648,1.2819766681747935,-1.420363451113539,user,ohp,heavy
1788967314470,9.968558471789956,-3.675997373962402,-0.7788634353086352,1.9413333552919116,4.800506250589667,2.5510240016941643,user,ohp,heavy
1788967314487,9.572617372241616,-3.9151182647705074,-0.5624876429351047,2.389353637483374,3.60956116973404,2.385055740948144,user,ohp,heavy
1788967314503,9.050082859912514,-4.445733792224527,0.2053027923583984,-2.5745053382870218,1.8521727061968,-0.9559797432180184,user,ohp,heavy
1788967314520,8.761132647052406,-4.7369279846191406,0.5446808046203107,-6.802941410979455,2.263031209774692,-5.152662693345885,user,ohp,heavy
1788967314537,8.894608805084228,-4.652232808630168,0.3030166225375607,-7.052331254370484,1.7263338345370136,-6.853788754255614,user,ohp,heavy
1788967314553,9.437942359814048,-4.281281188909709,-0.1672947679381817,-6.6333008563374944,-0.2829961883764903,-6.928337280838542,user,ohp,heavy
1788967314570,9.53820072337687,-3.812616798456013,-0.4994900290891528,-8.211730679657585,1.502535322583847,-6.908412765255968,user,ohp,heavy
1788967314587,9.687987964740396,-3.5529958481937647,-0.7314283879820257,-7.200318828683034,3.5813648681797576,-3.619556297810707,user,ohp,heavy
1788967314603,9.893141119495034,-3.5660140274599192,-1.137993757397309,-2.941614132353456,6.511025956042279,1.0352000124715286,user,ohp,heavy
1788967314620,9.217227478790283,-3.983053736877441,-0.758662431866303,-1.985804930421276,6.371685828105788,1.224752702978192,user,ohp,heavy
1788967314637,8.913912055969238,-4.078672165679931,-0.4303576388152316,-1.7552292699858698,4.866101252944354,-1.1361939643036876,user,ohp,heavy
1788967314653,8.61299025028646,-4.181024286651611,-0.4103062364440411,-2.7471738011654137,5.856643460909929,-3.2880413270565025,user,ohp,heavy
1788967314670,9.077167266193031,-4.054131890924275,-0.4209306159088388,-2.8295243247711994,9.312405419121385,-2.8677003864765163,user,ohp,heavy
1788967314687,8.930224308344721,-4.0716397828251125,-0.4477157835144549,-0.8018792029591593,8.250701177740737,-2.413746377443605,user,ohp,heavy
1788967314703,8.77849060908854,-4.077175789642334,0.1385646402772516,-2.00554375023579,5.764804310443115,-3.188995046354855,user,ohp,heavy
1788967314720,8.78462458179891,-3.977966058349609,0.3410245738925412,-5.396119663669112,5.795231949421875,-5.624576684801345,user,ohp,heavy
1788967314737,9.141360044640304,-3.802440856878459,0.2467531757848337,-3.00189353998658,3.855809552993686,-3.841159650997655,user,ohp,heavy
1788967314753,9.62154886867106,-3.743932846069336,0.0360627355713397,-1.668091317380434,1.915945542146974,-1.0672311450796554,user,ohp,heavy
1788967314770,9.290849764361978,-3.889380889184773,0.4900633349763229,-5.759790951592326,3.0229066169681245,0.9585515228839396,user,ohp,heavy
1788967314787,9.003994477954507,-3.733009593255818,0.350750689343363,-7.62919665195189,2.227569721377632,1.025172334274598,user,ohp,heavy
1788967314803,8.980500789642333,-3.514987020055949,-0.1571194108825176,-4.119704583747708,1.548705480382429,1.5992998932158868,user,ohp,heavy
1788967314820,8.668207695117593,-3.8102225967958567,-0.6425435782834887,2.6681350655334377,-0.0517984471180842,-0.5040472033751665,user,ohp,heavy
1788967314837,8.341698443713783,-4.145111554010212,-0.3582320215420797,2.3804152677373547,4.928624377719827,-3.720432215436272,user,ohp,heavy
1788967314853,8.32463975688517,-4.2996874909549945,-0.3392283015929162,1.3270438571441243,10.391329421173278,-6.382805802961392,user,ohp,heavy
1788967314870,9.294590119934082,-3.806930277252197,-1.0024224171845242,5.937360502087024,11.363085193826734,-4.921215756904479,user,ohp,heavy
1788967314887,9.241170664435623,-3.7027825050354,-0.5922649780940265,7.828953218191729,8.194890848258918,-4.209317519431921,user,ohp,heavy
1788967314903,8.818892177581787,-4.068496516363322,0.4141972525332122,7.055056926736142,6.084411486709637,-6.781785326912163,user,ohp,heavy
1788967314920,9.029432870593666,-4.102015631866455,0.5455789407701231,2.949881009126698,7.241089081612487,-7.021269261572559,user,ohp,heavy
1788967314936,9.262119344440102,-3.914819574084878,0.4686651759049854,0.393331944682949,10.500031028040384,-7.302351609599269,user,ohp,heavy
1788967314953,9.068637922778723,-3.5791818443298338,-0.2370253433009609,3.4996971500475618,9.71150447138263,-8.868844396684294,user,ohp,heavy
1788967314970,9.098566028052568,-3.571849601745605,-0.4801868786688428,10.254797354759308,9.399484354623524,-6.0771347739226345,user,ohp,heavy
1788967314987,8.91166866095662,-3.64188029256612,-0.0921769648454152,8.990639476190314,11.865488295963484,-6.89562878556382,user,ohp,heavy
1788967315003,8.490588443976641,-3.723282856750488,0.035913394795102,7.344576692821935,13.914117306370535,-10.310232023836775,user,ohp,heavy
1788967315020,9.289652663531898,-3.138948306329548,-0.6652886184942035,11.567668142488833,15.194269780428408,-10.652110312552596,user,ohp,heavy
1788967315037,9.31479119644165,-3.166181765691936,-0.5894220782517222,14.205622949957512,16.25377896976454,-10.203852681287476,user,ohp,heavy
1788967315053,9.456049094390869,-3.3343744323179125,-0.0203502939862199,11.083612636010027,20.712574271273056,-5.959472385751294,user,ohp,heavy
1788967315070,9.84959774584472,-3.407099184527993,0.5521637990531512,11.283568985283091,14.544670979036006,-0.9118732630441322,user,ohp,heavy
1788967315086,9.602993805804848,-3.58172626811564,0.2433106889144517,14.69080458387572,12.145169174549872,-1.483203325911772,user,ohp,heavy
1788967315103,9.505279281505942,-3.6426281883239744,0.9392757502567024,12.640524375236817,12.579370276503107,-1.4076253617548768,user,ohp,heavy
1788967315120,8.850466881018876,-4.030788716998696,1.8347068058289584,1.3791172193763015,14.625545541450832,-4.337997429621315,user,ohp,heavy
1788967315137,9.017910190582274,-3.930531230218708,1.472584571915306,3.187832846978895,13.276532807728186,-5.448318530627288,user,ohp,heavy
1788967315153,9.946862188288568,-3.481768348804116,0.5406409181123599,4.08117079088461,13.95123853073591,0.9604879882353442,user,ohp,heavy
1788967315170,10.237456661224364,-3.3448493568420408,0.497993981845118,2.68765382519063,13.900182866690065,4.25595020910336,user,ohp,heavy
1788967315187,8.868720915111899,-3.585167640741169,1.1370967720249667,0.6967267331395205,12.566211063293432,-1.9621579617410456,user,ohp,heavy
1788967315203,8.16482738059163,-4.031237337549031,1.1870751836914568,-1.1775440362606504,10.73663048843692,-5.399221850212767,user,ohp,heavy
1788967315220,8.571091721233724,-3.825784615325928,0.8677484642028808,1.0499949492657168,5.903851594018942,-7.707494525502331,user,ohp,heavy
1788967315236,9.034819824329018,-3.317764950561523,-0.2144311611117795,5.7900311872557335,11.939624876762094,-6.879015631068233,user,ohp,heavy
1788967315253,9.002797377124429,-2.9646204979494213,-0.407313886227645,11.746581532702733,14.409204422132555,-7.015419204548443,user,ohp,heavy
1788967315270,8.986636515918374,-3.0189389481142164,-0.4637264225948602,18.43269127726865,15.12584494532322,-8.239811294882799,user,ohp,heavy
1788967315286,8.721777372741698,-3.215712104797363,0.9112929338317364,10.28322204076396,17.96060226221571,-7.847382776119717,user,ohp,heavy
1788967315303,9.28276933375895,-3.164685681915283,1.364245887347311,5.679236981181664,18.581220570959747,-7.020376641225402,user,ohp,heavy
1788967315320,9.776125097876786,-3.015945903778076,0.7190094167180359,7.652106813975405,22.977963603858694,-1.8483036174753988,user,ohp,heavy
1788967315336,10.2012443611145,-2.6556185539245605,0.5442324032656848,6.448371350125283,27.884045795996546,5.787484380468965,user,ohp,heavy
1788967315353,8.495824006542563,-3.191770380456745,1.559373322650045,5.422139269312275,23.977679609653244,2.1486148690064004,user,ohp,heavy
1788967315370,8.405593115997315,-3.376273253631592,1.4923360414918512,9.03498021050839,12.767249143776295,-5.656885187122797,user,ohp,heavy
1788967315386,9.612720834571125,-3.100191874694824,1.6810291328981517,1.6276012089286578,20.986463149443274,1.5493253200496078,user,ohp,heavy
1788967315404,10.918906893268227,-2.6604069572448727,1.6437692234314978,-9.947211738318831,33.20481438585525,10.733362242919068,user,ohp,heavy
1788967315420,9.975293917524814,-2.964620790210366,0.7037458696778863,0.768869218865605,20.02451296711702,12.777504672815068,user,ohp,heavy
1788967315437,8.828769428473711,-3.361908628192544,0.3465620054818689,17.587909575059378,10.87289361615232,5.997480680935123,user,ohp,heavy
1788967315454,9.163955907329916,-3.684676062719524,1.7904136367246508,13.783075004501963,16.43160123725853,6.222389845680357,user,ohp,heavy
1788967315471,9.78585212664306,-3.476231757465005,2.48308698131144,-11.037992094996222,38.31401445107823,12.610906967448347,user,ohp,heavy
1788967315487,9.661952775251866,-3.3743282570436595,1.8960580772399904,-14.035963612295332,40.15123971516328,14.689530753595513,user,ohp,heavy
1788967315504,9.242367180743813,-3.270629397638142,0.2012628693178296,6.587526209180538,16.81756156687761,11.771838718479792,user,ohp,heavy
1788967315521,8.46021025684774,-3.663128832300007,-0.2938881076537072,35.173391017868816,7.488418769195111,5.910386804394174,user,ohp,heavy
1788967315537,8.277053829845785,-3.8187516479492185,1.091157114355266,27.198830973177103,18.62320574378781,5.281624348838542,user,ohp,heavy
1788967315554,8.604912157770991,-3.949685428021848,2.8766341714605685,7.076471704218248,36.06602161030861,9.13868382645034,user,ohp,heavy
1788967315571,8.660724645885825,-3.6191347922727455,2.73567437967509,-2.651709954683438,26.94903046466223,9.675934553732496,user,ohp,heavy
1788967315587,8.348581773486734,-3.5383310707643627,1.8028339962281288,11.661472253002495,12.561322355394996,2.0541746971262804,user,ohp,heavy
1788967315603,8.633341548919677,-3.4109888854429125,0.3969887089051306,27.2238192202556,10.785214477776863,-2.4440248194776832,user,ohp,heavy
1788967315621,9.913341611480712,-3.417871922954917,1.716493391119689,25.49937574729309,22.212234511103148,8.289503482415581,user,ohp,heavy
1788967315637,9.424625197601316,-3.6691143364503978,2.4980503032959995,16.37946469577653,32.001410186179875,11.407540333813408,user,ohp,heavy
1788967315654,7.735964839172363,-4.0667008651182055,2.8305443281978366,15.74457470676175,24.930255357343658,6.2971624878454255,user,ohp,heavy
1788967315671,7.992146170374751,-3.980810049603879,3.043779374860227,24.46086768210745,2.999872017435668,4.183622347774333,user,ohp,heavy
1788967315687,7.565528777533769,-3.910928996387124,3.497480881720781,13.030596478736244,8.858391645933235,0.0983989335148035,user,ohp,heavy
1788967315704,9.360878993877767,-3.1869813926145434,3.687968382263184,-4.437710507540684,21.034875530280324,5.940836641487738,user,ohp,heavy
1788967315721,9.41594680110514,-2.6952725189208984,2.1196165111266074,-3.191167473397742,22.09887386144845,12.17933292700463,user,ohp,heavy
1788967315738,9.12205971636474,-2.9185327005133037,1.334768302319944,16.72548549422396,12.162112312559737,11.583734454963995,user,ohp,heavy
1788967315754,8.684369140845536,-2.9629747765690087,2.1121356538519263,30.209400774400308,3.14925551165984,13.46487271277035,user,ohp,heavy
1788967315771,8.503757137629389,-3.3321310373052957,2.9767408515930174,25.181483375395064,6.875979611982163,14.548157790607297,user,ohp,heavy
1788967315786,8.282890865436196,-3.684228026691079,4.168156329511106,7.827765619049793,13.461844377647097,15.314764562671188,user,ohp,heavy
1788967315804,8.06995480172038,-3.822641933386028,3.305494082531333,3.6918709256482174,17.86588119880597,13.290105247382648,user,ohp,heavy
1788967315821,7.640196188244223,-3.790021228027344,2.646341022491455,13.434953922884755,8.460314560726552,3.686209552599923,user,ohp,heavy
1788967315837,8.96359407850504,-3.1601974305853244,1.8209408769354225,31.5005387539645,1.907138226655654,5.368097531938665,user,ohp,heavy
1788967315854,9.750388014551996,-3.011607582312822,3.187281544604897,29.84443986138443,2.623296794623008,11.673125409500184,user,ohp,heavy
1788967315871,9.456199901038408,-3.3303348015382883,3.7624879089355465,20.364328538703493,1.655914690915888,12.127445687427336,user,ohp,heavy
1788967315887,9.41624490726888,-3.2603041107177733,3.0708631966188547,24.164678236297146,3.9386691391360498,20.208677065255365,user,ohp,heavy
1788967315904,8.725816418999432,-3.942202671051025,3.0985458610534664,28.129369115510475,1.3627870908444473,21.801617198580324,user,ohp,heavy
1788967315921,8.17754540786743,-4.513668972070515,3.519327095086872,22.1785360652856,6.68557485537654,19.08242155980257,user,ohp,heavy
1788967315937,8.128614495959878,-4.931607091632485,4.828057869830728,3.5723022743682087,3.6728518370174936,17.706438970368485,user,ohp,heavy
1788967315954,8.103925460383296,-4.839131344769895,3.976470851355791,-5.037953935103752,8.172619308922798,17.127025485339843,user,ohp,heavy
1788967315971,7.690327708113193,-4.585944811469316,2.9813810786142945,3.357382901614353,4.392386225982127,11.107609651885223,user,ohp,heavy
1788967315987,8.172460067427158,-4.398598531562089,2.1618156305611134,18.967928806292942,2.4550137400785874,14.762499372046053,user,ohp,heavy
1788967316004,7.644089104029536,-4.645350647900998,3.796007608960569,13.766023437239028,2.495281760660633,13.989993024086562,user,ohp,heavy
1788967316021,7.392247263336181,-4.636371514892578,4.043357983453571,9.748807549534655,1.624713319570212,9.586566651084755,user,ohp,heavy
1788967316037,7.017257766401768,-4.433164818030596,3.9429514435917135,13.484446327384314,-11.476330584039191,-1.0912014805284036,user,ohp,heavy
1788967316054,6.791154762598872,-4.750545883344113,4.5468891046270725,8.52714027779231,-11.587597780713285,-10.555206149929392,user,ohp,heavy
1788967316071,7.702894928741455,-4.731391685540974,4.20107572555542,0.612133612969296,-3.2998897842757704,-10.074908955041389,user,ohp,heavy
1788967316087,9.172335613140463,-4.344129274749756,4.285321988733113,-11.112554708844312,0.273474451106243,-0.5664132337997299,user,ohp,heavy
1788967316104,8.408737259241938,-4.667795996204019,3.973328169415891,-19.96990048206089,-2.2049191065425777,-1.6245797039945735,user,ohp,heavy
1788967316121,8.208520976367593,-4.488379924774169,3.4780274087101217,-23.488258989581396,-6.732458127613154,-2.6982564132166056,user,ohp,heavy
1788967316137,8.367735386767983,-4.360888978631794,2.204162780164182,-19.403315799840826,-12.04727207317608,-2.3047956821152047,user,ohp,heavy
1788967316154,7.553855875396728,-4.352060652270913,2.165704746954143,-17.598945453210824,-13.055806706962764,-6.191512267990022,user,ohp,heavy
1788967316171,7.182154898613691,-4.165312045995891,2.4402897498533127,-21.682387708881286,-6.233960186134358,-13.286278633900148,user,ohp,heavy
1788967316187,7.972541890716553,-3.2531217979982494,2.135927740588784,-15.125252426412722,-10.3895134446277,-16.808675490767424,user,ohp,heavy
1788967316204,8.808268492236733,-2.793285441644489,1.334618664716184,0.7025371430499385,-17.225375086746148,-16.530188187738496,user,ohp,heavy
1788967316221,8.84732507586181,-2.670134570533037,1.7087123818546532,10.751340154588188,-17.67225899621445,-18.24272151833579,user,ohp,heavy
1788967316237,9.722105338397622,-2.4259245398923754,2.581099027252197,17.308874149349553,-14.98359601057395,-12.731306127042748,user,ohp,heavy
1788967316254,10.187627339172362,-2.1754317757204173,3.089118984277546,23.40470870055921,-17.591208556428494,-4.101921759356756,user,ohp,heavy
1788967316271,10.090662756457924,-2.6244945168644187,3.1380507729679343,30.126601806186827,-18.204141194808976,3.2129811766160588,user,ohp,heavy
1788967316287,8.866329051539301,-3.109769558118284,4.37645128942281,17.853967641346177,-17.441683762665868,8.244091262171459,user,ohp,heavy
1788967316304,7.55894355392456,-3.45378553237915,5.093214826910198,-4.678640307871007,-15.113482302925496,5.214291063340087,user,ohp,heavy
1788967316321,7.134272618976235,-3.382408395385742,4.597915235248208,-20.796145050862744,-11.780352549280211,-3.4572910668118912,user,ohp,heavy
1788967316337,8.214207789832352,-3.5636207025825977,2.4361006276004016,-15.720295091809648,-7.715139214730868,-3.216365748793212,user,ohp,heavy
1788967316354,8.402900223651528,-3.4247561295107003,0.6789071234323084,-0.3914248544810609,-2.475768763975552,-1.7312423926727256,user,ohp,heavy
1788967316371,8.337808450537919,-3.455731113488972,0.5406415391668677,17.064312395928077,0.4247500144522143,-0.411548779570887,user,ohp,heavy
1788967316387,7.63511026328206,-3.538780275836587,1.5535384790167213,27.438485235679927,-2.061913728342728,-7.184439492636401,user,ohp,heavy
1788967316404,7.632416201892495,-3.6819831703737376,2.9611786869324743,22.515848372541264,-1.3198025759634413,-13.481177228092816,user,ohp,heavy
1788967316421,8.032546569824218,-3.5678096787050366,3.308338366046548,13.243008531734471,0.397052183305211,-17.982738905315717,user,ohp,heavy
1788967316437,9.242664702385664,-2.94007934641093,2.3373387862056494,14.369700315520497,-0.2969937005850794,-15.386503747071124,user,ohp,heavy
1788967316454,9.78585212664306,-2.485032562421262,1.4359227379396555,27.21358418178433,-0.8917446955601046,-0.5062551687460789,user,ohp,heavy
1788967316471,9.120561586761474,-2.8268039726257324,1.7675196678712963,29.223613231870708,3.834396483058873,2.2544815204811286,user,ohp,heavy
1788967316487,8.185777229639887,-3.1582521417364475,2.8909987968996167,22.051742141080776,8.863281207605318,-1.5654953660227895,user,ohp,heavy
1788967316504,8.566901868328452,-3.3782185424804685,3.0883705039978024,16.27130865026938,8.514920215593511,-0.9854494481656848,user,ohp,heavy
1788967316521,8.583961139678955,-3.628113340759277,2.948609566608071,18.045469070200408,1.2100435704354522,-0.4075509844723139,user,ohp,heavy
1788967316537,8.154653192579746,-3.720889239612221,3.460519809070229,15.616783574938104,0.5729494580311676,-3.368307789191788,user,ohp,heavy
1788967316554,8.251317331042886,-3.562273087365925,4.004901703809201,6.1174546612536895,6.0767091677599785,-8.803057722146022,user,ohp,heavy
1788967316571,8.430882455554604,-3.1446351197943088,4.25180287322998,-2.6285169801396018,3.224811064258521,-11.574114133518032,user,ohp,heavy
1788967316587,9.928006096649169,-2.9653681014463302,3.23037717448771,-2.1682661770221734,2.7354465798039134,-3.642641483431704,user,ohp,heavy
1788967316604,9.502736611285805,-3.002029898889363,3.3039985832765697,-3.186230313844881,3.850725757817081,4.344140757892918,user,ohp,heavy
1788967316621,8.871564614105225,-3.1401454071596264,3.479823352216184,-7.583669172265524,7.866802711477355,2.658276114353347,user,ohp,heavy
1788967316636,8.70157629623413,-3.0763997879579663,3.4618662552431223,-5.700920270475516,4.521288971093192,1.7831547118508786,user,ohp,heavy
1788967316654,8.945037262073159,-3.0909146355226635,3.3086376412540672,-0.3498687829515133,-1.5188018449790557,4.976702079287547,user,ohp,heavy
1788967316671,8.685116744342446,-3.020435324151814,3.661333473315835,-5.308219824806102,-2.41216689619804,2.843838693724254,user,ohp,heavy
1788967316687,8.291867952618002,-2.91748494502604,3.617040742602944,-10.550819460934951,-3.050579555277254,-3.66966512688286,user,ohp,heavy
1788967316704,9.539396655163168,-2.5782562050417064,2.257284129498899,-6.06981537245332,-1.101394363925884,2.8421068138828325,user,ohp,heavy
1788967316721,9.856030993762612,-2.962824846704304,1.8351555725097652,3.1325693595174986,0.9987273359121894,10.983698067510144,user,ohp,heavy
1788967316737,8.524106682696939,-3.3749268074586984,2.7831097923278807,5.170603892748216,4.18971573028763,10.460617421434826,user,ohp,heavy
1788967316754,7.969699945288896,-3.452588723810017,3.423858303888142,3.282783788942885,-0.1613735844872252,-0.1132381598168909,user,ohp,heavy
1788967316771,8.360102699932456,-3.28170228805542,3.375225790405273,2.2079482954394782,-6.598999219438867,-3.651185623196567,user,ohp,heavy
1788967316787,9.521290505108237,-3.018340105438232,2.859574607849121,3.0735031642356976,-6.259247253989038,0.833601269507343,user,ohp,heavy
1788967316804,9.300427155524492,-3.14732830440104,2.7817636384159323,4.265699023483084,2.8238710625725445,9.929889524810031,user,ohp,heavy
1788967316821,8.915708876258135,-3.248483324542641,3.206285228021443,-0.3432049195599609,7.611901759199772,11.839192067658937,user,ohp,heavy
1788967316837,8.366688508063554,-2.8269544870123267,3.8292265724733463,-8.181701752971623,7.750439339908786,9.007174510397268,user,ohp,heavy
1788967316854,8.345141277644037,-2.4868282136663797,3.649512102618813,-13.633823418306138,-7.835149907316223,1.576709896309716,user,ohp,heavy
1788967316871,8.626757494354248,-2.251148110961914,3.3244989349916576,-15.562348674800395,-13.193329150806385,1.6632948170357924,user,ohp,heavy
1788967316887,9.345465736168622,-2.407968319702148,1.922244657897949,-14.907258401315302,-6.305480804480855,11.676951169209037,user,ohp,heavy
1788967316904,9.42327845916748,-2.337040387780964,1.9909286102846264,-21.049557021901265,8.95747037003344,23.9181271902799,user,ohp,heavy
1788967316921,8.244733276477456,-2.953846882739663,1.797895809173584,-18.965577513671168,17.63959361650886,26.59889106214528,user,ohp,heavy
1788967316937,6.5602639399975535,-4.036775097931922,2.574814832416177,-9.503765975323985,7.391827087726437,18.02974597473104,user,ohp,heavy
1788967316954,5.855021913477778,-4.448577198956906,3.787627903150022,-19.294681641091767,-7.687405231606031,1.971558009586276,user,ohp,heavy
1788967316971,6.0197717461735,-4.2142444192081685,4.587589948327839,-46.01893911790534,2.613137955449672,-7.740105263694557,user,ohp,heavy
1788967316987,7.476793093982338,-2.680757963617146,3.437625840216875,-64.750439218531,13.043389423051678,-8.45658186234514,user,ohp,heavy
1788967317004,8.653990953716635,-2.353200956726074,1.2800009393438696,-44.121307660800696,21.545662689623263,4.585062447373601,user,ohp,heavy
1788967317021,7.602039183807372,-3.008165040643513,0.3122939713075757,-4.714954289253849,0.0697634721412309,3.5268629468108177,user,ohp,heavy
1788967317037,4.190602262336015,-3.524564411218464,2.784157547815144,5.302350984761769,-16.261073611798114,-18.819180946548403,user,ohp,heavy
1788967317054,4.602403194317222,-3.2047882674619554,3.651456222423911,-8.06817974009778,-11.437041628385986,-27.065100991870136,user,ohp,heavy
1788967317071,6.341190980961918,-1.2523168136045335,4.583249581035972,-48.64076870251726,0.8031008996860924,-25.81118412818793,user,ohp,heavy
1788967317087,9.72345324587524,-0.3169336138069629,1.5283996538460254,-57.6967047871729,21.49609429926919,-5.339564416680937,user,ohp,heavy
1788967317104,9.872790405383704,-0.3229185334354639,0.0879877877935767,-30.15817435562521,28.15566192872044,18.940440709978223,user,ohp,heavy
1788967317121,7.267599139404297,-2.0087354851320383,1.561618032836914,4.334517875126016,-2.214089916163789,35.55969285694639,user,ohp,heavy
1788967317137,1.7591402543216943,-4.166659368951619,4.987870246124268,-6.316683168493322,-12.96379295978529,15.472640970241448,user,ohp,heavy
1788967317153,-0.1022007298022508,-4.454562995368242,6.364686276709288,-50.4032204706636,0.8968630685693829,-23.91414348244649,user,ohp,heavy
1788967317170,2.7075439714729783,-2.965368978229165,4.2839752502992745,-74.02705188508058,18.200432402089657,-28.47925409348084,user,ohp,heavy
1788967317187,6.278794438281655,-1.7456725777223705,1.000626656341553,-54.796340088207856,24.91617662991697,-4.608006760342966,user,ohp,heavy
1788967317203,5.547965550562739,-1.812261895917356,1.5876561449348925,-38.43767844109589,22.373216947198472,9.723763807169156,user,ohp,heavy
1788967317220,2.692878901782632,-2.352452768707275,4.051887911389768,-36.8198730040975,13.352938718878534,13.261600306655248,user,ohp,heavy
1788967317237,0.2486982819706201,-3.0970497772768137,6.569390957044065,-60.27951350105654,18.570126636200357,2.565551387171958,user,ohp,heavy
1788967317253,-0.1707370904117822,-3.223642605535686,7.112425090435892,-94.3439754958496,27.697250367480446,-8.458268065296487,user,ohp,heavy
1788967317270,3.12159005203247,-3.457975093023479,5.629965496118366,-129.91272518363542,47.10504164877492,6.718736277570598,user,ohp,heavy
1788967317287,4.775984568244218,-2.9613287629276512,2.286163310241699,-132.84954260220084,47.82510409673976,24.932222451824614,user,ohp,heavy
1788967317303,4.338444799372554,-3.257312527686357,0.1907889677070081,-109.22403437634262,42.52742837646486,30.90301672989885,user,ohp,heavy
1788967317320,5.9124815842777485,-3.664026950183511,-2.191142555071413,-82.92876229827732,45.83909682196432,43.68950310147249,user,ohp,heavy
1788967317337,8.476223234015702,-5.397428952136636,-2.452559594970196,-72.71700111170462,61.5360155913396,58.90570974196769,user,ohp,heavy
1788967317353,10.708216562652588,-6.616974838256835,-2.673275352776796,-73.84926889117432,81.73082908012712,70.86417569555526,user,ohp,heavy
1788967317370,15.936854882270096,-8.311022734943032,-2.7651531337462365,-73.94207750161645,94.20318480648812,102.96491049264546,user,ohp,heavy
1788967317387,16.900222359797358,-9.744999891772864,-0.3930971082940697,-118.15846139566372,127.66719121096702,146.13986129299505,user,ohp,heavy
1788967317404,15.938051983100175,-10.103681812506911,-0.2418131986320018,-162.60907296691823,178.95173489589945,160.01707081841178,user,ohp,heavy
1788967317421,16.338181766510008,-10.86683125359416,-1.907430242864788,-171.85515468787787,213.09113772626588,159.4211504737065,user,ohp,heavy
1788967317437,16.927155374908445,-10.962750711169836,-3.296067205755413,-151.89329846111195,221.25671084128615,165.8512954640316,user,ohp,heavy
1788967317454,16.678158986774086,-10.87925175922811,-2.1971286437436937,-153.69578538307832,236.9096192867445,180.2868183125835,user,ohp,heavy
1788967317471,15.003863838306067,-10.382156224060058,1.2461828408941626,-200.3232055635726,261.94056870792707,207.1402397892439,user,ohp,heavy
1788967317487,11.27728924653381,-8.786720677295326,3.107375648719072,-247.19211391236183,288.83544943284943,224.19218954277423,user,ohp,heavy
1788967317504,8.847623766547441,-8.271519576594233,3.171868871417641,-289.8417821844024,326.3089271442875,228.3134847068249,user,ohp,heavy
1788967317521,6.673089524188637,-7.134721531787514,3.419668158721924,-324.1830717462561,325.1524941555343,230.35222787218203,user,ohp,heavy
1788967317537,4.750096532141417,-6.564452039337158,2.9173360380746423,-308.163819274475,276.367977291745,226.68399281615663,user,ohp,heavy
1788967317554,3.4452569196172056,-7.200262802234292,1.7944546557437628,-267.32234796254687,217.86847256009628,215.5939239438337,user,ohp,heavy
1788967317571,0.8541320998478681,-8.298603398352862,1.5077487146791069,-244.88897412423356,194.30097313085895,206.41313883133932,user,ohp,heavy
1788967317587,0.4532527219134382,-8.731353594860433,2.9670147726748137,-270.7482342464419,198.2870988512351,212.00026089316648,user,ohp,heavy
1788967317604,-0.2796720969051122,-8.73374896556437,3.1091707154423,-308.9515859725876,192.07332059343767,208.07691827164112,user,ohp,heavy
1788967317621,-4.631432962511852,-8.179192006030679,-0.2690481192991137,-320.0432121280413,167.57009890828698,178.64622053432478,user,ohp,heavy
1788967317637,-5.006574362072349,-8.10123081447184,-7.284656949450075,-260.008089625677,128.8138297084504,136.8356136810636,user,ohp,heavy
1788967317654,-4.460397254479676,-8.099735022956132,-8.482356914465129,-193.5207469615901,88.53938704103845,116.34919892604071,user,ohp,heavy
1788967317671,-4.611980293218791,-8.557026955524087,-7.325507723015546,-153.0375190716292,73.74728733667686,101.75313248104764,user,ohp,heavy
1788967317687,-3.302950389397889,-8.662371828570961,-5.049519769829511,-152.43532861326582,88.86741370611749,108.29929506461458,user,ohp,heavy
1788967317704,-3.0936075278684494,-8.045715263476968,-4.089445488628745,-176.3130825553618,93.83633534616672,117.18530970309864,user,ohp,heavy
1788967317721,-4.077923393139243,-7.3371806251525875,-5.568762839397788,-181.56073055506093,84.0090591683524,106.27962861760932,user,ohp,heavy
1788967317737,-5.150825158227235,-7.221212066760659,-8.96404006870687,-142.40176706213876,61.63281303225702,78.7532012812709,user,ohp,heavy
1788967317754,-5.280859943633526,-7.170185643878579,-8.84283360966146,-112.13932303864414,49.608008866355696,59.54160035369588,user,ohp,heavy
1788967317771,-3.857656986535341,-7.748235707202554,-8.001870861053467,-86.24473717804848,40.9687450569221,45.64232590216543,user,ohp,heavy
1788967317787,-3.252821792138368,-7.517644159808754,-6.515370320782065,-81.58885676803925,46.34912070766751,30.11053720125896,user,ohp,heavy
1788967317804,-3.015496406444907,-7.286902974811196,-6.055833239635825,-91.73283515728876,44.45282455254561,18.370360678450403,user,ohp,heavy
1788967317821,-2.7373203933164474,-6.6970315407902,-5.546317198833823,-96.59031543084006,42.3357527777868,1.8726863255952864,user,ohp,heavy
1788967317838,-4.069992746270448,-5.527912942615151,-9.472957559093832,14.243073730950336,184.38959000360512,-61.23394364510661,user,ohp,heavy
1788967317854,-4.00355350407064,-5.893776883807778,-9.749189160156249,85.52284082429149,274.29001518017367,-76.5245651966091,user,ohp,heavy
1788967317874,-0.6049843570766971,-5.774366076007485,-5.386355184936523,-25.397307107883712,-18.45671646767417,-40.73642641758787,user,ohp,heavy
1788967317888,2.121861805835366,-7.576900066375732,-8.665961962017416,-45.96493964232722,-68.72883316476667,27.199394463783637,user,ohp,heavy
1788967317905,-0.251839575671032,-5.449652475848794,-8.53009160232544,-37.15863331145721,29.17620830393623,34.025492350483546,user,ohp,heavy
1788967317922,-2.646041381957754,-5.506664402881264,-6.655431117901205,-59.9967914807422,29.44774930457926,32.61377762640654,user,ohp,heavy
1788967317938,-0.9445120434749872,-6.884228183093667,-6.620117227935791,-94.6175723834328,40.65078267558509,36.750970055750415,user,ohp,heavy
1788967317955,-0.6771096455562859,-7.08010322189331,-7.027579838451743,-111.75646361490824,45.20619441799801,41.09378533005753,user,ohp,heavy
1788967317971,-1.6892583973873403,-6.467936369433999,-10.269628161510823,-101.4637851772384,-24.000711007534527,34.63559558300035,user,ohp,heavy
1788967317988,-3.245040563677624,-5.199757677569985,-10.537180781555175,-58.10899549604238,0.6341795426193931,18.077951742345697,user,ohp,heavy
1788967318004,-3.990385468005016,-5.156063497272133,-11.302277849578855,-33.0933559438844,16.234666392919554,5.143916209226861,user,ohp,heavy
1788967318021,-4.019265671661123,-6.1224231423527,-10.648062245941162,-22.64035759846872,64.74881363350853,-12.588076206373936,user,ohp,heavy
1788967318038,-2.0531770862637084,-6.160730076654255,-9.091830582317709,-30.75851383272348,75.90408349164846,-30.62819040826505,user,ohp,heavy
1788967318054,-0.7164643901440314,-5.734113560596108,-8.457067867168783,-35.10534184316798,63.72159416347364,-27.604074634370424,user,ohp,heavy
1788967318071,1.4630073953819227,-5.923854042163491,-8.411578035625816,-32.68848623554813,32.72151361527973,-16.87166861793516,user,ohp,heavy
1788967318101,0.6039378277154289,-5.501127811542153,-9.829544553375245,5.923537906754211,-10.928780785262305,-12.598802164691794,user,ohp,heavy
1788967318103,0.6039378916475107,-5.501127811542153,-9.829543968853354,8.862960188714327,-19.00716482798008,-10.688584376494113,user,ohp,heavy
1788967318121,-0.6443390742649789,-5.465064856775105,-10.332625592693686,12.921175140685348,-13.112650102556549,-10.45428242097964,user,ohp,heavy
1788967318138,-0.8740327869030646,-4.170101326099038,-9.430909976959228,3.903325044615349,-11.169412618590083,-10.416407314484626,user,ohp,heavy
1788967318312,0.6605008213870227,-4.505438903863728,-6.834996242412925,-14.153014271649134,-48.43919957482643,20.73659775413128,user,ohp,heavy
1788967318322,0.3170825572909787,-4.531475846917927,-7.3288003348201505,-22.83526558417149,-51.56258019547615,31.66121895418905,user,ohp,heavy
1788967318338,-0.4381384654171764,-4.4666830567508935,-7.925256407928466,-27.492599116926648,-46.00449668290535,34.79825312298962,user,ohp,heavy
1788967318355,-2.3686131184566763,-4.541950771442055,-8.596081785583495,-27.599464256680665,-10.102741975909192,11.89417679802483,user,ohp,heavy
1788967318372,-2.1975774104245005,-4.376301944079995,-8.341847496795653,-36.16158278698626,-4.142552420295046,-0.0601384882907466,user,ohp,heavy
1788967318388,-1.5334856518734246,-4.913799924524128,-8.386887831005454,-41.81436004221012,-9.626574484148106,2.35310625044494,user,ohp,heavy
1788967318405,-1.4333781680233777,-4.843021630206704,-8.035838597106933,-45.532629649000434,-11.684145919726,-3.2339816604363207,user,ohp,heavy
1788967318421,-2.8464061333920805,-4.60928769313395,-8.33750800628662,-44.33048561922693,-11.424480910502332,-22.49635842774463,user,ohp,heavy
1788967318438,-3.470693997082114,-4.432116478021443,-9.25747999420166,-42.8759763449052,30.724420943481363,-41.63109923658951,user,ohp,heavy
1788967318454,-3.5957912530209866,-4.257639324298501,-11.125106926727296,-47.53975245359496,120.48323922308262,-56.76189777660828,user,ohp,heavy
1788967318471,-3.1970068015391937,-4.3164469025760885,-9.945962024578453,-57.02096685182686,170.543539801182,-76.78895498919113,user,ohp,heavy
1788967318488,-2.397792560787685,-4.30268024303019,-9.006537148174642,-48.998943822592736,169.24102272646056,-101.22028893332744,user,ohp,heavy
1788967318504,-1.1261721675045788,-4.590582992663979,-8.833257387542725,13.315518673736973,79.69631380186627,-107.96113239880724,user,ohp,heavy
1788967318521,1.3554179263126105,-3.835960264642536,-11.51745613926351,86.75540310153364,0.721545612870937,-99.675156709098,user,ohp,heavy
1788967318538,1.689109855762124,-3.4341835908085105,-11.068543912506104,135.54496747511965,-102.98361155059295,-92.75553304209308,user,ohp,heavy
1788967318554,1.5584762276798485,-3.11530585719645,-6.9140048971980805,126.06891328480567,-327.3430997468975,-76.92308624411183,user,ohp,heavy
1788967318571,1.2271785181568005,-1.898752138629556,-2.4621371322631838,100.05192360409424,-448.263512057996,-63.61453777842286,user,ohp,heavy
1788967318587,1.191564677130431,-1.555632820947468,-1.1490671592712405,64.2111957835585,-540.494725628453,-42.4125104436794,user,ohp,heavy
1788967318604,0.7205053543642163,-2.931700517383218,-10.042927776336668,-148.03832603317844,94.87004349591317,5.943200740714208,user,ohp,heavy
1788967318621,0.2422638650089502,-6.607099048669636,-19.062483396038413,-188.584132116315,14.902390183984377,67.70244697781051,user,ohp,heavy
1788967318637,-1.6789334757931529,-4.332458126178383,-8.431181146240235,-200.05023022320387,75.53390089901211,130.59894062916828,user,ohp,heavy
1788967318654,-0.6714234896786511,-0.6368579338625073,-8.499565531158447,-165.1559139046326,-35.07833186009516,205.2851877314251,user,ohp,heavy
1788967318671,-3.673752517645061,-1.8166008019044997,-12.465410943603516,7.439395086427345,-89.1749224829298,236.97292147997211,user,ohp,heavy
1788967318688,-6.749553462927043,-3.2071830536440014,-15.87729794692993,165.39822169562797,-87.83761925476549,147.45928991610143,user,ohp,heavy
1788967318704,-7.0516717849180095,-3.337068493707478,-9.597905542755129,238.84534953903943,-180.91231337639493,10.036687216445998,user,ohp,heavy
1788967318721,-5.041589853613078,-2.378639933887124,-3.433734093475341,311.94632339531466,-324.19695069064954,-13.849930603645342,user,ohp,heavy
1788967318738,0.2483984222412109,-5.434090165057778,-6.452373474121093,398.7468808774513,-358.7174370955677,42.45933822062901,user,ohp,heavy
1788967318754,-6.690147626495361,-3.905242767444253,-0.3775356742858886,416.1253683148216,-369.43394926180434,33.9779678942386,user,ohp,heavy
1788967318771,-4.332457541656494,-4.263624828448892,3.721637135370076,390.8742135947978,-290.6139760512074,58.91180227070734,user,ohp,heavy
1788967318787,-5.223699109649658,-5.903952240863442,5.939116785486042,319.33440241673406,-237.81011142691892,84.19440318166986,user,ohp,heavy
1788967318804,-5.2085857116699215,-7.020846730804443,12.520178598840534,160.03306712144794,-224.17314697536827,98.34941699119852,user,ohp,heavy
1788967318821,-7.30994658126831,-4.780322889709472,16.0046405706428,-111.5809755645631,-143.37389422632833,79.72816297396604,user,ohp,heavy
1788967318837,-7.769184387207031,-3.415927803149819,13.289914724841712,-268.65576481307346,-53.07546709663397,57.60501632775465,user,ohp,heavy
1788967318854,-4.780173836627602,-0.2991261544376611,6.790554750879108,-367.03185369298086,-13.470001331063385,44.3784130566329,user,ohp,heavy
1788967318871,-2.1871032165527344,2.8230624480098485,1.1885717789247632,-412.4004290283068,-17.632457776373492,36.85169485544059,user,ohp,heavy
1788967318887,-1.2153566177368162,4.422988291931152,-0.7884399496883153,-379.6365306741325,-28.337329592717143,49.5088823309313,user,ohp,heavy
1788967318904,2.006789319500327,6.94976799223572,-5.316324494116008,-333.20993171561497,-76.52437395131234,102.67566564167376,user,ohp,heavy
1788967318921,3.2481834648132324,12.220304256384074,-7.70902977823466,-260.8263462882445,-164.29219550294948,194.17095364981864,user,ohp,heavy
1788967318937,3.380163246807456,15.140781661224365,-10.251671941320598,-177.5344023412301,-238.25341802480943,271.8719369686924,user,ohp,heavy
1788967318955,2.4802432823181157,22.82841340825185,-18.95264968713969,-10.712028147046532,-332.9959555492968,383.3964951707112,user,ohp,heavy
1788967318971,-2.972102670398354,29.61088834958244,-20.17369282608032,306.42034518693754,-464.1198781784506,564.6062769458385,user,ohp,heavy
1788967318987,-9.47370808520019,33.045069931096954,-16.556951797076312,563.1413379726541,-587.5526526323332,649.6056862230861,user,ohp,heavy
1788967319004,-25.260922441101076,33.89815544450134,-6.889464147518389,823.4617584886976,-681.6020625598477,644.9047129041764,user,ohp,heavy
1788967319021,-32.16400496226847,31.884181766454876,-0.9771328949641436,1013.6928541195776,-685.53974857863,537.0104002460193,user,ohp,heavy
1788967319037,-33.937359035381675,17.324443212890625,10.241647756238654,949.8806370061964,-533.070146076109,301.2094845861081,user,ohp,heavy
1788967319054,-42.55289546301961,7.809287265014648,22.622214543836563,686.4262524913844,-317.1468840708757,31.726252600371325,user,ohp,heavy
1788967319070,-40.28154744459391,4.445883429828286,27.718124199321306,318.5126213765548,-55.09059146784118,-200.08231845192455,user,ohp,heavy
1788967319087,-29.70620673599243,2.2495015127986666,30.043042114566823,-124.39936916484446,243.05525957738183,-352.5031943849067,user,ohp,heavy
1788967319104,-19.08986883109212,7.752274753460288,23.101354224140568,-296.33611729254727,345.0722217754996,-395.3665109741853,user,ohp,heavy
1788967319121,-16.604537870246173,11.85638589630127,18.9961946682252,-337.9217513749266,371.368422759292,-408.4502301029649,user,ohp,heavy
1788967319137,-11.135881418719888,15.277999051611124,13.474119053461402,-272.66628796916484,335.94465749701806,-388.326471072113,user,ohp,heavy
1788967319154,-8.840590214648842,9.02853446044922,13.417556185370684,-214.78883588598592,269.4168391319096,-381.7886413193335,user,ohp,heavy
1788967319171,-8.875605413928627,5.913527805395051,15.535825519672036,-227.6312990729024,201.12123120581853,-402.9836745403669,user,ohp,heavy
1788967319187,-8.486397422027588,3.68886567816278,21.17222455596924,-399.1495068686452,166.7043587706095,-460.1201194004912,user,ohp,heavy
1788967319204,-6.690896399036049,9.054421108312532,20.328867605701088,-569.7359675785715,208.7109237511584,-491.5622122257278,user,ohp,heavy
1788967319221,-3.689614395904541,13.279289797387644,16.131980856268108,-703.3963219371445,298.89033483456524,-499.4979084940422,user,ohp,heavy
1788967319237,4.235342736816406,20.607192818041888,6.491577941784263,-760.9541075067885,348.0805922558101,-441.8841426939607,user,ohp,heavy
1788967319254,15.212458073425292,23.72549131771568,-4.3150995796203615,-674.7169040273947,290.67878088605244,-311.9422252818127,user,ohp,heavy
1788967319271,19.546710097283125,22.846669159377925,-12.809876707458494,-464.95534691772656,108.17936377297832,-122.36257943358996,user,ohp,heavy
1788967319287,18.89324326618612,22.29241216917149,-16.17597518855631,-139.09952086259935,-301.5703917818515,157.9318550459419,user,ohp,heavy
1788967319304,12.234071792712808,23.77322465386912,-25.386318168529865,167.62744517655838,-559.1273724012211,356.0656571314452,user,ohp,heavy
1788967319321,2.077868350329995,24.18682415970489,-27.23673589984029,457.2871754988233,-625.1339926911442,430.7525462714841,user,ohp,heavy
1788967319337,-17.427395637843013,19.95641917155161,-20.70700183040201,598.2687823079763,-454.9676978982003,377.849862470284,user,ohp,heavy
1788967319354,-28.450898631617424,15.684564421026408,-6.666055972290039,556.3890129591796,-281.33806006395315,315.5040596509476,user,ohp,heavy
1788967319370,-35.42490879244506,11.282076480810344,-1.882889968109131,476.1802437242656,-98.63047927554454,175.06869039047717,user,ohp,heavy
1788967319387,-42.2263862116158,-0.6832455910280346,4.4850881897524,304.58665796084256,102.90398520524894,-109.37526159475588,user,ohp,heavy
1788967319404,-29.66909602573812,-4.81354302226603,13.526940981458129,81.41458449136637,205.94140498612327,-227.6413940924957,user,ohp,heavy
1788967319420,-23.49998828909993,-1.4796172104984522,12.890232392938437,-108.37574537199454,337.81358849923026,-269.90287539324777,user,ohp,heavy
1788967319437,-13.270910749164225,2.761411901391297,4.884620299530029,-195.10582896227496,428.06270849330633,-267.5699013388248,user,ohp,heavy
1788967319454,-5.453692691150307,2.3172876395627853,-0.736067372894287,-166.95983516632467,391.23148712990286,-234.3661661228585,user,ohp,heavy
1788967319470,-3.052457479095459,1.190067424309999,-2.3844746313899754,-107.6478726027138,329.55261130188325,-190.32587133580327,user,ohp,heavy
1788967319487,-0.1574187591552734,-1.170016679525934,-2.920776387786865,-42.52970282945848,250.0254676253799,-144.53595529095762,user,ohp,heavy
1788967319504,-0.6624462563663721,-1.8375500664308664,-1.0256161361694336,-30.15263848730292,202.12334290046448,-139.1794750570235,user,ohp,heavy
1788967319521,-0.2314893730163574,-1.6169843343870949,-0.9159317726135252,-36.202731261641,174.23801644399856,-124.36980810611664,user,ohp,heavy
1788967319537,1.6077064147949218,-0.4511576870045915,-1.7699135772705077,-63.26226394179028,144.74364768323937,-82.5120387966365,user,ohp,heavy
1788967319554,2.189796985681355,0.8367731331647373,-5.231779540252686,-90.99281148147456,145.4726201129765,-46.08981940601715,user,ohp,heavy
1788967319570,1.812410948999226,0.478241489355266,-7.829787616729736,-104.00060622744034,180.0010841788452,-9.069281420520197,user,ohp,heavy
1788967319587,-0.9413698729917408,0.3923495047971606,-12.625672817230225,-74.97357267007177,203.4721003558669,36.50574577397945,user,ohp,heavy
1788967319604,-1.8930650329038496,1.6008227927610277,-15.154249045562745,-28.49986077420677,251.5765762651331,60.11853960269768,user,ohp,heavy
1788967319620,-1.3221974284298716,1.4106333983823656,-14.53100842590332,-11.528757408560915,279.7252338348597,77.08693565211126,user,ohp,heavy
1788967319637,-3.2845451102659102,3.336618923309073,-11.206958695983886,-30.110591842772315,215.43126981893897,87.08401033269213,user,ohp,heavy
1788967319654,-3.2269345597531647,2.77413124384135,-12.140248430633545,-11.1449118762636,194.15774406396383,119.80343049499126,user,ohp,heavy
1788967319670,0.8816651266787201,-0.1535285467837005,-13.632882943615316,51.43147471435776,267.3470459265857,184.6666224763408,user,ohp,heavy
1788967319687,-0.1355713036801666,3.0175916251584884,-12.605172465515135,70.76890821701193,195.02176299397044,178.48713176817685,user,ohp,heavy
1788967319704,-0.7303806324947625,1.969679449496232,-12.702885236248374,110.99295091853836,73.10592574342348,153.19371183756903,user,ohp,heavy
1788967319720,-1.2716199183590708,1.8574511553448625,-14.002038912090658,165.2945121032705,-33.32474226239692,127.89955424653084,user,ohp,heavy
1788967319737,-4.038568922546133,3.907037523640226,-11.967416998291014,188.85776315484404,-121.02006477108894,52.8197892103383,user,ohp,heavy
1788967319754,-2.9451668422756714,2.0519800219662487,-9.152733087047936,198.3019886636257,-110.41916038674394,-24.9728620773862,user,ohp,heavy
1788967319796,-1.3702312088346107,-1.63269633301422,-7.274930797466635,191.95922911354177,43.38114396610851,-68.10354983681951,user,ohp,heavy
1788967319803,-1.0978907699918374,-1.7308587472110986,-7.549366747283935,177.37340112211456,58.74903886278594,-64.58437682924048,user,ohp,heavy
1788967319820,-0.284011770077236,-1.5471037697941064,-7.573308763885498,151.96222873021574,67.07566783843512,-37.7812221297768,user,ohp,heavy
1788967319837,1.4088384047243745,-1.984045572772622,-6.740126586151122,129.2866154027987,40.19907836011004,8.07537705193568,user,ohp,heavy
1788967319853,2.0430027155887336,-2.8476041840702293,-6.760775990948081,106.9529896471242,4.917355419362952,58.49383567463758,user,ohp,heavy
1788967319870,1.5406691336367278,-3.4548335801273584,-7.411251239013671,97.831907218165,25.529788872119862,72.82640708182988,user,ohp,heavy
1788967319887,0.1378166714541614,-4.050391243091226,-7.933036978802084,89.95160378401945,67.05870164853681,63.105681855067736,user,ohp,heavy
1788967319904,-0.6539160361692309,-4.665252156940102,-6.445040062493086,73.8767399120161,81.42866151124576,48.11159638147594,user,ohp,heavy
1788967319920,-0.8619121592648327,-4.920085288403928,-5.613354845318198,64.0457890924283,54.59736643240163,45.640136826536434,user,ohp,heavy
1788967319937,-1.0262142481930554,-4.731392270062863,-5.270535095104575,60.76494187555852,1.2932426383239064,41.58401532754602,user,ohp,heavy
1788967319954,-0.4915590899594128,-5.159355524554848,-7.1603083929866544,80.14705164557374,-63.87141436291787,27.0595053593926,user,ohp,heavy
1788967319970,-0.5069718362119049,-5.503821288409829,-8.345587852367759,104.98555365670204,-82.25658289148886,14.4975238907427,user,ohp,heavy
1788967319987,-1.3768151538021862,-5.344158549720048,-9.091830582317709,113.38598965652236,-66.7892506857798,0.5514473821937328,user,ohp,heavy
1788967320004,-1.9053353164121507,-4.697573879352212,-8.121879634746909,66.7288923040844,-22.302445942113387,-7.952250939315153,user,ohp,heavy
1788967320020,-2.090437105328217,-4.586093280029297,-7.970894708031415,26.32602329725598,5.070769578971079,-0.7274308880579607,user,ohp,heavy
1788967320037,-2.551320888375677,-4.633828260150551,-9.85049323337972,12.029987425707716,21.022400189761296,2.0210585249354738,user,ohp,heavy
1788967320054,-2.329408139336854,-4.365678258734941,-11.183764282879231,44.21376110140599,18.12609945335241,2.0765516775077115,user,ohp,heavy
1788967320070,-1.9991579843716696,-4.257639324298501,-10.953920923504231,70.28194304994669,22.14282783630477,2.319295106506084,user,ohp,heavy
1788967320087,-1.4721344169950112,-4.329615011706948,-8.667757613262534,106.8820854533503,44.85067965660426,-2.12377432476871,user,ohp,heavy
1788967320103,-1.1571472976133226,-4.540304757800698,-6.8487634864807125,98.10699308698725,36.19459650633952,-6.576787017371163,user,ohp,heavy
1788967320120,-0.2943368012692779,-5.225944258227944,-4.246116059765219,60.74626130817853,24.178615237298555,-1.8567019753901643,user,ohp,heavy
1788967320137,0.2564792181704193,-5.529110043445229,-4.229656507873535,38.22381497289904,19.83657518946224,5.178774506542844,user,ohp,heavy
1788967320154,0.3842697317812591,-5.557541188159584,-4.764610356792807,30.05061253657585,17.528753306657897,12.8310687238336,user,ohp,heavy
1788967320170,-0.1369180421140045,-5.484966950336099,-5.847537110680341,37.96310323718507,18.98564119435808,15.854841280722436,user,ohp,heavy
1788967320187,-0.2457046531125903,-5.818360116034746,-6.017825288280845,44.46054608140231,20.042175836310676,15.94116291900035,user,ohp,heavy
1788967320205,-0.2765299264218658,-6.237494459643959,-5.736057680401205,39.41219275640039,28.1730720809148,15.983750856022672,user,ohp,heavy
1788967320221,-0.248398129980266,-6.501754467883706,-5.553648856896162,30.154120638352808,35.2564631936491,13.419635516123709,user,ohp,heavy
1788967320237,0.0604539572451263,-7.023989705005287,-5.501126642498374,24.16654287794056,34.48135966625771,10.577837981744231,user,ohp,heavy
1788967320253,0.2518404524538666,-7.102699084582924,-5.584175512585044,22.005491515116034,30.168416224285647,11.015364532049617,user,ohp,heavy
1788967320270,0.2534863930299878,-7.106589662280678,-5.622781429833173,18.28031317198025,23.311362212719946,15.019092503690509,user,ohp,heavy
1788967320287,0.0763155432436615,-7.440431740790605,-5.946148876079917,19.17328185878396,15.812267004078452,15.006781087711556,user,ohp,heavy
1788967320303,-0.2311897324826568,-7.556250661578774,-6.296151815795898,22.286352308881543,19.53963442284323,10.083450960372137,user,ohp,heavy
1788967320320,-0.3318958398129791,-7.473352013617753,-6.200982299804688,23.108228971709178,24.007380687259044,3.15709187307196,user,ohp,heavy
1788967320337,0.024241657135263,-7.345560915485024,-5.49738511788249,20.58296118648831,20.680064278371088,-0.5349399355477227,user,ohp,heavy
1788967320353,0.2600705206606536,-7.403769943347573,-5.364506925743818,18.481463950584416,18.626938442169227,-2.222731172680913,user,ohp,heavy
1788967320370,0.4079124731753021,-7.430406021338701,-5.216814610832929,12.017308887060882,24.03402184011668,-2.6344974510881825,user,ohp,heavy
1788967320387,0.172382884857431,-7.455694191852212,-5.06882360523641,5.576332497372606,27.087647446320343,-5.1025239821961135,user,ohp,heavy
1788967320403,0.2358291557863354,-7.576301515960693,-5.093364172253012,2.913090622049248,22.672094072447184,-10.271159072916074,user,ohp,heavy
1788967320420,0.9846157250002026,-7.436540578570962,-5.389048661804199,6.097637294263721,15.599868611458568,-9.12548021701106,user,ohp,heavy
1788967320437,1.6614266068056225,-6.902185280066728,-5.460274992150068,7.654827790586009,13.151947595946217,-0.8803024745138937,user,ohp,heavy
1788967320453,1.6693575459353625,-6.970269805255532,-5.623081874084472,7.221369471705014,23.184237024340373,4.840602449225403,user,ohp,heavy
1788967320470,1.2802996300294995,-7.379529236060381,-5.491699473461509,0.8349575956661195,40.52874427058988,4.73925268722617,user,ohp,heavy
1788967320487,1.2327147259034217,-7.655460392871499,-4.907214408653974,-7.948546415464068,39.34926963867164,3.113169060953724,user,ohp,heavy
1788967320504,1.3256399700991808,-7.682694436755776,-4.648641213878989,-14.179819349046848,18.483699129990303,1.9934321172900649,user,ohp,heavy
1788967320521,1.1282678246095776,-7.749583030158281,-5.234921345409751,-15.428408665176445,-5.65789477445949,-0.4049649574586708,user,ohp,heavy
1788967320537,1.0301055565431714,-7.485472075000405,-6.890512377929687,-11.233797396801208,1.0265687877947482,-1.0329251325910913,user,ohp,heavy
1788967320554,0.9142861973635852,-7.262212770190834,-7.608473016247153,-7.272356833859159,30.447026470719635,0.0289141751133808,user,ohp,heavy
1788967320571,0.7538746861331165,-7.2179206239998335,-7.665185668072104,-6.014519868480189,58.744435315285344,-0.226241371798504,user,ohp,heavy
1788967320587,1.1966522095277905,-7.492505042377114,-6.691643418011069,-1.6027648268374932,54.74342319761318,-0.7129728716889246,user,ohp,heavy
1788967320604,1.412130358941853,-7.543082552447915,-6.17389730900228,4.015538649376312,30.03588323363072,-2.010229900336653,user,ohp,heavy
1788967320621,1.2134117672793567,-7.702296962848306,-5.887341297802329,10.51992993041357,9.386519801805193,-5.563402095500125,user,ohp,heavy
1788967320637,0.7294834644593298,-7.606229621234536,-5.920410623711347,8.889039558512728,13.178984899775712,-11.681657169547176,user,ohp,heavy
1788967320654,0.677260086877644,-7.637054967609047,-6.121373925560713,8.00140439567715,30.16398001641972,-22.10730572997883,user,ohp,heavy
1788967320671,1.2126634331300854,-7.572112832099199,-6.1263125510066745,5.242815640861353,47.16471701155332,-26.48124105369181,user,ohp,heavy
1788967320687,2.080711610931903,-7.387759888789057,-5.870133557891846,1.2788553784458034,58.00577767730515,-18.647055056822207,user,ohp,heavy
1788967320704,2.3083099678590893,-7.136366960906982,-5.98909428383708,-0.9078647957749808,70.66228896406803,-8.605493646629757,user,ohp,heavy
1788967320721,2.44193634801656,-7.339425189208984,-5.731268692559003,-3.1652816967736284,68.46770820260791,-3.919496371249001,user,ohp,heavy
1788967320737,1.4303858543395995,-7.907599170684814,-5.212325482720137,-1.226423644725612,47.85371234407835,-12.778184276637486,user,ohp,heavy
1788967320754,1.1245268845155834,-7.846997110205888,-5.266793570488691,3.630667734929848,27.945660932499223,-24.737696956715364,user,ohp,heavy
1788967320771,1.536030294854939,-7.739706363788247,-5.40820110604167,4.128243173983869,21.182129286143923,-34.13256922610184,user,ohp,heavy
1788967320787,2.9345433395937084,-7.301866150665282,-5.676352276501059,0.2404090250865352,30.059355178713467,-28.0037482762956,user,ohp,heavy
1788967320804,3.397970706176757,-7.173328033557534,-6.084412852910161,2.9987924206599827,41.23645090634616,-17.93653609067517,user,ohp,heavy
1788967320821,3.0678704445436598,-7.107786763110757,-6.00779956882894,13.538744623738625,31.018566455182548,-9.455759136968904,user,ohp,heavy
1788967320841,3.349189431872964,-7.179763035041093,-2.589029235729575,-3.5614245577847288,-43.16201100696699,-1.4162365227509706,user,ohp,heavy
1788967320854,3.9752728737428784,-7.280917470660805,-3.4048528669059275,-8.887077586673643,-44.90250713202632,6.94603771607263,user,ohp,heavy
1788967320885,3.2516257142215967,-7.033117598834633,-6.783969819530844,-1.2738027460072865,-31.405722067906375,16.063394276839606,user,ohp,heavy
1788967320886,3.276465556445717,-7.109582414355874,-6.018423838695884,-2.5838612033460584,-33.4678996123058,17.364449691078654,user,ohp,heavy
1788967320904,2.94307239074707,-7.071124965667724,-4.982182848137617,-12.959186850963762,-50.96316279391583,18.168689097922023,user,ohp,heavy
1788967320921,3.04512582103312,-7.664139373889565,-4.308814215740561,-33.43738915728336,-74.10206102254566,24.34187724902937,user,ohp,heavy
1788967320937,2.877232137353718,-7.244106620135903,-6.197090553063154,-38.84122650782776,-67.06995780028899,35.375998334313486,user,ohp,heavy
1788967320954,2.158223305157572,-7.067534247699379,-7.4099033315360545,-30.682948034841047,-36.02452821110078,38.0258453549008,user,ohp,heavy
1788967320971,0.6066312840335071,-7.300370359149575,-8.276904192242025,-16.120013129964427,-4.027310053524006,27.659609194964503,user,ohp,heavy
1788967320987,0.4144964546754956,-7.623138670459389,-7.189787000927328,-0.4282148146716884,5.6526897434251175,6.611049807568885,user,ohp,heavy
1788967321004,1.0046673100344836,-7.512407428199053,-6.573579348644614,4.195129082091689,-3.98612828169706,1.068818950618272,user,ohp,heavy
1788967321021,2.089539791162312,-7.133523846435547,-5.905446863335371,2.335143706701452,-14.268919166769663,4.520509902640987,user,ohp,heavy
1788967321037,1.9430445770815012,-6.961739877319336,-6.28268326241374,-1.766349031398062,-7.9944598008385395,10.10058534367876,user,ohp,heavy
1788967321054,1.613243298394978,-6.993164358630776,-6.331914034050703,-5.508094638695948,4.938288668508572,9.618908450578411,user,ohp,heavy
1788967321071,1.3413517723634838,-7.132178277045488,-6.151750943645834,-8.285640156666291,11.504704897398716,5.734715619601916,user,ohp,heavy
1788967321087,1.8103160225465893,-7.046734620776772,-6.098779231914878,-8.450123064711246,11.196997191326826,4.441489309698994,user,ohp,heavy
1788967321104,1.9068324231021103,-6.922086496844887,-6.114790455517173,-7.048533669191957,8.465056419557833,5.615342695930311,user,ohp,heavy
1788967321121,1.7539024997986852,-7.02892774592936,-5.991638123100996,-8.997508085174408,8.322157763063766,5.599763461320334,user,ohp,heavy
1788967321137,1.5683521633975206,-7.366061267200112,-6.102370534405112,-13.52386249531081,9.644637773181852,1.9318526258371105,user,ohp,heavy
1788967321154,1.6973396317079663,-7.450905788531899,-6.4076312460750335,-10.937164842468492,9.615423346554415,-1.207886724761609,user,ohp,heavy
1788967321171,1.9452891411378976,-7.115867778235674,-6.567893119701743,-7.930182598106842,7.956238916016795,-0.6221160411629755,user,ohp,heavy
1788967321187,2.0245970711305734,-7.173029342871904,-6.718428549084067,-5.744028582535228,9.181819886153557,2.5546198828487645,user,ohp,heavy
1788967321204,1.7803886479251083,-7.126192772895097,-6.857890795788168,-4.497566016558445,15.861292394393514,1.9120905406907365,user,ohp,heavy
1788967321221,1.5114897278383372,-7.090279163470864,-6.790853149303794,1.093239011335183,14.97268136828027,-0.669162544248582,user,ohp,heavy
1788967321237,1.677138555200398,-7.193229834857583,-5.455337535747885,8.10943322891101,-8.630368341813298,-3.663647303337255,user,ohp,heavy
1788967321255,2.164059317834675,-7.215526422339678,-4.107251778954267,-1.060341725362934,-45.39061294068294,-2.960933108977425,user,ohp,heavy
1788967321271,2.6517282684877514,-7.530961906543373,-4.395154528588057,-22.59891713322696,-64.64306181458923,3.5191198601695506,user,ohp,heavy
1788967321293,1.0779897358767687,-7.04793230612874,-8.801533046501875,-22.534908015420186,31.34911004497073,-4.298350315923506,user,ohp,heavy
1788967321304,0.962020446832478,-6.833351397815346,-9.52533130493164,-15.638990227477109,54.439404647466745,-5.507089747114309,user,ohp,heavy
1788967321321,2.3141459805361926,-6.169110659247637,-7.0554124327510594,-8.602490924715891,29.80125257526244,6.037984556486944,user,ohp,heavy
1788967321337,2.6644474648073317,-7.039552600318193,-5.168781524547934,-9.128911533295344,-48.42310081895271,14.824035961373282,user,ohp,heavy
1788967321354,2.285116139276325,-7.38656220343709,-5.805788803753257,-11.303297986700672,-67.72000739416661,15.31307409085161,user,ohp,heavy
1788967321371,1.0485109818056224,-6.737882606616616,-7.713967526897788,-14.40686678988912,-40.4875138336651,11.40232377683481,user,ohp,heavy
1788967321386,0.8170214626587927,-6.556221971130371,-8.193256187218427,-15.115656010628854,-1.6950265952592023,6.654931211665279,user,ohp,heavy
1788967321404,1.0937015381410715,-6.599767098346352,-7.924507050865888,-11.562876764786068,21.06538427775548,1.6270460426151827,user,ohp,heavy
1788967321421,1.4021046394899486,-6.553828353992104,-7.283460140880942,-7.605555659687184,15.394440426886678,-0.1865373487510877,user,ohp,heavy
1788967321437,1.4992194443300366,-6.404490025439858,-7.015159917339682,-4.099861603548351,0.6120955133203321,1.4011462869968851,user,ohp,heavy
1788967321454,1.665915588787943,-6.545747923389077,-6.852203982323408,0.6976492355642953,-18.004265954032306,2.9796313921605697,user,ohp,heavy
1788967321471,1.872116499029845,-6.63358519679606,-6.972812475475669,1.9611558449237576,-22.797617581466383,5.445546327597909,user,ohp,heavy
1788967321487,1.808221242224425,-6.489784044104814,-7.123945870751142,0.4689536380587881,-12.980182852472382,8.305535643944893,user,ohp,heavy
1788967321504,1.6006737396791575,-6.417509081488848,-7.260266312298178,-5.142570661960368,3.538731254267361,10.08756358802613,user,ohp,heavy
1788967321521,1.2461821102418005,-6.53751785518229,-7.001841586083174,-8.412574953522748,8.88394594493919,8.94870809110196,user,ohp,heavy
1788967321537,1.1285670998170971,-6.677129739490151,-6.859985722240805,-8.766444493100169,1.494283173406002,6.686711228099702,user,ohp,heavy
1788967321554,1.1167457291200755,-6.78591686194539,-6.843525585827231,-6.410269993614014,-8.791243202429193,4.21208161161166,user,ohp,heavy
1788967321571,1.374122553717345,-6.704962918311357,-7.210138299560547,-4.887380707303528,-8.26170632004092,5.012168263439661,user,ohp,heavy
1788967321587,1.3423992355898022,-6.5605620461612935,-7.319672440990805,-4.827670766692454,-0.1890960416678376,6.053763574130143,user,ohp,heavy
1788967321604,1.1345526039674878,-6.539612197113037,-7.212681554302573,-8.587261310414055,11.987291913205969,5.910546886952846,user,ohp,heavy
1788967321621,1.0938511757448317,-6.69658321250081,-7.312489836010337,-8.370769926934038,13.525988391689978,3.5254610504836728,user,ohp,heavy
1788967321637,1.0923547997072338,-6.682217418017983,-7.484871771019697,-3.9252776994945937,11.980710172167012,1.082491708676168,user,ohp,heavy
1788967321654,1.071405535180867,-6.67144351054728,-7.52063574284017,0.0105847638335832,14.877313144446674,-1.2009894076386598,user,ohp,heavy
1788967321671,0.932691476495564,-6.782923525348306,-7.619097286114096,1.0360638179581236,20.39342172947316,-2.912269291801554,user,ohp,heavy
1788967321687,1.1510128865115343,-6.750452165332436,-7.483375979503989,5.425440385115508,16.63247197810673,-4.737030314424977,user,ohp,heavy
1788967321704,1.7289131661012769,-6.455517032843828,-6.410474360546469,5.032744208314325,-5.141230237335753,-1.3455865400802396,user,ohp,heavy
1788967321721,1.6358385765627026,-6.819286047583818,-6.2012804059684274,1.72692742066457,-18.90563406596784,0.5785161689264338,user,ohp,heavy
1788967321738,1.2672811585023998,-6.762572811236978,-6.319944194793701,-0.2346544839890937,-21.24997526271695,-2.543060854895576,user,ohp,heavy
1788967321770,1.638382561957091,-6.447436017718911,-6.666952628868818,-24.97467378506354,-35.12157037263593,5.46812394478621,user,ohp,heavy
1788967321787,0.9730934833802284,-6.533028727069497,-8.513031746453047,-17.95777456389932,4.478246399604241,-0.4368999071294621,user,ohp,heavy
