epoch_ms,acc_x,acc_y,acc_z,gyro_x,gyro_y,gyro_z,participant,label,category
1789122891473,-2.326116851839656,-11.321430293816327,-7.513154154913127,94.78811537681885,-110.72401221996911,-5.191586233878495,user,bench,medium
1789122891490,-2.2631196672519667,-10.651803186035156,-9.17772344365865,165.70053952867107,-121.83087652746116,-10.16036998948388,user,bench,medium
1789122891506,-4.9591403011264275,-10.89122335205078,-6.345232657568157,186.09288891844454,-66.36918039144568,-2.2476481296599427,user,bench,medium
1789122891523,-4.835090727609582,-11.626991449737549,-0.08544336400777101,153.10170918944897,-59.67585455202165,-2.8373544963243846,user,bench,medium
1789122891539,-4.5750203896120185,-11.69582416294515,1.5720926651000975,115.89702674260752,-71.82701380247362,-3.227264809717848,user,bench,medium
1789122891556,-3.437924275174178,-11.422286038750409,-0.302716580145061,120.9782776737468,-97.81094536760222,1.7534702828311801,user,bench,medium
1789122891573,-2.5107698649417607,-9.27693171364665,-4.163666470745951,172.0634617971849,-121.14692870473276,5.794683399854159,user,bench,medium
1789122891590,-2.2732949147097763,-8.262539566802978,-4.871751611737162,224.75991486658572,-134.69357073469922,7.418305169817637,user,bench,medium
1789122891606,-1.864185632965341,-7.101502568274736,-2.239925875201821,231.15941962829413,-131.75265520263181,16.060576823806976,user,bench,medium
1789122891623,-1.9765636925846337,-7.387309806933999,1.2886791166443377,194.83599550892444,-124.11453661607658,23.024856267605415,user,bench,medium
1789122891640,-1.9509755162112414,-7.478586991661786,2.306663698489405,148.52579663424223,-118.28363144239337,34.07286995766134,user,bench,medium
1789122891656,-1.913865244348347,-8.269123621368408,1.5225630201144142,114.09823495298214,-114.04438574156575,49.97351619450517,user,bench,medium
1789122891673,-2.7132294697634873,-8.309376136779784,-1.353920965753123,123.04181442579106,-117.31319816511797,55.065705673600235,user,bench,medium
1789122891689,-2.878578875787556,-8.057984377941489,-2.493860669586435,149.01348580135948,-116.40191432605486,57.410956993056246,user,bench,medium
1789122891706,-3.071461747033894,-7.6734157362788915,-2.2379797095701095,158.1314741546247,-96.1142922268252,53.16000776308581,user,bench,medium
1789122891723,-2.7051488930299876,-6.966079367828368,1.4300871636539696,136.01216607472685,-87.54773236601181,49.045320807057124,user,bench,medium
1789122891739,-2.258630283410847,-6.948122270855307,2.650380945532024,108.02962553580414,-87.3108750659741,46.52517907880834,user,bench,medium
1789122891756,-0.7032970299318433,-6.728303461888432,3.2175071715205905,79.39049208177894,-82.07210631219598,53.50325208963563,user,bench,medium
1789122891773,0.035164544622600075,-6.770801710399985,2.6702827468320725,51.1362295422002,-69.9673923481001,65.19100008037516,user,bench,medium
1789122891789,0.008080284472554922,-6.977899569481611,2.3216274223327638,43.10863990879251,-61.65410956208912,68.08924059050834,user,bench,medium
1789122891806,-1.022474331012368,-7.609969392284751,1.9722242020756005,39.142359303049865,-45.31449389747774,63.570394265817065,user,bench,medium
1789122891823,-1.2569566022343932,-7.707385225898027,3.6266169647216793,30.23925894635702,-37.65871927191803,51.71709956506935,user,bench,medium
1789122891839,-0.9751887020938098,-7.96087015762329,4.190899783977866,21.479145184843805,-38.4224163833955,42.55220488767908,user,bench,medium
1789122891856,0.45953722727671265,-8.15315330941081,4.4241845159783955,13.619670412572226,-36.50240581147531,39.18108306054925,user,bench,medium
1789122891873,1.110909278051555,-7.992293469890952,4.313004360906779,1.8149547919659885,-19.212978918240076,42.19207633350099,user,bench,medium
1789122891889,0.9699510937012732,-7.75122670571208,4.318092623956502,-3.6683994074522914,-7.0301019768298545,43.957690479233044,user,bench,medium
1789122891906,0.26396073303222656,-7.672367688530683,4.525938671056926,-3.1492042852410647,-2.5819820475506585,42.51718309270984,user,bench,medium
1789122891923,-0.26126784068644043,-8.463204177966713,4.657620639148354,-1.267690260308654,-3.264369385497119,33.71957500774784,user,bench,medium
1789122891939,-0.3350391793400049,-8.918699874767661,4.661809907531738,-6.501850877552837,6.591785685901687,24.2129301076887,user,bench,medium
1789122891956,0.5452794281005859,-9.325563934868574,4.636520567974448,-14.120319009865929,21.21269609022702,15.403749974725407,user,bench,medium
1789122891973,2.385074058587849,-9.850642870983481,4.451269214519858,-20.94296679726134,28.384539860260272,15.49445147180859,user,bench,medium
1789122891989,2.741809229168296,-9.878177943640948,4.131345186725259,-15.288348806056163,27.175922518700883,21.913517895299936,user,bench,medium
1789122892006,0.7513304084777832,-10.5156312130481,2.7274446037292477,7.831462458938063,20.477909461958927,24.43160032151395,user,bench,medium
1789122892023,-2.9254157380253076,-11.860127420917152,2.5580554207950827,42.51973758345943,3.4544264427853055,2.9416849955660944,user,bench,medium
1789122892039,-4.518905995941162,-12.68463003311157,3.381959190313518,45.23941987321554,2.75485669676462,-24.321849426835602,user,bench,medium
1789122892056,-4.47820485997945,-12.298714653015136,5.02123972402364,30.776251833998003,9.448780391184444,-41.758492509894,user,bench,medium
1789122892073,-2.4639327835083007,-10.655393319481611,4.72765016092509,26.05436276830248,-7.566434043668643,-47.67678653891293,user,bench,medium
1789122892089,-2.133533538928628,-9.56438730403483,4.193744067493081,32.3573620796805,-16.90531754488123,-46.375085671797315,user,bench,medium
1789122892106,-2.4848820480346676,-9.549122514885664,3.756353059442341,27.56829981104519,-19.64214873209595,-38.03520954425289,user,bench,medium
1789122892123,-4.48149717952311,-12.039842183032631,4.364181590436399,-0.020739350813954685,-28.04012757136238,-34.21068609963927,user,bench,medium
1789122892139,-6.3992521247863765,-12.48845338101685,3.509600358581543,-6.517322109796562,-26.978953523416056,-46.26283151278815,user,bench,medium
1789122892156,-5.987000672558695,-11.442936028069257,1.4182649161741137,1.9016373630528551,-20.94083748578759,-48.49860173003803,user,bench,medium
1789122892173,-4.849755468506365,-10.438720407325029,1.660828640912473,9.786754373015953,-21.812832369197483,-41.487976037626474,user,bench,medium
1789122892189,-3.4169749741151927,-9.67182651901245,2.941426084844768,13.012127647220531,-29.479458457801044,-38.34422779287178,user,bench,medium
1789122892206,-4.216189854187518,-9.789892341944574,3.0909158045664427,12.755658312754782,-23.21189587538434,-43.07642190647756,user,bench,medium
1789122892223,-4.324676678521931,-9.69756418685913,2.8760344520017505,19.03339275439293,-19.523691053773124,-47.731069467341605,user,bench,medium
1789122892239,-3.50825391240865,-9.749937348175049,2.6171613974973558,25.558118789249786,-8.545789255547383,-46.46011128168022,user,bench,medium
1789122892256,-1.1252750725343823,-8.897601557159422,3.77640391382426,22.920190448764142,-5.516475280807553,-35.28478798813714,user,bench,medium
1789122892273,-0.04354498108550906,-8.59952403499186,3.9326267411932347,20.609431584616694,-2.132412166191249,-19.7544045986524,user,bench,medium
1789122892289,-0.8509891987122595,-8.643664790013432,2.9719515714898703,29.746105627903756,-2.4044765300794286,-21.61904624206588,user,bench,medium
1789122892306,-1.3401549637943506,-8.281993039813637,3.2285812309816477,29.102032449549895,8.557941015854484,-16.207135607922524,user,bench,medium
1789122892323,0.022145780834555626,-7.646182861438393,3.771018129132688,23.08373591334551,10.075411827719032,0.8846536251803091,user,bench,medium
1789122892339,-0.6679827015750109,-7.647827706035971,4.23938295211792,17.076856038338804,10.265291086645385,14.153201248077663,user,bench,medium
1789122892356,-0.9864116685062646,-8.112305166193842,3.8301255671396848,17.97085608370719,9.135148349781213,20.77044987920516,user,bench,medium
1789122892372,-1.9053360470645129,-8.041525410571694,3.751265673175454,33.593213093008025,-4.826077625068549,14.510229750146216,user,bench,medium
1789122892389,-2.6066874958865345,-7.759309474402666,2.483835461591184,77.7894137780579,-26.91291583942579,10.311504146569693,user,bench,medium
1789122892406,-1.2059295948304236,-7.421875508880615,3.144633658489585,83.8065030783265,-22.677961204944225,23.972010552642132,user,bench,medium
1789122892422,-1.1145011650636791,-7.806741087663173,4.829402270177006,51.06336166903992,-0.784280473510681,41.58077781787944,user,bench,medium
1789122892439,-2.2010199520938096,-8.186223804363609,6.736984196472168,16.763389629022946,3.5820670970037995,51.04648085650623,user,bench,medium
1789122892456,-5.063587019757181,-8.33825502526164,4.571578432464599,26.09631037509011,0.2153354406640581,37.222184806589595,user,bench,medium
1789122892472,-4.754136455181986,-7.851184625023603,3.7776001378715036,56.65977278813825,-20.004010446775933,30.401212976861775,user,bench,medium
1789122892489,-3.018939240375161,-6.70316668254435,3.4826661744266745,90.58282937654452,-31.93340540770864,37.79027213042706,user,bench,medium
1789122892506,-3.025373657336831,-6.228516787940263,4.981436413684487,89.61316791064533,-28.712595553643276,41.45525260131294,user,bench,medium
1789122892522,-3.389442093414813,-6.342689695087075,5.904251516070961,69.39633389197367,-19.050779000925196,42.45267195599907,user,bench,medium
1789122892539,-3.1102183247990904,-5.740996890369058,7.045537519946694,44.3604667345887,-19.188653199511077,46.66138671123674,user,bench,medium
1789122892556,-3.048716685131937,-5.05700106549561,5.878512679180503,45.764794609078336,-23.689630041786295,48.50867967415839,user,bench,medium
1789122892572,-2.92376913986206,-4.723309793633223,5.005077986034751,56.91320695729157,-25.17124662937651,52.70405848504161,user,bench,medium
1789122892589,-2.7735335702091453,-3.8817490791320797,5.532251848602295,55.14045184878227,-23.08140169619666,59.56472737422554,user,bench,medium
1789122892606,-2.8024133354738354,-3.240252671813965,6.112097563171386,50.41607147158698,-20.02591998608604,68.67818048188185,user,bench,medium
1789122892622,-3.0955534012392163,-3.6055180625915524,5.66348344257772,55.048722408229,-22.226651332893756,72.53648604213035,user,bench,medium
1789122892639,-5.778405414526164,-4.919035779350995,6.034134618046879,52.801187190133774,-20.21170966924685,59.42567155291325,user,bench,medium
1789122892656,-7.921964672906697,-5.964854161071777,7.326406717681884,47.4566768627201,-14.105130376699114,44.00239065225619,user,bench,medium
1789122892673,-9.051579235950111,-6.209960556030273,7.483377148547768,50.8861148449835,-7.578608855864191,21.445023267297714,user,bench,medium
1789122892690,-10.436175691278278,-6.008697394451499,8.69559079208374,52.28893666276116,-4.03283354212843,-17.015623392429642,user,bench,medium
1789122892706,-11.0366709567748,-5.306896448296309,11.011680454033613,41.29914521273771,1.0230899803513902,-43.49517738939646,user,bench,medium
1789122892723,-11.726650386102497,-5.082440627178549,11.60634087589681,36.0975463484228,-0.8870817574302486,-72.87123361335269,user,bench,medium
1789122892740,-12.239009395245462,-3.620631460571289,12.119749832484125,26.527781962696277,-3.7133296724731046,-105.60328279542716,user,bench,medium
1789122892757,-8.101081030737609,-2.279728893280029,11.896638411712646,9.211846251518578,-0.017603325151933538,-102.99270253237825,user,bench,medium
1789122892774,-5.356876576995849,-1.834406799969077,11.668739756664634,-13.836491352679696,0.7457771496945852,-80.88178192478118,user,bench,medium
1789122892790,-1.8311160878606139,-2.0446493868172166,10.387544931361079,-31.804157738044488,0.14631882036009902,-43.24107386170447,user,bench,medium
1789122892807,-2.730887145398557,-4.346674867579341,8.264936106550692,-27.344834804422593,-2.922864622751536,-33.18621919583989,user,bench,medium
1789122892823,-4.1750392208926375,-5.5195344058483835,7.3675582277595995,-10.228442216073168,-21.00060676366708,-45.64150286437044,user,bench,medium
1789122892840,-5.446808776855469,-7.38670950295329,6.2247740942806,13.66573833097667,-32.79970903599262,-63.027353245666035,user,bench,medium
1789122892857,-2.127248540375009,-7.683142765045165,4.64744528209269,20.77906616284313,-22.475475124357317,-48.236472730071284,user,bench,medium
1789122892873,-0.4071640659607947,-7.520484936192632,5.062089328545332,9.510462122031536,-8.823436445308403,-25.541734872978218,user,bench,medium
1789122892890,-0.9165309075504541,-8.339903961512446,5.38141831305623,-4.3981048018647195,-7.05155645478651,-22.580188754522784,user,bench,medium
1789122892907,-1.7552496766239403,-8.38195212816894,5.391145341822504,0.9976165763984162,-19.128506553679944,-29.51294346020703,user,bench,medium
1789122892923,-1.5879546164248137,-8.015937380328774,4.727801844355464,17.69758021501498,-25.970407790571972,-28.696725609106753,user,bench,medium
1789122892940,0.04249664107635617,-6.947973217773437,5.198410354614258,25.851038281994953,-34.83100388005983,-14.061461562240638,user,bench,medium
1789122892957,0.8086413184568285,-6.165816293877363,6.466887152642011,22.506721532262834,-41.27698807907019,-2.441116652995139,user,bench,medium
1789122892973,0.3854661019589752,-6.386233653259277,6.424541464343666,12.762518384002414,-34.74317106242805,-0.2084025852130836,user,bench,medium
1789122892990,-0.3235168646547943,-6.491428304180502,6.638073740386963,-7.6150393773497465,-23.289867607401913,1.361406218693341,user,bench,medium
1789122893007,0.769885106017813,-6.311414266857504,6.872256005749106,-25.645495691754466,-13.561505375374043,10.082643290502784,user,bench,medium
1789122893023,1.3762167860502377,-5.9192129383593795,6.871058320397138,-36.76715077389417,-8.279691915672856,20.22675657598839,user,bench,medium
1789122893040,1.559373286117427,-5.928941136169433,6.292859788513184,-39.43686339968247,-16.84839987098022,27.99579452100712,user,bench,medium
1789122893057,1.0541968088896945,-5.926545765465498,5.821351699066161,-38.26272997569519,-24.3403438715607,29.994345438193285,user,bench,medium
1789122893073,1.2213415373653174,-6.012140812903643,5.45803276618123,-42.85367236217052,-19.94147835737717,35.49879489030656,user,bench,medium
1789122893090,1.5277998247893527,-5.926995262798666,5.314976878899335,-56.07400893472878,-4.846188690192828,50.72362122953432,user,bench,medium
1789122893107,0.9730928257931023,-6.101173433575034,5.094561273083091,-59.36001294442192,1.903155159152479,60.135150622759156,user,bench,medium
1789122893123,0.013616875811666249,-6.543202915081381,4.996100314331055,-54.30283501501234,-1.3838274885826716,56.90300606976616,user,bench,medium
1789122893140,-1.755548659570515,-7.235576107677817,5.017048994335532,-45.370559505279786,-11.541716838737369,45.657560639109136,user,bench,medium
1789122893157,-0.675763564709574,-7.5981474370658395,5.133915378350019,-46.236982661874244,-11.191861742844623,47.45855516474185,user,bench,medium
1789122893173,-0.2849105090152472,-7.634660765948891,5.231031936755776,-55.56103782239873,1.0737022157097136,52.273742906952464,user,bench,medium
1789122893190,-0.38412009417749937,-7.828440293774008,4.839729602923989,-60.0731188447171,11.76751862382976,52.745299167250145,user,bench,medium
1789122893207,-0.46552273142710326,-8.10856188801229,4.5106747586905955,-47.74583292123259,10.851288874033923,48.8378264902613,user,bench,medium
1789122893223,-0.7396588215149938,-8.441056059044598,4.4639884108394385,-25.127948352680505,-1.3178827591981388,39.56840942800233,user,bench,medium
1789122893240,-0.4544499871402979,-8.80901784929931,4.89569523577392,-0.8227107996800221,-14.536893101118654,30.133414919883915,user,bench,medium
1789122893257,0.6648395812436938,-8.854057014465331,5.737555225482582,15.354977301409638,-11.727474932273267,23.341039384663645,user,bench,medium
1789122893273,1.4815616225644945,-8.821436016845702,6.625653819274902,4.891936016593104,2.9031236685029067,24.24469731751843,user,bench,medium
1789122893290,2.8592753326416016,-8.78552240742147,8.000972450909018,-16.372651582079442,17.41376024179156,25.32642340467732,user,bench,medium
1789122893307,3.683777798705548,-8.13908912822306,8.201338371387124,-38.19377580092932,25.24656995554341,16.955837039077228,user,bench,medium
1789122893323,4.170699291992188,-7.330745623669028,7.80794052658081,-36.995842582779126,21.842337078864645,5.472888428619116,user,bench,medium
1789122893340,6.216095405523479,-5.472844550865888,7.322665193066,-22.74031229432998,10.029299513084982,4.005164018913886,user,bench,medium
1789122893357,6.727556589043885,-5.550806326946616,6.473322738647461,13.49262633268905,-18.24415244296691,0.5271131790891227,user,bench,medium
1789122893373,6.246921190289408,-6.279241013005375,6.168809630474448,33.99815110323598,-19.582758529715395,5.831707720910682,user,bench,medium
1789122893390,3.2076316741943356,-8.813802160966397,7.43848352933228,28.399912908534677,-1.991283382465861,11.92695316830443,user,bench,medium
1789122893407,0.07526756856068968,-11.18496079918742,9.208547913250326,3.7502669086177107,4.642751932650821,11.702890520129452,user,bench,medium
1789122893423,-1.712453175818175,-11.775282899585365,8.351724163165688,9.786310410719903,-7.511501393495169,-5.124022856382375,user,bench,medium
1789122893440,-4.8092032394960516,-13.336001937755942,5.833172485241294,36.91228887866236,-19.991833927033092,-26.93970554889787,user,bench,medium
1789122893457,-4.310610743768513,-12.862249284252524,5.895422312927246,62.65602318124912,-24.670650112275226,-39.17542083372731,user,bench,medium
1789122893473,-3.2947207595825194,-11.931502219823003,6.768705614903569,60.715983079587865,-22.722116670381062,-34.01570468940292,user,bench,medium
1789122893490,-2.4381952617920932,-10.403553232353925,8.41442173461914,30.9398143740523,-6.823619381804845,-26.956468540668375,user,bench,medium
1789122893507,-3.2442931793764234,-9.79976608570516,9.430461648669839,-12.865940254641101,-3.1484947993410297,-26.977911919567628,user,bench,medium
1789122893523,-4.509628902899474,-10.238654346576332,8.22303640845418,-9.175144230013515,-15.187174921428058,-44.10464199922587,user,bench,medium
1789122893540,-4.747702038220316,-9.754124862992763,3.9797599560290573,30.742500454214387,-32.32192364317189,-54.738167367046856,user,bench,medium
1789122893557,-1.8764557703431695,-8.066663358959556,2.717268662151694,74.67533245996317,-29.485209477082194,-45.12744916705694,user,bench,medium
1789122893573,-1.437119838769734,-7.9566803047180175,4.314052116394043,57.44001944797465,-9.203382793363286,-38.386513494023326,user,bench,medium
1789122893590,-2.216432406085357,-8.08267458256185,8.832808474731445,10.479170776541519,7.7407541316657085,-34.67318211400293,user,bench,medium
1789122893607,-1.8317141268189996,-7.753321632164717,9.412503967174887,-28.23588933071141,14.390491411354015,-26.26537463252085,user,bench,medium
1789122893624,-0.7562688147280365,-6.187217393824458,6.422148431727289,-21.939426510369085,14.276460549387005,-12.739171943645665,user,bench,medium
1789122893640,-0.25064305936284365,-5.149327467015385,3.4133816257983445,3.073406687813671,12.03845515273124,-1.7172410384827284,user,bench,medium
1789122893657,-1.5665562198914587,-5.3464007756888865,3.7309132054984566,28.015164937493275,-2.8117805605245643,-11.552231061190957,user,bench,medium
1789122893673,-3.6188361015871164,-5.812373442840576,3.290232215991616,64.06983135830674,-15.29734416519307,-22.92808785499197,user,bench,medium
1789122893690,-1.1273702181827276,-5.033510884314775,5.435438072535395,58.25078339302267,-15.510569010702529,-9.542040647885443,user,bench,medium
1789122893707,-0.4426282511170953,-4.948065474480391,7.370548641747236,20.3760337753936,2.776157068578128,12.193975145037845,user,bench,medium
1789122893723,-0.7670427952639758,-5.20334839553833,7.661445897021889,-3.228303852245336,14.799059667125837,32.55995232065225,user,bench,medium
1789122893740,-3.222446016162261,-5.38231380059123,4.660611637657881,19.00200632760943,0.5145465381507984,24.796001159017887,user,bench,medium
1789122893757,-4.4708725443299855,-5.922207444000244,4.310311760821938,35.51213083466101,-2.594556425812652,10.781581670912065,user,bench,medium
1789122893773,-3.8341646133974194,-5.915023669975995,6.025756081280112,33.2949319017644,-7.065349168041705,8.403622283068154,user,bench,medium
1789122893790,-1.902642497131601,-4.933102883148193,6.717382254901528,24.300959293259115,2.666446728147975,16.8364692380475,user,bench,medium
1789122893807,-1.354819229767099,-4.298039723747968,6.487537141960859,18.549661681899703,9.94144022847017,24.372018873836637,user,bench,medium
1789122893823,-0.09053089640513062,-2.56059750649333,6.641814095959067,17.756441077734856,13.67210406728312,40.54359993203466,user,bench,medium
1789122893840,-0.06673888273350895,-1.1596925981819628,7.1223027797192335,21.94712413356369,7.603335848206929,52.45082239137421,user,bench,medium
1789122893857,-0.1976713476318866,-0.7228975101977586,7.232582186558842,32.89881849594409,1.7687241229602284,64.57089403581888,user,bench,medium
1789122893873,-0.9542394375674426,0.25782559127807614,7.112575166431069,50.00530389490241,4.036809139112201,82.2859322143524,user,bench,medium
1789122893890,-2.732083515576273,0.6127671564400196,8.167368881767988,52.85237945796302,2.5956774306101806,89.12021949786717,user,bench,medium
1789122893907,-3.7247795250490308,0.43709202510416506,9.386467608642578,41.19801401679192,6.101366150663724,94.04593336122691,user,bench,medium
1789122893924,-5.944354101617634,-0.5720633901298046,10.913518185967206,16.046735445453944,10.789018893144563,96.02431814488862,user,bench,medium
1789122893940,-9.998186425073444,-4.417301478466391,11.692832579913734,-11.6635324088109,28.215702706619435,70.6845690411406,user,bench,medium
1789122893957,-12.930484762219338,-6.133945822364091,12.12393910086751,-43.45227355612502,46.39242752209998,15.209239847541783,user,bench,medium
1789122893973,-12.704532565063982,-7.478888604956865,12.872725670081376,-53.180556387203794,32.82032937709689,-38.45505102724982,user,bench,medium
1789122893990,-10.709263879748434,-6.850108471348881,9.944614117100834,-25.151155627932916,11.291521033024278,-70.9744764204618,user,bench,medium
1789122894007,-10.617237045697122,-5.1394513851672405,9.255683173912763,9.094343092132265,-2.507749203773433,-91.9194359254135,user,bench,medium
1789122894023,-5.930586857549846,-2.6095290029227733,8.501360013359784,45.058863822506254,-14.019910106424865,-71.6564161675742,user,bench,medium
1789122894040,-3.367145798193663,-2.4660277099609376,9.670181089892983,46.93639744797813,-14.915263383022557,-49.926954794933195,user,bench,medium
1789122894057,-3.9727287422180173,-3.3698376676261423,10.562168507817386,24.350520853424023,-7.1588403705140164,-42.095132043516415,user,bench,medium
1789122894073,-3.7755063804626463,-4.74410883603394,11.337441517418622,-10.183625929834129,-4.993268703119413,-26.65208969804322,user,bench,medium
1789122894090,-4.9408843308046455,-6.312161870354414,9.05876125640869,-25.92613450437195,9.993226722757207,-31.37953512262855,user,bench,medium
1789122894107,-5.368548748480528,-6.870610576629638,7.438187176734209,-16.614399297562873,8.17154184658123,-36.09843768810949,user,bench,medium
1789122894123,-3.421913015039265,-6.957849299621581,4.225316432842612,32.482101824492446,-12.885495940008495,-32.657320082365366,user,bench,medium
1789122894140,-2.3657712460942566,-6.6073986161381,3.6583418902844187,70.90665947219274,-35.667036109942316,-27.33857152095369,user,bench,medium
1789122894157,-1.7456725046571344,-6.413167252892255,4.713584518432617,81.92948513213695,-37.18975506841037,-24.093120051910212,user,bench,medium
1789122894173,-2.053028215844929,-6.396109150585532,7.73192403934896,44.00796408661892,-20.339780838826467,-21.637153073555584,user,bench,medium
1789122894190,-0.1324293523926288,-6.381294443291425,9.695617728966473,1.5582888761181917,-15.664319984014101,-10.249503104378903,user,bench,medium
1789122894207,0.3283046103879809,-6.034435646820068,8.990826953345536,-20.64583137025098,-15.603893300426998,-2.3161871569903165,user,bench,medium
1789122894223,0.5533594933774322,-5.624728472247719,5.949142797198891,-13.186784122034219,-21.590253579619695,4.7786786735495985,user,bench,medium
1789122894240,0.4393356393124908,-5.3761798278808595,4.456808143946528,12.176326789996178,-27.943401847431243,13.21128742568164,user,bench,medium
1789122894257,0.2515406657896936,-5.316771945622563,4.74381014534831,18.991636392902056,-26.337139430130176,18.88756480051857,user,bench,medium
1789122894273,-0.24959603452794252,-5.621885357776284,6.213254336878657,8.281354212962109,-21.200878155415605,21.467018183972446,user,bench,medium
1789122894290,0.5545565942075104,-5.463119860187173,7.893385351893305,-22.4777342094253,-22.361914691669394,33.89466690712112,user,bench,medium
1789122894307,0.4858730071470141,-5.403263649639487,7.995884187859296,-45.294443877169165,-22.71089125448015,40.62882361740349,user,bench,medium
1789122894323,-0.24630364191904663,-4.785109539464115,7.371895380181074,-64.98820493372831,-16.185683691286805,48.27761778963144,user,bench,medium
1789122894340,-0.28371289672851563,-5.005226454594731,6.768855252507328,-87.44773839656283,-12.465619452292069,56.77938306088351,user,bench,medium
1789122894357,-0.8813657784059643,-5.06942215565145,6.322039705768227,-92.89184312735904,-6.874402692057536,58.29836932097015,user,bench,medium
1789122894373,-0.3594296703614294,-5.247490319603681,4.340238112530112,-79.8694317765694,-9.172178220366437,63.85388126731844,user,bench,medium
1789122894389,-0.45908853366114194,-5.358223899951577,3.995773517718911,-56.12146167398745,-11.19274625234214,65.68208385150992,user,bench,medium
1789122894407,-1.0845732059203088,-6.569837239506841,4.25254930768311,-27.335347671665442,-21.333383825313852,61.35180538942436,user,bench,medium
1789122894423,-1.0751466214053331,-7.690774282836913,6.827814806476235,-23.91420495414902,-27.40511634648983,55.30787344571762,user,bench,medium
1789122894440,-0.3194767224185169,-8.27960000719726,7.758262595698237,-31.25116854736733,-23.462883129267503,51.25328532419588,user,bench,medium
1789122894457,-0.15337868998423218,-8.52231044692993,7.688081390491128,-41.549468230724095,-5.960066185322262,48.45181151912886,user,bench,medium
1789122894473,-0.42108007084950805,-8.776393344548344,7.181407295116782,-43.71603497130341,5.031022573756658,43.60813847298471,user,bench,medium
1789122894490,-0.8128319020144641,-8.917652996063232,6.0890533721923825,-22.15977695073016,2.7844414477111186,29.187928908551974,user,bench,medium
1789122894507,-0.6610990795411169,-8.769211908611656,5.9130801346927875,-1.8278369556274559,0.01138535171724268,21.5739891916586,user,bench,medium
1789122894523,0.9971846991941332,-8.410979485210776,6.392070104327797,13.765872319303641,1.010085300171686,20.477643084581295,user,bench,medium
1789122894540,2.6925790420532225,-7.8238009435355655,7.216572132000326,18.35459318675143,8.596454745036892,26.589581514306555,user,bench,medium
1789122894557,3.7828384769164023,-7.531709510040283,7.348254976874589,12.418284533796587,16.44314937959773,37.42664310429934,user,bench,medium
1789122894573,4.593275592748821,-7.293187754169106,7.499239319068193,-3.6491895004116306,34.2192887228989,43.983208065972214,user,bench,medium
1789122894590,3.312228359222412,-7.7890861885070795,8.068758869934081,-32.09937217435078,48.43162831013147,24.919772724514978,user,bench,medium
1789122894607,2.4039273737482727,-8.153902666473389,8.249522264319658,-36.780274982384356,32.879533456822564,-4.986558469146699,user,bench,medium
1789122894623,4.0925880244381725,-7.964014300867914,6.490681869727373,-11.695678694139565,13.509766692411198,-17.58478134841951,user,bench,medium
1789122894640,4.40712568301931,-7.895928606635332,4.612580304938555,37.62942459056785,20.69647210030475,-18.987321420893903,user,bench,medium
1789122894657,3.8886324089050293,-8.658629134911298,6.457012239837646,40.519424477467396,24.853227898978837,-14.81232901713588,user,bench,medium
1789122894673,0.23717545582875607,-10.985044960564375,11.214439407128095,21.526473273150113,17.311814545787243,-24.830211869023188,user,bench,medium
1789122894690,-2.1888985755369066,-12.01634674115479,11.586887402886152,12.738263528486053,-0.17013252836539972,-53.724703898000364,user,bench,medium
1789122894707,-3.8929726300664242,-12.131420981055497,9.134030724665521,22.294388026440064,-1.5400529113644923,-74.18974699111028,user,bench,medium
1789122894723,-1.079635311126709,-10.367340932244062,7.4506059288024895,34.963847644321994,-3.9174929913880714,-60.70234319181535,user,bench,medium
1789122894740,-0.8354267417907715,-10.029459222954511,7.888145697674155,36.681192843189564,-4.6299098963507275,-45.27013864900767,user,bench,medium
1789122894757,-3.8169564350955185,-10.45727430114746,8.838046959906816,25.443701167821025,-12.619866468092113,-52.206188920966454,user,bench,medium
1789122894773,-5.454141603961586,-10.154558597785234,8.147918331366776,30.436268922776865,-25.13953406106014,-61.78411538275114,user,bench,medium
1789122894790,-5.466112320001423,-9.55705447692871,6.164920806342363,55.678097019488995,-27.958750990043555,-68.3287958152682,user,bench,medium
1789122894807,-3.848978955365345,-7.962367118182778,5.424215252253413,59.963986082158634,-9.359769365920837,-57.21372503548837,user,bench,medium
1789122894824,-3.552247367914021,-7.869291359600425,9.4358480178833,18.086347752382935,9.123460188564028,-48.90840283495505,user,bench,medium
1789122894840,-3.5854671351443974,-7.905803519439697,10.586114031550288,-22.810400280498065,19.289570952045306,-42.08692557122865,user,bench,medium
1789122894857,-3.5868135813172906,-7.002290498894452,8.322693298992514,-18.90802804727193,9.369970253446251,-35.047807744694374,user,bench,medium
1789122894873,-3.160496340466663,-6.134094875445961,3.9983179415047165,24.300863670610735,-1.6776063045027907,-31.612840724297847,user,bench,medium
1789122894890,-3.6346979067813603,-5.860258060565591,3.069965663257241,68.53566858484953,-7.663264781758268,-37.57437668095213,user,bench,medium
1789122894907,-3.34200653463155,-5.290736756134033,4.821024317932129,79.12658723262798,-7.236813383192059,-35.18675769807453,user,bench,medium
1789122894923,-1.4238019459046423,-4.639064407238364,8.4090341963619,44.56412931526013,4.983858836877251,-21.936260717688786,user,bench,medium
1789122894940,-0.6811505915101617,-4.500499401634931,9.254337020000815,4.309638484187421,19.420538121833008,-5.64850027614296,user,bench,medium
1789122894958,-0.9235635826662182,-4.135384232982993,7.599196069335937,3.3600761305814535,13.883805780607666,6.928409851598473,user,bench,medium
1789122894973,-2.1746832954406736,-4.326919781273603,4.560653133824467,28.382338831800237,4.883043110293747,9.845936254626821,user,bench,medium
1789122894990,-2.9043164705689994,-4.778676876068115,5.132121480670571,31.84608485426461,4.682450272767404,5.133717883022385,user,bench,medium
1789122895007,-3.0894184786807743,-5.328446016803383,7.444920868903398,5.387554179563093,10.680239592875648,6.717210584064747,user,bench,medium
1789122895024,-2.010381498773396,-5.079298237499595,7.333439685058593,-8.425010166680401,17.781331994617677,10.991393983157456,user,bench,medium
1789122895045,-1.9415482010439038,-4.536113735851645,6.449680581775307,-2.436851626745289,13.925282958116215,14.166361315060986,user,bench,medium
1789122895057,-0.9873092018678784,-3.6568431761592626,5.244049823760986,29.80960931171195,-2.521388664659125,27.082946568624084,user,bench,medium
1789122895074,-1.21939683303833,-2.9789842466056347,4.387971339085698,61.638926051564184,-13.29583321477535,35.93460194048839,user,bench,medium
1789122895091,-2.170942574542388,-2.6819541876643895,4.871602412524819,76.84554993665385,-13.74787647838795,35.22848332371414,user,bench,medium
1789122895107,-3.1979053760804232,-2.2816735976070164,7.529614583587646,56.14881999670793,-4.985181759142118,36.00080354901874,user,bench,medium
1789122895124,-3.2167596410889177,-1.9223931264579295,9.481785593193768,27.521950147337485,7.415867646057589,43.117338154700526,user,bench,medium
1789122895140,-3.3916863652102647,-1.7108064315244556,9.66000573283732,5.667630355347697,15.435947486472847,49.8342964486528,user,bench,medium
1789122895157,-5.327847027996927,-1.6006728628963232,8.707412162780761,-1.1571875112130738,17.37160260668695,43.291839242710594,user,bench,medium
1789122895174,-7.710227755847573,-1.1689698373541235,8.61074802431762,1.4005363724483442,13.599430854514186,28.47649981969803,user,bench,medium
1789122895190,-8.37611509257853,-1.3397063432440162,9.007137452155352,-2.686159507866278,23.033527192756747,9.10783698461127,user,bench,medium
1789122895207,-7.758111350659281,-1.5527894142150878,10.226235009986162,-7.875932966850369,32.26573509196478,-11.112137213531295,user,bench,medium
1789122895224,-7.768137216241657,-1.6467606603324412,9.703698159569502,16.329833126172634,18.56041069210601,-30.515260060528064,user,bench,medium
1789122895240,-8.505401105444133,-1.641673274065554,9.702351421135663,51.680407788848036,-6.045829455635527,-59.218921726736966,user,bench,medium
1789122895258,-8.746767583221942,-1.3133686636775732,11.461641897583007,60.99731174131152,-17.12778875897959,-83.72583854422865,user,bench,medium
1789122895274,-6.238691122082621,-0.8265978309080004,14.64578105250895,24.66750822525702,-3.9193392768980906,-81.88793709141576,user,bench,medium
1789122895326,-3.31028336263448,-2.3768431135982273,9.783755446624756,-67.1889192050631,4.637758637480719,-59.744450141856085,user,bench,medium
1789122895340,-3.2154131949160245,-2.8461066389888523,7.301267015728354,-29.5388708582964,-17.138194552180103,-59.028311637569416,user,bench,medium
1789122895357,-2.730886853137612,-3.292776055255532,4.108301580268145,22.800195977878065,-42.534053659959774,-54.89942471825628,user,bench,medium
1789122895373,-2.154482438128814,-4.007144222038984,4.540453226360678,59.10781503950837,-46.67881393890403,-45.88876937270324,user,bench,medium
1789122895390,-2.477550134244002,-4.604348190905154,5.811773723381758,51.45656882936838,-36.810833248730994,-44.742561177137546,user,bench,medium
1789122895407,-1.5713446232117712,-5.093512933073938,7.326703070279955,38.89199188883388,-30.045998743791507,-38.895642624945246,user,bench,medium
1789122895423,-0.9620204102998599,-4.864568276104331,7.159559620445966,23.969563637371976,-19.35163005084404,-29.359216392557553,user,bench,medium
1789122895440,-0.8512886748491786,-4.627542019487917,7.7199530310481785,11.484887957295571,-19.71201473711601,-25.2793019295934,user,bench,medium
1789122895456,-0.6359601630388759,-4.333503835839033,7.670421230638027,2.85656098827046,-19.707544378304235,-18.154332040286658,user,bench,medium
1789122895473,1.2877807521656621,-3.838355635346472,7.073820780622959,-3.212943610575624,-19.092829060550383,1.7764466123122797,user,bench,medium
1789122895490,1.8149541078431297,-3.606416180475056,6.755839703589677,-3.671822186000114,-8.850656456698195,16.752959930160337,user,bench,medium
1789122895506,0.6392515327344648,-4.262128160150349,5.819107719531655,-1.913732987742713,7.7293443006572025,24.3992679135304,user,bench,medium
1789122895523,0.36346944727152586,-4.931605922588706,6.875697670635581,-5.097893113938845,16.897391110349428,29.64525788480852,user,bench,medium
1789122895540,0.43754009766522795,-4.922777011705935,7.615804674309492,-7.227728377822296,14.877034814237996,37.55573367961258,user,bench,medium
1789122895556,0.5198407066678628,-4.908562316131592,8.053198312708735,-3.7536376069731117,9.587971108732841,43.95653617726331,user,bench,medium
1789122895573,0.51759606954623,-5.1382563301637765,8.527847622790933,-0.08052366144621907,4.9250517618970875,49.844323166354386,user,bench,medium
1789122895590,1.3899834821287542,-5.2691886489316815,9.071479868206382,-12.271473886455395,3.9040110517401128,61.134537071926246,user,bench,medium
1789122895606,2.08819235860873,-5.20663954603821,10.14497945305705,-35.144885223367766,3.4198481832252927,75.68732060814894,user,bench,medium
1789122895623,1.2024874915525317,-5.807435694177449,9.227852333179115,-60.51381631034466,9.668066175808642,84.55127373561386,user,bench,medium
1789122895640,0.5829879581175744,-6.10386691044271,8.711450624516607,-76.51847949805862,13.599030434674093,84.12561634653866,user,bench,medium
1789122895656,0.1414074624877423,-6.963384721916913,7.708280713433027,-85.10165037893348,7.517425728826509,80.81677901445018,user,bench,medium
1789122895673,-0.8459018855106085,-7.743148028674721,7.067984914076328,-84.1503894426583,-15.549832353146346,69.82841165886867,user,bench,medium
1789122895690,-0.8822633117675781,-8.071600815361737,6.598866350114345,-81.60379439175406,-17.769708720197606,63.539651584362836,user,bench,medium
1789122895706,-1.2017395957946777,-8.464399525231123,6.289117679375409,-94.40938138734164,1.9537845767054332,55.06293261679721,user,bench,medium
1789122895723,-1.1384428894042968,-8.63124603794515,7.189786416405439,-123.39714818717181,20.378439709528738,45.5391968758874,user,bench,medium
1789122895740,0.07227437809407711,-8.245781908747553,7.306656892073154,-144.4663283425585,33.90344711529917,37.765444392794066,user,bench,medium
1789122895757,1.5318398574277758,-8.08237647639811,4.792293898010254,-126.57608215143581,30.915242768513178,34.03088819992786,user,bench,medium
1789122895773,2.015169463702291,-8.371176467132567,3.7657805207401513,-95.70288944254783,25.188909498570162,30.91268486266901,user,bench,medium
1789122895790,2.343624150085449,-9.23847543400228,4.0234547208487985,-69.2949260733665,47.62900253547952,19.51647837400959,user,bench,medium
1789122895807,2.6427492816098033,-9.516802546039223,4.281880616107583,-43.42998664886327,63.86360745669654,10.80862836625167,user,bench,medium
1789122895823,3.2679353362485766,-9.642946461486815,4.595969361877441,-11.99330674854381,62.05844310057553,1.8574836051633077,user,bench,medium
1789122895840,2.300677719414979,-10.288333446502685,6.583456015014648,22.128516882446302,48.530310883259816,-27.525143260774467,user,bench,medium
1789122895857,1.8017859484799206,-10.032901472362875,8.188319315338134,38.49544476600128,39.98908077898342,-41.93914418325166,user,bench,medium
1789122895873,2.670581583648175,-9.686641810828446,8.567202897101641,53.46258855841196,33.83693473316159,-40.106973259152426,user,bench,medium
1789122895890,2.6957211394712326,-8.611195183563233,8.120384427753091,75.97954342159876,29.582495276525272,-34.14268815135721,user,bench,medium
1789122895907,2.57645938475281,-7.332693250605463,8.978556669837236,81.28908659555655,22.070547359413112,-21.32877857026597,user,bench,medium
1789122895923,1.678334925378114,-7.826345951843261,9.808745510974525,76.03267546315229,11.03809027896554,-18.0312127578553,user,bench,medium
1789122895940,-2.849698379870504,-9.029430532506108,9.850942146191,62.603662951071804,10.040546273327056,-41.965870713473926,user,bench,medium
1789122895957,-3.386299411474913,-8.884882945361733,9.1412127451241,58.52999469610363,5.435016737218688,-55.95689851121974,user,bench,medium
1789122895973,-2.5270802906863388,-7.948899149322509,8.35052706233561,65.23223393239454,-3.5986443930062437,-56.173162790909856,user,bench,medium
1789122895990,-0.22670111582651734,-6.325629839214682,7.422773334503173,81.0041106128161,-21.873851571695084,-39.25667617918837,user,bench,medium
1789122896007,-0.6678329178407788,-5.480027155846357,6.421546374180912,101.52565986092954,-44.31229682546718,-35.700370848186566,user,bench,medium
1789122896023,-2.080561534936726,-5.520878806194663,6.4073319708675145,117.29221582398769,-64.03539354451154,-47.78407856549008,user,bench,medium
1789122896040,-2.030732212884724,-5.03769898365438,7.760504821667075,101.36646864194405,-55.62793952531901,-40.75916070224026,user,bench,medium
1789122896057,-0.42616840696446595,-4.657770276752114,9.143606946784258,73.88894546006291,-43.689984629808976,-23.321750930447532,user,bench,medium
1789122896073,-0.5318121898926794,-4.412961403435468,9.555257656639814,46.026192778803896,-33.4059224757771,-7.544881381742668,user,bench,medium
1789122896090,-1.2289737858094274,-4.310011316570639,8.980649258202314,21.884805487576493,-24.184733379247593,8.49175392147612,user,bench,medium
1789122896107,-2.1389201273377982,-4.657021211950481,8.215254084014893,12.785139970533496,-20.60824313170111,15.94087605105521,user,bench,medium
1789122896123,-3.1872809600830077,-5.047723826323449,7.636604301232099,8.487726671186751,-14.526926147572311,16.246887308892,user,bench,medium
1789122896140,-3.986196418817341,-5.64088845667094,7.655610030475258,11.993542390070175,-18.9633150135086,16.28565546262099,user,bench,medium
1789122896156,-3.7196918465211986,-5.2310304754510515,6.792348940819502,25.47414844359365,-24.95263276461191,18.72236130751618,user,bench,medium
1789122896173,-3.324798210199177,-4.875192545971274,6.77394410007894,33.343316961844764,-26.450587164696795,23.401908322999507,user,bench,medium
1789122896190,-2.525434350110218,-4.0907933961063625,7.543982716158032,21.475351014759863,-16.129175828736,34.74162060948646,user,bench,medium
1789122896206,-2.883367206042632,-4.137778726904094,8.474875326538086,-2.936238133146421,-0.6838951022057408,38.20154514111021,user,bench,medium
1789122896223,-3.5289039747927338,-4.380639973284304,8.878895687645674,-23.39191404869649,3.291157814308732,31.456005920576015,user,bench,medium
1789122896240,-3.9963719220034775,-4.444237708447873,7.842958063948154,-15.899164085793942,-14.723732925864352,20.511169068122303,user,bench,medium
1789122896257,-3.0198367006715388,-3.542669976751506,5.658396933093667,7.536750041535767,-21.312813003081068,19.673675177757435,user,bench,medium
1789122896273,-2.625990381445363,-2.9161358685046435,5.192721203061938,27.07987298349758,-22.45604835881051,23.825499579850774,user,bench,medium
1789122896290,-1.962497465570271,-1.9485802916377781,5.661088656395673,39.42225020995323,-25.155344241441426,31.230298904358357,user,bench,medium
1789122896306,-2.2818240389283746,-1.3922273885980248,6.231508370971679,51.47724381198601,-31.49952447087275,46.27539906086098,user,bench,medium
1789122896323,-3.2743701185364276,-1.0706558858573436,6.987026294267177,52.99779418539259,-27.30454522605598,50.03291834971677,user,bench,medium
1789122896340,-6.159383045959473,-1.243936815533042,8.413374271392822,42.345297967151886,-6.433909705218251,47.38358017822262,user,bench,medium
1789122896356,-7.435043691076711,-2.107344912444055,9.991449518033862,34.67088034025264,-5.878109891697633,32.11092543933186,user,bench,medium
1789122896373,-8.114847251892089,-2.6077336439386007,10.741135081914067,30.354958935802447,-12.48876525584195,11.940567442867556,user,bench,medium
1789122896390,-7.705139346667378,-3.3523303602471946,12.773064687889814,14.945732856909984,-13.87586483192388,-6.865326651311058,user,bench,medium
1789122896406,-7.2493437170717865,-3.132064684295654,13.588292691260575,-13.71559700437047,-1.678126572818475,-33.47121908424243,user,bench,medium
1789122896423,-6.846369577081501,-2.4548054742008447,12.680441933771966,-18.545797502376768,13.328052924637593,-41.526484644167006,user,bench,medium
1789122896440,-6.454618257373198,-1.7042232537418602,10.601675757819413,4.030939018407398,-7.322154889324076,-52.78788198163059,user,bench,medium
1789122896456,-8.667908346844836,-1.9699793457582593,9.784805247938632,34.697244870448884,-32.815333093719026,-91.04294506998244,user,bench,medium
1789122896473,-7.614010557434335,-1.683721732982993,10.06163306132853,29.165320982399233,-34.498284875021,-96.71505517565201,user,bench,medium
1789122896490,-4.5233954163149,-1.0497069135919213,10.097544332665205,14.20226847330139,-27.47266862492855,-85.31921922475507,user,bench,medium
1789122896506,-3.687519916976476,-1.522262466265261,8.717286491063236,6.4526483292061805,-19.574352274394403,-73.52981411350365,user,bench,medium
1789122896523,-3.4085951724065233,-1.7941545768186449,7.963264359283447,14.520825081096199,-15.231058886845389,-70.11732183057104,user,bench,medium
1789122896540,-2.7249011206583584,-2.465278937420249,6.923879810002446,35.286649214685966,-26.715480683730107,-71.51942306339127,user,bench,medium
1789122896556,-0.8167223335817456,-2.6376617492124437,7.162404488483071,53.35417638081093,-41.207221111793096,-58.81285332020136,user,bench,medium
1789122896573,-0.8502411933565511,-2.785653339330852,7.801057196807861,40.87825871079777,-28.805291465964107,-54.19250355425454,user,bench,medium
1789122896590,-1.4431053063875063,-2.934243772125244,8.953118861719965,13.314389131202983,-12.246304639363899,-51.90608748430902,user,bench,medium
1789122896606,0.5704181802060455,-3.2315731062740087,8.486247784423828,-20.554663712756945,6.904576760263359,-34.70898255053755,user,bench,medium
1789122896624,0.9983818000242114,-2.981978167724609,7.397635386115312,-21.169776889029954,12.156468868758013,-25.2105390001243,user,bench,medium
1789122896640,0.9159316264830529,-3.2517753518253563,5.618295808851719,0.7208638212535522,2.5555624489542264,-21.28175101028314,user,bench,medium
1789122896656,1.1878228602536023,-3.12562880602926,5.438876230290532,35.08345791706726,-3.4472901757631114,-15.32397507276695,user,bench,medium
1789122896674,1.530792248070985,-3.082982088957727,6.243028128373623,46.86862489593868,-7.6077823013566075,-7.653223549904703,user,bench,medium
1789122896690,1.817946736620739,-3.4048528669059275,9.127142718717455,30.415351468443703,2.0014708230563465,0.6712325718147718,user,bench,medium
1789122896706,2.422632439544424,-3.5603269217342137,10.768220072716474,-17.47746541618027,23.74576053638546,15.569575014942268,user,bench,medium
1789122896723,2.613420530468598,-3.465456973211467,10.894515963855385,-49.61522154611923,32.61522221141599,29.531029801129225,user,bench,medium
1789122896740,1.717390449557267,-3.854964240320027,9.494956040412188,-64.8071980905338,36.07290985608657,36.166923994917205,user,bench,medium
1789122896756,1.2223892563199623,-4.046948993682861,8.966884936743973,-67.42257314638007,27.5521720268675,40.031530404675046,user,bench,medium
1789122896773,1.0859198347562924,-4.36702324360311,7.7201020841300485,-50.97298460594231,24.286856660170333,47.6294635732485,user,bench,medium
1789122896790,1.5581760117574128,-4.198232026562095,7.440280349621176,-38.85546062205806,24.52371737530262,59.911455097252066,user,bench,medium
1789122896806,1.7537524831690126,-4.372709472545981,8.836250139617919,-34.159452850675,18.288774068814604,70.97882725096309,user,bench,medium
1789122896823,1.4984707813872022,-4.3713621495902535,9.58368880135417,-41.19624841289147,14.491567965786448,72.3315052349491,user,bench,medium
1789122896839,1.059733162766788,-5.102342720739543,10.423156342968344,-54.23903421797525,-0.35184815042864187,66.30409551884463,user,bench,medium
1789122896856,0.7492351897642016,-5.442468409563601,10.234162295854091,-64.6961597051969,-0.21361878200592382,60.2254047424517,user,bench,medium
1789122896873,1.1228803594175725,-5.559485600225627,9.395594917950033,-69.8760112471945,8.417346694431648,60.19785858952904,user,bench,medium
1789122896890,1.6011219218380748,-5.78708556458801,7.748087238642573,-60.4178248317493,16.75587983603052,56.19662790580344,user,bench,medium
1789122896907,1.6341917592037467,-6.51522214448303,7.219417000037431,-48.092809946163825,16.385198639584758,45.39389826167372,user,bench,medium
1789122896923,2.2460599209774283,-6.782624542401731,7.37937959845662,-35.21199524705773,11.038866359209983,34.67716411428905,user,bench,medium
1789122896940,3.5947442281860855,-7.251885437443852,7.642439583256841,-21.007500132086914,10.774037726973786,22.852107123117452,user,bench,medium
1789122896956,4.4581532018799335,-7.265503043907881,8.131905354198812,-20.533882862207182,21.6460784232535,14.193918567041049,user,bench,medium
1789122896973,4.756530145385488,-7.249941317638754,8.513779934471845,-25.10323160562152,34.59799539161943,6.010079818632858,user,bench,medium
1789122896990,4.9079638387817885,-7.467365340423584,9.352948200878501,-34.421940435573184,42.29123360477665,-9.228854276325556,user,bench,medium
1789122897006,4.557213003307953,-7.690625229755043,9.35295053896606,-32.81229365953837,40.16322669715665,-24.509566930889648,user,bench,medium
1789122897023,4.127603223717958,-7.423821382251381,8.953567190009355,-20.07451678203068,34.16382417174381,-42.20592454204319,user,bench,medium
1789122897039,4.01507581875585,-6.249164439171552,8.015337076348066,4.08359337360585,24.191505511809662,-48.71779616088208,user,bench,medium
1789122897056,3.708468660913035,-5.857711883214116,8.803177306577563,26.002605302319413,18.58499595802347,-46.90380378525883,user,bench,medium
1789122897073,3.118148387145996,-5.840803418511152,10.632947094395757,8.458274041712011,16.669959471366344,-44.90832645319917,user,bench,medium
1789122897089,1.5782275876585394,-6.249912627190351,12.939611925396322,-19.08998940940295,12.595250466323387,-46.59416740452006,user,bench,medium
1789122897107,0.17657222630605102,-6.692989571923017,11.254992366790772,-35.471750756287896,11.54645442870042,-46.31180055404256,user,bench,medium
1789122897123,0.1949777246337384,-6.740125417107343,10.264540482982992,-38.867754962564085,15.121371171416861,-39.44682523058694,user,bench,medium
1789122897139,-1.1510128865115343,-6.92044048320353,10.068816250830888,-47.02731751111476,11.396731559451862,-38.25224563531922,user,bench,medium
1789122897156,-0.8369237023502588,-6.839187848883867,8.79704625647664,-38.038047487853035,-4.960122648850987,-25.22895831276853,user,bench,medium
1789122897173,-1.2967596933778374,-6.846966666191816,6.82496993843913,-5.4439309878592015,-15.590417337194562,-21.319532201677067,user,bench,medium
1789122897189,-2.74749655408971,-7.052720709449052,5.757906524115801,23.281317918108346,-25.561118949842715,-25.400216768470138,user,bench,medium
1789122897206,-3.489100152996927,-7.31054396263957,6.68386284713745,30.132574806616002,-30.779520079515855,-34.68759039805707,user,bench,medium
1789122897223,-2.165256382132135,-6.769454971966147,8.983642594799399,-7.104972376077418,-18.176842636243727,-22.875818124821155,user,bench,medium
1789122897240,-0.9530421906068921,-6.3414908406913275,10.196455373272299,-50.545933858276435,6.04843688035118,-8.954751100970128,user,bench,medium
1789122897256,-0.8424599648958072,-6.178834765404463,9.721804894146322,-84.72448733296538,27.426353112166694,7.254264516521442,user,bench,medium
1789122897273,-2.395698547650501,-6.354062737494707,7.278374800440669,-69.72644376474956,17.013401873402096,1.9900637668121905,user,bench,medium
1789122897290,-2.602796698993072,-5.678896115764975,4.383931708306074,-26.366743177540304,-9.607580581839947,-0.2652262239510857,user,bench,medium
1789122897307,-2.516306090954691,-5.584774063000083,3.685274320873618,23.02507654120615,-27.4446187455546,-3.7755142759978395,user,bench,medium
1789122897323,-1.0708071674289181,-4.810251579505205,4.107254701563716,33.48711293444104,-11.702021378557568,17.722170603574316,user,bench,medium
1789122897340,-0.4364933285586536,-5.0495221079170705,7.199066285926103,9.056526896018843,8.521565989655933,33.23037978391861,user,bench,medium
1789122897357,-1.4811132212098688,-5.040990426415204,7.445068168419599,-12.320092026741193,19.01753988532933,32.973926671152135,user,bench,medium
1789122897373,-2.490269147900492,-4.317044868469238,7.003938266101479,-18.84481123140888,16.516013837663426,30.745061775153143,user,bench,medium
1789122897390,-2.016666278131306,-3.694850542992353,4.785110708507895,2.7046742297154784,10.86531552126819,36.57576204316125,user,bench,medium
1789122897407,-2.1203650644715872,-3.443160677990317,4.033031527489424,34.69007317182037,4.448812126262894,43.03680680929149,user,bench,medium
1789122897425,-2.529923185962066,-3.1384985167354342,4.827159459686279,51.872366840376664,5.24129250867644,52.94773572896557,user,bench,medium
1789122897440,-2.8535892498292026,-2.9851199728816744,7.235875382885337,41.310203289003965,1.2187398953527593,57.837536457669394,user,bench,medium
1789122897457,-3.2621002003543076,-2.9459155052185055,7.926005764991045,25.2261408597359,0.09570887951844992,66.47436530466388,user,bench,medium
1789122897473,-3.2628483883731065,-2.8037597816467286,7.728184268298745,20.232688595282543,-1.9156898369399216,80.73259693292977,user,bench,medium
1789122897490,-5.918317158563434,-3.573795475116372,6.637476359015703,35.05979131159316,-1.3071084559475612,78.83729457033209,user,bench,medium
1789122897507,-6.497863597925007,-4.265121204486489,6.848315158191323,45.51303725136625,-4.18491538796158,71.86305671072378,user,bench,medium
1789122897523,-8.587103675488382,-5.50367106628418,8.480712362128497,37.56038845353194,2.224507662195351,46.75603947275478,user,bench,medium
1789122897540,-9.139117088019102,-6.8966481042057275,9.470714164081215,32.85208975673745,3.8966878082893897,25.153411297906313,user,bench,medium
1789122897556,-8.436418316241353,-6.994958256310224,9.681102881401777,23.56048824005428,8.076988976579804,6.16861619323167,user,bench,medium
1789122897573,-8.059182209423929,-6.6522881437003605,10.830468731358646,-0.5485186184219725,15.685966561041164,-24.109901826700934,user,bench,medium
1789122897590,-6.938995399939269,-5.486462741851806,10.268881727057694,2.0146392143327194,4.487799699818973,-39.66784332193938,user,bench,medium
1789122897606,-6.344335270337015,-4.882075875744223,9.366714860424398,20.30573063826666,-3.8592148291817607,-48.634621532264255,user,bench,medium
1789122897623,-7.236175534875691,-4.266317720794677,8.447492229571939,40.417985923008956,-8.724234777803137,-67.39816205028644,user,bench,medium
1789122897640,-6.846968419757485,-3.9164655877262353,9.054722210150956,39.63743873484907,-5.489126776483999,-72.94976712842949,user,bench,medium
1789122897656,-6.227019388989358,-3.8950659490838646,8.962992020958662,35.87716004956859,-2.516062184323573,-74.02994788528866,user,bench,medium
1789122897673,-5.037101163891703,-3.2399531043455,8.853009551239014,25.733220933906818,2.335897802274504,-58.91186374240987,user,bench,medium
1789122897690,-4.099621576336771,-3.222594557787478,9.357436159947515,8.115711026531898,6.079871972232517,-40.858632162217745,user,bench,medium
1789122897707,-4.6857522163942456,-3.3967733130857347,9.582342647442221,-8.856847169407166,-1.6179917730966846,-35.34870489839012,user,bench,medium
1789122897723,-5.937021785968169,-3.7373479147210715,9.333644949993491,-25.134988570167497,-20.148477485458166,-44.88611467801829,user,bench,medium
1789122897740,-6.055534475884959,-4.053233188518882,7.32206781169474,-27.580238981714373,-16.935281584770074,-66.85406918100323,user,bench,medium
1789122897757,-6.056582304437458,-3.6445734771728513,6.351219038501381,-20.89025139724718,-7.00110782380315,-81.12213628167393,user,bench,medium
1789122897773,-1.355716836193949,-2.851791698887944,5.05670179028809,6.1452876821214915,-2.329935900902729,-57.40008333189759,user,bench,medium
1789122897790,0.7935279204770922,-2.4824872618526217,5.206040703362226,24.735330296167955,1.438617665278927,-35.039710555433324,user,bench,medium
1789122897807,0.591367590862885,-2.9771885953605173,5.722589127019047,42.10361855356015,-4.99461083529132,-27.446693415514993,user,bench,medium
1789122897823,-1.1764510234223677,-3.6610324445426463,7.285105570000409,49.80797631468616,-9.651346726494097,-36.01692621055456,user,bench,medium
1789122897840,0.24914631799906492,-3.7473742186948655,8.806921169281006,41.129251087322814,-8.794076877161102,-24.072392135326517,user,bench,medium
1789122897857,1.4935325943326576,-4.021660530908406,9.613169747382402,13.579934079528384,-0.7181648826751922,-5.773037676600742,user,bench,medium
1789122897873,1.9090761469082906,-4.169053570611775,9.714922733417152,-12.369773968990218,17.004201608590087,14.94875180052313,user,bench,medium
1789122897890,1.2256815027983858,-4.556014660368859,7.898767629453539,-8.516305036447731,16.004751980173168,23.66854695536576,user,bench,medium
1789122897906,0.7228988253720104,-4.74695399633199,7.350798816138505,9.193198127537151,8.700109695881006,26.985686382390394,user,bench,medium
1789122897923,1.0883139998838305,-4.501997238977253,7.390004452845454,32.18509787862361,-4.8071989822026335,39.03045689878296,user,bench,medium
1789122897940,1.3102266393247992,-4.607790440313518,8.40858528355062,40.1086193347424,-11.957986132798382,46.44219911058186,user,bench,medium
1789122897957,0.788440168884024,-4.980088798467815,9.017759968456625,34.35413031749329,-11.770364251392715,47.69040593611793,user,bench,medium
1789122897973,0.8476962946467101,-5.188235874341428,10.483613442018628,15.792302361134507,-10.381661288403125,50.90069046867231,user,bench,medium
1789122897990,0.5319616813659668,-5.566966311369836,10.536879752781987,-9.537194628669319,-4.299477724023381,52.301381267428916,user,bench,medium
1789122898007,0.1901893213134259,-5.801897641533613,10.168022474992275,-13.433254059555068,-13.414208077054488,49.35976564097158,user,bench,medium
1789122898023,0.06180025728754699,-5.76239302188009,9.274835618150234,-5.228892727125105,-25.92047740019189,46.46053475340876,user,bench,medium
1789122898040,0.5662284003660083,-5.463718118341267,8.798093719702958,5.073614779647212,-31.117515405688522,49.325898147972076,user,bench,medium
1789122898057,0.6575074117247015,-5.483768972723186,8.935908783721922,0.7542962098585894,-28.561593731472634,49.248761406580535,user,bench,medium
1789122898073,-0.5735610082764179,-5.893924183323979,9.501537172368169,-10.067861053591583,-30.1394767127723,39.20932247767267,user,bench,medium
1789122898090,-0.11372509031407535,-5.7713733239322895,8.990079934370517,-23.427574466353125,-28.559609561518748,30.16357703525869,user,bench,medium
1789122898106,0.4589383846007287,-5.633256062096357,8.473676472142339,-26.85181808975273,-25.53792362742135,27.326678454061405,user,bench,medium
1789122898123,1.2042829966671764,-5.3977285196051,7.086241286256909,-23.033443522939415,-15.474997385505102,23.18912060959693,user,bench,medium
1789122898140,2.5709231587398795,-5.411794162097573,6.116439976289868,-6.060434107628307,-1.776986090535005,23.080957733900608,user,bench,medium
1789122898157,3.43807329172343,-5.42062161167562,5.917419040679931,16.70351106811674,-1.9214257017388514,24.233425797840614,user,bench,medium
1789122898173,4.035726173400879,-5.716604207390547,5.9003586002856485,36.89690046246232,-7.56009818943981,14.295083913932691,user,bench,medium
1789122898190,4.307617480236664,-6.512528083093464,8.047960412055254,15.937974928205247,12.147316415270197,-13.323685872437016,user,bench,medium
1789122898206,4.979190899780019,-6.387430169567465,8.818891593059897,-6.924131164970283,29.28620167033012,-24.812731707389833,user,bench,medium
1789122898223,5.9015573816161595,-6.190806065966188,7.396886029052734,10.191292817177468,29.46916877781642,-29.98517249413796,user,bench,medium
1789122898240,3.626766163934022,-6.331167307336628,6.565801115858554,68.183476710487,7.845052827839096,-53.17847659460152,user,bench,medium
1789122898257,3.061285878521576,-5.8713294896781445,8.451081193974614,80.45898638496823,-12.263099220759313,-68.19473286223918,user,bench,medium
1789122898273,3.7856813721921294,-4.942978672735393,12.690765174865723,52.38150963167693,-17.82584433743865,-71.33631935212156,user,bench,medium
1789122898290,4.574121906402334,-3.8857890021726487,13.77698512507975,-2.748204305956439,-4.1762197033745085,-53.67033559220707,user,bench,medium
1789122898307,4.516661285754293,-3.8048347662776707,12.33477673099935,-16.292535170662486,9.340230756026369,-36.096470593628524,user,bench,medium
1789122898323,1.3721766803465782,-4.609136594225466,9.313294235882163,2.026679770622394,-0.09023472302252271,-36.00209786986646,user,bench,medium
1789122898340,-1.6864161596987395,-6.094290103802084,8.4075378203243,39.637790489591325,-23.749749366860748,-49.6587332662268,user,bench,medium
1789122898357,-1.4441528426790609,-6.320243177740275,8.804377914538978,53.81401545158745,-31.10714034833927,-49.196752931145475,user,bench,medium
1789122898373,-0.6937203146227635,-5.517737001037597,9.891645327979326,41.63092506676567,-15.46048664861341,-36.76003030168444,user,bench,medium
1789122898390,-0.22924510122090577,-4.775833469335734,11.408519379204511,6.83403627406276,4.718894027744477,-11.085017093658113,user,bench,medium
1789122898407,-0.9244614448213949,-4.766107901874184,10.742036999189853,12.230594350499223,-5.08615842205794,-7.244751770554906,user,bench,medium
1789122898423,-2.9170356486222704,-4.487482099151611,8.485949678260088,30.08092150101778,-14.330665784413874,-13.94554215296812,user,bench,medium
1789122898440,-2.4371479127302065,-4.016571683336794,8.662518543565273,36.92451833237127,-16.631964836560854,-8.09489004862076,user,bench,medium
1789122898457,-0.9485530761938309,-3.370287749481201,9.243265006366371,27.326055199299642,-4.63654329069528,11.587116252376799,user,bench,medium
1789122898473,-0.9394252691294531,-3.40590237595886,9.325119698232411,21.229465912186694,0.3568031591867952,23.988172487765674,user,bench,medium
1789122898490,-1.3672391052133868,-3.452887122234702,8.70292186562419,26.789525056974924,-2.6804740157124773,29.91213728134301,user,bench,medium
1789122898507,-3.3774706741220784,-4.546587783592939,7.717408022740483,45.69856909488589,-12.48858084073436,16.469624900367993,user,bench,medium
1789122898523,-4.099023204018245,-4.796333528789877,7.452102304840087,58.298710830428654,-9.029322252554682,2.084998060190079,user,bench,medium
1789122898540,-2.859126021548116,-4.053233480779826,7.919719816589355,54.68588909913958,-8.93169579742675,1.9425491289641736,user,bench,medium
1789122898557,0.3172314003102947,-2.9399291242852805,9.494504789513348,18.03008065400037,13.61307330360764,14.782069571565431,user,bench,medium
1789122898573,1.193060212917812,-1.638831036376953,8.250120814734696,7.587479564048745,21.474405033559815,26.669962595553848,user,bench,medium
1789122898590,1.2198453987897373,-1.1537050482049584,6.953807915276289,25.919273579350673,20.702841251705788,37.91046296925178,user,bench,medium
1789122898607,0.6106706956174224,-0.09217705617696047,5.4729971110790965,62.47074063963419,22.039983970424597,56.56735691357339,user,bench,medium
1789122898623,-1.0338464601045474,0.36436800354644655,7.0079773123592135,68.5002813747597,27.88577895649843,67.01326723017789,user,bench,medium
1789122898640,-1.4841059002198278,0.506972932190448,8.732100029313564,43.24692733382317,34.84862235302388,83.12249378389556,user,bench,medium
1789122898657,-3.4569284335147588,0.22071546554565427,10.957664786207676,-1.4740691218356436,38.088768472629546,89.68837512359633,user,bench,medium
1789122898673,-5.919663750866801,-0.4999385035090148,10.346540136277675,-14.579677406079613,33.641717681398866,83.14898125749687,user,bench,medium
1789122898690,-6.691344654260202,-0.6359589391961693,9.795424257108568,-16.83861904008876,29.265557423563756,75.34158326255206,user,bench,medium
1789122898707,-6.664110610375926,-1.3751687017694114,10.034695370042323,-23.55565929631108,19.947685291785422,63.87619549533688,user,bench,medium
1789122898723,-8.338704960986226,-2.437296267125755,11.259029659482836,-39.15380328500422,15.036994429505109,43.99819008591663,user,bench,medium
1789122898740,-9.290999255835265,-2.6608555777952074,11.193192036437988,-44.84017482566078,20.88875729336624,14.361666305509269,user,bench,medium
1789122898757,-9.015666064917296,-1.247229573468119,9.883266206690669,-27.809550630266504,17.357872218907932,-19.156679376458953,user,bench,medium
1789122898773,-6.250961697851866,0.19482816009521484,10.606914242994785,-19.73598699355546,5.391334262381871,-28.03492296721483,user,bench,medium
1789122898790,-7.204901421820372,0.39758711318969725,11.28761394893229,-19.102196664997052,2.927663684417116,-47.98782993862073,user,bench,medium
1789122898807,-8.310723459735513,0.40222587890625,11.08335861980021,-4.278681078661162,-0.5496299649051276,-68.34782472229584,user,bench,medium
1789122898823,-7.9291470586914565,0.9386769806459545,9.651775080108642,20.745671660443644,-16.874641457771407,-78.50232160286716,user,bench,medium
1789122898840,-7.445368977997079,0.9925462257385254,9.134329415351152,40.93124390328415,-25.60910615140393,-88.17311131660735,user,bench,medium
1789122898857,-4.911704925006255,1.132457969775796,9.708337509807944,35.652562939091055,-26.429145493344834,-75.48508553701403,user,bench,medium
1789122898873,-1.4945808978091923,1.2388494292661547,10.98684411894083,14.978504104547705,-18.507879707199443,-51.3729741441166,user,bench,medium
1789122898890,-1.366939948736876,0.6304232246398925,10.991481715613602,-7.009167447023765,-8.913520664045347,-40.33550455859188,user,bench,medium
1789122898906,-2.7207110576905307,-0.9232628461539745,10.258702278348803,-19.09267708884135,-12.5611046431152,-43.705864819629255,user,bench,medium
1789122898923,-2.305915693133697,-2.2798782386228442,8.691849851989746,-16.815348585586527,-18.46787187413609,-45.78856708248457,user,bench,medium
1789122898940,-1.7067668738100676,-2.468870824432373,8.377312193408608,-14.766935579911975,-21.28153073668241,-40.60621569125075,user,bench,medium
1789122898956,-0.7776668824678287,-3.1223376555293796,7.898470107811689,-12.887949685467822,-19.290641584197704,-34.09992433696376,user,bench,medium
1789122898973,-0.861164738431014,-3.4802713882446286,7.982270088526606,-8.34037387758019,-21.871069977155596,-29.781492837993593,user,bench,medium
1789122898990,-0.4930561053178273,-3.510497015160322,7.888443219316005,-2.22522589927526,-20.82723436441735,-25.71155557385954,user,bench,medium
1789122899007,0.47375226991092784,-3.1112653496339915,8.82847073778808,-5.118978761680321,-24.83135421816187,-14.162894994057204,user,bench,medium
1789122899023,1.1911149240689352,-3.1301188109248876,9.957183675816655,-27.252482109107557,-25.499152058597772,1.9831163972092296,user,bench,medium
1789122899040,0.6973109138600994,-3.206434281103313,9.521440142711997,-42.62023357181241,-12.823128628923461,5.279279032632289,user,bench,medium
1789122899056,1.0538973373193525,-3.227981803783774,8.143876362499594,-47.2506134705554,-5.915211479269142,12.245246813816193,user,bench,medium
1789122899073,1.2967592184538022,-3.3750761528015136,7.497742358508706,-38.58845145192934,-9.323907457683685,18.256311887236823,user,bench,medium
1789122899089,1.4613606191221624,-3.362954337853193,7.664585364091396,-31.871831252340975,-16.402229716280182,25.034151072356014,user,bench,medium
1789122899106,2.1158753221541526,-3.3984190344661473,8.47756821888387,-32.44815578431748,-17.606774557546952,38.02365286417723,user,bench,medium
1789122899123,1.1736074248937423,-4.219481150817871,9.442433241492509,-49.1289633036331,-16.67638326428074,43.39287823110259,user,bench,medium
1789122899139,0.7706332734870142,-4.600758641980589,9.53655704782307,-61.43749694275134,-15.08211295161492,41.00011953087456,user,bench,medium
1789122899156,0.22999265905204228,-4.770446515600383,8.658031169018148,-67.69685988306944,-12.918770914097504,38.75246819956344,user,bench,medium
1789122899173,0.9961372405343921,-4.424185100500285,7.995586666217446,-66.00878545988996,-17.252081126400896,46.715123224531816,user,bench,medium
1789122899189,0.905007976377313,-4.2610809891849755,7.538595177900791,-54.33755286656351,-22.422216724304143,50.554328160766374,user,bench,medium
1789122899206,0.3462610817399574,-4.3426323141902685,7.056608364537358,-38.331387037232155,-28.398123398972135,50.776422006913094,user,bench,medium
1789122899223,0.43484667331319066,-4.293101390562951,7.631516038182378,-26.288414568138595,-34.17200673836949,51.74011047238312,user,bench,medium
1789122899239,0.8198641918252717,-4.32527522893697,8.20298555407226,-28.06675335629438,-34.804021217743696,54.01246659792217,user,bench,medium
1789122899256,1.0351926003167637,-4.530726782116294,8.798541463470459,-39.12589513205555,-26.574102598100012,56.53527551504184,user,bench,medium
1789122899273,1.1171941259081242,-4.8918014432057735,8.547746501481532,-54.53924152256482,-10.549659182549696,56.80670723265815,user,bench,medium
1789122899289,1.2714704314523608,-5.111321561487019,8.313717380854486,-59.498016916602026,-5.654425892134769,55.51162823394286,user,bench,medium
1789122899306,1.7603365423010195,-5.600635648998618,7.726686723217368,-54.83968446868076,-3.3728712093310027,52.05290240051844,user,bench,medium
1789122899323,2.5222912297789004,-6.296451383264363,6.4755684717476365,-31.014010719006148,3.102869776015579,48.51471756138468,user,bench,medium
1789122899339,2.9596818907697684,-6.695982323998212,6.392517848095298,-11.997002734658432,8.66821868887257,43.8588713023213,user,bench,medium
1789122899356,3.135506093453802,-7.792975597161054,7.128435583385825,-0.4125017510426625,10.10593338179888,30.124504938111635,user,bench,medium
1789122899373,2.9237688841337337,-8.30653243778646,7.873632019153237,-2.093028228219898,16.531089772708935,6.310185097271701,user,bench,medium
1789122899389,4.201524455703608,-8.789562622722983,8.661922915759682,-7.43691572775863,24.148307980403917,-16.829673199823336,user,bench,medium
1789122899406,5.826887815481237,-8.33705850895345,8.358606908416748,-3.5552323509718775,25.501595558773346,-24.891425731912133,user,bench,medium
1789122899423,5.925050266210735,-8.1717095413208,7.993043411475419,4.298223957423861,29.295401935142124,-31.808132908141435,user,bench,medium
1789122899439,5.018395951965078,-7.4395321616023775,7.738957006725668,17.112050295584588,25.593070574780032,-44.86941828059219,user,bench,medium
1789122899456,3.971980042742565,-6.643012073571979,8.058285406714678,26.254502678909482,12.607384297383915,-57.97755533565466,user,bench,medium
1789122899473,3.4304416643338276,-6.298844708141684,8.474276776123046,22.086738322840628,7.51742999769474,-63.31086756792409,user,bench,medium
1789122899489,3.8845919013425707,-6.094439741405845,9.044695321655272,5.74350436551643,19.707984925505702,-53.64316509968875,user,bench,medium
1789122899506,2.40123422567416,-6.795342569677532,8.657582256206869,-0.662562447076234,28.929863871141382,-45.747155645546776,user,bench,medium
1789122899523,1.3423985780026764,-7.131578849847615,8.078785173907876,7.9991009143795635,27.14672345999908,-45.146918621286055,user,bench,medium
1789122899539,-0.9858127162324264,-7.111825224846601,7.4386331669360395,35.91821290157495,7.269280687411714,-52.128044726672336,user,bench,medium
1789122899556,-1.6831240228181703,-6.5023527260378,7.717410360828041,53.7437601257847,-5.489614281236008,-55.513127460465675,user,bench,medium
1789122899573,-1.7284642898226157,-6.193051799066365,8.064421132990718,59.2280468594681,-5.847372759772107,-48.2354447866012,user,bench,medium
1789122899589,-0.7773676529260818,-5.585072461424768,9.481036820653081,47.222339902486134,-0.29758573924790205,-29.229121779436323,user,bench,medium
1789122899606,-1.5550343253313563,-5.152771177728474,9.873390124842524,35.75981739962777,2.665594662049016,-18.759500461128127,user,bench,medium
1789122899623,-1.793556702257041,-5.044284207263589,10.273820352503657,26.27801560512725,-5.936468308626691,-17.336910368345162,user,bench,medium
1789122899639,-3.1061776277236754,-4.662109182739258,9.769092130500077,23.500660905566846,-15.78520920968145,-20.505443662050542,user,bench,medium
1789122899656,-1.2660839994484616,-4.230404403631389,8.905382128033041,20.05074260107716,-11.882547547189237,-9.851075971977256,user,bench,medium
1789122899673,-0.8800190376888378,-3.8923724722161888,8.457066698125004,19.659316412574775,-2.086751497816068,5.536686664335267,user,bench,medium
1789122899689,-0.8057988421645655,-3.5648163421079513,7.588421577343344,25.964557733547856,2.406745433544342,18.022572568555233,user,bench,medium
1789122899706,-1.3322238411452867,-3.5482065680906176,7.674464368548989,29.37616550698294,-2.6870655751483628,17.971745715846584,user,bench,medium
1789122899723,-1.5117890150331221,-3.6960491051271553,8.07549314662516,27.27347469552159,-8.715600564918594,13.557618997736306,user,bench,medium
1789122899739,-0.3895069114863552,-3.119794693048298,7.905206138068437,22.63056139965163,-3.068582653268938,21.768031450884077,user,bench,medium
1789122899756,0.6171051810777513,-2.469168930596113,6.962037398961186,19.357060051234203,13.750906521058496,34.97951951337259,user,bench,medium
1789122899773,0.5235816193623933,-2.1639079266652463,6.905173940488695,16.245989139016142,23.75466198042128,42.808381377784166,user,bench,medium
1789122899789,0.17357932810038326,-1.5538365851804614,7.684189643749594,17.49382371924245,20.082634461859243,62.59253657291385,user,bench,medium
1789122899806,-0.25483324106168,-0.8919900482729077,7.2457538028210395,20.339999404879908,26.11133679126414,82.84900617933909,user,bench,medium
1789122899822,-1.403301849917881,-0.6012441841676831,7.355438750898838,20.124638417707526,37.05997464399096,93.1984298286334,user,bench,medium
1789122899839,-5.388001490838826,-1.0901096511289476,8.32478822544515,12.063526215853418,54.11058909553858,87.57204783945706,user,bench,medium
1789122899856,-7.201908450549468,-1.418713536724448,9.498844280022382,5.8950812042378224,58.91781966736612,80.86254811207843,user,bench,medium
1789122899873,-8.179191859900206,-1.7670695860162375,10.08736839108765,4.414677828998932,49.86246414878993,67.46576043250207,user,bench,medium
1789122899889,-9.196427997998148,-2.675819338171184,11.358989916881919,7.944420127431734,23.750586065034074,42.84501851249212,user,bench,medium
1789122899906,-11.35973942007497,-2.973748099517822,11.994053660804033,-0.8288798478827188,22.20850181272174,7.518084842081415,user,bench,medium
1789122899922,-11.007491770172118,-3.0210324132621285,12.224193372777103,-22.399345835868356,31.88429976267083,-27.732229473767376,user,bench,medium
1789122899939,-8.141781874438374,-1.7459706838861107,11.79877424980998,-26.397902500533903,26.44999123069171,-49.86734431895191,user,bench,medium
1789122899956,-5.87671790471822,0.0011973930910229682,9.44243207244873,14.749697889994156,-3.436362726864737,-62.14153918201791,user,bench,medium
1789122899972,-5.565023214478045,0.45310237192362546,9.04619403578043,46.558090345324054,-24.91152014845031,-67.36358763270783,user,bench,medium
1789122899989,-6.3699237389713526,0.4174892067506909,9.398888114276527,56.91772512742753,-27.89821502342973,-77.00503485377365,user,bench,medium
1789122900006,-5.47239717242457,0.06359598159790039,10.608559087592363,39.8531975805406,-24.744115626987885,-81.5312646129577,user,bench,medium
1789122900023,-4.0590700049135835,0.03920505218505859,10.757448503333329,27.570972122557958,-24.54697246187922,-70.70755945788687,user,bench,medium
1789122900039,-2.677466009399667,0.005087970788776874,10.21396531099975,19.284323659215442,-23.03435535319361,-57.52472062387198,user,bench,medium
1789122900056,-2.851195194299519,-0.8857046843931078,9.779864868927001,5.058928592271215,-20.67331263637653,-50.867434277603515,user,bench,medium
1789122900072,-3.5018193493165075,-1.668458405138552,9.520243041881919,-7.264201587990164,-15.816505136458447,-55.79869083947474,user,bench,medium
1789122900089,-2.798971451391652,-2.3708567326650023,8.914357461649178,-13.385203678744029,-18.281530653199805,-52.499692394885656,user,bench,medium
1789122900106,-1.8866313465945421,-2.7805665375858544,7.739558479750156,-3.1525640979824763,-27.011255195548337,-45.062166218969956,user,bench,medium
1789122900122,-2.2782328095033764,-2.936487751659751,6.982090006908774,11.887287698473225,-27.373115202681028,-43.10471596511434,user,bench,medium
1789122900139,-1.2333132945847698,-2.8308430188834666,7.466465176713466,16.974551757403063,-25.813421015141106,-32.42573227327233,user,bench,medium
1789122900156,-1.2517188659776932,-2.9269106527581807,9.29548736103475,2.386414948592976,-25.566366242672576,-24.809152688264746,user,bench,medium
1789122900172,-1.5436618948450778,-3.133561060333252,9.705046651569008,-17.014890854641155,-22.313299112704534,-23.952394249345854,user,bench,medium
1789122900190,-0.9909005134912673,-3.109318891741335,10.142884526604414,-37.06507679530096,-22.820379186875453,-20.944261118109058,user,bench,medium
1789122900207,-0.0830492308462737,-3.131615186962485,8.566454124560952,-46.121839332846164,-17.991843547479345,-10.758568202277353,user,bench,medium
1789122900223,0.5187932799741626,-3.017741847284138,8.187273605677484,-47.35935691233117,-16.29135696303066,4.3340559835833945,user,bench,medium
1789122900240,0.75312577659511,-3.4657559561580418,7.452550048607588,-42.849287380723375,-22.714070707538788,8.707392385083532,user,bench,medium
1789122900257,0.1286880104398355,-4.030936893297731,7.218066754472256,-38.46465085812827,-26.86406803402915,7.322737162950819,user,bench,medium
1789122900273,0.7466913139676675,-3.9035958770200607,7.2460519089847795,-41.52941479532094,-22.005744232115322,15.48794400907686,user,bench,medium
1789122900290,2.3467664301665496,-3.4859579094484445,7.031024425947666,-46.378838860746235,-12.455024975115734,32.7737269963899,user,bench,medium
1789122900307,2.1740843979657627,-3.8829453031793233,7.255625208494067,-54.003966427500096,-3.767554117407013,46.14820386304242,user,bench,medium
1789122900323,1.6060601636915466,-4.374505416052044,7.697658197131752,-60.06431473087695,-5.591206088063955,48.53130809087864,user,bench,medium
1789122900340,2.2861630179807544,-4.465186388452351,7.987956317469477,-60.92728864194055,-7.246893034859705,57.72812365735496,user,bench,medium
1789122900356,2.3407806154889053,-4.758625729425251,7.167941664344072,-48.67194510098379,-4.533226007328259,72.90915482362459,user,bench,medium
1789122900373,1.7622817986130335,-5.345502950066328,7.08743371091187,-37.78173780905913,-3.2114012684836704,73.17490382385145,user,bench,medium
1789122900390,-0.20365703444536773,-6.313359847967326,8.270470359802246,-36.111524330559234,-4.895177795127921,63.88172111837542,user,bench,medium
1789122900406,0.35164806744134985,-6.693738052202761,8.861836416295171,-44.94492943696127,-1.3705356202927095,58.51043303432071,user,bench,medium
1789122900423,0.7200558570310474,-6.643908730150759,8.571091721233724,-49.835208278907,10.642924561892576,59.75151938764705,user,bench,medium
1789122900440,0.4249704658841714,-6.254253871265053,7.241265259230136,-36.89656919828757,14.800835516310041,59.1642938737552,user,bench,medium
1789122900457,0.1663965769894421,-5.717952114868163,6.761526517054438,-2.621058627009359,9.234687257876747,56.12872899526434,user,bench,medium
1789122900473,0.6386530005857348,-5.551406046405434,7.542634224158525,4.859191235938416,7.842661407855945,59.073705074793324,user,bench,medium
1789122900490,1.257404346001893,-5.96275981914103,9.49286111395955,-13.606109925748813,13.177195390213168,57.20601716701002,user,bench,medium
1789122900507,2.5610476614136246,-6.437259491619467,9.688285486382245,-51.880276199435535,28.799724861790544,52.77588475435346,user,bench,medium
1789122900523,3.330783129827678,-6.813897340282797,8.715193318176269,-64.36527802104482,43.571392055250044,46.57698606366289,user,bench,medium
1789122900540,4.068496881689503,-8.065166982921957,6.718278326958417,-54.25220623778962,44.47615989384496,28.93401662615675,user,bench,medium
1789122900557,3.8257840308040376,-8.915409601050614,5.701942060309648,-17.022672147653093,29.128704338258792,-9.837283258722062,user,bench,medium
1789122900573,4.135085688427836,-8.917053276604413,5.82269785297811,9.802233289222494,17.70797064028986,-32.350036701795666,user,bench,medium
1789122900590,5.211129404803365,-8.42055746089518,7.289746089282631,23.260026510918127,18.769785018470873,-41.67828559847054,user,bench,medium
1789122900606,4.668244324493408,-8.52350696323812,8.029702286309004,24.1233709597442,22.072152453868064,-50.469753343368694,user,bench,medium
1789122900623,3.2519241126462815,-8.787766971477865,10.009408368572592,13.325214981037453,19.586860058311988,-62.13341808709476,user,bench,medium
1789122900640,1.91775545671992,-8.274060493248701,10.077643700408935,6.364125235581407,15.43381475990451,-71.3353972765836,user,bench,medium
1789122900657,1.8151036221493035,-7.711424856677651,10.019585479193925,3.3302809244311535,10.49356796153826,-72.47375758479296,user,bench,medium
1789122900673,2.3539486332882196,-7.088482927703857,8.868722668677568,10.900099967163772,12.692377463868262,-60.18972383422756,user,bench,medium
1789122900690,1.264288187231496,-7.175420621922612,7.903705670377612,22.850341519217007,17.33037899995134,-52.23359163991654,user,bench,medium
1789122900706,0.24316066771820186,-7.336881349945068,7.727736524531244,39.52307404738637,9.156946044743663,-57.95693499455039,user,bench,medium
1789122900723,-2.0130749756410715,-7.9925921605765815,9.236231454467774,41.773102284528655,-4.351308614540023,-66.57565701005517,user,bench,medium
1789122900740,-2.1546319296021013,-7.953386523869633,10.741883269932865,29.029287519794675,-4.376213618688006,-67.55386304260605,user,bench,medium
1789122900757,-2.1507414980348196,-7.602637149700522,10.684273961529135,26.036028833022872,-1.5065073977513266,-60.84406961709312,user,bench,medium
1789122900773,-1.0950484957706184,-6.761674985614419,8.596981364771723,47.67840529374622,-5.672826421758784,-45.17396617039931,user,bench,medium
1789122900790,-1.799242620672658,-6.373512703374028,8.23590173524618,59.16528425118485,-9.095800483746416,-40.75693064547625,user,bench,medium
1789122900806,-2.7665004932345822,-6.458958113208412,10.52072239870727,37.80301043322914,-5.703008600814247,-46.47946803778804,user,bench,medium
1789122900823,-2.3132480635820887,-6.1864659909352655,11.07751983064413,9.282316728280184,2.16425600220573,-47.067158004543444,user,bench,medium
1789122900840,-1.3911811492144128,-5.148581617084146,9.838823838374019,-8.170162148368886,13.035987205538678,-42.64534476229596,user,bench,medium
1789122900856,-0.6564605147539637,-4.390816499383748,8.406492695185541,1.035217834996394,12.655389428191704,-27.248368627679916,user,bench,medium
1789122900873,0.3547903931882232,-3.149871559143066,5.854571831622719,43.28047380793169,-7.382131634199604,-8.554777784495121,user,bench,medium
1789122900890,-0.5349548261668067,-2.692578457531333,5.390545037841797,71.7083734165905,-21.75908390307136,-1.8157951186773118,user,bench,medium
1789122900907,-1.301997073441511,-2.941425792583823,7.258170801323652,68.66184949957635,-14.292045333525682,6.782736430754087,user,bench,medium
1789122900923,-1.171962105372129,-2.929603837364912,8.476220895928144,35.45789913265111,8.417339010468831,20.77420136060679,user,bench,medium
1789122900940,-1.0598834762239828,-2.6967691872194406,8.932468872401119,3.030529748412093,27.347042663071797,36.05311596787187,user,bench,medium
1789122900956,-2.651429066345468,-2.4923633437007666,6.976554000091553,0.4459398225785326,25.675652684487364,35.86251953908266,user,bench,medium
1789122900973,-3.1789014734681693,-2.5128634031549093,6.2650254406481976,12.149520005051171,16.35599787333566,29.050700162842663,user,bench,medium
1789122900990,-1.8489225608492268,-2.1481971473142503,6.584951806530356,19.30091760380399,6.995890839937729,35.81420619598858,user,bench,medium
1789122901007,-0.7580645390383899,-1.8595465019226074,7.011570368415117,14.22674872506036,10.96932222685456,51.225817718448674,user,bench,medium
1789122901023,-0.837222539166361,-1.757193504168093,7.773373071068525,-8.78838562203519,17.59877811357616,59.79328599442167,user,bench,medium
1789122901040,-2.3656212431643158,-1.7959508125856518,8.694394860297441,-30.03707851673547,20.284661212224464,61.20236085038447,user,bench,medium
1789122901056,-3.6204822613589465,-1.8113634857729077,8.01100050844848,-33.47299493342663,23.317762099972242,60.25202881983641,user,bench,medium
1789122901073,-4.7982795482911165,-1.575234177996218,7.203702129033207,-16.44041388883514,19.961711085246044,63.54203532038317,user,bench,medium
1789122901090,-6.296301818725839,-2.0239973516717553,6.818236246269941,10.72488427061179,14.72582467129767,60.97594690958773,user,bench,medium
1789122901107,-7.629872070367634,-2.468721479089558,7.306207394739985,31.159196635098525,6.326364961641815,44.49461506498233,user,bench,medium
1789122901123,-9.49405719187632,-3.341856020244956,10.409839765277503,20.567857930686117,5.104409541293861,10.960570193206834,user,bench,medium
1789122901140,-9.331102133642881,-4.439148568615317,13.236343878173827,-9.872865982976888,5.707714174265563,-14.787984515386661,user,bench,medium
1789122901157,-8.882937071990966,-4.1359821988761425,13.097028930985926,-40.0198337057214,8.537317259655628,-49.92251858706727,user,bench,medium
1789122901173,-8.240243783038482,-3.5495527220025656,11.68400162320435,-25.766921087271662,-2.6186277199950694,-67.16957610933362,user,bench,medium
1789122901190,-6.643012146637216,-2.0404586571291086,9.60209656470418,6.92010604911503,-20.832447506301364,-76.05959323867131,user,bench,medium
1789122901207,-6.463745932006836,-1.5408181136533616,9.153930772399901,35.29191870563063,-33.020071429184746,-84.21439514537049,user,bench,medium
1789122901223,-5.60961456281133,-0.9026137336179614,9.809343476867674,42.37645045995632,-38.00522501379653,-83.79081413380298,user,bench,medium
1789122901240,-3.0795422872347755,-0.5530602912351489,10.33636653278768,29.44216904002736,-31.183734089691796,-69.60505081263092,user,bench,medium
1789122901256,-2.220323129913583,-0.4454714386537671,10.219201458087563,15.308468835803728,-21.43881462534217,-52.588474608812064,user,bench,medium
1789122901273,-2.211793896097131,-1.153556579644978,9.010430063959955,10.855654218687206,-16.676671839773174,-46.83798125222742,user,bench,medium
1789122901290,-2.1663038270921446,-1.5898983709037302,8.514976450780033,8.563722770986898,-9.268103958391034,-40.25087168458625,user,bench,medium
1789122901307,-1.3831007916766218,-2.035370978601277,8.154352748328447,11.082312338746787,-6.164895447681305,-30.253711626640765,user,bench,medium
1789122901323,-1.8275243926447349,-2.8690011923640966,8.200290323638916,16.488448901720545,-12.916646725265629,-29.308129992660444,user,bench,medium
1789122901340,-1.373523830914014,-3.2080791257008907,8.670149476835132,17.179812602340284,-22.080283794074965,-25.4915159071057,user,bench,medium
1789122901357,-0.8031052979398751,-3.2456393332883713,9.069684801483154,6.291519044043702,-16.785633847602387,-16.916590772106332,user,bench,medium
1789122901373,0.093373435487831,-3.3417055058583616,9.15003668757081,-6.897522028624383,-8.157766208798959,-7.583308026013159,user,bench,medium
1789122901390,0.7359173973638098,-3.470096615710854,8.29261906324625,-11.022216065560784,-3.778844420105044,4.440323481785038,user,bench,medium
1789122901407,0.7214024858670309,-3.5265085310235618,7.848490563634037,-3.968656657800168,-5.539312872071137,7.680055948059097,user,bench,medium
1789122901423,1.296160476242518,-3.6206302915275095,7.299619833043217,9.160258686491119,-13.982912679238197,15.117554803218118,user,bench,medium
1789122901440,1.167023342928849,-4.0149253774344915,7.625082790264487,23.560715343844183,-19.799383101884228,24.363069618476626,user,bench,medium
1789122901457,1.12692050165385,-4.114585190582275,7.993343271204829,20.83002961933518,-13.764195507862404,34.26961014160897,user,bench,medium
1789122901473,1.7335512559643946,-4.1323917731687425,9.573964110675453,5.542448355786996,-8.523899353031139,45.197328832455334,user,bench,medium
1789122901490,1.2448348329518455,-4.554219885906577,10.24673360813558,-18.059037240986637,-11.704732963658063,53.05581664239185,user,bench,medium
1789122901506,0.9096466370625886,-4.66974099279195,10.31646706957519,-36.140153068465345,-12.942235175217435,55.816906953991165,user,bench,medium
1789122901523,1.0535981123441829,-4.682758587536216,9.510666235241294,-52.753816413145145,-8.96641962539345,60.96604996548037,user,bench,medium
1789122901540,1.3431468225328687,-4.60599537359029,8.443152739062905,-63.54046437687407,-4.704046477149339,71.0002125732544,user,bench,medium
1789122901556,1.109712158955168,-4.89344862589091,7.986907685199379,-59.91956253179687,-14.625308192377176,72.0282516659897,user,bench,medium
1789122901573,0.9377786070341244,-5.003281165745854,7.6343585681319235,-48.62513781460169,-27.874423767003286,73.25432526352036,user,bench,medium
1789122901590,1.0283093207761644,-5.311834781481325,7.786241320469975,-42.63267476138559,-35.50810785323987,76.19959845627824,user,bench,medium
1789122901607,1.0907082198102958,-5.573700588060915,8.265830425041914,-51.482472321795655,-36.27147028544801,74.68322132845454,user,bench,medium
1789122901623,0.3871122251981869,-6.090100543157756,8.571392165485024,-65.71335245753022,-27.98144770865551,67.59867591375051,user,bench,medium
1789122901640,1.2791020177427679,-6.535422051946818,7.473052153888345,-78.87861721481067,-14.122105104333889,61.27391391212953,user,bench,medium
1789122901657,1.7899646873807533,-6.696133130645752,6.707208066889644,-75.0150865598471,-4.62383145487624,55.082166429499964,user,bench,medium
1789122901673,2.903717554827779,-7.005884139472246,5.16444437212646,-55.235500761272164,2.3081294547604054,49.20791687534386,user,bench,medium
1789122901690,4.117577650396526,-7.504473712590336,4.389766405808925,-10.54394829062992,10.459377742100468,38.16034202494211,user,bench,medium
1789122901707,3.9951741635862734,-7.7036431167602535,4.70475648433268,21.88228685532005,12.311491111028854,19.951663876976955,user,bench,medium
1789122901723,4.762964562347158,-7.580641006469726,7.247699091669917,38.88937592638176,10.887476070030296,3.4843757550787537,user,bench,medium
1789122901740,5.2154686395840715,-7.444620424652099,8.573487091937661,35.924944053001994,15.999262215627772,-7.030886167923936,user,bench,medium
1789122901756,5.100846198571473,-7.118560670581459,10.232221098658442,16.133697413966548,31.04455190987986,-19.232359580009987,user,bench,medium
1789122901773,4.501697415780462,-6.728453099492192,10.2028880366683,1.1423189364418964,40.795039685950336,-25.30407502571304,user,bench,medium
1789122901789,4.129548512566834,-6.572832329669595,9.911098216468096,-5.14605619287119,37.53306086666272,-31.473959072809393,user,bench,medium
1789122901807,3.2519241857115175,-6.423194725909829,8.454226506263018,8.006726820587883,22.754162210419473,-35.83724442405903,user,bench,medium
1789122901823,2.4194901229307053,-6.673389383918047,7.171084054023027,24.589778964954984,14.917356836003165,-35.50420098503463,user,bench,medium
1789122901840,1.862688453210145,-6.94602851344645,7.052720124927163,39.038448220111874,11.97429918585731,-30.369575540626276,user,bench,medium
1789122901856,0.495898580468446,-7.701099862018227,7.49415222506225,47.859572646386226,8.683298892786311,-26.933570331475906,user,bench,medium
1789122901873,-1.9141643734253941,-8.432676645494997,8.822183620342612,41.56794389242898,6.633387514362589,-37.57337264314414,user,bench,medium
1789122901890,-2.7168206626558673,-8.538770583343505,9.86994729091227,21.166184209526527,6.141458934204876,-50.779543403363796,user,bench,medium
1789122901906,-2.469768942315876,-8.177246424920856,10.491543065974115,4.978468536961642,2.0706435638756506,-58.49268820285702,user,bench,medium
1789122901923,-0.9698015656953677,-6.895000629259646,8.864531646728516,10.293517697164111,2.344172149567151,-49.23923329268837,user,bench,medium
1789122901940,-0.23358466479517517,-6.421697765350341,7.93558198710978,29.377746695775798,0.7475682600827153,-34.857576731025766,user,bench,medium
1789122901956,-0.7673419243410229,-5.893477316339314,7.659201917487382,48.987578387813834,-12.180272078015507,-31.04553545712034,user,bench,medium
1789122901973,-2.564788930301182,-5.974730535180866,8.964041822272538,49.392256850853336,-21.282871161307025,-39.89950967820787,user,bench,medium
1789122901990,-2.5471316747912205,-5.783492800793051,9.644592475128173,31.595529609846448,-15.119188925977042,-43.32965800014495,user,bench,medium
1789122902006,-1.4299372611887287,-5.106682795770466,10.096201101362704,5.796703855188013,-4.927295052152614,-33.9941383670986,user,bench,medium
1789122902023,-0.23418316497786434,-4.17533864223063,8.732253758570552,2.528729623913008,-0.6312902125179191,-18.99954404441364,user,bench,medium
1789122902040,0.04115004420641344,-3.8506241652891036,7.787140899658203,13.709729018099782,-1.7841678210038618,-5.097150330866606,user,bench,medium
1789122902057,-0.6821981574844685,-3.7294165371999144,7.275078681504726,29.317320012188695,-10.098882065254488,0.03373342052156698,user,bench,medium
1789122902073,-1.4749780954387388,-3.3711841137990355,7.987053815671801,32.78860314840218,-12.130299852726756,2.5598106131745624,user,bench,medium
1789122902090,-1.015740329457569,-3.007864888653159,8.323441487011314,27.784591411491984,-3.3556721526706763,12.60526266987298,user,bench,medium
1789122902106,-0.7387611283231759,-2.3593358062192795,8.773252708435058,6.0508257390133915,20.646189955182408,30.950302129522854,user,bench,medium
1789122902124,-0.46672005145289003,-2.4618372725337743,9.772232182091473,-15.885088773461838,28.86411647019084,43.14498676046073,user,bench,medium
1789122902140,-1.2174517999177799,-2.610576466149092,9.655663904240727,-19.794560988330197,19.535703648975886,39.31181288126329,user,bench,medium
1789122902157,-2.330306805209629,-2.5857383774906397,7.7896870770096776,-3.6996795394168345,7.531124526980616,36.06389059128757,user,bench,medium
1789122902173,-1.3045408853059635,-2.2738927344724535,6.953958137401938,9.95707453148033,4.208767262316911,39.88876579064344,user,bench,medium
1789122902190,-1.2804493041658773,-2.2002716179445385,6.97146807512939,13.751878115467932,7.834466034625576,39.57576212664385,user,bench,medium
1789122902206,-0.7466919715547934,-2.2427686974123118,7.7434478884041305,2.095440565657382,12.090023080964837,46.36905119966561,user,bench,medium
1789122902223,-0.7971199536196887,-1.648258789935708,7.99244544558227,-5.217270306478682,18.731822827063944,54.20708259303793,user,bench,medium
1789122902240,-1.0651208288881928,-1.6165350334167479,7.213430911365151,3.145380233079504,22.071715321761186,63.34314704194157,user,bench,medium
1789122902257,-2.0588643015872687,-1.1643304871156812,6.399703960207105,31.53193371848446,14.197016057829648,75.3497043574752,user,bench,medium
1789122902273,-4.449025527246296,-1.680430290222168,6.880487827521562,51.77552500322964,11.185831539581148,74.70869793405868,user,bench,medium
1789122902290,-5.804442649841309,-1.9292761639699338,7.85986243699789,55.908137790735026,15.694014231430732,68.0039929994774,user,bench,medium
1789122902307,-7.013963693292439,-3.1429873525872827,11.110741132244467,27.320281981903687,22.994258727671053,49.80241995579635,user,bench,medium
1789122902323,-8.075642199707032,-4.849455170385539,13.53442198486328,-12.847597781625032,27.339092322877903,22.11784471186816,user,bench,medium
1789122902340,-9.265859992273151,-5.20963317489624,13.487587168452142,-40.57977602897363,29.8281840111598,-21.718949711508365,user,bench,medium
1789122902356,-9.639056029919534,-4.585494437353312,11.41510460281372,-37.67937376396815,11.940656235326767,-70.07136831783521,user,bench,medium
1789122902373,-7.685686312048137,-2.7323817678704856,9.252840059441327,-8.90215181417186,-10.470598035359506,-86.91421866011478,user,bench,medium
1789122902390,-7.240515171515196,-2.050184516851604,8.603564834815263,25.76365284175381,-34.5217909710496,-100.0755492284333,user,bench,medium
1789122902407,-6.9593461140505966,-1.1743559143066407,8.66282191042602,50.60552384369021,-46.64320474766617,-108.7988346099418,user,bench,medium
1789122902423,-6.265326469421386,-0.3040627340570092,9.629777767834067,56.87380359596977,-43.05215424435651,-112.7273203639122,user,bench,medium
1789122902440,-5.772271003424376,0.232088800214231,10.179396101921796,48.814696054637054,-44.096073526912086,-109.5584267777281,user,bench,medium
1789122902456,-4.2800847091341385,0.23867343930155038,10.84722697393596,35.10421486195492,-44.8708526203179,-106.34155794281384,user,bench,medium
1789122902473,-2.6580131049278775,0.567426085717976,10.624868417358398,18.275994784877508,-47.88377542171017,-92.21279938045471,user,bench,medium
1789122902490,-1.9868884497820398,0.39354602110534903,9.956738854658603,10.583093812310556,-39.421386191023224,-81.87152414684022,user,bench,medium
1789122902507,-1.413028038433939,0.13706775278300046,8.558674138209224,7.744947867816096,-26.468601788632704,-70.29358169229239,user,bench,medium
1789122902523,-0.06374602106045932,-0.3933966757625341,7.838764703911543,18.86306661951303,-31.052509080262926,-53.65819151586278,user,bench,medium
1789122902540,-0.4653733495516702,-0.8658022985711693,7.708429181993007,26.628327469920745,-32.960973217391206,-52.7546018848997,user,bench,medium
1789122902557,0.08619096750468015,-1.1852791671201586,8.181586207690835,23.33709836551255,-28.940098909612647,-43.73526878400616,user,bench,medium
1789122902573,1.1224311543453485,-1.2967585973992943,8.550740422600507,10.720714440123496,-17.52687329708885,-23.356603678234812,user,bench,medium
1789122902590,0.9094969903256743,-1.3202522857114671,8.761730028423667,-1.2944948040978401,-10.228215966056911,-11.989146309565626,user,bench,medium
1789122902606,1.0942992848385125,-1.7037728796258569,8.750058295330405,-11.455617181607481,-6.423524829472069,-2.446280916337903,user,bench,medium
1789122902622,1.527649931457266,-1.8418886801570653,8.454074530571699,-16.45145147453388,-3.0338916955876205,12.677834283578012,user,bench,medium
1789122902640,1.5942385920651256,-2.521842243902385,7.895626993340254,-22.15011735569647,6.118877048148344,21.606932901572865,user,bench,medium
1789122902657,1.292718820489198,-2.859723660930991,8.270618828362226,-31.46000841142964,14.031290909129398,26.319075287322782,user,bench,medium
1789122902673,2.2855646136961876,-3.261501211547851,7.811532998114824,-36.63365472656628,21.83568959725493,40.84218506669635,user,bench,medium
1789122902690,2.2071542901303616,-3.617339141027629,7.504625103759765,-31.149309936274932,19.423488763554452,48.45372055700188,user,bench,medium
1789122902707,1.9208976637357844,-4.023605527496338,7.140557982856035,-22.22052294566096,20.56593010979288,57.013860039995464,user,bench,medium
1789122902723,1.8216878593778236,-4.624399922069907,8.072797331669927,-21.823564303930866,21.450695739403407,64.98738531102791,user,bench,medium
1789122902740,1.6961419463559984,-4.935646430151165,8.794501832690834,-37.35655853322584,26.804259482561932,71.26510779983501,user,bench,medium
1789122902756,2.0633525803166908,-5.071817526355385,9.717018828913568,-62.42913112721047,37.220152825311516,79.65007342118527,user,bench,medium
1789122902773,1.632845194299845,-5.188834132495522,8.848671814295649,-85.46030361225085,48.80913969574725,85.0613317722629,user,bench,medium
1789122902790,1.2805982841825112,-5.186140363366902,8.065168736487626,-82.39673837325752,47.433389332744945,86.31942529662257,user,bench,medium
1789122902807,0.5232824080869555,-5.154865227398276,8.122776875847578,-69.67437040251738,28.648757190565753,83.44196905213374,user,bench,medium
1789122902823,-0.04294621147476137,-5.309589925163984,8.239941950547694,-49.06727986523871,-1.4389207549233465,76.96932662479281,user,bench,medium
1789122902840,0.1343743489805609,-5.40146799839437,9.539397239685059,-48.68716959264375,-25.14044247621975,78.54817949295463,user,bench,medium
1789122902857,-0.04474193578511476,-5.28624704349935,10.024821041759848,-63.34583130628539,-25.276887457721802,82.36597520123578,user,bench,medium
1789122902873,-0.34252069420181214,-5.172373119299113,10.059089222064614,-85.51989018257004,-15.943573975777364,85.24472918166691,user,bench,medium
1789122902890,-0.13332754334136843,-5.012710088348388,9.280075856891274,-110.2802753201609,2.5418073017394667,90.08589213329108,user,bench,medium
1789122902906,0.4613327323913574,-6.08456307503581,7.19577133603394,-106.67239864583091,9.150006572546928,83.91411270870005,user,bench,medium
1789122902923,1.0847224051326512,-6.799084971076249,5.824047514021396,-71.6389035625423,8.121032597668984,70.32775995889914,user,bench,medium
1789122902940,3.0883700656063855,-8.700081089240312,3.5384821696728466,-1.1991931746086522,13.9144562545081,45.01788610258076,user,bench,medium
1789122902957,5.002085672350972,-9.697713239941,4.2782887290954585,44.55199548419961,24.863234126112907,24.411106338909327,user,bench,medium
1789122902973,5.402366408538818,-9.691878542438149,5.910685933032632,68.29024622759263,27.82149833867215,1.6214209549468541,user,bench,medium
1789122902990,4.035725881139934,-9.138667736816405,9.835231366840004,67.78257192696393,18.61649849802286,-38.20568423574724,user,bench,medium
1789122903006,3.700836777795106,-8.021025643378495,11.988816344672442,50.79790636694737,10.737257158293268,-53.605018493174235,user,bench,medium
1789122903024,4.193592968584597,-7.6443875024542205,12.260260126936435,22.368787569521718,12.71061321517855,-56.336534085667395,user,bench,medium
1789122903040,3.700836777795106,-7.196820260564983,10.857256200519204,4.327738485487956,21.466978910384718,-53.58616375597041,user,bench,medium
1789122903057,2.255786730547994,-7.010222168676555,8.425644554901123,16.81762133103285,12.330319381249641,-53.27102224276061,user,bench,medium
1789122903073,2.0449473468504844,-6.653634882134199,7.690922166875004,39.660043245907225,-1.8163174147054062,-53.458760237382165,user,bench,medium
1789122903090,1.0678137212339789,-6.255000890240073,7.6485764785766595,52.92166831199821,-3.8055427757969773,-48.93661834641637,user,bench,medium
1789122903107,0.4231747781064361,-6.579565145055949,9.14270795211792,47.767388998253146,-0.6394210724771432,-45.64105207188521,user,bench,medium
1789122903123,-0.7460934576723725,-6.988824575860798,9.684846744105219,37.99183442792872,1.6115219831270957,-46.89112695415929,user,bench,medium
1789122903140,-1.3100774401124566,-7.289146369823813,10.544961936950683,20.125133606422352,0.972302401230468,-38.07117390532759,user,bench,medium
1789122903156,-1.715146360424906,-7.490258724755049,10.814906420567631,8.292140789208851,2.336667052329777,-29.255196026592845,user,bench,medium
1789122903173,-2.316689965930581,-7.429956524005532,10.023775916621089,19.714166246704565,-6.551286932991743,-27.270734082117123,user,bench,medium
1789122903190,-3.0786447173405436,-7.088034891675412,7.522882644984126,56.54244379857577,-26.822496087645867,-33.19298449821279,user,bench,medium
1789122903206,-2.664746740014851,-6.39356618810445,8.481310912543535,62.38420897303929,-30.501910455795272,-29.204840456936925,user,bench,medium
1789122903223,-1.9705776769775896,-6.038175125609338,9.450211474278568,47.68139008641352,-23.757081574934755,-22.620567125348607,user,bench,medium
1789122903240,-2.726547070367634,-5.530156337627768,10.729314880260825,21.45626405112426,-13.83684139987466,-22.587596094677664,user,bench,medium
1789122903256,-2.2061075575564058,-4.412214092199505,9.649381462970375,17.7085990176935,-14.879519295548588,-16.478343636843512,user,bench,medium
1789122903273,-1.7054200257783754,-4.030039359936118,9.202412771496176,21.614540024760966,-17.802261401781887,-7.032986024206892,user,bench,medium
1789122903290,-2.0374659050539137,-3.5884584989801045,8.46589590126872,37.30562922767964,-31.875277082777245,-4.161688049028483,user,bench,medium
1789122903306,-2.2788312868531793,-3.1268270759031176,8.5923408454895,41.37344059543453,-39.681278304036795,-5.731792725523974,user,bench,medium
1789122903323,-2.0617071420640682,-3.117848527416587,9.235483266448973,23.834039023860583,-28.694475061775233,2.446381661628161,user,bench,medium
1789122903340,-1.7441761286195367,-2.6996114249080416,9.840168238720297,-5.020151047032114,-11.995344706237413,16.035405869168187,user,bench,medium
1789122903357,-1.2618942595659755,-2.466326400646567,8.51063754479289,-15.186061600593344,1.333206928931297,26.53111851010583,user,bench,medium
1789122903373,-1.5483005418306215,-2.1553788755118846,7.857168960130214,-10.962943683943413,-1.4442452075464887,29.173582096200363,user,bench,medium
1789122903390,-1.9270334448107518,-1.8737620742797851,6.863429140692949,9.304533626102945,-10.11481177394625,28.378341463588487,user,bench,medium
1789122903406,-1.6409262368242254,-1.872415628106892,6.355261007368564,20.63297695423302,-7.849337917769632,31.25508907595092,user,bench,medium
1789122903423,-1.2897268721316009,-1.7735054642826318,6.512380491316318,21.202233947965855,1.7857794254828676,39.53506444447433,user,bench,medium
1789122903440,-0.9112932626252993,-1.4784186483636497,7.441926363262533,9.663844265127928,14.176189957276634,47.11587432879856,user,bench,medium
1789122903456,-0.8860045075898989,-1.3898334791988134,8.129211292809247,-15.226323858203278,24.084288617313387,51.648063428033446,user,bench,medium
1789122903473,-0.9665096480105072,-0.9469067565917968,7.924658442035317,-27.989106058262383,30.29079613873935,59.14883032547429,user,bench,medium
1789122903490,-1.7143983185365794,0.03531505900919437,6.692541828155517,-22.186317358297536,26.386383386498675,74.17377117864162,user,bench,medium
1789122903506,-4.989067931476235,-0.2980786912113428,5.836915763422846,13.357599469213422,17.295287195543104,78.72450765656768,user,bench,medium
1789122903523,-6.4383076124329115,-0.9313438612788915,6.186017370384931,39.219294553860884,13.61298878001666,65.17649275857805,user,bench,medium
1789122903540,-8.926032921069487,-2.8854613287776707,8.888622131890058,46.03446413788878,8.75880236519257,36.74112775315643,user,bench,medium
1789122903556,-9.030479895428568,-3.8413463415950533,12.747626879772543,7.208032673576918,12.486249184906447,-2.2831762124014103,user,bench,medium
1789122903573,-8.890120042297616,-3.796904265539348,13.36907184818685,-28.570986949128695,19.082486446599688,-31.20044414749623,user,bench,medium
1789122903590,-8.651148204571381,-2.7645535604178906,11.539450528928636,-37.61691509910297,18.045924985327506,-58.117929383476756,user,bench,medium
1789122903606,-7.734468463134765,-1.6603773900136352,9.313442119920254,-7.344534857913269,-7.411605608015502,-83.24316956615135,user,bench,medium
1789122903623,-7.939322561877593,-0.9681547118037939,8.761431337738037,23.625834367391082,-30.7574619835913,-98.82159479871066,user,bench,medium
1789122903640,-7.215375615692138,-0.13063275129944085,8.514827397698163,41.013957494133,-41.76271015170648,-109.35902623509875,user,bench,medium
1789122903656,-5.207089627893269,0.3413248354807496,9.415046052873134,35.928980694801474,-43.25479229665245,-109.10197206568532,user,bench,medium
1789122903673,-3.818602357405331,0.6326683732181787,9.663445059636235,22.148418346140428,-34.991793363311096,-95.10148445593903,user,bench,medium
1789122903690,-1.7178400564882903,0.5708671660825609,8.996962095099686,9.058330065959726,-21.267305160188567,-75.30707714686515,user,bench,medium
1789122903706,-1.559672986016632,-0.19602467640340326,8.742427362060546,-3.3625093854732704,-17.653931891124014,-61.54962815835543,user,bench,medium
1789122903723,-1.6032176154756919,-0.636558366394043,8.52874544841349,-7.553104075729717,-17.081254680164292,-55.60997612780187,user,bench,medium
1789122903740,-0.1825582419130951,-1.0818795829221606,7.944559074291586,-5.836581914657132,-14.917467826577179,-43.89584994648775,user,bench,medium
1789122903756,0.4387370888974517,-1.6784844168514013,7.208640169957279,7.744818947995512,-12.183822068836621,-32.37367940160766,user,bench,medium
1789122903773,0.6040866227856837,-1.8525126577630637,7.157763384678959,19.015649630476528,-9.744081912402653,-25.799354240545465,user,bench,medium
1789122903789,0.36541462652254847,-2.5380028128474947,7.926603146362305,21.725580117645155,-6.062898952145035,-20.39648336176862,user,bench,medium
1789122903806,1.1676219298765063,-2.85718011392802,9.290549904632568,9.276953322234432,0.4539950968896371,-9.606234180799808,user,bench,medium
1789122903823,1.4184143345821647,-2.9088042104423044,9.742452545377612,-1.2921637886001616,4.638852321521567,-2.656118841792681,user,bench,medium
1789122903839,1.3398548118039966,-2.990955547167361,9.652971011894941,-8.18658789954912,8.891003237899106,1.3855225494355983,user,bench,medium
1789122903856,1.8327611151212826,-2.9288565261289476,9.76175813435018,-13.704063376183257,10.707809651460403,13.923235608912504,user,bench,medium
1789122903873,2.439840763976797,-2.9614775237485764,9.536254850006102,-12.254524772030008,11.190246403105915,25.4784873212639,user,bench,medium
1789122903889,2.026392083054874,-3.5945945175170895,9.299829189631343,-9.069477788458833,12.02668417547037,30.190655320223208,user,bench,medium
1789122903906,2.00200119017465,-3.9009032769352197,9.385871396315098,-0.9992899727450693,4.5222311103118304,36.57635285452445,user,bench,medium
1789122903923,2.9415755123859735,-4.001459746661782,10.355971981489658,-0.10141889098415414,-4.842757800795366,50.83865186044108,user,bench,medium
1789122903940,2.5667335615629328,-3.953874404144287,10.894366910773515,-10.15874611200871,-0.5158230364736504,58.008571224675684,user,bench,medium
1789122903956,2.4058730199318203,-4.060415208977461,11.149794793260098,-26.57400697545163,2.5021625359191857,61.709072094340215,user,bench,medium
1789122903973,1.977161361650261,-4.191647971996665,11.193190282872319,-41.85496551682584,-2.7135664956846006,69.59363073633867,user,bench,medium
1789122903990,1.5423145992888136,-4.532073812811077,9.859023161315918,-39.70600017373766,-10.021959621048158,72.58666061177327,user,bench,medium
1789122904006,1.0866679040440823,-4.560205390056968,9.056516107830404,-28.00499649336642,-14.649109694087377,74.50039082475163,user,bench,medium
1789122904023,0.1379656332044862,-4.9928077025264495,8.597427939495443,-15.865026800322218,-20.344560263698185,75.60497584751526,user,bench,medium
1789122904039,-0.915931991809234,-5.40161705147624,9.535205048692227,-20.879705585168683,-22.124635627450445,72.19883564051078,user,bench,medium
1789122904056,-1.6145899820298888,-5.721093627764284,9.779115511864424,-32.429495707505005,-19.983581350968425,62.93422361633291,user,bench,medium
1789122904073,-1.9018941995149476,-6.012886662834882,9.183257404649257,-44.210779723833284,-14.82382251796172,53.34380815365085,user,bench,medium
1789122904089,-1.0534490409960038,-5.818807859802246,8.24099292090535,-46.81412340145656,-10.1192189535082,48.756830691988704,user,bench,medium
1789122904106,-0.5779007179811596,-5.852027700097858,7.465571442744135,-42.12770863076279,-5.445678235626255,45.21692123008952,user,bench,medium
1789122904122,-0.19527732863482086,-5.920262155151367,6.122723002082109,-22.401126807694435,-2.540728985624251,40.14176965787905,user,bench,medium
1789122904139,-0.00673394789751619,-6.297498261968791,5.884948265185952,-3.502795281166397,-5.498049991747797,37.6267710620753,user,bench,medium
1789122904156,-0.47300472121294584,-6.436361958257853,6.293457754406333,6.1887315272241805,-3.7666956480057068,30.43022079026682,user,bench,medium
1789122904172,-1.1905168851105496,-6.37201691185832,7.480083367699384,-1.131065986340889,9.18203759843335,18.700596909725935,user,bench,medium
1789122904189,-1.4975732480255886,-5.873723983599246,7.867793814519048,-9.76974976330356,20.039853571992868,10.875805838059684,user,bench,medium
1789122904206,-0.8731355640687047,-5.447256520622968,7.877221568077802,-8.898275681817879,22.124282165160896,7.830127156955325,user,bench,medium
1789122904223,0.1961748254638165,-4.583548271721601,7.707232081162929,4.271843632415156,18.754393187176248,9.992991081230842,user,bench,medium
1789122904239,0.14873970507197082,-4.429421539849042,8.101826442277432,12.098793043859134,14.771163467008213,7.612146792236246,user,bench,medium
1789122904256,0.018105784728750584,-4.543447147479653,8.931870906507969,8.21699077909214,8.927670254684674,5.777753068448989,user,bench,medium
1789122904272,0.8943837384764105,-4.752340365545451,10.769268120464682,-16.949819642418447,6.395063004313803,5.742665106022164,user,bench,medium
1789122904289,0.7739252482540905,-5.106982070977986,11.074980667555332,-38.89423219088164,10.615354503307818,2.6056552697705113,user,bench,medium
1789122904306,0.7529763490539043,-5.148729793383181,10.373327020916342,-46.91940052222856,11.953126453203918,-0.35467526177564535,user,bench,medium
1789122904322,1.1140518869262188,-5.173419705742598,8.065465089085698,-30.669017864028806,7.5467716365954685,-1.1195583982498867,user,bench,medium
1789122904339,0.9102452514097094,-5.086331789398193,6.751350575476884,-12.267896574877602,5.704898428780226,-1.165533148605183,user,bench,medium
1789122904356,0.26725239498876036,-5.013607913970947,6.731598996302485,5.823295062287342,5.245589551438024,-5.605985336767393,user,bench,medium
1789122904372,0.3977366777282208,-4.706700311876833,7.748982726177573,20.61310622639016,5.818694076107692,-6.478508706064318,user,bench,medium
1789122904389,1.421407378918305,-4.206761369976401,9.01402019740641,25.03833797831723,10.375502165319066,-8.267644315750601,user,bench,medium
1789122904406,1.9800047729492187,-4.120121197399497,9.300275764355064,26.12552650926484,10.630216994941767,-13.208462288686194,user,bench,medium
1789122904422,3.673602880041301,-3.9182609467104075,10.470593801447748,17.733192821347426,2.2839036275480167,-17.212032312202528,user,bench,medium
1789122904439,4.124461345495656,-4.166059357231855,11.00778929181397,-4.136357865604667,-7.669557947304788,-29.95853475637491,user,bench,medium
1789122904456,4.4378024877686055,-4.008641474859417,10.714501342010497,-14.598323822513748,-19.6322295898738,-36.422847768023004,user,bench,medium
1789122904472,5.329642094720155,-3.5410239631101486,8.259247539520263,-9.42466726209336,-25.945988156741883,-34.463526042334806,user,bench,medium
1789122904489,4.675127617733739,-3.759943485149741,5.579536746868491,16.494903430486207,-18.52655515193755,-23.20272293132901,user,bench,medium
1789122904506,2.7883469623290003,-4.818330548803508,6.0012160987854,31.047587928965932,-22.11792155149632,-27.053190849504926,user,bench,medium
1789122904522,-0.5852329970980062,-7.241861763818561,9.207950531879067,23.645396029174,-28.876055640860024,-41.659103012186556,user,bench,medium
1789122904539,-1.2538138289629481,-7.413795662799477,10.166680412733553,2.2110376753784395,-21.58461013581797,-55.956915586692666,user,bench,medium
1789122904556,0.22714969071107916,-6.677726828600466,8.537123400658368,11.775700336681789,-18.456678901633733,-49.90213388748937,user,bench,medium
1789122904572,1.6358380605394718,-5.137955885912477,6.064361998528241,35.00603772282516,-14.130723949292797,-35.81995380017514,user,bench,medium
1789122904589,-1.1330561548646538,-6.591088409589231,8.56660610025227,45.83953053897662,-18.171048928280264,-38.740576840218445,user,bench,medium
1789122904606,-2.59052643375108,-7.4646715712949625,10.306738871765136,33.34770877348109,-15.99444522471562,-42.60649123120235,user,bench,medium
1789122904622,-2.1615154420381413,-7.863606299701333,10.483163944685458,28.15633299480639,-8.021071925392201,-40.49324094728416,user,bench,medium
1789122904639,-1.4270941375841386,-6.695535164752602,9.207802063319086,38.13639196661746,-6.218278925573656,-34.22890562925028,user,bench,medium
1789122904656,-2.3443725572999567,-6.804620101110637,10.295516051483153,26.286869237838882,-10.71729934553849,-43.03175929949485,user,bench,medium
1789122904672,-1.9373583116060122,-6.218788882391155,12.084583826556802,13.53218764213541,-19.65714953506059,-42.039394284794525,user,bench,medium
1789122904691,-0.6320694209443405,-5.036352537481487,9.777920749121904,18.686101540759875,-18.530714737142088,-33.3887718707712,user,bench,medium
1789122904706,-0.6145618943696841,-4.637568907983601,8.373871113044023,34.23786342234675,-13.087206794124603,-26.647078046739722,user,bench,medium
1789122904722,0.3996816743161529,-3.5755896650567647,8.79749283120036,33.307810223444456,-11.306795897329366,-20.462599592934342,user,bench,medium
1789122904739,-0.2286464046753943,-3.49194370585978,10.651954577204584,6.637884767044219,-9.786193443730365,-23.657289096066286,user,bench,medium
1789122904756,0.05102613062113523,-3.0928596321105957,10.2465851395756,-3.4667592031054095,-7.234024104689754,-18.12133198131174,user,bench,medium
1789122904772,0.8909420005246996,-2.4099127317681908,7.882459468731284,7.570043798644995,-2.886031546991773,-7.157454268999327,user,bench,medium
1789122904789,0.8257001514159142,-2.0503350312381983,6.959347429224849,25.561209449849216,0.33749373415549316,5.737432327344289,user,bench,medium
1789122904806,0.7083843431334942,-2.141165056720376,7.605483186781406,26.795737114025048,8.09668041195695,15.387282388636505,user,bench,medium
1789122904822,-1.7606361189026385,-2.7307369232729077,9.419091528871656,12.47263234902238,13.300827790605922,10.614300946628344,user,bench,medium
1789122904839,-0.4460701351992786,-2.166601695793867,8.481307405412197,12.062602432768173,16.659954951779568,23.327681242194394,user,bench,medium
1789122904856,-0.32456429134849457,-1.5596718672052026,7.189785831883549,34.44236270119152,22.16084075269339,35.91129733504031,user,bench,medium
1789122904872,-1.1300636585177852,-0.7549205419242382,5.677098126432299,64.7314649530167,19.18850805799121,40.18736800077806,user,bench,medium
1789122904889,-3.1589997087007387,-1.154304475402832,8.333767066192626,67.08300346160371,13.090909610428396,23.63413304723265,user,bench,medium
1789122904905,-1.9705778961732983,-0.7556696067258715,10.293272071948646,42.195532409221016,13.528336269217169,31.604019534984776,user,bench,medium
1789122904922,-1.63224723753985,-0.8057984962463378,9.644892334857582,25.06726724454682,26.70169053179585,36.97566278887632,user,bench,medium
1789122904939,-1.6575360291078687,-0.3514978544488549,8.337654721280932,26.98585884466694,31.20057733618505,47.238810903669616,user,bench,medium
1789122904955,-1.483208261826937,-0.39579087742269037,7.900714671868085,40.753611173539625,28.369245359161322,56.862649897055135,user,bench,medium
1789122904972,-2.299930207249615,-1.127069846996665,8.368630874302983,49.032828391065166,22.212219143177517,56.375124654477965,user,bench,medium
1789122904989,-3.04901608820362,-1.8166008019044995,9.935340677320957,39.83817116436657,18.749726460425837,49.26992474772382,user,bench,medium
1789122905006,-2.391957278762944,-1.7702121218256652,10.602869936040044,20.41230207988637,25.58956839528311,51.83099296947931,user,bench,medium
1789122905023,-1.8315644161500035,-1.507597981096804,10.810715983140469,1.8543792841855369,31.662520105225934,52.440624918943385,user,bench,medium
1789122905040,-1.2228387171205133,-1.2578531126827002,10.294617641338705,-12.23512532723988,28.435375250705384,54.60445958385469,user,bench,medium
1789122905057,-1.7200844744142143,-1.425896141704917,9.57665700302124,-11.972452473460468,25.25025996524251,47.8967971773628,user,bench,medium
1789122905073,-2.5100211654663083,-1.8605929422356187,9.038857117021083,-9.622123762130197,20.67687970267057,43.795094410946305,user,bench,medium
1789122905090,-2.4115599144533277,-2.110039850616455,7.69870624487996,10.286308432495161,22.12399188212117,41.36478333066154,user,bench,medium
1789122905106,-3.0243259018495676,-2.0278888061523435,7.368605106464028,30.806584704102033,19.26643539377918,33.04079080803198,user,bench,medium
1789122905123,-3.4931405144289136,-2.356342908013612,9.504082180675864,35.4331431120044,12.087235510009824,21.410237113854837,user,bench,medium
1789122905140,-4.428225608062744,-2.662351515441388,12.35377895311117,13.274268600018328,1.9754179202409792,-2.4739015610112,user,bench,medium
1789122905157,-4.225466728033497,-2.614916395049542,12.722037095963953,-8.984781735203383,3.4366463931587043,-12.567054591655928,user,bench,medium
1789122905174,-3.665223466491699,-2.3605327609188853,12.099995915222168,-22.621533597116162,6.108446068625265,-20.39270455961031,user,bench,medium
1789122905190,-5.447257762731984,-2.0940278963617978,12.072011929753423,-30.386360730511583,-2.3617859267761445,-43.846365225951004,user,bench,medium
1789122905207,-6.16641623253189,-1.8614917907714843,12.036700962397456,-29.493477421072495,-20.91079660627058,-65.70473958898684,user,bench,medium
1789122905223,-5.918915489782765,-0.8705909941524267,11.82376431415975,-28.08423693302232,-31.10070631014112,-78.49549141369715,user,bench,medium
1789122905240,-5.583577765887603,-0.36481691635772584,11.123912748506665,-24.161193132273144,-28.923672304658766,-85.14708479729241,user,bench,medium
1789122905257,-4.327519756460748,0.5060742297850549,10.796205227228999,-20.85176498882145,-26.80313250134888,-81.3922566029696,user,bench,medium
1789122905272,-3.087323223434575,0.9036614891052246,10.835409694892167,-25.632964002174784,-22.54215655367686,-76.00939817846088,user,bench,medium
1789122905290,-3.0274682549959047,1.1327575372442602,10.915912387627362,-29.139564339039115,-25.11369374788269,-73.71208454169461,user,bench,medium
1789122905306,-0.985363940418465,1.2569552870601415,10.080938650301098,-18.62842742340829,-34.39704781114307,-58.5756681710835,user,bench,medium
1789122905323,0.2811687366625469,0.8276455863952636,9.210645762312412,-10.66863424770215,-24.154738603507482,-41.6546292382802,user,bench,medium
1789122905340,-0.003292342376546003,0.19632482839375734,8.892662931713462,-3.5739489902884163,-19.91191217600748,-34.736125722299185,user,bench,medium
1789122905356,-1.7607859026368706,-1.4148238358095286,9.886109905683993,-2.5069509254141877,-40.46133371857644,-43.8680510765658,user,bench,medium
1789122905374,-2.362179541745223,-2.200720530755818,10.606914242994785,-13.741752360023387,-37.31394839808871,-45.9105986572906,user,bench,medium
1789122905390,-1.7724575991975142,-2.2899039580747482,10.051309235712885,-21.194037720961838,-27.39993223290979,-40.873805427458926,user,bench,medium
1789122905406,-0.5024835118167102,-2.276885194286704,8.547599201965332,-9.120434414761712,-22.29221773383129,-31.87238108256916,user,bench,medium
1789122905423,-0.23672698140889406,-2.6153657462522384,8.007257814788819,6.098178586755444,-29.570187275640908,-30.931310788535633,user,bench,medium
1789122905440,-0.15667100952789187,-2.6234455923333764,8.854503589189052,8.763638992898587,-34.60080259936831,-29.183161436511305,user,bench,medium
1789122905456,0.1870469316344708,-2.7992706535339353,9.945815309584141,-9.369440913785574,-20.319350035471665,-20.90256110567884,user,bench,medium
1789122905473,0.3019684651914984,-2.910002480316162,10.25257122824788,-19.257508336533974,-17.013125250740707,-17.266014712307722,user,bench,medium
1789122905489,-0.230891041797027,-3.356970295007527,9.847352597266434,-17.10912014443065,-21.605942524143213,-21.582183711115324,user,bench,medium
1789122905506,0.8280943530760705,-3.5987840781614184,7.965060595050454,-2.483176744460666,-21.550522369217727,-15.985325214626359,user,bench,medium
1789122905523,2.1366749787595123,-2.986018090765178,7.590815779003501,6.709022894797194,-21.02479587861268,-8.42535936010172,user,bench,medium
1789122905540,2.3892629616450516,-2.8464053296744822,7.9164248666971915,11.732104092983244,-24.73977333422305,-2.676060646291591,user,bench,medium
1789122905556,2.22166950302124,-2.8782796005800364,9.361480466902256,3.041553033402259,-29.284603406064335,3.206232949716086,user,bench,medium
1789122905573,2.6185082820616663,-2.698415200860798,9.653124156630039,-9.225031077937642,-24.877471655437798,9.894822479837542,user,bench,medium
1789122905590,2.8028619560241697,-2.475155896051228,9.715672090479732,-19.822214716732287,-23.22073243262304,17.93943721352513,user,bench,medium
1789122905606,2.6819543337948617,-2.6218001632139085,9.190141903465985,-22.228934323623832,-22.39988712836008,24.222449683844406,user,bench,medium
1789122905623,2.562693601989746,-3.197306679534912,8.081031491529941,-13.515876296623773,-22.975327150839068,26.360343290288,user,bench,medium
1789122905640,2.314743946429342,-3.477577619116008,7.533805605536699,-0.6450121159213276,-18.4578707696439,28.56611873179777,user,bench,medium
1789122905657,2.7726351600646972,-3.3399116081789133,6.289570099318027,20.487785915498765,-11.02295031089656,35.45301213229997,user,bench,medium
1789122905673,2.1670514853879808,-3.066672759191692,6.711096306499838,29.38181407342654,-11.258363025924805,35.023809875045536,user,bench,medium
1789122905690,1.9443904387325048,-2.940976295250654,7.637950455144047,23.07788927141598,-8.587265579282287,37.85210583298319,user,bench,medium
1789122905706,2.249352167455852,-2.8052558654233812,8.643366683849692,8.610725571533987,1.4133900414143676,46.74411737755852,user,bench,medium
1789122905723,1.5937898253843188,-2.9780870055049657,7.812280017089844,0.7579289100016842,17.564497394131866,54.65339105906866,user,bench,medium
1789122905740,1.4839555319637059,-3.0695152891412376,7.461676188871264,4.38277230783851,22.156373808976202,58.775649279792304,user,bench,medium
1789122905757,1.6415245132446288,-3.28155265045166,8.369832066786289,1.517691619073811,11.589248978945134,58.60454621089431,user,bench,medium
1789122905773,0.7866447368346154,-3.809474116516113,9.507674652209877,-12.348993118440456,12.0735179288355,53.13932936537359,user,bench,medium
1789122905790,1.3485336466915905,-3.7518630545467135,9.099611153191328,-18.356715668036014,17.486208058317885,53.087641908829525,user,bench,medium
1789122905806,1.830815643609315,-3.304595964647829,7.435491361778974,-8.501139455169364,20.522218606652093,51.42890656322983,user,bench,medium
1789122905823,1.6138411912228912,-3.380163246807456,7.59799779946208,10.67700464453,21.498643667376896,47.073100269121355,user,bench,medium
1789122905840,1.5806216431882232,-3.433882562035322,8.111703693169355,16.45291142746897,16.289815047825527,43.27875943045002,user,bench,medium
1789122905856,0.8681971578184515,-4.045003704833984,9.739614107081293,8.996629552092415,15.306049241290252,30.879708709356187,user,bench,medium
1789122905873,0.7439978005673736,-4.416253722979128,11.191693322312831,-18.836647447803422,21.65675400892623,18.968606702568067,user,bench,medium
1789122905890,0.791582522030361,-4.349964264513552,10.53508468605876,-31.664002256275825,35.389665542842685,14.622803220499074,user,bench,medium
1789122905906,0.6576569762632251,-3.9115260854974387,8.668205357030034,-28.75147982058816,38.67657796769543,13.604416892608295,user,bench,medium
1789122905923,0.08798658221717924,-3.4953839094415304,7.769631546452641,-9.043546121501233,21.94598690706688,12.018747495654814,user,bench,medium
1789122905940,-0.0826001947374083,-3.4349309020444747,7.493103008270263,0.5073144883976656,16.97341965354813,13.51239460769436,user,bench,medium
1789122905956,0.39564158687880263,-3.192667621557414,8.979452741894125,-8.106849709857453,17.22259519975395,21.916246555873354,user,bench,medium
1789122905973,-0.1945291588823311,-3.6429265867486595,10.069562100762129,-39.611289355611675,29.931579414815452,25.77503705955293,user,bench,medium
1789122905990,0.13018446810500173,-3.6300577528253197,10.232966364067792,-62.58960642175992,35.81799353588335,31.44246165545188,user,bench,medium
1789122906006,0.9641149440268519,-4.095131425310671,9.635912909588217,-71.25788145969314,29.2607865364285,32.944567103004836,user,bench,medium
1789122906023,-0.16175848712632432,-4.544344096319377,7.1680901329040525,-46.65876050350087,17.061127820227558,19.55250762188141,user,bench,medium
1789122906040,0.40267460905443875,-4.543444809392095,6.811800075742602,-22.852441802386785,10.706223340025668,13.643985886017472,user,bench,medium
1789122906056,1.2889781361235304,-4.751742107391357,6.860137113410234,-8.135873744961776,18.604569572637434,10.540680898885716,user,bench,medium
1789122906073,1.1947063726896419,-4.917840139825642,9.29519042391479,-11.956250410975551,20.162142986440067,5.0915282314060395,user,bench,medium
1789122906090,0.8155247578276321,-4.827009237560629,10.109965422821045,-19.4216104615327,23.75151155566661,-7.041800810217617,user,bench,medium
1789122906106,-0.019303616211190817,-4.509030498614907,10.27142731988728,-24.33300312575023,28.266602983861663,-13.761711026551811,user,bench,medium
1789122906123,1.5919942106718197,-4.531026057323813,10.5282019408077,-20.325773828386062,20.96701418578166,-9.438475343274186,user,bench,medium
1789122906140,1.1658264247618615,-4.715827913445234,10.38110642274618,-11.957006854426131,10.858549365121647,-9.05445478737939,user,bench,medium
1789122906156,-0.08514412533286958,-5.189282753045856,11.087847747913003,-12.26057205076641,0.04208662514962687,-15.798746644616413,user,bench,medium
1789122906173,-0.8135799439027905,-5.620089414270222,13.08730599387288,-50.78918080028268,-4.075131196111027,-23.704984307040483,user,bench,medium
1789122906190,-0.398784433215484,-5.598241739599406,13.366229318237304,-83.92545765291143,-0.0665712124778962,-23.88517152753459,user,bench,medium
1789122906206,-1.3654434631014243,-5.313032759094238,9.852589913398027,-88.48565394283796,4.125094456776494,-29.476128740580663,user,bench,medium
1789122906223,-1.4474446872986853,-5.287294506725669,8.179190252465009,-73.93966644483943,-1.180281768179062,-33.43140591157042,user,bench,medium
1789122906240,-1.6793830827241762,-5.578340815082192,7.304111299243569,-62.95167474966229,-10.062697430579053,-46.977067809390974,user,bench,medium
1789122906256,-2.1296425959046927,-5.781247652214765,9.23159268875122,-81.20277349501511,-10.187573779174397,-57.31041660847366,user,bench,medium
1789122906273,-1.7724575991975142,-5.6568988034904,9.917829570549726,-107.18671872052204,7.6572764134034585,-55.618759751074506,user,bench,medium
1789122906290,-0.6851908250779845,-5.377525981792807,7.7608046813964835,-101.59694654529697,12.61148070333863,-47.26624777356556,user,bench,medium
1789122906306,-1.4468462327817686,-5.706129575127363,5.774664182171225,-71.33792444657652,-0.8066104429807154,-50.02648431151862,user,bench,medium
1789122906323,-2.0292358779463218,-6.037278176769614,5.794267877307534,-51.02967176095883,-10.333219879262101,-58.68651531112364,user,bench,medium
1789122906340,-2.199822613801714,-6.637624243053794,8.349029517254232,-74.46002440675686,1.5818022292227836,-65.88291190367579,user,bench,medium
1789122906356,-0.39175161196924746,-6.204872877502441,10.381407451519369,-105.64054147734957,13.171677451137443,-54.90599194514324,user,bench,medium
1789122906373,0.04548944795047864,-6.025006139695644,9.166348355424404,-108.10136301265679,19.85173308677779,-44.330410487146054,user,bench,medium
1789122906390,-0.675913311911188,-6.323834187969565,6.479308827319741,-80.49728325564449,8.64679238544624,-45.5005448353743,user,bench,medium
1789122906406,-0.8746320862367749,-6.740874189648032,6.170006146782637,-59.10407892603237,-5.64713722651672,-50.84197474747229,user,bench,medium
1789122906423,-0.8277955162599683,-6.779182000732422,6.271761470904946,-47.63090132806879,-7.1799759640137975,-52.324675627593244,user,bench,medium
1789122906440,0.7779655366208403,-6.1183817580074065,5.82225010921061,-37.71457997404498,0.9769612305746513,-34.821984615260824,user,bench,medium
1789122906456,1.763927707793936,-5.709273133850098,5.789927217754721,-30.447675338690786,-1.7013368362786478,-17.757639775934194,user,bench,medium
1789122906473,1.2762589763365686,-5.751470353588462,5.707777342334389,-21.645993045888876,-5.8849008072799185,-8.332905919496426,user,bench,medium
1789122906490,0.20874401885345578,-5.828233859795332,5.870432248577475,-12.165097105227032,-13.283077836500352,0.49113707862678463,user,bench,medium
1789122906506,0.24076668525375425,-6.083517365375161,6.429480089789629,-14.893536551272746,-2.029797751978505,10.6170671732422,user,bench,medium
1789122906523,-0.038906142303720116,-6.022164778789877,6.15429536743164,-15.229957518841724,17.19503709400024,16.314779389241924,user,bench,medium
1789122906540,-0.8412626814026385,-5.976076981353759,5.538388159400224,3.7720987545260103,18.888353687367708,14.804342818448843,user,bench,medium
1789122906557,-0.5720650706302374,-6.016029637035727,5.897517239379883,18.04484923053323,14.157289970069563,10.986559062998733,user,bench,medium
1789122906573,-0.4249711234712973,-6.133646547156572,6.538416849848628,26.519534509273488,8.770144748083023,7.487798075754286,user,bench,medium
1789122906590,0.9274534662442281,-6.146513627514243,7.336133161926269,28.99327534739578,12.021425783583107,17.97872104653646,user,bench,medium
1789122906606,2.0299833672787995,-5.97652297155559,7.575701211979985,29.129824489282676,14.311723962298135,31.332191666396607,user,bench,medium
1789122906623,1.5016132075987756,-6.41660891777873,7.793874007305503,25.010665466894924,13.902592215919787,32.870387833523914,user,bench,medium
1789122906640,-0.6346135890018194,-7.10613841138184,9.069533994835615,4.702091335499422,6.173860070966947,20.387180644119063,user,bench,medium
1789122906657,-0.16385345011157915,-7.456142520141601,9.243414643970132,-11.688215004924034,2.7561674527550277,17.535498118463284,user,bench,medium
1789122906673,0.3103479518063366,-7.594256859368086,8.138488824242353,-22.22393291760409,8.651368612190149,20.05149221433857,user,bench,medium
1789122906690,0.7217018158734776,-7.693167315453291,6.942436041912436,-30.87698004878277,13.906847423772705,22.162913715106487,user,bench,medium
1789122906707,0.44173005103520113,-8.010100344738364,6.01423398579061,-28.942332381471243,8.917467659611967,20.098429274314896,user,bench,medium
1789122906723,0.46402584321932444,-8.168417514038085,5.40072039489746,-19.36203072140268,4.043080533430742,15.50118262323564,user,bench,medium
1789122906740,-0.2109894528428209,-8.085368643951416,4.417153009906411,-2.001933354929203,1.4593367239610435,5.322311358837485,user,bench,medium
1789122906756,-0.5271735908561967,-7.916426620262861,4.518455914086103,9.343707322313906,0.8467429269964177,-1.6426590012841857,user,bench,medium
1789122906773,-0.3431192012343672,-7.753322216686606,4.698022207641602,17.845522112437454,-1.598584430900328,-4.679974756080098,user,bench,medium
1789122906790,0.023492767005210042,-7.351095753258466,5.537937493023276,16.386781535924907,-2.241131488861516,-4.5683959320251235,user,bench,medium
1789122906807,0.2899972318440814,-6.886921075439453,7.054216500964761,2.462358541313878,1.327761880780622,-2.839269510612927,user,bench,medium
1789122906823,0.3743930220287409,-6.706757400512695,7.158513910785317,-13.096895417462266,6.910528416351379,0.2894500501314913,user,bench,medium
1789122906840,0.19961641271847766,-6.460153460472822,7.158363104137778,-21.906689413677213,5.2910645240451455,2.0499937675805864,user,bench,medium
1789122906856,-0.002095106832438614,-6.434115932896733,6.255000305718183,-18.027082200954734,3.7829617435140923,4.125970428537547,user,bench,medium
1789122906873,-0.013916657909261993,-6.355557359966635,5.8553188505977385,-7.634426869308827,2.5136588115093748,7.0066176520292345,user,bench,medium
1789122906890,-0.3987844560483703,-6.617723026275635,5.677549377331137,1.8060642335441592,2.4030477398824264,9.149790567814428,user,bench,medium
1789122906906,-0.7496847053636796,-7.067683885303139,6.582858049121499,1.0034350437976207,3.9805480171451597,7.972192530370652,user,bench,medium
1789122906923,-0.9557357862055766,-7.418133984264731,7.02892657688558,-10.477216488665249,11.970843110137285,4.89188222885339,user,bench,medium
1789122906940,-0.908300492283795,-7.718607461658119,7.629423449817299,-19.450587539086477,12.577287068806253,2.4747162745131357,user,bench,medium
1789122906956,-0.7855977667986415,-7.755567365264892,6.552481031036376,-14.618635097558073,12.86420026395004,0.03923983031801332,user,bench,medium
1789122906973,-0.5503672710251994,-7.639598806872963,6.00735240958333,-1.629058813986221,9.916386240820918,-0.4677462954012826,user,bench,medium
1789122906990,-0.2057520156969316,-7.404068049511313,6.011541093444824,10.051224420320723,4.942814522607352,0.33430142113130557,user,bench,medium
1789122907005,-0.08125367549927905,-7.246500237274169,6.727558196479082,14.320984845039026,0.5127446488703844,1.4962933834561014,user,bench,medium
1789122907023,-0.4230258346224203,-7.22046387874186,6.983737189593911,9.47392914770843,3.794570930668998,-0.041674132416568345,user,bench,medium
1789122907040,-0.6494274012467823,-7.3458590216487645,7.256226096996665,0.6129652952224509,6.386262305568241,-1.7231902399715153,user,bench,medium
1789122907056,-0.5590463433748111,-7.381174080657958,7.27193804539144,-8.972436168278584,9.963120102669437,-3.126379287138763,user,bench,medium
1789122907073,-0.48392826628740876,-7.585278603142499,7.00992260120809,-19.594907728701557,11.057972105865801,-3.862211574680104,user,bench,medium
1789122907090,-0.11162983506787567,-7.659948936462402,6.212953308105468,-19.63557296747252,10.379047033498303,-2.1394028648067573,user,bench,medium
1789122907106,-0.3012208616945892,-7.659349801525473,5.157110960498452,-7.794278055322867,8.486559562612326,-1.754224271682526,user,bench,medium
1789122907123,-0.4484643551257439,-7.668329811316728,4.912005150061845,1.9517090529713954,7.407870348313151,-3.6591351096168157,user,bench,medium
1789122907140,-0.5327102712435647,-7.515400180274248,5.341763763538003,5.854006154116658,8.190783343246801,-4.755929874745225,user,bench,medium
1789122907156,-0.6224927239015698,-7.515549817878007,6.103868664008378,3.6347534687139857,8.531115447889258,-7.003129132910651,user,bench,medium
1789122907182,-0.39639039595210923,-6.8789908669620745,6.4386073990970845,49.6238139240951,-47.36665155436474,-8.206398863236743,user,bench,medium
1789122907190,0.12823915242748335,-6.688053284564614,8.021025058856607,50.27086164983251,-51.579799102373755,-6.707254302688984,user,bench,medium
1789122907206,-0.5083191591676325,-7.084592350006103,9.300576208606362,4.5632984764701785,-1.083266188095024,-0.9526133137308483,user,bench,medium
1789122907223,-0.09367334088301285,-7.25263479450643,10.615890161132812,-39.10389509273894,0.32794456940686,2.510683410352188,user,bench,medium
1789122907240,-0.7818566805741749,-7.383418644714355,7.868394703021645,-59.51925880492077,12.809880623254575,1.1787827550996557,user,bench,medium
1789122907256,-0.8191165900408289,-7.443722014507651,4.6651019348144525,-34.52074595210659,4.006683736004214,-1.6320671921504941,user,bench,medium
1789122907272,-0.7196074374101125,-7.36785516487956,3.365199486431479,8.128906098234717,-8.078196212515603,-3.6962550533217193,user,bench,medium
