epoch_ms,acc_x,acc_y,acc_z,gyro_x,gyro_y,gyro_z,participant,label,category
1789072550404,9.599998715642094,-2.1912926310665903,0.8596668645560741,13.216098440178268,2.2257770101639154,8.59835695272074,user,squat,heavy
1789072550421,9.048434508183599,-2.1676501819334923,1.0890614572502673,9.804697279965577,4.661826089681728,0.8348861454840988,user,squat,heavy
1789072550438,9.305513080486655,-2.056469588470459,1.1803401032827794,10.68483972528165,2.5875307224776476,-4.248625258105344,user,squat,heavy
1789072550454,9.783305364769697,-1.7539022075377404,1.0639220475576818,13.587673537631655,-0.20897323951411023,-3.661479145162599,user,squat,heavy
1789072550471,10.043826186481118,-1.4968249504089355,1.3233940908685327,12.572829516599175,1.9109142540496133,-1.38125773662916,user,squat,heavy
1789072550488,10.2289249797225,-1.3575121951781213,1.3476356749385594,10.87868988543672,3.9137214463057552,3.3568685029924863,user,squat,heavy
1789072550504,10.365396227917074,-1.321299895068258,1.2895762846797705,10.121673552741175,4.154972265527068,8.322374621569914,user,squat,heavy
1789072550520,9.949852602276206,-1.458816999053955,1.3512259545154868,8.07542059439164,0.8508107315339835,10.109547405643463,user,squat,heavy
1789072550538,9.785549344304203,-1.590647581835836,1.2820942583613097,6.50869344644072,0.25472608876266045,9.232075564292863,user,squat,heavy
1789072550554,9.66509341136515,-1.7462706897459923,1.0785871172480284,6.07693200268165,2.4148718645527762,8.341132882351706,user,squat,heavy
1789072550571,9.47460240369141,-2.0654476985655723,0.9482526182428002,5.0544565259121494,8.136785575215972,5.069239616596995,user,squat,heavy
1789072550588,9.517850009265542,-2.2438158683776854,0.9409202295280993,4.824704330158553,6.76966302179586,2.5232046412047024,user,squat,heavy
1789072550605,9.438690547832847,-2.4760534294128416,0.8035533476680516,5.3495889999484,7.37334288828509,-0.3592513551174217,user,squat,heavy
1789072550621,9.652522099083662,-2.280327443695068,0.8921388090938329,9.140840458680772,5.198328057476121,-1.9551623539270715,user,squat,heavy
1789072550638,9.69247592380941,-2.319532642010599,0.958128115569055,12.438203926737284,0.6471040747980555,-4.26615195040242,user,squat,heavy
1789072550655,9.287257292827963,-2.283170558166504,1.108065286797285,13.382437452130173,-0.8560505004835882,-10.080897323396199,user,squat,heavy
1789072550671,9.80096260201335,-2.0507833595275877,1.140985413493961,12.810500462921754,-0.030247922961277898,-14.251160674927632,user,squat,heavy
1789072550688,10.060583844536541,-1.9538180461607872,0.9923948345690965,13.278669803164755,2.290144926345527,-11.505021647421476,user,squat,heavy
1789072550704,10.294617056816815,-1.7449240974426268,1.2063766079455613,14.853205991771114,-0.27720007917464695,-8.455869815124165,user,squat,heavy
1789072550721,9.852437353184818,-1.7283141772948205,1.158792288341373,22.504011654709632,-7.602777480242281,-7.922855512674711,user,squat,heavy
1789072550738,9.419685987633466,-1.9349637080870568,1.279101067894697,27.289397574024182,-7.749917684210927,-16.92925052773295,user,squat,heavy
1789072550754,9.190290956547855,-1.3941734080992638,1.9146119710624216,26.543416265706437,-10.833722481262296,-25.30141637457861,user,squat,heavy
1789072550771,9.78061188790202,-1.4098853564940392,2.044647048729658,24.607289862439604,-6.90551505750059,-22.740213256587012,user,squat,heavy
1789072550788,10.070907085630298,-1.3759174743101,2.0727792104974387,22.463262746121334,-5.589261191697794,-17.739602953883484,user,squat,heavy
1789072550804,9.5962577755481,-1.0033199870787561,2.398390636278689,20.260002521773426,-3.9293600181841457,-13.490989648609185,user,squat,heavy
1789072550820,9.457095973095297,-0.797418790435791,2.393152735625207,15.094887112910138,6.1659007661497665,-7.293175250449358,user,squat,heavy
1789072550838,9.338283715710043,-0.7445967163085937,2.0156173536002635,11.53082695587943,21.41082621767075,2.4834546477825206,user,squat,heavy
1789072550855,8.983793401446938,-1.0749966915406286,2.2128397153556345,12.985639319845575,17.736104189481143,2.006037658290146,user,squat,heavy
1789072550870,8.60550895462036,-1.082478571728617,2.508673550249636,12.596987041919864,9.650018254700528,1.2346569041615336,user,squat,heavy
1789072550888,8.358903261014818,-1.0532988006040453,2.4124556942492723,5.744850766556569,21.71334383374708,5.148280273219675,user,squat,heavy
1789072550905,8.711153687396646,-1.3000515014648437,2.32132668582052,-1.7816584735358227,24.501783930330415,10.05015037307374,user,squat,heavy
1789072550921,8.465297350853682,-1.355417414855957,2.3638242036797106,-6.676018566954046,14.928397836796492,14.556572583664753,user,squat,heavy
1789072550938,8.297852872246503,-1.549497386932373,2.361430002019554,-10.89652265558598,6.756781711908039,10.333030341512634,user,squat,heavy
1789072550955,9.014616409733891,-1.5915454074583946,1.916556675389409,-12.471435358370336,6.288125293799852,3.425069222515533,user,squat,heavy
1789072550971,9.96526527546346,-1.6358381381712852,1.4526805421255529,-7.293379302350812,10.814747361974355,4.291447129106739,user,squat,heavy
1789072550988,11.85563653923869,-1.9246388595581054,0.8095388518184423,3.3850921253034483,22.172747479964013,13.621052672105508,user,squat,heavy
1789072551004,12.413635748180747,-2.2536920963563025,0.7811075609736144,3.6789264365105736,35.978253679473944,16.7639701951024,user,squat,heavy
1789072551021,11.994051907238363,-2.4961048683166505,1.1613359814748168,9.77667386757466,35.071013312399494,8.593849881642178,user,squat,heavy
1789072551038,11.289107402360438,-2.984521568597108,1.3398530582383275,19.780376392971373,30.492320870200576,-10.07110966231557,user,squat,heavy
1789072551055,11.526882139256596,-2.8701985854551193,1.6332929837331174,21.38864347079384,35.826124876090255,-14.513175269225783,user,squat,heavy
1789072551071,11.67786589692831,-2.844610409081727,1.4420564183890818,21.143434556948506,45.45209147340223,-9.976390306453126,user,squat,heavy
1789072551088,10.34998355472982,-2.881421697998047,1.237800796996057,29.659734470754362,50.13063445107756,-5.8423564127135545,user,squat,heavy
1789072551104,8.14567318278849,-2.659509277752787,1.638530592125654,37.66315889487854,45.92732579056796,-12.064713814995354,user,squat,heavy
1789072551121,7.28420949794352,-2.385971591949463,2.257731873266399,42.664773235390065,32.565570151244586,-26.039995465383356,user,squat,heavy
1789072551138,6.675332919201255,-1.3810053720336406,2.6355659459769725,42.62686227040191,27.50216479685925,-38.828635054092835,user,squat,heavy
1789072551154,7.441327228325605,-0.2820666638914496,2.930351440861821,38.05702516846191,21.170512841913023,-38.778836144854274,user,squat,heavy
1789072551171,7.708132829394936,0.24690197313837706,3.0663731917232275,32.16926208503293,13.172847121032808,-30.71086984816806,user,squat,heavy
1789072551188,7.797763415959477,1.1103110198974608,3.0506600742846723,22.487014728960055,8.840866234296628,-17.4347972244352,user,squat,heavy
1789072551204,7.194127075958251,1.5759830966673791,3.1678274870723486,16.688913246313128,5.361427425327324,-11.563847505421856,user,squat,heavy
1789072551221,7.038951127293705,1.8495208555359393,3.483412901140749,8.095392067524756,-0.26004795338443754,-6.697178919889569,user,squat,heavy
1789072551238,7.210885318535566,1.9105728517394511,3.974073727086186,-2.231736990544986,-13.757074181879018,2.2732344451776334,user,squat,heavy
1789072551254,7.946952106907963,1.6678607315063476,4.0732840429008,-9.970009202221041,-25.688758109957327,7.87479403280627,user,squat,heavy
1789072551271,8.614787070575357,1.2859855667114257,3.987991193279624,-16.617665835533433,-35.571252952116645,12.695856591476737,user,squat,heavy
1789072551288,10.518626303210853,0.19003968370966612,3.516632741436362,-23.946839598003343,-32.592030304089214,25.651608711061627,user,squat,heavy
1789072551304,12.299761531719565,-0.9139863376341759,2.6918293927296992,-26.334697637501897,-16.251665026216422,41.34409468766557,user,squat,heavy
1789072551321,12.330286433842778,-2.125751725945994,2.409762801903486,-22.259395259774795,-8.09606996379988,41.28307719271526,user,squat,heavy
1789072551338,11.974597265183926,-3.2501284614011645,2.2173288434684277,-14.12707235940778,4.85233457978537,27.637091768818266,user,squat,heavy
1789072551355,11.361532587102054,-4.057872465692088,1.9897300481498241,-5.566047086256213,17.095485379300015,11.827220453591195,user,squat,heavy
1789072551371,11.168350440648197,-4.102464471612498,1.8939622740045188,5.177393527670032,25.294215647646126,-2.4591543288194964,user,squat,heavy
1789072551388,10.365246590313316,-3.764582689257711,2.374597672758996,16.997931494932015,17.32653360344862,-19.29984014146242,user,squat,heavy
1789072551404,9.413552599444985,-3.180996399920806,3.176356830486655,21.36830658254013,4.517184027402014,-29.974742795275347,user,squat,heavy
1789072551421,8.83071237923503,-2.849249540124461,3.2438428052604196,17.875248803252642,-0.5286383923472983,-38.79760550469347,user,squat,heavy
1789072551438,8.15255534351766,-1.831115430273488,3.8031881681144237,2.5448939069140777,-0.18689554681632994,-41.66782516375666,user,squat,heavy
1789072551454,7.677304560410976,-0.890343596240133,3.6222757206469773,-9.669244383440468,3.2273734524143336,-39.78455759447656,user,squat,heavy
1789072551471,7.414393044170737,-0.3302502645630389,3.5579324278131126,-19.101090174351512,0.6827737772430951,-38.4429615924189,user,squat,heavy
1789072551488,7.372045017784833,0.45145657747797663,3.3690891873463986,-21.23647710136971,-17.435386328251113,-32.51091156241156,user,squat,heavy
1789072551504,7.288397597283124,1.264587352841161,3.1738118221789597,-21.898389026288356,-28.405452191951557,-24.739573551189824,user,squat,heavy
1789072551521,7.27837363139689,1.644966068533249,3.1456811217159033,-24.385648516325396,-30.265633721837023,-15.504237425341927,user,squat,heavy
1789072551538,7.9497987285107365,2.0250455090178177,2.911497979570925,-30.029353572784185,-28.73323297022047,1.450685435603576,user,squat,heavy
1789072551554,8.652792683842778,1.9399020047394557,2.933793690270185,-28.970541062743393,-36.18895477008508,11.207051229785085,user,squat,heavy
1789072551571,8.841187596020102,1.7289128373077138,2.7581188511952757,-23.95999624989208,-39.6797517567573,18.190540580624187,user,squat,heavy
1789072551588,9.853037657165526,0.7417535287719219,2.4170951906181872,-17.07432033060944,-36.97379814723291,24.728551333416718,user,squat,heavy
1789072551604,11.266663515362143,-0.6612484979491681,2.1039032475575805,-4.872585236900812,-30.480200699518388,26.493192177192043,user,squat,heavy
1789072551621,11.952301846745609,-1.4390646892271934,2.226157315959781,-1.7147330783968642,-21.569846681926986,22.40254065685263,user,squat,heavy
1789072551638,13.101370759582519,-2.2411226837709544,2.3235722727902233,-4.172313688942907,-8.801077821060366,19.858640115575966,user,squat,heavy
1789072551654,13.26791624352336,-2.7989713052611798,1.8905200245961546,-5.354004717246814,7.476022829625184,18.18591141991421,user,squat,heavy
1789072551671,12.550253711369633,-2.893692054571584,1.859245911540836,-1.7256605272952383,12.55808911459664,11.162209330336658,user,squat,heavy
1789072551688,10.667664187511802,-3.0654759506225586,1.7480651719473301,4.44192302671129,17.299229922241494,-0.3874558742430489,user,squat,heavy
1789072551705,8.99576382522583,-2.9981390289306638,1.8686732267081736,13.885317813735178,14.778932807189102,-18.62018167753279,user,squat,heavy
1789072551721,8.557624336895346,-2.8314426652770486,2.1071952748402953,17.665010457957774,6.196688697607245,-29.61124012764727,user,squat,heavy
1789072551738,7.931688486802577,-2.0718821885924785,2.3383847881272435,17.68998675220522,-1.7066137977427174,-37.70402733177731,user,squat,heavy
1789072551755,7.424118903893232,-1.0181344021119176,2.6630997034601864,11.699738387827491,-10.937485861359484,-41.196538695931196,user,squat,heavy
1789072551771,7.350947869220375,-0.5388451572693884,2.803010716845095,2.2836297796509815,-14.539515893759939,-39.985669099492995,user,squat,heavy
1789072551788,7.7491323637813325,0.7004535136016086,2.6921288140676913,-5.3153868276795615,-16.42837568042299,-28.897072132936152,user,squat,heavy
1789072551805,7.448958746117353,0.6088752635680139,2.3174362542532383,-13.308833626086823,-9.923163496024863,-20.847612233806085,user,squat,heavy
1789072551821,7.1311290602535005,1.6549917149199171,2.3511050073601303,-24.381587968863823,-7.197257196387576,-13.353440737782531,user,squat,heavy
1789072551838,8.720130190056562,1.882141743557714,2.226157462090254,-30.216111435259844,-9.235763012671024,3.0292217671860358,user,squat,heavy
1789072551854,9.263014831975102,2.0905869621276856,1.5550328092277048,-24.96597553915553,-14.378779344474735,27.205620181212097,user,squat,heavy
1789072551871,9.242515064781903,1.670703772912547,1.3142654663868247,-15.44766296844671,-17.20118084915867,35.31054463149725,user,squat,heavy
1789072551888,9.103801006096601,0.570867494876124,1.3980631090141833,-12.819378001295478,-5.399818211104674,37.92626802699119,user,squat,heavy
1789072551904,10.695945694622397,-0.8541313691955059,1.4463954705066977,-11.294894292700619,11.574670793935388,38.764123917382065,user,squat,heavy
1789072551921,11.408368572556972,-1.565358899865672,1.7052689634025096,-8.317797541052357,7.768015124190522,36.50826611378318,user,squat,heavy
1789072551938,11.93913373761475,-2.7630581342283635,2.1501411209888754,-7.525164333156133,2.1563664933841302,29.128093036328078,user,squat,heavy
1789072551955,11.56279633320272,-3.5721488769531247,1.9864381669975817,-8.240245011895095,5.531552923400356,11.63333272739569,user,squat,heavy
1789072551971,11.550226774486898,-3.584418941265717,1.9434926131099461,-5.104409114407037,5.554236835407615,0.9986802716399399,user,squat,heavy
1789072551988,11.237634404754639,-3.322553426947072,1.3117229422971606,4.954604709775263,2.4185068058516923,-6.242414252779541,user,squat,heavy
1789072552004,10.392480049675703,-2.6439468938965347,1.4134754899404942,16.44467080423535,-1.138173331780816,-14.004029916604585,user,squat,heavy
1789072552021,9.754425307244063,-2.3364415451049805,1.6916523798517882,16.79002224414412,-0.9582111873642027,-20.969467931240988,user,squat,heavy
1789072552038,8.734945481872558,-1.6264111883301287,2.1959308122612535,11.92944704112513,0.6792224524006587,-28.024202985312495,user,squat,heavy
1789072552054,8.585157071465254,-1.1628337457519025,2.1772259656608104,6.867486271749252,1.7965559698892668,-29.97567853119164,user,squat,heavy
1789072552071,8.871862720268965,-0.4011784887451678,1.8441325135610998,4.249396642594732,1.937110590837551,-26.95209380450498,user,squat,heavy
1789072552088,8.87366070960164,0.2994247720580548,1.598278368975222,4.043290988634543,3.1339400931065557,-22.48430485140685,user,squat,heavy
1789072552105,8.817094188249111,0.514154916116409,1.6045621254198252,4.546769845565571,3.763289091157163,-17.34599964258316,user,squat,heavy
1789072552121,8.879345184978842,0.6769605559417977,1.7133496862664819,4.174501057024604,3.9396868373223817,-11.516307681251275,user,squat,heavy
1789072552138,9.12370222287476,0.7532758799897507,1.8837870630793272,3.369297099404382,4.152366975245531,-7.423447448489011,user,squat,heavy
1789072552154,9.314790027397871,0.7082345959318801,1.8408412169307469,1.987415360961518,9.60793319035585,-1.6063549450199812,user,squat,heavy
1789072552171,9.394247010472416,0.5720646322388202,2.1401162783198058,-1.8613482115730655,16.58768301262437,6.346757345182534,user,squat,heavy
1789072552188,9.669431732830404,0.16071060377489774,2.380882598247379,-1.2000040461291797,13.651531537503043,9.763225225098905,user,squat,heavy
1789072552204,9.578152210015057,0.03965392846371978,2.469468351934105,2.3457266579335636,9.30451655063002,8.73890260904574,user,squat,heavy
1789072552221,9.76190601838827,-0.33518808629140256,2.733279447362572,-0.24176954007226362,9.06036546233239,9.297810158638713,user,squat,heavy
1789072552238,9.95344390476644,-0.6154595738617703,2.9864667113155123,-5.450786790238602,8.176161615781096,9.737360152485714,user,squat,heavy
1789072552254,10.093355064281821,-0.6950666329314932,2.891596470531821,-10.393402383586377,7.549982679279021,11.181074312824233,user,squat,heavy
1789072552271,9.918429874530434,-0.9265561886109411,2.616113788140565,-14.15466632365463,4.5469013267070935,8.371189983567994,user,squat,heavy
1789072552288,9.710582073864341,-0.8209119672913103,2.1447541672535237,-13.628736634921772,3.9477737812996767,5.458454531355587,user,squat,heavy
1789072552304,9.7048940913558,-0.6661866119384765,1.9382550047174094,-13.91641054238437,9.214619308321604,5.449192367954226,user,squat,heavy
1789072552321,9.7873461645931,-0.4032733421325683,1.7126007675953208,-12.382198936864118,12.397098140764856,5.68178891061031,user,squat,heavy
1789072552338,9.456649398371576,-0.028880130590870974,1.6644184820979833,-11.23474679309584,13.051489173633668,4.992875540355314,user,squat,heavy
1789072552354,9.20031784504354,0.18046302319951354,1.6995827344596386,-8.653461211397111,10.99005611985378,3.36777546132335,user,squat,heavy
1789072552371,8.757838866204024,0.3998316041808575,1.716342438341677,-6.923344839442086,11.940939688177322,0.1507126196881874,user,squat,heavy
1789072552388,8.863482429936528,0.8135796516418456,2.0061904768243433,-6.166363938352858,9.76941252271329,2.5344806431941587,user,squat,heavy
1789072552404,9.135075265282392,1.0019733217101543,2.055121096470952,-8.304745049548464,11.309954859820497,11.355128023443669,user,squat,heavy
1789072552421,8.83669671434164,1.1833342435974628,2.255784830851853,-13.079635529429645,12.012439815956307,22.220688577748334,user,squat,heavy
1789072552438,8.2492194819808,1.5225627643860875,2.128892727385461,-16.000677772333255,13.11435081965988,29.5731959739703,user,squat,heavy
1789072552454,7.875276863750815,1.519569939245656,1.9196993573293089,-16.948142830977208,12.690029586341069,33.139169437742254,user,squat,heavy
1789072552471,7.048678740581869,1.500116904626414,1.7130507033199072,-16.45440382380262,11.260973865735043,37.60467198501572,user,squat,heavy
1789072552488,6.816290957421064,1.3509285790041088,1.4748267613515258,-19.998799012439214,13.820395158126914,45.65477050683319,user,squat,heavy
1789072552504,6.4739218735843895,1.273116732788086,1.2241840673148632,-24.140384960966703,19.58241872780419,54.339219432720995,user,squat,heavy
1789072552521,5.1861389020621775,0.9175780785158276,0.6814490630000829,-22.710404603501786,17.7051600174464,58.47363880526185,user,squat,heavy
1789072552538,3.8799540124088523,0.24645298726186154,0.620246990801394,-19.980524841314843,11.813570320534923,56.337022444193046,user,squat,heavy
1789072552554,3.185333333146572,-0.10115472788065671,0.4736018468558788,-18.957220777221654,15.295940561318632,51.50745032359039,user,squat,heavy
1789072552571,2.7310341526538133,-0.6298243819639087,-0.3408756304085254,-17.25385014539593,29.04384948310514,51.22720766194477,user,squat,heavy
1789072552588,1.8528122252315282,-1.0362404060363768,-0.6830974147289991,-9.715763094330132,25.951635015638193,45.79976859272339,user,squat,heavy
1789072552604,1.1683692411124706,-1.1951553950987757,-0.5945113687813282,-2.4123572877211537,20.5289360977008,33.859170414004566,user,squat,heavy
1789072552621,1.8643343207210301,-1.0494082229062913,0.17597236071676015,-6.377834279019269,21.867105052342406,29.09721375109045,user,squat,heavy
1789072552638,4.266017276543378,-0.4539999052852392,0.6639411710992456,-18.305350937930225,34.11919913080153,39.584081297052926,user,squat,heavy
1789072552655,5.195266795891523,-0.3238151900142431,0.712422877934575,-21.11460945110376,39.262358896577815,52.88122334682798,user,squat,heavy
1789072552671,4.891353407177329,-1.1680711349487305,1.3127692364796995,-18.905610160305745,35.91669318448462,54.15290553254139,user,squat,heavy
1789072552688,4.633526646855473,-2.4628850280210375,2.5799007573783395,-19.520219610127466,26.60701557216301,46.386471597143725,user,squat,heavy
1789072552704,5.260060462841391,-3.047968058721721,2.617459503661096,-20.145723211675357,27.12242676957405,41.97607160099934,user,squat,heavy
1789072552721,6.973260803765058,-3.9172128989621995,2.823959104588628,-16.817194444209722,24.127397356259923,41.750046980985275,user,squat,heavy
1789072552738,7.839215370288491,-4.396502436065673,3.405750400267541,-14.363788786793851,19.82064718831777,40.4026692237952,user,squat,heavy
1789072552754,8.543708039745688,-4.5724759658262135,3.895663622716069,-21.730602014232407,20.819039844960628,44.592894656949646,user,squat,heavy
1789072552771,9.722852357372641,-4.898686234283447,4.5636461781606075,-33.67706391035369,24.05115366210236,52.87557478038438,user,squat,heavy
1789072552788,9.198073280987144,-5.575048203277587,5.2150189595878125,-45.975741586499595,25.024781760362046,53.65901113856318,user,squat,heavy
1789072552804,9.041104603686929,-5.957821193695068,5.098301628655195,-38.490267482610406,15.95018047625206,46.68603344885673,user,squat,heavy
1789072552821,9.358933120507002,-6.664259736523031,4.7135830571278925,-26.015744878735227,8.916731706728898,41.39756140848843,user,squat,heavy
1789072552838,9.33334567478597,-7.096862048992514,5.148280588310957,-21.60411203344565,10.593073572461591,39.11480631993803,user,squat,heavy
1789072552854,9.227701526531577,-7.065588082067668,5.482421942028403,-31.766233112677995,15.999113659013323,38.420985458764385,user,squat,heavy
1789072552871,9.524432894787191,-6.954556687816977,5.668121331511437,-40.73884430455406,13.515954843799229,40.49675507961213,user,squat,heavy
1789072552888,8.685264628380537,-6.833948779186606,5.150973772917688,-41.69313101463156,4.767400750569438,37.35987459006788,user,squat,heavy
1789072552904,8.306533022308349,-6.693738344463705,4.798727730450034,-37.18710495501241,5.089666151083565,32.12121170422189,user,squat,heavy
1789072552921,8.834752010014652,-6.088902857805788,4.150795444865524,-26.946872124884507,4.990992115691683,32.86586966338795,user,squat,heavy
1789072552938,9.985617743140459,-5.4049108323246235,4.190450871166586,-16.668455122201646,7.274270140600409,45.503669646919576,user,squat,heavy
1789072552954,10.141388150566815,-5.171025504082441,4.474462458580732,-18.184605146235445,10.862346096526528,57.746244149223,user,squat,heavy
1789072552971,9.162758221977949,-5.453092971691489,5.338918310979008,-23.642833000687954,7.74969826438384,60.719862627036434,user,squat,heavy
1789072552988,8.364889934208989,-6.117633569988608,5.103239377318323,-24.366008307367025,0.38584789830203975,51.760768379527825,user,squat,heavy
1789072553004,9.106943980297446,-6.472724188232421,4.743361524797976,-20.754069378028174,-2.4514628954838273,53.535394959869706,user,squat,heavy
1789072553021,9.7873461645931,-7.2146274276733395,4.218732086016238,-17.000074466784106,-4.627392544754755,57.69815961746611,user,squat,heavy
1789072553038,9.230245950317382,-8.182334395709633,4.125657788738608,-17.38233966406221,-6.3525792276763235,57.34758649793687,user,squat,heavy
1789072553055,8.762029303631186,-8.541164200481772,4.156782410320639,-23.975321486842297,-2.7990533567798916,52.46705433593675,user,squat,heavy
1789072553071,8.296955046623944,-9.179218358391523,3.846582488682866,-28.81577239124549,-0.04263067573043417,46.59983987662576,user,squat,heavy
1789072553088,8.232014080157876,-8.94428907405436,2.946663108715415,-24.070686295581307,2.063239638815357,39.94948275727027,user,squat,heavy
1789072553104,7.956231391906738,-8.72087954711914,2.5927701758235693,-13.630852286017182,2.163352496244584,32.61020543747062,user,squat,heavy
1789072553121,7.879915629467368,-8.260594277954102,2.7153224965199825,-5.32369276459712,3.7702951576983037,26.099177346994225,user,squat,heavy
1789072553138,8.296805409020186,-8.066662774437665,2.8917449390918013,0.5098324269630202,6.990441202753706,26.871338770400627,user,squat,heavy
1789072553154,8.997259032219647,-7.91672589547038,3.2799048832446336,-2.1046312255158686,12.278518372810618,35.600796935371534,user,squat,heavy
1789072553171,7.779508797344565,-8.164076854485273,3.972128438237309,-10.591825355390771,19.223704022784286,34.44350334278291,user,squat,heavy
1789072553188,7.584681221771239,-8.323442071533202,4.068794914788008,-13.44172434789953,16.828165435564056,33.940453080222305,user,squat,heavy
1789072553204,7.2641574745178215,-8.289025422668457,3.2957664692431687,-2.526723042400905,11.706534426051654,29.90550516765893,user,squat,heavy
1789072553221,7.06738402557373,-8.429684185680747,3.2287294072806834,5.504788827137661,14.810129696223136,25.213008113509257,user,squat,heavy
1789072553238,7.19517453918457,-8.443899758037924,3.598933423504233,9.517848117845258,15.582765817776856,22.88238535170812,user,squat,heavy
1789072553254,7.581987160381674,-8.456918229565025,4.252400546862185,8.847488102696955,14.409305167422815,22.66046226029065,user,squat,heavy
1789072553271,7.799410598644614,-8.496272334831952,4.604048915697634,7.192771469650171,9.542808190393425,22.85456086857678,user,squat,heavy
1789072553288,7.636756276923418,-8.62421482413411,4.752340365545451,5.082785589268423,4.454444471007216,18.42456847479821,user,squat,heavy
1789072553304,7.624034157994389,-8.847172515648603,4.802916122050583,0.8120166444304863,0.9500402534044576,14.392518269990216,user,squat,heavy
1789072553321,8.08237589187622,-8.693196590423584,4.753237314385175,-3.745962608780133,-0.8134140050851356,16.098585118990805,user,squat,heavy
1789072553338,7.811829935234784,-8.570342364171147,4.667939788588881,-7.054011054019484,-3.07438020321381,14.474111709815189,user,squat,heavy
1789072553354,7.406761526378989,-8.386887831005454,4.181621375761926,-7.287581325519118,-4.430955450451542,9.859947533935456,user,squat,heavy
1789072553371,7.578994992828369,-8.141183470153807,3.6800370047420263,-3.892193970702344,-5.326473932249784,8.147868410917965,user,squat,heavy
1789072553388,7.620294971466064,-8.08925922164917,3.614045944701135,-0.5064974803790557,-6.929684535652327,7.29993713772767,user,squat,heavy
1789072553404,7.62373546730876,-8.074743789562582,3.497179560686648,3.9476563874233173,-7.978553997808873,7.893687189824171,user,squat,heavy
1789072553421,7.295730424389243,-7.968501675415038,3.743632109557092,2.9069980933095962,-6.963974219719907,9.570420937660494,user,squat,heavy
1789072553438,7.134719193699955,-7.902210463383794,3.829374164250493,-1.2734500307696788,-5.856274203807925,10.678721583332612,user,squat,heavy
1789072553454,6.776487939342856,-7.669973486870527,3.8726203085199,-10.101347763544863,-2.3390657293889205,13.296754436539656,user,squat,heavy
1789072553471,6.1812289670646186,-7.528565951317549,3.3581659345328805,-14.87912485212402,1.5146089626023138,13.49847553593952,user,squat,heavy
1789072553488,6.011392040362954,-7.3837179199218745,3.013550825335085,-14.55388319667906,5.707174589321132,13.572999729973528,user,squat,heavy
1789072553505,5.560382549065351,-7.006031438988447,2.4320585126027465,-4.257524140820224,6.501753974243988,9.91845578813943,user,squat,heavy
1789072553521,5.2085857116699215,-6.867917684283852,2.0313298865169287,9.854028321245993,4.599229540372677,5.178175584329998,user,squat,heavy
1789072553538,5.199905561608076,-6.784567785423993,2.1692945881396533,20.507072662167587,5.1284757128344,0.5450700132213507,user,squat,heavy
1789072553555,5.266643932884931,-6.700171592381596,3.082832451353967,23.025865428055287,3.8666413792436805,-4.0139963072843585,user,squat,heavy
1789072553571,4.97305612335205,-6.928369522637128,3.580377483855188,20.388492040439704,2.6499974981924685,-9.266176137497798,user,squat,heavy
1789072553588,5.165938410076499,-6.95261198348999,3.628710429869592,16.47697759900951,2.1557654367371692,-11.93467896602936,user,squat,heavy
1789072553604,5.234024104309082,-7.019499407848715,3.477128121782839,15.562895089933996,-0.7358406118343919,-17.997635547895516,user,squat,heavy
1789072553621,4.998343709343671,-6.955603566521406,3.350084334886074,18.273776680944547,-2.562629346867662,-24.215745853174038,user,squat,heavy
1789072553638,5.033509130749106,-6.918643078392743,3.3165666806876657,24.997782022572988,-10.56787102819789,-31.4788768090118,user,squat,heavy
1789072553655,5.295972903221846,-6.739975779503584,3.142986183543503,31.594791949416088,-17.628252087392056,-37.12743642242317,user,squat,heavy
1789072553671,5.759252678027749,-6.387430754089355,3.6309552861869334,28.651557568125458,-18.72870313816054,-37.920629705831345,user,squat,heavy
1789072553687,5.888388176506758,-6.351516560143232,3.858404443901777,24.086829447684632,-24.10609911888053,-39.22531536561425,user,squat,heavy
1789072553704,6.59468000434041,-6.475718109351396,3.880850376726687,20.41964453324413,-31.157284182130923,-38.2286746524935,user,squat,heavy
1789072553721,7.193080197253823,-7.094318794250488,3.5233661413446065,19.5334001676783,-32.112916439474915,-36.69487029700252,user,squat,heavy
1789072553738,7.551161229485273,-7.396735806927085,3.437174297057092,18.720800609290833,-32.808099923387985,-34.00860129266611,user,squat,heavy
1789072553754,7.366358204320073,-8.001720054405927,3.8826454434499142,14.911289920472901,-35.74571988918086,-34.461487230867554,user,squat,heavy
1789072553771,7.895328887176513,-8.077887348285318,4.353406513921916,6.250384229767301,-32.38526340244,-31.178379221382507,user,squat,heavy
1789072553788,8.142678092625736,-7.9075974171191445,4.46982310834229,-2.546002318550324,-31.99909475205124,-24.72426197461795,user,squat,heavy
1789072553804,8.45302706734538,-7.235426470074057,4.347719408196211,-9.751181040271234,-30.814968761308222,-15.81405822118829,user,squat,heavy
1789072553821,8.196697852104903,-6.6120350437670945,3.819647720006108,-11.235372609178542,-28.87003824420124,-7.078248407176098,user,squat,heavy
1789072553838,8.059031841167807,-6.489034687042236,3.644572600390017,-7.861603229971683,-27.293925989443903,-2.5053078380319764,user,squat,heavy
1789072553854,8.162879753655195,-6.19933511711955,3.1328117032706735,-2.660696349197059,-21.13830508488183,4.499876328045202,user,squat,heavy
1789072553871,8.105121976691484,-6.13514233867228,3.1679765401542186,0.7481738524021722,-11.388506304143874,16.486314467604917,user,squat,heavy
1789072553888,7.6817948575675485,-6.082168873375654,3.3698376676261423,-2.8178203687415597,-3.7319052256946006,22.13182269400459,user,squat,heavy
1789072553904,7.1483368001639835,-6.000766016930341,3.5811259641349316,-7.442851162147371,-0.30801634524501065,26.612474600857144,user,squat,heavy
1789072553921,6.28896745724976,-5.933129820030928,3.0292621892079707,-5.487996380176361,-4.566155629977359,25.726547839087715,user,squat,heavy
1789072553938,6.022464638519287,-5.9111342613220215,2.647836814007163,-2.15800531189811,-4.258952931017227,21.957277209764914,user,squat,heavy
1789072553954,6.21145810111165,-5.921011512213945,2.424277941729128,-1.900749651904165,-3.0478442779580757,21.021507142527316,user,squat,heavy
1789072553971,6.069301208496094,-6.063015844616293,2.2593767178639768,0.3834374284944071,-4.46309405181739,18.76664483899996,user,squat,heavy
1789072553988,5.9115825896114105,-6.292260069054365,2.192036289040744,1.3735039778173146,-3.0327655681482146,14.860029350751956,user,squat,heavy
1789072554004,5.462519556206464,-6.470179179924726,2.256832586339116,3.43440737177141,-2.2797111720580983,7.929551659382262,user,squat,heavy
1789072554021,5.172223773956299,-6.578966886901855,2.419339900805056,12.224284109479777,-9.250396692967776,-5.924112496418139,user,squat,heavy
1789072554038,5.238064319610595,-6.502950984191894,2.5845392308339474,16.051851257142285,-13.478848133585842,-16.086948184192394,user,squat,heavy
1789072554054,6.062266487553716,-6.304679405644536,3.043178194096684,15.117918510791421,-17.27713084518192,-22.171753687439775,user,squat,heavy
1789072554071,6.291511881035566,-6.26338001152873,2.8669053891286254,14.463164624122951,-17.414673779593052,-28.966600043592297,user,squat,heavy
1789072554088,6.1818275174796575,-6.40388972145915,2.8609198849782347,15.911863115008288,-18.228943319232584,-37.60710353236025,user,squat,heavy
1789072554104,6.5001055316329,-6.6023085995227095,2.8227622960194942,19.9350716399357,-22.51789913683956,-45.95651460398601,user,squat,heavy
1789072554120,6.941238941082358,-6.5880947807312005,2.9114976873099803,20.57581339352189,-25.093589086060756,-50.82585891612565,user,squat,heavy
1789072554138,7.837268327873945,-6.6967305120170115,2.9302015109971165,20.898092454414357,-27.411970441321937,-55.981442796002185,user,squat,heavy
1789072554154,8.668356163677572,-7.006480936321616,3.130267571745813,18.99006886448754,-26.672334378743138,-59.5170868047647,user,squat,heavy
1789072554171,10.459068783348798,-7.410053553661704,3.153760967797041,18.723283383054135,-28.09304958459893,-60.24506885707217,user,squat,heavy
1789072554188,11.239878384289145,-7.74404526977539,3.2914269787341355,20.26117219166879,-33.14959913660486,-59.73012723516657,user,squat,heavy
1789072554205,12.381164388164876,-8.262988479614258,4.015673857714235,17.073473387152355,-39.027523332534436,-59.14237579670863,user,squat,heavy
1789072554221,13.415458336308598,-8.437165481346845,4.334251147074998,9.634278937531882,-42.66882353756788,-50.565802878572,user,squat,heavy
1789072554238,15.269470584979652,-9.00145063869059,4.575617770983278,-8.364840468960821,-37.597974984534524,-26.170860182333506,user,squat,heavy
1789072554254,14.705784562572836,-9.644293199920654,5.119700390514731,-25.4759823493858,-28.24452781246418,-13.187526051332812,user,squat,heavy
1789072554271,13.876342740410566,-9.751432555168867,4.976048290905356,-29.782134875775572,-17.614538775085965,-12.948787034178771,user,squat,heavy
1789072554288,13.123964284184574,-9.503483630260824,3.4811673141710457,2.4579823110466044,-9.431627224857602,-20.759962123734603,user,squat,heavy
1789072554304,12.728173406761885,-8.779386681145429,3.6652222974479196,32.01760797979656,-7.359033641973913,-28.145558371390695,user,squat,heavy
1789072554321,12.757953043475746,-8.204630690930783,4.604198553301393,41.122769237800476,-7.516458403285306,-31.686237937118804,user,squat,heavy
1789072554338,13.808257630699872,-7.10898240263611,6.297796514263004,15.516099756382946,-4.071970952959426,-21.011927802216373,user,squat,heavy
1789072554355,14.012363322228193,-6.617273528942466,6.658423577715456,-18.98389437347785,-0.1815571269899435,-7.740623504297832,user,squat,heavy
1789072554371,13.630039244621992,-6.726957600237429,5.987148702727258,-48.97254172635605,6.160086994505616,2.6930010095371038,user,squat,heavy
1789072554388,12.214917010387778,-7.028328318731487,3.191769211412966,-47.34299519417441,6.442049583161613,4.41527290923037,user,squat,heavy
1789072554404,9.783305949291586,-7.573308179363608,0.07870821053385733,-11.551494254534243,-0.3041759646624652,-9.557740691466364,user,squat,heavy
1789072554421,8.726563437974452,-7.630169884270429,0.04683496254161,22.893513437413365,-10.654679317454168,-30.720691660194536,user,squat,heavy
1789072554438,8.596080032017827,-6.9321104627311225,1.8626874302968381,31.88343232864624,-12.56561256796741,-46.22423411378841,user,squat,heavy
1789072554454,9.23189021039307,-5.685480462591349,3.1866806561022996,25.245127078081243,-14.189075962919508,-48.0881005307311,user,squat,heavy
1789072554471,9.13597250638306,-5.191676077923178,3.4985260068595405,16.039744746838437,-18.375476490138745,-47.81371475629876,user,squat,heavy
1789072554488,8.36324508961141,-4.616469421331584,3.604170739635825,4.4905334830342705,-26.144910586129335,-47.94401769018968,user,squat,heavy
1789072554504,7.461229029625653,-4.345774703869223,2.945015926030278,-3.366067487144024,-29.93590975474924,-47.482477902309824,user,squat,heavy
1789072554521,6.925078079876303,-4.3908162071228025,2.4021314302422105,-10.386393755724297,-29.11669686569791,-48.458757821514766,user,squat,heavy
1789072554538,5.690566679814458,-4.4563563085258,1.0923529000110923,-11.874411938114106,-20.698261609867295,-52.8247103616353,user,squat,heavy
1789072554554,4.7291474137455225,-4.499004194641113,-0.10833850190490484,-2.7833168143755938,-19.28994148980778,-59.75589070871585,user,squat,heavy
1789072554571,4.358643537792563,-4.366574915313721,-0.23583003256916998,4.525383669500615,-19.25322922301896,-65.40141088794657,user,squat,heavy
1789072554588,3.9647985337406393,-3.881001183374226,0.035761925993859765,-4.463094905591037,-10.583821227457163,-67.46397092293951,user,squat,heavy
1789072554604,4.243721858105063,-2.896385458374023,-0.12285364173054694,-15.696775335402709,6.511019979626756,-64.21663261413782,user,squat,heavy
1789072554621,4.648941073608398,-2.3948005028322337,-0.6540668428167701,-8.091540694606516,16.96384714342636,-57.38050800973633,user,squat,heavy
1789072554638,3.71595002964437,-2.352153201238811,-0.6856409617319703,24.500250552861747,-0.03626928166338627,-65.25032027331672,user,squat,heavy
1789072554654,3.2163100706905126,-2.3998875968381763,1.159989973693341,32.24549041126486,-8.109245398708834,-75.01563297498072,user,squat,heavy
1789072554671,3.9576147597163915,-2.3388357467651364,1.9801529492482541,21.628577771052633,-7.826774387846495,-73.14482367074672,user,squat,heavy
1789072554688,4.976198513031005,-1.9677346355713903,2.6409534842342137,-1.8735998633967759,-3.3936413877101885,-63.71506450262711,user,squat,heavy
1789072554704,4.553770973095298,-1.432929547473043,1.8809442408688366,-9.016882770528795,-4.607710074000893,-61.711865641710745,user,squat,heavy
1789072554721,4.153789658245444,-1.1091139190673827,1.2131104462452231,-3.619707842632917,-8.871282774217988,-65.24193280101595,user,squat,heavy
1789072554738,4.678569319152832,-0.40043037379160523,-0.3841207517646253,18.17762981554557,-12.77277818190942,-64.50393769138525,user,squat,heavy
1789072554754,5.304202971428633,0.26560674667358397,-1.0476140329658985,33.82954105338505,-11.7215113233542,-58.817217811081,user,squat,heavy
1789072554771,5.402814736828208,0.5265750198915601,-0.8848075894229114,44.6029486954079,-7.455581780986629,-52.58717345777518,user,squat,heavy
1789072554788,5.502024468120932,0.7619548244751989,-0.4953019297495484,53.01681967732566,-1.2111550770011659,-46.5762552334217,user,squat,heavy
1789072554804,5.942557573589682,0.8723870837889611,0.4768943125300109,50.53554172545426,6.870786106892014,-42.288631302702875,user,squat,heavy
1789072554821,5.948094749450683,0.9136869893614202,1.0824776949457824,39.687527927127356,15.54273407905141,-40.02769866855067,user,squat,heavy
1789072554838,7.536648135486245,0.9741407274108379,1.6671116667047141,31.18638420308976,13.934412359715584,-29.178025134255456,user,squat,heavy
1789072554854,7.914631553539634,1.1872247482299805,1.378759711998701,30.401185656105095,8.362425143315575,-15.574912807778633,user,squat,heavy
1789072554871,7.875425916832685,1.2789527454651892,1.3021454050041734,34.24110434710792,4.593245013999276,-9.563651366419364,user,squat,heavy
1789072554888,8.122027518785,1.1918637331422417,1.366189568760991,37.10301166595121,3.2690941688554753,-3.9882097818466216,user,squat,heavy
1789072554904,8.415468613323569,1.0064625228881836,1.9336165312618017,32.74055618268573,4.441171705902589,2.3313977748285235,user,squat,heavy
1789072554921,8.747961615312098,0.7707834430970251,2.032825239641219,26.4526806176774,6.758121709645831,8.210344151256072,user,squat,heavy
1789072554938,8.410531741443275,0.05012837806381285,2.0413548753164705,23.127983586336146,4.069627344300466,7.922255309801396,user,squat,heavy
1789072554954,8.190412488225101,-0.49245728090815244,1.9455863705188035,24.89529844917153,-9.836966508699302,1.0800769166394513,user,squat,heavy
1789072554971,8.288876369586587,-0.7480384542603046,1.8472759261533618,26.724216495678554,-17.561118158040003,-4.668488512330252,user,squat,heavy
1789072554988,8.476968499425054,-0.8086416837830096,1.8261762933708727,23.904188481731197,-17.597606736133503,-10.304212065857058,user,squat,heavy
1789072555005,9.426868592613936,-0.4917091659545898,1.747018147112429,16.671477480909378,-12.522689951675757,-8.0270398031795,user,squat,heavy
1789072555020,9.452007710045576,-0.244657555212453,1.540218686455488,15.531925304689866,-9.849371839779337,-7.755616623299656,user,squat,heavy
1789072555038,9.19388284355998,0.30316574868466706,1.2865833864741028,16.59640857928906,-6.94630537411073,-9.799351803166395,user,squat,heavy
1789072555054,9.714771926769613,0.6070796123228966,1.2187976981014013,20.405415541655703,-8.727430452561057,-8.851343744483428,user,squat,heavy
1789072555071,9.963470793262124,0.6506242280822246,1.2788023772090673,22.72238646285328,-12.79659846663984,-5.499003230023837,user,squat,heavy
1789072555088,10.077043396428227,0.6286275733947754,1.2999011332087218,21.297315303854308,-10.1845206846154,-0.4850748588515752,user,squat,heavy
1789072555104,9.931747036743163,0.45010987557675686,1.389085145049542,15.761691160821803,-5.344392079763667,5.345238169447102,user,squat,heavy
1789072555121,9.738414083641766,0.3838203805785626,1.3075323587395251,11.58296349736143,-0.7945420323258318,6.111015927300483,user,squat,heavy
1789072555138,9.093625649040938,0.08514386960454284,1.2879296865165233,7.450348148535106,3.5679166525908257,2.3057873402053257,user,squat,heavy
1789072555154,9.482685172381997,-0.20649992972109465,0.8798679410636424,10.64495995826524,2.3857709898202906,-0.8464579800419814,user,squat,heavy
1789072555171,9.695020932117105,-0.29568405115976926,0.7306798346370458,16.52839867817595,1.7066634233359057,-1.2672038227737021,user,squat,heavy
1789072555188,10.237456661224364,-0.3274072962220758,1.331025024138391,18.516728217269193,-0.9809489938328809,-0.0427563238637253,user,squat,heavy
1789072555204,10.364647455376385,-0.3366846815247089,1.9823976594351231,14.156582191716819,1.4640919230055474,2.6756179646560097,user,squat,heavy
1789072555221,10.109518263575435,-0.3239655948029831,2.2506983213678002,9.293698384758365,3.154419561559193,-0.5257187532813823,user,squat,heavy
1789072555238,9.967509839519858,-0.18614928867500274,2.559999394469708,6.229129534843867,-1.0233775953484712,-5.433751444674943,user,squat,heavy
1789072555254,10.440365251922607,-0.14529825938120483,2.5725683686636387,0.27482880291346246,-4.922772186261596,-6.50693168452168,user,squat,heavy
1789072555271,10.53418802947998,-0.11911160565800964,2.5210931791007516,-6.945889586345005,-4.017117276848231,-4.525532226115062,user,squat,heavy
1789072555288,10.242843030437827,-0.32606033859252925,1.9416963773429392,-10.988153058396284,-3.7584964327939296,-4.033717197852301,user,squat,heavy
1789072555304,9.93503731046021,-0.3377321812836453,1.5854096811823546,-11.359277363364452,-3.758160899750953,-6.703867809521127,user,squat,heavy
1789072555321,9.720309687152504,-0.13781623306274413,1.1836325689569116,-7.534157130972101,-4.428078233263674,-10.235390226006363,user,squat,heavy
1789072555338,9.790188694542646,0.1019030072310008,0.8387171616382897,-2.0727730887928137,-5.5913281776953685,-11.258661846700994,user,squat,heavy
1789072555354,9.770886028179525,0.19976598182357846,0.7622530767694116,3.7878222768822027,-3.7423135802160536,-11.902903218463168,user,squat,heavy
1789072555371,9.734524090465902,0.4296095786605961,0.9668079733699559,6.685078386001245,1.6740697606166048,-9.835020758559494,user,squat,heavy
1789072555388,10.067316367661952,0.4759971444945782,1.4426543842822313,4.72852800956878,3.577072948060051,-5.26752470395752,user,squat,heavy
1789072555404,10.047116460198163,0.470310879019089,1.564909037206322,3.5784447488661657,3.8144783707786467,-1.7357804130459644,user,squat,heavy
1789072555421,9.57665641849935,0.32037412791596726,1.5726903387323021,5.475214961805152,2.230361988087698,-1.992746750495536,user,squat,heavy
1789072555438,9.47445335060954,0.12524671087954192,1.6464621157772839,7.651208644099548,-0.08503571509441991,-2.5990767303827313,user,squat,heavy
1789072555454,9.555857960620521,0.1277904314124491,1.8174973123528062,7.188668233506285,-0.8923019429468424,-1.7710281378663442,user,squat,heavy
1789072555471,9.726292268693447,0.11162957933954894,2.148346054265648,1.4503659108164664,0.8034089518898305,0.7193409025120509,user,squat,heavy
1789072555488,9.764602417865396,0.09576789287631399,2.280176637047529,-4.152353741754014,1.5702121452532125,2.4463709894575825,user,squat,heavy
1789072555504,9.803207750591636,0.11312579098036513,2.250249116295576,-7.907698469132806,0.8402541405631999,4.135094280608215,user,squat,heavy
1789072555521,9.741406251195073,0.10953465288691222,2.007985251286626,-9.530279915908327,-0.7860702498774887,4.40571448637376,user,squat,heavy
1789072555538,9.733924371007085,-0.06718748501753434,1.6132418370902537,-8.968538691583445,-0.9008477368981449,4.586066912068416,user,squat,heavy
1789072555554,9.812632581540942,-0.10833757032314315,1.4691403862781822,-7.711779615432868,-0.052123391366815576,5.989036432686872,user,squat,heavy
1789072555571,9.788243990215658,-0.21128827824248,1.3590081328243016,-6.89992796275952,1.8495366800639979,5.69956746613303,user,squat,heavy
1789072555588,9.85737539410889,-0.1551741768325679,1.3476347981557248,-5.51555704725101,1.01561689962575,4.572532892228035,user,squat,heavy
1789072555604,9.965562797105312,-0.07018018229380249,1.345540456224978,-4.631093653511256,1.6553773471272784,4.05956818320033,user,squat,heavy
1789072555621,10.104427077916265,0.13198045784765855,1.2961600469842551,-1.9693127983400456,2.670210162380652,3.443901548161139,user,squat,heavy
1789072555638,10.058637971165776,0.3517977872435003,1.4104831762567163,0.7677822582922209,1.1319665040942728,0.8723765202297699,user,squat,heavy
1789072555654,10.226383478546142,0.5915173928634263,1.6258112496756016,-0.6554965096581501,1.9241264012253567,0.893784680966117,user,squat,heavy
1789072555671,10.626962759289144,0.704643348240573,1.8719648155994713,-5.613387554280394,0.8002164787830843,3.8266156169337595,user,squat,heavy
1789072555688,10.650157756915688,0.9353845515044406,1.833209406878054,-9.675902964107586,0.3342983795626908,8.430562256701975,user,squat,heavy
1789072555704,10.443656110161543,1.0045171975066884,1.7256199697747825,-14.054605759861238,1.8165306446735574,11.271138040993668,user,squat,heavy
1789072555721,10.095150131005049,1.1590926595274358,1.3461391527704893,-16.46268542817126,4.302649920006029,13.90561628217481,user,squat,heavy
1789072555738,10.07450131072998,1.2373531993590294,1.0220242491573095,-13.819987908097652,8.6618341695459,20.746836207697132,user,squat,heavy
1789072555754,10.065522469982504,1.2144586825164034,0.433349039183557,-7.528059479590572,12.1349930464602,29.359062713301228,user,squat,heavy
1789072555770,9.663596450805663,1.0567406846862286,0.2923911470942199,-4.101331801767196,16.426176359510247,34.06224901350197,user,squat,heavy
1789072555788,9.446472287750243,0.9573813157897442,0.4035713021658361,-4.50356761840477,20.231211566874528,37.10855777955726,user,squat,heavy
1789072555804,9.147345548790693,0.6172551155090331,0.8602651227101683,-10.165922933279102,25.314030026428334,40.63513471219658,user,squat,heavy
1789072555821,8.972419774517416,0.4037221088133752,1.3787595658682286,-16.161171849902924,24.96966042621275,43.06246441490864,user,squat,heavy
1789072555838,9.018658963122963,0.22101452155746518,1.5212148569084702,-20.566230638116362,23.334648035147808,46.49777977495284,user,squat,heavy
1789072555854,8.821135572594404,0.013467384338378905,1.3545181279286742,-21.976567371528322,24.657100724509213,50.739675589178425,user,squat,heavy
1789072555871,8.723572439464926,-0.19991569249257443,1.219695231463015,-23.347111422835788,26.870724053375326,55.51329480010034,user,squat,heavy
1789072555887,8.521111592534185,-0.38202451013773675,1.3398532043687998,-26.11639966898641,27.14433801643145,54.670118192346024,user,squat,heavy
1789072555905,7.882607352769375,-0.3824735690794885,1.4471442430473864,-26.58620740085657,28.597083394400023,54.47549536704109,user,squat,heavy
1789072555921,7.847146163287758,-0.29972441259175536,0.8964778612114489,-23.090586593083035,30.844362480401372,56.08740293569118,user,squat,heavy
1789072555938,7.4755942395865915,-0.27009572865590453,0.8060957256272435,-20.11771089834184,29.767695855870166,51.91754512664171,user,squat,heavy
1789072555954,6.177489196014404,-0.11118103185445069,1.0902589964717626,-23.687058475563784,31.63702642414886,43.724610273806356,user,squat,heavy
1789072555971,6.417659303614497,0.1903385935910046,1.3667887036979198,-30.201187471923365,30.52293719315516,47.266387792443545,user,squat,heavy
1789072555988,6.809708656421304,0.22804741586893795,1.2398968924924731,-36.15648405077084,33.82460282661513,55.89065250645979,user,squat,heavy
1789072556005,6.6250558533817525,-0.17103607335835694,0.6619955899894238,-42.50662703534759,39.27914750155771,66.31047491552943,user,squat,heavy
1789072556021,5.812821186608076,-0.8258493506282567,0.41793636599630113,-41.713976751978436,41.14133710705916,71.2924217263259,user,squat,heavy
1789072556038,5.361815202441811,-1.3183069968625902,0.35987726799845693,-35.87751521940543,39.06833712791985,71.69165994369148,user,squat,heavy
1789072556053,4.36717288120687,-2.620154441833496,0.5487199239432812,-26.730221939506286,36.7033465617625,64.75819831342814,user,squat,heavy
1789072556071,4.011633934673667,-3.754108203125,1.063773140606284,-17.37376436155926,36.83830426957278,56.932174392616695,user,squat,heavy
1789072556093,4.39934379697144,-4.5018461400687695,2.060208774998784,-20.418766853935786,43.162482290019724,53.641983476962345,user,squat,heavy
1789072556104,4.361187961578369,-4.624850003924966,2.4332556134328245,-19.65019127984364,39.16265179507397,47.77644924418717,user,squat,heavy
1789072556121,4.3632823035091155,-4.7607200713559985,2.6206016010791062,-13.170889418061954,28.93357949404987,39.974501740200026,user,squat,heavy
1789072556138,4.576368004828691,-4.571130396436154,2.674323254394531,-9.429251172800084,25.187867894721734,36.09356434813669,user,squat,heavy
1789072556154,5.2974681102156636,-4.3248248548209665,2.890099217711389,-14.629781966283534,30.33177385866484,34.19016821137255,user,squat,heavy
1789072556171,5.4215188527762885,-4.15977545465678,3.5290523702874776,-26.63011014929412,33.88192860431905,31.583679231636477,user,squat,heavy
1789072556188,5.891681957355141,-4.119973313361406,3.580678220367431,-28.534585455947113,26.20962150587333,33.89294569945028,user,squat,heavy
1789072556204,6.765415925708413,-4.359392310333252,3.551348373247683,-26.941822907540573,23.392706350640207,38.140657419754135,user,squat,heavy
1789072556221,6.670245240673422,-4.953453304998576,3.504661440874636,-24.65424058279427,24.453716474046452,40.133870544103935,user,squat,heavy
1789072556238,6.439805084449053,-5.358374122077226,3.6944022147029636,-23.18354546768691,22.444933933483608,34.82012680380659,user,squat,heavy
1789072556254,5.861003910496831,-5.948393147875368,3.7285190038383007,-19.53420783754765,18.330721675602234,26.734340543575804,user,squat,heavy
1789072556271,6.203823660710453,-6.2949535459220405,3.808122409646213,-16.164407652022216,13.244996970556592,20.73103798014689,user,squat,heavy
1789072556288,6.473172516521811,-6.26338118057251,3.9104786222711203,-19.573452396971252,12.177436695736306,18.69848467372511,user,squat,heavy
1789072556304,6.798633135655522,-5.744885129979252,4.312404933708906,-24.0253611602491,13.756210162949012,18.228972347536555,user,squat,heavy
1789072556321,7.391947403606772,-5.180453257641196,3.98424966866374,-22.375477739813746,10.978629213372349,22.568879668804534,user,squat,heavy
1789072556338,7.733421584430337,-4.921580787658691,3.794509187096357,-16.81690074607541,5.663652197042987,27.803785950607015,user,squat,heavy
1789072556354,7.736113307732343,-4.955846629875898,3.6909596730336545,-12.834662257110674,5.139039881046294,31.701933711831494,user,squat,heavy
1789072556371,8.127417979651689,-5.231780124774575,4.123711623106897,-17.798542363778814,8.201198527957423,41.55582030665221,user,squat,heavy
1789072556388,8.096442411151529,-5.423914808002114,4.495412015368044,-23.461015072529506,7.523116130178776,46.79324009806925,user,squat,heavy
1789072556404,7.904456781005859,-5.9030544152408835,4.444236247143149,-26.25337399014914,6.889006490276669,50.67939575465848,user,squat,heavy
1789072556421,7.708879263848066,-6.399550230950116,3.9475875789597628,-22.740925303807987,4.008841222008291,51.65672410790102,user,squat,heavy
1789072556438,7.615656205749511,-6.664260905566811,3.8088749815791845,-16.97033411559058,0.17740185067427666,50.23955889286634,user,squat,heavy
1789072556454,7.7507777929008,-7.012914768761396,3.6088080440476533,-11.453152337090753,-0.24198594501116194,50.96084052959802,user,squat,heavy
1789072556471,7.906551122936606,-7.167191722759604,3.6816827261224385,-9.49682479557996,1.6760695119395377,51.62859397380432,user,squat,heavy
1789072556488,7.72459238128662,-7.336282799530029,3.997567999920249,-11.957489236536263,0.7250101196057201,49.11663822727581,user,squat,heavy
1789072556504,7.746438886913657,-7.623885689434409,4.319139210399985,-15.494774198246875,1.9480406010568638,49.74311342323313,user,squat,heavy
1789072556521,7.684639141082763,-7.841908262634277,4.231899610625208,-21.418597265398933,7.109940484924956,50.02948959475343,user,squat,heavy
1789072556538,7.2794193410575385,-7.8435531072318545,4.1314927785024045,-20.38069196440755,6.423253756339385,45.24050587329357,user,squat,heavy
1789072556554,7.319972300720214,-7.9183730781555175,3.668514616991579,-14.62709087175055,1.3846490322737772,44.041500315443685,user,squat,heavy
1789072556571,7.468561272209882,-7.961466954472661,3.4061987285569306,-12.880098383016891,5.579929018857441,46.292846779095775,user,squat,heavy
1789072556587,7.261761519291997,-7.870487875908613,3.3897388844043013,-13.08782236492355,9.530127944199295,47.93698601043915,user,squat,heavy
1789072556604,6.7839704040527335,-7.983016522979736,3.3141730635493993,-11.187678251977989,11.876081065592528,47.23599686573157,user,squat,heavy
1789072556621,6.523899079674482,-8.088210004857181,3.2849890546411276,-8.65998916469635,16.71180633286372,48.647824287929886,user,squat,heavy
1789072556638,6.7725961926013225,-8.129958896306157,3.3937788074448703,-8.007854655574581,14.704644254681458,52.35587934681645,user,squat,heavy
1789072556654,6.545147034886479,-8.349777120751142,3.873667479485273,-7.141673970695659,10.826577249616816,51.079467255102806,user,squat,heavy
1789072556671,6.380845530480146,-8.801832321709394,3.9818554670035837,-2.877815683193894,7.613471848935228,50.10533884548642,user,squat,heavy
1789072556688,6.329521585956216,-9.019407735663652,4.026597695049643,-3.3334462902246313,11.24242477949658,49.6922592497678,user,squat,heavy
1789072556704,6.353462433513998,-9.239373259624838,4.164563565716147,-7.548170117828029,17.5101205506021,53.16324185765781,user,squat,heavy
1789072556721,5.957223227801919,-9.363424002185463,3.950281640349328,-11.215740084182986,19.897698552344682,50.792097291058276,user,squat,heavy
1789072556738,5.625476075744628,-9.434651501575113,3.85346669523865,-5.357364743431637,11.550334829922633,43.97900749963265,user,squat,heavy
1789072556754,5.543025756072998,-9.677512163433432,3.56586322081238,1.3348197073490664,11.215678612480456,40.53703612024228,user,squat,heavy
1789072556771,5.949290096715092,-9.771932322362066,3.480568617625534,8.447247555070671,11.80888395699065,40.262674251472035,user,squat,heavy
1789072556788,5.438727177208662,-9.91483681847453,3.6782404767140746,12.199708235072425,15.306790316815198,31.83783740084182,user,squat,heavy
1789072556805,5.310638265173137,-9.854234757995606,4.351310710686445,8.72002225863253,18.29087947462626,28.498265925035568,user,squat,heavy
1789072556821,5.8316769859865305,-9.938182038226723,4.571877415411174,7.367588453909354,15.125221690561457,29.05906714457593,user,squat,heavy
1789072556838,6.261136031994223,-10.13300844475627,4.746652967558801,9.44546689566334,7.795918154497317,30.82159745989772,user,squat,heavy
1789072556854,6.2409352477476,-10.537928385052084,5.183595355059206,4.611924727605615,8.054982107074023,30.74107635977244,user,squat,heavy
1789072556871,6.096684305462241,-10.72617249058187,5.585521666496992,-3.527222172072478,8.539814547570915,29.34393384428965,user,squat,heavy
1789072556888,6.10042495329529,-11.213839687669276,5.511600690239668,-2.131349218001666,4.203703957707816,24.204482871232685,user,squat,heavy
1789072556904,6.078878307397663,-11.63821485454142,4.971259887585044,4.3483259563068435,0.6793510520561253,19.87429832424822,user,squat,heavy
1789072556921,6.021865503582358,-11.883320080456137,4.952853585539758,9.804547015803836,-2.578939198275418,14.625026447073912,user,squat,heavy
1789072556937,5.660791427014768,-12.051215225440263,5.570707835985719,13.14079731212617,-6.848940173718551,5.367692843230342,user,squat,heavy
1789072556954,5.56337676244527,-11.77932253036499,5.575346017180383,16.291722378151253,-5.818331222308035,0.42431821843062256,user,squat,heavy
1789072556971,5.770025416454672,-11.520448306816816,5.451296151402592,21.561759737949693,-5.722923724886712,-3.490409586880225,user,squat,heavy
1789072556987,5.696403423143923,-11.47989534715414,5.476734251780807,26.648923905362917,-6.971994569352794,-14.096943541205206,user,squat,heavy
1789072557004,5.726481166021525,-11.646294116100668,5.367050765007734,31.918884425533193,-9.900996970847233,-20.37794281326662,user,squat,heavy
1789072557021,6.355706997570395,-11.63851354522705,5.201701505114138,34.364819563544366,-13.591729816224996,-21.786824716385368,user,squat,heavy
1789072557038,7.132177984784543,-12.062737320929765,5.655253374370933,26.860885165875924,-18.202402911665207,-22.841282980830275,user,squat,heavy
1789072557054,7.089081185857951,-12.885742388042807,6.151151516447961,18.314054306480113,-21.070626447943464,-26.933126369179856,user,squat,heavy
1789072557071,6.922235842187702,-13.153145370483397,6.12885697479248,11.061695412737103,-21.65875866944763,-31.117522235877694,user,squat,heavy
1789072557088,6.96278646376282,-13.325974464738367,5.784988300047814,6.671668163339572,-25.924797494841922,-39.44725894759923,user,squat,heavy
1789072557104,6.970567326897382,-12.798352858403325,5.854269633805751,3.0782879251927033,-28.488121386570807,-43.2637774105056,user,squat,heavy
1789072557120,7.280767248535156,-12.332234060779212,5.8783633338376875,1.2417584866293485,-28.922801455539588,-43.88716536095808,user,squat,heavy
1789072557137,7.3922472633361815,-11.383231208691,5.705531316973269,0.5759107185623383,-24.51580289360187,-45.48396455116409,user,squat,heavy
1789072557154,7.588871074676513,-10.34280153427124,5.642683815655112,3.3984914623511324,-21.84552336211246,-45.01924531022559,user,squat,heavy
1789072557171,7.971943340301514,-9.884460969433189,5.6461243114978075,3.9633350866630814,-19.04748684974525,-40.975609397037964,user,squat,heavy
1789072557188,7.811230800297856,-9.039156392228604,5.829131100896,3.857271213476069,-16.74986414691903,-40.58142893475277,user,squat,heavy
1789072557204,6.918044527977704,-8.869917431420088,5.815065166142583,4.440653465299314,-15.452172600846213,-46.33701761245825,user,squat,heavy
1789072557221,6.629694034576415,-8.75305163192749,5.889734622679651,8.530948108254591,-21.350491741637445,-51.595402669532646,user,squat,heavy
1789072557237,6.590339344787597,-8.869469687652588,5.625923819512129,13.969760296217691,-30.930873656428755,-55.441441210031805,user,squat,heavy
1789072557254,5.7582034612357615,-9.096319125908613,5.46581099896729,11.109541741646689,-36.323929553368295,-64.12467777734194,user,squat,heavy
1789072557271,5.2810103118896485,-9.073425741577148,5.278016975292563,5.021983672163793,-36.6480903313771,-73.39594923596057,user,squat,heavy
1789072557288,4.898983171403407,-8.685114406254888,4.408321176414192,-1.375854950273974,-35.84869182110798,-80.19786825299863,user,squat,heavy
1789072557304,4.700563708817959,-7.745839167454839,3.340208545298874,-5.13970027496167,-34.217478722768846,-89.05485458751014,user,squat,heavy
1789072557321,4.637270509558916,-7.1882923784554,2.6550202957704663,-0.481149367708669,-33.58136954498722,-94.25080488538146,user,squat,heavy
1789072557338,4.930408237236738,-6.1363382704585785,1.5349807858020066,7.681982061405042,-34.546290859602436,-96.27502023837394,user,squat,heavy
1789072557354,5.19646623480916,-5.570111331397294,1.306335696300864,11.087773928761859,-32.743708314987686,-93.95794003414964,user,squat,heavy
1789072557372,5.006875390845537,-5.361366874152422,1.3980638396665452,10.983187510869685,-31.62876531034773,-93.8618324423384,user,squat,heavy
1789072557388,4.960035898259282,-5.084086056298017,1.3841460812121629,9.384797740360703,-27.054164151461652,-92.58159544468954,user,squat,heavy
1789072557403,5.328892591527104,-4.9060173078238964,1.52301065428406,8.29353073270495,-21.305342483676366,-89.60436379680517,user,squat,heavy
1789072557421,5.2623038578540084,-4.931306062859297,1.6928484577685594,9.435662159109787,-21.676776708478123,-90.49991088002056,user,squat,heavy
1789072557438,5.023482826775312,-4.877885730578005,2.1365242451772093,11.391625139273632,-22.518619721796995,-92.44754615203888,user,squat,heavy
1789072557454,4.899582306340337,-4.637567446678877,2.2831690968617795,17.26565100473442,-24.557284339978647,-96.28808639025618,user,squat,heavy
1789072557471,4.7072979855090376,-4.403085613848269,2.330304357524216,21.836046474639065,-26.41732926608071,-100.60665107791516,user,squat,heavy
1789072557488,4.782715922325849,-3.7743092796325683,2.29244633603394,24.912250978691503,-25.455954527192027,-101.99074110189405,user,squat,heavy
1789072557504,5.035751941239834,-2.965816721996665,1.7136483769521116,32.87352289035295,-23.987124053728078,-101.6522642473849,user,squat,heavy
1789072557521,5.12777906755209,-2.607584298595786,1.4784177715808153,38.649608965757636,-20.016309909923834,-101.2286354244932,user,squat,heavy
1789072557538,5.270984007915854,-2.050783067266643,1.0863672497302292,44.96374319303007,-16.632367817721885,-100.79034218545348,user,squat,heavy
1789072557554,5.588665809741616,-1.5523405014038085,1.2931667103871702,47.694165955256025,-14.690693593301708,-97.88790793916992,user,squat,heavy
1789072557571,5.7130134894222016,-1.4381667174741626,1.5456056401908396,43.06075003742697,-11.680304792091514,-92.60405310668055,user,squat,heavy
1789072557588,6.043561787083744,-1.0785875556394457,1.9135642155751584,37.77004452520007,-10.906376057237368,-84.30029160437256,user,squat,heavy
1789072557604,6.6703948782771825,-0.7035960128784179,1.626260893139243,35.645152183841596,-11.170149425246798,-69.96786363115282,user,squat,heavy
1789072557621,6.522403288158774,-0.6841431243896484,1.5860077932059764,31.448393674746036,-9.644160513713597,-65.4092177941679,user,squat,heavy
1789072557638,6.436959631890058,-0.5633852858945727,1.635986752861738,27.752318767663674,-9.989390717764598,-61.66664978940526,user,squat,heavy
1789072557654,7.052271212115883,-0.4652234562195837,1.540817529131472,22.691684762534074,-10.212394686618223,-52.15356572850609,user,squat,heavy
1789072557671,7.296029699596763,-0.3742436470031738,1.3808546384513378,24.029782000189392,-10.835001434184381,-43.681767912237454,user,squat,heavy
1789072557688,7.350048874554037,-0.3387796079773456,1.269673606596887,26.16595098386756,-10.504934250090807,-36.01755117286361,user,squat,heavy
1789072557704,7.359476043590903,-0.3136404174804687,1.7181375050649046,24.422785962390048,-8.165013039508343,-28.24488298230102,user,squat,heavy
1789072557721,7.318475340160727,-0.3389290263853967,2.0106790204152465,21.010590792686344,-10.870055672552178,-25.580258847444384,user,squat,heavy
1789072557738,7.390751471820473,-0.19348149472661316,2.4393916319698095,14.404998733151123,-12.628295775301556,-24.33625600334245,user,squat,heavy
1789072557754,7.4227739190250634,-0.1158195783752948,2.6400559508726,4.987110006922177,-13.360480101495874,-24.452241153185728,user,squat,heavy
1789072557771,7.588571214947104,0.14544775085449219,2.805105058775842,-4.931560505289286,-15.206504356779194,-22.86979902061508,user,squat,heavy
1789072557788,8.016235486492514,0.2762307973448187,2.003346777831018,-6.223636782090708,-14.901538117885417,-21.228525053628527,user,squat,heavy
1789072557804,8.098087255749107,0.3826232066832483,1.6953925892934203,-8.037110063337037,-12.19012035702502,-19.18678172767849,user,squat,heavy
1789072557821,8.673295373645423,0.41299967677909877,1.4616595290035008,-12.409967924708452,-6.951021619732623,-11.481215023069396,user,squat,heavy
1789072557838,8.6188255323112,0.2419639687469229,1.3064844571217893,-13.613825478189987,-4.595140818380778,-8.978208531900892,user,squat,heavy
1789072557854,8.253860001263021,0.1961747523985803,1.313816407445073,-10.968973033433242,-4.894223276191412,-11.131495677186404,user,squat,heavy
1789072557871,7.914033003124594,0.005387026800587773,1.2086220487847923,-3.547329181771938,-7.136033088214875,-15.10098817938625,user,squat,heavy
1789072557888,7.938274294933676,-0.21951829165033995,1.567153455132246,-1.736621913696051,-9.533298859521473,-19.204294332710404,user,squat,heavy
1789072557904,7.944110746002197,-0.2515407753875479,1.9140140051692722,-2.9156280373259076,-11.903058605266786,-20.952204628113783,user,squat,heavy
1789072557920,8.31910141198039,-0.20021500423271207,2.1071952748402953,-4.391756567918016,-13.471166732090516,-20.448138374914134,user,squat,heavy
1789072557938,8.672693316099048,0.08140285644531249,2.401382657701522,-8.470339570880839,-15.43390355236372,-19.27337998861779,user,squat,heavy
1789072557954,8.871264169853925,0.33129750859364865,2.5562575775928793,-14.387754213044133,-17.78325127777445,-16.88953297770933,user,squat,heavy
1789072557971,9.244312469592689,0.9087490763015114,2.5342614343620835,-21.68970967167154,-14.666806714226881,-13.27965249663159,user,squat,heavy
1789072557987,9.651474051335454,1.385344953874219,1.8005873863451183,-20.99731461248713,-10.613957729622552,-7.411378504225598,user,squat,heavy
1789072558004,9.871890826195477,1.5800232206373475,1.5046047906301914,-14.906770042789645,-10.164749848289153,-1.1686410981209505,user,squat,heavy
1789072558021,9.938328753221034,1.6576853196517563,1.3401530640982091,-3.1264217623776642,-14.834884009322554,5.056754884567859,user,squat,heavy
1789072558037,9.969157022204994,1.3540706033568828,1.5590730245292186,2.2885255311819996,-17.461105405570798,9.386482235764756,user,squat,heavy
1789072558054,10.070610148510337,1.0892120447020976,1.7547991563774645,4.790858181500201,-19.614373767836092,14.63810796688178,user,squat,heavy
1789072558071,10.193911534008382,0.32710765568837524,1.9636929589651524,2.742649227727103,-16.622993383086044,19.97346242571305,user,squat,heavy
1789072558087,9.644442253002524,-0.17283135927729307,2.2714972176380455,-1.9131519947764388,-13.121285169214735,17.007966750370056,user,squat,heavy
1789072558104,9.292793299645185,-0.3604770605225116,2.2034128385797143,-2.653194667054269,-11.740326786970293,11.096521693541353,user,squat,heavy
1789072558120,9.320925169152021,-0.6648399831024929,1.8553553338430822,3.4226699051261544,-12.815928755764622,4.509571354685212,user,squat,heavy
1789072558137,9.322422714233397,-0.7384616110870614,1.4348748363219201,10.111665618059813,-12.879816637713628,-1.1080431261960684,user,squat,heavy
1789072558154,9.246557033649086,-0.7137714429993182,1.5052037794366477,12.240066115330738,-13.189638287333638,-7.247964520785751,user,squat,heavy
1789072558172,9.521888471001386,-0.2283469102721661,1.976860775835067,5.570178923817248,-10.808157936972584,-8.728227023373009,user,squat,heavy
1789072558188,10.398016056492924,0.4004301545958966,2.067840731181949,-1.240921681734316,-7.73512776333691,-4.627183797098247,user,squat,heavy
1789072558204,10.66242570233643,0.6358101783752441,1.9342143510244785,-6.367158693346539,-4.373978439282118,0.7655935561892021,user,squat,heavy
1789072558221,10.824335927692054,0.885555046789348,1.4425050389394163,-5.646252717019204,-3.116781377251014,7.409217603126936,user,squat,heavy
1789072558238,10.676192946404218,0.7288848044464364,0.9531905130364,-1.1268742779029108,-2.054556120502743,9.508262801118791,user,squat,heavy
1789072558254,10.507102454155683,0.5374983457703143,0.7392081551380455,3.4526458978460477,0.4056564073904288,10.550948380755537,user,squat,heavy
1789072558271,10.335019794353842,-0.04668700543828308,0.7968189248465001,7.401966503549321,2.0161059974569797,9.707793117342375,user,squat,heavy
1789072558288,9.92097254475057,-0.46417591992802915,1.0742477728694677,8.209728580457124,2.85454928411648,6.760594238125376,user,squat,heavy
1789072558304,9.748587687131762,-0.6081271486144513,1.1917124150380491,7.373548647733837,4.833013255283873,4.341563215254885,user,squat,heavy
1789072558321,9.776572257122396,-0.6578070522584021,1.5548830254934727,1.9484245857542655,8.3159431446927,3.2662946450694164,user,squat,heavy
1789072558338,9.920524216461182,-0.48557406073305753,1.825726942168176,-2.9771582233507905,10.000467577051067,3.62908782679746,user,squat,heavy
1789072558354,9.919475584191083,-0.3390787005217746,1.9529191976249216,-5.995789355341898,7.73876996171182,2.3856606395765128,user,squat,heavy
1789072558371,9.837923674663902,0.11237776735834777,1.8101646313771604,-5.028902653793016,5.171656168767221,2.5035360442725927,user,squat,heavy
1789072558388,10.124179826134442,0.3082535368103534,1.4535785138785837,-0.8583346651524285,3.2630340835143814,5.759578361954409,user,squat,heavy
1789072558404,10.147523876842856,0.41584304697886104,1.4227536058954893,0.17270710947609783,2.2003445873459615,8.853068367248856,user,squat,heavy
1789072558421,10.263043522423505,0.5377975479125976,1.587354385509342,-2.9128946809974328,4.0660367992311555,12.781550706124655,user,squat,heavy
1789072558438,10.282197720226645,0.48931496429443355,1.709609184563905,-9.479850921718832,7.965317091197387,17.702236696481634,user,squat,heavy
1789072558454,10.255711864361166,0.4554967197142541,1.7072142522513865,-12.927612593978084,8.81766749678068,23.33416479926403,user,squat,heavy
1789072558471,10.286986123546958,0.3939957376342267,1.689258178191632,-15.095399377097888,9.199991604440376,27.077528521064973,user,squat,heavy
1789072558488,9.73617127315104,0.27174188842773433,1.368734723199159,-11.878603112943555,10.818227343356476,30.301816648965165,user,squat,heavy
1789072558504,9.69726374260783,0.11207856521606445,1.3563145098261535,-6.79648645532697,8.235236775686182,31.76711079198634,user,squat,heavy
1789072558521,9.669581370434164,-0.012419921112060545,1.3622995755851268,-3.274132287142006,6.823584803972172,34.232259252132756,user,squat,heavy
1789072558538,9.515305000957847,-0.25573066482543944,1.7682661023244262,-8.083298363825604,10.118305415706711,35.871767615218864,user,squat,heavy
1789072558554,9.34696211220622,-0.22221198771372436,1.9581562214955686,-13.244811701675355,12.665771315730122,36.02685389051317,user,squat,heavy
1789072558571,9.23114319141805,-0.29284079055786133,1.9458863763786851,-17.698191516945695,15.828200127864802,36.293664985155964,user,squat,heavy
1789072558588,9.315539968982339,-0.07960735133066774,1.8989007533200084,-19.843693954124685,14.282606012092725,38.71103968715273,user,squat,heavy
1789072558604,9.490915240588784,0.02693462254628539,1.833358752220869,-15.856285865731893,5.153006764125324,45.840169161664015,user,squat,heavy
1789072558621,10.01733916157186,0.5144540817260742,1.6419725492730737,-9.676628671706899,-2.552040419220027,53.88640521150583,user,squat,heavy
1789072558638,9.501089428600668,0.9894038360595703,1.5622159987300634,-3.364490567219397,-6.535123717207731,63.466889579134694,user,squat,heavy
1789072558654,9.51320832093954,1.1733088894717394,1.6835715108573435,0.2250011321751914,-11.70980181779586,73.13624495314917,user,squat,heavy
1789072558671,9.632620882305503,1.4059952171877026,1.7721563877612352,-1.8258726359108424,-9.343107973214238,85.98243742335248,user,squat,heavy
1789072558688,8.832062040278315,1.2768570883601904,1.775748567034304,-13.977421207145508,2.6597155767209273,101.62074292436529,user,squat,heavy
1789072558704,8.33137344905436,0.993443759100139,1.8842356836296617,-27.973920840190154,10.189619420830814,109.95680439125826,user,squat,heavy
1789072558721,6.604253888371586,0.1022030678898096,1.7181373589344322,-39.756745064176265,15.43917645840297,109.72205078948492,user,squat,heavy
1789072558738,4.410267342045903,-0.9696513801023363,0.7993629102408886,-45.682207376729124,19.988521285285636,96.69399770244087,user,squat,heavy
1789072558754,3.6056653621077537,-1.4683926366508007,0.1753739564321935,-43.577095263207006,26.62647648865567,84.86002560685512,user,squat,heavy
1789072558771,2.7091882315486666,-2.167351052856445,-1.0295072983890772,-39.48591098811234,37.14097044226356,73.59431158983608,user,squat,heavy
1789072558788,2.6363135494738814,-2.6798592612117527,-1.6847713881663977,-30.9992165292639,45.54080197034235,62.780448737359244,user,squat,heavy
1789072558804,2.6639965061694384,-2.924366813494265,-1.895161128400266,-19.142445262228645,45.781839346152104,54.83043297744997,user,squat,heavy
1789072558821,2.657714064899087,-3.1718685791566967,-1.7883194409243761,-7.42695987326969,38.18499217765669,45.869282843001194,user,squat,heavy
1789072558838,2.762460387530923,-3.2700311394840478,-1.2886796281009911,-3.7965247916584453,37.08059157000064,39.80024653900008,user,squat,heavy
1789072558854,3.4575241343855856,-3.3339243504628535,-0.6883341463387012,-11.240569529363276,56.906813900228435,40.97979630299918,user,squat,heavy
1789072558871,4.915742583024501,-3.3126755184680223,-0.12779255943745374,-15.351939574776274,68.74034886370731,52.81869296497651,user,squat,heavy
1789072558888,5.918166059654951,-3.0843291196525096,0.24660072516947984,-10.571606287900241,61.899702674075264,71.2320360238738,user,squat,heavy
1789072558904,5.459378920093179,-3.665223466491699,1.698535563494265,-9.027882790187101,51.15692843047992,66.90351975059411,user,squat,heavy
1789072558921,3.209276518791914,-4.477155935448408,3.6364883703947064,-14.981541831181069,50.935859112708705,46.16928182682108,user,squat,heavy
1789072558938,3.3936288775801655,-4.9806858875781295,3.9808074192553757,-14.254813118586297,45.009928932197695,35.62410837100879,user,squat,heavy
1789072558954,4.926070500293374,-6.190358029937744,4.131043865691125,-16.803928509294266,35.26298602430646,33.16095432610001,user,squat,heavy
1789072558971,5.487657504594326,-6.724113608983159,5.155163333562016,-29.75402864734097,27.4458259814904,31.2578723780377,user,squat,heavy
1789072558988,5.694457257512211,-7.030572006005048,5.304053041563928,-44.95275683375011,24.896891590795438,28.521094124789045,user,squat,heavy
1789072559004,5.74668078122437,-7.511956177300214,4.309112321904301,-55.022620840315795,27.6249664754942,22.90687328742991,user,squat,heavy
1789072559021,5.8743234107971185,-7.43773767940104,3.1093183072194455,-52.5415238884574,28.738874706474903,18.57642919325698,user,squat,heavy
1789072559038,6.124366093114018,-7.413195358818769,2.636014274266362,-40.69729967892746,23.213301186806067,14.360580305431236,user,squat,heavy
1789072559054,6.583304623845219,-7.179011924412846,1.883786332426965,-16.744883231466797,18.946408587765525,9.137788217895423,user,squat,heavy
1789072559071,7.1484870222896335,-6.967426106262207,2.3168381422296167,-5.678472853768269,15.625794302000644,9.278517435554365,user,squat,heavy
1789072559088,7.653662988060712,-6.965629870495199,2.871394809502363,-4.787358563324215,16.787206498658783,15.505738359412037,user,squat,heavy
1789072559104,8.312218666729331,-7.039700484356284,3.8807001546010373,-11.679799358092932,18.648443292771013,26.370286338172246,user,squat,heavy
1789072559120,8.220939728435873,-7.50821582172811,4.456356016264856,-17.296070959750363,22.13802279822367,34.05899101326787,user,squat,heavy
1789072559137,7.972392253112792,-7.7763669921875,4.573971465080977,-22.118327947751936,24.003045224683376,36.62809836767647,user,squat,heavy
1789072559154,7.549964713177085,-8.163928385925292,4.744105913424492,-22.73438027503582,18.033830427854706,34.74059949620554,user,squat,heavy
1789072559171,7.079952415245771,-8.507644792717695,4.510973449376225,-17.33923434021026,14.646276873129114,30.28793087438253,user,squat,heavy
1789072559188,7.073667635887861,-8.620172855266928,4.3792929425895215,-11.111593359718633,11.781342926709865,27.91038300543611,user,squat,heavy
1789072559204,7.4100523846179245,-8.52365601631999,4.564992916594446,-9.784823137028132,9.68219954474869,27.79439956314012,user,squat,heavy
1789072559221,7.4767913404166695,-8.405441724827885,4.856636606322229,-10.619387730012711,6.918070225855543,25.489207303166236,user,squat,heavy
1789072559238,7.400626384624839,-8.217049735260009,4.702510751232505,-10.452072001009494,6.518421343366111,24.104828703694906,user,squat,heavy
1789072559254,7.404816822052002,-8.071751622009277,4.399643948961794,-8.305420384502648,6.429621200193129,18.914854821347358,user,squat,heavy
1789072559271,7.24620037754476,-8.2558052901119,4.246265112847089,-4.380865404399607,-1.7418655779879169,14.572401547066256,user,squat,heavy
1789072559287,7.497741773986816,-8.319401271709799,4.1488507405385375,-1.8884356746042783,-2.921630066059056,15.893322566506288,user,squat,heavy
1789072559304,7.816618338555097,-8.428636722454428,3.7391423969224094,-5.011081409587983,1.6043291536008377,19.563606679282678,user,squat,heavy
1789072559320,7.085640397754311,-8.683321093097328,3.835360545183718,-9.726459170570372,5.301060932782282,15.504234010247341,user,squat,heavy
1789072559338,6.755838534545898,-8.82278275527954,3.782388541191816,-10.564977589310743,4.024023878759584,11.699906581235803,user,squat,heavy
1789072559354,7.396287478637695,-9.09751739578247,3.097198538097739,-0.18401177958376974,-2.3028396866916423,13.713896287267136,user,squat,heavy
1789072559371,7.7778621991813175,-9.312993791630863,2.9085040584519506,5.178523497090846,-3.9119306560827423,16.672826443270456,user,squat,heavy
1789072559388,7.583931280186772,-9.433152787449956,3.292175459013879,5.074471968388048,-2.673018010459762,15.90453944467074,user,squat,heavy
1789072559404,7.013064406365156,-9.541640634697675,3.9442967207208275,1.3157440562142786,1.4871383686473456,12.788374918879144,user,squat,heavy
1789072559421,7.037904833111167,-9.553163899230956,4.142416615837813,2.3231031504117774,-4.5167942797325,7.596919739255348,user,squat,heavy
1789072559438,7.447313316997885,-9.495702474865316,4.118624821361899,5.548502891599389,-10.017892243397416,8.303590747578731,user,squat,heavy
1789072559454,7.99962629699707,-9.418788746532798,4.250454673491418,5.440920581982518,-10.346249318877547,13.603160137801012,user,squat,heavy
1789072559471,8.245180435723066,-9.507073763707279,4.7792739651784295,-4.474290439414334,-5.624359826295197,23.562805381730207,user,squat,heavy
1789072559488,8.014588888329268,-9.594612930950522,5.071066707988083,-14.962898829841519,-0.2699451909764769,24.841357030201355,user,squat,heavy
1789072559504,7.706186371502279,-10.089014989250897,4.556015244890749,-17.597649424815813,8.509489361429704,27.54915137570706,user,squat,heavy
1789072559521,8.15225548378825,-11.302875230950116,3.659984689055383,-4.664513342233305,6.1728585944798935,30.53755721307357,user,squat,heavy
1789072559538,7.93528212738037,-11.90681318424642,4.021209864531457,8.283822472573423,-1.5362625832619583,25.014703816241695,user,squat,heavy
1789072559554,7.951891901397705,-12.539929885753988,4.855140230284631,17.795550740922348,-1.7507287089313603,20.94186201416309,user,squat,heavy
1789072559571,8.47278040008545,-12.74343761138916,5.658096196581423,32.05207994453761,-18.584651033470386,10.79756345979625,user,squat,heavy
1789072559588,9.031078299713133,-12.677148152923584,5.94091068316549,33.96450900647908,-25.155152996144665,6.083092406426178,user,squat,heavy
1789072559604,10.2860882979244,-12.753762021526693,6.74236998116374,17.87446845413997,-17.236101898837653,9.335594765127222,user,squat,heavy
1789072559621,11.115979617419839,-13.057227666473388,6.725162533514201,-4.43241924536804,-7.324895502728543,14.538206204986588,user,squat,heavy
1789072559638,10.911723119243979,-13.125311607140302,6.069300039452314,-5.606755440596312,-8.663918231016401,12.813951415999902,user,squat,heavy
1789072559654,9.711479899486898,-13.454066007122396,4.639512443266809,3.373580268344215,-12.105870827386559,1.0330030394363117,user,squat,heavy
1789072559671,8.835950279888511,-13.321187814983725,3.702631990648806,19.627187202719035,-14.346737219530914,-16.93131495240959,user,squat,heavy
1789072559688,9.055169369396566,-13.133392037743329,3.6469659252673385,21.728628089562275,-7.249555101088718,-24.587350832705045,user,squat,heavy
1789072559704,9.133131145477295,-12.406303505596517,4.008640305815637,17.32573447131573,1.5084099256002925,-31.45141261835918,user,squat,heavy
1789072559721,9.022398734173178,-11.99046060474813,4.09288598447144,14.765245108092397,4.309874125713788,-38.15052021291563,user,squat,heavy
1789072559738,8.501210960277914,-11.349562747845052,4.082860849541426,18.141218077080232,-3.9836741093509103,-49.28386174872523,user,squat,heavy
1789072559754,8.552687465015053,-10.575938089972734,3.949235930688679,21.264812141141512,-7.358513693823346,-51.50085236085216,user,squat,heavy
1789072559771,7.943960523876547,-9.977685781097412,4.249257864922285,16.010477386244933,-2.429691454061,-56.29394102600319,user,squat,heavy
1789072559788,7.450306069073081,-9.732429164013267,4.459349060600996,12.540290495393233,-3.36284662606354,-60.58171522088376,user,squat,heavy
1789072559804,6.751798319244385,-9.073276688495278,4.143464663586021,13.649298919418095,-6.707237654102882,-66.12797909109585,user,squat,heavy
1789072559821,6.313358971184492,-8.1914611204952,3.9041932583913206,17.80419263776971,-16.059989427538355,-69.61021443564346,user,squat,heavy
1789072559838,6.627449470520019,-7.6285250396728514,3.9327746252313256,15.924951465005325,-17.85771570765322,-66.64570743018282,user,squat,heavy
1789072559854,6.366632296210527,-6.7301020357429975,3.834463011822104,11.106231661220173,-16.88164240167067,-64.80679510937277,user,squat,heavy
1789072559871,5.791124318584799,-5.80324496448934,2.966265342546999,12.823289992142604,-14.791876015666277,-61.05133853764632,user,squat,heavy
1789072559888,5.462818831413984,-5.407303280419111,2.417842355723679,21.84206728639243,-16.459079088289492,-61.92370395881869,user,squat,heavy
1789072559904,4.276792353057861,-5.110872356414794,2.126199835039675,29.32749357895743,-18.959078588675897,-68.0200507742161,user,squat,heavy
1789072559921,4.264072572216391,-4.888061379894614,2.3259654515370727,29.559112123901734,-16.105645827045304,-68.72255622091943,user,squat,heavy
1789072559938,4.498105784496665,-4.736628709411621,2.4531574147328734,25.603090462292442,-10.117321868466231,-67.14832056063655,user,squat,heavy
1789072559954,4.233994244816899,-4.475959419140219,2.530070850804448,22.08434434153654,-1.6026901216434462,-65.43791141887112,user,squat,heavy
1789072559971,4.297889501622319,-4.20810752388835,2.4259236631095407,22.24161456981796,-1.8561024128470842,-64.79932288242078,user,squat,heavy
1789072559988,4.150498800006509,-3.9755724412113427,2.43939104744792,26.525370905919264,-12.905948941478098,-66.97434881228715,user,squat,heavy
1789072560004,3.890575944188237,-3.638886079186201,2.4589926967576146,25.974741545600345,-16.712511549895524,-67.72712445128177,user,squat,heavy
1789072560021,3.732708856743574,-3.3777690451472995,2.38537099570781,21.03975911553688,-15.939410975478241,-68.96992518208978,user,squat,heavy
1789072560038,3.711460317009687,-2.864811339458823,2.3751962231740356,15.028437910022376,-18.603355506512465,-67.1966851301494,user,squat,heavy
1789072560054,4.038418481224775,-2.3813325339719653,1.8706185155570505,16.391542177776405,-23.30558387268211,-64.98256319747388,user,squat,heavy
1789072560071,4.212149492755532,-2.1345807098940015,1.4890432104915379,19.3057892362295,-22.42830583794921,-61.71998673663389,user,squat,heavy
1789072560092,4.562000456780195,-1.708112662395835,1.277305124388635,20.428313750848172,-20.992999640478978,-56.89233389918801,user,squat,heavy
1789072560107,4.673929384392499,-1.6138412642881272,1.354817110875249,19.210996455833477,-20.4010203149248,-54.59690880972724,user,squat,heavy
1789072560121,4.827458150371909,-1.5664064361572265,1.3742699993640184,19.314420887793105,-19.44602326517362,-51.886706822539104,user,squat,heavy
1789072560138,5.082292158618569,-1.3573629959657787,1.2053300215020775,20.22258162285822,-17.45970692433824,-49.067877506791085,user,squat,heavy
1789072560154,5.409098347142338,-1.1662748991817236,1.454775614708662,20.709994167314083,-18.189524589985147,-46.17756343118972,user,squat,heavy
1789072560171,5.799502855351567,-1.0999857329770921,1.5994751775443552,18.844951250286865,-18.215096818237676,-41.12893348352641,user,squat,heavy
1789072560188,6.31425679680705,-0.9937427420467138,1.9042860996201634,15.129328341799926,-16.89926941237118,-36.87670700818118,user,squat,heavy
1789072560204,6.48065264314413,-1.0395315565362573,2.0284861875236033,12.332454669138915,-17.747607935590736,-33.69002760939837,user,squat,heavy
1789072560221,6.625504766193032,-1.0034697708129883,2.1992226934134957,9.765542366774833,-18.14056237891991,-31.166108786538576,user,squat,heavy
1789072560238,7.288698626056313,-0.8327332649230956,2.2878078625783322,6.437869080502742,-18.449285221857195,-26.318443494824557,user,squat,heavy
1789072560254,7.78294987770915,-0.8541311499997973,2.350955515886843,2.865335220032988,-16.670744943120894,-21.016145444028858,user,squat,heavy
1789072560271,7.8088365986377,-0.96426413410604,2.311749879179895,2.5792427148066603,-15.946447777870647,-19.169298150950553,user,squat,heavy
1789072560287,8.099134134453534,-1.2770073104858397,2.284066922484338,2.8969918661755276,-17.922324174559662,-17.271914288203323,user,squat,heavy
1789072560304,8.312516772893071,-1.3971660140439868,2.468869070866704,0.3997264958499619,-19.5818466994612,-14.589755350199967,user,squat,heavy
1789072560321,8.314313008660077,-1.4639043853208422,2.496252752354741,-2.889351445815222,-18.914649915672257,-13.608085557966238,user,squat,heavy
1789072560337,8.526049633458257,-1.4559735923215746,2.447471770311892,-6.370000052041265,-16.358803373537242,-11.366392712932312,user,squat,heavy
1789072560354,8.91944689374268,-1.353920600426942,2.0775667370349167,-5.464684090765462,-12.798332480915377,-8.375557035768571,user,squat,heavy
1789072560371,9.00818257729411,-1.3325230076111851,1.8456290357291698,0.3139283008584798,-12.06666468777704,-6.2292187541899,user,squat,heavy
1789072560388,9.133432174250483,-1.348534523474425,1.7073647666379808,4.171197379900433,-10.270079049253566,-4.865403719875366,user,squat,heavy
1789072560404,9.20076558881104,-1.4386154841549694,2.0329756078973413,5.442053966497917,-8.950950954470663,-2.9789502942342727,user,squat,heavy
1789072560421,9.285759747746587,-1.5183724730893968,2.2234642774835227,3.5547937247611157,-9.244761786902517,-1.3589456430448439,user,squat,heavy
1789072560437,9.436894896587729,-1.5966330859862268,2.420536417113244,1.8112568848606614,-9.092944610899703,0.7516587429827596,user,squat,heavy
1789072560454,9.485227842602134,-1.713200779315084,2.3199805319085716,1.6070701938921284,-9.209828784392485,2.6163769592201387,user,squat,heavy
1789072560471,9.290102745386958,-1.8071736328676342,2.2550378118768335,1.0218750604527742,-7.350264532853263,1.7431015220625719,user,squat,heavy
1789072560487,8.88802358147502,-1.9765629619322715,2.294541554747522,-0.010626163517793202,-5.624067408821356,-0.5597396053720984,user,squat,heavy
1789072560504,9.258228766742349,-1.893514237976074,2.1133307088553903,3.876790186576673,-5.6917383617969035,-0.011507054482473201,user,squat,heavy
1789072560521,9.288154533928632,-1.8607431643612682,2.087592456486821,5.581384276037476,-5.85254662806839,0.3461099644326114,user,squat,heavy
1789072560537,9.201814221081138,-1.9321205936156212,2.3895612870045007,6.495074903009361,-7.355881509671953,0.21522030128373315,user,squat,heavy
1789072560554,9.035416621178388,-1.8526628798887133,2.582294666777551,4.293628947659735,-6.961112370457671,-0.28833125980935786,user,squat,heavy
1789072560571,9.118464906743169,-1.7604861159726977,2.565984606359154,2.75748290450049,-6.117459357008744,0.018452683187608423,user,squat,heavy
1789072560587,9.294439897808433,-1.6282067665100097,2.563141345757246,1.6059171725828656,-7.323453479040024,0.20029166887262737,user,squat,heavy
1789072560604,9.311498000115156,-1.5813697581417858,2.6077327671557664,-0.6679672611438298,-7.309244978019105,1.169361576356681,user,squat,heavy
1789072560621,9.572166705864667,-1.5695485335752366,2.4872749345205722,-0.7656070031241305,-9.703854659512215,3.7316700110550585,user,squat,heavy
1789072560637,9.478044653099774,-1.776048280633241,2.110038827703148,0.39883806432975777,-10.465888619926783,3.5237110279522685,user,squat,heavy
1789072560654,9.333196037182212,-1.8133083362303672,2.0326756020374597,-0.608934202951674,-9.71795046241183,2.4010114897361166,user,squat,heavy
1789072560671,9.45455154930949,-2.0265419215880334,2.0190590184867383,-5.335106437587034,-8.651207248971007,1.3343736106189,user,squat,heavy
1789072560687,9.624389060533046,-2.0329757540278135,1.9729701981373131,-8.937004561959142,-5.770653086806761,1.64734664548893,user,squat,heavy
1789072560705,9.70429670998454,-2.0492869834899903,1.76392705020681,-9.272303670956946,-4.148500661288481,1.8758715416260399,user,squat,heavy
1789072560721,9.694272744098305,-1.9138650982178746,1.622220239446312,-10.271981256937414,-1.229814513483406,0.5226023727508582,user,squat,heavy
1789072560738,10.03005835789144,-1.792808130645752,1.6569360173881054,-11.860204290866832,-0.22085858242293901,2.0448739004674272,user,squat,heavy
1789072560754,10.22743152629435,-1.793556464795023,1.6379318955801427,-11.59227475274745,1.9150149288725598,4.105760325670303,user,squat,heavy
1789072560771,10.008061045616865,-2.1241056392394007,1.4667470614008604,-6.649240383426188,5.0347527108171315,3.673447344135754,user,squat,heavy
1789072560787,9.450212643322349,-2.514061380767822,1.5304918038196862,-2.381830184112605,6.2752311773073375,1.5198374724119585,user,squat,heavy
1789072560804,9.350853274425864,-2.614617704363912,1.734448296135664,-1.4413382150027079,10.971687179854676,1.6685106269624492,user,squat,heavy
1789072560821,9.274536342942714,-2.531268974547833,1.9855399029836058,-3.7820669887328204,15.0828010931738,1.7494127235773693,user,squat,heavy
1789072560838,8.953864711651205,-2.3837270278930665,2.2881080145686865,-4.677151753518767,13.123162617462842,-1.1348804335489295,user,squat,heavy
1789072560854,8.943838407677411,-2.139967079107463,2.30651300143972,-5.823253654265499,9.927107930270545,-0.7640277353219767,user,squat,heavy
1789072560871,9.868897489598393,-1.7693147345945237,2.4402879962876436,-7.808172367641966,6.072663988224038,7.589918795356086,user,squat,heavy
1789072560888,9.970652229198812,-1.6364368347167968,2.4664757459893822,-10.552420286521675,5.388291839993454,11.716429662611711,user,squat,heavy
1789072560904,9.64653717945516,-1.6344918381288647,2.502687607707828,-14.469701115158653,6.638653590212669,12.980298111914625,user,squat,heavy
1789072560921,9.40442353657186,-1.715594834844768,2.264464396391809,-14.952484498904541,6.235834646174704,14.869702606163987,user,squat,heavy
1789072560938,9.240421307373046,-1.6536454514101147,2.006939103234559,-14.952093470574559,6.068025436003953,15.543423928157582,user,squat,heavy
1789072560954,9.185354669189453,-1.635539301355183,2.00140265802592,-17.30735784735381,8.102478388788645,16.660219621609905,user,squat,heavy
1789072560971,9.376292836108803,-1.4083894188478587,2.0078361982047555,-21.740147203597502,10.182623599573429,22.286652837205022,user,squat,heavy
1789072560988,9.337235667961835,-1.202936112102866,1.7785909508533775,-22.593997689477256,11.739966494491574,26.585099202663734,user,squat,heavy
1789072561004,9.205404354527593,-1.0947481245845556,1.659928184941411,-22.453990764323045,12.676124174964569,31.277037888848756,user,squat,heavy
1789072561021,8.758286609971522,-1.0737991523191333,1.6267093675591051,-22.243392126549455,14.89037417368703,34.28265921801828,user,squat,heavy
1789072561038,8.224230586674809,-1.15879331125468,1.6422712399587034,-23.645384076342953,17.408116797989837,37.148777348484884,user,squat,heavy
1789072561053,8.25490746448934,-1.1417352089479564,1.6810273793324828,-24.983658898916694,16.625482987038513,41.61189274464343,user,squat,heavy
1789072561071,7.850439359614253,-1.1622358529239891,1.6542431250423193,-25.274578853782337,15.135548936586515,47.13778899075054,user,squat,heavy
1789072561088,7.280617026409506,-1.2535139144346117,1.4062924465686082,-26.12554699983235,16.201420447134517,51.859164084711026,user,squat,heavy
1789072561103,6.609042876213788,-1.2713207892820237,1.3637962438836693,-26.61027698749169,18.63184593308788,50.74152998553809,user,squat,heavy
1789072561121,5.264398784306645,-1.4049471694394946,1.1742051076591014,-28.14603989972718,22.226057106435963,47.30373526682517,user,squat,heavy
1789072561138,4.6607606907397505,-1.4013555746883153,0.8869006161794066,-29.995523645825113,26.14084662357318,45.95184275459372,user,squat,heavy
1789072561154,4.38677423825562,-1.413027307781577,0.7252922963798045,-32.147849441984945,30.30231866786916,43.59150354726115,user,squat,heavy
1789072561171,3.8618461087882516,-1.4933824087396264,0.47225481616109605,-30.045855309818936,29.320390182220617,39.11724811256631,user,squat,heavy
1789072561188,3.9330730236560103,-1.4773714773982762,0.3360848890006542,-26.184788645598456,25.87130857590426,37.98097101205382,user,squat,heavy
1789072561204,4.103959751671552,-1.580023458099365,0.39130087252706286,-26.039204870986925,25.325552555558144,38.63217149280659,user,squat,heavy
1789072561221,4.289060298478603,-1.9834455610528587,0.7149664249375463,-29.957920039349606,22.91323902373636,42.85532868304425,user,squat,heavy
1789072561238,4.216037732365727,-2.5908248869746924,1.0992366681754588,-35.089178200497145,22.794969175615712,43.31942637676828,user,squat,heavy
1789072561254,3.7389942206233737,-2.973448239788413,1.2449842787593601,-37.55962005725032,22.976005047114192,38.527130013560964,user,squat,heavy
1789072561271,3.674499828881025,-3.714752344292402,1.260546297289431,-32.536640885015,18.101491989320145,32.641709685017304,user,squat,heavy
1789072561288,4.270057491844892,-4.432564514049887,1.3344634741544723,-23.996816092160326,13.296459030858053,27.855352171293315,user,squat,heavy
1789072561304,4.608686804631352,-4.649987952312827,1.5339333225756884,-21.318683550672695,10.88204521586649,26.796681387677804,user,squat,heavy
1789072561321,4.971707631352544,-5.3854567747920745,2.0756220327079293,-18.58218533518001,5.428080253229717,22.03059246031583,user,squat,heavy
1789072561338,4.761020223346352,-5.960514670562744,2.4961039915338157,-16.088216891830726,5.414573554146017,11.752192533105896,user,squat,heavy
1789072561354,5.033658183830976,-6.151002755627036,2.6969170712575314,-15.545093909409651,7.043661609879622,7.324418243260289,user,squat,heavy
1789072561371,6.204871123936772,-6.3690247443050145,3.2848435086905954,-16.352420561757864,4.589529391090789,8.024095137873578,user,squat,heavy
1789072561388,7.158812016949057,-6.205770703124999,3.6185356573358174,-17.52175577785322,2.187829759795794,14.80283334664227,user,squat,heavy
1789072561404,7.398530873650312,-5.997324352043867,3.7963042538195846,-21.429737303935223,-2.690353244016666,20.322789035718767,user,squat,heavy
1789072561421,7.651269370922446,-5.651811709484457,4.470571880882978,-29.52385810250071,-6.81946022348713,25.020159429841243,user,squat,heavy
1789072561438,8.505400228661298,-5.283104653820395,4.586390801671147,-46.25324875738263,-4.623571907687779,40.927907355874595,user,squat,heavy
1789072561454,9.061752839440107,-5.220555550926924,4.306270230346173,-51.92221014584483,-3.8309835229079825,54.541031032127364,user,squat,heavy
1789072561471,9.19328487766683,-5.523871558269858,3.0353982077449557,-46.47192409384976,-4.16269422127059,63.486219014485826,user,squat,heavy
1789072561488,8.833107165417074,-6.53138095986247,1.694046435381472,-29.843965163237115,-2.4548895160130577,69.05756333933022,user,squat,heavy
1789072561504,8.739134750255943,-7.302464116558432,1.407190710582584,-15.874035819837465,-2.54616837752452,72.03849011955556,user,squat,heavy
1789072561521,8.071002849468588,-8.78537218529582,1.6771369477652012,-9.523868075824979,1.1005817848580641,71.15917839599729,user,squat,heavy
1789072561538,7.542481663945317,-9.677062666100262,2.5689770661734044,-9.994807911550065,5.831017018030864,64.36635719093367,user,squat,heavy
1789072561554,7.439682383728027,-9.937582903289794,2.7843058702446517,-11.384378308564248,8.567802955242335,59.338818867427364,user,squat,heavy
1789072561571,7.9361793684810396,-9.847201790618897,3.042431175121665,-10.039560164765636,9.337899100198456,58.184721803370316,user,squat,heavy
1789072561588,7.614759549170732,-9.78704864295125,2.999186053765565,-6.229618320256346,11.670619583848435,52.02380920974877,user,squat,heavy
1789072561604,7.2321344427913425,-9.649230656322837,2.961925852037966,0.12187792223013397,12.098482270251898,44.258854010306415,user,squat,heavy
1789072561620,7.278373046874999,-9.331849883270262,2.744202992437035,10.600736190936699,6.473912842526546,37.91128259195218,user,squat,heavy
1789072561638,7.988403476715088,-8.903287786102295,3.02133241912201,17.799694958201254,0.05252137995304774,36.305214835042456,user,squat,heavy
1789072561654,8.443301792144775,-8.808866458129883,3.0475184152580796,14.817601923175129,2.344347386608044,41.49682796279081,user,squat,heavy
1789072561671,8.659526960533857,-9.09826499927938,3.198203628374636,10.091238229799597,4.848025157305915,45.301987821107446,user,squat,heavy
1789072561688,7.968352037811279,-9.36536870651245,3.0898658571220934,8.195150395447378,7.872728754355987,40.27900864887212,user,squat,heavy
1789072561704,6.853402252197265,-10.05564580361247,2.804955421172082,17.05599151797171,2.937202043593039,28.061195289857285,user,squat,heavy
1789072561720,6.788759391894936,-10.401160784259439,2.6297297871693965,25.602129113166765,-1.6927901351928463,20.67227615516998,user,squat,heavy
1789072561738,6.937947498321533,-10.519823404040933,2.9988864862971005,25.903246540463236,-3.205694431988713,14.400764015865715,user,squat,heavy
1789072561754,7.178564765167236,-10.491841756659745,3.54012613748759,19.705681444208114,-1.8571395343838684,11.388880257000933,user,squat,heavy
1789072561771,7.344512283214926,-10.231920069885254,3.510795705845952,13.42620188923703,1.1819228278488634,8.906550455997348,user,squat,heavy
1789072561788,7.288698041534423,-10.060435960498452,3.46366073744446,7.618070273793939,2.2685660108799297,6.097892145697126,user,squat,heavy
1789072561804,7.336881934466958,-9.856330268970131,3.553742867168784,-0.4958328870420213,0.10669405818954522,3.464604064978859,user,squat,heavy
1789072561821,7.660546317833662,-9.635313774651289,3.2617993177115916,-2.9842319514533964,-1.2979650738047355,5.432999696979419,user,squat,heavy
1789072561838,7.9075985861629245,-9.654916885265708,2.8188717183217404,-0.9170059367619852,-0.3133956528249246,8.479893297982393,user,squat,heavy
1789072561854,8.284836154285072,-9.816975579181314,2.4310116338983176,6.8440655530852785,-4.645638541348798,10.955720758896126,user,squat,heavy
1789072561871,8.137442530059815,-10.49528283702433,2.6176094335258004,12.857981376710743,-4.460229641234217,8.12130922033037,user,squat,heavy
1789072561888,8.081028568920493,-10.886135089001058,2.9539944745168087,15.092100395728773,-2.4465229611666155,5.625669515068546,user,squat,heavy
1789072561904,8.576628312572836,-11.627438608983159,3.782239195849001,15.64263413339931,-9.5743141454874,4.0548293125768105,user,squat,heavy
1789072561921,8.2234829831779,-12.53992871671021,4.668841413603722,9.0435307535756,-13.285613544229719,-1.221397479270129,user,squat,heavy
1789072561937,8.10152950515747,-12.71111647349894,5.1841936132133,-6.432518481061684,-6.584709609921554,-2.3216015760114326,user,squat,heavy
1789072561954,8.5868036696285,-12.623576137211918,5.242851846148073,-21.882916940270984,3.0223787714113293,-0.1714709386178181,user,squat,heavy
1789072561971,8.31296685474813,-11.992404724553227,4.59432130240947,-18.285871238417347,-8.999502500412053,0.26978270717942465,user,squat,heavy
1789072561987,8.278249761632084,-11.414354076707362,4.167106235936283,-3.914144918034296,-28.852078261778694,0.021727065203541958,user,squat,heavy
1789072562004,8.7843247220695,-10.571296986168623,3.879353270036727,4.9033548122248956,-39.66763841626428,0.8246295492282668,user,squat,heavy
1789072562021,8.744221844261885,-10.334270437291265,4.114883442876487,0.09349873302267561,-31.38153295296078,1.2835801618041598,user,squat,heavy
1789072562038,8.700677301567792,-10.403851923039555,4.216486499046534,-11.963317949219222,-18.30381414536697,5.353533007307259,user,squat,heavy
1789072562054,9.09212985752523,-10.488248700603842,3.985596845488995,-24.803066989714264,-15.890590490838283,17.516073060463768,user,squat,heavy
1789072562071,8.36309545200765,-11.122562502941488,3.8634918301686643,-31.249143396278424,-24.66764312149313,16.050877955185555,user,squat,heavy
1789072562088,7.199664251819253,-11.390265345111489,3.687369685717672,-27.732381445476406,-34.91256316893895,6.56234586303164,user,squat,heavy
1789072562104,6.79953213032186,-11.547234022411704,2.4773988526724278,-12.400337357978733,-46.88004155713636,-2.4947735518977012,user,squat,heavy
1789072562121,7.099405303734541,-11.240326128056644,2.193985377281904,-9.789247392063007,-37.02256228281222,-6.139485436421565,user,squat,heavy
1789072562138,6.81823799983561,-11.136031640845536,2.0552713185966014,-11.378886836471558,-23.00337873776031,-7.551545085051662,user,squat,heavy
1789072562154,7.316680273437499,-10.607959952655435,1.8769040255673228,-11.336864097603055,-16.237784374275662,-4.3013620024606585,user,squat,heavy
1789072562171,7.153574700817465,-9.913191389355063,1.7503097360037265,-10.207347176821584,-17.41356045875834,-3.744221764315426,user,squat,heavy
1789072562188,6.670994013214111,-9.635764441028236,1.9057839369624852,-11.350728527844534,-13.357354436176948,-5.023969976551797,user,squat,heavy
1789072562204,6.7095999304622405,-8.928127043804526,1.522262027873844,-8.796130202780338,-14.675475931830919,-1.4879989724827674,user,squat,heavy
1789072562221,6.685657329338788,-8.529342829784751,1.5333355028130113,-8.649168437503757,-15.395128568445559,2.1645437239245164,user,squat,heavy
1789072562238,6.299143983349204,-8.506747551617027,1.8631370737604795,-12.685366274685244,-17.000969221565377,1.4104195494556468,user,squat,heavy
1789072562254,6.112694944542646,-8.125469768193364,2.0459936410330233,-11.419190928990156,-24.793045394654563,0.7382192785737016,user,squat,heavy
1789072562271,5.42047138954997,-8.518568337792157,1.7507590872064231,-7.926377328965499,-28.30513037342241,-5.160462342491217,user,squat,heavy
1789072562288,4.891652682384849,-8.359953062328696,1.7518061120413242,-1.6207292915716847,-36.299737023328106,-15.608327800745629,user,squat,heavy
1789072562304,3.9969694495052095,-8.515276895031333,1.6689076102107763,-1.5496275559203807,-36.68952567397698,-26.761492253073897,user,squat,heavy
1789072562321,3.9713820037841794,-8.121580944061279,1.4381654022999106,-3.799521964043611,-38.42872406309401,-39.43646724871061,user,squat,heavy
1789072562338,3.9308296286433935,-7.675061749920249,1.194405964970961,-4.512300015258632,-35.17079213088962,-47.82170266253309,user,squat,heavy
1789072562354,3.9947243009269235,-6.980891737034916,0.38696218573562796,-3.1256271125564155,-31.271942567727926,-51.81953532714662,user,squat,heavy
1789072562371,4.3251252990722655,-6.05239215927124,0.02618548467941582,4.115155250873656,-29.391936413776502,-54.062535299632955,user,squat,heavy
1789072562388,4.318091162651777,-5.611408971947431,-0.4236250060919672,15.505984246222157,-28.99468578145939,-56.159328242746,user,squat,heavy
1789072562404,4.188056084984541,-5.092166486901045,-0.543784001911059,24.012306961197915,-31.397778557901656,-60.279124180273854,user,squat,heavy
1789072562421,4.18805666950643,-4.67363069370687,0.24076595460139213,22.780871665168807,-29.493422779559136,-62.87635825368456,user,squat,heavy
1789072562438,4.447826380589604,-4.558258932164311,0.49963915523625907,17.55563180858919,-26.350666619781386,-62.11602842546791,user,squat,heavy
1789072562454,4.560804524993896,-4.554819020843506,0.659451823790744,10.630599485535287,-22.226979181973913,-62.616558348224785,user,squat,heavy
1789072562471,4.512621216583252,-4.599261389160156,0.4174876723807305,8.508396531162502,-20.70403141216866,-64.66915996740785,user,squat,heavy
1789072562488,4.555864730504155,-4.522945042198896,-0.0926269188363105,11.85100061096024,-14.705059188673538,-64.25664386229576,user,squat,heavy
1789072562504,4.942528298619389,-4.551824515202641,-0.48512679188959296,16.11885029025823,-13.829995842779013,-64.02419203427272,user,squat,heavy
1789072562521,4.798278817638755,-4.666448673248291,0.07077727140411734,18.931619520665155,-17.62560197399409,-67.50047828405323,user,squat,heavy
1789072562538,4.649540208545327,-4.599710301971435,0.19243286245651542,18.705456589320402,-16.81186348156253,-70.34528622430939,user,squat,heavy
1789072562554,5.023185305133461,-4.4954128921508785,0.5717638226613402,16.92492360289375,-15.939091664134544,-70.07955771465005,user,squat,heavy
1789072562571,5.147833429065346,-4.075979273334145,0.7700341590996831,13.032157176961594,-10.462333506463791,-70.9105868309655,user,squat,heavy
1789072562588,5.2367169966548675,-3.770418701934814,0.7606066978018731,14.891890475682773,-16.366036543868287,-72.78828779607204,user,squat,heavy
1789072562604,5.632208598870038,-3.2873873479545113,0.8503896984491497,16.31627520067016,-20.981550535882743,-74.99662455852057,user,squat,heavy
1789072562621,6.504446775707602,-2.87947582462728,0.6955149246882647,13.72187907085959,-19.560328188481073,-68.08983481696612,user,squat,heavy
1789072562638,7.133821952599287,-2.7415099539607763,0.4987416218746453,13.281541897710746,-17.432302497840855,-59.39943679631123,user,squat,heavy
1789072562654,7.155220714458823,-2.6919801993772388,0.15008549365773796,11.402223885318199,-11.208105640238205,-53.849891020202946,user,squat,heavy
1789072562671,6.481102724999189,-3.0769977538511157,0.12045732117854058,10.90245808997472,-7.950661212785833,-55.66407122602837,user,squat,heavy
1789072562688,6.3396957739681,-3.167378866522014,0.14963643471598626,14.237128905051488,-11.621483202959363,-57.946122805094255,user,squat,heavy
1789072562704,6.986278690770268,-3.111413818193972,-0.06060465429481118,17.03258787478066,-12.530343178640756,-56.801741685131546,user,squat,heavy
1789072562721,7.80255065023601,-2.908804502703249,0.04070003998316824,16.575072775869234,-10.953958570090261,-48.82417635720503,user,squat,heavy
1789072562738,8.116493850055337,-2.7723358848571777,0.05880724948402494,15.790886804429022,-10.489820749004862,-42.69194031281379,user,squat,heavy
1789072562754,8.17245597577393,-2.590226336559653,0.03217113496027887,14.900124268727224,-6.960661151085627,-39.81163246434649,user,squat,heavy
1789072562770,8.041374019402266,-2.625391465704143,-0.05506777069475501,15.600315988849204,-6.035611492637188,-38.982129895310536,user,squat,heavy
1789072562787,8.299499470409751,-2.5426418708249927,0.07481759630348533,19.13695549768325,-9.109362678117122,-36.75536186738673,user,squat,heavy
1789072562803,8.232161964195965,-2.6578625334590673,0.2418134908929467,17.36374618159414,-6.814145055652391,-36.25090800095168,user,squat,heavy
1789072562820,8.411130291858315,-2.6182094452455638,0.4329008204920217,13.850337853674604,-8.408741509851078,-32.45487327536619,user,squat,heavy
1789072562838,8.866775626263022,-2.578255620519817,0.6286265870140865,6.951319586735165,-6.633081009623584,-27.02064329056252,user,squat,heavy
1789072562854,8.894757858166098,-2.477699150793254,0.5168477353969588,2.3438517710063955,-4.159020860157593,-24.43495052930184,user,squat,heavy
1789072562871,8.725815834477544,-2.4334064200803636,0.4083599246818572,1.7357934330940696,-3.5424549880254874,-24.940355499578814,user,squat,heavy
1789072562888,8.891616637530923,-2.3671169616147876,-0.17193422777447848,10.304779825331815,-4.754654336917725,-22.71929750980114,user,squat,heavy
1789072562904,9.216029208916424,-2.115725787298381,-0.644489707382582,18.36902708401496,-3.2995527571289127,-19.952855744987122,user,squat,heavy
1789072562921,9.301023952373862,-2.111835501861572,-0.5783503979774192,19.469983568782023,-0.5502465495602799,-15.893150104229745,user,squat,heavy
1789072562938,9.37778804310262,-2.0177134490966795,0.19542568759694695,11.58720931370424,3.549492430748128,-11.391158125089133,user,squat,heavy
1789072562954,9.365068262261152,-2.189197850744426,0.5192416813287883,4.623037445385226,5.242089079488393,-10.500777226207209,user,squat,heavy
1789072562971,9.397240347069502,-2.1296414999261497,0.4973946277124807,4.302297738376951,4.430062403217563,-10.143920332641553,user,squat,heavy
1789072562988,9.514705866020917,-2.345269579204917,-0.08858604594767093,13.750339615357387,5.202269076627218,-11.202397309639368,user,squat,heavy
1789072563004,9.469515894207358,-2.625391173443198,0.0662890200741589,18.975889391770593,4.377375177733731,-13.21977393572538,user,squat,heavy
1789072563021,9.579349310845137,-2.7762261702939868,0.5683227422967553,18.948811106806076,2.450911357708349,-14.820164951661177,user,squat,heavy
1789072563038,9.791685070580243,-2.9631238296508786,1.3853436934988945,14.403296308500495,-2.405244926361055,-15.618282801460921,user,squat,heavy
1789072563054,9.82475556553304,-2.992303162384033,1.654991313061118,10.599920837104529,-6.381288647192003,-19.194057586691848,user,squat,heavy
1789072563071,9.660602529686688,-2.9311005056634545,1.5584747663751244,5.188323111002521,-7.5992633479143095,-22.050890074981815,user,squat,heavy
1789072563088,10.038587701305746,-2.5471309989377855,1.2183479815725236,-0.11899624941104972,-6.120384812407624,-20.992637640452966,user,squat,heavy
1789072563104,10.295516051483153,-2.0953756577089426,0.5196909594662488,-2.085865067327847,-4.445102906656754,-17.1105903426495,user,squat,heavy
1789072563121,10.340856245422362,-1.9557637734010815,0.10235117112360895,-1.4981522621274028,-0.03853909226279902,-14.387583458314882,user,squat,heavy
1789072563138,9.975589685600996,-1.7862237838193773,-0.45804136269576845,3.682374828267784,2.656324601241428,-12.07964290097371,user,squat,heavy
1789072563154,9.68514426574707,-1.913117348590493,-0.5922660740725696,6.197603089182381,6.507978837898808,-11.631019000814348,user,squat,heavy
1789072563171,9.4425811255306,-2.0026000511169433,-0.4643260689884424,8.18682268730184,5.515892153407163,-12.574437172375067,user,squat,heavy
1789072563188,9.315838075146079,-2.375496959686279,-0.004489712634682655,7.887814934685253,7.886932986508675,-13.981285386668443,user,squat,heavy
1789072563204,9.53176455284953,-2.581248372595012,0.36930429090484973,7.797717909343615,6.002602042152163,-11.771409270335727,user,squat,heavy
1789072563221,9.765497320878506,-2.5855878631040454,0.6037864159964025,7.392758554774497,4.688523164713192,-9.401878335927613,user,squat,heavy
1789072563238,9.323020680126547,-2.5938180774413047,1.0316007635369897,5.13421563305815,1.7207743807177405,-10.973588533764879,user,squat,heavy
1789072563254,9.312845323070883,-2.318185465185344,1.350328348088637,5.0385430389196655,-1.43442264846807,-12.627580312985996,user,squat,heavy
1789072563271,9.217226894268393,-2.1809679286681116,1.396267457769066,2.171538691408256,-2.156056573550541,-13.096909931614253,user,squat,heavy
1789072563288,9.758467276111245,-1.8758571468628942,1.5480004263728857,-3.971012219290176,-2.3252755774546645,-6.437068240822558,user,squat,heavy
1789072563304,10.128069234788418,-1.6584328318171202,1.3157619154896587,-7.503035374018938,-2.1311509290723243,-2.4842599697743473,user,squat,heavy
1789072563326,10.031406265369057,-1.4998178486146032,0.8261486989010125,-6.596466499917262,-2.5966603375204276,1.9539967394565265,user,squat,heavy
1789072563338,10.1448292309314,-1.466298440850526,0.5211868240471929,-2.464733312710927,-2.278016217926877,7.906137770907458,user,squat,heavy
1789072563354,10.184933862304687,-1.5402200016297398,0.19991510797068476,1.3310888232366527,-0.985901948198198,12.886652803299166,user,squat,heavy
1789072563371,9.861266556328534,-1.6841709380552172,0.26919680705480276,0.2855196231096927,4.16816776411671,11.879646424339274,user,squat,heavy
1789072563388,8.92588189522624,-2.1483469310484824,0.6037867813225836,-0.34178119864398354,5.38473501898317,7.087037153090611,user,squat,heavy
1789072563404,8.728210620659588,-2.466476330511272,0.348803646928817,3.505209966481408,7.1492439547301485,0.5396921997453177,user,squat,heavy
1789072563420,8.948775864079595,-2.4112600547239182,0.2738361572932452,9.563172399403816,5.240278652471516,-0.3847575493144971,user,squat,heavy
1789072563438,9.343370809715985,-2.4688706783019003,0.4777914075002074,11.724228884870218,5.339262607696987,1.3079456877294167,user,squat,heavy
